run_date,race_id,model_name,lane_name,horse,horse_id,source_path,source_field,rank,score,sp_dec,result_position,win,frame,policy_decision,stake_authorised,promotion_eligible,dashboard_visible,learning_class,match_kind
2026-07-06,922460,MAIN_VELO_PRIME,MAIN_VELO_PRIME,Cezarro,7588038,data/runner_snapshots_2026_07_06_report_only.jsonl,velo_prime_prob,1,0.3299,26.0,8,False,False,,False,False,True,RUNTIME_RACEDAY_MODEL_SUGGESTION,ID_MATCH
2026-07-06,922460,MAIN_VELO_PRIME,MAIN_VELO_PRIME,Sapphire Dream,7441083,data/runner_snapshots_2026_07_06_report_only.jsonl,velo_prime_prob,2,0.2717,4.5,2,False,True,,False,False,True,RUNTIME_RACEDAY_MODEL_SUGGESTION,ID_MATCH
2026-07-06,922460,MAIN_VELO_PRIME,MAIN_VELO_PRIME,Heart Sign,8001141,data/runner_snapshots_2026_07_06_report_only.jsonl,velo_prime_prob,3,0.0831,2.62,6,False,False,,False,False,True,RUNTIME_RACEDAY_MODEL_SUGGESTION,ID_MATCH
2026-07-06,922460,MAIN_VELO_PRIME,MAIN_VELO_PRIME,Marinakis,4612990,data/runner_snapshots_2026_07_06_report_only.jsonl,velo_prime_prob,4,0.0722,26.0,4,False,False,,False,False,True,RUNTIME_RACEDAY_MODEL_SUGGESTION,ID_MATCH
2026-07-06,922460,MAIN_VELO_PRIME,MAIN_VELO_PRIME,Mister Daydream,5132133,data/runner_snapshots_2026_07_06_report_only.jsonl,velo_prime_prob,5,0.0539,5.0,1,True,True,,False,False,True,RUNTIME_RACEDAY_MODEL_SUGGESTION,ID_MATCH
2026-07-06,922460,MAIN_VELO_PRIME,MAIN_VELO_PRIME,Douglas Dc,4042162,data/runner_snapshots_2026_07_06_report_only.jsonl,velo_prime_prob,6,0.0529,,,False,False,,False,False,True,RUNTIME_RACEDAY_MODEL_SUGGESTION,NO_RESULT_MATCH
2026-07-06,922460,MAIN_VELO_PRIME,MAIN_VELO_PRIME,Moonlit Cloud,3483763,data/runner_snapshots_2026_07_06_report_only.jsonl,velo_prime_prob,7,0.0528,15.0,3,False,True,,False,False,True,RUNTIME_RACEDAY_MODEL_SUGGESTION,ID_MATCH
2026-07-06,922460,MAIN_VELO_PRIME,MAIN_VELO_PRIME,Maryland Star,7861448,data/runner_snapshots_2026_07_06_report_only.jsonl,velo_prime_prob,8,0.0439,19.0,5,False,False,,False,False,True,RUNTIME_RACEDAY_MODEL_SUGGESTION,ID_MATCH
2026-07-06,922460,MAIN_VELO_PRIME,MAIN_VELO_PRIME,Lunar Power,3217659,data/runner_snapshots_2026_07_06_report_only.jsonl,velo_prime_prob,9,0.0199,34.0,7,False,False,,False,False,True,RUNTIME_RACEDAY_MODEL_SUGGESTION,ID_MATCH
2026-07-06,922460,MAIN_VELO_PRIME,MAIN_VELO_PRIME,Premier Cru,8660978,data/runner_snapshots_2026_07_06_report_only.jsonl,velo_prime_prob,10,0.0197,6.5,9,False,False,,False,False,True,RUNTIME_RACEDAY_MODEL_SUGGESTION,ID_MATCH
2026-07-06,922460,OLD_VELO_LONGSHOT,OLD_VELO_LONGSHOT,Cezarro,7588038,data/velo_prime_verdicts_2026_07_06.json,top.longshot_prob,1,0.073,26.0,8,False,False,,False,False,True,RUNTIME_RACEDAY_MODEL_SUGGESTION,ID_MATCH
2026-07-06,922460,OLD_VELO_PLACE,OLD_VELO_PLACE,Cezarro,7588038,data/velo_prime_verdicts_2026_07_06.json,top.place_prob,1,0.3143,26.0,8,False,False,,False,False,True,RUNTIME_RACEDAY_MODEL_SUGGESTION,ID_MATCH
2026-07-06,922460,OLD_VELO_WIN,OLD_VELO_WIN,Cezarro,7588038,data/velo_prime_verdicts_2026_07_06.json,top.velo_prime_prob,1,0.3299,26.0,8,False,False,,False,False,True,RUNTIME_RACEDAY_MODEL_SUGGESTION,ID_MATCH
2026-07-06,922460,SQPE_NO_RPR_SHADOW,SQPE_NO_RPR_SHADOW,Mister Daydream,5132133,data/runner_snapshots_2026_07_06_report_only.jsonl,sqpe_no_rpr_shadow_prob,1,0.1167,5.0,1,True,True,,False,False,True,RUNTIME_RACEDAY_MODEL_SUGGESTION,ID_MATCH
2026-07-06,922460,SQPE_NO_RPR_SHADOW,SQPE_NO_RPR_SHADOW,Heart Sign,8001141,data/runner_snapshots_2026_07_06_report_only.jsonl,sqpe_no_rpr_shadow_prob,2,0.1145,2.62,6,False,False,,False,False,True,RUNTIME_RACEDAY_MODEL_SUGGESTION,ID_MATCH
2026-07-06,922460,SQPE_NO_RPR_SHADOW,SQPE_NO_RPR_SHADOW,Premier Cru,8660978,data/runner_snapshots_2026_07_06_report_only.jsonl,sqpe_no_rpr_shadow_prob,3,0.0982,6.5,9,False,False,,False,False,True,RUNTIME_RACEDAY_MODEL_SUGGESTION,ID_MATCH
2026-07-06,922460,SQPE_NO_RPR_SHADOW,SQPE_NO_RPR_SHADOW,Lunar Power,3217659,data/runner_snapshots_2026_07_06_report_only.jsonl,sqpe_no_rpr_shadow_prob,4,0.0889,34.0,7,False,False,,False,False,True,RUNTIME_RACEDAY_MODEL_SUGGESTION,ID_MATCH
2026-07-06,922460,SQPE_NO_RPR_SHADOW,SQPE_NO_RPR_SHADOW,Maryland Star,7861448,data/runner_snapshots_2026_07_06_report_only.jsonl,sqpe_no_rpr_shadow_prob,5,0.0834,19.0,5,False,False,,False,False,True,RUNTIME_RACEDAY_MODEL_SUGGESTION,ID_MATCH
2026-07-06,922460,SQPE_NO_RPR_SHADOW,SQPE_NO_RPR_SHADOW,Cezarro,7588038,data/runner_snapshots_2026_07_06_report_only.jsonl,sqpe_no_rpr_shadow_prob,6,0.0831,26.0,8,False,False,,False,False,True,RUNTIME_RACEDAY_MODEL_SUGGESTION,ID_MATCH
2026-07-06,922460,SQPE_NO_RPR_SHADOW,SQPE_NO_RPR_SHADOW,Moonlit Cloud,3483763,data/runner_snapshots_2026_07_06_report_only.jsonl,sqpe_no_rpr_shadow_prob,7,0.0758,15.0,3,False,True,,False,False,True,RUNTIME_RACEDAY_MODEL_SUGGESTION,ID_MATCH
2026-07-06,922460,SQPE_NO_RPR_SHADOW,SQPE_NO_RPR_SHADOW,Sapphire Dream,7441083,data/runner_snapshots_2026_07_06_report_only.jsonl,sqpe_no_rpr_shadow_prob,8,0.0677,4.5,2,False,True,,False,False,True,RUNTIME_RACEDAY_MODEL_SUGGESTION,ID_MATCH
2026-07-06,922460,SQPE_NO_RPR_SHADOW,SQPE_NO_RPR_SHADOW,Marinakis,4612990,data/runner_snapshots_2026_07_06_report_only.jsonl,sqpe_no_rpr_shadow_prob,9,0.0655,26.0,4,False,False,,False,False,True,RUNTIME_RACEDAY_MODEL_SUGGESTION,ID_MATCH
2026-07-06,922460,SQPE_NO_RPR_SHADOW,SQPE_NO_RPR_SHADOW,Douglas Dc,4042162,data/runner_snapshots_2026_07_06_report_only.jsonl,sqpe_no_rpr_shadow_prob,10,0.0585,,,False,False,,False,False,True,RUNTIME_RACEDAY_MODEL_SUGGESTION,NO_RESULT_MATCH
2026-07-06,922296,MAIN_VELO_PRIME,MAIN_VELO_PRIME,Ten Clarets,9308779,data/runner_snapshots_2026_07_06_report_only.jsonl,velo_prime_prob,1,0.5447,,,False,False,,False,False,True,RUNTIME_RACEDAY_MODEL_SUGGESTION,NO_RESULT_MATCH
2026-07-06,922296,MAIN_VELO_PRIME,MAIN_VELO_PRIME,Redline,9372904,data/runner_snapshots_2026_07_06_report_only.jsonl,velo_prime_prob,2,0.2146,,,False,False,,False,False,True,RUNTIME_RACEDAY_MODEL_SUGGESTION,NO_RESULT_MATCH
2026-07-06,922296,MAIN_VELO_PRIME,MAIN_VELO_PRIME,Don't Stop Movin,9254373,data/runner_snapshots_2026_07_06_report_only.jsonl,velo_prime_prob,3,0.0959,,,False,False,,False,False,True,RUNTIME_RACEDAY_MODEL_SUGGESTION,NO_RESULT_MATCH
2026-07-06,922296,MAIN_VELO_PRIME,MAIN_VELO_PRIME,Too Many Spirits,9004865,data/runner_snapshots_2026_07_06_report_only.jsonl,velo_prime_prob,4,0.0569,,,False,False,,False,False,True,RUNTIME_RACEDAY_MODEL_SUGGESTION,NO_RESULT_MATCH
2026-07-06,922296,MAIN_VELO_PRIME,MAIN_VELO_PRIME,Aurora Valkyrie,9254246,data/runner_snapshots_2026_07_06_report_only.jsonl,velo_prime_prob,5,0.0244,,,False,False,,False,False,True,RUNTIME_RACEDAY_MODEL_SUGGESTION,NO_RESULT_MATCH
2026-07-06,922296,MAIN_VELO_PRIME,MAIN_VELO_PRIME,Dreamlighter,9490310,data/runner_snapshots_2026_07_06_report_only.jsonl,velo_prime_prob,6,0.0216,,,False,False,,False,False,True,RUNTIME_RACEDAY_MODEL_SUGGESTION,NO_RESULT_MATCH
2026-07-06,922296,MAIN_VELO_PRIME,MAIN_VELO_PRIME,Thai Paddy,9481214,data/runner_snapshots_2026_07_06_report_only.jsonl,velo_prime_prob,7,0.0128,,,False,False,,False,False,True,RUNTIME_RACEDAY_MODEL_SUGGESTION,NO_RESULT_MATCH
2026-07-06,922296,MAIN_VELO_PRIME,MAIN_VELO_PRIME,Threeoclockflyer,9490309,data/runner_snapshots_2026_07_06_report_only.jsonl,velo_prime_prob,8,0.0114,,,False,False,,False,False,True,RUNTIME_RACEDAY_MODEL_SUGGESTION,NO_RESULT_MATCH
2026-07-06,922296,MAIN_VELO_PRIME,MAIN_VELO_PRIME,The Resdev Rocket,9222243,data/runner_snapshots_2026_07_06_report_only.jsonl,velo_prime_prob,9,0.0108,,,False,False,,False,False,True,RUNTIME_RACEDAY_MODEL_SUGGESTION,NO_RESULT_MATCH
2026-07-06,922296,MAIN_VELO_PRIME,MAIN_VELO_PRIME,Sara's Silver Girl,9490311,data/runner_snapshots_2026_07_06_report_only.jsonl,velo_prime_prob,10,0.0069,,,False,False,,False,False,True,RUNTIME_RACEDAY_MODEL_SUGGESTION,NO_RESULT_MATCH
2026-07-06,922296,OLD_VELO_LONGSHOT,OLD_VELO_LONGSHOT,Ten Clarets,9308779,data/velo_prime_verdicts_2026_07_06.json,top.longshot_prob,1,0.0347,,,False,False,,False,False,True,RUNTIME_RACEDAY_MODEL_SUGGESTION,NO_RESULT_MATCH
2026-07-06,922296,OLD_VELO_PLACE,OLD_VELO_PLACE,Ten Clarets,9308779,data/velo_prime_verdicts_2026_07_06.json,top.place_prob,1,0.4201,,,False,False,,False,False,True,RUNTIME_RACEDAY_MODEL_SUGGESTION,NO_RESULT_MATCH
2026-07-06,922296,OLD_VELO_WIN,OLD_VELO_WIN,Ten Clarets,9308779,data/velo_prime_verdicts_2026_07_06.json,top.velo_prime_prob,1,0.5447,,,False,False,,False,False,True,RUNTIME_RACEDAY_MODEL_SUGGESTION,NO_RESULT_MATCH
2026-07-06,922296,SQPE_NO_RPR_SHADOW,SQPE_NO_RPR_SHADOW,Don't Stop Movin,9254373,data/runner_snapshots_2026_07_06_report_only.jsonl,sqpe_no_rpr_shadow_prob,1,0.1113,,,False,False,,False,False,True,RUNTIME_RACEDAY_MODEL_SUGGESTION,NO_RESULT_MATCH
2026-07-06,922296,SQPE_NO_RPR_SHADOW,SQPE_NO_RPR_SHADOW,Ten Clarets,9308779,data/runner_snapshots_2026_07_06_report_only.jsonl,sqpe_no_rpr_shadow_prob,2,0.1109,,,False,False,,False,False,True,RUNTIME_RACEDAY_MODEL_SUGGESTION,NO_RESULT_MATCH
2026-07-06,922296,SQPE_NO_RPR_SHADOW,SQPE_NO_RPR_SHADOW,Too Many Spirits,9004865,data/runner_snapshots_2026_07_06_report_only.jsonl,sqpe_no_rpr_shadow_prob,3,0.1062,,,False,False,,False,False,True,RUNTIME_RACEDAY_MODEL_SUGGESTION,NO_RESULT_MATCH
2026-07-06,922296,SQPE_NO_RPR_SHADOW,SQPE_NO_RPR_SHADOW,Redline,9372904,data/runner_snapshots_2026_07_06_report_only.jsonl,sqpe_no_rpr_shadow_prob,4,0.1057,,,False,False,,False,False,True,RUNTIME_RACEDAY_MODEL_SUGGESTION,NO_RESULT_MATCH
2026-07-06,922296,SQPE_NO_RPR_SHADOW,SQPE_NO_RPR_SHADOW,Sara's Silver Girl,9490311,data/runner_snapshots_2026_07_06_report_only.jsonl,sqpe_no_rpr_shadow_prob,5,0.1053,,,False,False,,False,False,True,RUNTIME_RACEDAY_MODEL_SUGGESTION,NO_RESULT_MATCH
2026-07-06,922296,SQPE_NO_RPR_SHADOW,SQPE_NO_RPR_SHADOW,Dreamlighter,9490310,data/runner_snapshots_2026_07_06_report_only.jsonl,sqpe_no_rpr_shadow_prob,6,0.1052,,,False,False,,False,False,True,RUNTIME_RACEDAY_MODEL_SUGGESTION,NO_RESULT_MATCH
2026-07-06,922296,SQPE_NO_RPR_SHADOW,SQPE_NO_RPR_SHADOW,Thai Paddy,9481214,data/runner_snapshots_2026_07_06_report_only.jsonl,sqpe_no_rpr_shadow_prob,7,0.1029,,,False,False,,False,False,True,RUNTIME_RACEDAY_MODEL_SUGGESTION,NO_RESULT_MATCH
2026-07-06,922296,SQPE_NO_RPR_SHADOW,SQPE_NO_RPR_SHADOW,Threeoclockflyer,9490309,data/runner_snapshots_2026_07_06_report_only.jsonl,sqpe_no_rpr_shadow_prob,8,0.0977,,,False,False,,False,False,True,RUNTIME_RACEDAY_MODEL_SUGGESTION,NO_RESULT_MATCH
2026-07-06,922296,SQPE_NO_RPR_SHADOW,SQPE_NO_RPR_SHADOW,The Resdev Rocket,9222243,data/runner_snapshots_2026_07_06_report_only.jsonl,sqpe_no_rpr_shadow_prob,9,0.0977,,,False,False,,False,False,True,RUNTIME_RACEDAY_MODEL_SUGGESTION,NO_RESULT_MATCH
2026-07-06,922296,SQPE_NO_RPR_SHADOW,SQPE_NO_RPR_SHADOW,Aurora Valkyrie,9254246,data/runner_snapshots_2026_07_06_report_only.jsonl,sqpe_no_rpr_shadow_prob,10,0.0895,,,False,False,,False,False,True,RUNTIME_RACEDAY_MODEL_SUGGESTION,NO_RESULT_MATCH
2026-07-06,922456,MAIN_VELO_PRIME,MAIN_VELO_PRIME,Cavalier,8881150,data/runner_snapshots_2026_07_06_report_only.jsonl,velo_prime_prob,1,0.4398,3.0,3,False,True,,False,False,True,RUNTIME_RACEDAY_MODEL_SUGGESTION,ID_MATCH
2026-07-06,922456,MAIN_VELO_PRIME,MAIN_VELO_PRIME,Drum Bay,9490318,data/runner_snapshots_2026_07_06_report_only.jsonl,velo_prime_prob,2,0.2232,4.0,2,False,True,,False,False,True,RUNTIME_RACEDAY_MODEL_SUGGESTION,ID_MATCH
2026-07-06,922456,MAIN_VELO_PRIME,MAIN_VELO_PRIME,Perfect Nation,9419795,data/runner_snapshots_2026_07_06_report_only.jsonl,velo_prime_prob,3,0.0717,2.2,1,True,True,,False,False,True,RUNTIME_RACEDAY_MODEL_SUGGESTION,ID_MATCH
2026-07-06,922456,MAIN_VELO_PRIME,MAIN_VELO_PRIME,Son Of A Fish,9424938,data/runner_snapshots_2026_07_06_report_only.jsonl,velo_prime_prob,4,0.0717,29.0,5,False,False,,False,False,True,RUNTIME_RACEDAY_MODEL_SUGGESTION,ID_MATCH
2026-07-06,922456,MAIN_VELO_PRIME,MAIN_VELO_PRIME,Mino,9490319,data/runner_snapshots_2026_07_06_report_only.jsonl,velo_prime_prob,5,0.0687,17.0,6,False,False,,False,False,True,RUNTIME_RACEDAY_MODEL_SUGGESTION,ID_MATCH
2026-07-06,922456,MAIN_VELO_PRIME,MAIN_VELO_PRIME,Harbour Prince,9429295,data/runner_snapshots_2026_07_06_report_only.jsonl,velo_prime_prob,6,0.0492,21.0,7,False,False,,False,False,True,RUNTIME_RACEDAY_MODEL_SUGGESTION,ID_MATCH
2026-07-06,922456,MAIN_VELO_PRIME,MAIN_VELO_PRIME,Peak Tram,9490315,data/runner_snapshots_2026_07_06_report_only.jsonl,velo_prime_prob,7,0.0381,51.0,4,False,False,,False,False,True,RUNTIME_RACEDAY_MODEL_SUGGESTION,ID_MATCH
2026-07-06,922456,MAIN_VELO_PRIME,MAIN_VELO_PRIME,Carrow Road,9290860,data/runner_snapshots_2026_07_06_report_only.jsonl,velo_prime_prob,8,0.0133,251.0,9,False,False,,False,False,True,RUNTIME_RACEDAY_MODEL_SUGGESTION,ID_MATCH
2026-07-06,922456,MAIN_VELO_PRIME,MAIN_VELO_PRIME,There Goes My Hero,9490317,data/runner_snapshots_2026_07_06_report_only.jsonl,velo_prime_prob,9,0.0133,101.0,10,False,False,,False,False,True,RUNTIME_RACEDAY_MODEL_SUGGESTION,ID_MATCH
2026-07-06,922456,MAIN_VELO_PRIME,MAIN_VELO_PRIME,Goblet,9317891,data/runner_snapshots_2026_07_06_report_only.jsonl,velo_prime_prob,10,0.0109,151.0,8,False,False,,False,False,True,RUNTIME_RACEDAY_MODEL_SUGGESTION,ID_MATCH
2026-07-06,922456,OLD_VELO_LONGSHOT,OLD_VELO_LONGSHOT,Cavalier,8881150,data/velo_prime_verdicts_2026_07_06.json,top.longshot_prob,1,0.0347,3.0,3,False,True,,False,False,True,RUNTIME_RACEDAY_MODEL_SUGGESTION,ID_MATCH
2026-07-06,922456,OLD_VELO_PLACE,OLD_VELO_PLACE,Cavalier,8881150,data/velo_prime_verdicts_2026_07_06.json,top.place_prob,1,0.181,3.0,3,False,True,,False,False,True,RUNTIME_RACEDAY_MODEL_SUGGESTION,ID_MATCH
2026-07-06,922456,OLD_VELO_WIN,OLD_VELO_WIN,Cavalier,8881150,data/velo_prime_verdicts_2026_07_06.json,top.velo_prime_prob,1,0.4398,3.0,3,False,True,,False,False,True,RUNTIME_RACEDAY_MODEL_SUGGESTION,ID_MATCH
2026-07-06,922456,SQPE_NO_RPR_SHADOW,SQPE_NO_RPR_SHADOW,Mino,9490319,data/runner_snapshots_2026_07_06_report_only.jsonl,sqpe_no_rpr_shadow_prob,1,0.1122,17.0,6,False,False,,False,False,True,RUNTIME_RACEDAY_MODEL_SUGGESTION,ID_MATCH
2026-07-06,922456,SQPE_NO_RPR_SHADOW,SQPE_NO_RPR_SHADOW,Drum Bay,9490318,data/runner_snapshots_2026_07_06_report_only.jsonl,sqpe_no_rpr_shadow_prob,2,0.1113,4.0,2,False,True,,False,False,True,RUNTIME_RACEDAY_MODEL_SUGGESTION,ID_MATCH
2026-07-06,922456,SQPE_NO_RPR_SHADOW,SQPE_NO_RPR_SHADOW,Son Of A Fish,9424938,data/runner_snapshots_2026_07_06_report_only.jsonl,sqpe_no_rpr_shadow_prob,3,0.1113,29.0,5,False,False,,False,False,True,RUNTIME_RACEDAY_MODEL_SUGGESTION,ID_MATCH
2026-07-06,922456,SQPE_NO_RPR_SHADOW,SQPE_NO_RPR_SHADOW,Peak Tram,9490315,data/runner_snapshots_2026_07_06_report_only.jsonl,sqpe_no_rpr_shadow_prob,4,0.111,51.0,4,False,False,,False,False,True,RUNTIME_RACEDAY_MODEL_SUGGESTION,ID_MATCH
2026-07-06,922456,SQPE_NO_RPR_SHADOW,SQPE_NO_RPR_SHADOW,Perfect Nation,9419795,data/runner_snapshots_2026_07_06_report_only.jsonl,sqpe_no_rpr_shadow_prob,5,0.1109,2.2,1,True,True,,False,False,True,RUNTIME_RACEDAY_MODEL_SUGGESTION,ID_MATCH
2026-07-06,922456,SQPE_NO_RPR_SHADOW,SQPE_NO_RPR_SHADOW,Carrow Road,9290860,data/runner_snapshots_2026_07_06_report_only.jsonl,sqpe_no_rpr_shadow_prob,6,0.1052,251.0,9,False,False,,False,False,True,RUNTIME_RACEDAY_MODEL_SUGGESTION,ID_MATCH
2026-07-06,922456,SQPE_NO_RPR_SHADOW,SQPE_NO_RPR_SHADOW,Goblet,9317891,data/runner_snapshots_2026_07_06_report_only.jsonl,sqpe_no_rpr_shadow_prob,7,0.1029,151.0,8,False,False,,False,False,True,RUNTIME_RACEDAY_MODEL_SUGGESTION,ID_MATCH
2026-07-06,922456,SQPE_NO_RPR_SHADOW,SQPE_NO_RPR_SHADOW,Cavalier,8881150,data/runner_snapshots_2026_07_06_report_only.jsonl,sqpe_no_rpr_shadow_prob,8,0.1026,3.0,3,False,True,,False,False,True,RUNTIME_RACEDAY_MODEL_SUGGESTION,ID_MATCH
2026-07-06,922456,SQPE_NO_RPR_SHADOW,SQPE_NO_RPR_SHADOW,There Goes My Hero,9490317,data/runner_snapshots_2026_07_06_report_only.jsonl,sqpe_no_rpr_shadow_prob,9,0.0988,101.0,10,False,False,,False,False,True,RUNTIME_RACEDAY_MODEL_SUGGESTION,ID_MATCH
2026-07-06,922456,SQPE_NO_RPR_SHADOW,SQPE_NO_RPR_SHADOW,Harbour Prince,9429295,data/runner_snapshots_2026_07_06_report_only.jsonl,sqpe_no_rpr_shadow_prob,10,0.0977,21.0,7,False,False,,False,False,True,RUNTIME_RACEDAY_MODEL_SUGGESTION,ID_MATCH
2026-07-06,922300,MAIN_VELO_PRIME,MAIN_VELO_PRIME,Shifter,4011144,data/runner_snapshots_2026_07_06_report_only.jsonl,velo_prime_prob,1,0.206,4.0,5,False,False,,False,False,True,RUNTIME_RACEDAY_MODEL_SUGGESTION,ID_MATCH
2026-07-06,922300,MAIN_VELO_PRIME,MAIN_VELO_PRIME,Naturalia,5125889,data/runner_snapshots_2026_07_06_report_only.jsonl,velo_prime_prob,2,0.1284,7.0,4,False,False,,False,False,True,RUNTIME_RACEDAY_MODEL_SUGGESTION,ID_MATCH
2026-07-06,922300,MAIN_VELO_PRIME,MAIN_VELO_PRIME,Storm On Jura,6064581,data/runner_snapshots_2026_07_06_report_only.jsonl,velo_prime_prob,3,0.1178,21.0,8,False,False,,False,False,True,RUNTIME_RACEDAY_MODEL_SUGGESTION,ID_MATCH
2026-07-06,922300,MAIN_VELO_PRIME,MAIN_VELO_PRIME,Rumbustious,8406259,data/runner_snapshots_2026_07_06_report_only.jsonl,velo_prime_prob,4,0.1113,6.5,10,False,False,,False,False,True,RUNTIME_RACEDAY_MODEL_SUGGESTION,ID_MATCH
2026-07-06,922300,MAIN_VELO_PRIME,MAIN_VELO_PRIME,Condotti,5708897,data/runner_snapshots_2026_07_06_report_only.jsonl,velo_prime_prob,5,0.0797,6.0,2,False,True,,False,False,True,RUNTIME_RACEDAY_MODEL_SUGGESTION,ID_MATCH
2026-07-06,922300,MAIN_VELO_PRIME,MAIN_VELO_PRIME,Tap Dancer,6161669,data/runner_snapshots_2026_07_06_report_only.jsonl,velo_prime_prob,6,0.0734,11.0,7,False,False,,False,False,True,RUNTIME_RACEDAY_MODEL_SUGGESTION,ID_MATCH
2026-07-06,922300,MAIN_VELO_PRIME,MAIN_VELO_PRIME,Royal Blaze,5048100,data/runner_snapshots_2026_07_06_report_only.jsonl,velo_prime_prob,7,0.0682,12.0,1,True,True,,False,False,True,RUNTIME_RACEDAY_MODEL_SUGGESTION,ID_MATCH
2026-07-06,922300,MAIN_VELO_PRIME,MAIN_VELO_PRIME,Sweet Kiss,7378591,data/runner_snapshots_2026_07_06_report_only.jsonl,velo_prime_prob,8,0.0645,8.0,6,False,False,,False,False,True,RUNTIME_RACEDAY_MODEL_SUGGESTION,ID_MATCH
2026-07-06,922300,MAIN_VELO_PRIME,MAIN_VELO_PRIME,Falcon Nine,4415502,data/runner_snapshots_2026_07_06_report_only.jsonl,velo_prime_prob,9,0.0419,23.0,9,False,False,,False,False,True,RUNTIME_RACEDAY_MODEL_SUGGESTION,ID_MATCH
2026-07-06,922300,MAIN_VELO_PRIME,MAIN_VELO_PRIME,Parole Officer,7020199,data/runner_snapshots_2026_07_06_report_only.jsonl,velo_prime_prob,10,0.0409,101.0,11,False,False,,False,False,True,RUNTIME_RACEDAY_MODEL_SUGGESTION,ID_MATCH
2026-07-06,922300,MAIN_VELO_PRIME,MAIN_VELO_PRIME,Tee Aitch Aye,7339103,data/runner_snapshots_2026_07_06_report_only.jsonl,velo_prime_prob,11,0.036,10.0,3,False,True,,False,False,True,RUNTIME_RACEDAY_MODEL_SUGGESTION,ID_MATCH
2026-07-06,922300,MAIN_VELO_PRIME,MAIN_VELO_PRIME,Hill O Rue,6465249,data/runner_snapshots_2026_07_06_report_only.jsonl,velo_prime_prob,12,0.0319,34.0,12,False,False,,False,False,True,RUNTIME_RACEDAY_MODEL_SUGGESTION,ID_MATCH
2026-07-06,922300,OLD_VELO_LONGSHOT,OLD_VELO_LONGSHOT,Shifter,4011144,data/velo_prime_verdicts_2026_07_06.json,top.longshot_prob,1,0.1959,4.0,5,False,False,,False,False,True,RUNTIME_RACEDAY_MODEL_SUGGESTION,ID_MATCH
2026-07-06,922300,OLD_VELO_PLACE,OLD_VELO_PLACE,Shifter,4011144,data/velo_prime_verdicts_2026_07_06.json,top.place_prob,1,0.126,4.0,5,False,False,,False,False,True,RUNTIME_RACEDAY_MODEL_SUGGESTION,ID_MATCH
2026-07-06,922300,OLD_VELO_WIN,OLD_VELO_WIN,Shifter,4011144,data/velo_prime_verdicts_2026_07_06.json,top.velo_prime_prob,1,0.206,4.0,5,False,False,,False,False,True,RUNTIME_RACEDAY_MODEL_SUGGESTION,ID_MATCH
2026-07-06,922300,SQPE_NO_RPR_SHADOW,SQPE_NO_RPR_SHADOW,Naturalia,5125889,data/runner_snapshots_2026_07_06_report_only.jsonl,sqpe_no_rpr_shadow_prob,1,0.0997,7.0,4,False,False,,False,False,True,RUNTIME_RACEDAY_MODEL_SUGGESTION,ID_MATCH
2026-07-06,922300,SQPE_NO_RPR_SHADOW,SQPE_NO_RPR_SHADOW,Condotti,5708897,data/runner_snapshots_2026_07_06_report_only.jsonl,sqpe_no_rpr_shadow_prob,2,0.0969,6.0,2,False,True,,False,False,True,RUNTIME_RACEDAY_MODEL_SUGGESTION,ID_MATCH
2026-07-06,922300,SQPE_NO_RPR_SHADOW,SQPE_NO_RPR_SHADOW,Sweet Kiss,7378591,data/runner_snapshots_2026_07_06_report_only.jsonl,sqpe_no_rpr_shadow_prob,3,0.0969,8.0,6,False,False,,False,False,True,RUNTIME_RACEDAY_MODEL_SUGGESTION,ID_MATCH
2026-07-06,922300,SQPE_NO_RPR_SHADOW,SQPE_NO_RPR_SHADOW,Rumbustious,8406259,data/runner_snapshots_2026_07_06_report_only.jsonl,sqpe_no_rpr_shadow_prob,4,0.0939,6.5,10,False,False,,False,False,True,RUNTIME_RACEDAY_MODEL_SUGGESTION,ID_MATCH
2026-07-06,922300,SQPE_NO_RPR_SHADOW,SQPE_NO_RPR_SHADOW,Royal Blaze,5048100,data/runner_snapshots_2026_07_06_report_only.jsonl,sqpe_no_rpr_shadow_prob,5,0.0932,12.0,1,True,True,,False,False,True,RUNTIME_RACEDAY_MODEL_SUGGESTION,ID_MATCH
2026-07-06,922300,SQPE_NO_RPR_SHADOW,SQPE_NO_RPR_SHADOW,Tap Dancer,6161669,data/runner_snapshots_2026_07_06_report_only.jsonl,sqpe_no_rpr_shadow_prob,6,0.0906,11.0,7,False,False,,False,False,True,RUNTIME_RACEDAY_MODEL_SUGGESTION,ID_MATCH
2026-07-06,922300,SQPE_NO_RPR_SHADOW,SQPE_NO_RPR_SHADOW,Hill O Rue,6465249,data/runner_snapshots_2026_07_06_report_only.jsonl,sqpe_no_rpr_shadow_prob,7,0.0901,34.0,12,False,False,,False,False,True,RUNTIME_RACEDAY_MODEL_SUGGESTION,ID_MATCH
2026-07-06,922300,SQPE_NO_RPR_SHADOW,SQPE_NO_RPR_SHADOW,Tee Aitch Aye,7339103,data/runner_snapshots_2026_07_06_report_only.jsonl,sqpe_no_rpr_shadow_prob,8,0.0892,10.0,3,False,True,,False,False,True,RUNTIME_RACEDAY_MODEL_SUGGESTION,ID_MATCH
2026-07-06,922300,SQPE_NO_RPR_SHADOW,SQPE_NO_RPR_SHADOW,Parole Officer,7020199,data/runner_snapshots_2026_07_06_report_only.jsonl,sqpe_no_rpr_shadow_prob,9,0.0771,101.0,11,False,False,,False,False,True,RUNTIME_RACEDAY_MODEL_SUGGESTION,ID_MATCH
2026-07-06,922300,SQPE_NO_RPR_SHADOW,SQPE_NO_RPR_SHADOW,Falcon Nine,4415502,data/runner_snapshots_2026_07_06_report_only.jsonl,sqpe_no_rpr_shadow_prob,10,0.0744,23.0,9,False,False,,False,False,True,RUNTIME_RACEDAY_MODEL_SUGGESTION,ID_MATCH
2026-07-06,922300,SQPE_NO_RPR_SHADOW,SQPE_NO_RPR_SHADOW,Storm On Jura,6064581,data/runner_snapshots_2026_07_06_report_only.jsonl,sqpe_no_rpr_shadow_prob,11,0.0727,21.0,8,False,False,,False,False,True,RUNTIME_RACEDAY_MODEL_SUGGESTION,ID_MATCH
2026-07-06,922300,SQPE_NO_RPR_SHADOW,SQPE_NO_RPR_SHADOW,Shifter,4011144,data/runner_snapshots_2026_07_06_report_only.jsonl,sqpe_no_rpr_shadow_prob,12,0.0463,4.0,5,False,False,,False,False,True,RUNTIME_RACEDAY_MODEL_SUGGESTION,ID_MATCH
2026-07-06,924389,MAIN_VELO_PRIME,MAIN_VELO_PRIME,Romanza,8881175,data/runner_snapshots_2026_07_06_report_only.jsonl,velo_prime_prob,1,0.4024,4.0,2,False,True,,False,False,True,RUNTIME_RACEDAY_MODEL_SUGGESTION,ID_MATCH
2026-07-06,924389,MAIN_VELO_PRIME,MAIN_VELO_PRIME,Sea Idol,9254365,data/runner_snapshots_2026_07_06_report_only.jsonl,velo_prime_prob,2,0.1384,26.0,4,False,False,,False,False,True,RUNTIME_RACEDAY_MODEL_SUGGESTION,ID_MATCH
2026-07-06,924389,MAIN_VELO_PRIME,MAIN_VELO_PRIME,Cloud Summit,9331776,data/runner_snapshots_2026_07_06_report_only.jsonl,velo_prime_prob,3,0.1384,8.5,6,False,False,,False,False,True,RUNTIME_RACEDAY_MODEL_SUGGESTION,ID_MATCH
2026-07-06,924389,MAIN_VELO_PRIME,MAIN_VELO_PRIME,Victory Gold,9212567,data/runner_snapshots_2026_07_06_report_only.jsonl,velo_prime_prob,4,0.1146,1.91,1,True,True,,False,False,True,RUNTIME_RACEDAY_MODEL_SUGGESTION,ID_MATCH
2026-07-06,924389,MAIN_VELO_PRIME,MAIN_VELO_PRIME,Apulia Bay,9490316,data/runner_snapshots_2026_07_06_report_only.jsonl,velo_prime_prob,5,0.1078,6.5,3,False,True,,False,False,True,RUNTIME_RACEDAY_MODEL_SUGGESTION,ID_MATCH
2026-07-06,924389,MAIN_VELO_PRIME,MAIN_VELO_PRIME,Royal Titan,9490314,data/runner_snapshots_2026_07_06_report_only.jsonl,velo_prime_prob,6,0.031,19.0,9,False,False,,False,False,True,RUNTIME_RACEDAY_MODEL_SUGGESTION,ID_MATCH
2026-07-06,924389,MAIN_VELO_PRIME,MAIN_VELO_PRIME,Thunder Home,9212562,data/runner_snapshots_2026_07_06_report_only.jsonl,velo_prime_prob,7,0.0276,17.0,5,False,False,,False,False,True,RUNTIME_RACEDAY_MODEL_SUGGESTION,ID_MATCH
2026-07-06,924389,MAIN_VELO_PRIME,MAIN_VELO_PRIME,Minzaal Time,9364267,data/runner_snapshots_2026_07_06_report_only.jsonl,velo_prime_prob,8,0.0236,81.0,7,False,False,,False,False,True,RUNTIME_RACEDAY_MODEL_SUGGESTION,ID_MATCH
2026-07-06,924389,MAIN_VELO_PRIME,MAIN_VELO_PRIME,Il Capo,9153299,data/runner_snapshots_2026_07_06_report_only.jsonl,velo_prime_prob,9,0.0161,101.0,8,False,False,,False,False,True,RUNTIME_RACEDAY_MODEL_SUGGESTION,ID_MATCH
2026-07-06,924389,OLD_VELO_LONGSHOT,OLD_VELO_LONGSHOT,Romanza,8881175,data/velo_prime_verdicts_2026_07_06.json,top.longshot_prob,1,0.0368,4.0,2,False,True,,False,False,True,RUNTIME_RACEDAY_MODEL_SUGGESTION,ID_MATCH
2026-07-06,924389,OLD_VELO_PLACE,OLD_VELO_PLACE,Romanza,8881175,data/velo_prime_verdicts_2026_07_06.json,top.place_prob,1,0.2674,4.0,2,False,True,,False,False,True,RUNTIME_RACEDAY_MODEL_SUGGESTION,ID_MATCH
2026-07-06,924389,OLD_VELO_WIN,OLD_VELO_WIN,Romanza,8881175,data/velo_prime_verdicts_2026_07_06.json,top.velo_prime_prob,1,0.4024,4.0,2,False,True,,False,False,True,RUNTIME_RACEDAY_MODEL_SUGGESTION,ID_MATCH
2026-07-06,924389,SQPE_NO_RPR_SHADOW,SQPE_NO_RPR_SHADOW,Il Capo,9153299,data/runner_snapshots_2026_07_06_report_only.jsonl,sqpe_no_rpr_shadow_prob,1,0.1187,101.0,8,False,False,,False,False,True,RUNTIME_RACEDAY_MODEL_SUGGESTION,ID_MATCH
2026-07-06,924389,SQPE_NO_RPR_SHADOW,SQPE_NO_RPR_SHADOW,Sea Idol,9254365,data/runner_snapshots_2026_07_06_report_only.jsonl,sqpe_no_rpr_shadow_prob,2,0.1172,26.0,4,False,False,,False,False,True,RUNTIME_RACEDAY_MODEL_SUGGESTION,ID_MATCH
2026-07-06,924389,SQPE_NO_RPR_SHADOW,SQPE_NO_RPR_SHADOW,Cloud Summit,9331776,data/runner_snapshots_2026_07_06_report_only.jsonl,sqpe_no_rpr_shadow_prob,3,0.1172,8.5,6,False,False,,False,False,True,RUNTIME_RACEDAY_MODEL_SUGGESTION,ID_MATCH
2026-07-06,924389,SQPE_NO_RPR_SHADOW,SQPE_NO_RPR_SHADOW,Royal Titan,9490314,data/runner_snapshots_2026_07_06_report_only.jsonl,sqpe_no_rpr_shadow_prob,4,0.1172,19.0,9,False,False,,False,False,True,RUNTIME_RACEDAY_MODEL_SUGGESTION,ID_MATCH
2026-07-06,924389,SQPE_NO_RPR_SHADOW,SQPE_NO_RPR_SHADOW,Apulia Bay,9490316,data/runner_snapshots_2026_07_06_report_only.jsonl,sqpe_no_rpr_shadow_prob,5,0.1165,6.5,3,False,True,,False,False,True,RUNTIME_RACEDAY_MODEL_SUGGESTION,ID_MATCH
2026-07-06,924389,SQPE_NO_RPR_SHADOW,SQPE_NO_RPR_SHADOW,Romanza,8881175,data/runner_snapshots_2026_07_06_report_only.jsonl,sqpe_no_rpr_shadow_prob,6,0.1145,4.0,2,False,True,,False,False,True,RUNTIME_RACEDAY_MODEL_SUGGESTION,ID_MATCH
2026-07-06,924389,SQPE_NO_RPR_SHADOW,SQPE_NO_RPR_SHADOW,Victory Gold,9212567,data/runner_snapshots_2026_07_06_report_only.jsonl,sqpe_no_rpr_shadow_prob,7,0.1142,1.91,1,True,True,,False,False,True,RUNTIME_RACEDAY_MODEL_SUGGESTION,ID_MATCH
2026-07-06,924389,SQPE_NO_RPR_SHADOW,SQPE_NO_RPR_SHADOW,Minzaal Time,9364267,data/runner_snapshots_2026_07_06_report_only.jsonl,sqpe_no_rpr_shadow_prob,8,0.1122,81.0,7,False,False,,False,False,True,RUNTIME_RACEDAY_MODEL_SUGGESTION,ID_MATCH
2026-07-06,924389,SQPE_NO_RPR_SHADOW,SQPE_NO_RPR_SHADOW,Thunder Home,9212562,data/runner_snapshots_2026_07_06_report_only.jsonl,sqpe_no_rpr_shadow_prob,9,0.1102,17.0,5,False,False,,False,False,True,RUNTIME_RACEDAY_MODEL_SUGGESTION,ID_MATCH
2026-07-06,922298,MAIN_VELO_PRIME,MAIN_VELO_PRIME,Emery Down,6582589,data/runner_snapshots_2026_07_06_report_only.jsonl,velo_prime_prob,1,0.2523,12.0,2,False,True,,False,False,True,RUNTIME_RACEDAY_MODEL_SUGGESTION,ID_MATCH
2026-07-06,922298,MAIN_VELO_PRIME,MAIN_VELO_PRIME,Qazaq,5330871,data/runner_snapshots_2026_07_06_report_only.jsonl,velo_prime_prob,2,0.1522,5.5,5,False,False,,False,False,True,RUNTIME_RACEDAY_MODEL_SUGGESTION,ID_MATCH
2026-07-06,922298,MAIN_VELO_PRIME,MAIN_VELO_PRIME,Slack Bob,7957273,data/runner_snapshots_2026_07_06_report_only.jsonl,velo_prime_prob,3,0.0984,8.5,6,False,False,,False,False,True,RUNTIME_RACEDAY_MODEL_SUGGESTION,ID_MATCH
2026-07-06,922298,MAIN_VELO_PRIME,MAIN_VELO_PRIME,Ashen,5580107,data/runner_snapshots_2026_07_06_report_only.jsonl,velo_prime_prob,4,0.0975,3.0,4,False,False,,False,False,True,RUNTIME_RACEDAY_MODEL_SUGGESTION,ID_MATCH
2026-07-06,922298,MAIN_VELO_PRIME,MAIN_VELO_PRIME,Eve's Boy,5951756,data/runner_snapshots_2026_07_06_report_only.jsonl,velo_prime_prob,5,0.0752,12.0,8,False,False,,False,False,True,RUNTIME_RACEDAY_MODEL_SUGGESTION,ID_MATCH
2026-07-06,922298,MAIN_VELO_PRIME,MAIN_VELO_PRIME,Keep Me Stable,4175516,data/runner_snapshots_2026_07_06_report_only.jsonl,velo_prime_prob,6,0.0641,67.0,11,False,False,,False,False,True,RUNTIME_RACEDAY_MODEL_SUGGESTION,ID_MATCH
2026-07-06,922298,MAIN_VELO_PRIME,MAIN_VELO_PRIME,Born A Star,7204778,data/runner_snapshots_2026_07_06_report_only.jsonl,velo_prime_prob,7,0.0582,51.0,7,False,False,,False,False,True,RUNTIME_RACEDAY_MODEL_SUGGESTION,ID_MATCH
2026-07-06,922298,MAIN_VELO_PRIME,MAIN_VELO_PRIME,Native Honey,58956387,data/runner_snapshots_2026_07_06_report_only.jsonl,velo_prime_prob,8,0.0537,11.0,1,True,True,,False,False,True,RUNTIME_RACEDAY_MODEL_SUGGESTION,ID_MATCH
2026-07-06,922298,MAIN_VELO_PRIME,MAIN_VELO_PRIME,Abduction,3106233,data/runner_snapshots_2026_07_06_report_only.jsonl,velo_prime_prob,9,0.047,5.0,3,False,True,,False,False,True,RUNTIME_RACEDAY_MODEL_SUGGESTION,ID_MATCH
2026-07-06,922298,MAIN_VELO_PRIME,MAIN_VELO_PRIME,Whiskey Kisses,7988032,data/runner_snapshots_2026_07_06_report_only.jsonl,velo_prime_prob,10,0.043,126.0,9,False,False,,False,False,True,RUNTIME_RACEDAY_MODEL_SUGGESTION,ID_MATCH
2026-07-06,922298,MAIN_VELO_PRIME,MAIN_VELO_PRIME,The Gay Blade,3765237,data/runner_snapshots_2026_07_06_report_only.jsonl,velo_prime_prob,11,0.0312,11.0,10,False,False,,False,False,True,RUNTIME_RACEDAY_MODEL_SUGGESTION,ID_MATCH
2026-07-06,922298,MAIN_VELO_PRIME,MAIN_VELO_PRIME,Blakefell,7204894,data/runner_snapshots_2026_07_06_report_only.jsonl,velo_prime_prob,12,0.0272,,,False,False,,False,False,True,RUNTIME_RACEDAY_MODEL_SUGGESTION,NO_RESULT_MATCH
2026-07-06,922298,OLD_VELO_LONGSHOT,OLD_VELO_LONGSHOT,Emery Down,6582589,data/velo_prime_verdicts_2026_07_06.json,top.longshot_prob,1,0.2081,12.0,2,False,True,,False,False,True,RUNTIME_RACEDAY_MODEL_SUGGESTION,ID_MATCH
2026-07-06,922298,OLD_VELO_PLACE,OLD_VELO_PLACE,Emery Down,6582589,data/velo_prime_verdicts_2026_07_06.json,top.place_prob,1,0.1468,12.0,2,False,True,,False,False,True,RUNTIME_RACEDAY_MODEL_SUGGESTION,ID_MATCH
2026-07-06,922298,OLD_VELO_WIN,OLD_VELO_WIN,Emery Down,6582589,data/velo_prime_verdicts_2026_07_06.json,top.velo_prime_prob,1,0.2523,12.0,2,False,True,,False,False,True,RUNTIME_RACEDAY_MODEL_SUGGESTION,ID_MATCH
2026-07-06,922298,SQPE_NO_RPR_SHADOW,SQPE_NO_RPR_SHADOW,Blakefell,7204894,data/runner_snapshots_2026_07_06_report_only.jsonl,sqpe_no_rpr_shadow_prob,1,0.1006,,,False,False,,False,False,True,RUNTIME_RACEDAY_MODEL_SUGGESTION,NO_RESULT_MATCH
2026-07-06,922298,SQPE_NO_RPR_SHADOW,SQPE_NO_RPR_SHADOW,Native Honey,58956387,data/runner_snapshots_2026_07_06_report_only.jsonl,sqpe_no_rpr_shadow_prob,2,0.098,11.0,1,True,True,,False,False,True,RUNTIME_RACEDAY_MODEL_SUGGESTION,ID_MATCH
2026-07-06,922298,SQPE_NO_RPR_SHADOW,SQPE_NO_RPR_SHADOW,Eve's Boy,5951756,data/runner_snapshots_2026_07_06_report_only.jsonl,sqpe_no_rpr_shadow_prob,3,0.0881,12.0,8,False,False,,False,False,True,RUNTIME_RACEDAY_MODEL_SUGGESTION,ID_MATCH
2026-07-06,922298,SQPE_NO_RPR_SHADOW,SQPE_NO_RPR_SHADOW,Slack Bob,7957273,data/runner_snapshots_2026_07_06_report_only.jsonl,sqpe_no_rpr_shadow_prob,4,0.0846,8.5,6,False,False,,False,False,True,RUNTIME_RACEDAY_MODEL_SUGGESTION,ID_MATCH
2026-07-06,922298,SQPE_NO_RPR_SHADOW,SQPE_NO_RPR_SHADOW,Qazaq,5330871,data/runner_snapshots_2026_07_06_report_only.jsonl,sqpe_no_rpr_shadow_prob,5,0.0812,5.5,5,False,False,,False,False,True,RUNTIME_RACEDAY_MODEL_SUGGESTION,ID_MATCH
2026-07-06,922298,SQPE_NO_RPR_SHADOW,SQPE_NO_RPR_SHADOW,Keep Me Stable,4175516,data/runner_snapshots_2026_07_06_report_only.jsonl,sqpe_no_rpr_shadow_prob,6,0.0775,67.0,11,False,False,,False,False,True,RUNTIME_RACEDAY_MODEL_SUGGESTION,ID_MATCH
2026-07-06,922298,SQPE_NO_RPR_SHADOW,SQPE_NO_RPR_SHADOW,Whiskey Kisses,7988032,data/runner_snapshots_2026_07_06_report_only.jsonl,sqpe_no_rpr_shadow_prob,7,0.0772,126.0,9,False,False,,False,False,True,RUNTIME_RACEDAY_MODEL_SUGGESTION,ID_MATCH
2026-07-06,922298,SQPE_NO_RPR_SHADOW,SQPE_NO_RPR_SHADOW,Born A Star,7204778,data/runner_snapshots_2026_07_06_report_only.jsonl,sqpe_no_rpr_shadow_prob,8,0.0753,51.0,7,False,False,,False,False,True,RUNTIME_RACEDAY_MODEL_SUGGESTION,ID_MATCH
2026-07-06,922298,SQPE_NO_RPR_SHADOW,SQPE_NO_RPR_SHADOW,Ashen,5580107,data/runner_snapshots_2026_07_06_report_only.jsonl,sqpe_no_rpr_shadow_prob,9,0.0727,3.0,4,False,False,,False,False,True,RUNTIME_RACEDAY_MODEL_SUGGESTION,ID_MATCH
2026-07-06,922298,SQPE_NO_RPR_SHADOW,SQPE_NO_RPR_SHADOW,The Gay Blade,3765237,data/runner_snapshots_2026_07_06_report_only.jsonl,sqpe_no_rpr_shadow_prob,10,0.0661,11.0,10,False,False,,False,False,True,RUNTIME_RACEDAY_MODEL_SUGGESTION,ID_MATCH
2026-07-06,922298,SQPE_NO_RPR_SHADOW,SQPE_NO_RPR_SHADOW,Abduction,3106233,data/runner_snapshots_2026_07_06_report_only.jsonl,sqpe_no_rpr_shadow_prob,11,0.0659,5.0,3,False,True,,False,False,True,RUNTIME_RACEDAY_MODEL_SUGGESTION,ID_MATCH
2026-07-06,922298,SQPE_NO_RPR_SHADOW,SQPE_NO_RPR_SHADOW,Emery Down,6582589,data/runner_snapshots_2026_07_06_report_only.jsonl,sqpe_no_rpr_shadow_prob,12,0.0597,12.0,2,False,True,,False,False,True,RUNTIME_RACEDAY_MODEL_SUGGESTION,ID_MATCH
2026-07-06,922459,MAIN_VELO_PRIME,MAIN_VELO_PRIME,Worlington,8251207,data/runner_snapshots_2026_07_06_report_only.jsonl,velo_prime_prob,1,0.4644,2.62,9,False,False,,False,False,True,RUNTIME_RACEDAY_MODEL_SUGGESTION,ID_MATCH
2026-07-06,922459,MAIN_VELO_PRIME,MAIN_VELO_PRIME,Break Point,5011618,data/runner_snapshots_2026_07_06_report_only.jsonl,velo_prime_prob,2,0.1346,5.0,4,False,False,,False,False,True,RUNTIME_RACEDAY_MODEL_SUGGESTION,ID_MATCH
2026-07-06,922459,MAIN_VELO_PRIME,MAIN_VELO_PRIME,Artavian,5343980,data/runner_snapshots_2026_07_06_report_only.jsonl,velo_prime_prob,3,0.0906,13.0,6,False,False,,False,False,True,RUNTIME_RACEDAY_MODEL_SUGGESTION,ID_MATCH
2026-07-06,922459,MAIN_VELO_PRIME,MAIN_VELO_PRIME,October Surprise,8188069,data/runner_snapshots_2026_07_06_report_only.jsonl,velo_prime_prob,4,0.0727,34.0,5,False,False,,False,False,True,RUNTIME_RACEDAY_MODEL_SUGGESTION,ID_MATCH
2026-07-06,922459,MAIN_VELO_PRIME,MAIN_VELO_PRIME,Smith,1860137,data/runner_snapshots_2026_07_06_report_only.jsonl,velo_prime_prob,5,0.0686,34.0,7,False,False,,False,False,True,RUNTIME_RACEDAY_MODEL_SUGGESTION,ID_MATCH
2026-07-06,922459,MAIN_VELO_PRIME,MAIN_VELO_PRIME,La Trinite,7015791,data/runner_snapshots_2026_07_06_report_only.jsonl,velo_prime_prob,6,0.0592,10.0,3,False,True,,False,False,True,RUNTIME_RACEDAY_MODEL_SUGGESTION,ID_MATCH
2026-07-06,922459,MAIN_VELO_PRIME,MAIN_VELO_PRIME,Master Dancer,4609241,data/runner_snapshots_2026_07_06_report_only.jsonl,velo_prime_prob,7,0.0485,29.0,8,False,False,,False,False,True,RUNTIME_RACEDAY_MODEL_SUGGESTION,ID_MATCH
2026-07-06,922459,MAIN_VELO_PRIME,MAIN_VELO_PRIME,Home Secretary,8120590,data/runner_snapshots_2026_07_06_report_only.jsonl,velo_prime_prob,8,0.0377,4.5,1,True,True,,False,False,True,RUNTIME_RACEDAY_MODEL_SUGGESTION,ID_MATCH
2026-07-06,922459,MAIN_VELO_PRIME,MAIN_VELO_PRIME,Femme Fatale,7926361,data/runner_snapshots_2026_07_06_report_only.jsonl,velo_prime_prob,9,0.0238,10.0,2,False,True,,False,False,True,RUNTIME_RACEDAY_MODEL_SUGGESTION,ID_MATCH
2026-07-06,922459,OLD_VELO_LONGSHOT,OLD_VELO_LONGSHOT,Worlington,8251207,data/velo_prime_verdicts_2026_07_06.json,top.longshot_prob,1,0.0062,2.62,9,False,False,,False,False,True,RUNTIME_RACEDAY_MODEL_SUGGESTION,ID_MATCH
2026-07-06,922459,OLD_VELO_PLACE,OLD_VELO_PLACE,Worlington,8251207,data/velo_prime_verdicts_2026_07_06.json,top.place_prob,1,0.1681,2.62,9,False,False,,False,False,True,RUNTIME_RACEDAY_MODEL_SUGGESTION,ID_MATCH
2026-07-06,922459,OLD_VELO_WIN,OLD_VELO_WIN,Worlington,8251207,data/velo_prime_verdicts_2026_07_06.json,top.velo_prime_prob,1,0.4644,2.62,9,False,False,,False,False,True,RUNTIME_RACEDAY_MODEL_SUGGESTION,ID_MATCH
2026-07-06,922459,SQPE_NO_RPR_SHADOW,SQPE_NO_RPR_SHADOW,Worlington,8251207,data/runner_snapshots_2026_07_06_report_only.jsonl,sqpe_no_rpr_shadow_prob,1,0.1482,2.62,9,False,False,,False,False,True,RUNTIME_RACEDAY_MODEL_SUGGESTION,ID_MATCH
2026-07-06,922459,SQPE_NO_RPR_SHADOW,SQPE_NO_RPR_SHADOW,Home Secretary,8120590,data/runner_snapshots_2026_07_06_report_only.jsonl,sqpe_no_rpr_shadow_prob,2,0.1219,4.5,1,True,True,,False,False,True,RUNTIME_RACEDAY_MODEL_SUGGESTION,ID_MATCH
2026-07-06,922459,SQPE_NO_RPR_SHADOW,SQPE_NO_RPR_SHADOW,Femme Fatale,7926361,data/runner_snapshots_2026_07_06_report_only.jsonl,sqpe_no_rpr_shadow_prob,3,0.1127,10.0,2,False,True,,False,False,True,RUNTIME_RACEDAY_MODEL_SUGGESTION,ID_MATCH
2026-07-06,922459,SQPE_NO_RPR_SHADOW,SQPE_NO_RPR_SHADOW,Artavian,5343980,data/runner_snapshots_2026_07_06_report_only.jsonl,sqpe_no_rpr_shadow_prob,4,0.0998,13.0,6,False,False,,False,False,True,RUNTIME_RACEDAY_MODEL_SUGGESTION,ID_MATCH
2026-07-06,922459,SQPE_NO_RPR_SHADOW,SQPE_NO_RPR_SHADOW,Break Point,5011618,data/runner_snapshots_2026_07_06_report_only.jsonl,sqpe_no_rpr_shadow_prob,5,0.098,5.0,4,False,False,,False,False,True,RUNTIME_RACEDAY_MODEL_SUGGESTION,ID_MATCH
2026-07-06,922459,SQPE_NO_RPR_SHADOW,SQPE_NO_RPR_SHADOW,La Trinite,7015791,data/runner_snapshots_2026_07_06_report_only.jsonl,sqpe_no_rpr_shadow_prob,6,0.0946,10.0,3,False,True,,False,False,True,RUNTIME_RACEDAY_MODEL_SUGGESTION,ID_MATCH
2026-07-06,922459,SQPE_NO_RPR_SHADOW,SQPE_NO_RPR_SHADOW,Master Dancer,4609241,data/runner_snapshots_2026_07_06_report_only.jsonl,sqpe_no_rpr_shadow_prob,7,0.0798,29.0,8,False,False,,False,False,True,RUNTIME_RACEDAY_MODEL_SUGGESTION,ID_MATCH
2026-07-06,922459,SQPE_NO_RPR_SHADOW,SQPE_NO_RPR_SHADOW,October Surprise,8188069,data/runner_snapshots_2026_07_06_report_only.jsonl,sqpe_no_rpr_shadow_prob,8,0.0736,34.0,5,False,False,,False,False,True,RUNTIME_RACEDAY_MODEL_SUGGESTION,ID_MATCH
2026-07-06,922459,SQPE_NO_RPR_SHADOW,SQPE_NO_RPR_SHADOW,Smith,1860137,data/runner_snapshots_2026_07_06_report_only.jsonl,sqpe_no_rpr_shadow_prob,9,0.0575,34.0,7,False,False,,False,False,True,RUNTIME_RACEDAY_MODEL_SUGGESTION,ID_MATCH
2026-07-06,922301,MAIN_VELO_PRIME,MAIN_VELO_PRIME,Flying Moonlight,7922006,data/runner_snapshots_2026_07_06_report_only.jsonl,velo_prime_prob,1,0.2788,8.5,3,False,True,,False,False,True,RUNTIME_RACEDAY_MODEL_SUGGESTION,ID_MATCH
2026-07-06,922301,MAIN_VELO_PRIME,MAIN_VELO_PRIME,Hunterian,8476547,data/runner_snapshots_2026_07_06_report_only.jsonl,velo_prime_prob,2,0.2272,5.0,6,False,False,,False,False,True,RUNTIME_RACEDAY_MODEL_SUGGESTION,ID_MATCH
2026-07-06,922301,MAIN_VELO_PRIME,MAIN_VELO_PRIME,Hey Havana,7743754,data/runner_snapshots_2026_07_06_report_only.jsonl,velo_prime_prob,3,0.1567,5.0,5,False,False,,False,False,True,RUNTIME_RACEDAY_MODEL_SUGGESTION,ID_MATCH
2026-07-06,922301,MAIN_VELO_PRIME,MAIN_VELO_PRIME,Ey Up He's A Star,6496519,data/runner_snapshots_2026_07_06_report_only.jsonl,velo_prime_prob,4,0.1038,5.5,1,True,True,,False,False,True,RUNTIME_RACEDAY_MODEL_SUGGESTION,ID_MATCH
2026-07-06,922301,MAIN_VELO_PRIME,MAIN_VELO_PRIME,Penelope's Sister,4449876,data/runner_snapshots_2026_07_06_report_only.jsonl,velo_prime_prob,5,0.0483,4.5,4,False,False,,False,False,True,RUNTIME_RACEDAY_MODEL_SUGGESTION,ID_MATCH
2026-07-06,922301,MAIN_VELO_PRIME,MAIN_VELO_PRIME,Lightning Galaxy,6265741,data/runner_snapshots_2026_07_06_report_only.jsonl,velo_prime_prob,6,0.0452,11.0,9,False,False,,False,False,True,RUNTIME_RACEDAY_MODEL_SUGGESTION,ID_MATCH
2026-07-06,922301,MAIN_VELO_PRIME,MAIN_VELO_PRIME,Lovette,7520219,data/runner_snapshots_2026_07_06_report_only.jsonl,velo_prime_prob,7,0.0411,29.0,10,False,False,,False,False,True,RUNTIME_RACEDAY_MODEL_SUGGESTION,ID_MATCH
2026-07-06,922301,MAIN_VELO_PRIME,MAIN_VELO_PRIME,Concert Boy,4273974,data/runner_snapshots_2026_07_06_report_only.jsonl,velo_prime_prob,8,0.0364,51.0,7,False,False,,False,False,True,RUNTIME_RACEDAY_MODEL_SUGGESTION,ID_MATCH
2026-07-06,922301,MAIN_VELO_PRIME,MAIN_VELO_PRIME,Starliner,5104236,data/runner_snapshots_2026_07_06_report_only.jsonl,velo_prime_prob,9,0.026,11.0,8,False,False,,False,False,True,RUNTIME_RACEDAY_MODEL_SUGGESTION,ID_MATCH
2026-07-06,922301,MAIN_VELO_PRIME,MAIN_VELO_PRIME,Carmel Valley,8205595,data/runner_snapshots_2026_07_06_report_only.jsonl,velo_prime_prob,10,0.019,23.0,2,False,True,,False,False,True,RUNTIME_RACEDAY_MODEL_SUGGESTION,ID_MATCH
2026-07-06,922301,MAIN_VELO_PRIME,MAIN_VELO_PRIME,Filly Eilish,8788810,data/runner_snapshots_2026_07_06_report_only.jsonl,velo_prime_prob,11,0.0176,,,False,False,,False,False,True,RUNTIME_RACEDAY_MODEL_SUGGESTION,NO_RESULT_MATCH
2026-07-06,922301,OLD_VELO_LONGSHOT,OLD_VELO_LONGSHOT,Flying Moonlight,7922006,data/velo_prime_verdicts_2026_07_06.json,top.longshot_prob,1,0.2081,8.5,3,False,True,,False,False,True,RUNTIME_RACEDAY_MODEL_SUGGESTION,ID_MATCH
2026-07-06,922301,OLD_VELO_PLACE,OLD_VELO_PLACE,Flying Moonlight,7922006,data/velo_prime_verdicts_2026_07_06.json,top.place_prob,1,0.3218,8.5,3,False,True,,False,False,True,RUNTIME_RACEDAY_MODEL_SUGGESTION,ID_MATCH
2026-07-06,922301,OLD_VELO_WIN,OLD_VELO_WIN,Flying Moonlight,7922006,data/velo_prime_verdicts_2026_07_06.json,top.velo_prime_prob,1,0.2788,8.5,3,False,True,,False,False,True,RUNTIME_RACEDAY_MODEL_SUGGESTION,ID_MATCH
2026-07-06,922301,SQPE_NO_RPR_SHADOW,SQPE_NO_RPR_SHADOW,Filly Eilish,8788810,data/runner_snapshots_2026_07_06_report_only.jsonl,sqpe_no_rpr_shadow_prob,1,0.1086,,,False,False,,False,False,True,RUNTIME_RACEDAY_MODEL_SUGGESTION,NO_RESULT_MATCH
2026-07-06,922301,SQPE_NO_RPR_SHADOW,SQPE_NO_RPR_SHADOW,Carmel Valley,8205595,data/runner_snapshots_2026_07_06_report_only.jsonl,sqpe_no_rpr_shadow_prob,2,0.1082,23.0,2,False,True,,False,False,True,RUNTIME_RACEDAY_MODEL_SUGGESTION,ID_MATCH
2026-07-06,922301,SQPE_NO_RPR_SHADOW,SQPE_NO_RPR_SHADOW,Hunterian,8476547,data/runner_snapshots_2026_07_06_report_only.jsonl,sqpe_no_rpr_shadow_prob,3,0.0969,5.0,6,False,False,,False,False,True,RUNTIME_RACEDAY_MODEL_SUGGESTION,ID_MATCH
2026-07-06,922301,SQPE_NO_RPR_SHADOW,SQPE_NO_RPR_SHADOW,Lovette,7520219,data/runner_snapshots_2026_07_06_report_only.jsonl,sqpe_no_rpr_shadow_prob,4,0.0959,29.0,10,False,False,,False,False,True,RUNTIME_RACEDAY_MODEL_SUGGESTION,ID_MATCH
2026-07-06,922301,SQPE_NO_RPR_SHADOW,SQPE_NO_RPR_SHADOW,Penelope's Sister,4449876,data/runner_snapshots_2026_07_06_report_only.jsonl,sqpe_no_rpr_shadow_prob,5,0.0938,4.5,4,False,False,,False,False,True,RUNTIME_RACEDAY_MODEL_SUGGESTION,ID_MATCH
2026-07-06,922301,SQPE_NO_RPR_SHADOW,SQPE_NO_RPR_SHADOW,Starliner,5104236,data/runner_snapshots_2026_07_06_report_only.jsonl,sqpe_no_rpr_shadow_prob,6,0.0903,11.0,8,False,False,,False,False,True,RUNTIME_RACEDAY_MODEL_SUGGESTION,ID_MATCH
2026-07-06,922301,SQPE_NO_RPR_SHADOW,SQPE_NO_RPR_SHADOW,Lightning Galaxy,6265741,data/runner_snapshots_2026_07_06_report_only.jsonl,sqpe_no_rpr_shadow_prob,7,0.0864,11.0,9,False,False,,False,False,True,RUNTIME_RACEDAY_MODEL_SUGGESTION,ID_MATCH
2026-07-06,922301,SQPE_NO_RPR_SHADOW,SQPE_NO_RPR_SHADOW,Hey Havana,7743754,data/runner_snapshots_2026_07_06_report_only.jsonl,sqpe_no_rpr_shadow_prob,8,0.0861,5.0,5,False,False,,False,False,True,RUNTIME_RACEDAY_MODEL_SUGGESTION,ID_MATCH
2026-07-06,922301,SQPE_NO_RPR_SHADOW,SQPE_NO_RPR_SHADOW,Concert Boy,4273974,data/runner_snapshots_2026_07_06_report_only.jsonl,sqpe_no_rpr_shadow_prob,9,0.0846,51.0,7,False,False,,False,False,True,RUNTIME_RACEDAY_MODEL_SUGGESTION,ID_MATCH
2026-07-06,922301,SQPE_NO_RPR_SHADOW,SQPE_NO_RPR_SHADOW,Ey Up He's A Star,6496519,data/runner_snapshots_2026_07_06_report_only.jsonl,sqpe_no_rpr_shadow_prob,10,0.0832,5.5,1,True,True,,False,False,True,RUNTIME_RACEDAY_MODEL_SUGGESTION,ID_MATCH
2026-07-06,922301,SQPE_NO_RPR_SHADOW,SQPE_NO_RPR_SHADOW,Flying Moonlight,7922006,data/runner_snapshots_2026_07_06_report_only.jsonl,sqpe_no_rpr_shadow_prob,11,0.0544,8.5,3,False,True,,False,False,True,RUNTIME_RACEDAY_MODEL_SUGGESTION,ID_MATCH
2026-07-06,922457,MAIN_VELO_PRIME,MAIN_VELO_PRIME,Nogo's Dream,4175313,data/runner_snapshots_2026_07_06_report_only.jsonl,velo_prime_prob,1,0.1842,4.0,4,False,False,,False,False,True,RUNTIME_RACEDAY_MODEL_SUGGESTION,ID_MATCH
2026-07-06,922457,MAIN_VELO_PRIME,MAIN_VELO_PRIME,Sandscreendeliverd,6701903,data/runner_snapshots_2026_07_06_report_only.jsonl,velo_prime_prob,2,0.1782,7.0,3,False,True,,False,False,True,RUNTIME_RACEDAY_MODEL_SUGGESTION,ID_MATCH
2026-07-06,922457,MAIN_VELO_PRIME,MAIN_VELO_PRIME,Dontspoilasale,4342385,data/runner_snapshots_2026_07_06_report_only.jsonl,velo_prime_prob,3,0.1603,126.0,7,False,False,,False,False,True,RUNTIME_RACEDAY_MODEL_SUGGESTION,ID_MATCH
2026-07-06,922457,MAIN_VELO_PRIME,MAIN_VELO_PRIME,Hoodie Hoo,6166263,data/runner_snapshots_2026_07_06_report_only.jsonl,velo_prime_prob,4,0.1045,6.0,5,False,False,,False,False,True,RUNTIME_RACEDAY_MODEL_SUGGESTION,ID_MATCH
2026-07-06,922457,MAIN_VELO_PRIME,MAIN_VELO_PRIME,Michaela's Boy,4229840,data/runner_snapshots_2026_07_06_report_only.jsonl,velo_prime_prob,5,0.0957,7.0,8,False,False,,False,False,True,RUNTIME_RACEDAY_MODEL_SUGGESTION,ID_MATCH
2026-07-06,922457,MAIN_VELO_PRIME,MAIN_VELO_PRIME,Havana Blast,5579972,data/runner_snapshots_2026_07_06_report_only.jsonl,velo_prime_prob,6,0.0946,4.0,2,False,True,,False,False,True,RUNTIME_RACEDAY_MODEL_SUGGESTION,ID_MATCH
2026-07-06,922457,MAIN_VELO_PRIME,MAIN_VELO_PRIME,Law Of Average,5222212,data/runner_snapshots_2026_07_06_report_only.jsonl,velo_prime_prob,7,0.0756,7.0,1,True,True,,False,False,True,RUNTIME_RACEDAY_MODEL_SUGGESTION,ID_MATCH
2026-07-06,922457,MAIN_VELO_PRIME,MAIN_VELO_PRIME,Lebron Power,7713424,data/runner_snapshots_2026_07_06_report_only.jsonl,velo_prime_prob,8,0.0614,23.0,6,False,False,,False,False,True,RUNTIME_RACEDAY_MODEL_SUGGESTION,ID_MATCH
2026-07-06,922457,MAIN_VELO_PRIME,MAIN_VELO_PRIME,Counsel,3309441,data/runner_snapshots_2026_07_06_report_only.jsonl,velo_prime_prob,9,0.0456,,,False,False,,False,False,True,RUNTIME_RACEDAY_MODEL_SUGGESTION,NO_RESULT_MATCH
2026-07-06,922457,OLD_VELO_LONGSHOT,OLD_VELO_LONGSHOT,Nogo's Dream,4175313,data/velo_prime_verdicts_2026_07_06.json,top.longshot_prob,1,0.0487,4.0,4,False,False,,False,False,True,RUNTIME_RACEDAY_MODEL_SUGGESTION,ID_MATCH
2026-07-06,922457,OLD_VELO_PLACE,OLD_VELO_PLACE,Nogo's Dream,4175313,data/velo_prime_verdicts_2026_07_06.json,top.place_prob,1,0.0162,4.0,4,False,False,,False,False,True,RUNTIME_RACEDAY_MODEL_SUGGESTION,ID_MATCH
2026-07-06,922457,OLD_VELO_WIN,OLD_VELO_WIN,Nogo's Dream,4175313,data/velo_prime_verdicts_2026_07_06.json,top.velo_prime_prob,1,0.1842,4.0,4,False,False,,False,False,True,RUNTIME_RACEDAY_MODEL_SUGGESTION,ID_MATCH
2026-07-06,922457,SQPE_NO_RPR_SHADOW,SQPE_NO_RPR_SHADOW,Michaela's Boy,4229840,data/runner_snapshots_2026_07_06_report_only.jsonl,sqpe_no_rpr_shadow_prob,1,0.1366,7.0,8,False,False,,False,False,True,RUNTIME_RACEDAY_MODEL_SUGGESTION,ID_MATCH
2026-07-06,922457,SQPE_NO_RPR_SHADOW,SQPE_NO_RPR_SHADOW,Havana Blast,5579972,data/runner_snapshots_2026_07_06_report_only.jsonl,sqpe_no_rpr_shadow_prob,2,0.1173,4.0,2,False,True,,False,False,True,RUNTIME_RACEDAY_MODEL_SUGGESTION,ID_MATCH
2026-07-06,922457,SQPE_NO_RPR_SHADOW,SQPE_NO_RPR_SHADOW,Lebron Power,7713424,data/runner_snapshots_2026_07_06_report_only.jsonl,sqpe_no_rpr_shadow_prob,3,0.1145,23.0,6,False,False,,False,False,True,RUNTIME_RACEDAY_MODEL_SUGGESTION,ID_MATCH
2026-07-06,922457,SQPE_NO_RPR_SHADOW,SQPE_NO_RPR_SHADOW,Law Of Average,5222212,data/runner_snapshots_2026_07_06_report_only.jsonl,sqpe_no_rpr_shadow_prob,4,0.1082,7.0,1,True,True,,False,False,True,RUNTIME_RACEDAY_MODEL_SUGGESTION,ID_MATCH
2026-07-06,922457,SQPE_NO_RPR_SHADOW,SQPE_NO_RPR_SHADOW,Nogo's Dream,4175313,data/runner_snapshots_2026_07_06_report_only.jsonl,sqpe_no_rpr_shadow_prob,5,0.0998,4.0,4,False,False,,False,False,True,RUNTIME_RACEDAY_MODEL_SUGGESTION,ID_MATCH
2026-07-06,922457,SQPE_NO_RPR_SHADOW,SQPE_NO_RPR_SHADOW,Hoodie Hoo,6166263,data/runner_snapshots_2026_07_06_report_only.jsonl,sqpe_no_rpr_shadow_prob,6,0.0979,6.0,5,False,False,,False,False,True,RUNTIME_RACEDAY_MODEL_SUGGESTION,ID_MATCH
2026-07-06,922457,SQPE_NO_RPR_SHADOW,SQPE_NO_RPR_SHADOW,Sandscreendeliverd,6701903,data/runner_snapshots_2026_07_06_report_only.jsonl,sqpe_no_rpr_shadow_prob,7,0.0753,7.0,3,False,True,,False,False,True,RUNTIME_RACEDAY_MODEL_SUGGESTION,ID_MATCH
2026-07-06,922457,SQPE_NO_RPR_SHADOW,SQPE_NO_RPR_SHADOW,Counsel,3309441,data/runner_snapshots_2026_07_06_report_only.jsonl,sqpe_no_rpr_shadow_prob,8,0.073,,,False,False,,False,False,True,RUNTIME_RACEDAY_MODEL_SUGGESTION,NO_RESULT_MATCH
2026-07-06,922457,SQPE_NO_RPR_SHADOW,SQPE_NO_RPR_SHADOW,Dontspoilasale,4342385,data/runner_snapshots_2026_07_06_report_only.jsonl,sqpe_no_rpr_shadow_prob,9,0.0708,126.0,7,False,False,,False,False,True,RUNTIME_RACEDAY_MODEL_SUGGESTION,ID_MATCH
2026-07-06,922295,MAIN_VELO_PRIME,MAIN_VELO_PRIME,Kelpie Grey,4469691,data/runner_snapshots_2026_07_06_report_only.jsonl,velo_prime_prob,1,0.1563,15.0,13,False,False,,False,False,True,RUNTIME_RACEDAY_MODEL_SUGGESTION,ID_MATCH
2026-07-06,922295,MAIN_VELO_PRIME,MAIN_VELO_PRIME,Daizen,7618354,data/runner_snapshots_2026_07_06_report_only.jsonl,velo_prime_prob,2,0.1447,13.0,16,False,False,,False,False,True,RUNTIME_RACEDAY_MODEL_SUGGESTION,ID_MATCH
2026-07-06,922295,MAIN_VELO_PRIME,MAIN_VELO_PRIME,Dandy Magic,6074527,data/runner_snapshots_2026_07_06_report_only.jsonl,velo_prime_prob,3,0.1018,26.0,4,False,False,,False,False,True,RUNTIME_RACEDAY_MODEL_SUGGESTION,ID_MATCH
2026-07-06,922295,MAIN_VELO_PRIME,MAIN_VELO_PRIME,Tip Foster,9055759,data/runner_snapshots_2026_07_06_report_only.jsonl,velo_prime_prob,4,0.1013,,,False,False,,False,False,True,RUNTIME_RACEDAY_MODEL_SUGGESTION,NO_RESULT_MATCH
2026-07-06,922295,MAIN_VELO_PRIME,MAIN_VELO_PRIME,The Caltonian,4998715,data/runner_snapshots_2026_07_06_report_only.jsonl,velo_prime_prob,5,0.0966,29.0,12,False,False,,False,False,True,RUNTIME_RACEDAY_MODEL_SUGGESTION,ID_MATCH
2026-07-06,922295,MAIN_VELO_PRIME,MAIN_VELO_PRIME,Cotai Lights,8277420,data/runner_snapshots_2026_07_06_report_only.jsonl,velo_prime_prob,6,0.0511,12.0,14,False,False,,False,False,True,RUNTIME_RACEDAY_MODEL_SUGGESTION,ID_MATCH
2026-07-06,922295,MAIN_VELO_PRIME,MAIN_VELO_PRIME,Prince Of Pillo,4395019,data/runner_snapshots_2026_07_06_report_only.jsonl,velo_prime_prob,7,0.0465,23.0,11,False,False,,False,False,True,RUNTIME_RACEDAY_MODEL_SUGGESTION,ID_MATCH
2026-07-06,922295,MAIN_VELO_PRIME,MAIN_VELO_PRIME,Manila Scouse,3549479,data/runner_snapshots_2026_07_06_report_only.jsonl,velo_prime_prob,8,0.0432,8.5,1,True,True,,False,False,True,RUNTIME_RACEDAY_MODEL_SUGGESTION,ID_MATCH
2026-07-06,922295,MAIN_VELO_PRIME,MAIN_VELO_PRIME,Parisiac,3853585,data/runner_snapshots_2026_07_06_report_only.jsonl,velo_prime_prob,9,0.0394,10.0,10,False,False,,False,False,True,RUNTIME_RACEDAY_MODEL_SUGGESTION,ID_MATCH
2026-07-06,922295,MAIN_VELO_PRIME,MAIN_VELO_PRIME,Here Forever,7926370,data/runner_snapshots_2026_07_06_report_only.jsonl,velo_prime_prob,10,0.0342,51.0,5,False,False,,False,False,True,RUNTIME_RACEDAY_MODEL_SUGGESTION,ID_MATCH
2026-07-06,922295,MAIN_VELO_PRIME,MAIN_VELO_PRIME,Dakota Gold,998344,data/runner_snapshots_2026_07_06_report_only.jsonl,velo_prime_prob,11,0.0305,51.0,17,False,False,,False,False,True,RUNTIME_RACEDAY_MODEL_SUGGESTION,ID_MATCH
2026-07-06,922295,MAIN_VELO_PRIME,MAIN_VELO_PRIME,Misunderstood,6238205,data/runner_snapshots_2026_07_06_report_only.jsonl,velo_prime_prob,12,0.0261,26.0,7,False,False,,False,False,True,RUNTIME_RACEDAY_MODEL_SUGGESTION,ID_MATCH
2026-07-06,922295,MAIN_VELO_PRIME,MAIN_VELO_PRIME,Rousing Encore,4225298,data/runner_snapshots_2026_07_06_report_only.jsonl,velo_prime_prob,13,0.0253,5.0,3,False,True,,False,False,True,RUNTIME_RACEDAY_MODEL_SUGGESTION,ID_MATCH
2026-07-06,922295,MAIN_VELO_PRIME,MAIN_VELO_PRIME,Territorial Knight,5831360,data/runner_snapshots_2026_07_06_report_only.jsonl,velo_prime_prob,14,0.0249,12.0,2,False,True,,False,False,True,RUNTIME_RACEDAY_MODEL_SUGGESTION,ID_MATCH
2026-07-06,922295,MAIN_VELO_PRIME,MAIN_VELO_PRIME,Woven,2116168,data/runner_snapshots_2026_07_06_report_only.jsonl,velo_prime_prob,15,0.024,10.0,9,False,False,,False,False,True,RUNTIME_RACEDAY_MODEL_SUGGESTION,ID_MATCH
2026-07-06,922295,MAIN_VELO_PRIME,MAIN_VELO_PRIME,Lord Bertie,4445414,data/runner_snapshots_2026_07_06_report_only.jsonl,velo_prime_prob,16,0.0227,8.5,6,False,False,,False,False,True,RUNTIME_RACEDAY_MODEL_SUGGESTION,ID_MATCH
2026-07-06,922295,MAIN_VELO_PRIME,MAIN_VELO_PRIME,Jordan Electrics,2050471,data/runner_snapshots_2026_07_06_report_only.jsonl,velo_prime_prob,17,0.0163,6.0,8,False,False,,False,False,True,RUNTIME_RACEDAY_MODEL_SUGGESTION,ID_MATCH
2026-07-06,922295,MAIN_VELO_PRIME,MAIN_VELO_PRIME,Gweedore,2650222,data/runner_snapshots_2026_07_06_report_only.jsonl,velo_prime_prob,18,0.015,17.0,15,False,False,,False,False,True,RUNTIME_RACEDAY_MODEL_SUGGESTION,ID_MATCH
2026-07-06,922295,OLD_VELO_LONGSHOT,OLD_VELO_LONGSHOT,Kelpie Grey,4469691,data/velo_prime_verdicts_2026_07_06.json,top.longshot_prob,1,0.2032,15.0,13,False,False,,False,False,True,RUNTIME_RACEDAY_MODEL_SUGGESTION,ID_MATCH
2026-07-06,922295,OLD_VELO_PLACE,OLD_VELO_PLACE,Kelpie Grey,4469691,data/velo_prime_verdicts_2026_07_06.json,top.place_prob,1,0.0847,15.0,13,False,False,,False,False,True,RUNTIME_RACEDAY_MODEL_SUGGESTION,ID_MATCH
2026-07-06,922295,OLD_VELO_WIN,OLD_VELO_WIN,Kelpie Grey,4469691,data/velo_prime_verdicts_2026_07_06.json,top.velo_prime_prob,1,0.1563,15.0,13,False,False,,False,False,True,RUNTIME_RACEDAY_MODEL_SUGGESTION,ID_MATCH
2026-07-06,922295,SQPE_NO_RPR_SHADOW,SQPE_NO_RPR_SHADOW,Lord Bertie,4445414,data/runner_snapshots_2026_07_06_report_only.jsonl,sqpe_no_rpr_shadow_prob,1,0.0678,8.5,6,False,False,,False,False,True,RUNTIME_RACEDAY_MODEL_SUGGESTION,ID_MATCH
2026-07-06,922295,SQPE_NO_RPR_SHADOW,SQPE_NO_RPR_SHADOW,Rousing Encore,4225298,data/runner_snapshots_2026_07_06_report_only.jsonl,sqpe_no_rpr_shadow_prob,2,0.0673,5.0,3,False,True,,False,False,True,RUNTIME_RACEDAY_MODEL_SUGGESTION,ID_MATCH
2026-07-06,922295,SQPE_NO_RPR_SHADOW,SQPE_NO_RPR_SHADOW,Cotai Lights,8277420,data/runner_snapshots_2026_07_06_report_only.jsonl,sqpe_no_rpr_shadow_prob,3,0.0665,12.0,14,False,False,,False,False,True,RUNTIME_RACEDAY_MODEL_SUGGESTION,ID_MATCH
2026-07-06,922295,SQPE_NO_RPR_SHADOW,SQPE_NO_RPR_SHADOW,Misunderstood,6238205,data/runner_snapshots_2026_07_06_report_only.jsonl,sqpe_no_rpr_shadow_prob,4,0.0642,26.0,7,False,False,,False,False,True,RUNTIME_RACEDAY_MODEL_SUGGESTION,ID_MATCH
2026-07-06,922295,SQPE_NO_RPR_SHADOW,SQPE_NO_RPR_SHADOW,Here Forever,7926370,data/runner_snapshots_2026_07_06_report_only.jsonl,sqpe_no_rpr_shadow_prob,5,0.0639,51.0,5,False,False,,False,False,True,RUNTIME_RACEDAY_MODEL_SUGGESTION,ID_MATCH
2026-07-06,922295,SQPE_NO_RPR_SHADOW,SQPE_NO_RPR_SHADOW,Territorial Knight,5831360,data/runner_snapshots_2026_07_06_report_only.jsonl,sqpe_no_rpr_shadow_prob,6,0.0585,12.0,2,False,True,,False,False,True,RUNTIME_RACEDAY_MODEL_SUGGESTION,ID_MATCH
2026-07-06,922295,SQPE_NO_RPR_SHADOW,SQPE_NO_RPR_SHADOW,Parisiac,3853585,data/runner_snapshots_2026_07_06_report_only.jsonl,sqpe_no_rpr_shadow_prob,7,0.0563,10.0,10,False,False,,False,False,True,RUNTIME_RACEDAY_MODEL_SUGGESTION,ID_MATCH
2026-07-06,922295,SQPE_NO_RPR_SHADOW,SQPE_NO_RPR_SHADOW,Gweedore,2650222,data/runner_snapshots_2026_07_06_report_only.jsonl,sqpe_no_rpr_shadow_prob,8,0.0523,17.0,15,False,False,,False,False,True,RUNTIME_RACEDAY_MODEL_SUGGESTION,ID_MATCH
2026-07-06,922295,SQPE_NO_RPR_SHADOW,SQPE_NO_RPR_SHADOW,Tip Foster,9055759,data/runner_snapshots_2026_07_06_report_only.jsonl,sqpe_no_rpr_shadow_prob,9,0.0468,,,False,False,,False,False,True,RUNTIME_RACEDAY_MODEL_SUGGESTION,NO_RESULT_MATCH
2026-07-06,922295,SQPE_NO_RPR_SHADOW,SQPE_NO_RPR_SHADOW,Prince Of Pillo,4395019,data/runner_snapshots_2026_07_06_report_only.jsonl,sqpe_no_rpr_shadow_prob,10,0.0463,23.0,11,False,False,,False,False,True,RUNTIME_RACEDAY_MODEL_SUGGESTION,ID_MATCH
2026-07-06,922295,SQPE_NO_RPR_SHADOW,SQPE_NO_RPR_SHADOW,Daizen,7618354,data/runner_snapshots_2026_07_06_report_only.jsonl,sqpe_no_rpr_shadow_prob,11,0.0449,13.0,16,False,False,,False,False,True,RUNTIME_RACEDAY_MODEL_SUGGESTION,ID_MATCH
2026-07-06,922295,SQPE_NO_RPR_SHADOW,SQPE_NO_RPR_SHADOW,Manila Scouse,3549479,data/runner_snapshots_2026_07_06_report_only.jsonl,sqpe_no_rpr_shadow_prob,12,0.0422,8.5,1,True,True,,False,False,True,RUNTIME_RACEDAY_MODEL_SUGGESTION,ID_MATCH
2026-07-06,922295,SQPE_NO_RPR_SHADOW,SQPE_NO_RPR_SHADOW,Dandy Magic,6074527,data/runner_snapshots_2026_07_06_report_only.jsonl,sqpe_no_rpr_shadow_prob,13,0.0418,26.0,4,False,False,,False,False,True,RUNTIME_RACEDAY_MODEL_SUGGESTION,ID_MATCH
2026-07-06,922295,SQPE_NO_RPR_SHADOW,SQPE_NO_RPR_SHADOW,Jordan Electrics,2050471,data/runner_snapshots_2026_07_06_report_only.jsonl,sqpe_no_rpr_shadow_prob,14,0.0352,6.0,8,False,False,,False,False,True,RUNTIME_RACEDAY_MODEL_SUGGESTION,ID_MATCH
2026-07-06,922295,SQPE_NO_RPR_SHADOW,SQPE_NO_RPR_SHADOW,The Caltonian,4998715,data/runner_snapshots_2026_07_06_report_only.jsonl,sqpe_no_rpr_shadow_prob,15,0.0343,29.0,12,False,False,,False,False,True,RUNTIME_RACEDAY_MODEL_SUGGESTION,ID_MATCH
2026-07-06,922295,SQPE_NO_RPR_SHADOW,SQPE_NO_RPR_SHADOW,Woven,2116168,data/runner_snapshots_2026_07_06_report_only.jsonl,sqpe_no_rpr_shadow_prob,16,0.0335,10.0,9,False,False,,False,False,True,RUNTIME_RACEDAY_MODEL_SUGGESTION,ID_MATCH
2026-07-06,922295,SQPE_NO_RPR_SHADOW,SQPE_NO_RPR_SHADOW,Kelpie Grey,4469691,data/runner_snapshots_2026_07_06_report_only.jsonl,sqpe_no_rpr_shadow_prob,17,0.0272,15.0,13,False,False,,False,False,True,RUNTIME_RACEDAY_MODEL_SUGGESTION,ID_MATCH
2026-07-06,922295,SQPE_NO_RPR_SHADOW,SQPE_NO_RPR_SHADOW,Dakota Gold,998344,data/runner_snapshots_2026_07_06_report_only.jsonl,sqpe_no_rpr_shadow_prob,18,0.0263,51.0,17,False,False,,False,False,True,RUNTIME_RACEDAY_MODEL_SUGGESTION,ID_MATCH
2026-07-06,924276,MAIN_VELO_PRIME,MAIN_VELO_PRIME,Bocelli's Voice,4129173,data/runner_snapshots_2026_07_06_report_only.jsonl,velo_prime_prob,1,0.1965,10.0,6,False,False,,False,False,True,RUNTIME_RACEDAY_MODEL_SUGGESTION,ID_MATCH
2026-07-06,924276,MAIN_VELO_PRIME,MAIN_VELO_PRIME,Rocky's Howya,3290532,data/runner_snapshots_2026_07_06_report_only.jsonl,velo_prime_prob,2,0.1853,2.88,1,True,True,,False,False,True,RUNTIME_RACEDAY_MODEL_SUGGESTION,ID_MATCH
2026-07-06,924276,MAIN_VELO_PRIME,MAIN_VELO_PRIME,Live My Dream,7238166,data/runner_snapshots_2026_07_06_report_only.jsonl,velo_prime_prob,3,0.1694,15.0,5,False,False,,False,False,True,RUNTIME_RACEDAY_MODEL_SUGGESTION,ID_MATCH
2026-07-06,924276,MAIN_VELO_PRIME,MAIN_VELO_PRIME,Garnetot,6473511,data/runner_snapshots_2026_07_06_report_only.jsonl,velo_prime_prob,4,0.1081,41.0,PU,False,False,,False,False,True,RUNTIME_RACEDAY_MODEL_SUGGESTION,ID_MATCH
2026-07-06,924276,MAIN_VELO_PRIME,MAIN_VELO_PRIME,Howdoyalikeherhome,5025135,data/runner_snapshots_2026_07_06_report_only.jsonl,velo_prime_prob,5,0.0996,4.33,UR,False,False,,False,False,True,RUNTIME_RACEDAY_MODEL_SUGGESTION,ID_MATCH
2026-07-06,924276,MAIN_VELO_PRIME,MAIN_VELO_PRIME,Paul Collins,5727954,data/runner_snapshots_2026_07_06_report_only.jsonl,velo_prime_prob,6,0.0842,11.0,3,False,True,,False,False,True,RUNTIME_RACEDAY_MODEL_SUGGESTION,ID_MATCH
2026-07-06,924276,MAIN_VELO_PRIME,MAIN_VELO_PRIME,Getaway Charlie,3507922,data/runner_snapshots_2026_07_06_report_only.jsonl,velo_prime_prob,7,0.0789,15.0,4,False,False,,False,False,True,RUNTIME_RACEDAY_MODEL_SUGGESTION,ID_MATCH
2026-07-06,924276,MAIN_VELO_PRIME,MAIN_VELO_PRIME,Tullyveery Lad,3265169,data/runner_snapshots_2026_07_06_report_only.jsonl,velo_prime_prob,8,0.078,4.0,2,False,True,,False,False,True,RUNTIME_RACEDAY_MODEL_SUGGESTION,ID_MATCH
2026-07-06,924276,OLD_VELO_LONGSHOT,OLD_VELO_LONGSHOT,Bocelli's Voice,4129173,data/velo_prime_verdicts_2026_07_06.json,top.longshot_prob,1,0.131,10.0,6,False,False,,False,False,True,RUNTIME_RACEDAY_MODEL_SUGGESTION,ID_MATCH
2026-07-06,924276,OLD_VELO_PLACE,OLD_VELO_PLACE,Bocelli's Voice,4129173,data/velo_prime_verdicts_2026_07_06.json,top.place_prob,1,0.0055,10.0,6,False,False,,False,False,True,RUNTIME_RACEDAY_MODEL_SUGGESTION,ID_MATCH
2026-07-06,924276,OLD_VELO_WIN,OLD_VELO_WIN,Bocelli's Voice,4129173,data/velo_prime_verdicts_2026_07_06.json,top.velo_prime_prob,1,0.1965,10.0,6,False,False,,False,False,True,RUNTIME_RACEDAY_MODEL_SUGGESTION,ID_MATCH
2026-07-06,924276,SQPE_NO_RPR_SHADOW,SQPE_NO_RPR_SHADOW,Howdoyalikeherhome,5025135,data/runner_snapshots_2026_07_06_report_only.jsonl,sqpe_no_rpr_shadow_prob,1,0.1556,4.33,UR,False,False,,False,False,True,RUNTIME_RACEDAY_MODEL_SUGGESTION,ID_MATCH
2026-07-06,924276,SQPE_NO_RPR_SHADOW,SQPE_NO_RPR_SHADOW,Paul Collins,5727954,data/runner_snapshots_2026_07_06_report_only.jsonl,sqpe_no_rpr_shadow_prob,2,0.1525,11.0,3,False,True,,False,False,True,RUNTIME_RACEDAY_MODEL_SUGGESTION,ID_MATCH
2026-07-06,924276,SQPE_NO_RPR_SHADOW,SQPE_NO_RPR_SHADOW,Garnetot,6473511,data/runner_snapshots_2026_07_06_report_only.jsonl,sqpe_no_rpr_shadow_prob,3,0.1212,41.0,PU,False,False,,False,False,True,RUNTIME_RACEDAY_MODEL_SUGGESTION,ID_MATCH
2026-07-06,924276,SQPE_NO_RPR_SHADOW,SQPE_NO_RPR_SHADOW,Rocky's Howya,3290532,data/runner_snapshots_2026_07_06_report_only.jsonl,sqpe_no_rpr_shadow_prob,4,0.1167,2.88,1,True,True,,False,False,True,RUNTIME_RACEDAY_MODEL_SUGGESTION,ID_MATCH
2026-07-06,924276,SQPE_NO_RPR_SHADOW,SQPE_NO_RPR_SHADOW,Tullyveery Lad,3265169,data/runner_snapshots_2026_07_06_report_only.jsonl,sqpe_no_rpr_shadow_prob,5,0.1111,4.0,2,False,True,,False,False,True,RUNTIME_RACEDAY_MODEL_SUGGESTION,ID_MATCH
2026-07-06,924276,SQPE_NO_RPR_SHADOW,SQPE_NO_RPR_SHADOW,Getaway Charlie,3507922,data/runner_snapshots_2026_07_06_report_only.jsonl,sqpe_no_rpr_shadow_prob,6,0.1091,15.0,4,False,False,,False,False,True,RUNTIME_RACEDAY_MODEL_SUGGESTION,ID_MATCH
2026-07-06,924276,SQPE_NO_RPR_SHADOW,SQPE_NO_RPR_SHADOW,Live My Dream,7238166,data/runner_snapshots_2026_07_06_report_only.jsonl,sqpe_no_rpr_shadow_prob,7,0.0964,15.0,5,False,False,,False,False,True,RUNTIME_RACEDAY_MODEL_SUGGESTION,ID_MATCH
2026-07-06,924276,SQPE_NO_RPR_SHADOW,SQPE_NO_RPR_SHADOW,Bocelli's Voice,4129173,data/runner_snapshots_2026_07_06_report_only.jsonl,sqpe_no_rpr_shadow_prob,8,0.0679,10.0,6,False,False,,False,False,True,RUNTIME_RACEDAY_MODEL_SUGGESTION,ID_MATCH
2026-07-06,924390,MAIN_VELO_PRIME,MAIN_VELO_PRIME,Solar Edge,6032411,data/runner_snapshots_2026_07_06_report_only.jsonl,velo_prime_prob,1,0.2548,5.5,7,False,False,,False,False,True,RUNTIME_RACEDAY_MODEL_SUGGESTION,ID_MATCH
2026-07-06,924390,MAIN_VELO_PRIME,MAIN_VELO_PRIME,Mick's Spirit,3147782,data/runner_snapshots_2026_07_06_report_only.jsonl,velo_prime_prob,2,0.1841,21.0,6,False,False,,False,False,True,RUNTIME_RACEDAY_MODEL_SUGGESTION,ID_MATCH
2026-07-06,924390,MAIN_VELO_PRIME,MAIN_VELO_PRIME,Nezeeh,5237784,data/runner_snapshots_2026_07_06_report_only.jsonl,velo_prime_prob,3,0.148,151.0,8,False,False,,False,False,True,RUNTIME_RACEDAY_MODEL_SUGGESTION,ID_MATCH
2026-07-06,924390,MAIN_VELO_PRIME,MAIN_VELO_PRIME,Tan Rapido,5065574,data/runner_snapshots_2026_07_06_report_only.jsonl,velo_prime_prob,4,0.0812,7.0,1,True,True,,False,False,True,RUNTIME_RACEDAY_MODEL_SUGGESTION,ID_MATCH
2026-07-06,924390,MAIN_VELO_PRIME,MAIN_VELO_PRIME,Ziggy's Missile,5262421,data/runner_snapshots_2026_07_06_report_only.jsonl,velo_prime_prob,5,0.08,11.0,9,False,False,,False,False,True,RUNTIME_RACEDAY_MODEL_SUGGESTION,ID_MATCH
2026-07-06,924390,MAIN_VELO_PRIME,MAIN_VELO_PRIME,Dyrholaey,5488158,data/runner_snapshots_2026_07_06_report_only.jsonl,velo_prime_prob,6,0.072,6.0,2,False,True,,False,False,True,RUNTIME_RACEDAY_MODEL_SUGGESTION,ID_MATCH
2026-07-06,924390,MAIN_VELO_PRIME,MAIN_VELO_PRIME,Temple Of Athena,7205093,data/runner_snapshots_2026_07_06_report_only.jsonl,velo_prime_prob,7,0.0678,6.5,4,False,False,,False,False,True,RUNTIME_RACEDAY_MODEL_SUGGESTION,ID_MATCH
2026-07-06,924390,MAIN_VELO_PRIME,MAIN_VELO_PRIME,Accrual,5937860,data/runner_snapshots_2026_07_06_report_only.jsonl,velo_prime_prob,8,0.0581,5.0,5,False,False,,False,False,True,RUNTIME_RACEDAY_MODEL_SUGGESTION,ID_MATCH
2026-07-06,924390,MAIN_VELO_PRIME,MAIN_VELO_PRIME,Almaty Star,4575818,data/runner_snapshots_2026_07_06_report_only.jsonl,velo_prime_prob,9,0.054,6.0,3,False,True,,False,False,True,RUNTIME_RACEDAY_MODEL_SUGGESTION,ID_MATCH
2026-07-06,924390,OLD_VELO_LONGSHOT,OLD_VELO_LONGSHOT,Solar Edge,6032411,data/velo_prime_verdicts_2026_07_06.json,top.longshot_prob,1,0.0189,5.5,7,False,False,,False,False,True,RUNTIME_RACEDAY_MODEL_SUGGESTION,ID_MATCH
2026-07-06,924390,OLD_VELO_PLACE,OLD_VELO_PLACE,Solar Edge,6032411,data/velo_prime_verdicts_2026_07_06.json,top.place_prob,1,0.018,5.5,7,False,False,,False,False,True,RUNTIME_RACEDAY_MODEL_SUGGESTION,ID_MATCH
2026-07-06,924390,OLD_VELO_WIN,OLD_VELO_WIN,Solar Edge,6032411,data/velo_prime_verdicts_2026_07_06.json,top.velo_prime_prob,1,0.2548,5.5,7,False,False,,False,False,True,RUNTIME_RACEDAY_MODEL_SUGGESTION,ID_MATCH
2026-07-06,924390,SQPE_NO_RPR_SHADOW,SQPE_NO_RPR_SHADOW,Dyrholaey,5488158,data/runner_snapshots_2026_07_06_report_only.jsonl,sqpe_no_rpr_shadow_prob,1,0.1334,6.0,2,False,True,,False,False,True,RUNTIME_RACEDAY_MODEL_SUGGESTION,ID_MATCH
2026-07-06,924390,SQPE_NO_RPR_SHADOW,SQPE_NO_RPR_SHADOW,Temple Of Athena,7205093,data/runner_snapshots_2026_07_06_report_only.jsonl,sqpe_no_rpr_shadow_prob,2,0.1281,6.5,4,False,False,,False,False,True,RUNTIME_RACEDAY_MODEL_SUGGESTION,ID_MATCH
2026-07-06,924390,SQPE_NO_RPR_SHADOW,SQPE_NO_RPR_SHADOW,Accrual,5937860,data/runner_snapshots_2026_07_06_report_only.jsonl,sqpe_no_rpr_shadow_prob,3,0.1118,5.0,5,False,False,,False,False,True,RUNTIME_RACEDAY_MODEL_SUGGESTION,ID_MATCH
2026-07-06,924390,SQPE_NO_RPR_SHADOW,SQPE_NO_RPR_SHADOW,Almaty Star,4575818,data/runner_snapshots_2026_07_06_report_only.jsonl,sqpe_no_rpr_shadow_prob,4,0.1118,6.0,3,False,True,,False,False,True,RUNTIME_RACEDAY_MODEL_SUGGESTION,ID_MATCH
2026-07-06,924390,SQPE_NO_RPR_SHADOW,SQPE_NO_RPR_SHADOW,Solar Edge,6032411,data/runner_snapshots_2026_07_06_report_only.jsonl,sqpe_no_rpr_shadow_prob,5,0.1031,5.5,7,False,False,,False,False,True,RUNTIME_RACEDAY_MODEL_SUGGESTION,ID_MATCH
2026-07-06,924390,SQPE_NO_RPR_SHADOW,SQPE_NO_RPR_SHADOW,Tan Rapido,5065574,data/runner_snapshots_2026_07_06_report_only.jsonl,sqpe_no_rpr_shadow_prob,6,0.0959,7.0,1,True,True,,False,False,True,RUNTIME_RACEDAY_MODEL_SUGGESTION,ID_MATCH
2026-07-06,924390,SQPE_NO_RPR_SHADOW,SQPE_NO_RPR_SHADOW,Ziggy's Missile,5262421,data/runner_snapshots_2026_07_06_report_only.jsonl,sqpe_no_rpr_shadow_prob,7,0.0949,11.0,9,False,False,,False,False,True,RUNTIME_RACEDAY_MODEL_SUGGESTION,ID_MATCH
2026-07-06,924390,SQPE_NO_RPR_SHADOW,SQPE_NO_RPR_SHADOW,Nezeeh,5237784,data/runner_snapshots_2026_07_06_report_only.jsonl,sqpe_no_rpr_shadow_prob,8,0.0793,151.0,8,False,False,,False,False,True,RUNTIME_RACEDAY_MODEL_SUGGESTION,ID_MATCH
2026-07-06,924390,SQPE_NO_RPR_SHADOW,SQPE_NO_RPR_SHADOW,Mick's Spirit,3147782,data/runner_snapshots_2026_07_06_report_only.jsonl,sqpe_no_rpr_shadow_prob,9,0.0453,21.0,6,False,False,,False,False,True,RUNTIME_RACEDAY_MODEL_SUGGESTION,ID_MATCH
2026-07-06,922299,MAIN_VELO_PRIME,MAIN_VELO_PRIME,Baby Rover,6046805,data/runner_snapshots_2026_07_06_report_only.jsonl,velo_prime_prob,1,0.186,7.0,6,False,False,,False,False,True,RUNTIME_RACEDAY_MODEL_SUGGESTION,ID_MATCH
2026-07-06,922299,MAIN_VELO_PRIME,MAIN_VELO_PRIME,Ellie's de Vega,7488302,data/runner_snapshots_2026_07_06_report_only.jsonl,velo_prime_prob,2,0.1378,5.0,5,False,False,,False,False,True,RUNTIME_RACEDAY_MODEL_SUGGESTION,ID_MATCH
2026-07-06,922299,MAIN_VELO_PRIME,MAIN_VELO_PRIME,Maynora,7436362,data/runner_snapshots_2026_07_06_report_only.jsonl,velo_prime_prob,3,0.1107,6.0,2,False,True,,False,False,True,RUNTIME_RACEDAY_MODEL_SUGGESTION,ID_MATCH
2026-07-06,922299,MAIN_VELO_PRIME,MAIN_VELO_PRIME,Newyorkstateofmind,2698905,data/runner_snapshots_2026_07_06_report_only.jsonl,velo_prime_prob,4,0.1038,41.0,8,False,False,,False,False,True,RUNTIME_RACEDAY_MODEL_SUGGESTION,ID_MATCH
2026-07-06,922299,MAIN_VELO_PRIME,MAIN_VELO_PRIME,Saxon Gem,7566112,data/runner_snapshots_2026_07_06_report_only.jsonl,velo_prime_prob,5,0.0807,26.0,11,False,False,,False,False,True,RUNTIME_RACEDAY_MODEL_SUGGESTION,ID_MATCH
2026-07-06,922299,MAIN_VELO_PRIME,MAIN_VELO_PRIME,Saxon Grace,7935085,data/runner_snapshots_2026_07_06_report_only.jsonl,velo_prime_prob,6,0.0681,17.0,10,False,False,,False,False,True,RUNTIME_RACEDAY_MODEL_SUGGESTION,ID_MATCH
2026-07-06,922299,MAIN_VELO_PRIME,MAIN_VELO_PRIME,April Diamond,9083764,data/runner_snapshots_2026_07_06_report_only.jsonl,velo_prime_prob,7,0.0665,19.0,13,False,False,,False,False,True,RUNTIME_RACEDAY_MODEL_SUGGESTION,ID_MATCH
2026-07-06,922299,MAIN_VELO_PRIME,MAIN_VELO_PRIME,White Ladder,7436373,data/runner_snapshots_2026_07_06_report_only.jsonl,velo_prime_prob,8,0.0582,5.0,1,True,True,,False,False,True,RUNTIME_RACEDAY_MODEL_SUGGESTION,ID_MATCH
2026-07-06,922299,MAIN_VELO_PRIME,MAIN_VELO_PRIME,Royal Duke,6014829,data/runner_snapshots_2026_07_06_report_only.jsonl,velo_prime_prob,9,0.0564,15.0,7,False,False,,False,False,True,RUNTIME_RACEDAY_MODEL_SUGGESTION,ID_MATCH
2026-07-06,922299,MAIN_VELO_PRIME,MAIN_VELO_PRIME,So Grateful,3154619,data/runner_snapshots_2026_07_06_report_only.jsonl,velo_prime_prob,10,0.0485,26.0,4,False,False,,False,False,True,RUNTIME_RACEDAY_MODEL_SUGGESTION,ID_MATCH
2026-07-06,922299,MAIN_VELO_PRIME,MAIN_VELO_PRIME,Keep The Gold,6345372,data/runner_snapshots_2026_07_06_report_only.jsonl,velo_prime_prob,11,0.0392,5.0,9,False,False,,False,False,True,RUNTIME_RACEDAY_MODEL_SUGGESTION,ID_MATCH
2026-07-06,922299,MAIN_VELO_PRIME,MAIN_VELO_PRIME,Joshuas Dream,5900706,data/runner_snapshots_2026_07_06_report_only.jsonl,velo_prime_prob,12,0.0274,26.0,12,False,False,,False,False,True,RUNTIME_RACEDAY_MODEL_SUGGESTION,ID_MATCH
2026-07-06,922299,MAIN_VELO_PRIME,MAIN_VELO_PRIME,Henery Hawk,3728987,data/runner_snapshots_2026_07_06_report_only.jsonl,velo_prime_prob,13,0.0168,34.0,3,False,True,,False,False,True,RUNTIME_RACEDAY_MODEL_SUGGESTION,ID_MATCH
2026-07-06,922299,OLD_VELO_LONGSHOT,OLD_VELO_LONGSHOT,Baby Rover,6046805,data/velo_prime_verdicts_2026_07_06.json,top.longshot_prob,1,0.1682,7.0,6,False,False,,False,False,True,RUNTIME_RACEDAY_MODEL_SUGGESTION,ID_MATCH
2026-07-06,922299,OLD_VELO_PLACE,OLD_VELO_PLACE,Baby Rover,6046805,data/velo_prime_verdicts_2026_07_06.json,top.place_prob,1,0.1896,7.0,6,False,False,,False,False,True,RUNTIME_RACEDAY_MODEL_SUGGESTION,ID_MATCH
2026-07-06,922299,OLD_VELO_WIN,OLD_VELO_WIN,Baby Rover,6046805,data/velo_prime_verdicts_2026_07_06.json,top.velo_prime_prob,1,0.186,7.0,6,False,False,,False,False,True,RUNTIME_RACEDAY_MODEL_SUGGESTION,ID_MATCH
2026-07-06,922299,SQPE_NO_RPR_SHADOW,SQPE_NO_RPR_SHADOW,Maynora,7436362,data/runner_snapshots_2026_07_06_report_only.jsonl,sqpe_no_rpr_shadow_prob,1,0.0973,6.0,2,False,True,,False,False,True,RUNTIME_RACEDAY_MODEL_SUGGESTION,ID_MATCH
2026-07-06,922299,SQPE_NO_RPR_SHADOW,SQPE_NO_RPR_SHADOW,Keep The Gold,6345372,data/runner_snapshots_2026_07_06_report_only.jsonl,sqpe_no_rpr_shadow_prob,2,0.0969,5.0,9,False,False,,False,False,True,RUNTIME_RACEDAY_MODEL_SUGGESTION,ID_MATCH
2026-07-06,922299,SQPE_NO_RPR_SHADOW,SQPE_NO_RPR_SHADOW,Ellie's de Vega,7488302,data/runner_snapshots_2026_07_06_report_only.jsonl,sqpe_no_rpr_shadow_prob,3,0.0884,5.0,5,False,False,,False,False,True,RUNTIME_RACEDAY_MODEL_SUGGESTION,ID_MATCH
2026-07-06,922299,SQPE_NO_RPR_SHADOW,SQPE_NO_RPR_SHADOW,White Ladder,7436373,data/runner_snapshots_2026_07_06_report_only.jsonl,sqpe_no_rpr_shadow_prob,4,0.0871,5.0,1,True,True,,False,False,True,RUNTIME_RACEDAY_MODEL_SUGGESTION,ID_MATCH
2026-07-06,922299,SQPE_NO_RPR_SHADOW,SQPE_NO_RPR_SHADOW,Joshuas Dream,5900706,data/runner_snapshots_2026_07_06_report_only.jsonl,sqpe_no_rpr_shadow_prob,5,0.0855,26.0,12,False,False,,False,False,True,RUNTIME_RACEDAY_MODEL_SUGGESTION,ID_MATCH
2026-07-06,922299,SQPE_NO_RPR_SHADOW,SQPE_NO_RPR_SHADOW,April Diamond,9083764,data/runner_snapshots_2026_07_06_report_only.jsonl,sqpe_no_rpr_shadow_prob,6,0.0837,19.0,13,False,False,,False,False,True,RUNTIME_RACEDAY_MODEL_SUGGESTION,ID_MATCH
2026-07-06,922299,SQPE_NO_RPR_SHADOW,SQPE_NO_RPR_SHADOW,Henery Hawk,3728987,data/runner_snapshots_2026_07_06_report_only.jsonl,sqpe_no_rpr_shadow_prob,7,0.0832,34.0,3,False,True,,False,False,True,RUNTIME_RACEDAY_MODEL_SUGGESTION,ID_MATCH
2026-07-06,922299,SQPE_NO_RPR_SHADOW,SQPE_NO_RPR_SHADOW,Saxon Grace,7935085,data/runner_snapshots_2026_07_06_report_only.jsonl,sqpe_no_rpr_shadow_prob,8,0.0796,17.0,10,False,False,,False,False,True,RUNTIME_RACEDAY_MODEL_SUGGESTION,ID_MATCH
2026-07-06,922299,SQPE_NO_RPR_SHADOW,SQPE_NO_RPR_SHADOW,Royal Duke,6014829,data/runner_snapshots_2026_07_06_report_only.jsonl,sqpe_no_rpr_shadow_prob,9,0.0734,15.0,7,False,False,,False,False,True,RUNTIME_RACEDAY_MODEL_SUGGESTION,ID_MATCH
2026-07-06,922299,SQPE_NO_RPR_SHADOW,SQPE_NO_RPR_SHADOW,Saxon Gem,7566112,data/runner_snapshots_2026_07_06_report_only.jsonl,sqpe_no_rpr_shadow_prob,10,0.0681,26.0,11,False,False,,False,False,True,RUNTIME_RACEDAY_MODEL_SUGGESTION,ID_MATCH
2026-07-06,922299,SQPE_NO_RPR_SHADOW,SQPE_NO_RPR_SHADOW,Baby Rover,6046805,data/runner_snapshots_2026_07_06_report_only.jsonl,sqpe_no_rpr_shadow_prob,11,0.0573,7.0,6,False,False,,False,False,True,RUNTIME_RACEDAY_MODEL_SUGGESTION,ID_MATCH
2026-07-06,922299,SQPE_NO_RPR_SHADOW,SQPE_NO_RPR_SHADOW,So Grateful,3154619,data/runner_snapshots_2026_07_06_report_only.jsonl,sqpe_no_rpr_shadow_prob,12,0.0492,26.0,4,False,False,,False,False,True,RUNTIME_RACEDAY_MODEL_SUGGESTION,ID_MATCH
2026-07-06,922299,SQPE_NO_RPR_SHADOW,SQPE_NO_RPR_SHADOW,Newyorkstateofmind,2698905,data/runner_snapshots_2026_07_06_report_only.jsonl,sqpe_no_rpr_shadow_prob,13,0.0339,41.0,8,False,False,,False,False,True,RUNTIME_RACEDAY_MODEL_SUGGESTION,ID_MATCH
2026-07-06,924277,MAIN_VELO_PRIME,MAIN_VELO_PRIME,Sea Feliz,9115726,data/runner_snapshots_2026_07_06_report_only.jsonl,velo_prime_prob,1,0.1586,15.0,10,False,False,,False,False,True,RUNTIME_RACEDAY_MODEL_SUGGESTION,ID_MATCH
2026-07-06,924277,MAIN_VELO_PRIME,MAIN_VELO_PRIME,Fuusland,9467490,data/runner_snapshots_2026_07_06_report_only.jsonl,velo_prime_prob,2,0.0823,17.0,UR,False,False,,False,False,True,RUNTIME_RACEDAY_MODEL_SUGGESTION,ID_MATCH
2026-07-06,924277,MAIN_VELO_PRIME,MAIN_VELO_PRIME,Lilac Lady,4471481,data/runner_snapshots_2026_07_06_report_only.jsonl,velo_prime_prob,3,0.0784,,,False,False,,False,False,True,RUNTIME_RACEDAY_MODEL_SUGGESTION,NO_RESULT_MATCH
2026-07-06,924277,MAIN_VELO_PRIME,MAIN_VELO_PRIME,Killowen House,8423306,data/runner_snapshots_2026_07_06_report_only.jsonl,velo_prime_prob,4,0.0712,8.5,3,False,True,,False,False,True,RUNTIME_RACEDAY_MODEL_SUGGESTION,ID_MATCH
2026-07-06,924277,MAIN_VELO_PRIME,MAIN_VELO_PRIME,Imarajan,5385901,data/runner_snapshots_2026_07_06_report_only.jsonl,velo_prime_prob,5,0.0617,,,False,False,,False,False,True,RUNTIME_RACEDAY_MODEL_SUGGESTION,NO_RESULT_MATCH
2026-07-06,924277,MAIN_VELO_PRIME,MAIN_VELO_PRIME,Midnight Musical,7365435,data/runner_snapshots_2026_07_06_report_only.jsonl,velo_prime_prob,6,0.0598,51.0,5,False,False,,False,False,True,RUNTIME_RACEDAY_MODEL_SUGGESTION,ID_MATCH
2026-07-06,924277,MAIN_VELO_PRIME,MAIN_VELO_PRIME,Little Big John,7238190,data/runner_snapshots_2026_07_06_report_only.jsonl,velo_prime_prob,7,0.0597,29.0,4,False,False,,False,False,True,RUNTIME_RACEDAY_MODEL_SUGGESTION,ID_MATCH
2026-07-06,924277,MAIN_VELO_PRIME,MAIN_VELO_PRIME,Go To The Moon,7169785,data/runner_snapshots_2026_07_06_report_only.jsonl,velo_prime_prob,8,0.0582,51.0,7,False,False,,False,False,True,RUNTIME_RACEDAY_MODEL_SUGGESTION,ID_MATCH
2026-07-06,924277,MAIN_VELO_PRIME,MAIN_VELO_PRIME,Acheron,6238228,data/runner_snapshots_2026_07_06_report_only.jsonl,velo_prime_prob,9,0.0579,34.0,9,False,False,,False,False,True,RUNTIME_RACEDAY_MODEL_SUGGESTION,ID_MATCH
2026-07-06,924277,MAIN_VELO_PRIME,MAIN_VELO_PRIME,Blue Nude,9162170,data/runner_snapshots_2026_07_06_report_only.jsonl,velo_prime_prob,10,0.0555,251.0,8,False,False,,False,False,True,RUNTIME_RACEDAY_MODEL_SUGGESTION,ID_MATCH
2026-07-06,924277,MAIN_VELO_PRIME,MAIN_VELO_PRIME,Online Order,9295541,data/runner_snapshots_2026_07_06_report_only.jsonl,velo_prime_prob,11,0.0551,151.0,6,False,False,,False,False,True,RUNTIME_RACEDAY_MODEL_SUGGESTION,ID_MATCH
2026-07-06,924277,MAIN_VELO_PRIME,MAIN_VELO_PRIME,Casper Charlie,9184999,data/runner_snapshots_2026_07_06_report_only.jsonl,velo_prime_prob,12,0.0547,67.0,F,False,False,,False,False,True,RUNTIME_RACEDAY_MODEL_SUGGESTION,ID_MATCH
2026-07-06,924277,MAIN_VELO_PRIME,MAIN_VELO_PRIME,Take The Free,9051081,data/runner_snapshots_2026_07_06_report_only.jsonl,velo_prime_prob,13,0.051,3.0,1,True,True,,False,False,True,RUNTIME_RACEDAY_MODEL_SUGGESTION,ID_MATCH
2026-07-06,924277,MAIN_VELO_PRIME,MAIN_VELO_PRIME,Cooladdi,7466747,data/runner_snapshots_2026_07_06_report_only.jsonl,velo_prime_prob,14,0.0493,5.0,F,False,False,,False,False,True,RUNTIME_RACEDAY_MODEL_SUGGESTION,ID_MATCH
2026-07-06,924277,MAIN_VELO_PRIME,MAIN_VELO_PRIME,Frankie's Freebie,6609240,data/runner_snapshots_2026_07_06_report_only.jsonl,velo_prime_prob,15,0.0467,2.88,2,False,True,,False,False,True,RUNTIME_RACEDAY_MODEL_SUGGESTION,ID_MATCH
2026-07-06,924277,OLD_VELO_LONGSHOT,OLD_VELO_LONGSHOT,Sea Feliz,9115726,data/velo_prime_verdicts_2026_07_06.json,top.longshot_prob,1,0.0276,15.0,10,False,False,,False,False,True,RUNTIME_RACEDAY_MODEL_SUGGESTION,ID_MATCH
2026-07-06,924277,OLD_VELO_PLACE,OLD_VELO_PLACE,Sea Feliz,9115726,data/velo_prime_verdicts_2026_07_06.json,top.place_prob,1,0.1127,15.0,10,False,False,,False,False,True,RUNTIME_RACEDAY_MODEL_SUGGESTION,ID_MATCH
2026-07-06,924277,OLD_VELO_WIN,OLD_VELO_WIN,Sea Feliz,9115726,data/velo_prime_verdicts_2026_07_06.json,top.velo_prime_prob,1,0.1586,15.0,10,False,False,,False,False,True,RUNTIME_RACEDAY_MODEL_SUGGESTION,ID_MATCH
2026-07-06,924277,SQPE_NO_RPR_SHADOW,SQPE_NO_RPR_SHADOW,Fuusland,9467490,data/runner_snapshots_2026_07_06_report_only.jsonl,sqpe_no_rpr_shadow_prob,1,0.1029,17.0,UR,False,False,,False,False,True,RUNTIME_RACEDAY_MODEL_SUGGESTION,ID_MATCH
2026-07-06,924277,SQPE_NO_RPR_SHADOW,SQPE_NO_RPR_SHADOW,Little Big John,7238190,data/runner_snapshots_2026_07_06_report_only.jsonl,sqpe_no_rpr_shadow_prob,2,0.1029,29.0,4,False,False,,False,False,True,RUNTIME_RACEDAY_MODEL_SUGGESTION,ID_MATCH
2026-07-06,924277,SQPE_NO_RPR_SHADOW,SQPE_NO_RPR_SHADOW,Casper Charlie,9184999,data/runner_snapshots_2026_07_06_report_only.jsonl,sqpe_no_rpr_shadow_prob,3,0.1029,67.0,F,False,False,,False,False,True,RUNTIME_RACEDAY_MODEL_SUGGESTION,ID_MATCH
2026-07-06,924277,SQPE_NO_RPR_SHADOW,SQPE_NO_RPR_SHADOW,Killowen House,8423306,data/runner_snapshots_2026_07_06_report_only.jsonl,sqpe_no_rpr_shadow_prob,4,0.1016,8.5,3,False,True,,False,False,True,RUNTIME_RACEDAY_MODEL_SUGGESTION,ID_MATCH
2026-07-06,924277,SQPE_NO_RPR_SHADOW,SQPE_NO_RPR_SHADOW,Go To The Moon,7169785,data/runner_snapshots_2026_07_06_report_only.jsonl,sqpe_no_rpr_shadow_prob,5,0.1016,51.0,7,False,False,,False,False,True,RUNTIME_RACEDAY_MODEL_SUGGESTION,ID_MATCH
2026-07-06,924277,SQPE_NO_RPR_SHADOW,SQPE_NO_RPR_SHADOW,Frankie's Freebie,6609240,data/runner_snapshots_2026_07_06_report_only.jsonl,sqpe_no_rpr_shadow_prob,6,0.0973,2.88,2,False,True,,False,False,True,RUNTIME_RACEDAY_MODEL_SUGGESTION,ID_MATCH
2026-07-06,924277,SQPE_NO_RPR_SHADOW,SQPE_NO_RPR_SHADOW,Blue Nude,9162170,data/runner_snapshots_2026_07_06_report_only.jsonl,sqpe_no_rpr_shadow_prob,7,0.0954,251.0,8,False,False,,False,False,True,RUNTIME_RACEDAY_MODEL_SUGGESTION,ID_MATCH
2026-07-06,924277,SQPE_NO_RPR_SHADOW,SQPE_NO_RPR_SHADOW,Sea Feliz,9115726,data/runner_snapshots_2026_07_06_report_only.jsonl,sqpe_no_rpr_shadow_prob,8,0.092,15.0,10,False,False,,False,False,True,RUNTIME_RACEDAY_MODEL_SUGGESTION,ID_MATCH
2026-07-06,924277,SQPE_NO_RPR_SHADOW,SQPE_NO_RPR_SHADOW,Midnight Musical,7365435,data/runner_snapshots_2026_07_06_report_only.jsonl,sqpe_no_rpr_shadow_prob,9,0.092,51.0,5,False,False,,False,False,True,RUNTIME_RACEDAY_MODEL_SUGGESTION,ID_MATCH
2026-07-06,924277,SQPE_NO_RPR_SHADOW,SQPE_NO_RPR_SHADOW,Online Order,9295541,data/runner_snapshots_2026_07_06_report_only.jsonl,sqpe_no_rpr_shadow_prob,10,0.092,151.0,6,False,False,,False,False,True,RUNTIME_RACEDAY_MODEL_SUGGESTION,ID_MATCH
2026-07-06,924277,SQPE_NO_RPR_SHADOW,SQPE_NO_RPR_SHADOW,Imarajan,5385901,data/runner_snapshots_2026_07_06_report_only.jsonl,sqpe_no_rpr_shadow_prob,11,0.0908,,,False,False,,False,False,True,RUNTIME_RACEDAY_MODEL_SUGGESTION,NO_RESULT_MATCH
2026-07-06,924277,SQPE_NO_RPR_SHADOW,SQPE_NO_RPR_SHADOW,Acheron,6238228,data/runner_snapshots_2026_07_06_report_only.jsonl,sqpe_no_rpr_shadow_prob,12,0.0908,34.0,9,False,False,,False,False,True,RUNTIME_RACEDAY_MODEL_SUGGESTION,ID_MATCH
2026-07-06,924277,SQPE_NO_RPR_SHADOW,SQPE_NO_RPR_SHADOW,Cooladdi,7466747,data/runner_snapshots_2026_07_06_report_only.jsonl,sqpe_no_rpr_shadow_prob,13,0.0903,5.0,F,False,False,,False,False,True,RUNTIME_RACEDAY_MODEL_SUGGESTION,ID_MATCH
2026-07-06,924277,SQPE_NO_RPR_SHADOW,SQPE_NO_RPR_SHADOW,Take The Free,9051081,data/runner_snapshots_2026_07_06_report_only.jsonl,sqpe_no_rpr_shadow_prob,14,0.0895,3.0,1,True,True,,False,False,True,RUNTIME_RACEDAY_MODEL_SUGGESTION,ID_MATCH
2026-07-06,924277,SQPE_NO_RPR_SHADOW,SQPE_NO_RPR_SHADOW,Lilac Lady,4471481,data/runner_snapshots_2026_07_06_report_only.jsonl,sqpe_no_rpr_shadow_prob,15,0.0765,,,False,False,,False,False,True,RUNTIME_RACEDAY_MODEL_SUGGESTION,NO_RESULT_MATCH
2026-07-06,922458,MAIN_VELO_PRIME,MAIN_VELO_PRIME,Mythological Star,8313782,data/runner_snapshots_2026_07_06_report_only.jsonl,velo_prime_prob,1,0.1998,6.0,3,False,True,,False,False,True,RUNTIME_RACEDAY_MODEL_SUGGESTION,ID_MATCH
2026-07-06,922458,MAIN_VELO_PRIME,MAIN_VELO_PRIME,Cherringham,9317830,data/runner_snapshots_2026_07_06_report_only.jsonl,velo_prime_prob,2,0.1845,19.0,2,False,True,,False,False,True,RUNTIME_RACEDAY_MODEL_SUGGESTION,ID_MATCH
2026-07-06,922458,MAIN_VELO_PRIME,MAIN_VELO_PRIME,Rogue Defence,9153303,data/runner_snapshots_2026_07_06_report_only.jsonl,velo_prime_prob,3,0.1083,2.2,1,True,True,,False,False,True,RUNTIME_RACEDAY_MODEL_SUGGESTION,ID_MATCH
2026-07-06,922458,MAIN_VELO_PRIME,MAIN_VELO_PRIME,Seigneur,9490312,data/runner_snapshots_2026_07_06_report_only.jsonl,velo_prime_prob,4,0.0743,13.0,10,False,False,,False,False,True,RUNTIME_RACEDAY_MODEL_SUGGESTION,ID_MATCH
2026-07-06,922458,MAIN_VELO_PRIME,MAIN_VELO_PRIME,West Byfleet,9115633,data/runner_snapshots_2026_07_06_report_only.jsonl,velo_prime_prob,5,0.066,7.0,5,False,False,,False,False,True,RUNTIME_RACEDAY_MODEL_SUGGESTION,ID_MATCH
2026-07-06,922458,MAIN_VELO_PRIME,MAIN_VELO_PRIME,Legally Bay,9490313,data/runner_snapshots_2026_07_06_report_only.jsonl,velo_prime_prob,6,0.0647,81.0,12,False,False,,False,False,True,RUNTIME_RACEDAY_MODEL_SUGGESTION,ID_MATCH
2026-07-06,922458,MAIN_VELO_PRIME,MAIN_VELO_PRIME,Santiago Boy,9088392,data/runner_snapshots_2026_07_06_report_only.jsonl,velo_prime_prob,7,0.0593,5.5,8,False,False,,False,False,True,RUNTIME_RACEDAY_MODEL_SUGGESTION,ID_MATCH
2026-07-06,922458,MAIN_VELO_PRIME,MAIN_VELO_PRIME,Fiefdom,9254385,data/runner_snapshots_2026_07_06_report_only.jsonl,velo_prime_prob,8,0.0573,11.0,11,False,False,,False,False,True,RUNTIME_RACEDAY_MODEL_SUGGESTION,ID_MATCH
2026-07-06,922458,MAIN_VELO_PRIME,MAIN_VELO_PRIME,Nothing But Love,9344939,data/runner_snapshots_2026_07_06_report_only.jsonl,velo_prime_prob,9,0.0497,67.0,4,False,False,,False,False,True,RUNTIME_RACEDAY_MODEL_SUGGESTION,ID_MATCH
2026-07-06,922458,MAIN_VELO_PRIME,MAIN_VELO_PRIME,Ingemar,8144060,data/runner_snapshots_2026_07_06_report_only.jsonl,velo_prime_prob,10,0.0496,101.0,9,False,False,,False,False,True,RUNTIME_RACEDAY_MODEL_SUGGESTION,ID_MATCH
2026-07-06,922458,MAIN_VELO_PRIME,MAIN_VELO_PRIME,Ivat Ghia,8821448,data/runner_snapshots_2026_07_06_report_only.jsonl,velo_prime_prob,11,0.0439,201.0,6,False,False,,False,False,True,RUNTIME_RACEDAY_MODEL_SUGGESTION,ID_MATCH
2026-07-06,922458,MAIN_VELO_PRIME,MAIN_VELO_PRIME,Lady Of Chivalry,7643459,data/runner_snapshots_2026_07_06_report_only.jsonl,velo_prime_prob,12,0.0426,301.0,7,False,False,,False,False,True,RUNTIME_RACEDAY_MODEL_SUGGESTION,ID_MATCH
2026-07-06,922458,OLD_VELO_LONGSHOT,OLD_VELO_LONGSHOT,Mythological Star,8313782,data/velo_prime_verdicts_2026_07_06.json,top.longshot_prob,1,0.038,6.0,3,False,True,,False,False,True,RUNTIME_RACEDAY_MODEL_SUGGESTION,ID_MATCH
2026-07-06,922458,OLD_VELO_PLACE,OLD_VELO_PLACE,Mythological Star,8313782,data/velo_prime_verdicts_2026_07_06.json,top.place_prob,1,0.1463,6.0,3,False,True,,False,False,True,RUNTIME_RACEDAY_MODEL_SUGGESTION,ID_MATCH
2026-07-06,922458,OLD_VELO_WIN,OLD_VELO_WIN,Mythological Star,8313782,data/velo_prime_verdicts_2026_07_06.json,top.velo_prime_prob,1,0.1998,6.0,3,False,True,,False,False,True,RUNTIME_RACEDAY_MODEL_SUGGESTION,ID_MATCH
2026-07-06,922458,SQPE_NO_RPR_SHADOW,SQPE_NO_RPR_SHADOW,West Byfleet,9115633,data/runner_snapshots_2026_07_06_report_only.jsonl,sqpe_no_rpr_shadow_prob,1,0.0959,7.0,5,False,False,,False,False,True,RUNTIME_RACEDAY_MODEL_SUGGESTION,ID_MATCH
2026-07-06,922458,SQPE_NO_RPR_SHADOW,SQPE_NO_RPR_SHADOW,Lady Of Chivalry,7643459,data/runner_snapshots_2026_07_06_report_only.jsonl,sqpe_no_rpr_shadow_prob,2,0.095,301.0,7,False,False,,False,False,True,RUNTIME_RACEDAY_MODEL_SUGGESTION,ID_MATCH
2026-07-06,922458,SQPE_NO_RPR_SHADOW,SQPE_NO_RPR_SHADOW,Seigneur,9490312,data/runner_snapshots_2026_07_06_report_only.jsonl,sqpe_no_rpr_shadow_prob,3,0.0944,13.0,10,False,False,,False,False,True,RUNTIME_RACEDAY_MODEL_SUGGESTION,ID_MATCH
2026-07-06,922458,SQPE_NO_RPR_SHADOW,SQPE_NO_RPR_SHADOW,Mythological Star,8313782,data/runner_snapshots_2026_07_06_report_only.jsonl,sqpe_no_rpr_shadow_prob,4,0.0935,6.0,3,False,True,,False,False,True,RUNTIME_RACEDAY_MODEL_SUGGESTION,ID_MATCH
2026-07-06,922458,SQPE_NO_RPR_SHADOW,SQPE_NO_RPR_SHADOW,Nothing But Love,9344939,data/runner_snapshots_2026_07_06_report_only.jsonl,sqpe_no_rpr_shadow_prob,5,0.0935,67.0,4,False,False,,False,False,True,RUNTIME_RACEDAY_MODEL_SUGGESTION,ID_MATCH
2026-07-06,922458,SQPE_NO_RPR_SHADOW,SQPE_NO_RPR_SHADOW,Rogue Defence,9153303,data/runner_snapshots_2026_07_06_report_only.jsonl,sqpe_no_rpr_shadow_prob,6,0.0865,2.2,1,True,True,,False,False,True,RUNTIME_RACEDAY_MODEL_SUGGESTION,ID_MATCH
2026-07-06,922458,SQPE_NO_RPR_SHADOW,SQPE_NO_RPR_SHADOW,Legally Bay,9490313,data/runner_snapshots_2026_07_06_report_only.jsonl,sqpe_no_rpr_shadow_prob,7,0.0843,81.0,12,False,False,,False,False,True,RUNTIME_RACEDAY_MODEL_SUGGESTION,ID_MATCH
2026-07-06,922458,SQPE_NO_RPR_SHADOW,SQPE_NO_RPR_SHADOW,Cherringham,9317830,data/runner_snapshots_2026_07_06_report_only.jsonl,sqpe_no_rpr_shadow_prob,8,0.0821,19.0,2,False,True,,False,False,True,RUNTIME_RACEDAY_MODEL_SUGGESTION,ID_MATCH
2026-07-06,922458,SQPE_NO_RPR_SHADOW,SQPE_NO_RPR_SHADOW,Ingemar,8144060,data/runner_snapshots_2026_07_06_report_only.jsonl,sqpe_no_rpr_shadow_prob,9,0.0818,101.0,9,False,False,,False,False,True,RUNTIME_RACEDAY_MODEL_SUGGESTION,ID_MATCH
2026-07-06,922458,SQPE_NO_RPR_SHADOW,SQPE_NO_RPR_SHADOW,Santiago Boy,9088392,data/runner_snapshots_2026_07_06_report_only.jsonl,sqpe_no_rpr_shadow_prob,10,0.0739,5.5,8,False,False,,False,False,True,RUNTIME_RACEDAY_MODEL_SUGGESTION,ID_MATCH
2026-07-06,922458,SQPE_NO_RPR_SHADOW,SQPE_NO_RPR_SHADOW,Ivat Ghia,8821448,data/runner_snapshots_2026_07_06_report_only.jsonl,sqpe_no_rpr_shadow_prob,11,0.0725,201.0,6,False,False,,False,False,True,RUNTIME_RACEDAY_MODEL_SUGGESTION,ID_MATCH
2026-07-06,922458,SQPE_NO_RPR_SHADOW,SQPE_NO_RPR_SHADOW,Fiefdom,9254385,data/runner_snapshots_2026_07_06_report_only.jsonl,sqpe_no_rpr_shadow_prob,12,0.0724,11.0,11,False,False,,False,False,True,RUNTIME_RACEDAY_MODEL_SUGGESTION,ID_MATCH
2026-07-06,922297,MAIN_VELO_PRIME,MAIN_VELO_PRIME,Is She Now,5311224,data/runner_snapshots_2026_07_06_report_only.jsonl,velo_prime_prob,1,0.3985,2.0,4,False,False,,False,False,True,RUNTIME_RACEDAY_MODEL_SUGGESTION,ID_MATCH
2026-07-06,922297,MAIN_VELO_PRIME,MAIN_VELO_PRIME,La Tosca,8982335,data/runner_snapshots_2026_07_06_report_only.jsonl,velo_prime_prob,2,0.1466,11.0,8,False,False,,False,False,True,RUNTIME_RACEDAY_MODEL_SUGGESTION,ID_MATCH
2026-07-06,922297,MAIN_VELO_PRIME,MAIN_VELO_PRIME,Ebony Maw,2863059,data/runner_snapshots_2026_07_06_report_only.jsonl,velo_prime_prob,3,0.1237,11.0,1,True,True,,False,False,True,RUNTIME_RACEDAY_MODEL_SUGGESTION,ID_MATCH
2026-07-06,922297,MAIN_VELO_PRIME,MAIN_VELO_PRIME,Aighear,4211312,data/runner_snapshots_2026_07_06_report_only.jsonl,velo_prime_prob,4,0.0908,9.0,6,False,False,,False,False,True,RUNTIME_RACEDAY_MODEL_SUGGESTION,ID_MATCH
2026-07-06,922297,MAIN_VELO_PRIME,MAIN_VELO_PRIME,Annandale,2951757,data/runner_snapshots_2026_07_06_report_only.jsonl,velo_prime_prob,5,0.0848,7.0,3,False,True,,False,False,True,RUNTIME_RACEDAY_MODEL_SUGGESTION,ID_MATCH
2026-07-06,922297,MAIN_VELO_PRIME,MAIN_VELO_PRIME,Idyllic,5403096,data/runner_snapshots_2026_07_06_report_only.jsonl,velo_prime_prob,6,0.0478,,,False,False,,False,False,True,RUNTIME_RACEDAY_MODEL_SUGGESTION,NO_RESULT_MATCH
2026-07-06,922297,MAIN_VELO_PRIME,MAIN_VELO_PRIME,Elemental Eye,4924589,data/runner_snapshots_2026_07_06_report_only.jsonl,velo_prime_prob,7,0.0477,5.5,2,False,True,,False,False,True,RUNTIME_RACEDAY_MODEL_SUGGESTION,ID_MATCH
2026-07-06,922297,MAIN_VELO_PRIME,MAIN_VELO_PRIME,Galahad Threepwood,3049001,data/runner_snapshots_2026_07_06_report_only.jsonl,velo_prime_prob,8,0.0312,81.0,7,False,False,,False,False,True,RUNTIME_RACEDAY_MODEL_SUGGESTION,ID_MATCH
2026-07-06,922297,MAIN_VELO_PRIME,MAIN_VELO_PRIME,This Rib,8137392,data/runner_snapshots_2026_07_06_report_only.jsonl,velo_prime_prob,9,0.0288,34.0,5,False,False,,False,False,True,RUNTIME_RACEDAY_MODEL_SUGGESTION,ID_MATCH
2026-07-06,922297,OLD_VELO_LONGSHOT,OLD_VELO_LONGSHOT,Is She Now,5311224,data/velo_prime_verdicts_2026_07_06.json,top.longshot_prob,1,0.0487,2.0,4,False,False,,False,False,True,RUNTIME_RACEDAY_MODEL_SUGGESTION,ID_MATCH
2026-07-06,922297,OLD_VELO_PLACE,OLD_VELO_PLACE,Is She Now,5311224,data/velo_prime_verdicts_2026_07_06.json,top.place_prob,1,0.2502,2.0,4,False,False,,False,False,True,RUNTIME_RACEDAY_MODEL_SUGGESTION,ID_MATCH
2026-07-06,922297,OLD_VELO_WIN,OLD_VELO_WIN,Is She Now,5311224,data/velo_prime_verdicts_2026_07_06.json,top.velo_prime_prob,1,0.3985,2.0,4,False,False,,False,False,True,RUNTIME_RACEDAY_MODEL_SUGGESTION,ID_MATCH
2026-07-06,922297,SQPE_NO_RPR_SHADOW,SQPE_NO_RPR_SHADOW,Idyllic,5403096,data/runner_snapshots_2026_07_06_report_only.jsonl,sqpe_no_rpr_shadow_prob,1,0.1187,,,False,False,,False,False,True,RUNTIME_RACEDAY_MODEL_SUGGESTION,NO_RESULT_MATCH
2026-07-06,922297,SQPE_NO_RPR_SHADOW,SQPE_NO_RPR_SHADOW,Elemental Eye,4924589,data/runner_snapshots_2026_07_06_report_only.jsonl,sqpe_no_rpr_shadow_prob,2,0.1187,5.5,2,False,True,,False,False,True,RUNTIME_RACEDAY_MODEL_SUGGESTION,ID_MATCH
2026-07-06,922297,SQPE_NO_RPR_SHADOW,SQPE_NO_RPR_SHADOW,This Rib,8137392,data/runner_snapshots_2026_07_06_report_only.jsonl,sqpe_no_rpr_shadow_prob,3,0.1048,34.0,5,False,False,,False,False,True,RUNTIME_RACEDAY_MODEL_SUGGESTION,ID_MATCH
2026-07-06,922297,SQPE_NO_RPR_SHADOW,SQPE_NO_RPR_SHADOW,La Tosca,8982335,data/runner_snapshots_2026_07_06_report_only.jsonl,sqpe_no_rpr_shadow_prob,4,0.0931,11.0,8,False,False,,False,False,True,RUNTIME_RACEDAY_MODEL_SUGGESTION,ID_MATCH
2026-07-06,922297,SQPE_NO_RPR_SHADOW,SQPE_NO_RPR_SHADOW,Annandale,2951757,data/runner_snapshots_2026_07_06_report_only.jsonl,sqpe_no_rpr_shadow_prob,5,0.0856,7.0,3,False,True,,False,False,True,RUNTIME_RACEDAY_MODEL_SUGGESTION,ID_MATCH
2026-07-06,922297,SQPE_NO_RPR_SHADOW,SQPE_NO_RPR_SHADOW,Is She Now,5311224,data/runner_snapshots_2026_07_06_report_only.jsonl,sqpe_no_rpr_shadow_prob,6,0.0765,2.0,4,False,False,,False,False,True,RUNTIME_RACEDAY_MODEL_SUGGESTION,ID_MATCH
2026-07-06,922297,SQPE_NO_RPR_SHADOW,SQPE_NO_RPR_SHADOW,Galahad Threepwood,3049001,data/runner_snapshots_2026_07_06_report_only.jsonl,sqpe_no_rpr_shadow_prob,7,0.0671,81.0,7,False,False,,False,False,True,RUNTIME_RACEDAY_MODEL_SUGGESTION,ID_MATCH
2026-07-06,922297,SQPE_NO_RPR_SHADOW,SQPE_NO_RPR_SHADOW,Aighear,4211312,data/runner_snapshots_2026_07_06_report_only.jsonl,sqpe_no_rpr_shadow_prob,8,0.0663,9.0,6,False,False,,False,False,True,RUNTIME_RACEDAY_MODEL_SUGGESTION,ID_MATCH
2026-07-06,922297,SQPE_NO_RPR_SHADOW,SQPE_NO_RPR_SHADOW,Ebony Maw,2863059,data/runner_snapshots_2026_07_06_report_only.jsonl,sqpe_no_rpr_shadow_prob,9,0.0655,11.0,1,True,True,,False,False,True,RUNTIME_RACEDAY_MODEL_SUGGESTION,ID_MATCH
2026-07-06,924278,MAIN_VELO_PRIME,MAIN_VELO_PRIME,Game Point,6604817,data/runner_snapshots_2026_07_06_report_only.jsonl,velo_prime_prob,1,0.1664,3.25,3,False,True,,False,False,True,RUNTIME_RACEDAY_MODEL_SUGGESTION,ID_MATCH
2026-07-06,924278,MAIN_VELO_PRIME,MAIN_VELO_PRIME,Pretty Wild,9295539,data/runner_snapshots_2026_07_06_report_only.jsonl,velo_prime_prob,2,0.0898,21.0,9,False,False,,False,False,True,RUNTIME_RACEDAY_MODEL_SUGGESTION,ID_MATCH
2026-07-06,924278,MAIN_VELO_PRIME,MAIN_VELO_PRIME,Cocofred,8455156,data/runner_snapshots_2026_07_06_report_only.jsonl,velo_prime_prob,3,0.0832,7.0,1,True,True,,False,False,True,RUNTIME_RACEDAY_MODEL_SUGGESTION,ID_MATCH
2026-07-06,924278,MAIN_VELO_PRIME,MAIN_VELO_PRIME,How's Ellie,8299982,data/runner_snapshots_2026_07_06_report_only.jsonl,velo_prime_prob,4,0.0755,23.0,6,False,False,,False,False,True,RUNTIME_RACEDAY_MODEL_SUGGESTION,ID_MATCH
2026-07-06,924278,MAIN_VELO_PRIME,MAIN_VELO_PRIME,Astelia,3862918,data/runner_snapshots_2026_07_06_report_only.jsonl,velo_prime_prob,5,0.0654,3.5,2,False,True,,False,False,True,RUNTIME_RACEDAY_MODEL_SUGGESTION,ID_MATCH
2026-07-06,924278,MAIN_VELO_PRIME,MAIN_VELO_PRIME,Poetic Parable,9494772,data/runner_snapshots_2026_07_06_report_only.jsonl,velo_prime_prob,6,0.0581,67.0,7,False,False,,False,False,True,RUNTIME_RACEDAY_MODEL_SUGGESTION,ID_MATCH
2026-07-06,924278,MAIN_VELO_PRIME,MAIN_VELO_PRIME,Lengaruka,9254259,data/runner_snapshots_2026_07_06_report_only.jsonl,velo_prime_prob,7,0.0563,41.0,10,False,False,,False,False,True,RUNTIME_RACEDAY_MODEL_SUGGESTION,ID_MATCH
2026-07-06,924278,MAIN_VELO_PRIME,MAIN_VELO_PRIME,Dadou Part Two,8949336,data/runner_snapshots_2026_07_06_report_only.jsonl,velo_prime_prob,8,0.0552,401.0,F,False,False,,False,False,True,RUNTIME_RACEDAY_MODEL_SUGGESTION,ID_MATCH
2026-07-06,924278,MAIN_VELO_PRIME,MAIN_VELO_PRIME,Finjimk,9055606,data/runner_snapshots_2026_07_06_report_only.jsonl,velo_prime_prob,9,0.0537,151.0,8,False,False,,False,False,True,RUNTIME_RACEDAY_MODEL_SUGGESTION,ID_MATCH
2026-07-06,924278,MAIN_VELO_PRIME,MAIN_VELO_PRIME,Ozark's Walk,7441036,data/runner_snapshots_2026_07_06_report_only.jsonl,velo_prime_prob,10,0.0531,34.0,11,False,False,,False,False,True,RUNTIME_RACEDAY_MODEL_SUGGESTION,ID_MATCH
2026-07-06,924278,MAIN_VELO_PRIME,MAIN_VELO_PRIME,Glengarriff,5019603,data/runner_snapshots_2026_07_06_report_only.jsonl,velo_prime_prob,11,0.0525,301.0,12,False,False,,False,False,True,RUNTIME_RACEDAY_MODEL_SUGGESTION,ID_MATCH
2026-07-06,924278,MAIN_VELO_PRIME,MAIN_VELO_PRIME,Tellyouwhat,9254263,data/runner_snapshots_2026_07_06_report_only.jsonl,velo_prime_prob,12,0.0525,401.0,PU,False,False,,False,False,True,RUNTIME_RACEDAY_MODEL_SUGGESTION,ID_MATCH
2026-07-06,924278,MAIN_VELO_PRIME,MAIN_VELO_PRIME,Sunny Dude,5248375,data/runner_snapshots_2026_07_06_report_only.jsonl,velo_prime_prob,13,0.052,301.0,13,False,False,,False,False,True,RUNTIME_RACEDAY_MODEL_SUGGESTION,ID_MATCH
2026-07-06,924278,MAIN_VELO_PRIME,MAIN_VELO_PRIME,Firebrand,5405222,data/runner_snapshots_2026_07_06_report_only.jsonl,velo_prime_prob,14,0.0433,5.5,5,False,False,,False,False,True,RUNTIME_RACEDAY_MODEL_SUGGESTION,ID_MATCH
2026-07-06,924278,MAIN_VELO_PRIME,MAIN_VELO_PRIME,Luker's Tipple,6514086,data/runner_snapshots_2026_07_06_report_only.jsonl,velo_prime_prob,15,0.043,5.0,4,False,False,,False,False,True,RUNTIME_RACEDAY_MODEL_SUGGESTION,ID_MATCH
2026-07-06,924278,OLD_VELO_LONGSHOT,OLD_VELO_LONGSHOT,Game Point,6604817,data/velo_prime_verdicts_2026_07_06.json,top.longshot_prob,1,0.0276,3.25,3,False,True,,False,False,True,RUNTIME_RACEDAY_MODEL_SUGGESTION,ID_MATCH
2026-07-06,924278,OLD_VELO_PLACE,OLD_VELO_PLACE,Game Point,6604817,data/velo_prime_verdicts_2026_07_06.json,top.place_prob,1,0.1415,3.25,3,False,True,,False,False,True,RUNTIME_RACEDAY_MODEL_SUGGESTION,ID_MATCH
2026-07-06,924278,OLD_VELO_WIN,OLD_VELO_WIN,Game Point,6604817,data/velo_prime_verdicts_2026_07_06.json,top.velo_prime_prob,1,0.1664,3.25,3,False,True,,False,False,True,RUNTIME_RACEDAY_MODEL_SUGGESTION,ID_MATCH
2026-07-06,924278,SQPE_NO_RPR_SHADOW,SQPE_NO_RPR_SHADOW,Cocofred,8455156,data/runner_snapshots_2026_07_06_report_only.jsonl,sqpe_no_rpr_shadow_prob,1,0.1029,7.0,1,True,True,,False,False,True,RUNTIME_RACEDAY_MODEL_SUGGESTION,ID_MATCH
2026-07-06,924278,SQPE_NO_RPR_SHADOW,SQPE_NO_RPR_SHADOW,Lengaruka,9254259,data/runner_snapshots_2026_07_06_report_only.jsonl,sqpe_no_rpr_shadow_prob,2,0.1029,41.0,10,False,False,,False,False,True,RUNTIME_RACEDAY_MODEL_SUGGESTION,ID_MATCH
2026-07-06,924278,SQPE_NO_RPR_SHADOW,SQPE_NO_RPR_SHADOW,Glengarriff,5019603,data/runner_snapshots_2026_07_06_report_only.jsonl,sqpe_no_rpr_shadow_prob,3,0.1029,301.0,12,False,False,,False,False,True,RUNTIME_RACEDAY_MODEL_SUGGESTION,ID_MATCH
2026-07-06,924278,SQPE_NO_RPR_SHADOW,SQPE_NO_RPR_SHADOW,Tellyouwhat,9254263,data/runner_snapshots_2026_07_06_report_only.jsonl,sqpe_no_rpr_shadow_prob,4,0.1029,401.0,PU,False,False,,False,False,True,RUNTIME_RACEDAY_MODEL_SUGGESTION,ID_MATCH
2026-07-06,924278,SQPE_NO_RPR_SHADOW,SQPE_NO_RPR_SHADOW,Ozark's Walk,7441036,data/runner_snapshots_2026_07_06_report_only.jsonl,sqpe_no_rpr_shadow_prob,5,0.1016,34.0,11,False,False,,False,False,True,RUNTIME_RACEDAY_MODEL_SUGGESTION,ID_MATCH
2026-07-06,924278,SQPE_NO_RPR_SHADOW,SQPE_NO_RPR_SHADOW,Sunny Dude,5248375,data/runner_snapshots_2026_07_06_report_only.jsonl,sqpe_no_rpr_shadow_prob,6,0.1016,301.0,13,False,False,,False,False,True,RUNTIME_RACEDAY_MODEL_SUGGESTION,ID_MATCH
2026-07-06,924278,SQPE_NO_RPR_SHADOW,SQPE_NO_RPR_SHADOW,Game Point,6604817,data/runner_snapshots_2026_07_06_report_only.jsonl,sqpe_no_rpr_shadow_prob,7,0.0973,3.25,3,False,True,,False,False,True,RUNTIME_RACEDAY_MODEL_SUGGESTION,ID_MATCH
2026-07-06,924278,SQPE_NO_RPR_SHADOW,SQPE_NO_RPR_SHADOW,Finjimk,9055606,data/runner_snapshots_2026_07_06_report_only.jsonl,sqpe_no_rpr_shadow_prob,8,0.0973,151.0,8,False,False,,False,False,True,RUNTIME_RACEDAY_MODEL_SUGGESTION,ID_MATCH
2026-07-06,924278,SQPE_NO_RPR_SHADOW,SQPE_NO_RPR_SHADOW,Firebrand,5405222,data/runner_snapshots_2026_07_06_report_only.jsonl,sqpe_no_rpr_shadow_prob,9,0.0965,5.5,5,False,False,,False,False,True,RUNTIME_RACEDAY_MODEL_SUGGESTION,ID_MATCH
2026-07-06,924278,SQPE_NO_RPR_SHADOW,SQPE_NO_RPR_SHADOW,Luker's Tipple,6514086,data/runner_snapshots_2026_07_06_report_only.jsonl,sqpe_no_rpr_shadow_prob,10,0.0935,5.0,4,False,False,,False,False,True,RUNTIME_RACEDAY_MODEL_SUGGESTION,ID_MATCH
2026-07-06,924278,SQPE_NO_RPR_SHADOW,SQPE_NO_RPR_SHADOW,How's Ellie,8299982,data/runner_snapshots_2026_07_06_report_only.jsonl,sqpe_no_rpr_shadow_prob,11,0.092,23.0,6,False,False,,False,False,True,RUNTIME_RACEDAY_MODEL_SUGGESTION,ID_MATCH
2026-07-06,924278,SQPE_NO_RPR_SHADOW,SQPE_NO_RPR_SHADOW,Poetic Parable,9494772,data/runner_snapshots_2026_07_06_report_only.jsonl,sqpe_no_rpr_shadow_prob,12,0.092,67.0,7,False,False,,False,False,True,RUNTIME_RACEDAY_MODEL_SUGGESTION,ID_MATCH
2026-07-06,924278,SQPE_NO_RPR_SHADOW,SQPE_NO_RPR_SHADOW,Pretty Wild,9295539,data/runner_snapshots_2026_07_06_report_only.jsonl,sqpe_no_rpr_shadow_prob,13,0.0848,21.0,9,False,False,,False,False,True,RUNTIME_RACEDAY_MODEL_SUGGESTION,ID_MATCH
2026-07-06,924278,SQPE_NO_RPR_SHADOW,SQPE_NO_RPR_SHADOW,Dadou Part Two,8949336,data/runner_snapshots_2026_07_06_report_only.jsonl,sqpe_no_rpr_shadow_prob,14,0.0848,401.0,F,False,False,,False,False,True,RUNTIME_RACEDAY_MODEL_SUGGESTION,ID_MATCH
2026-07-06,924278,SQPE_NO_RPR_SHADOW,SQPE_NO_RPR_SHADOW,Astelia,3862918,data/runner_snapshots_2026_07_06_report_only.jsonl,sqpe_no_rpr_shadow_prob,15,0.0737,3.5,2,False,True,,False,False,True,RUNTIME_RACEDAY_MODEL_SUGGESTION,ID_MATCH
2026-07-06,922461,MAIN_VELO_PRIME,MAIN_VELO_PRIME,Fallacious Promise,8304795,data/runner_snapshots_2026_07_06_report_only.jsonl,velo_prime_prob,1,0.426,1.73,1,True,True,,False,False,True,RUNTIME_RACEDAY_MODEL_SUGGESTION,ID_MATCH
2026-07-06,922461,MAIN_VELO_PRIME,MAIN_VELO_PRIME,Whazzimo,9088384,data/runner_snapshots_2026_07_06_report_only.jsonl,velo_prime_prob,2,0.1077,9.5,9,False,False,,False,False,True,RUNTIME_RACEDAY_MODEL_SUGGESTION,ID_MATCH
2026-07-06,922461,MAIN_VELO_PRIME,MAIN_VELO_PRIME,Moravian,9115732,data/runner_snapshots_2026_07_06_report_only.jsonl,velo_prime_prob,3,0.0938,23.0,8,False,False,,False,False,True,RUNTIME_RACEDAY_MODEL_SUGGESTION,ID_MATCH
2026-07-06,922461,MAIN_VELO_PRIME,MAIN_VELO_PRIME,Athenian Spirit,7436393,data/runner_snapshots_2026_07_06_report_only.jsonl,velo_prime_prob,4,0.0818,4.5,3,False,True,,False,False,True,RUNTIME_RACEDAY_MODEL_SUGGESTION,ID_MATCH
2026-07-06,922461,MAIN_VELO_PRIME,MAIN_VELO_PRIME,Henfield,7484075,data/runner_snapshots_2026_07_06_report_only.jsonl,velo_prime_prob,5,0.0737,23.0,2,False,True,,False,False,True,RUNTIME_RACEDAY_MODEL_SUGGESTION,ID_MATCH
2026-07-06,922461,MAIN_VELO_PRIME,MAIN_VELO_PRIME,Laurasia,7686995,data/runner_snapshots_2026_07_06_report_only.jsonl,velo_prime_prob,6,0.0737,17.0,6,False,False,,False,False,True,RUNTIME_RACEDAY_MODEL_SUGGESTION,ID_MATCH
2026-07-06,922461,MAIN_VELO_PRIME,MAIN_VELO_PRIME,Ruiz,7935099,data/runner_snapshots_2026_07_06_report_only.jsonl,velo_prime_prob,7,0.0523,51.0,5,False,False,,False,False,True,RUNTIME_RACEDAY_MODEL_SUGGESTION,ID_MATCH
2026-07-06,922461,MAIN_VELO_PRIME,MAIN_VELO_PRIME,Wild Rosie,7970713,data/runner_snapshots_2026_07_06_report_only.jsonl,velo_prime_prob,8,0.0358,15.0,7,False,False,,False,False,True,RUNTIME_RACEDAY_MODEL_SUGGESTION,ID_MATCH
2026-07-06,922461,MAIN_VELO_PRIME,MAIN_VELO_PRIME,Action Reaction,7529960,data/runner_snapshots_2026_07_06_report_only.jsonl,velo_prime_prob,9,0.0335,23.0,10,False,False,,False,False,True,RUNTIME_RACEDAY_MODEL_SUGGESTION,ID_MATCH
2026-07-06,922461,MAIN_VELO_PRIME,MAIN_VELO_PRIME,Ernie McCrew,9153304,data/runner_snapshots_2026_07_06_report_only.jsonl,velo_prime_prob,10,0.0217,26.0,4,False,False,,False,False,True,RUNTIME_RACEDAY_MODEL_SUGGESTION,ID_MATCH
2026-07-06,922461,OLD_VELO_LONGSHOT,OLD_VELO_LONGSHOT,Fallacious Promise,8304795,data/velo_prime_verdicts_2026_07_06.json,top.longshot_prob,1,0.0112,1.73,1,True,True,,False,False,True,RUNTIME_RACEDAY_MODEL_SUGGESTION,ID_MATCH
2026-07-06,922461,OLD_VELO_PLACE,OLD_VELO_PLACE,Fallacious Promise,8304795,data/velo_prime_verdicts_2026_07_06.json,top.place_prob,1,0.2307,1.73,1,True,True,,False,False,True,RUNTIME_RACEDAY_MODEL_SUGGESTION,ID_MATCH
2026-07-06,922461,OLD_VELO_WIN,OLD_VELO_WIN,Fallacious Promise,8304795,data/velo_prime_verdicts_2026_07_06.json,top.velo_prime_prob,1,0.426,1.73,1,True,True,,False,False,True,RUNTIME_RACEDAY_MODEL_SUGGESTION,ID_MATCH
2026-07-06,922461,SQPE_NO_RPR_SHADOW,SQPE_NO_RPR_SHADOW,Ernie McCrew,9153304,data/runner_snapshots_2026_07_06_report_only.jsonl,sqpe_no_rpr_shadow_prob,1,0.1172,26.0,4,False,False,,False,False,True,RUNTIME_RACEDAY_MODEL_SUGGESTION,ID_MATCH
2026-07-06,922461,SQPE_NO_RPR_SHADOW,SQPE_NO_RPR_SHADOW,Whazzimo,9088384,data/runner_snapshots_2026_07_06_report_only.jsonl,sqpe_no_rpr_shadow_prob,2,0.1165,9.5,9,False,False,,False,False,True,RUNTIME_RACEDAY_MODEL_SUGGESTION,ID_MATCH
2026-07-06,922461,SQPE_NO_RPR_SHADOW,SQPE_NO_RPR_SHADOW,Athenian Spirit,7436393,data/runner_snapshots_2026_07_06_report_only.jsonl,sqpe_no_rpr_shadow_prob,3,0.1151,4.5,3,False,True,,False,False,True,RUNTIME_RACEDAY_MODEL_SUGGESTION,ID_MATCH
2026-07-06,922461,SQPE_NO_RPR_SHADOW,SQPE_NO_RPR_SHADOW,Action Reaction,7529960,data/runner_snapshots_2026_07_06_report_only.jsonl,sqpe_no_rpr_shadow_prob,4,0.1052,23.0,10,False,False,,False,False,True,RUNTIME_RACEDAY_MODEL_SUGGESTION,ID_MATCH
2026-07-06,922461,SQPE_NO_RPR_SHADOW,SQPE_NO_RPR_SHADOW,Wild Rosie,7970713,data/runner_snapshots_2026_07_06_report_only.jsonl,sqpe_no_rpr_shadow_prob,5,0.1026,15.0,7,False,False,,False,False,True,RUNTIME_RACEDAY_MODEL_SUGGESTION,ID_MATCH
2026-07-06,922461,SQPE_NO_RPR_SHADOW,SQPE_NO_RPR_SHADOW,Fallacious Promise,8304795,data/runner_snapshots_2026_07_06_report_only.jsonl,sqpe_no_rpr_shadow_prob,6,0.1014,1.73,1,True,True,,False,False,True,RUNTIME_RACEDAY_MODEL_SUGGESTION,ID_MATCH
2026-07-06,922461,SQPE_NO_RPR_SHADOW,SQPE_NO_RPR_SHADOW,Henfield,7484075,data/runner_snapshots_2026_07_06_report_only.jsonl,sqpe_no_rpr_shadow_prob,7,0.0892,23.0,2,False,True,,False,False,True,RUNTIME_RACEDAY_MODEL_SUGGESTION,ID_MATCH
2026-07-06,922461,SQPE_NO_RPR_SHADOW,SQPE_NO_RPR_SHADOW,Laurasia,7686995,data/runner_snapshots_2026_07_06_report_only.jsonl,sqpe_no_rpr_shadow_prob,8,0.0862,17.0,6,False,False,,False,False,True,RUNTIME_RACEDAY_MODEL_SUGGESTION,ID_MATCH
2026-07-06,922461,SQPE_NO_RPR_SHADOW,SQPE_NO_RPR_SHADOW,Moravian,9115732,data/runner_snapshots_2026_07_06_report_only.jsonl,sqpe_no_rpr_shadow_prob,9,0.0846,23.0,8,False,False,,False,False,True,RUNTIME_RACEDAY_MODEL_SUGGESTION,ID_MATCH
2026-07-06,922461,SQPE_NO_RPR_SHADOW,SQPE_NO_RPR_SHADOW,Ruiz,7935099,data/runner_snapshots_2026_07_06_report_only.jsonl,sqpe_no_rpr_shadow_prob,10,0.0738,51.0,5,False,False,,False,False,True,RUNTIME_RACEDAY_MODEL_SUGGESTION,ID_MATCH
2026-07-06,922305,MAIN_VELO_PRIME,MAIN_VELO_PRIME,Eleven Eighty Two,9290873,data/runner_snapshots_2026_07_06_report_only.jsonl,velo_prime_prob,1,0.3142,3.0,2,False,True,,False,False,True,RUNTIME_RACEDAY_MODEL_SUGGESTION,ID_MATCH
2026-07-06,922305,MAIN_VELO_PRIME,MAIN_VELO_PRIME,Sovereign Grace,9350220,data/runner_snapshots_2026_07_06_report_only.jsonl,velo_prime_prob,2,0.2009,4.0,5,False,False,,False,False,True,RUNTIME_RACEDAY_MODEL_SUGGESTION,ID_MATCH
2026-07-06,922305,MAIN_VELO_PRIME,MAIN_VELO_PRIME,Halcon,9331770,data/runner_snapshots_2026_07_06_report_only.jsonl,velo_prime_prob,3,0.1559,,,False,False,,False,False,True,RUNTIME_RACEDAY_MODEL_SUGGESTION,NO_RESULT_MATCH
2026-07-06,922305,MAIN_VELO_PRIME,MAIN_VELO_PRIME,Spirit Of Lyra,9490325,data/runner_snapshots_2026_07_06_report_only.jsonl,velo_prime_prob,4,0.0946,5.5,4,False,False,,False,False,True,RUNTIME_RACEDAY_MODEL_SUGGESTION,ID_MATCH
2026-07-06,922305,MAIN_VELO_PRIME,MAIN_VELO_PRIME,Lady Rosalind,8688670,data/runner_snapshots_2026_07_06_report_only.jsonl,velo_prime_prob,5,0.0825,5.0,1,True,True,,False,False,True,RUNTIME_RACEDAY_MODEL_SUGGESTION,ID_MATCH
2026-07-06,922305,MAIN_VELO_PRIME,MAIN_VELO_PRIME,Travellers Girl,9396323,data/runner_snapshots_2026_07_06_report_only.jsonl,velo_prime_prob,6,0.056,9.5,3,False,True,,False,False,True,RUNTIME_RACEDAY_MODEL_SUGGESTION,ID_MATCH
2026-07-06,922305,MAIN_VELO_PRIME,MAIN_VELO_PRIME,Turbo Shandy,9377491,data/runner_snapshots_2026_07_06_report_only.jsonl,velo_prime_prob,7,0.0209,101.0,7,False,False,,False,False,True,RUNTIME_RACEDAY_MODEL_SUGGESTION,ID_MATCH
2026-07-06,922305,MAIN_VELO_PRIME,MAIN_VELO_PRIME,Texting,9419807,data/runner_snapshots_2026_07_06_report_only.jsonl,velo_prime_prob,8,0.0209,67.0,6,False,False,,False,False,True,RUNTIME_RACEDAY_MODEL_SUGGESTION,ID_MATCH
2026-07-06,922305,MAIN_VELO_PRIME,MAIN_VELO_PRIME,Sweet Iris,9222248,data/runner_snapshots_2026_07_06_report_only.jsonl,velo_prime_prob,9,0.0153,11.0,10,False,False,,False,False,True,RUNTIME_RACEDAY_MODEL_SUGGESTION,ID_MATCH
2026-07-06,922305,MAIN_VELO_PRIME,MAIN_VELO_PRIME,Thunder Filly,9490327,data/runner_snapshots_2026_07_06_report_only.jsonl,velo_prime_prob,10,0.0153,41.0,11,False,False,,False,False,True,RUNTIME_RACEDAY_MODEL_SUGGESTION,ID_MATCH
2026-07-06,922305,MAIN_VELO_PRIME,MAIN_VELO_PRIME,Wells Fargo Stage,9153196,data/runner_snapshots_2026_07_06_report_only.jsonl,velo_prime_prob,11,0.0112,126.0,9,False,False,,False,False,True,RUNTIME_RACEDAY_MODEL_SUGGESTION,ID_MATCH
2026-07-06,922305,MAIN_VELO_PRIME,MAIN_VELO_PRIME,Celita Star,9429283,data/runner_snapshots_2026_07_06_report_only.jsonl,velo_prime_prob,12,0.0065,101.0,8,False,False,,False,False,True,RUNTIME_RACEDAY_MODEL_SUGGESTION,ID_MATCH
2026-07-06,922305,MAIN_VELO_PRIME,MAIN_VELO_PRIME,Spark In The Coal,9184991,data/runner_snapshots_2026_07_06_report_only.jsonl,velo_prime_prob,13,0.0057,,,False,False,,False,False,True,RUNTIME_RACEDAY_MODEL_SUGGESTION,NO_RESULT_MATCH
2026-07-06,922305,OLD_VELO_LONGSHOT,OLD_VELO_LONGSHOT,Eleven Eighty Two,9290873,data/velo_prime_verdicts_2026_07_06.json,top.longshot_prob,1,0.0289,3.0,2,False,True,,False,False,True,RUNTIME_RACEDAY_MODEL_SUGGESTION,ID_MATCH
2026-07-06,922305,OLD_VELO_PLACE,OLD_VELO_PLACE,Eleven Eighty Two,9290873,data/velo_prime_verdicts_2026_07_06.json,top.place_prob,1,0.1177,3.0,2,False,True,,False,False,True,RUNTIME_RACEDAY_MODEL_SUGGESTION,ID_MATCH
2026-07-06,922305,OLD_VELO_WIN,OLD_VELO_WIN,Eleven Eighty Two,9290873,data/velo_prime_verdicts_2026_07_06.json,top.velo_prime_prob,1,0.3142,3.0,2,False,True,,False,False,True,RUNTIME_RACEDAY_MODEL_SUGGESTION,ID_MATCH
2026-07-06,922305,SQPE_NO_RPR_SHADOW,SQPE_NO_RPR_SHADOW,Turbo Shandy,9377491,data/runner_snapshots_2026_07_06_report_only.jsonl,sqpe_no_rpr_shadow_prob,1,0.0927,101.0,7,False,False,,False,False,True,RUNTIME_RACEDAY_MODEL_SUGGESTION,ID_MATCH
2026-07-06,922305,SQPE_NO_RPR_SHADOW,SQPE_NO_RPR_SHADOW,Sovereign Grace,9350220,data/runner_snapshots_2026_07_06_report_only.jsonl,sqpe_no_rpr_shadow_prob,2,0.0901,4.0,5,False,False,,False,False,True,RUNTIME_RACEDAY_MODEL_SUGGESTION,ID_MATCH
2026-07-06,922305,SQPE_NO_RPR_SHADOW,SQPE_NO_RPR_SHADOW,Lady Rosalind,8688670,data/runner_snapshots_2026_07_06_report_only.jsonl,sqpe_no_rpr_shadow_prob,3,0.0895,5.0,1,True,True,,False,False,True,RUNTIME_RACEDAY_MODEL_SUGGESTION,ID_MATCH
2026-07-06,922305,SQPE_NO_RPR_SHADOW,SQPE_NO_RPR_SHADOW,Celita Star,9429283,data/runner_snapshots_2026_07_06_report_only.jsonl,sqpe_no_rpr_shadow_prob,4,0.089,101.0,8,False,False,,False,False,True,RUNTIME_RACEDAY_MODEL_SUGGESTION,ID_MATCH
2026-07-06,922305,SQPE_NO_RPR_SHADOW,SQPE_NO_RPR_SHADOW,Texting,9419807,data/runner_snapshots_2026_07_06_report_only.jsonl,sqpe_no_rpr_shadow_prob,5,0.0855,67.0,6,False,False,,False,False,True,RUNTIME_RACEDAY_MODEL_SUGGESTION,ID_MATCH
2026-07-06,922305,SQPE_NO_RPR_SHADOW,SQPE_NO_RPR_SHADOW,Halcon,9331770,data/runner_snapshots_2026_07_06_report_only.jsonl,sqpe_no_rpr_shadow_prob,6,0.084,,,False,False,,False,False,True,RUNTIME_RACEDAY_MODEL_SUGGESTION,NO_RESULT_MATCH
2026-07-06,922305,SQPE_NO_RPR_SHADOW,SQPE_NO_RPR_SHADOW,Travellers Girl,9396323,data/runner_snapshots_2026_07_06_report_only.jsonl,sqpe_no_rpr_shadow_prob,7,0.0837,9.5,3,False,True,,False,False,True,RUNTIME_RACEDAY_MODEL_SUGGESTION,ID_MATCH
2026-07-06,922305,SQPE_NO_RPR_SHADOW,SQPE_NO_RPR_SHADOW,Spark In The Coal,9184991,data/runner_snapshots_2026_07_06_report_only.jsonl,sqpe_no_rpr_shadow_prob,8,0.0837,,,False,False,,False,False,True,RUNTIME_RACEDAY_MODEL_SUGGESTION,NO_RESULT_MATCH
2026-07-06,922305,SQPE_NO_RPR_SHADOW,SQPE_NO_RPR_SHADOW,Sweet Iris,9222248,data/runner_snapshots_2026_07_06_report_only.jsonl,sqpe_no_rpr_shadow_prob,9,0.076,11.0,10,False,False,,False,False,True,RUNTIME_RACEDAY_MODEL_SUGGESTION,ID_MATCH
2026-07-06,922305,SQPE_NO_RPR_SHADOW,SQPE_NO_RPR_SHADOW,Thunder Filly,9490327,data/runner_snapshots_2026_07_06_report_only.jsonl,sqpe_no_rpr_shadow_prob,10,0.076,41.0,11,False,False,,False,False,True,RUNTIME_RACEDAY_MODEL_SUGGESTION,ID_MATCH
2026-07-06,922305,SQPE_NO_RPR_SHADOW,SQPE_NO_RPR_SHADOW,Spirit Of Lyra,9490325,data/runner_snapshots_2026_07_06_report_only.jsonl,sqpe_no_rpr_shadow_prob,11,0.0724,5.5,4,False,False,,False,False,True,RUNTIME_RACEDAY_MODEL_SUGGESTION,ID_MATCH
2026-07-06,922305,SQPE_NO_RPR_SHADOW,SQPE_NO_RPR_SHADOW,Wells Fargo Stage,9153196,data/runner_snapshots_2026_07_06_report_only.jsonl,sqpe_no_rpr_shadow_prob,12,0.0724,126.0,9,False,False,,False,False,True,RUNTIME_RACEDAY_MODEL_SUGGESTION,ID_MATCH
2026-07-06,922305,SQPE_NO_RPR_SHADOW,SQPE_NO_RPR_SHADOW,Eleven Eighty Two,9290873,data/runner_snapshots_2026_07_06_report_only.jsonl,sqpe_no_rpr_shadow_prob,13,0.0679,3.0,2,False,True,,False,False,True,RUNTIME_RACEDAY_MODEL_SUGGESTION,ID_MATCH
2026-07-06,924387,MAIN_VELO_PRIME,MAIN_VELO_PRIME,World As One,7347771,data/runner_snapshots_2026_07_06_report_only.jsonl,velo_prime_prob,1,0.1792,2.5,5,False,False,,False,False,True,RUNTIME_RACEDAY_MODEL_SUGGESTION,ID_MATCH
2026-07-06,924387,MAIN_VELO_PRIME,MAIN_VELO_PRIME,Carrig Padraig,5881683,data/runner_snapshots_2026_07_06_report_only.jsonl,velo_prime_prob,2,0.0933,10.0,F,False,False,,False,False,True,RUNTIME_RACEDAY_MODEL_SUGGESTION,ID_MATCH
2026-07-06,924387,MAIN_VELO_PRIME,MAIN_VELO_PRIME,Manoir De Mirande,8344456,data/runner_snapshots_2026_07_06_report_only.jsonl,velo_prime_prob,3,0.0793,3.75,7,False,False,,False,False,True,RUNTIME_RACEDAY_MODEL_SUGGESTION,ID_MATCH
2026-07-06,924387,MAIN_VELO_PRIME,MAIN_VELO_PRIME,Minella Moon Shine,5884305,data/runner_snapshots_2026_07_06_report_only.jsonl,velo_prime_prob,4,0.0791,4.33,2,False,True,,False,False,True,RUNTIME_RACEDAY_MODEL_SUGGESTION,ID_MATCH
2026-07-06,924387,MAIN_VELO_PRIME,MAIN_VELO_PRIME,Sestini,7669942,data/runner_snapshots_2026_07_06_report_only.jsonl,velo_prime_prob,5,0.0688,7.5,3,False,True,,False,False,True,RUNTIME_RACEDAY_MODEL_SUGGESTION,ID_MATCH
2026-07-06,924387,MAIN_VELO_PRIME,MAIN_VELO_PRIME,Neat As A Pin,9354990,data/runner_snapshots_2026_07_06_report_only.jsonl,velo_prime_prob,6,0.0641,34.0,UR,False,False,,False,False,True,RUNTIME_RACEDAY_MODEL_SUGGESTION,ID_MATCH
2026-07-06,924387,MAIN_VELO_PRIME,MAIN_VELO_PRIME,Like An Ocean,9490304,data/runner_snapshots_2026_07_06_report_only.jsonl,velo_prime_prob,7,0.0585,41.0,1,True,True,,False,False,True,RUNTIME_RACEDAY_MODEL_SUGGESTION,ID_MATCH
2026-07-06,924387,MAIN_VELO_PRIME,MAIN_VELO_PRIME,Il Pirata,7525364,data/runner_snapshots_2026_07_06_report_only.jsonl,velo_prime_prob,8,0.0577,41.0,8,False,False,,False,False,True,RUNTIME_RACEDAY_MODEL_SUGGESTION,ID_MATCH
2026-07-06,924387,MAIN_VELO_PRIME,MAIN_VELO_PRIME,Jodoro,7471129,data/runner_snapshots_2026_07_06_report_only.jsonl,velo_prime_prob,9,0.0559,15.0,UR,False,False,,False,False,True,RUNTIME_RACEDAY_MODEL_SUGGESTION,ID_MATCH
2026-07-06,924387,MAIN_VELO_PRIME,MAIN_VELO_PRIME,Humble Berkshire,9295537,data/runner_snapshots_2026_07_06_report_only.jsonl,velo_prime_prob,10,0.055,401.0,9,False,False,,False,False,True,RUNTIME_RACEDAY_MODEL_SUGGESTION,ID_MATCH
2026-07-06,924387,MAIN_VELO_PRIME,MAIN_VELO_PRIME,Ol Parson,8753800,data/runner_snapshots_2026_07_06_report_only.jsonl,velo_prime_prob,11,0.0547,51.0,6,False,False,,False,False,True,RUNTIME_RACEDAY_MODEL_SUGGESTION,ID_MATCH
2026-07-06,924387,MAIN_VELO_PRIME,MAIN_VELO_PRIME,It's Time To Leave,9227243,data/runner_snapshots_2026_07_06_report_only.jsonl,velo_prime_prob,12,0.0523,251.0,10,False,False,,False,False,True,RUNTIME_RACEDAY_MODEL_SUGGESTION,ID_MATCH
2026-07-06,924387,MAIN_VELO_PRIME,MAIN_VELO_PRIME,Home By The Sea,8565921,data/runner_snapshots_2026_07_06_report_only.jsonl,velo_prime_prob,13,0.052,251.0,4,False,False,,False,False,True,RUNTIME_RACEDAY_MODEL_SUGGESTION,ID_MATCH
2026-07-06,924387,MAIN_VELO_PRIME,MAIN_VELO_PRIME,Saviour Blu,7935077,data/runner_snapshots_2026_07_06_report_only.jsonl,velo_prime_prob,14,0.0503,401.0,UR,False,False,,False,False,True,RUNTIME_RACEDAY_MODEL_SUGGESTION,ID_MATCH
2026-07-06,924387,OLD_VELO_LONGSHOT,OLD_VELO_LONGSHOT,World As One,7347771,data/velo_prime_verdicts_2026_07_06.json,top.longshot_prob,1,0.0261,2.5,5,False,False,,False,False,True,RUNTIME_RACEDAY_MODEL_SUGGESTION,ID_MATCH
2026-07-06,924387,OLD_VELO_PLACE,OLD_VELO_PLACE,World As One,7347771,data/velo_prime_verdicts_2026_07_06.json,top.place_prob,1,0.1102,2.5,5,False,False,,False,False,True,RUNTIME_RACEDAY_MODEL_SUGGESTION,ID_MATCH
2026-07-06,924387,OLD_VELO_WIN,OLD_VELO_WIN,World As One,7347771,data/velo_prime_verdicts_2026_07_06.json,top.velo_prime_prob,1,0.1792,2.5,5,False,False,,False,False,True,RUNTIME_RACEDAY_MODEL_SUGGESTION,ID_MATCH
2026-07-06,924387,SQPE_NO_RPR_SHADOW,SQPE_NO_RPR_SHADOW,Sestini,7669942,data/runner_snapshots_2026_07_06_report_only.jsonl,sqpe_no_rpr_shadow_prob,1,0.1102,7.5,3,False,True,,False,False,True,RUNTIME_RACEDAY_MODEL_SUGGESTION,ID_MATCH
2026-07-06,924387,SQPE_NO_RPR_SHADOW,SQPE_NO_RPR_SHADOW,World As One,7347771,data/runner_snapshots_2026_07_06_report_only.jsonl,sqpe_no_rpr_shadow_prob,2,0.1094,2.5,5,False,False,,False,False,True,RUNTIME_RACEDAY_MODEL_SUGGESTION,ID_MATCH
2026-07-06,924387,SQPE_NO_RPR_SHADOW,SQPE_NO_RPR_SHADOW,Il Pirata,7525364,data/runner_snapshots_2026_07_06_report_only.jsonl,sqpe_no_rpr_shadow_prob,3,0.1094,41.0,8,False,False,,False,False,True,RUNTIME_RACEDAY_MODEL_SUGGESTION,ID_MATCH
2026-07-06,924387,SQPE_NO_RPR_SHADOW,SQPE_NO_RPR_SHADOW,Jodoro,7471129,data/runner_snapshots_2026_07_06_report_only.jsonl,sqpe_no_rpr_shadow_prob,4,0.1094,15.0,UR,False,False,,False,False,True,RUNTIME_RACEDAY_MODEL_SUGGESTION,ID_MATCH
2026-07-06,924387,SQPE_NO_RPR_SHADOW,SQPE_NO_RPR_SHADOW,Ol Parson,8753800,data/runner_snapshots_2026_07_06_report_only.jsonl,sqpe_no_rpr_shadow_prob,5,0.1094,51.0,6,False,False,,False,False,True,RUNTIME_RACEDAY_MODEL_SUGGESTION,ID_MATCH
2026-07-06,924387,SQPE_NO_RPR_SHADOW,SQPE_NO_RPR_SHADOW,It's Time To Leave,9227243,data/runner_snapshots_2026_07_06_report_only.jsonl,sqpe_no_rpr_shadow_prob,6,0.1094,251.0,10,False,False,,False,False,True,RUNTIME_RACEDAY_MODEL_SUGGESTION,ID_MATCH
2026-07-06,924387,SQPE_NO_RPR_SHADOW,SQPE_NO_RPR_SHADOW,Minella Moon Shine,5884305,data/runner_snapshots_2026_07_06_report_only.jsonl,sqpe_no_rpr_shadow_prob,7,0.1072,4.33,2,False,True,,False,False,True,RUNTIME_RACEDAY_MODEL_SUGGESTION,ID_MATCH
2026-07-06,924387,SQPE_NO_RPR_SHADOW,SQPE_NO_RPR_SHADOW,Home By The Sea,8565921,data/runner_snapshots_2026_07_06_report_only.jsonl,sqpe_no_rpr_shadow_prob,8,0.1072,251.0,4,False,False,,False,False,True,RUNTIME_RACEDAY_MODEL_SUGGESTION,ID_MATCH
2026-07-06,924387,SQPE_NO_RPR_SHADOW,SQPE_NO_RPR_SHADOW,Carrig Padraig,5881683,data/runner_snapshots_2026_07_06_report_only.jsonl,sqpe_no_rpr_shadow_prob,9,0.1029,10.0,F,False,False,,False,False,True,RUNTIME_RACEDAY_MODEL_SUGGESTION,ID_MATCH
2026-07-06,924387,SQPE_NO_RPR_SHADOW,SQPE_NO_RPR_SHADOW,Saviour Blu,7935077,data/runner_snapshots_2026_07_06_report_only.jsonl,sqpe_no_rpr_shadow_prob,10,0.0955,401.0,UR,False,False,,False,False,True,RUNTIME_RACEDAY_MODEL_SUGGESTION,ID_MATCH
2026-07-06,924387,SQPE_NO_RPR_SHADOW,SQPE_NO_RPR_SHADOW,Humble Berkshire,9295537,data/runner_snapshots_2026_07_06_report_only.jsonl,sqpe_no_rpr_shadow_prob,11,0.0933,401.0,9,False,False,,False,False,True,RUNTIME_RACEDAY_MODEL_SUGGESTION,ID_MATCH
2026-07-06,924387,SQPE_NO_RPR_SHADOW,SQPE_NO_RPR_SHADOW,Manoir De Mirande,8344456,data/runner_snapshots_2026_07_06_report_only.jsonl,sqpe_no_rpr_shadow_prob,12,0.0929,3.75,7,False,False,,False,False,True,RUNTIME_RACEDAY_MODEL_SUGGESTION,ID_MATCH
2026-07-06,924387,SQPE_NO_RPR_SHADOW,SQPE_NO_RPR_SHADOW,Neat As A Pin,9354990,data/runner_snapshots_2026_07_06_report_only.jsonl,sqpe_no_rpr_shadow_prob,13,0.0908,34.0,UR,False,False,,False,False,True,RUNTIME_RACEDAY_MODEL_SUGGESTION,ID_MATCH
2026-07-06,924387,SQPE_NO_RPR_SHADOW,SQPE_NO_RPR_SHADOW,Like An Ocean,9490304,data/runner_snapshots_2026_07_06_report_only.jsonl,sqpe_no_rpr_shadow_prob,14,0.0908,41.0,1,True,True,,False,False,True,RUNTIME_RACEDAY_MODEL_SUGGESTION,ID_MATCH
2026-07-06,924398,MAIN_VELO_PRIME,MAIN_VELO_PRIME,Pharitz Lahia (Gb),58961210,data/runner_snapshots_2026_07_06_report_only.jsonl,velo_prime_prob,1,0.5934,2.25,5,False,False,,False,False,True,RUNTIME_RACEDAY_MODEL_SUGGESTION,ID_MATCH
2026-07-06,924398,MAIN_VELO_PRIME,MAIN_VELO_PRIME,Victoria (Gb),5104141,data/runner_snapshots_2026_07_06_report_only.jsonl,velo_prime_prob,2,0.2505,11.0,2,False,True,,False,False,True,RUNTIME_RACEDAY_MODEL_SUGGESTION,ID_MATCH
2026-07-06,924398,MAIN_VELO_PRIME,MAIN_VELO_PRIME,Ghayah (Fr),9472161,data/runner_snapshots_2026_07_06_report_only.jsonl,velo_prime_prob,3,0.0628,3.0,4,False,False,,False,False,True,RUNTIME_RACEDAY_MODEL_SUGGESTION,ID_MATCH
2026-07-06,924398,MAIN_VELO_PRIME,MAIN_VELO_PRIME,Ashj'Aa (Gb),9512284,data/runner_snapshots_2026_07_06_report_only.jsonl,velo_prime_prob,4,0.0462,11.0,1,True,True,,False,False,True,RUNTIME_RACEDAY_MODEL_SUGGESTION,ID_MATCH
2026-07-06,924398,MAIN_VELO_PRIME,MAIN_VELO_PRIME,Jeewan (GB),3209584,data/runner_snapshots_2026_07_06_report_only.jsonl,velo_prime_prob,5,0.0274,5.5,3,False,True,,False,False,True,RUNTIME_RACEDAY_MODEL_SUGGESTION,ID_MATCH
2026-07-06,924398,MAIN_VELO_PRIME,MAIN_VELO_PRIME,Hibikinada Du Mazet (Fr),6220016,data/runner_snapshots_2026_07_06_report_only.jsonl,velo_prime_prob,6,0.0197,23.0,6,False,False,,False,False,True,RUNTIME_RACEDAY_MODEL_SUGGESTION,ID_MATCH
2026-07-06,924398,OLD_VELO_LONGSHOT,OLD_VELO_LONGSHOT,Pharitz Lahia (Gb),58961210,data/velo_prime_verdicts_2026_07_06.json,top.longshot_prob,1,0.3729,2.25,5,False,False,,False,False,True,RUNTIME_RACEDAY_MODEL_SUGGESTION,ID_MATCH
2026-07-06,924398,OLD_VELO_PLACE,OLD_VELO_PLACE,Pharitz Lahia (Gb),58961210,data/velo_prime_verdicts_2026_07_06.json,top.place_prob,1,0.8306,2.25,5,False,False,,False,False,True,RUNTIME_RACEDAY_MODEL_SUGGESTION,ID_MATCH
2026-07-06,924398,OLD_VELO_WIN,OLD_VELO_WIN,Pharitz Lahia (Gb),58961210,data/velo_prime_verdicts_2026_07_06.json,top.velo_prime_prob,1,0.5934,2.25,5,False,False,,False,False,True,RUNTIME_RACEDAY_MODEL_SUGGESTION,ID_MATCH
2026-07-06,924398,SQPE_NO_RPR_SHADOW,SQPE_NO_RPR_SHADOW,Ghayah (Fr),9472161,data/runner_snapshots_2026_07_06_report_only.jsonl,sqpe_no_rpr_shadow_prob,1,0.1926,3.0,4,False,False,,False,False,True,RUNTIME_RACEDAY_MODEL_SUGGESTION,ID_MATCH
2026-07-06,924398,SQPE_NO_RPR_SHADOW,SQPE_NO_RPR_SHADOW,Ashj'Aa (Gb),9512284,data/runner_snapshots_2026_07_06_report_only.jsonl,sqpe_no_rpr_shadow_prob,2,0.1892,11.0,1,True,True,,False,False,True,RUNTIME_RACEDAY_MODEL_SUGGESTION,ID_MATCH
2026-07-06,924398,SQPE_NO_RPR_SHADOW,SQPE_NO_RPR_SHADOW,Hibikinada Du Mazet (Fr),6220016,data/runner_snapshots_2026_07_06_report_only.jsonl,sqpe_no_rpr_shadow_prob,3,0.1782,23.0,6,False,False,,False,False,True,RUNTIME_RACEDAY_MODEL_SUGGESTION,ID_MATCH
2026-07-06,924398,SQPE_NO_RPR_SHADOW,SQPE_NO_RPR_SHADOW,Jeewan (GB),3209584,data/runner_snapshots_2026_07_06_report_only.jsonl,sqpe_no_rpr_shadow_prob,4,0.1482,5.5,3,False,True,,False,False,True,RUNTIME_RACEDAY_MODEL_SUGGESTION,ID_MATCH
2026-07-06,924398,SQPE_NO_RPR_SHADOW,SQPE_NO_RPR_SHADOW,Victoria (Gb),5104141,data/runner_snapshots_2026_07_06_report_only.jsonl,sqpe_no_rpr_shadow_prob,5,0.0983,11.0,2,False,True,,False,False,True,RUNTIME_RACEDAY_MODEL_SUGGESTION,ID_MATCH
2026-07-06,924398,SQPE_NO_RPR_SHADOW,SQPE_NO_RPR_SHADOW,Pharitz Lahia (Gb),58961210,data/runner_snapshots_2026_07_06_report_only.jsonl,sqpe_no_rpr_shadow_prob,6,0.0481,2.25,5,False,False,,False,False,True,RUNTIME_RACEDAY_MODEL_SUGGESTION,ID_MATCH
2026-07-06,922466,MAIN_VELO_PRIME,MAIN_VELO_PRIME,South Shore,5045864,data/runner_snapshots_2026_07_06_report_only.jsonl,velo_prime_prob,1,0.5033,2.62,1,True,True,,False,False,True,RUNTIME_RACEDAY_MODEL_SUGGESTION,ID_MATCH
2026-07-06,922466,MAIN_VELO_PRIME,MAIN_VELO_PRIME,Winemaker,4522998,data/runner_snapshots_2026_07_06_report_only.jsonl,velo_prime_prob,2,0.1493,3.0,7,False,False,,False,False,True,RUNTIME_RACEDAY_MODEL_SUGGESTION,ID_MATCH
2026-07-06,922466,MAIN_VELO_PRIME,MAIN_VELO_PRIME,Isla Bella,5806696,data/runner_snapshots_2026_07_06_report_only.jsonl,velo_prime_prob,3,0.0621,34.0,5,False,False,,False,False,True,RUNTIME_RACEDAY_MODEL_SUGGESTION,ID_MATCH
2026-07-06,922466,MAIN_VELO_PRIME,MAIN_VELO_PRIME,Brave Bob,6626293,data/runner_snapshots_2026_07_06_report_only.jsonl,velo_prime_prob,4,0.0571,17.0,3,False,True,,False,False,True,RUNTIME_RACEDAY_MODEL_SUGGESTION,ID_MATCH
2026-07-06,922466,MAIN_VELO_PRIME,MAIN_VELO_PRIME,Chiedozie,5101973,data/runner_snapshots_2026_07_06_report_only.jsonl,velo_prime_prob,5,0.0485,126.0,9,False,False,,False,False,True,RUNTIME_RACEDAY_MODEL_SUGGESTION,ID_MATCH
2026-07-06,922466,MAIN_VELO_PRIME,MAIN_VELO_PRIME,The Fixer,4967778,data/runner_snapshots_2026_07_06_report_only.jsonl,velo_prime_prob,6,0.0475,4.33,8,False,False,,False,False,True,RUNTIME_RACEDAY_MODEL_SUGGESTION,ID_MATCH
2026-07-06,922466,MAIN_VELO_PRIME,MAIN_VELO_PRIME,Tilsworth Ony Ta,3791406,data/runner_snapshots_2026_07_06_report_only.jsonl,velo_prime_prob,7,0.0462,81.0,6,False,False,,False,False,True,RUNTIME_RACEDAY_MODEL_SUGGESTION,ID_MATCH
2026-07-06,922466,MAIN_VELO_PRIME,MAIN_VELO_PRIME,Daley T,4350771,data/runner_snapshots_2026_07_06_report_only.jsonl,velo_prime_prob,8,0.0437,34.0,4,False,False,,False,False,True,RUNTIME_RACEDAY_MODEL_SUGGESTION,ID_MATCH
2026-07-06,922466,MAIN_VELO_PRIME,MAIN_VELO_PRIME,She's A Gift,7195634,data/runner_snapshots_2026_07_06_report_only.jsonl,velo_prime_prob,9,0.0422,13.0,2,False,True,,False,False,True,RUNTIME_RACEDAY_MODEL_SUGGESTION,ID_MATCH
2026-07-06,922466,OLD_VELO_LONGSHOT,OLD_VELO_LONGSHOT,South Shore,5045864,data/velo_prime_verdicts_2026_07_06.json,top.longshot_prob,1,0.0063,2.62,1,True,True,,False,False,True,RUNTIME_RACEDAY_MODEL_SUGGESTION,ID_MATCH
2026-07-06,922466,OLD_VELO_PLACE,OLD_VELO_PLACE,South Shore,5045864,data/velo_prime_verdicts_2026_07_06.json,top.place_prob,1,0.2041,2.62,1,True,True,,False,False,True,RUNTIME_RACEDAY_MODEL_SUGGESTION,ID_MATCH
2026-07-06,922466,OLD_VELO_WIN,OLD_VELO_WIN,South Shore,5045864,data/velo_prime_verdicts_2026_07_06.json,top.velo_prime_prob,1,0.5033,2.62,1,True,True,,False,False,True,RUNTIME_RACEDAY_MODEL_SUGGESTION,ID_MATCH
2026-07-06,922466,SQPE_NO_RPR_SHADOW,SQPE_NO_RPR_SHADOW,The Fixer,4967778,data/runner_snapshots_2026_07_06_report_only.jsonl,sqpe_no_rpr_shadow_prob,1,0.1373,4.33,8,False,False,,False,False,True,RUNTIME_RACEDAY_MODEL_SUGGESTION,ID_MATCH
2026-07-06,922466,SQPE_NO_RPR_SHADOW,SQPE_NO_RPR_SHADOW,South Shore,5045864,data/runner_snapshots_2026_07_06_report_only.jsonl,sqpe_no_rpr_shadow_prob,2,0.1318,2.62,1,True,True,,False,False,True,RUNTIME_RACEDAY_MODEL_SUGGESTION,ID_MATCH
2026-07-06,922466,SQPE_NO_RPR_SHADOW,SQPE_NO_RPR_SHADOW,She's A Gift,7195634,data/runner_snapshots_2026_07_06_report_only.jsonl,sqpe_no_rpr_shadow_prob,3,0.1168,13.0,2,False,True,,False,False,True,RUNTIME_RACEDAY_MODEL_SUGGESTION,ID_MATCH
2026-07-06,922466,SQPE_NO_RPR_SHADOW,SQPE_NO_RPR_SHADOW,Winemaker,4522998,data/runner_snapshots_2026_07_06_report_only.jsonl,sqpe_no_rpr_shadow_prob,4,0.1151,3.0,7,False,False,,False,False,True,RUNTIME_RACEDAY_MODEL_SUGGESTION,ID_MATCH
2026-07-06,922466,SQPE_NO_RPR_SHADOW,SQPE_NO_RPR_SHADOW,Brave Bob,6626293,data/runner_snapshots_2026_07_06_report_only.jsonl,sqpe_no_rpr_shadow_prob,5,0.0987,17.0,3,False,True,,False,False,True,RUNTIME_RACEDAY_MODEL_SUGGESTION,ID_MATCH
2026-07-06,922466,SQPE_NO_RPR_SHADOW,SQPE_NO_RPR_SHADOW,Daley T,4350771,data/runner_snapshots_2026_07_06_report_only.jsonl,sqpe_no_rpr_shadow_prob,6,0.0861,34.0,4,False,False,,False,False,True,RUNTIME_RACEDAY_MODEL_SUGGESTION,ID_MATCH
2026-07-06,922466,SQPE_NO_RPR_SHADOW,SQPE_NO_RPR_SHADOW,Chiedozie,5101973,data/runner_snapshots_2026_07_06_report_only.jsonl,sqpe_no_rpr_shadow_prob,7,0.0815,126.0,9,False,False,,False,False,True,RUNTIME_RACEDAY_MODEL_SUGGESTION,ID_MATCH
2026-07-06,922466,SQPE_NO_RPR_SHADOW,SQPE_NO_RPR_SHADOW,Isla Bella,5806696,data/runner_snapshots_2026_07_06_report_only.jsonl,sqpe_no_rpr_shadow_prob,8,0.0736,34.0,5,False,False,,False,False,True,RUNTIME_RACEDAY_MODEL_SUGGESTION,ID_MATCH
2026-07-06,922466,SQPE_NO_RPR_SHADOW,SQPE_NO_RPR_SHADOW,Tilsworth Ony Ta,3791406,data/runner_snapshots_2026_07_06_report_only.jsonl,sqpe_no_rpr_shadow_prob,9,0.0692,81.0,6,False,False,,False,False,True,RUNTIME_RACEDAY_MODEL_SUGGESTION,ID_MATCH
2026-07-06,922304,MAIN_VELO_PRIME,MAIN_VELO_PRIME,Queen's Hame,9490329,data/runner_snapshots_2026_07_06_report_only.jsonl,velo_prime_prob,1,0.4449,1.91,2,False,True,,False,False,True,RUNTIME_RACEDAY_MODEL_SUGGESTION,ID_MATCH
2026-07-06,922304,MAIN_VELO_PRIME,MAIN_VELO_PRIME,Alterity,7852224,data/runner_snapshots_2026_07_06_report_only.jsonl,velo_prime_prob,2,0.4168,2.2,1,True,True,,False,False,True,RUNTIME_RACEDAY_MODEL_SUGGESTION,ID_MATCH
2026-07-06,922304,MAIN_VELO_PRIME,MAIN_VELO_PRIME,War And Love,6928477,data/runner_snapshots_2026_07_06_report_only.jsonl,velo_prime_prob,3,0.0633,17.0,3,False,True,,False,False,True,RUNTIME_RACEDAY_MODEL_SUGGESTION,ID_MATCH
2026-07-06,922304,MAIN_VELO_PRIME,MAIN_VELO_PRIME,Dayna,9340085,data/runner_snapshots_2026_07_06_report_only.jsonl,velo_prime_prob,4,0.0427,26.0,5,False,False,,False,False,True,RUNTIME_RACEDAY_MODEL_SUGGESTION,ID_MATCH
2026-07-06,922304,MAIN_VELO_PRIME,MAIN_VELO_PRIME,Speckled Brown,8236338,data/runner_snapshots_2026_07_06_report_only.jsonl,velo_prime_prob,5,0.0324,41.0,4,False,False,,False,False,True,RUNTIME_RACEDAY_MODEL_SUGGESTION,ID_MATCH
2026-07-06,922304,OLD_VELO_LONGSHOT,OLD_VELO_LONGSHOT,Queen's Hame,9490329,data/velo_prime_verdicts_2026_07_06.json,top.longshot_prob,1,0.0735,1.91,2,False,True,,False,False,True,RUNTIME_RACEDAY_MODEL_SUGGESTION,ID_MATCH
2026-07-06,922304,OLD_VELO_PLACE,OLD_VELO_PLACE,Queen's Hame,9490329,data/velo_prime_verdicts_2026_07_06.json,top.place_prob,1,0.7928,1.91,2,False,True,,False,False,True,RUNTIME_RACEDAY_MODEL_SUGGESTION,ID_MATCH
2026-07-06,922304,OLD_VELO_WIN,OLD_VELO_WIN,Queen's Hame,9490329,data/velo_prime_verdicts_2026_07_06.json,top.velo_prime_prob,1,0.4449,1.91,2,False,True,,False,False,True,RUNTIME_RACEDAY_MODEL_SUGGESTION,ID_MATCH
2026-07-06,922304,SQPE_NO_RPR_SHADOW,SQPE_NO_RPR_SHADOW,Alterity,7852224,data/runner_snapshots_2026_07_06_report_only.jsonl,sqpe_no_rpr_shadow_prob,1,0.1951,2.2,1,True,True,,False,False,True,RUNTIME_RACEDAY_MODEL_SUGGESTION,ID_MATCH
2026-07-06,922304,SQPE_NO_RPR_SHADOW,SQPE_NO_RPR_SHADOW,Queen's Hame,9490329,data/runner_snapshots_2026_07_06_report_only.jsonl,sqpe_no_rpr_shadow_prob,2,0.1764,1.91,2,False,True,,False,False,True,RUNTIME_RACEDAY_MODEL_SUGGESTION,ID_MATCH
2026-07-06,922304,SQPE_NO_RPR_SHADOW,SQPE_NO_RPR_SHADOW,Dayna,9340085,data/runner_snapshots_2026_07_06_report_only.jsonl,sqpe_no_rpr_shadow_prob,3,0.1697,26.0,5,False,False,,False,False,True,RUNTIME_RACEDAY_MODEL_SUGGESTION,ID_MATCH
2026-07-06,922304,SQPE_NO_RPR_SHADOW,SQPE_NO_RPR_SHADOW,Speckled Brown,8236338,data/runner_snapshots_2026_07_06_report_only.jsonl,sqpe_no_rpr_shadow_prob,4,0.1694,41.0,4,False,False,,False,False,True,RUNTIME_RACEDAY_MODEL_SUGGESTION,ID_MATCH
2026-07-06,922304,SQPE_NO_RPR_SHADOW,SQPE_NO_RPR_SHADOW,War And Love,6928477,data/runner_snapshots_2026_07_06_report_only.jsonl,sqpe_no_rpr_shadow_prob,5,0.1552,17.0,3,False,True,,False,False,True,RUNTIME_RACEDAY_MODEL_SUGGESTION,ID_MATCH
2026-07-06,924279,MAIN_VELO_PRIME,MAIN_VELO_PRIME,Lizzie Twigg,8784170,data/runner_snapshots_2026_07_06_report_only.jsonl,velo_prime_prob,1,0.3009,2.38,1,True,True,,False,False,True,RUNTIME_RACEDAY_MODEL_SUGGESTION,ID_MATCH
2026-07-06,924279,MAIN_VELO_PRIME,MAIN_VELO_PRIME,Dani Donadoni,7209399,data/runner_snapshots_2026_07_06_report_only.jsonl,velo_prime_prob,2,0.1521,2.5,2,False,True,,False,False,True,RUNTIME_RACEDAY_MODEL_SUGGESTION,ID_MATCH
2026-07-06,924279,MAIN_VELO_PRIME,MAIN_VELO_PRIME,Move It On Over,7622812,data/runner_snapshots_2026_07_06_report_only.jsonl,velo_prime_prob,3,0.1262,101.0,UR,False,False,,False,False,True,RUNTIME_RACEDAY_MODEL_SUGGESTION,ID_MATCH
2026-07-06,924279,MAIN_VELO_PRIME,MAIN_VELO_PRIME,Whoyougonnacall,8106614,data/runner_snapshots_2026_07_06_report_only.jsonl,velo_prime_prob,4,0.1178,51.0,4,False,False,,False,False,True,RUNTIME_RACEDAY_MODEL_SUGGESTION,ID_MATCH
2026-07-06,924279,MAIN_VELO_PRIME,MAIN_VELO_PRIME,Suresuresure,7592658,data/runner_snapshots_2026_07_06_report_only.jsonl,velo_prime_prob,5,0.1066,51.0,5,False,False,,False,False,True,RUNTIME_RACEDAY_MODEL_SUGGESTION,ID_MATCH
2026-07-06,924279,MAIN_VELO_PRIME,MAIN_VELO_PRIME,Endless Talking,7404480,data/runner_snapshots_2026_07_06_report_only.jsonl,velo_prime_prob,6,0.1031,,,False,False,,False,False,True,RUNTIME_RACEDAY_MODEL_SUGGESTION,NO_RESULT_MATCH
2026-07-06,924279,MAIN_VELO_PRIME,MAIN_VELO_PRIME,The Store Boy,7404618,data/runner_snapshots_2026_07_06_report_only.jsonl,velo_prime_prob,7,0.0933,4.0,3,False,True,,False,False,True,RUNTIME_RACEDAY_MODEL_SUGGESTION,ID_MATCH
2026-07-06,924279,OLD_VELO_LONGSHOT,OLD_VELO_LONGSHOT,Lizzie Twigg,8784170,data/velo_prime_verdicts_2026_07_06.json,top.longshot_prob,1,0.0487,2.38,1,True,True,,False,False,True,RUNTIME_RACEDAY_MODEL_SUGGESTION,ID_MATCH
2026-07-06,924279,OLD_VELO_PLACE,OLD_VELO_PLACE,Lizzie Twigg,8784170,data/velo_prime_verdicts_2026_07_06.json,top.place_prob,1,0.2022,2.38,1,True,True,,False,False,True,RUNTIME_RACEDAY_MODEL_SUGGESTION,ID_MATCH
2026-07-06,924279,OLD_VELO_WIN,OLD_VELO_WIN,Lizzie Twigg,8784170,data/velo_prime_verdicts_2026_07_06.json,top.velo_prime_prob,1,0.3009,2.38,1,True,True,,False,False,True,RUNTIME_RACEDAY_MODEL_SUGGESTION,ID_MATCH
2026-07-06,924279,SQPE_NO_RPR_SHADOW,SQPE_NO_RPR_SHADOW,Dani Donadoni,7209399,data/runner_snapshots_2026_07_06_report_only.jsonl,sqpe_no_rpr_shadow_prob,1,0.2271,2.5,2,False,True,,False,False,True,RUNTIME_RACEDAY_MODEL_SUGGESTION,ID_MATCH
2026-07-06,924279,SQPE_NO_RPR_SHADOW,SQPE_NO_RPR_SHADOW,Endless Talking,7404480,data/runner_snapshots_2026_07_06_report_only.jsonl,sqpe_no_rpr_shadow_prob,2,0.1834,,,False,False,,False,False,True,RUNTIME_RACEDAY_MODEL_SUGGESTION,NO_RESULT_MATCH
2026-07-06,924279,SQPE_NO_RPR_SHADOW,SQPE_NO_RPR_SHADOW,The Store Boy,7404618,data/runner_snapshots_2026_07_06_report_only.jsonl,sqpe_no_rpr_shadow_prob,3,0.1788,4.0,3,False,True,,False,False,True,RUNTIME_RACEDAY_MODEL_SUGGESTION,ID_MATCH
2026-07-06,924279,SQPE_NO_RPR_SHADOW,SQPE_NO_RPR_SHADOW,Lizzie Twigg,8784170,data/runner_snapshots_2026_07_06_report_only.jsonl,sqpe_no_rpr_shadow_prob,4,0.1599,2.38,1,True,True,,False,False,True,RUNTIME_RACEDAY_MODEL_SUGGESTION,ID_MATCH
2026-07-06,924279,SQPE_NO_RPR_SHADOW,SQPE_NO_RPR_SHADOW,Whoyougonnacall,8106614,data/runner_snapshots_2026_07_06_report_only.jsonl,sqpe_no_rpr_shadow_prob,5,0.1599,51.0,4,False,False,,False,False,True,RUNTIME_RACEDAY_MODEL_SUGGESTION,ID_MATCH
2026-07-06,924279,SQPE_NO_RPR_SHADOW,SQPE_NO_RPR_SHADOW,Suresuresure,7592658,data/runner_snapshots_2026_07_06_report_only.jsonl,sqpe_no_rpr_shadow_prob,6,0.1599,51.0,5,False,False,,False,False,True,RUNTIME_RACEDAY_MODEL_SUGGESTION,ID_MATCH
2026-07-06,924279,SQPE_NO_RPR_SHADOW,SQPE_NO_RPR_SHADOW,Move It On Over,7622812,data/runner_snapshots_2026_07_06_report_only.jsonl,sqpe_no_rpr_shadow_prob,7,0.0566,101.0,UR,False,False,,False,False,True,RUNTIME_RACEDAY_MODEL_SUGGESTION,ID_MATCH
2026-07-06,922462,MAIN_VELO_PRIME,MAIN_VELO_PRIME,Roxelina,9115887,data/runner_snapshots_2026_07_06_report_only.jsonl,velo_prime_prob,1,0.5771,1.22,1,True,True,,False,False,True,RUNTIME_RACEDAY_MODEL_SUGGESTION,ID_MATCH
2026-07-06,922462,MAIN_VELO_PRIME,MAIN_VELO_PRIME,Betty Boop,9451556,data/runner_snapshots_2026_07_06_report_only.jsonl,velo_prime_prob,2,0.2083,,,False,False,,False,False,True,RUNTIME_RACEDAY_MODEL_SUGGESTION,NO_RESULT_MATCH
2026-07-06,922462,MAIN_VELO_PRIME,MAIN_VELO_PRIME,Lola,8881463,data/runner_snapshots_2026_07_06_report_only.jsonl,velo_prime_prob,3,0.0732,13.0,4,False,False,,False,False,True,RUNTIME_RACEDAY_MODEL_SUGGESTION,ID_MATCH
2026-07-06,922462,MAIN_VELO_PRIME,MAIN_VELO_PRIME,Enhancing,9276861,data/runner_snapshots_2026_07_06_report_only.jsonl,velo_prime_prob,4,0.0401,34.0,6,False,False,,False,False,True,RUNTIME_RACEDAY_MODEL_SUGGESTION,ID_MATCH
2026-07-06,922462,MAIN_VELO_PRIME,MAIN_VELO_PRIME,Elpeeare,8688542,data/runner_snapshots_2026_07_06_report_only.jsonl,velo_prime_prob,5,0.0339,10.0,3,False,True,,False,False,True,RUNTIME_RACEDAY_MODEL_SUGGESTION,ID_MATCH
2026-07-06,922462,MAIN_VELO_PRIME,MAIN_VELO_PRIME,Delighfully Hot,9326755,data/runner_snapshots_2026_07_06_report_only.jsonl,velo_prime_prob,6,0.0337,12.0,2,False,True,,False,False,True,RUNTIME_RACEDAY_MODEL_SUGGESTION,ID_MATCH
2026-07-06,922462,MAIN_VELO_PRIME,MAIN_VELO_PRIME,Dreams Galore,9312946,data/runner_snapshots_2026_07_06_report_only.jsonl,velo_prime_prob,7,0.0232,23.0,7,False,False,,False,False,True,RUNTIME_RACEDAY_MODEL_SUGGESTION,ID_MATCH
2026-07-06,922462,MAIN_VELO_PRIME,MAIN_VELO_PRIME,Charcoal Diva,9179709,data/runner_snapshots_2026_07_06_report_only.jsonl,velo_prime_prob,8,0.0105,81.0,5,False,False,,False,False,True,RUNTIME_RACEDAY_MODEL_SUGGESTION,ID_MATCH
2026-07-06,922462,OLD_VELO_LONGSHOT,OLD_VELO_LONGSHOT,Roxelina,9115887,data/velo_prime_verdicts_2026_07_06.json,top.longshot_prob,1,0.0405,1.22,1,True,True,,False,False,True,RUNTIME_RACEDAY_MODEL_SUGGESTION,ID_MATCH
2026-07-06,922462,OLD_VELO_PLACE,OLD_VELO_PLACE,Roxelina,9115887,data/velo_prime_verdicts_2026_07_06.json,top.place_prob,1,0.5608,1.22,1,True,True,,False,False,True,RUNTIME_RACEDAY_MODEL_SUGGESTION,ID_MATCH
2026-07-06,922462,OLD_VELO_WIN,OLD_VELO_WIN,Roxelina,9115887,data/velo_prime_verdicts_2026_07_06.json,top.velo_prime_prob,1,0.5771,1.22,1,True,True,,False,False,True,RUNTIME_RACEDAY_MODEL_SUGGESTION,ID_MATCH
2026-07-06,922462,SQPE_NO_RPR_SHADOW,SQPE_NO_RPR_SHADOW,Delighfully Hot,9326755,data/runner_snapshots_2026_07_06_report_only.jsonl,sqpe_no_rpr_shadow_prob,1,0.1233,12.0,2,False,True,,False,False,True,RUNTIME_RACEDAY_MODEL_SUGGESTION,ID_MATCH
2026-07-06,922462,SQPE_NO_RPR_SHADOW,SQPE_NO_RPR_SHADOW,Betty Boop,9451556,data/runner_snapshots_2026_07_06_report_only.jsonl,sqpe_no_rpr_shadow_prob,2,0.1219,,,False,False,,False,False,True,RUNTIME_RACEDAY_MODEL_SUGGESTION,NO_RESULT_MATCH
2026-07-06,922462,SQPE_NO_RPR_SHADOW,SQPE_NO_RPR_SHADOW,Elpeeare,8688542,data/runner_snapshots_2026_07_06_report_only.jsonl,sqpe_no_rpr_shadow_prob,3,0.1216,10.0,3,False,True,,False,False,True,RUNTIME_RACEDAY_MODEL_SUGGESTION,ID_MATCH
2026-07-06,922462,SQPE_NO_RPR_SHADOW,SQPE_NO_RPR_SHADOW,Roxelina,9115887,data/runner_snapshots_2026_07_06_report_only.jsonl,sqpe_no_rpr_shadow_prob,4,0.1201,1.22,1,True,True,,False,False,True,RUNTIME_RACEDAY_MODEL_SUGGESTION,ID_MATCH
2026-07-06,922462,SQPE_NO_RPR_SHADOW,SQPE_NO_RPR_SHADOW,Dreams Galore,9312946,data/runner_snapshots_2026_07_06_report_only.jsonl,sqpe_no_rpr_shadow_prob,5,0.1194,23.0,7,False,False,,False,False,True,RUNTIME_RACEDAY_MODEL_SUGGESTION,ID_MATCH
2026-07-06,922462,SQPE_NO_RPR_SHADOW,SQPE_NO_RPR_SHADOW,Charcoal Diva,9179709,data/runner_snapshots_2026_07_06_report_only.jsonl,sqpe_no_rpr_shadow_prob,6,0.1194,81.0,5,False,False,,False,False,True,RUNTIME_RACEDAY_MODEL_SUGGESTION,ID_MATCH
2026-07-06,922462,SQPE_NO_RPR_SHADOW,SQPE_NO_RPR_SHADOW,Lola,8881463,data/runner_snapshots_2026_07_06_report_only.jsonl,sqpe_no_rpr_shadow_prob,7,0.1172,13.0,4,False,False,,False,False,True,RUNTIME_RACEDAY_MODEL_SUGGESTION,ID_MATCH
2026-07-06,922462,SQPE_NO_RPR_SHADOW,SQPE_NO_RPR_SHADOW,Enhancing,9276861,data/runner_snapshots_2026_07_06_report_only.jsonl,sqpe_no_rpr_shadow_prob,8,0.1165,34.0,6,False,False,,False,False,True,RUNTIME_RACEDAY_MODEL_SUGGESTION,ID_MATCH
2026-07-06,922303,MAIN_VELO_PRIME,MAIN_VELO_PRIME,Volenti,3958772,data/runner_snapshots_2026_07_06_report_only.jsonl,velo_prime_prob,1,0.2834,23.0,4,False,False,,False,False,True,RUNTIME_RACEDAY_MODEL_SUGGESTION,ID_MATCH
2026-07-06,922303,MAIN_VELO_PRIME,MAIN_VELO_PRIME,Up The Jazz,5034735,data/runner_snapshots_2026_07_06_report_only.jsonl,velo_prime_prob,2,0.1959,6.5,2,False,True,,False,False,True,RUNTIME_RACEDAY_MODEL_SUGGESTION,ID_MATCH
2026-07-06,922303,MAIN_VELO_PRIME,MAIN_VELO_PRIME,Jesmond Dawn,5073257,data/runner_snapshots_2026_07_06_report_only.jsonl,velo_prime_prob,3,0.1596,4.0,1,True,True,,False,False,True,RUNTIME_RACEDAY_MODEL_SUGGESTION,ID_MATCH
2026-07-06,922303,MAIN_VELO_PRIME,MAIN_VELO_PRIME,Precious Spartan,6496521,data/runner_snapshots_2026_07_06_report_only.jsonl,velo_prime_prob,4,0.1328,6.0,8,False,False,,False,False,True,RUNTIME_RACEDAY_MODEL_SUGGESTION,ID_MATCH
2026-07-06,922303,MAIN_VELO_PRIME,MAIN_VELO_PRIME,Glorious Kitty,5900738,data/runner_snapshots_2026_07_06_report_only.jsonl,velo_prime_prob,5,0.0677,4.0,6,False,False,,False,False,True,RUNTIME_RACEDAY_MODEL_SUGGESTION,ID_MATCH
2026-07-06,922303,MAIN_VELO_PRIME,MAIN_VELO_PRIME,Hopeful Joy,7475650,data/runner_snapshots_2026_07_06_report_only.jsonl,velo_prime_prob,6,0.0639,13.0,5,False,False,,False,False,True,RUNTIME_RACEDAY_MODEL_SUGGESTION,ID_MATCH
2026-07-06,922303,MAIN_VELO_PRIME,MAIN_VELO_PRIME,Poet's Dawn,1428794,data/runner_snapshots_2026_07_06_report_only.jsonl,velo_prime_prob,7,0.04,9.5,3,False,True,,False,False,True,RUNTIME_RACEDAY_MODEL_SUGGESTION,ID_MATCH
2026-07-06,922303,MAIN_VELO_PRIME,MAIN_VELO_PRIME,Popeye Doyle,5708744,data/runner_snapshots_2026_07_06_report_only.jsonl,velo_prime_prob,8,0.0335,34.0,7,False,False,,False,False,True,RUNTIME_RACEDAY_MODEL_SUGGESTION,ID_MATCH
2026-07-06,922303,MAIN_VELO_PRIME,MAIN_VELO_PRIME,Urban Road,4031638,data/runner_snapshots_2026_07_06_report_only.jsonl,velo_prime_prob,9,0.0232,11.0,9,False,False,,False,False,True,RUNTIME_RACEDAY_MODEL_SUGGESTION,ID_MATCH
2026-07-06,922303,OLD_VELO_LONGSHOT,OLD_VELO_LONGSHOT,Volenti,3958772,data/velo_prime_verdicts_2026_07_06.json,top.longshot_prob,1,0.2915,23.0,4,False,False,,False,False,True,RUNTIME_RACEDAY_MODEL_SUGGESTION,ID_MATCH
2026-07-06,922303,OLD_VELO_PLACE,OLD_VELO_PLACE,Volenti,3958772,data/velo_prime_verdicts_2026_07_06.json,top.place_prob,1,0.2985,23.0,4,False,False,,False,False,True,RUNTIME_RACEDAY_MODEL_SUGGESTION,ID_MATCH
2026-07-06,922303,OLD_VELO_WIN,OLD_VELO_WIN,Volenti,3958772,data/velo_prime_verdicts_2026_07_06.json,top.velo_prime_prob,1,0.2834,23.0,4,False,False,,False,False,True,RUNTIME_RACEDAY_MODEL_SUGGESTION,ID_MATCH
2026-07-06,922303,SQPE_NO_RPR_SHADOW,SQPE_NO_RPR_SHADOW,Glorious Kitty,5900738,data/runner_snapshots_2026_07_06_report_only.jsonl,sqpe_no_rpr_shadow_prob,1,0.1209,4.0,6,False,False,,False,False,True,RUNTIME_RACEDAY_MODEL_SUGGESTION,ID_MATCH
2026-07-06,922303,SQPE_NO_RPR_SHADOW,SQPE_NO_RPR_SHADOW,Hopeful Joy,7475650,data/runner_snapshots_2026_07_06_report_only.jsonl,sqpe_no_rpr_shadow_prob,2,0.1102,13.0,5,False,False,,False,False,True,RUNTIME_RACEDAY_MODEL_SUGGESTION,ID_MATCH
2026-07-06,922303,SQPE_NO_RPR_SHADOW,SQPE_NO_RPR_SHADOW,Up The Jazz,5034735,data/runner_snapshots_2026_07_06_report_only.jsonl,sqpe_no_rpr_shadow_prob,3,0.1082,6.5,2,False,True,,False,False,True,RUNTIME_RACEDAY_MODEL_SUGGESTION,ID_MATCH
2026-07-06,922303,SQPE_NO_RPR_SHADOW,SQPE_NO_RPR_SHADOW,Popeye Doyle,5708744,data/runner_snapshots_2026_07_06_report_only.jsonl,sqpe_no_rpr_shadow_prob,4,0.1026,34.0,7,False,False,,False,False,True,RUNTIME_RACEDAY_MODEL_SUGGESTION,ID_MATCH
2026-07-06,922303,SQPE_NO_RPR_SHADOW,SQPE_NO_RPR_SHADOW,Urban Road,4031638,data/runner_snapshots_2026_07_06_report_only.jsonl,sqpe_no_rpr_shadow_prob,5,0.1011,11.0,9,False,False,,False,False,True,RUNTIME_RACEDAY_MODEL_SUGGESTION,ID_MATCH
2026-07-06,922303,SQPE_NO_RPR_SHADOW,SQPE_NO_RPR_SHADOW,Precious Spartan,6496521,data/runner_snapshots_2026_07_06_report_only.jsonl,sqpe_no_rpr_shadow_prob,6,0.0991,6.0,8,False,False,,False,False,True,RUNTIME_RACEDAY_MODEL_SUGGESTION,ID_MATCH
2026-07-06,922303,SQPE_NO_RPR_SHADOW,SQPE_NO_RPR_SHADOW,Jesmond Dawn,5073257,data/runner_snapshots_2026_07_06_report_only.jsonl,sqpe_no_rpr_shadow_prob,7,0.0963,4.0,1,True,True,,False,False,True,RUNTIME_RACEDAY_MODEL_SUGGESTION,ID_MATCH
2026-07-06,922303,SQPE_NO_RPR_SHADOW,SQPE_NO_RPR_SHADOW,Poet's Dawn,1428794,data/runner_snapshots_2026_07_06_report_only.jsonl,sqpe_no_rpr_shadow_prob,8,0.07,9.5,3,False,True,,False,False,True,RUNTIME_RACEDAY_MODEL_SUGGESTION,ID_MATCH
2026-07-06,922303,SQPE_NO_RPR_SHADOW,SQPE_NO_RPR_SHADOW,Volenti,3958772,data/runner_snapshots_2026_07_06_report_only.jsonl,sqpe_no_rpr_shadow_prob,9,0.0474,23.0,4,False,False,,False,False,True,RUNTIME_RACEDAY_MODEL_SUGGESTION,ID_MATCH
2026-07-06,924280,MAIN_VELO_PRIME,MAIN_VELO_PRIME,Dontdooddson,1391600,data/runner_snapshots_2026_07_06_report_only.jsonl,velo_prime_prob,1,0.0943,12.0,7,False,False,,False,False,True,RUNTIME_RACEDAY_MODEL_SUGGESTION,ID_MATCH
2026-07-06,924280,MAIN_VELO_PRIME,MAIN_VELO_PRIME,Gold Gatewood,7303385,data/runner_snapshots_2026_07_06_report_only.jsonl,velo_prime_prob,2,0.0883,,,False,False,,False,False,True,RUNTIME_RACEDAY_MODEL_SUGGESTION,NO_RESULT_MATCH
2026-07-06,924280,MAIN_VELO_PRIME,MAIN_VELO_PRIME,China Grill,9119982,data/runner_snapshots_2026_07_06_report_only.jsonl,velo_prime_prob,3,0.0726,101.0,13,False,False,,False,False,True,RUNTIME_RACEDAY_MODEL_SUGGESTION,ID_MATCH
2026-07-06,924280,MAIN_VELO_PRIME,MAIN_VELO_PRIME,Highland Earl,5746467,data/runner_snapshots_2026_07_06_report_only.jsonl,velo_prime_prob,4,0.0707,15.0,8,False,False,,False,False,True,RUNTIME_RACEDAY_MODEL_SUGGESTION,ID_MATCH
2026-07-06,924280,MAIN_VELO_PRIME,MAIN_VELO_PRIME,Syosset,6350101,data/runner_snapshots_2026_07_06_report_only.jsonl,velo_prime_prob,5,0.066,15.0,3,False,True,,False,False,True,RUNTIME_RACEDAY_MODEL_SUGGESTION,ID_MATCH
2026-07-06,924280,MAIN_VELO_PRIME,MAIN_VELO_PRIME,Del Boys Diva,8436932,data/runner_snapshots_2026_07_06_report_only.jsonl,velo_prime_prob,6,0.0616,19.0,1,True,True,,False,False,True,RUNTIME_RACEDAY_MODEL_SUGGESTION,ID_MATCH
2026-07-06,924280,MAIN_VELO_PRIME,MAIN_VELO_PRIME,Cool Summer,6111545,data/runner_snapshots_2026_07_06_report_only.jsonl,velo_prime_prob,7,0.0519,9.0,2,False,True,,False,False,True,RUNTIME_RACEDAY_MODEL_SUGGESTION,ID_MATCH
2026-07-06,924280,MAIN_VELO_PRIME,MAIN_VELO_PRIME,Gentle Annie,8018249,data/runner_snapshots_2026_07_06_report_only.jsonl,velo_prime_prob,8,0.0503,13.0,F,False,False,,False,False,True,RUNTIME_RACEDAY_MODEL_SUGGESTION,ID_MATCH
2026-07-06,924280,MAIN_VELO_PRIME,MAIN_VELO_PRIME,Whispering Willow,7334537,data/runner_snapshots_2026_07_06_report_only.jsonl,velo_prime_prob,9,0.0466,4.5,6,False,False,,False,False,True,RUNTIME_RACEDAY_MODEL_SUGGESTION,ID_MATCH
2026-07-06,924280,MAIN_VELO_PRIME,MAIN_VELO_PRIME,Urban War,3162612,data/runner_snapshots_2026_07_06_report_only.jsonl,velo_prime_prob,10,0.0425,,,False,False,,False,False,True,RUNTIME_RACEDAY_MODEL_SUGGESTION,NO_RESULT_MATCH
2026-07-06,924280,MAIN_VELO_PRIME,MAIN_VELO_PRIME,Patty O'Farrell,6803007,data/runner_snapshots_2026_07_06_report_only.jsonl,velo_prime_prob,11,0.0422,7.0,F,False,False,,False,False,True,RUNTIME_RACEDAY_MODEL_SUGGESTION,ID_MATCH
2026-07-06,924280,MAIN_VELO_PRIME,MAIN_VELO_PRIME,Victoria Kesia,5357870,data/runner_snapshots_2026_07_06_report_only.jsonl,velo_prime_prob,12,0.0422,13.0,10,False,False,,False,False,True,RUNTIME_RACEDAY_MODEL_SUGGESTION,ID_MATCH
2026-07-06,924280,MAIN_VELO_PRIME,MAIN_VELO_PRIME,Slowdownbarney,6010545,data/runner_snapshots_2026_07_06_report_only.jsonl,velo_prime_prob,13,0.0405,51.0,14,False,False,,False,False,True,RUNTIME_RACEDAY_MODEL_SUGGESTION,ID_MATCH
2026-07-06,924280,MAIN_VELO_PRIME,MAIN_VELO_PRIME,Copper Rocker,8370933,data/runner_snapshots_2026_07_06_report_only.jsonl,velo_prime_prob,14,0.0405,26.0,11,False,False,,False,False,True,RUNTIME_RACEDAY_MODEL_SUGGESTION,ID_MATCH
2026-07-06,924280,MAIN_VELO_PRIME,MAIN_VELO_PRIME,Annie's Angel,6555358,data/runner_snapshots_2026_07_06_report_only.jsonl,velo_prime_prob,15,0.0398,6.5,5,False,False,,False,False,True,RUNTIME_RACEDAY_MODEL_SUGGESTION,ID_MATCH
2026-07-06,924280,MAIN_VELO_PRIME,MAIN_VELO_PRIME,Walk Win,7961709,data/runner_snapshots_2026_07_06_report_only.jsonl,velo_prime_prob,16,0.0395,17.0,4,False,False,,False,False,True,RUNTIME_RACEDAY_MODEL_SUGGESTION,ID_MATCH
2026-07-06,924280,MAIN_VELO_PRIME,MAIN_VELO_PRIME,Goin',6393214,data/runner_snapshots_2026_07_06_report_only.jsonl,velo_prime_prob,17,0.0384,,,False,False,,False,False,True,RUNTIME_RACEDAY_MODEL_SUGGESTION,NO_RESULT_MATCH
2026-07-06,924280,MAIN_VELO_PRIME,MAIN_VELO_PRIME,Walk On Annilog,6894206,data/runner_snapshots_2026_07_06_report_only.jsonl,velo_prime_prob,18,0.036,15.0,12,False,False,,False,False,True,RUNTIME_RACEDAY_MODEL_SUGGESTION,ID_MATCH
2026-07-06,924280,MAIN_VELO_PRIME,MAIN_VELO_PRIME,Eyeeye,4350732,data/runner_snapshots_2026_07_06_report_only.jsonl,velo_prime_prob,19,0.0358,9.5,9,False,False,,False,False,True,RUNTIME_RACEDAY_MODEL_SUGGESTION,ID_MATCH
2026-07-06,924280,OLD_VELO_LONGSHOT,OLD_VELO_LONGSHOT,Dontdooddson,1391600,data/velo_prime_verdicts_2026_07_06.json,top.longshot_prob,1,0.144,12.0,7,False,False,,False,False,True,RUNTIME_RACEDAY_MODEL_SUGGESTION,ID_MATCH
2026-07-06,924280,OLD_VELO_PLACE,OLD_VELO_PLACE,Dontdooddson,1391600,data/velo_prime_verdicts_2026_07_06.json,top.place_prob,1,0.0241,12.0,7,False,False,,False,False,True,RUNTIME_RACEDAY_MODEL_SUGGESTION,ID_MATCH
2026-07-06,924280,OLD_VELO_WIN,OLD_VELO_WIN,Dontdooddson,1391600,data/velo_prime_verdicts_2026_07_06.json,top.velo_prime_prob,1,0.0943,12.0,7,False,False,,False,False,True,RUNTIME_RACEDAY_MODEL_SUGGESTION,ID_MATCH
2026-07-06,924280,SQPE_NO_RPR_SHADOW,SQPE_NO_RPR_SHADOW,Eyeeye,4350732,data/runner_snapshots_2026_07_06_report_only.jsonl,sqpe_no_rpr_shadow_prob,1,0.0865,9.5,9,False,False,,False,False,True,RUNTIME_RACEDAY_MODEL_SUGGESTION,ID_MATCH
2026-07-06,924280,SQPE_NO_RPR_SHADOW,SQPE_NO_RPR_SHADOW,Whispering Willow,7334537,data/runner_snapshots_2026_07_06_report_only.jsonl,sqpe_no_rpr_shadow_prob,2,0.0859,4.5,6,False,False,,False,False,True,RUNTIME_RACEDAY_MODEL_SUGGESTION,ID_MATCH
2026-07-06,924280,SQPE_NO_RPR_SHADOW,SQPE_NO_RPR_SHADOW,Annie's Angel,6555358,data/runner_snapshots_2026_07_06_report_only.jsonl,sqpe_no_rpr_shadow_prob,3,0.0818,6.5,5,False,False,,False,False,True,RUNTIME_RACEDAY_MODEL_SUGGESTION,ID_MATCH
2026-07-06,924280,SQPE_NO_RPR_SHADOW,SQPE_NO_RPR_SHADOW,Goin',6393214,data/runner_snapshots_2026_07_06_report_only.jsonl,sqpe_no_rpr_shadow_prob,4,0.0815,,,False,False,,False,False,True,RUNTIME_RACEDAY_MODEL_SUGGESTION,NO_RESULT_MATCH
2026-07-06,924280,SQPE_NO_RPR_SHADOW,SQPE_NO_RPR_SHADOW,Victoria Kesia,5357870,data/runner_snapshots_2026_07_06_report_only.jsonl,sqpe_no_rpr_shadow_prob,5,0.0754,13.0,10,False,False,,False,False,True,RUNTIME_RACEDAY_MODEL_SUGGESTION,ID_MATCH
2026-07-06,924280,SQPE_NO_RPR_SHADOW,SQPE_NO_RPR_SHADOW,Slowdownbarney,6010545,data/runner_snapshots_2026_07_06_report_only.jsonl,sqpe_no_rpr_shadow_prob,6,0.0754,51.0,14,False,False,,False,False,True,RUNTIME_RACEDAY_MODEL_SUGGESTION,ID_MATCH
2026-07-06,924280,SQPE_NO_RPR_SHADOW,SQPE_NO_RPR_SHADOW,Walk On Annilog,6894206,data/runner_snapshots_2026_07_06_report_only.jsonl,sqpe_no_rpr_shadow_prob,7,0.0734,15.0,12,False,False,,False,False,True,RUNTIME_RACEDAY_MODEL_SUGGESTION,ID_MATCH
2026-07-06,924280,SQPE_NO_RPR_SHADOW,SQPE_NO_RPR_SHADOW,Copper Rocker,8370933,data/runner_snapshots_2026_07_06_report_only.jsonl,sqpe_no_rpr_shadow_prob,8,0.072,26.0,11,False,False,,False,False,True,RUNTIME_RACEDAY_MODEL_SUGGESTION,ID_MATCH
2026-07-06,924280,SQPE_NO_RPR_SHADOW,SQPE_NO_RPR_SHADOW,Walk Win,7961709,data/runner_snapshots_2026_07_06_report_only.jsonl,sqpe_no_rpr_shadow_prob,9,0.0708,17.0,4,False,False,,False,False,True,RUNTIME_RACEDAY_MODEL_SUGGESTION,ID_MATCH
2026-07-06,924280,SQPE_NO_RPR_SHADOW,SQPE_NO_RPR_SHADOW,Highland Earl,5746467,data/runner_snapshots_2026_07_06_report_only.jsonl,sqpe_no_rpr_shadow_prob,10,0.069,15.0,8,False,False,,False,False,True,RUNTIME_RACEDAY_MODEL_SUGGESTION,ID_MATCH
2026-07-06,924280,SQPE_NO_RPR_SHADOW,SQPE_NO_RPR_SHADOW,Del Boys Diva,8436932,data/runner_snapshots_2026_07_06_report_only.jsonl,sqpe_no_rpr_shadow_prob,11,0.069,19.0,1,True,True,,False,False,True,RUNTIME_RACEDAY_MODEL_SUGGESTION,ID_MATCH
2026-07-06,924280,SQPE_NO_RPR_SHADOW,SQPE_NO_RPR_SHADOW,Cool Summer,6111545,data/runner_snapshots_2026_07_06_report_only.jsonl,sqpe_no_rpr_shadow_prob,12,0.069,9.0,2,False,True,,False,False,True,RUNTIME_RACEDAY_MODEL_SUGGESTION,ID_MATCH
2026-07-06,924280,SQPE_NO_RPR_SHADOW,SQPE_NO_RPR_SHADOW,Gentle Annie,8018249,data/runner_snapshots_2026_07_06_report_only.jsonl,sqpe_no_rpr_shadow_prob,13,0.069,13.0,F,False,False,,False,False,True,RUNTIME_RACEDAY_MODEL_SUGGESTION,ID_MATCH
2026-07-06,924280,SQPE_NO_RPR_SHADOW,SQPE_NO_RPR_SHADOW,Syosset,6350101,data/runner_snapshots_2026_07_06_report_only.jsonl,sqpe_no_rpr_shadow_prob,14,0.0686,15.0,3,False,True,,False,False,True,RUNTIME_RACEDAY_MODEL_SUGGESTION,ID_MATCH
2026-07-06,924280,SQPE_NO_RPR_SHADOW,SQPE_NO_RPR_SHADOW,Patty O'Farrell,6803007,data/runner_snapshots_2026_07_06_report_only.jsonl,sqpe_no_rpr_shadow_prob,15,0.0662,7.0,F,False,False,,False,False,True,RUNTIME_RACEDAY_MODEL_SUGGESTION,ID_MATCH
2026-07-06,924280,SQPE_NO_RPR_SHADOW,SQPE_NO_RPR_SHADOW,Urban War,3162612,data/runner_snapshots_2026_07_06_report_only.jsonl,sqpe_no_rpr_shadow_prob,16,0.0607,,,False,False,,False,False,True,RUNTIME_RACEDAY_MODEL_SUGGESTION,NO_RESULT_MATCH
2026-07-06,924280,SQPE_NO_RPR_SHADOW,SQPE_NO_RPR_SHADOW,China Grill,9119982,data/runner_snapshots_2026_07_06_report_only.jsonl,sqpe_no_rpr_shadow_prob,17,0.0603,101.0,13,False,False,,False,False,True,RUNTIME_RACEDAY_MODEL_SUGGESTION,ID_MATCH
2026-07-06,924280,SQPE_NO_RPR_SHADOW,SQPE_NO_RPR_SHADOW,Gold Gatewood,7303385,data/runner_snapshots_2026_07_06_report_only.jsonl,sqpe_no_rpr_shadow_prob,18,0.0581,,,False,False,,False,False,True,RUNTIME_RACEDAY_MODEL_SUGGESTION,NO_RESULT_MATCH
2026-07-06,924280,SQPE_NO_RPR_SHADOW,SQPE_NO_RPR_SHADOW,Dontdooddson,1391600,data/runner_snapshots_2026_07_06_report_only.jsonl,sqpe_no_rpr_shadow_prob,19,0.0263,12.0,7,False,False,,False,False,True,RUNTIME_RACEDAY_MODEL_SUGGESTION,ID_MATCH
2026-07-06,922463,MAIN_VELO_PRIME,MAIN_VELO_PRIME,Moostar,5900723,data/runner_snapshots_2026_07_06_report_only.jsonl,velo_prime_prob,1,0.2095,4.0,2,False,True,,False,False,True,RUNTIME_RACEDAY_MODEL_SUGGESTION,ID_MATCH
2026-07-06,922463,MAIN_VELO_PRIME,MAIN_VELO_PRIME,Style King,5973536,data/runner_snapshots_2026_07_06_report_only.jsonl,velo_prime_prob,2,0.1713,13.0,1,True,True,,False,False,True,RUNTIME_RACEDAY_MODEL_SUGGESTION,ID_MATCH
2026-07-06,922463,MAIN_VELO_PRIME,MAIN_VELO_PRIME,Candy Warhol,3677979,data/runner_snapshots_2026_07_06_report_only.jsonl,velo_prime_prob,3,0.1413,13.0,4,False,False,,False,False,True,RUNTIME_RACEDAY_MODEL_SUGGESTION,ID_MATCH
2026-07-06,922463,MAIN_VELO_PRIME,MAIN_VELO_PRIME,Havana Sky,4827082,data/runner_snapshots_2026_07_06_report_only.jsonl,velo_prime_prob,4,0.067,9.0,5,False,False,,False,False,True,RUNTIME_RACEDAY_MODEL_SUGGESTION,ID_MATCH
2026-07-06,922463,MAIN_VELO_PRIME,MAIN_VELO_PRIME,Jesse Luc,5311211,data/runner_snapshots_2026_07_06_report_only.jsonl,velo_prime_prob,5,0.0652,9.5,6,False,False,,False,False,True,RUNTIME_RACEDAY_MODEL_SUGGESTION,ID_MATCH
2026-07-06,922463,MAIN_VELO_PRIME,MAIN_VELO_PRIME,Maharajas Express,4175539,data/runner_snapshots_2026_07_06_report_only.jsonl,velo_prime_prob,6,0.0648,9.5,9,False,False,,False,False,True,RUNTIME_RACEDAY_MODEL_SUGGESTION,ID_MATCH
2026-07-06,922463,MAIN_VELO_PRIME,MAIN_VELO_PRIME,Tuscan Point,5859153,data/runner_snapshots_2026_07_06_report_only.jsonl,velo_prime_prob,7,0.0631,13.0,11,False,False,,False,False,True,RUNTIME_RACEDAY_MODEL_SUGGESTION,ID_MATCH
2026-07-06,922463,MAIN_VELO_PRIME,MAIN_VELO_PRIME,Baba Reza,3117997,data/runner_snapshots_2026_07_06_report_only.jsonl,velo_prime_prob,8,0.0603,9.0,3,False,True,,False,False,True,RUNTIME_RACEDAY_MODEL_SUGGESTION,ID_MATCH
2026-07-06,922463,MAIN_VELO_PRIME,MAIN_VELO_PRIME,Daytona Lady,4277869,data/runner_snapshots_2026_07_06_report_only.jsonl,velo_prime_prob,9,0.0547,4.33,7,False,False,,False,False,True,RUNTIME_RACEDAY_MODEL_SUGGESTION,ID_MATCH
2026-07-06,922463,MAIN_VELO_PRIME,MAIN_VELO_PRIME,Wodao,4245956,data/runner_snapshots_2026_07_06_report_only.jsonl,velo_prime_prob,10,0.0484,,,False,False,,False,False,True,RUNTIME_RACEDAY_MODEL_SUGGESTION,NO_RESULT_MATCH
2026-07-06,922463,MAIN_VELO_PRIME,MAIN_VELO_PRIME,Dutch Finale,6087960,data/runner_snapshots_2026_07_06_report_only.jsonl,velo_prime_prob,11,0.03,17.0,10,False,False,,False,False,True,RUNTIME_RACEDAY_MODEL_SUGGESTION,ID_MATCH
2026-07-06,922463,MAIN_VELO_PRIME,MAIN_VELO_PRIME,Dark Kestrel,4498965,data/runner_snapshots_2026_07_06_report_only.jsonl,velo_prime_prob,12,0.0245,21.0,8,False,False,,False,False,True,RUNTIME_RACEDAY_MODEL_SUGGESTION,ID_MATCH
2026-07-06,922463,OLD_VELO_LONGSHOT,OLD_VELO_LONGSHOT,Moostar,5900723,data/velo_prime_verdicts_2026_07_06.json,top.longshot_prob,1,0.0158,4.0,2,False,True,,False,False,True,RUNTIME_RACEDAY_MODEL_SUGGESTION,ID_MATCH
2026-07-06,922463,OLD_VELO_PLACE,OLD_VELO_PLACE,Moostar,5900723,data/velo_prime_verdicts_2026_07_06.json,top.place_prob,1,0.0359,4.0,2,False,True,,False,False,True,RUNTIME_RACEDAY_MODEL_SUGGESTION,ID_MATCH
2026-07-06,922463,OLD_VELO_WIN,OLD_VELO_WIN,Moostar,5900723,data/velo_prime_verdicts_2026_07_06.json,top.velo_prime_prob,1,0.2095,4.0,2,False,True,,False,False,True,RUNTIME_RACEDAY_MODEL_SUGGESTION,ID_MATCH
2026-07-06,922463,SQPE_NO_RPR_SHADOW,SQPE_NO_RPR_SHADOW,Tuscan Point,5859153,data/runner_snapshots_2026_07_06_report_only.jsonl,sqpe_no_rpr_shadow_prob,1,0.0986,13.0,11,False,False,,False,False,True,RUNTIME_RACEDAY_MODEL_SUGGESTION,ID_MATCH
2026-07-06,922463,SQPE_NO_RPR_SHADOW,SQPE_NO_RPR_SHADOW,Moostar,5900723,data/runner_snapshots_2026_07_06_report_only.jsonl,sqpe_no_rpr_shadow_prob,2,0.0935,4.0,2,False,True,,False,False,True,RUNTIME_RACEDAY_MODEL_SUGGESTION,ID_MATCH
2026-07-06,922463,SQPE_NO_RPR_SHADOW,SQPE_NO_RPR_SHADOW,Dark Kestrel,4498965,data/runner_snapshots_2026_07_06_report_only.jsonl,sqpe_no_rpr_shadow_prob,3,0.0906,21.0,8,False,False,,False,False,True,RUNTIME_RACEDAY_MODEL_SUGGESTION,ID_MATCH
2026-07-06,922463,SQPE_NO_RPR_SHADOW,SQPE_NO_RPR_SHADOW,Daytona Lady,4277869,data/runner_snapshots_2026_07_06_report_only.jsonl,sqpe_no_rpr_shadow_prob,4,0.0898,4.33,7,False,False,,False,False,True,RUNTIME_RACEDAY_MODEL_SUGGESTION,ID_MATCH
2026-07-06,922463,SQPE_NO_RPR_SHADOW,SQPE_NO_RPR_SHADOW,Dutch Finale,6087960,data/runner_snapshots_2026_07_06_report_only.jsonl,sqpe_no_rpr_shadow_prob,5,0.0859,17.0,10,False,False,,False,False,True,RUNTIME_RACEDAY_MODEL_SUGGESTION,ID_MATCH
2026-07-06,922463,SQPE_NO_RPR_SHADOW,SQPE_NO_RPR_SHADOW,Maharajas Express,4175539,data/runner_snapshots_2026_07_06_report_only.jsonl,sqpe_no_rpr_shadow_prob,6,0.0756,9.5,9,False,False,,False,False,True,RUNTIME_RACEDAY_MODEL_SUGGESTION,ID_MATCH
2026-07-06,922463,SQPE_NO_RPR_SHADOW,SQPE_NO_RPR_SHADOW,Havana Sky,4827082,data/runner_snapshots_2026_07_06_report_only.jsonl,sqpe_no_rpr_shadow_prob,7,0.072,9.0,5,False,False,,False,False,True,RUNTIME_RACEDAY_MODEL_SUGGESTION,ID_MATCH
2026-07-06,922463,SQPE_NO_RPR_SHADOW,SQPE_NO_RPR_SHADOW,Jesse Luc,5311211,data/runner_snapshots_2026_07_06_report_only.jsonl,sqpe_no_rpr_shadow_prob,8,0.072,9.5,6,False,False,,False,False,True,RUNTIME_RACEDAY_MODEL_SUGGESTION,ID_MATCH
2026-07-06,922463,SQPE_NO_RPR_SHADOW,SQPE_NO_RPR_SHADOW,Wodao,4245956,data/runner_snapshots_2026_07_06_report_only.jsonl,sqpe_no_rpr_shadow_prob,9,0.0711,,,False,False,,False,False,True,RUNTIME_RACEDAY_MODEL_SUGGESTION,NO_RESULT_MATCH
2026-07-06,922463,SQPE_NO_RPR_SHADOW,SQPE_NO_RPR_SHADOW,Baba Reza,3117997,data/runner_snapshots_2026_07_06_report_only.jsonl,sqpe_no_rpr_shadow_prob,10,0.0703,9.0,3,False,True,,False,False,True,RUNTIME_RACEDAY_MODEL_SUGGESTION,ID_MATCH
2026-07-06,922463,SQPE_NO_RPR_SHADOW,SQPE_NO_RPR_SHADOW,Style King,5973536,data/runner_snapshots_2026_07_06_report_only.jsonl,sqpe_no_rpr_shadow_prob,11,0.0683,13.0,1,True,True,,False,False,True,RUNTIME_RACEDAY_MODEL_SUGGESTION,ID_MATCH
2026-07-06,922463,SQPE_NO_RPR_SHADOW,SQPE_NO_RPR_SHADOW,Candy Warhol,3677979,data/runner_snapshots_2026_07_06_report_only.jsonl,sqpe_no_rpr_shadow_prob,12,0.0356,13.0,4,False,False,,False,False,True,RUNTIME_RACEDAY_MODEL_SUGGESTION,ID_MATCH
2026-07-06,922302,MAIN_VELO_PRIME,MAIN_VELO_PRIME,South Parade,5123492,data/runner_snapshots_2026_07_06_report_only.jsonl,velo_prime_prob,1,0.1676,41.0,6,False,False,,False,False,True,RUNTIME_RACEDAY_MODEL_SUGGESTION,ID_MATCH
2026-07-06,922302,MAIN_VELO_PRIME,MAIN_VELO_PRIME,Goyard,7739787,data/runner_snapshots_2026_07_06_report_only.jsonl,velo_prime_prob,2,0.1653,4.0,8,False,False,,False,False,True,RUNTIME_RACEDAY_MODEL_SUGGESTION,ID_MATCH
2026-07-06,922302,MAIN_VELO_PRIME,MAIN_VELO_PRIME,Rock Of England,4350766,data/runner_snapshots_2026_07_06_report_only.jsonl,velo_prime_prob,3,0.1603,5.5,2,False,True,,False,False,True,RUNTIME_RACEDAY_MODEL_SUGGESTION,ID_MATCH
2026-07-06,922302,MAIN_VELO_PRIME,MAIN_VELO_PRIME,Canaria Queen,5096521,data/runner_snapshots_2026_07_06_report_only.jsonl,velo_prime_prob,4,0.1481,15.0,5,False,False,,False,False,True,RUNTIME_RACEDAY_MODEL_SUGGESTION,ID_MATCH
2026-07-06,922302,MAIN_VELO_PRIME,MAIN_VELO_PRIME,Tees Aggregates,5903608,data/runner_snapshots_2026_07_06_report_only.jsonl,velo_prime_prob,5,0.1341,12.0,7,False,False,,False,False,True,RUNTIME_RACEDAY_MODEL_SUGGESTION,ID_MATCH
2026-07-06,922302,MAIN_VELO_PRIME,MAIN_VELO_PRIME,Mark's Choice,1965311,data/runner_snapshots_2026_07_06_report_only.jsonl,velo_prime_prob,6,0.0824,12.0,3,False,True,,False,False,True,RUNTIME_RACEDAY_MODEL_SUGGESTION,ID_MATCH
2026-07-06,922302,MAIN_VELO_PRIME,MAIN_VELO_PRIME,Reigning Profit,3560256,data/runner_snapshots_2026_07_06_report_only.jsonl,velo_prime_prob,7,0.0654,4.33,1,True,True,,False,False,True,RUNTIME_RACEDAY_MODEL_SUGGESTION,ID_MATCH
2026-07-06,922302,MAIN_VELO_PRIME,MAIN_VELO_PRIME,Kodiac Thriller,5154292,data/runner_snapshots_2026_07_06_report_only.jsonl,velo_prime_prob,8,0.0392,5.0,4,False,False,,False,False,True,RUNTIME_RACEDAY_MODEL_SUGGESTION,ID_MATCH
2026-07-06,922302,MAIN_VELO_PRIME,MAIN_VELO_PRIME,Vince L'Amour,5134070,data/runner_snapshots_2026_07_06_report_only.jsonl,velo_prime_prob,9,0.0375,23.0,9,False,False,,False,False,True,RUNTIME_RACEDAY_MODEL_SUGGESTION,ID_MATCH
2026-07-06,922302,OLD_VELO_LONGSHOT,OLD_VELO_LONGSHOT,South Parade,5123492,data/velo_prime_verdicts_2026_07_06.json,top.longshot_prob,1,0.139,41.0,6,False,False,,False,False,True,RUNTIME_RACEDAY_MODEL_SUGGESTION,ID_MATCH
2026-07-06,922302,OLD_VELO_PLACE,OLD_VELO_PLACE,South Parade,5123492,data/velo_prime_verdicts_2026_07_06.json,top.place_prob,1,0.1037,41.0,6,False,False,,False,False,True,RUNTIME_RACEDAY_MODEL_SUGGESTION,ID_MATCH
2026-07-06,922302,OLD_VELO_WIN,OLD_VELO_WIN,South Parade,5123492,data/velo_prime_verdicts_2026_07_06.json,top.velo_prime_prob,1,0.1676,41.0,6,False,False,,False,False,True,RUNTIME_RACEDAY_MODEL_SUGGESTION,ID_MATCH
2026-07-06,922302,SQPE_NO_RPR_SHADOW,SQPE_NO_RPR_SHADOW,Goyard,7739787,data/runner_snapshots_2026_07_06_report_only.jsonl,sqpe_no_rpr_shadow_prob,1,0.1325,4.0,8,False,False,,False,False,True,RUNTIME_RACEDAY_MODEL_SUGGESTION,ID_MATCH
2026-07-06,922302,SQPE_NO_RPR_SHADOW,SQPE_NO_RPR_SHADOW,Kodiac Thriller,5154292,data/runner_snapshots_2026_07_06_report_only.jsonl,sqpe_no_rpr_shadow_prob,2,0.1173,5.0,4,False,False,,False,False,True,RUNTIME_RACEDAY_MODEL_SUGGESTION,ID_MATCH
2026-07-06,922302,SQPE_NO_RPR_SHADOW,SQPE_NO_RPR_SHADOW,Vince L'Amour,5134070,data/runner_snapshots_2026_07_06_report_only.jsonl,sqpe_no_rpr_shadow_prob,3,0.1151,23.0,9,False,False,,False,False,True,RUNTIME_RACEDAY_MODEL_SUGGESTION,ID_MATCH
2026-07-06,922302,SQPE_NO_RPR_SHADOW,SQPE_NO_RPR_SHADOW,Tees Aggregates,5903608,data/runner_snapshots_2026_07_06_report_only.jsonl,sqpe_no_rpr_shadow_prob,4,0.1067,12.0,7,False,False,,False,False,True,RUNTIME_RACEDAY_MODEL_SUGGESTION,ID_MATCH
2026-07-06,922302,SQPE_NO_RPR_SHADOW,SQPE_NO_RPR_SHADOW,Reigning Profit,3560256,data/runner_snapshots_2026_07_06_report_only.jsonl,sqpe_no_rpr_shadow_prob,5,0.1033,4.33,1,True,True,,False,False,True,RUNTIME_RACEDAY_MODEL_SUGGESTION,ID_MATCH
2026-07-06,922302,SQPE_NO_RPR_SHADOW,SQPE_NO_RPR_SHADOW,Rock Of England,4350766,data/runner_snapshots_2026_07_06_report_only.jsonl,sqpe_no_rpr_shadow_prob,6,0.0973,5.5,2,False,True,,False,False,True,RUNTIME_RACEDAY_MODEL_SUGGESTION,ID_MATCH
2026-07-06,922302,SQPE_NO_RPR_SHADOW,SQPE_NO_RPR_SHADOW,Canaria Queen,5096521,data/runner_snapshots_2026_07_06_report_only.jsonl,sqpe_no_rpr_shadow_prob,7,0.0793,15.0,5,False,False,,False,False,True,RUNTIME_RACEDAY_MODEL_SUGGESTION,ID_MATCH
2026-07-06,922302,SQPE_NO_RPR_SHADOW,SQPE_NO_RPR_SHADOW,South Parade,5123492,data/runner_snapshots_2026_07_06_report_only.jsonl,sqpe_no_rpr_shadow_prob,8,0.0708,41.0,6,False,False,,False,False,True,RUNTIME_RACEDAY_MODEL_SUGGESTION,ID_MATCH
2026-07-06,922302,SQPE_NO_RPR_SHADOW,SQPE_NO_RPR_SHADOW,Mark's Choice,1965311,data/runner_snapshots_2026_07_06_report_only.jsonl,sqpe_no_rpr_shadow_prob,9,0.0518,12.0,3,False,True,,False,False,True,RUNTIME_RACEDAY_MODEL_SUGGESTION,ID_MATCH
2026-07-06,924281,MAIN_VELO_PRIME,MAIN_VELO_PRIME,Queen Kulina,3256724,data/runner_snapshots_2026_07_06_report_only.jsonl,velo_prime_prob,1,0.1064,10.0,4,False,False,,False,False,True,RUNTIME_RACEDAY_MODEL_SUGGESTION,ID_MATCH
2026-07-06,924281,MAIN_VELO_PRIME,MAIN_VELO_PRIME,Moonshine Girl,5848834,data/runner_snapshots_2026_07_06_report_only.jsonl,velo_prime_prob,2,0.098,10.0,2,False,True,,False,False,True,RUNTIME_RACEDAY_MODEL_SUGGESTION,ID_MATCH
2026-07-06,924281,MAIN_VELO_PRIME,MAIN_VELO_PRIME,Katie's Casper,5504690,data/runner_snapshots_2026_07_06_report_only.jsonl,velo_prime_prob,3,0.0764,13.0,5,False,False,,False,False,True,RUNTIME_RACEDAY_MODEL_SUGGESTION,ID_MATCH
2026-07-06,924281,MAIN_VELO_PRIME,MAIN_VELO_PRIME,Ladies Well,6492178,data/runner_snapshots_2026_07_06_report_only.jsonl,velo_prime_prob,4,0.0727,,,False,False,,False,False,True,RUNTIME_RACEDAY_MODEL_SUGGESTION,NO_RESULT_MATCH
2026-07-06,924281,MAIN_VELO_PRIME,MAIN_VELO_PRIME,Something Simple,7784961,data/runner_snapshots_2026_07_06_report_only.jsonl,velo_prime_prob,5,0.0697,11.0,PU,False,False,,False,False,True,RUNTIME_RACEDAY_MODEL_SUGGESTION,ID_MATCH
2026-07-06,924281,MAIN_VELO_PRIME,MAIN_VELO_PRIME,Will It Be You,4292163,data/runner_snapshots_2026_07_06_report_only.jsonl,velo_prime_prob,6,0.0688,41.0,9,False,False,,False,False,True,RUNTIME_RACEDAY_MODEL_SUGGESTION,ID_MATCH
2026-07-06,924281,MAIN_VELO_PRIME,MAIN_VELO_PRIME,Road To The Weir,4031524,data/runner_snapshots_2026_07_06_report_only.jsonl,velo_prime_prob,7,0.0683,67.0,PU,False,False,,False,False,True,RUNTIME_RACEDAY_MODEL_SUGGESTION,ID_MATCH
2026-07-06,924281,MAIN_VELO_PRIME,MAIN_VELO_PRIME,Written In My Soul,6701912,data/runner_snapshots_2026_07_06_report_only.jsonl,velo_prime_prob,8,0.0595,51.0,PU,False,False,,False,False,True,RUNTIME_RACEDAY_MODEL_SUGGESTION,ID_MATCH
2026-07-06,924281,MAIN_VELO_PRIME,MAIN_VELO_PRIME,Chasing Crowns,6550764,data/runner_snapshots_2026_07_06_report_only.jsonl,velo_prime_prob,9,0.0476,21.0,PU,False,False,,False,False,True,RUNTIME_RACEDAY_MODEL_SUGGESTION,ID_MATCH
2026-07-06,924281,MAIN_VELO_PRIME,MAIN_VELO_PRIME,Where Are You Now,7583025,data/runner_snapshots_2026_07_06_report_only.jsonl,velo_prime_prob,10,0.039,4.5,PU,False,False,,False,False,True,RUNTIME_RACEDAY_MODEL_SUGGESTION,ID_MATCH
2026-07-06,924281,MAIN_VELO_PRIME,MAIN_VELO_PRIME,Barryroe Madam,4922443,data/runner_snapshots_2026_07_06_report_only.jsonl,velo_prime_prob,11,0.0358,,,False,False,,False,False,True,RUNTIME_RACEDAY_MODEL_SUGGESTION,NO_RESULT_MATCH
2026-07-06,924281,MAIN_VELO_PRIME,MAIN_VELO_PRIME,Tradonthebay,7020730,data/runner_snapshots_2026_07_06_report_only.jsonl,velo_prime_prob,12,0.0357,7.5,3,False,True,,False,False,True,RUNTIME_RACEDAY_MODEL_SUGGESTION,ID_MATCH
2026-07-06,924281,MAIN_VELO_PRIME,MAIN_VELO_PRIME,Mistyburn,7499336,data/runner_snapshots_2026_07_06_report_only.jsonl,velo_prime_prob,13,0.0346,13.0,6,False,False,,False,False,True,RUNTIME_RACEDAY_MODEL_SUGGESTION,ID_MATCH
2026-07-06,924281,MAIN_VELO_PRIME,MAIN_VELO_PRIME,Woodie Campelltown,7238194,data/runner_snapshots_2026_07_06_report_only.jsonl,velo_prime_prob,14,0.0346,29.0,PU,False,False,,False,False,True,RUNTIME_RACEDAY_MODEL_SUGGESTION,ID_MATCH
2026-07-06,924281,MAIN_VELO_PRIME,MAIN_VELO_PRIME,Double Power,5671297,data/runner_snapshots_2026_07_06_report_only.jsonl,velo_prime_prob,15,0.0314,23.0,7,False,False,,False,False,True,RUNTIME_RACEDAY_MODEL_SUGGESTION,ID_MATCH
2026-07-06,924281,MAIN_VELO_PRIME,MAIN_VELO_PRIME,Its Not Over Yet,4942593,data/runner_snapshots_2026_07_06_report_only.jsonl,velo_prime_prob,16,0.0307,6.5,8,False,False,,False,False,True,RUNTIME_RACEDAY_MODEL_SUGGESTION,ID_MATCH
2026-07-06,924281,MAIN_VELO_PRIME,MAIN_VELO_PRIME,Western Model,4936855,data/runner_snapshots_2026_07_06_report_only.jsonl,velo_prime_prob,17,0.0306,5.5,1,True,True,,False,False,True,RUNTIME_RACEDAY_MODEL_SUGGESTION,ID_MATCH
2026-07-06,924281,MAIN_VELO_PRIME,MAIN_VELO_PRIME,Tango Theatre,2536787,data/runner_snapshots_2026_07_06_report_only.jsonl,velo_prime_prob,18,0.0306,,,False,False,,False,False,True,RUNTIME_RACEDAY_MODEL_SUGGESTION,NO_RESULT_MATCH
2026-07-06,924281,MAIN_VELO_PRIME,MAIN_VELO_PRIME,Fair Damsel,3737112,data/runner_snapshots_2026_07_06_report_only.jsonl,velo_prime_prob,19,0.0297,23.0,10,False,False,,False,False,True,RUNTIME_RACEDAY_MODEL_SUGGESTION,ID_MATCH
2026-07-06,924281,OLD_VELO_LONGSHOT,OLD_VELO_LONGSHOT,Queen Kulina,3256724,data/velo_prime_verdicts_2026_07_06.json,top.longshot_prob,1,0.2002,10.0,4,False,False,,False,False,True,RUNTIME_RACEDAY_MODEL_SUGGESTION,ID_MATCH
2026-07-06,924281,OLD_VELO_PLACE,OLD_VELO_PLACE,Queen Kulina,3256724,data/velo_prime_verdicts_2026_07_06.json,top.place_prob,1,0.0542,10.0,4,False,False,,False,False,True,RUNTIME_RACEDAY_MODEL_SUGGESTION,ID_MATCH
2026-07-06,924281,OLD_VELO_WIN,OLD_VELO_WIN,Queen Kulina,3256724,data/velo_prime_verdicts_2026_07_06.json,top.velo_prime_prob,1,0.1064,10.0,4,False,False,,False,False,True,RUNTIME_RACEDAY_MODEL_SUGGESTION,ID_MATCH
2026-07-06,924281,SQPE_NO_RPR_SHADOW,SQPE_NO_RPR_SHADOW,Double Power,5671297,data/runner_snapshots_2026_07_06_report_only.jsonl,sqpe_no_rpr_shadow_prob,1,0.0881,23.0,7,False,False,,False,False,True,RUNTIME_RACEDAY_MODEL_SUGGESTION,ID_MATCH
2026-07-06,924281,SQPE_NO_RPR_SHADOW,SQPE_NO_RPR_SHADOW,Where Are You Now,7583025,data/runner_snapshots_2026_07_06_report_only.jsonl,sqpe_no_rpr_shadow_prob,2,0.0839,4.5,PU,False,False,,False,False,True,RUNTIME_RACEDAY_MODEL_SUGGESTION,ID_MATCH
2026-07-06,924281,SQPE_NO_RPR_SHADOW,SQPE_NO_RPR_SHADOW,Tradonthebay,7020730,data/runner_snapshots_2026_07_06_report_only.jsonl,sqpe_no_rpr_shadow_prob,3,0.0812,7.5,3,False,True,,False,False,True,RUNTIME_RACEDAY_MODEL_SUGGESTION,ID_MATCH
2026-07-06,924281,SQPE_NO_RPR_SHADOW,SQPE_NO_RPR_SHADOW,Woodie Campelltown,7238194,data/runner_snapshots_2026_07_06_report_only.jsonl,sqpe_no_rpr_shadow_prob,4,0.077,29.0,PU,False,False,,False,False,True,RUNTIME_RACEDAY_MODEL_SUGGESTION,ID_MATCH
2026-07-06,924281,SQPE_NO_RPR_SHADOW,SQPE_NO_RPR_SHADOW,Its Not Over Yet,4942593,data/runner_snapshots_2026_07_06_report_only.jsonl,sqpe_no_rpr_shadow_prob,5,0.0754,6.5,8,False,False,,False,False,True,RUNTIME_RACEDAY_MODEL_SUGGESTION,ID_MATCH
2026-07-06,924281,SQPE_NO_RPR_SHADOW,SQPE_NO_RPR_SHADOW,Western Model,4936855,data/runner_snapshots_2026_07_06_report_only.jsonl,sqpe_no_rpr_shadow_prob,6,0.0754,5.5,1,True,True,,False,False,True,RUNTIME_RACEDAY_MODEL_SUGGESTION,ID_MATCH
2026-07-06,924281,SQPE_NO_RPR_SHADOW,SQPE_NO_RPR_SHADOW,Mistyburn,7499336,data/runner_snapshots_2026_07_06_report_only.jsonl,sqpe_no_rpr_shadow_prob,7,0.0753,13.0,6,False,False,,False,False,True,RUNTIME_RACEDAY_MODEL_SUGGESTION,ID_MATCH
2026-07-06,924281,SQPE_NO_RPR_SHADOW,SQPE_NO_RPR_SHADOW,Barryroe Madam,4922443,data/runner_snapshots_2026_07_06_report_only.jsonl,sqpe_no_rpr_shadow_prob,8,0.0708,,,False,False,,False,False,True,RUNTIME_RACEDAY_MODEL_SUGGESTION,NO_RESULT_MATCH
2026-07-06,924281,SQPE_NO_RPR_SHADOW,SQPE_NO_RPR_SHADOW,Chasing Crowns,6550764,data/runner_snapshots_2026_07_06_report_only.jsonl,sqpe_no_rpr_shadow_prob,9,0.069,21.0,PU,False,False,,False,False,True,RUNTIME_RACEDAY_MODEL_SUGGESTION,ID_MATCH
2026-07-06,924281,SQPE_NO_RPR_SHADOW,SQPE_NO_RPR_SHADOW,Fair Damsel,3737112,data/runner_snapshots_2026_07_06_report_only.jsonl,sqpe_no_rpr_shadow_prob,10,0.067,23.0,10,False,False,,False,False,True,RUNTIME_RACEDAY_MODEL_SUGGESTION,ID_MATCH
2026-07-06,924281,SQPE_NO_RPR_SHADOW,SQPE_NO_RPR_SHADOW,Written In My Soul,6701912,data/runner_snapshots_2026_07_06_report_only.jsonl,sqpe_no_rpr_shadow_prob,11,0.0613,51.0,PU,False,False,,False,False,True,RUNTIME_RACEDAY_MODEL_SUGGESTION,ID_MATCH
2026-07-06,924281,SQPE_NO_RPR_SHADOW,SQPE_NO_RPR_SHADOW,Ladies Well,6492178,data/runner_snapshots_2026_07_06_report_only.jsonl,sqpe_no_rpr_shadow_prob,12,0.0591,,,False,False,,False,False,True,RUNTIME_RACEDAY_MODEL_SUGGESTION,NO_RESULT_MATCH
2026-07-06,924281,SQPE_NO_RPR_SHADOW,SQPE_NO_RPR_SHADOW,Something Simple,7784961,data/runner_snapshots_2026_07_06_report_only.jsonl,sqpe_no_rpr_shadow_prob,13,0.0591,11.0,PU,False,False,,False,False,True,RUNTIME_RACEDAY_MODEL_SUGGESTION,ID_MATCH
2026-07-06,924281,SQPE_NO_RPR_SHADOW,SQPE_NO_RPR_SHADOW,Katie's Casper,5504690,data/runner_snapshots_2026_07_06_report_only.jsonl,sqpe_no_rpr_shadow_prob,14,0.0581,13.0,5,False,False,,False,False,True,RUNTIME_RACEDAY_MODEL_SUGGESTION,ID_MATCH
2026-07-06,924281,SQPE_NO_RPR_SHADOW,SQPE_NO_RPR_SHADOW,Moonshine Girl,5848834,data/runner_snapshots_2026_07_06_report_only.jsonl,sqpe_no_rpr_shadow_prob,15,0.0572,10.0,2,False,True,,False,False,True,RUNTIME_RACEDAY_MODEL_SUGGESTION,ID_MATCH
2026-07-06,924281,SQPE_NO_RPR_SHADOW,SQPE_NO_RPR_SHADOW,Tango Theatre,2536787,data/runner_snapshots_2026_07_06_report_only.jsonl,sqpe_no_rpr_shadow_prob,16,0.0498,,,False,False,,False,False,True,RUNTIME_RACEDAY_MODEL_SUGGESTION,NO_RESULT_MATCH
2026-07-06,924281,SQPE_NO_RPR_SHADOW,SQPE_NO_RPR_SHADOW,Will It Be You,4292163,data/runner_snapshots_2026_07_06_report_only.jsonl,sqpe_no_rpr_shadow_prob,17,0.0453,41.0,9,False,False,,False,False,True,RUNTIME_RACEDAY_MODEL_SUGGESTION,ID_MATCH
2026-07-06,924281,SQPE_NO_RPR_SHADOW,SQPE_NO_RPR_SHADOW,Road To The Weir,4031524,data/runner_snapshots_2026_07_06_report_only.jsonl,sqpe_no_rpr_shadow_prob,18,0.0433,67.0,PU,False,False,,False,False,True,RUNTIME_RACEDAY_MODEL_SUGGESTION,ID_MATCH
2026-07-06,924281,SQPE_NO_RPR_SHADOW,SQPE_NO_RPR_SHADOW,Queen Kulina,3256724,data/runner_snapshots_2026_07_06_report_only.jsonl,sqpe_no_rpr_shadow_prob,19,0.0421,10.0,4,False,False,,False,False,True,RUNTIME_RACEDAY_MODEL_SUGGESTION,ID_MATCH
2026-07-06,922460,CHAMPION_INTENT_SHADOW,CHAMPION_INTENT_SHADOW,Heart Sign,8001141,data/reports/july06_intent_shadow_scorecard.csv,champion_intent_shadow_prob,1,0.127575,2.62,6,False,False,,False,False,True,RUNTIME_RACEDAY_MODEL_SUGGESTION,ID_MATCH
2026-07-06,922460,CHAMPION_INTENT_SHADOW,CHAMPION_INTENT_SHADOW,Mister Daydream,5132133,data/reports/july06_intent_shadow_scorecard.csv,champion_intent_shadow_prob,2,0.124325,5.0,1,True,True,,False,False,True,RUNTIME_RACEDAY_MODEL_SUGGESTION,ID_MATCH
2026-07-06,922460,CHAMPION_INTENT_SHADOW,CHAMPION_INTENT_SHADOW,Premier Cru,8660978,data/reports/july06_intent_shadow_scorecard.csv,champion_intent_shadow_prob,3,0.09787,6.5,9,False,False,,False,False,True,RUNTIME_RACEDAY_MODEL_SUGGESTION,ID_MATCH
2026-07-06,922460,CHAMPION_INTENT_SHADOW,CHAMPION_INTENT_SHADOW,Cezarro,7588038,data/reports/july06_intent_shadow_scorecard.csv,champion_intent_shadow_prob,4,0.081514,26.0,8,False,False,,False,False,True,RUNTIME_RACEDAY_MODEL_SUGGESTION,ID_MATCH
2026-07-06,922460,CHAMPION_INTENT_SHADOW,CHAMPION_INTENT_SHADOW,Lunar Power,3217659,data/reports/july06_intent_shadow_scorecard.csv,champion_intent_shadow_prob,5,0.080199,34.0,7,False,False,,False,False,True,RUNTIME_RACEDAY_MODEL_SUGGESTION,ID_MATCH
2026-07-06,922460,CHAMPION_INTENT_SHADOW,CHAMPION_INTENT_SHADOW,Marinakis,4612990,data/reports/july06_intent_shadow_scorecard.csv,champion_intent_shadow_prob,6,0.069014,26.0,4,False,False,,False,False,True,RUNTIME_RACEDAY_MODEL_SUGGESTION,ID_MATCH
2026-07-06,922460,CHAMPION_INTENT_SHADOW,CHAMPION_INTENT_SHADOW,Sapphire Dream,7441083,data/reports/july06_intent_shadow_scorecard.csv,champion_intent_shadow_prob,7,0.065065,4.5,2,False,True,,False,False,True,RUNTIME_RACEDAY_MODEL_SUGGESTION,ID_MATCH
2026-07-06,922460,CHAMPION_INTENT_SHADOW,CHAMPION_INTENT_SHADOW,Maryland Star,7861448,data/reports/july06_intent_shadow_scorecard.csv,champion_intent_shadow_prob,8,0.058989,19.0,5,False,False,,False,False,True,RUNTIME_RACEDAY_MODEL_SUGGESTION,ID_MATCH
2026-07-06,922460,CHAMPION_INTENT_SHADOW,CHAMPION_INTENT_SHADOW,Moonlit Cloud,3483763,data/reports/july06_intent_shadow_scorecard.csv,champion_intent_shadow_prob,9,0.053557,15.0,3,False,True,,False,False,True,RUNTIME_RACEDAY_MODEL_SUGGESTION,ID_MATCH
2026-07-06,922460,CHAMPION_INTENT_SHADOW,CHAMPION_INTENT_SHADOW,Douglas Dc,4042162,data/reports/july06_intent_shadow_scorecard.csv,champion_intent_shadow_prob,10,0.053353,,,False,False,,False,False,True,RUNTIME_RACEDAY_MODEL_SUGGESTION,NO_RESULT_MATCH
2026-07-06,922460,NEW_BUILD_LANE_A,NEW_BUILD_LANE_A,Cezarro,,data/new_build/reports/two_lane_readiness_2026_07_06.json,race_day_scorecards[].lane_a_top3,1,0.132868,26.0,8,False,False,,False,False,True,RUNTIME_RACEDAY_MODEL_SUGGESTION,NAME_FALLBACK_MATCH
2026-07-06,922460,NEW_BUILD_LANE_A,NEW_BUILD_LANE_A,Mister Daydream,,data/new_build/reports/two_lane_readiness_2026_07_06.json,race_day_scorecards[].lane_a_top3,2,0.115951,5.0,1,True,True,,False,False,True,RUNTIME_RACEDAY_MODEL_SUGGESTION,NAME_FALLBACK_MATCH
2026-07-06,922460,NEW_BUILD_LANE_A,NEW_BUILD_LANE_A,Heart Sign,,data/new_build/reports/two_lane_readiness_2026_07_06.json,race_day_scorecards[].lane_a_top3,3,0.110629,2.62,6,False,False,,False,False,True,RUNTIME_RACEDAY_MODEL_SUGGESTION,NAME_FALLBACK_MATCH
2026-07-06,922460,NEW_BUILD_LANE_B,NEW_BUILD_LANE_B,Heart Sign,,data/new_build/reports/two_lane_readiness_2026_07_06.json,race_day_scorecards[].lane_b_top3,1,0.115863,2.62,6,False,False,,False,False,True,RUNTIME_RACEDAY_MODEL_SUGGESTION,NAME_FALLBACK_MATCH
2026-07-06,922460,NEW_BUILD_LANE_B,NEW_BUILD_LANE_B,Cezarro,,data/new_build/reports/two_lane_readiness_2026_07_06.json,race_day_scorecards[].lane_b_top3,2,0.114524,26.0,8,False,False,,False,False,True,RUNTIME_RACEDAY_MODEL_SUGGESTION,NAME_FALLBACK_MATCH
2026-07-06,922460,NEW_BUILD_LANE_B,NEW_BUILD_LANE_B,Mister Daydream,,data/new_build/reports/two_lane_readiness_2026_07_06.json,race_day_scorecards[].lane_b_top3,3,0.101744,5.0,1,True,True,,False,False,True,RUNTIME_RACEDAY_MODEL_SUGGESTION,NAME_FALLBACK_MATCH
2026-07-06,922460,NEW_BUILD_LANE_C,NEW_BUILD_LANE_C,Heart Sign,,data/new_build/reports/two_lane_readiness_2026_07_06.json,race_day_scorecards[].lane_c_top3,1,0.547786,2.62,6,False,False,,False,False,True,RUNTIME_RACEDAY_MODEL_SUGGESTION,NAME_FALLBACK_MATCH
2026-07-06,922460,NEW_BUILD_LANE_C,NEW_BUILD_LANE_C,Cezarro,,data/new_build/reports/two_lane_readiness_2026_07_06.json,race_day_scorecards[].lane_c_top3,2,0.547489,26.0,8,False,False,,False,False,True,RUNTIME_RACEDAY_MODEL_SUGGESTION,NAME_FALLBACK_MATCH
2026-07-06,922460,NEW_BUILD_LANE_C,NEW_BUILD_LANE_C,Mister Daydream,,data/new_build/reports/two_lane_readiness_2026_07_06.json,race_day_scorecards[].lane_c_top3,3,0.547025,5.0,1,True,True,,False,False,True,RUNTIME_RACEDAY_MODEL_SUGGESTION,NAME_FALLBACK_MATCH
2026-07-06,922296,CHAMPION_INTENT_SHADOW,CHAMPION_INTENT_SHADOW,Too Many Spirits,9004865,data/reports/july06_intent_shadow_scorecard.csv,champion_intent_shadow_prob,1,0.106355,,,False,False,,False,False,True,RUNTIME_RACEDAY_MODEL_SUGGESTION,NO_RESULT_MATCH
2026-07-06,922296,CHAMPION_INTENT_SHADOW,CHAMPION_INTENT_SHADOW,Redline,9372904,data/reports/july06_intent_shadow_scorecard.csv,champion_intent_shadow_prob,2,0.09714,,,False,False,,False,False,True,RUNTIME_RACEDAY_MODEL_SUGGESTION,NO_RESULT_MATCH
2026-07-06,922296,CHAMPION_INTENT_SHADOW,CHAMPION_INTENT_SHADOW,Don't Stop Movin,9254373,data/reports/july06_intent_shadow_scorecard.csv,champion_intent_shadow_prob,3,0.095798,,,False,False,,False,False,True,RUNTIME_RACEDAY_MODEL_SUGGESTION,NO_RESULT_MATCH
2026-07-06,922296,CHAMPION_INTENT_SHADOW,CHAMPION_INTENT_SHADOW,Ten Clarets,9308779,data/reports/july06_intent_shadow_scorecard.csv,champion_intent_shadow_prob,4,0.094798,,,False,False,,False,False,True,RUNTIME_RACEDAY_MODEL_SUGGESTION,NO_RESULT_MATCH
2026-07-06,922296,CHAMPION_INTENT_SHADOW,CHAMPION_INTENT_SHADOW,Dreamlighter,9490310,data/reports/july06_intent_shadow_scorecard.csv,champion_intent_shadow_prob,5,0.092664,,,False,False,,False,False,True,RUNTIME_RACEDAY_MODEL_SUGGESTION,NO_RESULT_MATCH
2026-07-06,922296,CHAMPION_INTENT_SHADOW,CHAMPION_INTENT_SHADOW,Thai Paddy,9481214,data/reports/july06_intent_shadow_scorecard.csv,champion_intent_shadow_prob,6,0.09071,,,False,False,,False,False,True,RUNTIME_RACEDAY_MODEL_SUGGESTION,NO_RESULT_MATCH
2026-07-06,922296,CHAMPION_INTENT_SHADOW,CHAMPION_INTENT_SHADOW,Sara's Silver Girl,9490311,data/reports/july06_intent_shadow_scorecard.csv,champion_intent_shadow_prob,7,0.089293,,,False,False,,False,False,True,RUNTIME_RACEDAY_MODEL_SUGGESTION,NO_RESULT_MATCH
2026-07-06,922296,CHAMPION_INTENT_SHADOW,CHAMPION_INTENT_SHADOW,Threeoclockflyer,9490309,data/reports/july06_intent_shadow_scorecard.csv,champion_intent_shadow_prob,8,0.088292,,,False,False,,False,False,True,RUNTIME_RACEDAY_MODEL_SUGGESTION,NO_RESULT_MATCH
2026-07-06,922296,CHAMPION_INTENT_SHADOW,CHAMPION_INTENT_SHADOW,The Resdev Rocket,9222243,data/reports/july06_intent_shadow_scorecard.csv,champion_intent_shadow_prob,9,0.088292,,,False,False,,False,False,True,RUNTIME_RACEDAY_MODEL_SUGGESTION,NO_RESULT_MATCH
2026-07-06,922296,CHAMPION_INTENT_SHADOW,CHAMPION_INTENT_SHADOW,Aurora Valkyrie,9254246,data/reports/july06_intent_shadow_scorecard.csv,champion_intent_shadow_prob,10,0.085077,,,False,False,,False,False,True,RUNTIME_RACEDAY_MODEL_SUGGESTION,NO_RESULT_MATCH
2026-07-06,922296,NEW_BUILD_LANE_A,NEW_BUILD_LANE_A,Too Many Spirits,,data/new_build/reports/two_lane_readiness_2026_07_06.json,race_day_scorecards[].lane_a_top3,1,0.102211,,,False,False,,False,False,True,RUNTIME_RACEDAY_MODEL_SUGGESTION,NO_RESULT_MATCH
2026-07-06,922296,NEW_BUILD_LANE_A,NEW_BUILD_LANE_A,Dreamlighter,,data/new_build/reports/two_lane_readiness_2026_07_06.json,race_day_scorecards[].lane_a_top3,2,0.100298,,,False,False,,False,False,True,RUNTIME_RACEDAY_MODEL_SUGGESTION,NO_RESULT_MATCH
2026-07-06,922296,NEW_BUILD_LANE_A,NEW_BUILD_LANE_A,Thai Paddy,,data/new_build/reports/two_lane_readiness_2026_07_06.json,race_day_scorecards[].lane_a_top3,3,0.099322,,,False,False,,False,False,True,RUNTIME_RACEDAY_MODEL_SUGGESTION,NO_RESULT_MATCH
2026-07-06,922296,NEW_BUILD_LANE_B,NEW_BUILD_LANE_B,Too Many Spirits,,data/new_build/reports/two_lane_readiness_2026_07_06.json,race_day_scorecards[].lane_b_top3,1,0.106355,,,False,False,,False,False,True,RUNTIME_RACEDAY_MODEL_SUGGESTION,NO_RESULT_MATCH
2026-07-06,922296,NEW_BUILD_LANE_B,NEW_BUILD_LANE_B,Redline,,data/new_build/reports/two_lane_readiness_2026_07_06.json,race_day_scorecards[].lane_b_top3,2,0.09714,,,False,False,,False,False,True,RUNTIME_RACEDAY_MODEL_SUGGESTION,NO_RESULT_MATCH
2026-07-06,922296,NEW_BUILD_LANE_B,NEW_BUILD_LANE_B,Don't Stop Movin,,data/new_build/reports/two_lane_readiness_2026_07_06.json,race_day_scorecards[].lane_b_top3,3,0.095798,,,False,False,,False,False,True,RUNTIME_RACEDAY_MODEL_SUGGESTION,NO_RESULT_MATCH
2026-07-06,922296,NEW_BUILD_LANE_C,NEW_BUILD_LANE_C,Threeoclockflyer,,data/new_build/reports/two_lane_readiness_2026_07_06.json,race_day_scorecards[].lane_c_top3,1,0.543835,,,False,False,,False,False,True,RUNTIME_RACEDAY_MODEL_SUGGESTION,NO_RESULT_MATCH
2026-07-06,922296,NEW_BUILD_LANE_C,NEW_BUILD_LANE_C,The Resdev Rocket,,data/new_build/reports/two_lane_readiness_2026_07_06.json,race_day_scorecards[].lane_c_top3,2,0.543835,,,False,False,,False,False,True,RUNTIME_RACEDAY_MODEL_SUGGESTION,NO_RESULT_MATCH
2026-07-06,922296,NEW_BUILD_LANE_C,NEW_BUILD_LANE_C,Thai Paddy,,data/new_build/reports/two_lane_readiness_2026_07_06.json,race_day_scorecards[].lane_c_top3,3,0.54295,,,False,False,,False,False,True,RUNTIME_RACEDAY_MODEL_SUGGESTION,NO_RESULT_MATCH
2026-07-06,922456,CHAMPION_INTENT_SHADOW,CHAMPION_INTENT_SHADOW,Perfect Nation,9419795,data/reports/july06_intent_shadow_scorecard.csv,champion_intent_shadow_prob,1,0.098766,2.2,1,True,True,,False,False,True,RUNTIME_RACEDAY_MODEL_SUGGESTION,ID_MATCH
2026-07-06,922456,CHAMPION_INTENT_SHADOW,CHAMPION_INTENT_SHADOW,Carrow Road,9290860,data/reports/july06_intent_shadow_scorecard.csv,champion_intent_shadow_prob,2,0.097952,251.0,9,False,False,,False,False,True,RUNTIME_RACEDAY_MODEL_SUGGESTION,ID_MATCH
2026-07-06,922456,CHAMPION_INTENT_SHADOW,CHAMPION_INTENT_SHADOW,Cavalier,8881150,data/reports/july06_intent_shadow_scorecard.csv,champion_intent_shadow_prob,3,0.096891,3.0,3,False,True,,False,False,True,RUNTIME_RACEDAY_MODEL_SUGGESTION,ID_MATCH
2026-07-06,922456,CHAMPION_INTENT_SHADOW,CHAMPION_INTENT_SHADOW,Goblet,9317891,data/reports/july06_intent_shadow_scorecard.csv,champion_intent_shadow_prob,4,0.096883,151.0,8,False,False,,False,False,True,RUNTIME_RACEDAY_MODEL_SUGGESTION,ID_MATCH
2026-07-06,922456,CHAMPION_INTENT_SHADOW,CHAMPION_INTENT_SHADOW,Peak Tram,9490315,data/reports/july06_intent_shadow_scorecard.csv,champion_intent_shadow_prob,5,0.096395,51.0,4,False,False,,False,False,True,RUNTIME_RACEDAY_MODEL_SUGGESTION,ID_MATCH
2026-07-06,922456,CHAMPION_INTENT_SHADOW,CHAMPION_INTENT_SHADOW,Drum Bay,9490318,data/reports/july06_intent_shadow_scorecard.csv,champion_intent_shadow_prob,6,0.096208,4.0,2,False,True,,False,False,True,RUNTIME_RACEDAY_MODEL_SUGGESTION,ID_MATCH
2026-07-06,922456,CHAMPION_INTENT_SHADOW,CHAMPION_INTENT_SHADOW,Son Of A Fish,9424938,data/reports/july06_intent_shadow_scorecard.csv,champion_intent_shadow_prob,7,0.096208,29.0,5,False,False,,False,False,True,RUNTIME_RACEDAY_MODEL_SUGGESTION,ID_MATCH
2026-07-06,922456,CHAMPION_INTENT_SHADOW,CHAMPION_INTENT_SHADOW,Mino,9490319,data/reports/july06_intent_shadow_scorecard.csv,champion_intent_shadow_prob,8,0.094032,17.0,6,False,False,,False,False,True,RUNTIME_RACEDAY_MODEL_SUGGESTION,ID_MATCH
2026-07-06,922456,CHAMPION_INTENT_SHADOW,CHAMPION_INTENT_SHADOW,Harbour Prince,9429295,data/reports/july06_intent_shadow_scorecard.csv,champion_intent_shadow_prob,9,0.091102,21.0,7,False,False,,False,False,True,RUNTIME_RACEDAY_MODEL_SUGGESTION,ID_MATCH
2026-07-06,922456,CHAMPION_INTENT_SHADOW,CHAMPION_INTENT_SHADOW,There Goes My Hero,9490317,data/reports/july06_intent_shadow_scorecard.csv,champion_intent_shadow_prob,10,0.091102,101.0,10,False,False,,False,False,True,RUNTIME_RACEDAY_MODEL_SUGGESTION,ID_MATCH
2026-07-06,922456,NEW_BUILD_LANE_A,NEW_BUILD_LANE_A,Son Of A Fish,,data/new_build/reports/two_lane_readiness_2026_07_06.json,race_day_scorecards[].lane_a_top3,1,0.103733,29.0,5,False,False,,False,False,True,RUNTIME_RACEDAY_MODEL_SUGGESTION,NAME_FALLBACK_MATCH
2026-07-06,922456,NEW_BUILD_LANE_A,NEW_BUILD_LANE_A,Drum Bay,,data/new_build/reports/two_lane_readiness_2026_07_06.json,race_day_scorecards[].lane_a_top3,2,0.103682,4.0,2,False,True,,False,False,True,RUNTIME_RACEDAY_MODEL_SUGGESTION,NAME_FALLBACK_MATCH
2026-07-06,922456,NEW_BUILD_LANE_A,NEW_BUILD_LANE_A,Mino,,data/new_build/reports/two_lane_readiness_2026_07_06.json,race_day_scorecards[].lane_a_top3,3,0.101387,17.0,6,False,False,,False,False,True,RUNTIME_RACEDAY_MODEL_SUGGESTION,NAME_FALLBACK_MATCH
2026-07-06,922456,NEW_BUILD_LANE_B,NEW_BUILD_LANE_B,Perfect Nation,,data/new_build/reports/two_lane_readiness_2026_07_06.json,race_day_scorecards[].lane_b_top3,1,0.094798,2.2,1,True,True,,False,False,True,RUNTIME_RACEDAY_MODEL_SUGGESTION,NAME_FALLBACK_MATCH
2026-07-06,922456,NEW_BUILD_LANE_B,NEW_BUILD_LANE_B,Carrow Road,,data/new_build/reports/two_lane_readiness_2026_07_06.json,race_day_scorecards[].lane_b_top3,2,0.094578,251.0,9,False,False,,False,False,True,RUNTIME_RACEDAY_MODEL_SUGGESTION,NAME_FALLBACK_MATCH
2026-07-06,922456,NEW_BUILD_LANE_B,NEW_BUILD_LANE_B,Goblet,,data/new_build/reports/two_lane_readiness_2026_07_06.json,race_day_scorecards[].lane_b_top3,3,0.093926,151.0,8,False,False,,False,False,True,RUNTIME_RACEDAY_MODEL_SUGGESTION,NAME_FALLBACK_MATCH
2026-07-06,922456,NEW_BUILD_LANE_C,NEW_BUILD_LANE_C,Mino,,data/new_build/reports/two_lane_readiness_2026_07_06.json,race_day_scorecards[].lane_c_top3,1,0.545465,17.0,6,False,False,,False,False,True,RUNTIME_RACEDAY_MODEL_SUGGESTION,NAME_FALLBACK_MATCH
2026-07-06,922456,NEW_BUILD_LANE_C,NEW_BUILD_LANE_C,Son Of A Fish,,data/new_build/reports/two_lane_readiness_2026_07_06.json,race_day_scorecards[].lane_c_top3,2,0.545426,29.0,5,False,False,,False,False,True,RUNTIME_RACEDAY_MODEL_SUGGESTION,NAME_FALLBACK_MATCH
2026-07-06,922456,NEW_BUILD_LANE_C,NEW_BUILD_LANE_C,Drum Bay,,data/new_build/reports/two_lane_readiness_2026_07_06.json,race_day_scorecards[].lane_c_top3,3,0.545315,4.0,2,False,True,,False,False,True,RUNTIME_RACEDAY_MODEL_SUGGESTION,NAME_FALLBACK_MATCH
2026-07-06,922300,CHAMPION_INTENT_SHADOW,CHAMPION_INTENT_SHADOW,Tee Aitch Aye,7339103,data/reports/july06_intent_shadow_scorecard.csv,champion_intent_shadow_prob,1,0.087334,10.0,3,False,True,,False,False,True,RUNTIME_RACEDAY_MODEL_SUGGESTION,ID_MATCH
2026-07-06,922300,CHAMPION_INTENT_SHADOW,CHAMPION_INTENT_SHADOW,Sweet Kiss,7378591,data/reports/july06_intent_shadow_scorecard.csv,champion_intent_shadow_prob,2,0.08707,8.0,6,False,False,,False,False,True,RUNTIME_RACEDAY_MODEL_SUGGESTION,ID_MATCH
2026-07-06,922300,CHAMPION_INTENT_SHADOW,CHAMPION_INTENT_SHADOW,Naturalia,5125889,data/reports/july06_intent_shadow_scorecard.csv,champion_intent_shadow_prob,3,0.083968,7.0,4,False,False,,False,False,True,RUNTIME_RACEDAY_MODEL_SUGGESTION,ID_MATCH
2026-07-06,922300,CHAMPION_INTENT_SHADOW,CHAMPION_INTENT_SHADOW,Hill O Rue,6465249,data/reports/july06_intent_shadow_scorecard.csv,champion_intent_shadow_prob,4,0.077932,34.0,12,False,False,,False,False,True,RUNTIME_RACEDAY_MODEL_SUGGESTION,ID_MATCH
2026-07-06,922300,CHAMPION_INTENT_SHADOW,CHAMPION_INTENT_SHADOW,Rumbustious,8406259,data/reports/july06_intent_shadow_scorecard.csv,champion_intent_shadow_prob,5,0.073295,6.5,10,False,False,,False,False,True,RUNTIME_RACEDAY_MODEL_SUGGESTION,ID_MATCH
2026-07-06,922300,CHAMPION_INTENT_SHADOW,CHAMPION_INTENT_SHADOW,Tap Dancer,6161669,data/reports/july06_intent_shadow_scorecard.csv,champion_intent_shadow_prob,6,0.069876,11.0,7,False,False,,False,False,True,RUNTIME_RACEDAY_MODEL_SUGGESTION,ID_MATCH
2026-07-06,922300,CHAMPION_INTENT_SHADOW,CHAMPION_INTENT_SHADOW,Royal Blaze,5048100,data/reports/july06_intent_shadow_scorecard.csv,champion_intent_shadow_prob,7,0.069136,12.0,1,True,True,,False,False,True,RUNTIME_RACEDAY_MODEL_SUGGESTION,ID_MATCH
2026-07-06,922300,CHAMPION_INTENT_SHADOW,CHAMPION_INTENT_SHADOW,Falcon Nine,4415502,data/reports/july06_intent_shadow_scorecard.csv,champion_intent_shadow_prob,8,0.064051,23.0,9,False,False,,False,False,True,RUNTIME_RACEDAY_MODEL_SUGGESTION,ID_MATCH
2026-07-06,922300,CHAMPION_INTENT_SHADOW,CHAMPION_INTENT_SHADOW,Parole Officer,7020199,data/reports/july06_intent_shadow_scorecard.csv,champion_intent_shadow_prob,9,0.057212,101.0,11,False,False,,False,False,True,RUNTIME_RACEDAY_MODEL_SUGGESTION,ID_MATCH
2026-07-06,922300,CHAMPION_INTENT_SHADOW,CHAMPION_INTENT_SHADOW,Condotti,5708897,data/reports/july06_intent_shadow_scorecard.csv,champion_intent_shadow_prob,10,0.053594,6.0,2,False,True,,False,False,True,RUNTIME_RACEDAY_MODEL_SUGGESTION,ID_MATCH
2026-07-06,922300,CHAMPION_INTENT_SHADOW,CHAMPION_INTENT_SHADOW,Shifter,4011144,data/reports/july06_intent_shadow_scorecard.csv,champion_intent_shadow_prob,11,0.042522,4.0,5,False,False,,False,False,True,RUNTIME_RACEDAY_MODEL_SUGGESTION,ID_MATCH
2026-07-06,922300,CHAMPION_INTENT_SHADOW,CHAMPION_INTENT_SHADOW,Storm On Jura,6064581,data/reports/july06_intent_shadow_scorecard.csv,champion_intent_shadow_prob,12,0.030956,21.0,8,False,False,,False,False,True,RUNTIME_RACEDAY_MODEL_SUGGESTION,ID_MATCH
2026-07-06,922300,NEW_BUILD_LANE_A,NEW_BUILD_LANE_A,Tee Aitch Aye,,data/new_build/reports/two_lane_readiness_2026_07_06.json,race_day_scorecards[].lane_a_top3,1,0.111004,10.0,3,False,True,,False,False,True,RUNTIME_RACEDAY_MODEL_SUGGESTION,NAME_FALLBACK_MATCH
2026-07-06,922300,NEW_BUILD_LANE_A,NEW_BUILD_LANE_A,Sweet Kiss,,data/new_build/reports/two_lane_readiness_2026_07_06.json,race_day_scorecards[].lane_a_top3,2,0.101993,8.0,6,False,False,,False,False,True,RUNTIME_RACEDAY_MODEL_SUGGESTION,NAME_FALLBACK_MATCH
2026-07-06,922300,NEW_BUILD_LANE_A,NEW_BUILD_LANE_A,Rumbustious,,data/new_build/reports/two_lane_readiness_2026_07_06.json,race_day_scorecards[].lane_a_top3,3,0.090812,6.5,10,False,False,,False,False,True,RUNTIME_RACEDAY_MODEL_SUGGESTION,NAME_FALLBACK_MATCH
2026-07-06,922300,NEW_BUILD_LANE_B,NEW_BUILD_LANE_B,Tee Aitch Aye,,data/new_build/reports/two_lane_readiness_2026_07_06.json,race_day_scorecards[].lane_b_top3,1,0.098056,10.0,3,False,True,,False,False,True,RUNTIME_RACEDAY_MODEL_SUGGESTION,NAME_FALLBACK_MATCH
2026-07-06,922300,NEW_BUILD_LANE_B,NEW_BUILD_LANE_B,Sweet Kiss,,data/new_build/reports/two_lane_readiness_2026_07_06.json,race_day_scorecards[].lane_b_top3,2,0.091753,8.0,6,False,False,,False,False,True,RUNTIME_RACEDAY_MODEL_SUGGESTION,NAME_FALLBACK_MATCH
2026-07-06,922300,NEW_BUILD_LANE_B,NEW_BUILD_LANE_B,Tap Dancer,,data/new_build/reports/two_lane_readiness_2026_07_06.json,race_day_scorecards[].lane_b_top3,3,0.080481,11.0,7,False,False,,False,False,True,RUNTIME_RACEDAY_MODEL_SUGGESTION,NAME_FALLBACK_MATCH
2026-07-06,922300,NEW_BUILD_LANE_C,NEW_BUILD_LANE_C,Sweet Kiss,,data/new_build/reports/two_lane_readiness_2026_07_06.json,race_day_scorecards[].lane_c_top3,1,0.542144,8.0,6,False,False,,False,False,True,RUNTIME_RACEDAY_MODEL_SUGGESTION,NAME_FALLBACK_MATCH
2026-07-06,922300,NEW_BUILD_LANE_C,NEW_BUILD_LANE_C,Tee Aitch Aye,,data/new_build/reports/two_lane_readiness_2026_07_06.json,race_day_scorecards[].lane_c_top3,2,0.539346,10.0,3,False,True,,False,False,True,RUNTIME_RACEDAY_MODEL_SUGGESTION,NAME_FALLBACK_MATCH
2026-07-06,922300,NEW_BUILD_LANE_C,NEW_BUILD_LANE_C,Rumbustious,,data/new_build/reports/two_lane_readiness_2026_07_06.json,race_day_scorecards[].lane_c_top3,3,0.538413,6.5,10,False,False,,False,False,True,RUNTIME_RACEDAY_MODEL_SUGGESTION,NAME_FALLBACK_MATCH
2026-07-06,924389,CHAMPION_INTENT_SHADOW,CHAMPION_INTENT_SHADOW,Victory Gold,9212567,data/reports/july06_intent_shadow_scorecard.csv,champion_intent_shadow_prob,1,0.186529,1.91,1,True,True,,False,False,True,RUNTIME_RACEDAY_MODEL_SUGGESTION,ID_MATCH
2026-07-06,924389,CHAMPION_INTENT_SHADOW,CHAMPION_INTENT_SHADOW,Sea Idol,9254365,data/reports/july06_intent_shadow_scorecard.csv,champion_intent_shadow_prob,2,0.106326,26.0,4,False,False,,False,False,True,RUNTIME_RACEDAY_MODEL_SUGGESTION,ID_MATCH
2026-07-06,924389,CHAMPION_INTENT_SHADOW,CHAMPION_INTENT_SHADOW,Cloud Summit,9331776,data/reports/july06_intent_shadow_scorecard.csv,champion_intent_shadow_prob,3,0.106326,8.5,6,False,False,,False,False,True,RUNTIME_RACEDAY_MODEL_SUGGESTION,ID_MATCH
2026-07-06,924389,CHAMPION_INTENT_SHADOW,CHAMPION_INTENT_SHADOW,Il Capo,9153299,data/reports/july06_intent_shadow_scorecard.csv,champion_intent_shadow_prob,4,0.106073,101.0,8,False,False,,False,False,True,RUNTIME_RACEDAY_MODEL_SUGGESTION,ID_MATCH
2026-07-06,924389,CHAMPION_INTENT_SHADOW,CHAMPION_INTENT_SHADOW,Romanza,8881175,data/reports/july06_intent_shadow_scorecard.csv,champion_intent_shadow_prob,5,0.106055,4.0,2,False,True,,False,False,True,RUNTIME_RACEDAY_MODEL_SUGGESTION,ID_MATCH
2026-07-06,924389,CHAMPION_INTENT_SHADOW,CHAMPION_INTENT_SHADOW,Minzaal Time,9364267,data/reports/july06_intent_shadow_scorecard.csv,champion_intent_shadow_prob,6,0.104916,81.0,7,False,False,,False,False,True,RUNTIME_RACEDAY_MODEL_SUGGESTION,ID_MATCH
2026-07-06,924389,CHAMPION_INTENT_SHADOW,CHAMPION_INTENT_SHADOW,Apulia Bay,9490316,data/reports/july06_intent_shadow_scorecard.csv,champion_intent_shadow_prob,7,0.103794,6.5,3,False,True,,False,False,True,RUNTIME_RACEDAY_MODEL_SUGGESTION,ID_MATCH
2026-07-06,924389,CHAMPION_INTENT_SHADOW,CHAMPION_INTENT_SHADOW,Royal Titan,9490314,data/reports/july06_intent_shadow_scorecard.csv,champion_intent_shadow_prob,8,0.102647,19.0,9,False,False,,False,False,True,RUNTIME_RACEDAY_MODEL_SUGGESTION,ID_MATCH
2026-07-06,924389,CHAMPION_INTENT_SHADOW,CHAMPION_INTENT_SHADOW,Thunder Home,9212562,data/reports/july06_intent_shadow_scorecard.csv,champion_intent_shadow_prob,9,0.100956,17.0,5,False,False,,False,False,True,RUNTIME_RACEDAY_MODEL_SUGGESTION,ID_MATCH
2026-07-06,924389,NEW_BUILD_LANE_A,NEW_BUILD_LANE_A,Victory Gold,,data/new_build/reports/two_lane_readiness_2026_07_06.json,race_day_scorecards[].lane_a_top3,1,0.213838,1.91,1,True,True,,False,False,True,RUNTIME_RACEDAY_MODEL_SUGGESTION,NAME_FALLBACK_MATCH
2026-07-06,924389,NEW_BUILD_LANE_A,NEW_BUILD_LANE_A,Apulia Bay,,data/new_build/reports/two_lane_readiness_2026_07_06.json,race_day_scorecards[].lane_a_top3,2,0.111398,6.5,3,False,True,,False,False,True,RUNTIME_RACEDAY_MODEL_SUGGESTION,NAME_FALLBACK_MATCH
2026-07-06,924389,NEW_BUILD_LANE_A,NEW_BUILD_LANE_A,Royal Titan,,data/new_build/reports/two_lane_readiness_2026_07_06.json,race_day_scorecards[].lane_a_top3,3,0.108954,19.0,9,False,False,,False,False,True,RUNTIME_RACEDAY_MODEL_SUGGESTION,NAME_FALLBACK_MATCH
2026-07-06,924389,NEW_BUILD_LANE_B,NEW_BUILD_LANE_B,Victory Gold,,data/new_build/reports/two_lane_readiness_2026_07_06.json,race_day_scorecards[].lane_b_top3,1,0.150374,1.91,1,True,True,,False,False,True,RUNTIME_RACEDAY_MODEL_SUGGESTION,NAME_FALLBACK_MATCH
2026-07-06,924389,NEW_BUILD_LANE_B,NEW_BUILD_LANE_B,Cloud Summit,,data/new_build/reports/two_lane_readiness_2026_07_06.json,race_day_scorecards[].lane_b_top3,2,0.103355,8.5,6,False,False,,False,False,True,RUNTIME_RACEDAY_MODEL_SUGGESTION,NAME_FALLBACK_MATCH
2026-07-06,924389,NEW_BUILD_LANE_B,NEW_BUILD_LANE_B,Sea Idol,,data/new_build/reports/two_lane_readiness_2026_07_06.json,race_day_scorecards[].lane_b_top3,3,0.103113,26.0,4,False,False,,False,False,True,RUNTIME_RACEDAY_MODEL_SUGGESTION,NAME_FALLBACK_MATCH
2026-07-06,924389,NEW_BUILD_LANE_C,NEW_BUILD_LANE_C,Victory Gold,,data/new_build/reports/two_lane_readiness_2026_07_06.json,race_day_scorecards[].lane_c_top3,1,0.553939,1.91,1,True,True,,False,False,True,RUNTIME_RACEDAY_MODEL_SUGGESTION,NAME_FALLBACK_MATCH
2026-07-06,924389,NEW_BUILD_LANE_C,NEW_BUILD_LANE_C,Royal Titan,,data/new_build/reports/two_lane_readiness_2026_07_06.json,race_day_scorecards[].lane_c_top3,2,0.549025,19.0,9,False,False,,False,False,True,RUNTIME_RACEDAY_MODEL_SUGGESTION,NAME_FALLBACK_MATCH
2026-07-06,924389,NEW_BUILD_LANE_C,NEW_BUILD_LANE_C,Apulia Bay,,data/new_build/reports/two_lane_readiness_2026_07_06.json,race_day_scorecards[].lane_c_top3,3,0.548837,6.5,3,False,True,,False,False,True,RUNTIME_RACEDAY_MODEL_SUGGESTION,NAME_FALLBACK_MATCH
2026-07-06,922298,CHAMPION_INTENT_SHADOW,CHAMPION_INTENT_SHADOW,Blakefell,7204894,data/reports/july06_intent_shadow_scorecard.csv,champion_intent_shadow_prob,1,0.112461,,,False,False,,False,False,True,RUNTIME_RACEDAY_MODEL_SUGGESTION,NO_RESULT_MATCH
2026-07-06,922298,CHAMPION_INTENT_SHADOW,CHAMPION_INTENT_SHADOW,Native Honey,58956387,data/reports/july06_intent_shadow_scorecard.csv,champion_intent_shadow_prob,2,0.08749,11.0,1,True,True,,False,False,True,RUNTIME_RACEDAY_MODEL_SUGGESTION,ID_MATCH
2026-07-06,922298,CHAMPION_INTENT_SHADOW,CHAMPION_INTENT_SHADOW,Slack Bob,7957273,data/reports/july06_intent_shadow_scorecard.csv,champion_intent_shadow_prob,3,0.085818,8.5,6,False,False,,False,False,True,RUNTIME_RACEDAY_MODEL_SUGGESTION,ID_MATCH
2026-07-06,922298,CHAMPION_INTENT_SHADOW,CHAMPION_INTENT_SHADOW,Qazaq,5330871,data/reports/july06_intent_shadow_scorecard.csv,champion_intent_shadow_prob,4,0.082895,5.5,5,False,False,,False,False,True,RUNTIME_RACEDAY_MODEL_SUGGESTION,ID_MATCH
2026-07-06,922298,CHAMPION_INTENT_SHADOW,CHAMPION_INTENT_SHADOW,Eve's Boy,5951756,data/reports/july06_intent_shadow_scorecard.csv,champion_intent_shadow_prob,5,0.081387,12.0,8,False,False,,False,False,True,RUNTIME_RACEDAY_MODEL_SUGGESTION,ID_MATCH
2026-07-06,922298,CHAMPION_INTENT_SHADOW,CHAMPION_INTENT_SHADOW,Whiskey Kisses,7988032,data/reports/july06_intent_shadow_scorecard.csv,champion_intent_shadow_prob,6,0.075922,126.0,9,False,False,,False,False,True,RUNTIME_RACEDAY_MODEL_SUGGESTION,ID_MATCH
2026-07-06,922298,CHAMPION_INTENT_SHADOW,CHAMPION_INTENT_SHADOW,The Gay Blade,3765237,data/reports/july06_intent_shadow_scorecard.csv,champion_intent_shadow_prob,7,0.070285,11.0,10,False,False,,False,False,True,RUNTIME_RACEDAY_MODEL_SUGGESTION,ID_MATCH
2026-07-06,922298,CHAMPION_INTENT_SHADOW,CHAMPION_INTENT_SHADOW,Ashen,5580107,data/reports/july06_intent_shadow_scorecard.csv,champion_intent_shadow_prob,8,0.067686,3.0,4,False,False,,False,False,True,RUNTIME_RACEDAY_MODEL_SUGGESTION,ID_MATCH
2026-07-06,922298,CHAMPION_INTENT_SHADOW,CHAMPION_INTENT_SHADOW,Abduction,3106233,data/reports/july06_intent_shadow_scorecard.csv,champion_intent_shadow_prob,9,0.064995,5.0,3,False,True,,False,False,True,RUNTIME_RACEDAY_MODEL_SUGGESTION,ID_MATCH
2026-07-06,922298,CHAMPION_INTENT_SHADOW,CHAMPION_INTENT_SHADOW,Keep Me Stable,4175516,data/reports/july06_intent_shadow_scorecard.csv,champion_intent_shadow_prob,10,0.064756,67.0,11,False,False,,False,False,True,RUNTIME_RACEDAY_MODEL_SUGGESTION,ID_MATCH
2026-07-06,922298,CHAMPION_INTENT_SHADOW,CHAMPION_INTENT_SHADOW,Born A Star,7204778,data/reports/july06_intent_shadow_scorecard.csv,champion_intent_shadow_prob,11,0.049135,51.0,7,False,False,,False,False,True,RUNTIME_RACEDAY_MODEL_SUGGESTION,ID_MATCH
2026-07-06,922298,CHAMPION_INTENT_SHADOW,CHAMPION_INTENT_SHADOW,Emery Down,6582589,data/reports/july06_intent_shadow_scorecard.csv,champion_intent_shadow_prob,12,0.034601,12.0,2,False,True,,False,False,True,RUNTIME_RACEDAY_MODEL_SUGGESTION,ID_MATCH
2026-07-06,922298,NEW_BUILD_LANE_A,NEW_BUILD_LANE_A,Qazaq,,data/new_build/reports/two_lane_readiness_2026_07_06.json,race_day_scorecards[].lane_a_top3,1,0.106608,5.5,5,False,False,,False,False,True,RUNTIME_RACEDAY_MODEL_SUGGESTION,NAME_FALLBACK_MATCH
2026-07-06,922298,NEW_BUILD_LANE_A,NEW_BUILD_LANE_A,The Gay Blade,,data/new_build/reports/two_lane_readiness_2026_07_06.json,race_day_scorecards[].lane_a_top3,2,0.099025,11.0,10,False,False,,False,False,True,RUNTIME_RACEDAY_MODEL_SUGGESTION,NAME_FALLBACK_MATCH
2026-07-06,922298,NEW_BUILD_LANE_A,NEW_BUILD_LANE_A,Eve's Boy,,data/new_build/reports/two_lane_readiness_2026_07_06.json,race_day_scorecards[].lane_a_top3,3,0.091857,12.0,8,False,False,,False,False,True,RUNTIME_RACEDAY_MODEL_SUGGESTION,NAME_FALLBACK_MATCH
2026-07-06,922298,NEW_BUILD_LANE_B,NEW_BUILD_LANE_B,Qazaq,,data/new_build/reports/two_lane_readiness_2026_07_06.json,race_day_scorecards[].lane_b_top3,1,0.095089,5.5,5,False,False,,False,False,True,RUNTIME_RACEDAY_MODEL_SUGGESTION,NAME_FALLBACK_MATCH
2026-07-06,922298,NEW_BUILD_LANE_B,NEW_BUILD_LANE_B,Native Honey,,data/new_build/reports/two_lane_readiness_2026_07_06.json,race_day_scorecards[].lane_b_top3,2,0.084808,11.0,1,True,True,,False,False,True,RUNTIME_RACEDAY_MODEL_SUGGESTION,NAME_FALLBACK_MATCH
2026-07-06,922298,NEW_BUILD_LANE_B,NEW_BUILD_LANE_B,Whiskey Kisses,,data/new_build/reports/two_lane_readiness_2026_07_06.json,race_day_scorecards[].lane_b_top3,3,0.084144,126.0,9,False,False,,False,False,True,RUNTIME_RACEDAY_MODEL_SUGGESTION,NAME_FALLBACK_MATCH
2026-07-06,922298,NEW_BUILD_LANE_C,NEW_BUILD_LANE_C,Qazaq,,data/new_build/reports/two_lane_readiness_2026_07_06.json,race_day_scorecards[].lane_c_top3,1,0.542832,5.5,5,False,False,,False,False,True,RUNTIME_RACEDAY_MODEL_SUGGESTION,NAME_FALLBACK_MATCH
2026-07-06,922298,NEW_BUILD_LANE_C,NEW_BUILD_LANE_C,The Gay Blade,,data/new_build/reports/two_lane_readiness_2026_07_06.json,race_day_scorecards[].lane_c_top3,2,0.537564,11.0,10,False,False,,False,False,True,RUNTIME_RACEDAY_MODEL_SUGGESTION,NAME_FALLBACK_MATCH
2026-07-06,922298,NEW_BUILD_LANE_C,NEW_BUILD_LANE_C,Abduction,,data/new_build/reports/two_lane_readiness_2026_07_06.json,race_day_scorecards[].lane_c_top3,3,0.535961,5.0,3,False,True,,False,False,True,RUNTIME_RACEDAY_MODEL_SUGGESTION,NAME_FALLBACK_MATCH
2026-07-06,922459,CHAMPION_INTENT_SHADOW,CHAMPION_INTENT_SHADOW,Home Secretary,8120590,data/reports/july06_intent_shadow_scorecard.csv,champion_intent_shadow_prob,1,0.118637,4.5,1,True,True,,False,False,True,RUNTIME_RACEDAY_MODEL_SUGGESTION,ID_MATCH
2026-07-06,922459,CHAMPION_INTENT_SHADOW,CHAMPION_INTENT_SHADOW,Femme Fatale,7926361,data/reports/july06_intent_shadow_scorecard.csv,champion_intent_shadow_prob,2,0.109714,10.0,2,False,True,,False,False,True,RUNTIME_RACEDAY_MODEL_SUGGESTION,ID_MATCH
2026-07-06,922459,CHAMPION_INTENT_SHADOW,CHAMPION_INTENT_SHADOW,Worlington,8251207,data/reports/july06_intent_shadow_scorecard.csv,champion_intent_shadow_prob,3,0.103356,2.62,9,False,False,,False,False,True,RUNTIME_RACEDAY_MODEL_SUGGESTION,ID_MATCH
2026-07-06,922459,CHAMPION_INTENT_SHADOW,CHAMPION_INTENT_SHADOW,La Trinite,7015791,data/reports/july06_intent_shadow_scorecard.csv,champion_intent_shadow_prob,4,0.08285,10.0,3,False,True,,False,False,True,RUNTIME_RACEDAY_MODEL_SUGGESTION,ID_MATCH
2026-07-06,922459,CHAMPION_INTENT_SHADOW,CHAMPION_INTENT_SHADOW,Artavian,5343980,data/reports/july06_intent_shadow_scorecard.csv,champion_intent_shadow_prob,5,0.078883,13.0,6,False,False,,False,False,True,RUNTIME_RACEDAY_MODEL_SUGGESTION,ID_MATCH
2026-07-06,922459,CHAMPION_INTENT_SHADOW,CHAMPION_INTENT_SHADOW,Break Point,5011618,data/reports/july06_intent_shadow_scorecard.csv,champion_intent_shadow_prob,6,0.074952,5.0,4,False,False,,False,False,True,RUNTIME_RACEDAY_MODEL_SUGGESTION,ID_MATCH
2026-07-06,922459,CHAMPION_INTENT_SHADOW,CHAMPION_INTENT_SHADOW,Master Dancer,4609241,data/reports/july06_intent_shadow_scorecard.csv,champion_intent_shadow_prob,7,0.069248,29.0,8,False,False,,False,False,True,RUNTIME_RACEDAY_MODEL_SUGGESTION,ID_MATCH
2026-07-06,922459,CHAMPION_INTENT_SHADOW,CHAMPION_INTENT_SHADOW,October Surprise,8188069,data/reports/july06_intent_shadow_scorecard.csv,champion_intent_shadow_prob,8,0.068984,34.0,5,False,False,,False,False,True,RUNTIME_RACEDAY_MODEL_SUGGESTION,ID_MATCH
2026-07-06,922459,CHAMPION_INTENT_SHADOW,CHAMPION_INTENT_SHADOW,Smith,1860137,data/reports/july06_intent_shadow_scorecard.csv,champion_intent_shadow_prob,9,0.05173,34.0,7,False,False,,False,False,True,RUNTIME_RACEDAY_MODEL_SUGGESTION,ID_MATCH
2026-07-06,922459,NEW_BUILD_LANE_A,NEW_BUILD_LANE_A,Break Point,,data/new_build/reports/two_lane_readiness_2026_07_06.json,race_day_scorecards[].lane_a_top3,1,0.108662,5.0,4,False,False,,False,False,True,RUNTIME_RACEDAY_MODEL_SUGGESTION,NAME_FALLBACK_MATCH
2026-07-06,922459,NEW_BUILD_LANE_A,NEW_BUILD_LANE_A,Worlington,,data/new_build/reports/two_lane_readiness_2026_07_06.json,race_day_scorecards[].lane_a_top3,2,0.10701,2.62,9,False,False,,False,False,True,RUNTIME_RACEDAY_MODEL_SUGGESTION,NAME_FALLBACK_MATCH
2026-07-06,922459,NEW_BUILD_LANE_A,NEW_BUILD_LANE_A,October Surprise,,data/new_build/reports/two_lane_readiness_2026_07_06.json,race_day_scorecards[].lane_a_top3,3,0.099901,34.0,5,False,False,,False,False,True,RUNTIME_RACEDAY_MODEL_SUGGESTION,NAME_FALLBACK_MATCH
2026-07-06,922459,NEW_BUILD_LANE_B,NEW_BUILD_LANE_B,La Trinite,,data/new_build/reports/two_lane_readiness_2026_07_06.json,race_day_scorecards[].lane_b_top3,1,0.100393,10.0,3,False,True,,False,False,True,RUNTIME_RACEDAY_MODEL_SUGGESTION,NAME_FALLBACK_MATCH
2026-07-06,922459,NEW_BUILD_LANE_B,NEW_BUILD_LANE_B,Femme Fatale,,data/new_build/reports/two_lane_readiness_2026_07_06.json,race_day_scorecards[].lane_b_top3,2,0.100202,10.0,2,False,True,,False,False,True,RUNTIME_RACEDAY_MODEL_SUGGESTION,NAME_FALLBACK_MATCH
2026-07-06,922459,NEW_BUILD_LANE_B,NEW_BUILD_LANE_B,Break Point,,data/new_build/reports/two_lane_readiness_2026_07_06.json,race_day_scorecards[].lane_b_top3,3,0.099539,5.0,4,False,False,,False,False,True,RUNTIME_RACEDAY_MODEL_SUGGESTION,NAME_FALLBACK_MATCH
2026-07-06,922459,NEW_BUILD_LANE_C,NEW_BUILD_LANE_C,Break Point,,data/new_build/reports/two_lane_readiness_2026_07_06.json,race_day_scorecards[].lane_c_top3,1,0.546074,5.0,4,False,False,,False,False,True,RUNTIME_RACEDAY_MODEL_SUGGESTION,NAME_FALLBACK_MATCH
2026-07-06,922459,NEW_BUILD_LANE_C,NEW_BUILD_LANE_C,October Surprise,,data/new_build/reports/two_lane_readiness_2026_07_06.json,race_day_scorecards[].lane_c_top3,2,0.546047,34.0,5,False,False,,False,False,True,RUNTIME_RACEDAY_MODEL_SUGGESTION,NAME_FALLBACK_MATCH
2026-07-06,922459,NEW_BUILD_LANE_C,NEW_BUILD_LANE_C,La Trinite,,data/new_build/reports/two_lane_readiness_2026_07_06.json,race_day_scorecards[].lane_c_top3,3,0.543045,10.0,3,False,True,,False,False,True,RUNTIME_RACEDAY_MODEL_SUGGESTION,NAME_FALLBACK_MATCH
2026-07-06,922301,CHAMPION_INTENT_SHADOW,CHAMPION_INTENT_SHADOW,Hunterian,8476547,data/reports/july06_intent_shadow_scorecard.csv,champion_intent_shadow_prob,1,0.098712,5.0,6,False,False,,False,False,True,RUNTIME_RACEDAY_MODEL_SUGGESTION,ID_MATCH
2026-07-06,922301,CHAMPION_INTENT_SHADOW,CHAMPION_INTENT_SHADOW,Starliner,5104236,data/reports/july06_intent_shadow_scorecard.csv,champion_intent_shadow_prob,2,0.093485,11.0,8,False,False,,False,False,True,RUNTIME_RACEDAY_MODEL_SUGGESTION,ID_MATCH
2026-07-06,922301,CHAMPION_INTENT_SHADOW,CHAMPION_INTENT_SHADOW,Carmel Valley,8205595,data/reports/july06_intent_shadow_scorecard.csv,champion_intent_shadow_prob,3,0.091725,23.0,2,False,True,,False,False,True,RUNTIME_RACEDAY_MODEL_SUGGESTION,ID_MATCH
2026-07-06,922301,CHAMPION_INTENT_SHADOW,CHAMPION_INTENT_SHADOW,Concert Boy,4273974,data/reports/july06_intent_shadow_scorecard.csv,champion_intent_shadow_prob,4,0.089988,51.0,7,False,False,,False,False,True,RUNTIME_RACEDAY_MODEL_SUGGESTION,ID_MATCH
2026-07-06,922301,CHAMPION_INTENT_SHADOW,CHAMPION_INTENT_SHADOW,Penelope's Sister,4449876,data/reports/july06_intent_shadow_scorecard.csv,champion_intent_shadow_prob,5,0.089945,4.5,4,False,False,,False,False,True,RUNTIME_RACEDAY_MODEL_SUGGESTION,ID_MATCH
2026-07-06,922301,CHAMPION_INTENT_SHADOW,CHAMPION_INTENT_SHADOW,Hey Havana,7743754,data/reports/july06_intent_shadow_scorecard.csv,champion_intent_shadow_prob,6,0.080353,5.0,5,False,False,,False,False,True,RUNTIME_RACEDAY_MODEL_SUGGESTION,ID_MATCH
2026-07-06,922301,CHAMPION_INTENT_SHADOW,CHAMPION_INTENT_SHADOW,Filly Eilish,8788810,data/reports/july06_intent_shadow_scorecard.csv,champion_intent_shadow_prob,7,0.074457,,,False,False,,False,False,True,RUNTIME_RACEDAY_MODEL_SUGGESTION,NO_RESULT_MATCH
2026-07-06,922301,CHAMPION_INTENT_SHADOW,CHAMPION_INTENT_SHADOW,Lovette,7520219,data/reports/july06_intent_shadow_scorecard.csv,champion_intent_shadow_prob,8,0.073306,29.0,10,False,False,,False,False,True,RUNTIME_RACEDAY_MODEL_SUGGESTION,ID_MATCH
2026-07-06,922301,CHAMPION_INTENT_SHADOW,CHAMPION_INTENT_SHADOW,Lightning Galaxy,6265741,data/reports/july06_intent_shadow_scorecard.csv,champion_intent_shadow_prob,9,0.069426,11.0,9,False,False,,False,False,True,RUNTIME_RACEDAY_MODEL_SUGGESTION,ID_MATCH
2026-07-06,922301,CHAMPION_INTENT_SHADOW,CHAMPION_INTENT_SHADOW,Ey Up He's A Star,6496519,data/reports/july06_intent_shadow_scorecard.csv,champion_intent_shadow_prob,10,0.0672,5.5,1,True,True,,False,False,True,RUNTIME_RACEDAY_MODEL_SUGGESTION,ID_MATCH
2026-07-06,922301,CHAMPION_INTENT_SHADOW,CHAMPION_INTENT_SHADOW,Flying Moonlight,7922006,data/reports/july06_intent_shadow_scorecard.csv,champion_intent_shadow_prob,11,0.048053,8.5,3,False,True,,False,False,True,RUNTIME_RACEDAY_MODEL_SUGGESTION,ID_MATCH
2026-07-06,922301,NEW_BUILD_LANE_A,NEW_BUILD_LANE_A,Concert Boy,,data/new_build/reports/two_lane_readiness_2026_07_06.json,race_day_scorecards[].lane_a_top3,1,0.131837,51.0,7,False,False,,False,False,True,RUNTIME_RACEDAY_MODEL_SUGGESTION,NAME_FALLBACK_MATCH
2026-07-06,922301,NEW_BUILD_LANE_A,NEW_BUILD_LANE_A,Filly Eilish,,data/new_build/reports/two_lane_readiness_2026_07_06.json,race_day_scorecards[].lane_a_top3,2,0.100563,,,False,False,,False,False,True,RUNTIME_RACEDAY_MODEL_SUGGESTION,NO_RESULT_MATCH
2026-07-06,922301,NEW_BUILD_LANE_A,NEW_BUILD_LANE_A,Penelope's Sister,,data/new_build/reports/two_lane_readiness_2026_07_06.json,race_day_scorecards[].lane_a_top3,3,0.098813,4.5,4,False,False,,False,False,True,RUNTIME_RACEDAY_MODEL_SUGGESTION,NAME_FALLBACK_MATCH
2026-07-06,922301,NEW_BUILD_LANE_B,NEW_BUILD_LANE_B,Concert Boy,,data/new_build/reports/two_lane_readiness_2026_07_06.json,race_day_scorecards[].lane_b_top3,1,0.113765,51.0,7,False,False,,False,False,True,RUNTIME_RACEDAY_MODEL_SUGGESTION,NAME_FALLBACK_MATCH
2026-07-06,922301,NEW_BUILD_LANE_B,NEW_BUILD_LANE_B,Hunterian,,data/new_build/reports/two_lane_readiness_2026_07_06.json,race_day_scorecards[].lane_b_top3,2,0.092489,5.0,6,False,False,,False,False,True,RUNTIME_RACEDAY_MODEL_SUGGESTION,NAME_FALLBACK_MATCH
2026-07-06,922301,NEW_BUILD_LANE_B,NEW_BUILD_LANE_B,Penelope's Sister,,data/new_build/reports/two_lane_readiness_2026_07_06.json,race_day_scorecards[].lane_b_top3,3,0.089342,4.5,4,False,False,,False,False,True,RUNTIME_RACEDAY_MODEL_SUGGESTION,NAME_FALLBACK_MATCH
2026-07-06,922301,NEW_BUILD_LANE_C,NEW_BUILD_LANE_C,Concert Boy,,data/new_build/reports/two_lane_readiness_2026_07_06.json,race_day_scorecards[].lane_c_top3,1,0.54804,51.0,7,False,False,,False,False,True,RUNTIME_RACEDAY_MODEL_SUGGESTION,NAME_FALLBACK_MATCH
2026-07-06,922301,NEW_BUILD_LANE_C,NEW_BUILD_LANE_C,Penelope's Sister,,data/new_build/reports/two_lane_readiness_2026_07_06.json,race_day_scorecards[].lane_c_top3,2,0.541182,4.5,4,False,False,,False,False,True,RUNTIME_RACEDAY_MODEL_SUGGESTION,NAME_FALLBACK_MATCH
2026-07-06,922301,NEW_BUILD_LANE_C,NEW_BUILD_LANE_C,Filly Eilish,,data/new_build/reports/two_lane_readiness_2026_07_06.json,race_day_scorecards[].lane_c_top3,3,0.53991,,,False,False,,False,False,True,RUNTIME_RACEDAY_MODEL_SUGGESTION,NO_RESULT_MATCH
2026-07-06,922457,CHAMPION_INTENT_SHADOW,CHAMPION_INTENT_SHADOW,Michaela's Boy,4229840,data/reports/july06_intent_shadow_scorecard.csv,champion_intent_shadow_prob,1,0.163953,7.0,8,False,False,,False,False,True,RUNTIME_RACEDAY_MODEL_SUGGESTION,ID_MATCH
2026-07-06,922457,CHAMPION_INTENT_SHADOW,CHAMPION_INTENT_SHADOW,Havana Blast,5579972,data/reports/july06_intent_shadow_scorecard.csv,champion_intent_shadow_prob,2,0.117657,4.0,2,False,True,,False,False,True,RUNTIME_RACEDAY_MODEL_SUGGESTION,ID_MATCH
2026-07-06,922457,CHAMPION_INTENT_SHADOW,CHAMPION_INTENT_SHADOW,Law Of Average,5222212,data/reports/july06_intent_shadow_scorecard.csv,champion_intent_shadow_prob,3,0.100733,7.0,1,True,True,,False,False,True,RUNTIME_RACEDAY_MODEL_SUGGESTION,ID_MATCH
2026-07-06,922457,CHAMPION_INTENT_SHADOW,CHAMPION_INTENT_SHADOW,Hoodie Hoo,6166263,data/reports/july06_intent_shadow_scorecard.csv,champion_intent_shadow_prob,4,0.099437,6.0,5,False,False,,False,False,True,RUNTIME_RACEDAY_MODEL_SUGGESTION,ID_MATCH
2026-07-06,922457,CHAMPION_INTENT_SHADOW,CHAMPION_INTENT_SHADOW,Lebron Power,7713424,data/reports/july06_intent_shadow_scorecard.csv,champion_intent_shadow_prob,5,0.09365,23.0,6,False,False,,False,False,True,RUNTIME_RACEDAY_MODEL_SUGGESTION,ID_MATCH
2026-07-06,922457,CHAMPION_INTENT_SHADOW,CHAMPION_INTENT_SHADOW,Nogo's Dream,4175313,data/reports/july06_intent_shadow_scorecard.csv,champion_intent_shadow_prob,6,0.089727,4.0,4,False,False,,False,False,True,RUNTIME_RACEDAY_MODEL_SUGGESTION,ID_MATCH
2026-07-06,922457,CHAMPION_INTENT_SHADOW,CHAMPION_INTENT_SHADOW,Sandscreendeliverd,6701903,data/reports/july06_intent_shadow_scorecard.csv,champion_intent_shadow_prob,7,0.074939,7.0,3,False,True,,False,False,True,RUNTIME_RACEDAY_MODEL_SUGGESTION,ID_MATCH
2026-07-06,922457,CHAMPION_INTENT_SHADOW,CHAMPION_INTENT_SHADOW,Counsel,3309441,data/reports/july06_intent_shadow_scorecard.csv,champion_intent_shadow_prob,8,0.070843,,,False,False,,False,False,True,RUNTIME_RACEDAY_MODEL_SUGGESTION,NO_RESULT_MATCH
2026-07-06,922457,CHAMPION_INTENT_SHADOW,CHAMPION_INTENT_SHADOW,Dontspoilasale,4342385,data/reports/july06_intent_shadow_scorecard.csv,champion_intent_shadow_prob,9,0.065103,126.0,7,False,False,,False,False,True,RUNTIME_RACEDAY_MODEL_SUGGESTION,ID_MATCH
2026-07-06,922457,NEW_BUILD_LANE_A,NEW_BUILD_LANE_A,Michaela's Boy,,data/new_build/reports/two_lane_readiness_2026_07_06.json,race_day_scorecards[].lane_a_top3,1,0.128416,7.0,8,False,False,,False,False,True,RUNTIME_RACEDAY_MODEL_SUGGESTION,NAME_FALLBACK_MATCH
2026-07-06,922457,NEW_BUILD_LANE_A,NEW_BUILD_LANE_A,Nogo's Dream,,data/new_build/reports/two_lane_readiness_2026_07_06.json,race_day_scorecards[].lane_a_top3,2,0.105062,4.0,4,False,False,,False,False,True,RUNTIME_RACEDAY_MODEL_SUGGESTION,NAME_FALLBACK_MATCH
2026-07-06,922457,NEW_BUILD_LANE_A,NEW_BUILD_LANE_A,Hoodie Hoo,,data/new_build/reports/two_lane_readiness_2026_07_06.json,race_day_scorecards[].lane_a_top3,3,0.104987,6.0,5,False,False,,False,False,True,RUNTIME_RACEDAY_MODEL_SUGGESTION,NAME_FALLBACK_MATCH
2026-07-06,922457,NEW_BUILD_LANE_B,NEW_BUILD_LANE_B,Michaela's Boy,,data/new_build/reports/two_lane_readiness_2026_07_06.json,race_day_scorecards[].lane_b_top3,1,0.123729,7.0,8,False,False,,False,False,True,RUNTIME_RACEDAY_MODEL_SUGGESTION,NAME_FALLBACK_MATCH
2026-07-06,922457,NEW_BUILD_LANE_B,NEW_BUILD_LANE_B,Hoodie Hoo,,data/new_build/reports/two_lane_readiness_2026_07_06.json,race_day_scorecards[].lane_b_top3,2,0.110448,6.0,5,False,False,,False,False,True,RUNTIME_RACEDAY_MODEL_SUGGESTION,NAME_FALLBACK_MATCH
2026-07-06,922457,NEW_BUILD_LANE_B,NEW_BUILD_LANE_B,Havana Blast,,data/new_build/reports/two_lane_readiness_2026_07_06.json,race_day_scorecards[].lane_b_top3,3,0.107498,4.0,2,False,True,,False,False,True,RUNTIME_RACEDAY_MODEL_SUGGESTION,NAME_FALLBACK_MATCH
2026-07-06,922457,NEW_BUILD_LANE_C,NEW_BUILD_LANE_C,Michaela's Boy,,data/new_build/reports/two_lane_readiness_2026_07_06.json,race_day_scorecards[].lane_c_top3,1,0.556781,7.0,8,False,False,,False,False,True,RUNTIME_RACEDAY_MODEL_SUGGESTION,NAME_FALLBACK_MATCH
2026-07-06,922457,NEW_BUILD_LANE_C,NEW_BUILD_LANE_C,Dontspoilasale,,data/new_build/reports/two_lane_readiness_2026_07_06.json,race_day_scorecards[].lane_c_top3,2,0.550143,126.0,7,False,False,,False,False,True,RUNTIME_RACEDAY_MODEL_SUGGESTION,NAME_FALLBACK_MATCH
2026-07-06,922457,NEW_BUILD_LANE_C,NEW_BUILD_LANE_C,Hoodie Hoo,,data/new_build/reports/two_lane_readiness_2026_07_06.json,race_day_scorecards[].lane_c_top3,3,0.544272,6.0,5,False,False,,False,False,True,RUNTIME_RACEDAY_MODEL_SUGGESTION,NAME_FALLBACK_MATCH
2026-07-06,922295,CHAMPION_INTENT_SHADOW,CHAMPION_INTENT_SHADOW,Cotai Lights,8277420,data/reports/july06_intent_shadow_scorecard.csv,champion_intent_shadow_prob,1,0.073392,12.0,14,False,False,,False,False,True,RUNTIME_RACEDAY_MODEL_SUGGESTION,ID_MATCH
2026-07-06,922295,CHAMPION_INTENT_SHADOW,CHAMPION_INTENT_SHADOW,Tip Foster,9055759,data/reports/july06_intent_shadow_scorecard.csv,champion_intent_shadow_prob,2,0.070789,,,False,False,,False,False,True,RUNTIME_RACEDAY_MODEL_SUGGESTION,NO_RESULT_MATCH
2026-07-06,922295,CHAMPION_INTENT_SHADOW,CHAMPION_INTENT_SHADOW,Rousing Encore,4225298,data/reports/july06_intent_shadow_scorecard.csv,champion_intent_shadow_prob,3,0.063462,5.0,3,False,True,,False,False,True,RUNTIME_RACEDAY_MODEL_SUGGESTION,ID_MATCH
2026-07-06,922295,CHAMPION_INTENT_SHADOW,CHAMPION_INTENT_SHADOW,Territorial Knight,5831360,data/reports/july06_intent_shadow_scorecard.csv,champion_intent_shadow_prob,4,0.061375,12.0,2,False,True,,False,False,True,RUNTIME_RACEDAY_MODEL_SUGGESTION,ID_MATCH
2026-07-06,922295,CHAMPION_INTENT_SHADOW,CHAMPION_INTENT_SHADOW,Lord Bertie,4445414,data/reports/july06_intent_shadow_scorecard.csv,champion_intent_shadow_prob,5,0.059021,8.5,6,False,False,,False,False,True,RUNTIME_RACEDAY_MODEL_SUGGESTION,ID_MATCH
2026-07-06,922295,CHAMPION_INTENT_SHADOW,CHAMPION_INTENT_SHADOW,Manila Scouse,3549479,data/reports/july06_intent_shadow_scorecard.csv,champion_intent_shadow_prob,6,0.055241,8.5,1,True,True,,False,False,True,RUNTIME_RACEDAY_MODEL_SUGGESTION,ID_MATCH
2026-07-06,922295,CHAMPION_INTENT_SHADOW,CHAMPION_INTENT_SHADOW,Misunderstood,6238205,data/reports/july06_intent_shadow_scorecard.csv,champion_intent_shadow_prob,7,0.055056,26.0,7,False,False,,False,False,True,RUNTIME_RACEDAY_MODEL_SUGGESTION,ID_MATCH
2026-07-06,922295,CHAMPION_INTENT_SHADOW,CHAMPION_INTENT_SHADOW,Prince Of Pillo,4395019,data/reports/july06_intent_shadow_scorecard.csv,champion_intent_shadow_prob,8,0.049802,23.0,11,False,False,,False,False,True,RUNTIME_RACEDAY_MODEL_SUGGESTION,ID_MATCH
2026-07-06,922295,CHAMPION_INTENT_SHADOW,CHAMPION_INTENT_SHADOW,Gweedore,2650222,data/reports/july06_intent_shadow_scorecard.csv,champion_intent_shadow_prob,9,0.045904,17.0,15,False,False,,False,False,True,RUNTIME_RACEDAY_MODEL_SUGGESTION,ID_MATCH
2026-07-06,922295,CHAMPION_INTENT_SHADOW,CHAMPION_INTENT_SHADOW,The Caltonian,4998715,data/reports/july06_intent_shadow_scorecard.csv,champion_intent_shadow_prob,10,0.045871,29.0,12,False,False,,False,False,True,RUNTIME_RACEDAY_MODEL_SUGGESTION,ID_MATCH
2026-07-06,922295,CHAMPION_INTENT_SHADOW,CHAMPION_INTENT_SHADOW,Dandy Magic,6074527,data/reports/july06_intent_shadow_scorecard.csv,champion_intent_shadow_prob,11,0.045651,26.0,4,False,False,,False,False,True,RUNTIME_RACEDAY_MODEL_SUGGESTION,ID_MATCH
2026-07-06,922295,CHAMPION_INTENT_SHADOW,CHAMPION_INTENT_SHADOW,Here Forever,7926370,data/reports/july06_intent_shadow_scorecard.csv,champion_intent_shadow_prob,12,0.043978,51.0,5,False,False,,False,False,True,RUNTIME_RACEDAY_MODEL_SUGGESTION,ID_MATCH
2026-07-06,922295,CHAMPION_INTENT_SHADOW,CHAMPION_INTENT_SHADOW,Daizen,7618354,data/reports/july06_intent_shadow_scorecard.csv,champion_intent_shadow_prob,13,0.04309,13.0,16,False,False,,False,False,True,RUNTIME_RACEDAY_MODEL_SUGGESTION,ID_MATCH
2026-07-06,922295,CHAMPION_INTENT_SHADOW,CHAMPION_INTENT_SHADOW,Parisiac,3853585,data/reports/july06_intent_shadow_scorecard.csv,champion_intent_shadow_prob,14,0.041598,10.0,10,False,False,,False,False,True,RUNTIME_RACEDAY_MODEL_SUGGESTION,ID_MATCH
2026-07-06,922295,CHAMPION_INTENT_SHADOW,CHAMPION_INTENT_SHADOW,Jordan Electrics,2050471,data/reports/july06_intent_shadow_scorecard.csv,champion_intent_shadow_prob,15,0.034862,6.0,8,False,False,,False,False,True,RUNTIME_RACEDAY_MODEL_SUGGESTION,ID_MATCH
2026-07-06,922295,CHAMPION_INTENT_SHADOW,CHAMPION_INTENT_SHADOW,Dakota Gold,998344,data/reports/july06_intent_shadow_scorecard.csv,champion_intent_shadow_prob,16,0.025228,51.0,17,False,False,,False,False,True,RUNTIME_RACEDAY_MODEL_SUGGESTION,ID_MATCH
2026-07-06,922295,CHAMPION_INTENT_SHADOW,CHAMPION_INTENT_SHADOW,Woven,2116168,data/reports/july06_intent_shadow_scorecard.csv,champion_intent_shadow_prob,17,0.022594,10.0,9,False,False,,False,False,True,RUNTIME_RACEDAY_MODEL_SUGGESTION,ID_MATCH
2026-07-06,922295,CHAMPION_INTENT_SHADOW,CHAMPION_INTENT_SHADOW,Kelpie Grey,4469691,data/reports/july06_intent_shadow_scorecard.csv,champion_intent_shadow_prob,18,0.020739,15.0,13,False,False,,False,False,True,RUNTIME_RACEDAY_MODEL_SUGGESTION,ID_MATCH
2026-07-06,922295,NEW_BUILD_LANE_A,NEW_BUILD_LANE_A,Cotai Lights,,data/new_build/reports/two_lane_readiness_2026_07_06.json,race_day_scorecards[].lane_a_top3,1,0.077841,12.0,14,False,False,,False,False,True,RUNTIME_RACEDAY_MODEL_SUGGESTION,NAME_FALLBACK_MATCH
2026-07-06,922295,NEW_BUILD_LANE_A,NEW_BUILD_LANE_A,Lord Bertie,,data/new_build/reports/two_lane_readiness_2026_07_06.json,race_day_scorecards[].lane_a_top3,2,0.066148,8.5,6,False,False,,False,False,True,RUNTIME_RACEDAY_MODEL_SUGGESTION,NAME_FALLBACK_MATCH
2026-07-06,922295,NEW_BUILD_LANE_A,NEW_BUILD_LANE_A,Territorial Knight,,data/new_build/reports/two_lane_readiness_2026_07_06.json,race_day_scorecards[].lane_a_top3,3,0.061667,12.0,2,False,True,,False,False,True,RUNTIME_RACEDAY_MODEL_SUGGESTION,NAME_FALLBACK_MATCH
2026-07-06,922295,NEW_BUILD_LANE_B,NEW_BUILD_LANE_B,Cotai Lights,,data/new_build/reports/two_lane_readiness_2026_07_06.json,race_day_scorecards[].lane_b_top3,1,0.077635,12.0,14,False,False,,False,False,True,RUNTIME_RACEDAY_MODEL_SUGGESTION,NAME_FALLBACK_MATCH
2026-07-06,922295,NEW_BUILD_LANE_B,NEW_BUILD_LANE_B,Territorial Knight,,data/new_build/reports/two_lane_readiness_2026_07_06.json,race_day_scorecards[].lane_b_top3,2,0.061656,12.0,2,False,True,,False,False,True,RUNTIME_RACEDAY_MODEL_SUGGESTION,NAME_FALLBACK_MATCH
2026-07-06,922295,NEW_BUILD_LANE_B,NEW_BUILD_LANE_B,Rousing Encore,,data/new_build/reports/two_lane_readiness_2026_07_06.json,race_day_scorecards[].lane_b_top3,3,0.059857,5.0,3,False,True,,False,False,True,RUNTIME_RACEDAY_MODEL_SUGGESTION,NAME_FALLBACK_MATCH
2026-07-06,922295,NEW_BUILD_LANE_C,NEW_BUILD_LANE_C,Lord Bertie,,data/new_build/reports/two_lane_readiness_2026_07_06.json,race_day_scorecards[].lane_c_top3,1,0.525846,8.5,6,False,False,,False,False,True,RUNTIME_RACEDAY_MODEL_SUGGESTION,NAME_FALLBACK_MATCH
2026-07-06,922295,NEW_BUILD_LANE_C,NEW_BUILD_LANE_C,Cotai Lights,,data/new_build/reports/two_lane_readiness_2026_07_06.json,race_day_scorecards[].lane_c_top3,2,0.523709,12.0,14,False,False,,False,False,True,RUNTIME_RACEDAY_MODEL_SUGGESTION,NAME_FALLBACK_MATCH
2026-07-06,922295,NEW_BUILD_LANE_C,NEW_BUILD_LANE_C,Misunderstood,,data/new_build/reports/two_lane_readiness_2026_07_06.json,race_day_scorecards[].lane_c_top3,3,0.52363,26.0,7,False,False,,False,False,True,RUNTIME_RACEDAY_MODEL_SUGGESTION,NAME_FALLBACK_MATCH
2026-07-06,924276,CHAMPION_INTENT_SHADOW,CHAMPION_INTENT_SHADOW,Rocky's Howya,3290532,data/reports/july06_intent_shadow_scorecard.csv,champion_intent_shadow_prob,1,0.328753,2.88,1,True,True,,False,False,True,RUNTIME_RACEDAY_MODEL_SUGGESTION,ID_MATCH
2026-07-06,924276,CHAMPION_INTENT_SHADOW,CHAMPION_INTENT_SHADOW,Howdoyalikeherhome,5025135,data/reports/july06_intent_shadow_scorecard.csv,champion_intent_shadow_prob,2,0.224846,4.33,UR,False,False,,False,False,True,RUNTIME_RACEDAY_MODEL_SUGGESTION,ID_MATCH
2026-07-06,924276,CHAMPION_INTENT_SHADOW,CHAMPION_INTENT_SHADOW,Paul Collins,5727954,data/reports/july06_intent_shadow_scorecard.csv,champion_intent_shadow_prob,3,0.10629,11.0,3,False,True,,False,False,True,RUNTIME_RACEDAY_MODEL_SUGGESTION,ID_MATCH
2026-07-06,924276,CHAMPION_INTENT_SHADOW,CHAMPION_INTENT_SHADOW,Getaway Charlie,3507922,data/reports/july06_intent_shadow_scorecard.csv,champion_intent_shadow_prob,4,0.090696,15.0,4,False,False,,False,False,True,RUNTIME_RACEDAY_MODEL_SUGGESTION,ID_MATCH
2026-07-06,924276,CHAMPION_INTENT_SHADOW,CHAMPION_INTENT_SHADOW,Tullyveery Lad,3265169,data/reports/july06_intent_shadow_scorecard.csv,champion_intent_shadow_prob,5,0.087721,4.0,2,False,True,,False,False,True,RUNTIME_RACEDAY_MODEL_SUGGESTION,ID_MATCH
2026-07-06,924276,CHAMPION_INTENT_SHADOW,CHAMPION_INTENT_SHADOW,Garnetot,6473511,data/reports/july06_intent_shadow_scorecard.csv,champion_intent_shadow_prob,6,0.078105,41.0,PU,False,False,,False,False,True,RUNTIME_RACEDAY_MODEL_SUGGESTION,ID_MATCH
2026-07-06,924276,CHAMPION_INTENT_SHADOW,CHAMPION_INTENT_SHADOW,Live My Dream,7238166,data/reports/july06_intent_shadow_scorecard.csv,champion_intent_shadow_prob,7,0.02347,15.0,5,False,False,,False,False,True,RUNTIME_RACEDAY_MODEL_SUGGESTION,ID_MATCH
2026-07-06,924276,CHAMPION_INTENT_SHADOW,CHAMPION_INTENT_SHADOW,Bocelli's Voice,4129173,data/reports/july06_intent_shadow_scorecard.csv,champion_intent_shadow_prob,8,0.020601,10.0,6,False,False,,False,False,True,RUNTIME_RACEDAY_MODEL_SUGGESTION,ID_MATCH
2026-07-06,924276,NEW_BUILD_LANE_A,NEW_BUILD_LANE_A,Rocky's Howya,,data/new_build/reports/two_lane_readiness_2026_07_06.json,race_day_scorecards[].lane_a_top3,1,0.204446,2.88,1,True,True,,False,False,True,RUNTIME_RACEDAY_MODEL_SUGGESTION,NAME_FALLBACK_MATCH
2026-07-06,924276,NEW_BUILD_LANE_A,NEW_BUILD_LANE_A,Live My Dream,,data/new_build/reports/two_lane_readiness_2026_07_06.json,race_day_scorecards[].lane_a_top3,2,0.101439,15.0,5,False,False,,False,False,True,RUNTIME_RACEDAY_MODEL_SUGGESTION,NAME_FALLBACK_MATCH
2026-07-06,924276,NEW_BUILD_LANE_A,NEW_BUILD_LANE_A,Garnetot,,data/new_build/reports/two_lane_readiness_2026_07_06.json,race_day_scorecards[].lane_a_top3,3,0.100056,41.0,PU,False,False,,False,False,True,RUNTIME_RACEDAY_MODEL_SUGGESTION,NAME_FALLBACK_MATCH
2026-07-06,924276,NEW_BUILD_LANE_B,NEW_BUILD_LANE_B,Rocky's Howya,,data/new_build/reports/two_lane_readiness_2026_07_06.json,race_day_scorecards[].lane_b_top3,1,0.132105,2.88,1,True,True,,False,False,True,RUNTIME_RACEDAY_MODEL_SUGGESTION,NAME_FALLBACK_MATCH
2026-07-06,924276,NEW_BUILD_LANE_B,NEW_BUILD_LANE_B,Live My Dream,,data/new_build/reports/two_lane_readiness_2026_07_06.json,race_day_scorecards[].lane_b_top3,2,0.096234,15.0,5,False,False,,False,False,True,RUNTIME_RACEDAY_MODEL_SUGGESTION,NAME_FALLBACK_MATCH
2026-07-06,924276,NEW_BUILD_LANE_B,NEW_BUILD_LANE_B,Garnetot,,data/new_build/reports/two_lane_readiness_2026_07_06.json,race_day_scorecards[].lane_b_top3,3,0.094032,41.0,PU,False,False,,False,False,True,RUNTIME_RACEDAY_MODEL_SUGGESTION,NAME_FALLBACK_MATCH
2026-07-06,924276,NEW_BUILD_LANE_C,NEW_BUILD_LANE_C,Rocky's Howya,,data/new_build/reports/two_lane_readiness_2026_07_06.json,race_day_scorecards[].lane_c_top3,1,0.569799,2.88,1,True,True,,False,False,True,RUNTIME_RACEDAY_MODEL_SUGGESTION,NAME_FALLBACK_MATCH
2026-07-06,924276,NEW_BUILD_LANE_C,NEW_BUILD_LANE_C,Paul Collins,,data/new_build/reports/two_lane_readiness_2026_07_06.json,race_day_scorecards[].lane_c_top3,2,0.56127,11.0,3,False,True,,False,False,True,RUNTIME_RACEDAY_MODEL_SUGGESTION,NAME_FALLBACK_MATCH
2026-07-06,924276,NEW_BUILD_LANE_C,NEW_BUILD_LANE_C,Howdoyalikeherhome,,data/new_build/reports/two_lane_readiness_2026_07_06.json,race_day_scorecards[].lane_c_top3,3,0.557856,4.33,UR,False,False,,False,False,True,RUNTIME_RACEDAY_MODEL_SUGGESTION,NAME_FALLBACK_MATCH
2026-07-06,924390,CHAMPION_INTENT_SHADOW,CHAMPION_INTENT_SHADOW,Dyrholaey,5488158,data/reports/july06_intent_shadow_scorecard.csv,champion_intent_shadow_prob,1,0.144691,6.0,2,False,True,,False,False,True,RUNTIME_RACEDAY_MODEL_SUGGESTION,ID_MATCH
2026-07-06,924390,CHAMPION_INTENT_SHADOW,CHAMPION_INTENT_SHADOW,Accrual,5937860,data/reports/july06_intent_shadow_scorecard.csv,champion_intent_shadow_prob,2,0.121981,5.0,5,False,False,,False,False,True,RUNTIME_RACEDAY_MODEL_SUGGESTION,ID_MATCH
2026-07-06,924390,CHAMPION_INTENT_SHADOW,CHAMPION_INTENT_SHADOW,Almaty Star,4575818,data/reports/july06_intent_shadow_scorecard.csv,champion_intent_shadow_prob,3,0.121161,6.0,3,False,True,,False,False,True,RUNTIME_RACEDAY_MODEL_SUGGESTION,ID_MATCH
2026-07-06,924390,CHAMPION_INTENT_SHADOW,CHAMPION_INTENT_SHADOW,Temple Of Athena,7205093,data/reports/july06_intent_shadow_scorecard.csv,champion_intent_shadow_prob,4,0.115915,6.5,4,False,False,,False,False,True,RUNTIME_RACEDAY_MODEL_SUGGESTION,ID_MATCH
2026-07-06,924390,CHAMPION_INTENT_SHADOW,CHAMPION_INTENT_SHADOW,Solar Edge,6032411,data/reports/july06_intent_shadow_scorecard.csv,champion_intent_shadow_prob,5,0.107178,5.5,7,False,False,,False,False,True,RUNTIME_RACEDAY_MODEL_SUGGESTION,ID_MATCH
2026-07-06,924390,CHAMPION_INTENT_SHADOW,CHAMPION_INTENT_SHADOW,Ziggy's Missile,5262421,data/reports/july06_intent_shadow_scorecard.csv,champion_intent_shadow_prob,6,0.094438,11.0,9,False,False,,False,False,True,RUNTIME_RACEDAY_MODEL_SUGGESTION,ID_MATCH
2026-07-06,924390,CHAMPION_INTENT_SHADOW,CHAMPION_INTENT_SHADOW,Tan Rapido,5065574,data/reports/july06_intent_shadow_scorecard.csv,champion_intent_shadow_prob,7,0.087149,7.0,1,True,True,,False,False,True,RUNTIME_RACEDAY_MODEL_SUGGESTION,ID_MATCH
2026-07-06,924390,CHAMPION_INTENT_SHADOW,CHAMPION_INTENT_SHADOW,Mick's Spirit,3147782,data/reports/july06_intent_shadow_scorecard.csv,champion_intent_shadow_prob,8,0.054729,21.0,6,False,False,,False,False,True,RUNTIME_RACEDAY_MODEL_SUGGESTION,ID_MATCH
2026-07-06,924390,CHAMPION_INTENT_SHADOW,CHAMPION_INTENT_SHADOW,Nezeeh,5237784,data/reports/july06_intent_shadow_scorecard.csv,champion_intent_shadow_prob,9,0.040745,151.0,8,False,False,,False,False,True,RUNTIME_RACEDAY_MODEL_SUGGESTION,ID_MATCH
2026-07-06,924390,NEW_BUILD_LANE_A,NEW_BUILD_LANE_A,Almaty Star,,data/new_build/reports/two_lane_readiness_2026_07_06.json,race_day_scorecards[].lane_a_top3,1,0.130562,6.0,3,False,True,,False,False,True,RUNTIME_RACEDAY_MODEL_SUGGESTION,NAME_FALLBACK_MATCH
2026-07-06,924390,NEW_BUILD_LANE_A,NEW_BUILD_LANE_A,Tan Rapido,,data/new_build/reports/two_lane_readiness_2026_07_06.json,race_day_scorecards[].lane_a_top3,2,0.12418,7.0,1,True,True,,False,False,True,RUNTIME_RACEDAY_MODEL_SUGGESTION,NAME_FALLBACK_MATCH
2026-07-06,924390,NEW_BUILD_LANE_A,NEW_BUILD_LANE_A,Ziggy's Missile,,data/new_build/reports/two_lane_readiness_2026_07_06.json,race_day_scorecards[].lane_a_top3,3,0.103953,11.0,9,False,False,,False,False,True,RUNTIME_RACEDAY_MODEL_SUGGESTION,NAME_FALLBACK_MATCH
2026-07-06,924390,NEW_BUILD_LANE_B,NEW_BUILD_LANE_B,Tan Rapido,,data/new_build/reports/two_lane_readiness_2026_07_06.json,race_day_scorecards[].lane_b_top3,1,0.111194,7.0,1,True,True,,False,False,True,RUNTIME_RACEDAY_MODEL_SUGGESTION,NAME_FALLBACK_MATCH
2026-07-06,924390,NEW_BUILD_LANE_B,NEW_BUILD_LANE_B,Dyrholaey,,data/new_build/reports/two_lane_readiness_2026_07_06.json,race_day_scorecards[].lane_b_top3,2,0.105448,6.0,2,False,True,,False,False,True,RUNTIME_RACEDAY_MODEL_SUGGESTION,NAME_FALLBACK_MATCH
2026-07-06,924390,NEW_BUILD_LANE_B,NEW_BUILD_LANE_B,Solar Edge,,data/new_build/reports/two_lane_readiness_2026_07_06.json,race_day_scorecards[].lane_b_top3,3,0.105153,5.5,7,False,False,,False,False,True,RUNTIME_RACEDAY_MODEL_SUGGESTION,NAME_FALLBACK_MATCH
2026-07-06,924390,NEW_BUILD_LANE_C,NEW_BUILD_LANE_C,Almaty Star,,data/new_build/reports/two_lane_readiness_2026_07_06.json,race_day_scorecards[].lane_c_top3,1,0.54652,6.0,3,False,True,,False,False,True,RUNTIME_RACEDAY_MODEL_SUGGESTION,NAME_FALLBACK_MATCH
2026-07-06,924390,NEW_BUILD_LANE_C,NEW_BUILD_LANE_C,Tan Rapido,,data/new_build/reports/two_lane_readiness_2026_07_06.json,race_day_scorecards[].lane_c_top3,2,0.545442,7.0,1,True,True,,False,False,True,RUNTIME_RACEDAY_MODEL_SUGGESTION,NAME_FALLBACK_MATCH
2026-07-06,924390,NEW_BUILD_LANE_C,NEW_BUILD_LANE_C,Ziggy's Missile,,data/new_build/reports/two_lane_readiness_2026_07_06.json,race_day_scorecards[].lane_c_top3,3,0.543555,11.0,9,False,False,,False,False,True,RUNTIME_RACEDAY_MODEL_SUGGESTION,NAME_FALLBACK_MATCH
2026-07-06,922299,CHAMPION_INTENT_SHADOW,CHAMPION_INTENT_SHADOW,Keep The Gold,6345372,data/reports/july06_intent_shadow_scorecard.csv,champion_intent_shadow_prob,1,0.122937,5.0,9,False,False,,False,False,True,RUNTIME_RACEDAY_MODEL_SUGGESTION,ID_MATCH
2026-07-06,922299,CHAMPION_INTENT_SHADOW,CHAMPION_INTENT_SHADOW,White Ladder,7436373,data/reports/july06_intent_shadow_scorecard.csv,champion_intent_shadow_prob,2,0.095182,5.0,1,True,True,,False,False,True,RUNTIME_RACEDAY_MODEL_SUGGESTION,ID_MATCH
2026-07-06,922299,CHAMPION_INTENT_SHADOW,CHAMPION_INTENT_SHADOW,Maynora,7436362,data/reports/july06_intent_shadow_scorecard.csv,champion_intent_shadow_prob,3,0.075164,6.0,2,False,True,,False,False,True,RUNTIME_RACEDAY_MODEL_SUGGESTION,ID_MATCH
2026-07-06,922299,CHAMPION_INTENT_SHADOW,CHAMPION_INTENT_SHADOW,April Diamond,9083764,data/reports/july06_intent_shadow_scorecard.csv,champion_intent_shadow_prob,4,0.069838,19.0,13,False,False,,False,False,True,RUNTIME_RACEDAY_MODEL_SUGGESTION,ID_MATCH
2026-07-06,922299,CHAMPION_INTENT_SHADOW,CHAMPION_INTENT_SHADOW,Joshuas Dream,5900706,data/reports/july06_intent_shadow_scorecard.csv,champion_intent_shadow_prob,5,0.069279,26.0,12,False,False,,False,False,True,RUNTIME_RACEDAY_MODEL_SUGGESTION,ID_MATCH
2026-07-06,922299,CHAMPION_INTENT_SHADOW,CHAMPION_INTENT_SHADOW,Henery Hawk,3728987,data/reports/july06_intent_shadow_scorecard.csv,champion_intent_shadow_prob,6,0.068394,34.0,3,False,True,,False,False,True,RUNTIME_RACEDAY_MODEL_SUGGESTION,ID_MATCH
2026-07-06,922299,CHAMPION_INTENT_SHADOW,CHAMPION_INTENT_SHADOW,Ellie's de Vega,7488302,data/reports/july06_intent_shadow_scorecard.csv,champion_intent_shadow_prob,7,0.067384,5.0,5,False,False,,False,False,True,RUNTIME_RACEDAY_MODEL_SUGGESTION,ID_MATCH
2026-07-06,922299,CHAMPION_INTENT_SHADOW,CHAMPION_INTENT_SHADOW,Royal Duke,6014829,data/reports/july06_intent_shadow_scorecard.csv,champion_intent_shadow_prob,8,0.061505,15.0,7,False,False,,False,False,True,RUNTIME_RACEDAY_MODEL_SUGGESTION,ID_MATCH
2026-07-06,922299,CHAMPION_INTENT_SHADOW,CHAMPION_INTENT_SHADOW,Saxon Grace,7935085,data/reports/july06_intent_shadow_scorecard.csv,champion_intent_shadow_prob,9,0.053524,17.0,10,False,False,,False,False,True,RUNTIME_RACEDAY_MODEL_SUGGESTION,ID_MATCH
2026-07-06,922299,CHAMPION_INTENT_SHADOW,CHAMPION_INTENT_SHADOW,So Grateful,3154619,data/reports/july06_intent_shadow_scorecard.csv,champion_intent_shadow_prob,10,0.046404,26.0,4,False,False,,False,False,True,RUNTIME_RACEDAY_MODEL_SUGGESTION,ID_MATCH
2026-07-06,922299,CHAMPION_INTENT_SHADOW,CHAMPION_INTENT_SHADOW,Baby Rover,6046805,data/reports/july06_intent_shadow_scorecard.csv,champion_intent_shadow_prob,11,0.041181,7.0,6,False,False,,False,False,True,RUNTIME_RACEDAY_MODEL_SUGGESTION,ID_MATCH
2026-07-06,922299,CHAMPION_INTENT_SHADOW,CHAMPION_INTENT_SHADOW,Newyorkstateofmind,2698905,data/reports/july06_intent_shadow_scorecard.csv,champion_intent_shadow_prob,12,0.032305,41.0,8,False,False,,False,False,True,RUNTIME_RACEDAY_MODEL_SUGGESTION,ID_MATCH
2026-07-06,922299,CHAMPION_INTENT_SHADOW,CHAMPION_INTENT_SHADOW,Saxon Gem,7566112,data/reports/july06_intent_shadow_scorecard.csv,champion_intent_shadow_prob,13,0.020819,26.0,11,False,False,,False,False,True,RUNTIME_RACEDAY_MODEL_SUGGESTION,ID_MATCH
2026-07-06,922299,NEW_BUILD_LANE_A,NEW_BUILD_LANE_A,White Ladder,,data/new_build/reports/two_lane_readiness_2026_07_06.json,race_day_scorecards[].lane_a_top3,1,0.109121,5.0,1,True,True,,False,False,True,RUNTIME_RACEDAY_MODEL_SUGGESTION,NAME_FALLBACK_MATCH
2026-07-06,922299,NEW_BUILD_LANE_A,NEW_BUILD_LANE_A,Keep The Gold,,data/new_build/reports/two_lane_readiness_2026_07_06.json,race_day_scorecards[].lane_a_top3,2,0.08708,5.0,9,False,False,,False,False,True,RUNTIME_RACEDAY_MODEL_SUGGESTION,NAME_FALLBACK_MATCH
2026-07-06,922299,NEW_BUILD_LANE_A,NEW_BUILD_LANE_A,Royal Duke,,data/new_build/reports/two_lane_readiness_2026_07_06.json,race_day_scorecards[].lane_a_top3,3,0.079098,15.0,7,False,False,,False,False,True,RUNTIME_RACEDAY_MODEL_SUGGESTION,NAME_FALLBACK_MATCH
2026-07-06,922299,NEW_BUILD_LANE_B,NEW_BUILD_LANE_B,Maynora,,data/new_build/reports/two_lane_readiness_2026_07_06.json,race_day_scorecards[].lane_b_top3,1,0.072699,6.0,2,False,True,,False,False,True,RUNTIME_RACEDAY_MODEL_SUGGESTION,NAME_FALLBACK_MATCH
2026-07-06,922299,NEW_BUILD_LANE_B,NEW_BUILD_LANE_B,Keep The Gold,,data/new_build/reports/two_lane_readiness_2026_07_06.json,race_day_scorecards[].lane_b_top3,2,0.071984,5.0,9,False,False,,False,False,True,RUNTIME_RACEDAY_MODEL_SUGGESTION,NAME_FALLBACK_MATCH
2026-07-06,922299,NEW_BUILD_LANE_B,NEW_BUILD_LANE_B,Ellie's de Vega,,data/new_build/reports/two_lane_readiness_2026_07_06.json,race_day_scorecards[].lane_b_top3,3,0.071053,5.0,5,False,False,,False,False,True,RUNTIME_RACEDAY_MODEL_SUGGESTION,NAME_FALLBACK_MATCH
2026-07-06,922299,NEW_BUILD_LANE_C,NEW_BUILD_LANE_C,Maynora,,data/new_build/reports/two_lane_readiness_2026_07_06.json,race_day_scorecards[].lane_c_top3,1,0.53288,6.0,2,False,True,,False,False,True,RUNTIME_RACEDAY_MODEL_SUGGESTION,NAME_FALLBACK_MATCH
2026-07-06,922299,NEW_BUILD_LANE_C,NEW_BUILD_LANE_C,Ellie's de Vega,,data/new_build/reports/two_lane_readiness_2026_07_06.json,race_day_scorecards[].lane_c_top3,2,0.531851,5.0,5,False,False,,False,False,True,RUNTIME_RACEDAY_MODEL_SUGGESTION,NAME_FALLBACK_MATCH
2026-07-06,922299,NEW_BUILD_LANE_C,NEW_BUILD_LANE_C,Keep The Gold,,data/new_build/reports/two_lane_readiness_2026_07_06.json,race_day_scorecards[].lane_c_top3,3,0.53168,5.0,9,False,False,,False,False,True,RUNTIME_RACEDAY_MODEL_SUGGESTION,NAME_FALLBACK_MATCH
2026-07-06,924277,CHAMPION_INTENT_SHADOW,CHAMPION_INTENT_SHADOW,Killowen House,8423306,data/reports/july06_intent_shadow_scorecard.csv,champion_intent_shadow_prob,1,0.107881,8.5,3,False,True,,False,False,True,RUNTIME_RACEDAY_MODEL_SUGGESTION,ID_MATCH
2026-07-06,924277,CHAMPION_INTENT_SHADOW,CHAMPION_INTENT_SHADOW,Imarajan,5385901,data/reports/july06_intent_shadow_scorecard.csv,champion_intent_shadow_prob,2,0.092708,,,False,False,,False,False,True,RUNTIME_RACEDAY_MODEL_SUGGESTION,NO_RESULT_MATCH
2026-07-06,924277,CHAMPION_INTENT_SHADOW,CHAMPION_INTENT_SHADOW,Frankie's Freebie,6609240,data/reports/july06_intent_shadow_scorecard.csv,champion_intent_shadow_prob,3,0.0754,2.88,2,False,True,,False,False,True,RUNTIME_RACEDAY_MODEL_SUGGESTION,ID_MATCH
2026-07-06,924277,CHAMPION_INTENT_SHADOW,CHAMPION_INTENT_SHADOW,Fuusland,9467490,data/reports/july06_intent_shadow_scorecard.csv,champion_intent_shadow_prob,4,0.074441,17.0,UR,False,False,,False,False,True,RUNTIME_RACEDAY_MODEL_SUGGESTION,ID_MATCH
2026-07-06,924277,CHAMPION_INTENT_SHADOW,CHAMPION_INTENT_SHADOW,Little Big John,7238190,data/reports/july06_intent_shadow_scorecard.csv,champion_intent_shadow_prob,5,0.074441,29.0,4,False,False,,False,False,True,RUNTIME_RACEDAY_MODEL_SUGGESTION,ID_MATCH
2026-07-06,924277,CHAMPION_INTENT_SHADOW,CHAMPION_INTENT_SHADOW,Casper Charlie,9184999,data/reports/july06_intent_shadow_scorecard.csv,champion_intent_shadow_prob,6,0.074441,67.0,F,False,False,,False,False,True,RUNTIME_RACEDAY_MODEL_SUGGESTION,ID_MATCH
2026-07-06,924277,CHAMPION_INTENT_SHADOW,CHAMPION_INTENT_SHADOW,Blue Nude,9162170,data/reports/july06_intent_shadow_scorecard.csv,champion_intent_shadow_prob,7,0.071089,251.0,8,False,False,,False,False,True,RUNTIME_RACEDAY_MODEL_SUGGESTION,ID_MATCH
2026-07-06,924277,CHAMPION_INTENT_SHADOW,CHAMPION_INTENT_SHADOW,Go To The Moon,7169785,data/reports/july06_intent_shadow_scorecard.csv,champion_intent_shadow_prob,8,0.067276,51.0,7,False,False,,False,False,True,RUNTIME_RACEDAY_MODEL_SUGGESTION,ID_MATCH
2026-07-06,924277,CHAMPION_INTENT_SHADOW,CHAMPION_INTENT_SHADOW,Sea Feliz,9115726,data/reports/july06_intent_shadow_scorecard.csv,champion_intent_shadow_prob,9,0.066543,15.0,10,False,False,,False,False,True,RUNTIME_RACEDAY_MODEL_SUGGESTION,ID_MATCH
2026-07-06,924277,CHAMPION_INTENT_SHADOW,CHAMPION_INTENT_SHADOW,Midnight Musical,7365435,data/reports/july06_intent_shadow_scorecard.csv,champion_intent_shadow_prob,10,0.066543,51.0,5,False,False,,False,False,True,RUNTIME_RACEDAY_MODEL_SUGGESTION,ID_MATCH
2026-07-06,924277,CHAMPION_INTENT_SHADOW,CHAMPION_INTENT_SHADOW,Online Order,9295541,data/reports/july06_intent_shadow_scorecard.csv,champion_intent_shadow_prob,11,0.066543,151.0,6,False,False,,False,False,True,RUNTIME_RACEDAY_MODEL_SUGGESTION,ID_MATCH
2026-07-06,924277,CHAMPION_INTENT_SHADOW,CHAMPION_INTENT_SHADOW,Take The Free,9051081,data/reports/july06_intent_shadow_scorecard.csv,champion_intent_shadow_prob,12,0.060703,3.0,1,True,True,,False,False,True,RUNTIME_RACEDAY_MODEL_SUGGESTION,ID_MATCH
2026-07-06,924277,CHAMPION_INTENT_SHADOW,CHAMPION_INTENT_SHADOW,Acheron,6238228,data/reports/july06_intent_shadow_scorecard.csv,champion_intent_shadow_prob,13,0.060295,34.0,9,False,False,,False,False,True,RUNTIME_RACEDAY_MODEL_SUGGESTION,ID_MATCH
2026-07-06,924277,CHAMPION_INTENT_SHADOW,CHAMPION_INTENT_SHADOW,Cooladdi,7466747,data/reports/july06_intent_shadow_scorecard.csv,champion_intent_shadow_prob,14,0.047711,5.0,F,False,False,,False,False,True,RUNTIME_RACEDAY_MODEL_SUGGESTION,ID_MATCH
2026-07-06,924277,CHAMPION_INTENT_SHADOW,CHAMPION_INTENT_SHADOW,Lilac Lady,4471481,data/reports/july06_intent_shadow_scorecard.csv,champion_intent_shadow_prob,15,0.044043,,,False,False,,False,False,True,RUNTIME_RACEDAY_MODEL_SUGGESTION,NO_RESULT_MATCH
2026-07-06,924277,NEW_BUILD_LANE_A,NEW_BUILD_LANE_A,Fuusland,,data/new_build/reports/two_lane_readiness_2026_07_06.json,race_day_scorecards[].lane_a_top3,1,0.083773,17.0,UR,False,False,,False,False,True,RUNTIME_RACEDAY_MODEL_SUGGESTION,NAME_FALLBACK_MATCH
2026-07-06,924277,NEW_BUILD_LANE_A,NEW_BUILD_LANE_A,Little Big John,,data/new_build/reports/two_lane_readiness_2026_07_06.json,race_day_scorecards[].lane_a_top3,2,0.083773,29.0,4,False,False,,False,False,True,RUNTIME_RACEDAY_MODEL_SUGGESTION,NAME_FALLBACK_MATCH
2026-07-06,924277,NEW_BUILD_LANE_A,NEW_BUILD_LANE_A,Casper Charlie,,data/new_build/reports/two_lane_readiness_2026_07_06.json,race_day_scorecards[].lane_a_top3,3,0.083773,67.0,F,False,False,,False,False,True,RUNTIME_RACEDAY_MODEL_SUGGESTION,NAME_FALLBACK_MATCH
2026-07-06,924277,NEW_BUILD_LANE_B,NEW_BUILD_LANE_B,Fuusland,,data/new_build/reports/two_lane_readiness_2026_07_06.json,race_day_scorecards[].lane_b_top3,1,0.074312,17.0,UR,False,False,,False,False,True,RUNTIME_RACEDAY_MODEL_SUGGESTION,NAME_FALLBACK_MATCH
2026-07-06,924277,NEW_BUILD_LANE_B,NEW_BUILD_LANE_B,Little Big John,,data/new_build/reports/two_lane_readiness_2026_07_06.json,race_day_scorecards[].lane_b_top3,2,0.074312,29.0,4,False,False,,False,False,True,RUNTIME_RACEDAY_MODEL_SUGGESTION,NAME_FALLBACK_MATCH
2026-07-06,924277,NEW_BUILD_LANE_B,NEW_BUILD_LANE_B,Casper Charlie,,data/new_build/reports/two_lane_readiness_2026_07_06.json,race_day_scorecards[].lane_b_top3,3,0.074312,67.0,F,False,False,,False,False,True,RUNTIME_RACEDAY_MODEL_SUGGESTION,NAME_FALLBACK_MATCH
2026-07-06,924277,NEW_BUILD_LANE_C,NEW_BUILD_LANE_C,Fuusland,,data/new_build/reports/two_lane_readiness_2026_07_06.json,race_day_scorecards[].lane_c_top3,1,0.535032,17.0,UR,False,False,,False,False,True,RUNTIME_RACEDAY_MODEL_SUGGESTION,NAME_FALLBACK_MATCH
2026-07-06,924277,NEW_BUILD_LANE_C,NEW_BUILD_LANE_C,Little Big John,,data/new_build/reports/two_lane_readiness_2026_07_06.json,race_day_scorecards[].lane_c_top3,2,0.535032,29.0,4,False,False,,False,False,True,RUNTIME_RACEDAY_MODEL_SUGGESTION,NAME_FALLBACK_MATCH
2026-07-06,924277,NEW_BUILD_LANE_C,NEW_BUILD_LANE_C,Casper Charlie,,data/new_build/reports/two_lane_readiness_2026_07_06.json,race_day_scorecards[].lane_c_top3,3,0.535032,67.0,F,False,False,,False,False,True,RUNTIME_RACEDAY_MODEL_SUGGESTION,NAME_FALLBACK_MATCH
2026-07-06,922458,CHAMPION_INTENT_SHADOW,CHAMPION_INTENT_SHADOW,West Byfleet,9115633,data/reports/july06_intent_shadow_scorecard.csv,champion_intent_shadow_prob,1,0.093749,7.0,5,False,False,,False,False,True,RUNTIME_RACEDAY_MODEL_SUGGESTION,ID_MATCH
2026-07-06,922458,CHAMPION_INTENT_SHADOW,CHAMPION_INTENT_SHADOW,Rogue Defence,9153303,data/reports/july06_intent_shadow_scorecard.csv,champion_intent_shadow_prob,2,0.086153,2.2,1,True,True,,False,False,True,RUNTIME_RACEDAY_MODEL_SUGGESTION,ID_MATCH
2026-07-06,922458,CHAMPION_INTENT_SHADOW,CHAMPION_INTENT_SHADOW,Nothing But Love,9344939,data/reports/july06_intent_shadow_scorecard.csv,champion_intent_shadow_prob,3,0.083818,67.0,4,False,False,,False,False,True,RUNTIME_RACEDAY_MODEL_SUGGESTION,ID_MATCH
2026-07-06,922458,CHAMPION_INTENT_SHADOW,CHAMPION_INTENT_SHADOW,Lady Of Chivalry,7643459,data/reports/july06_intent_shadow_scorecard.csv,champion_intent_shadow_prob,4,0.081051,301.0,7,False,False,,False,False,True,RUNTIME_RACEDAY_MODEL_SUGGESTION,ID_MATCH
2026-07-06,922458,CHAMPION_INTENT_SHADOW,CHAMPION_INTENT_SHADOW,Mythological Star,8313782,data/reports/july06_intent_shadow_scorecard.csv,champion_intent_shadow_prob,5,0.081031,6.0,3,False,True,,False,False,True,RUNTIME_RACEDAY_MODEL_SUGGESTION,ID_MATCH
2026-07-06,922458,CHAMPION_INTENT_SHADOW,CHAMPION_INTENT_SHADOW,Seigneur,9490312,data/reports/july06_intent_shadow_scorecard.csv,champion_intent_shadow_prob,6,0.079992,13.0,10,False,False,,False,False,True,RUNTIME_RACEDAY_MODEL_SUGGESTION,ID_MATCH
2026-07-06,922458,CHAMPION_INTENT_SHADOW,CHAMPION_INTENT_SHADOW,Ingemar,8144060,data/reports/july06_intent_shadow_scorecard.csv,champion_intent_shadow_prob,7,0.075399,101.0,9,False,False,,False,False,True,RUNTIME_RACEDAY_MODEL_SUGGESTION,ID_MATCH
2026-07-06,922458,CHAMPION_INTENT_SHADOW,CHAMPION_INTENT_SHADOW,Legally Bay,9490313,data/reports/july06_intent_shadow_scorecard.csv,champion_intent_shadow_prob,8,0.073727,81.0,12,False,False,,False,False,True,RUNTIME_RACEDAY_MODEL_SUGGESTION,ID_MATCH
2026-07-06,922458,CHAMPION_INTENT_SHADOW,CHAMPION_INTENT_SHADOW,Cherringham,9317830,data/reports/july06_intent_shadow_scorecard.csv,champion_intent_shadow_prob,9,0.073649,19.0,2,False,True,,False,False,True,RUNTIME_RACEDAY_MODEL_SUGGESTION,ID_MATCH
2026-07-06,922458,CHAMPION_INTENT_SHADOW,CHAMPION_INTENT_SHADOW,Fiefdom,9254385,data/reports/july06_intent_shadow_scorecard.csv,champion_intent_shadow_prob,10,0.072192,11.0,11,False,False,,False,False,True,RUNTIME_RACEDAY_MODEL_SUGGESTION,ID_MATCH
2026-07-06,922458,CHAMPION_INTENT_SHADOW,CHAMPION_INTENT_SHADOW,Ivat Ghia,8821448,data/reports/july06_intent_shadow_scorecard.csv,champion_intent_shadow_prob,11,0.067539,201.0,6,False,False,,False,False,True,RUNTIME_RACEDAY_MODEL_SUGGESTION,ID_MATCH
2026-07-06,922458,CHAMPION_INTENT_SHADOW,CHAMPION_INTENT_SHADOW,Santiago Boy,9088392,data/reports/july06_intent_shadow_scorecard.csv,champion_intent_shadow_prob,12,0.04314,5.5,8,False,False,,False,False,True,RUNTIME_RACEDAY_MODEL_SUGGESTION,ID_MATCH
2026-07-06,922458,NEW_BUILD_LANE_A,NEW_BUILD_LANE_A,Rogue Defence,,data/new_build/reports/two_lane_readiness_2026_07_06.json,race_day_scorecards[].lane_a_top3,1,0.113514,2.2,1,True,True,,False,False,True,RUNTIME_RACEDAY_MODEL_SUGGESTION,NAME_FALLBACK_MATCH
2026-07-06,922458,NEW_BUILD_LANE_A,NEW_BUILD_LANE_A,West Byfleet,,data/new_build/reports/two_lane_readiness_2026_07_06.json,race_day_scorecards[].lane_a_top3,2,0.089661,7.0,5,False,False,,False,False,True,RUNTIME_RACEDAY_MODEL_SUGGESTION,NAME_FALLBACK_MATCH
2026-07-06,922458,NEW_BUILD_LANE_A,NEW_BUILD_LANE_A,Seigneur,,data/new_build/reports/two_lane_readiness_2026_07_06.json,race_day_scorecards[].lane_a_top3,3,0.085105,13.0,10,False,False,,False,False,True,RUNTIME_RACEDAY_MODEL_SUGGESTION,NAME_FALLBACK_MATCH
2026-07-06,922458,NEW_BUILD_LANE_B,NEW_BUILD_LANE_B,Rogue Defence,,data/new_build/reports/two_lane_readiness_2026_07_06.json,race_day_scorecards[].lane_b_top3,1,0.096569,2.2,1,True,True,,False,False,True,RUNTIME_RACEDAY_MODEL_SUGGESTION,NAME_FALLBACK_MATCH
2026-07-06,922458,NEW_BUILD_LANE_B,NEW_BUILD_LANE_B,West Byfleet,,data/new_build/reports/two_lane_readiness_2026_07_06.json,race_day_scorecards[].lane_b_top3,2,0.091672,7.0,5,False,False,,False,False,True,RUNTIME_RACEDAY_MODEL_SUGGESTION,NAME_FALLBACK_MATCH
2026-07-06,922458,NEW_BUILD_LANE_B,NEW_BUILD_LANE_B,Fiefdom,,data/new_build/reports/two_lane_readiness_2026_07_06.json,race_day_scorecards[].lane_b_top3,3,0.081175,11.0,11,False,False,,False,False,True,RUNTIME_RACEDAY_MODEL_SUGGESTION,NAME_FALLBACK_MATCH
2026-07-06,922458,NEW_BUILD_LANE_C,NEW_BUILD_LANE_C,Seigneur,,data/new_build/reports/two_lane_readiness_2026_07_06.json,race_day_scorecards[].lane_c_top3,1,0.537,13.0,10,False,False,,False,False,True,RUNTIME_RACEDAY_MODEL_SUGGESTION,NAME_FALLBACK_MATCH
2026-07-06,922458,NEW_BUILD_LANE_C,NEW_BUILD_LANE_C,Rogue Defence,,data/new_build/reports/two_lane_readiness_2026_07_06.json,race_day_scorecards[].lane_c_top3,2,0.536967,2.2,1,True,True,,False,False,True,RUNTIME_RACEDAY_MODEL_SUGGESTION,NAME_FALLBACK_MATCH
2026-07-06,922458,NEW_BUILD_LANE_C,NEW_BUILD_LANE_C,Legally Bay,,data/new_build/reports/two_lane_readiness_2026_07_06.json,race_day_scorecards[].lane_c_top3,3,0.534739,81.0,12,False,False,,False,False,True,RUNTIME_RACEDAY_MODEL_SUGGESTION,NAME_FALLBACK_MATCH
2026-07-06,922297,CHAMPION_INTENT_SHADOW,CHAMPION_INTENT_SHADOW,This Rib,8137392,data/reports/july06_intent_shadow_scorecard.csv,champion_intent_shadow_prob,1,0.099213,34.0,5,False,False,,False,False,True,RUNTIME_RACEDAY_MODEL_SUGGESTION,ID_MATCH
2026-07-06,922297,CHAMPION_INTENT_SHADOW,CHAMPION_INTENT_SHADOW,Annandale,2951757,data/reports/july06_intent_shadow_scorecard.csv,champion_intent_shadow_prob,2,0.089182,7.0,3,False,True,,False,False,True,RUNTIME_RACEDAY_MODEL_SUGGESTION,ID_MATCH
2026-07-06,922297,CHAMPION_INTENT_SHADOW,CHAMPION_INTENT_SHADOW,Elemental Eye,4924589,data/reports/july06_intent_shadow_scorecard.csv,champion_intent_shadow_prob,3,0.086875,5.5,2,False,True,,False,False,True,RUNTIME_RACEDAY_MODEL_SUGGESTION,ID_MATCH
2026-07-06,922297,CHAMPION_INTENT_SHADOW,CHAMPION_INTENT_SHADOW,La Tosca,8982335,data/reports/july06_intent_shadow_scorecard.csv,champion_intent_shadow_prob,4,0.084779,11.0,8,False,False,,False,False,True,RUNTIME_RACEDAY_MODEL_SUGGESTION,ID_MATCH
2026-07-06,922297,CHAMPION_INTENT_SHADOW,CHAMPION_INTENT_SHADOW,Idyllic,5403096,data/reports/july06_intent_shadow_scorecard.csv,champion_intent_shadow_prob,5,0.078096,,,False,False,,False,False,True,RUNTIME_RACEDAY_MODEL_SUGGESTION,NO_RESULT_MATCH
2026-07-06,922297,CHAMPION_INTENT_SHADOW,CHAMPION_INTENT_SHADOW,Galahad Threepwood,3049001,data/reports/july06_intent_shadow_scorecard.csv,champion_intent_shadow_prob,6,0.065629,81.0,7,False,False,,False,False,True,RUNTIME_RACEDAY_MODEL_SUGGESTION,ID_MATCH
2026-07-06,922297,CHAMPION_INTENT_SHADOW,CHAMPION_INTENT_SHADOW,Is She Now,5311224,data/reports/july06_intent_shadow_scorecard.csv,champion_intent_shadow_prob,7,0.064862,2.0,4,False,False,,False,False,True,RUNTIME_RACEDAY_MODEL_SUGGESTION,ID_MATCH
2026-07-06,922297,CHAMPION_INTENT_SHADOW,CHAMPION_INTENT_SHADOW,Aighear,4211312,data/reports/july06_intent_shadow_scorecard.csv,champion_intent_shadow_prob,8,0.05841,9.0,6,False,False,,False,False,True,RUNTIME_RACEDAY_MODEL_SUGGESTION,ID_MATCH
2026-07-06,922297,CHAMPION_INTENT_SHADOW,CHAMPION_INTENT_SHADOW,Ebony Maw,2863059,data/reports/july06_intent_shadow_scorecard.csv,champion_intent_shadow_prob,9,0.05394,11.0,1,True,True,,False,False,True,RUNTIME_RACEDAY_MODEL_SUGGESTION,ID_MATCH
2026-07-06,922297,NEW_BUILD_LANE_A,NEW_BUILD_LANE_A,Idyllic,,data/new_build/reports/two_lane_readiness_2026_07_06.json,race_day_scorecards[].lane_a_top3,1,0.104745,,,False,False,,False,False,True,RUNTIME_RACEDAY_MODEL_SUGGESTION,NO_RESULT_MATCH
2026-07-06,922297,NEW_BUILD_LANE_A,NEW_BUILD_LANE_A,Annandale,,data/new_build/reports/two_lane_readiness_2026_07_06.json,race_day_scorecards[].lane_a_top3,2,0.09692,7.0,3,False,True,,False,False,True,RUNTIME_RACEDAY_MODEL_SUGGESTION,NAME_FALLBACK_MATCH
2026-07-06,922297,NEW_BUILD_LANE_A,NEW_BUILD_LANE_A,This Rib,,data/new_build/reports/two_lane_readiness_2026_07_06.json,race_day_scorecards[].lane_a_top3,3,0.093217,34.0,5,False,False,,False,False,True,RUNTIME_RACEDAY_MODEL_SUGGESTION,NAME_FALLBACK_MATCH
2026-07-06,922297,NEW_BUILD_LANE_B,NEW_BUILD_LANE_B,This Rib,,data/new_build/reports/two_lane_readiness_2026_07_06.json,race_day_scorecards[].lane_b_top3,1,0.099411,34.0,5,False,False,,False,False,True,RUNTIME_RACEDAY_MODEL_SUGGESTION,NAME_FALLBACK_MATCH
2026-07-06,922297,NEW_BUILD_LANE_B,NEW_BUILD_LANE_B,Idyllic,,data/new_build/reports/two_lane_readiness_2026_07_06.json,race_day_scorecards[].lane_b_top3,2,0.084859,,,False,False,,False,False,True,RUNTIME_RACEDAY_MODEL_SUGGESTION,NO_RESULT_MATCH
2026-07-06,922297,NEW_BUILD_LANE_B,NEW_BUILD_LANE_B,La Tosca,,data/new_build/reports/two_lane_readiness_2026_07_06.json,race_day_scorecards[].lane_b_top3,3,0.084032,11.0,8,False,False,,False,False,True,RUNTIME_RACEDAY_MODEL_SUGGESTION,NAME_FALLBACK_MATCH
2026-07-06,922297,NEW_BUILD_LANE_C,NEW_BUILD_LANE_C,This Rib,,data/new_build/reports/two_lane_readiness_2026_07_06.json,race_day_scorecards[].lane_c_top3,1,0.541985,34.0,5,False,False,,False,False,True,RUNTIME_RACEDAY_MODEL_SUGGESTION,NAME_FALLBACK_MATCH
2026-07-06,922297,NEW_BUILD_LANE_C,NEW_BUILD_LANE_C,La Tosca,,data/new_build/reports/two_lane_readiness_2026_07_06.json,race_day_scorecards[].lane_c_top3,2,0.541971,11.0,8,False,False,,False,False,True,RUNTIME_RACEDAY_MODEL_SUGGESTION,NAME_FALLBACK_MATCH
2026-07-06,922297,NEW_BUILD_LANE_C,NEW_BUILD_LANE_C,Aighear,,data/new_build/reports/two_lane_readiness_2026_07_06.json,race_day_scorecards[].lane_c_top3,3,0.539112,9.0,6,False,False,,False,False,True,RUNTIME_RACEDAY_MODEL_SUGGESTION,NAME_FALLBACK_MATCH
2026-07-06,924278,CHAMPION_INTENT_SHADOW,CHAMPION_INTENT_SHADOW,Firebrand,5405222,data/reports/july06_intent_shadow_scorecard.csv,champion_intent_shadow_prob,1,0.077152,5.5,5,False,False,,False,False,True,RUNTIME_RACEDAY_MODEL_SUGGESTION,ID_MATCH
2026-07-06,924278,CHAMPION_INTENT_SHADOW,CHAMPION_INTENT_SHADOW,Cocofred,8455156,data/reports/july06_intent_shadow_scorecard.csv,champion_intent_shadow_prob,2,0.074441,7.0,1,True,True,,False,False,True,RUNTIME_RACEDAY_MODEL_SUGGESTION,ID_MATCH
2026-07-06,924278,CHAMPION_INTENT_SHADOW,CHAMPION_INTENT_SHADOW,Lengaruka,9254259,data/reports/july06_intent_shadow_scorecard.csv,champion_intent_shadow_prob,3,0.074441,41.0,10,False,False,,False,False,True,RUNTIME_RACEDAY_MODEL_SUGGESTION,ID_MATCH
2026-07-06,924278,CHAMPION_INTENT_SHADOW,CHAMPION_INTENT_SHADOW,Glengarriff,5019603,data/reports/july06_intent_shadow_scorecard.csv,champion_intent_shadow_prob,4,0.074441,301.0,12,False,False,,False,False,True,RUNTIME_RACEDAY_MODEL_SUGGESTION,ID_MATCH
2026-07-06,924278,CHAMPION_INTENT_SHADOW,CHAMPION_INTENT_SHADOW,Tellyouwhat,9254263,data/reports/july06_intent_shadow_scorecard.csv,champion_intent_shadow_prob,5,0.074398,401.0,PU,False,False,,False,False,True,RUNTIME_RACEDAY_MODEL_SUGGESTION,ID_MATCH
2026-07-06,924278,CHAMPION_INTENT_SHADOW,CHAMPION_INTENT_SHADOW,Sunny Dude,5248375,data/reports/july06_intent_shadow_scorecard.csv,champion_intent_shadow_prob,6,0.072831,301.0,13,False,False,,False,False,True,RUNTIME_RACEDAY_MODEL_SUGGESTION,ID_MATCH
2026-07-06,924278,CHAMPION_INTENT_SHADOW,CHAMPION_INTENT_SHADOW,Finjimk,9055606,data/reports/july06_intent_shadow_scorecard.csv,champion_intent_shadow_prob,7,0.068818,151.0,8,False,False,,False,False,True,RUNTIME_RACEDAY_MODEL_SUGGESTION,ID_MATCH
2026-07-06,924278,CHAMPION_INTENT_SHADOW,CHAMPION_INTENT_SHADOW,Game Point,6604817,data/reports/july06_intent_shadow_scorecard.csv,champion_intent_shadow_prob,8,0.067946,3.25,3,False,True,,False,False,True,RUNTIME_RACEDAY_MODEL_SUGGESTION,ID_MATCH
2026-07-06,924278,CHAMPION_INTENT_SHADOW,CHAMPION_INTENT_SHADOW,Ozark's Walk,7441036,data/reports/july06_intent_shadow_scorecard.csv,champion_intent_shadow_prob,9,0.067844,34.0,11,False,False,,False,False,True,RUNTIME_RACEDAY_MODEL_SUGGESTION,ID_MATCH
2026-07-06,924278,CHAMPION_INTENT_SHADOW,CHAMPION_INTENT_SHADOW,Dadou Part Two,8949336,data/reports/july06_intent_shadow_scorecard.csv,champion_intent_shadow_prob,10,0.067399,401.0,F,False,False,,False,False,True,RUNTIME_RACEDAY_MODEL_SUGGESTION,ID_MATCH
2026-07-06,924278,CHAMPION_INTENT_SHADOW,CHAMPION_INTENT_SHADOW,How's Ellie,8299982,data/reports/july06_intent_shadow_scorecard.csv,champion_intent_shadow_prob,11,0.066747,23.0,6,False,False,,False,False,True,RUNTIME_RACEDAY_MODEL_SUGGESTION,ID_MATCH
2026-07-06,924278,CHAMPION_INTENT_SHADOW,CHAMPION_INTENT_SHADOW,Luker's Tipple,6514086,data/reports/july06_intent_shadow_scorecard.csv,champion_intent_shadow_prob,12,0.066567,5.0,4,False,False,,False,False,True,RUNTIME_RACEDAY_MODEL_SUGGESTION,ID_MATCH
2026-07-06,924278,CHAMPION_INTENT_SHADOW,CHAMPION_INTENT_SHADOW,Pretty Wild,9295539,data/reports/july06_intent_shadow_scorecard.csv,champion_intent_shadow_prob,13,0.066543,21.0,9,False,False,,False,False,True,RUNTIME_RACEDAY_MODEL_SUGGESTION,ID_MATCH
2026-07-06,924278,CHAMPION_INTENT_SHADOW,CHAMPION_INTENT_SHADOW,Poetic Parable,9494772,data/reports/july06_intent_shadow_scorecard.csv,champion_intent_shadow_prob,14,0.066543,67.0,7,False,False,,False,False,True,RUNTIME_RACEDAY_MODEL_SUGGESTION,ID_MATCH
2026-07-06,924278,CHAMPION_INTENT_SHADOW,CHAMPION_INTENT_SHADOW,Astelia,3862918,data/reports/july06_intent_shadow_scorecard.csv,champion_intent_shadow_prob,15,0.041857,3.5,2,False,True,,False,False,True,RUNTIME_RACEDAY_MODEL_SUGGESTION,ID_MATCH
2026-07-06,924278,NEW_BUILD_LANE_A,NEW_BUILD_LANE_A,Cocofred,,data/new_build/reports/two_lane_readiness_2026_07_06.json,race_day_scorecards[].lane_a_top3,1,0.083773,7.0,1,True,True,,False,False,True,RUNTIME_RACEDAY_MODEL_SUGGESTION,NAME_FALLBACK_MATCH
2026-07-06,924278,NEW_BUILD_LANE_A,NEW_BUILD_LANE_A,Lengaruka,,data/new_build/reports/two_lane_readiness_2026_07_06.json,race_day_scorecards[].lane_a_top3,2,0.083773,41.0,10,False,False,,False,False,True,RUNTIME_RACEDAY_MODEL_SUGGESTION,NAME_FALLBACK_MATCH
2026-07-06,924278,NEW_BUILD_LANE_A,NEW_BUILD_LANE_A,Glengarriff,,data/new_build/reports/two_lane_readiness_2026_07_06.json,race_day_scorecards[].lane_a_top3,3,0.083773,301.0,12,False,False,,False,False,True,RUNTIME_RACEDAY_MODEL_SUGGESTION,NAME_FALLBACK_MATCH
2026-07-06,924278,NEW_BUILD_LANE_B,NEW_BUILD_LANE_B,Cocofred,,data/new_build/reports/two_lane_readiness_2026_07_06.json,race_day_scorecards[].lane_b_top3,1,0.074312,7.0,1,True,True,,False,False,True,RUNTIME_RACEDAY_MODEL_SUGGESTION,NAME_FALLBACK_MATCH
2026-07-06,924278,NEW_BUILD_LANE_B,NEW_BUILD_LANE_B,Lengaruka,,data/new_build/reports/two_lane_readiness_2026_07_06.json,race_day_scorecards[].lane_b_top3,2,0.074312,41.0,10,False,False,,False,False,True,RUNTIME_RACEDAY_MODEL_SUGGESTION,NAME_FALLBACK_MATCH
2026-07-06,924278,NEW_BUILD_LANE_B,NEW_BUILD_LANE_B,Glengarriff,,data/new_build/reports/two_lane_readiness_2026_07_06.json,race_day_scorecards[].lane_b_top3,3,0.074312,301.0,12,False,False,,False,False,True,RUNTIME_RACEDAY_MODEL_SUGGESTION,NAME_FALLBACK_MATCH
2026-07-06,924278,NEW_BUILD_LANE_C,NEW_BUILD_LANE_C,Luker's Tipple,,data/new_build/reports/two_lane_readiness_2026_07_06.json,race_day_scorecards[].lane_c_top3,1,0.534827,5.0,4,False,False,,False,False,True,RUNTIME_RACEDAY_MODEL_SUGGESTION,NAME_FALLBACK_MATCH
2026-07-06,924278,NEW_BUILD_LANE_C,NEW_BUILD_LANE_C,Cocofred,,data/new_build/reports/two_lane_readiness_2026_07_06.json,race_day_scorecards[].lane_c_top3,2,0.534827,7.0,1,True,True,,False,False,True,RUNTIME_RACEDAY_MODEL_SUGGESTION,NAME_FALLBACK_MATCH
2026-07-06,924278,NEW_BUILD_LANE_C,NEW_BUILD_LANE_C,Lengaruka,,data/new_build/reports/two_lane_readiness_2026_07_06.json,race_day_scorecards[].lane_c_top3,3,0.534827,41.0,10,False,False,,False,False,True,RUNTIME_RACEDAY_MODEL_SUGGESTION,NAME_FALLBACK_MATCH
2026-07-06,922461,CHAMPION_INTENT_SHADOW,CHAMPION_INTENT_SHADOW,Athenian Spirit,7436393,data/reports/july06_intent_shadow_scorecard.csv,champion_intent_shadow_prob,1,0.140163,4.5,3,False,True,,False,False,True,RUNTIME_RACEDAY_MODEL_SUGGESTION,ID_MATCH
2026-07-06,922461,CHAMPION_INTENT_SHADOW,CHAMPION_INTENT_SHADOW,Fallacious Promise,8304795,data/reports/july06_intent_shadow_scorecard.csv,champion_intent_shadow_prob,2,0.117639,1.73,1,True,True,,False,False,True,RUNTIME_RACEDAY_MODEL_SUGGESTION,ID_MATCH
2026-07-06,922461,CHAMPION_INTENT_SHADOW,CHAMPION_INTENT_SHADOW,Whazzimo,9088384,data/reports/july06_intent_shadow_scorecard.csv,champion_intent_shadow_prob,3,0.104075,9.5,9,False,False,,False,False,True,RUNTIME_RACEDAY_MODEL_SUGGESTION,ID_MATCH
2026-07-06,922461,CHAMPION_INTENT_SHADOW,CHAMPION_INTENT_SHADOW,Wild Rosie,7970713,data/reports/july06_intent_shadow_scorecard.csv,champion_intent_shadow_prob,4,0.097263,15.0,7,False,False,,False,False,True,RUNTIME_RACEDAY_MODEL_SUGGESTION,ID_MATCH
2026-07-06,922461,CHAMPION_INTENT_SHADOW,CHAMPION_INTENT_SHADOW,Action Reaction,7529960,data/reports/july06_intent_shadow_scorecard.csv,champion_intent_shadow_prob,5,0.090137,23.0,10,False,False,,False,False,True,RUNTIME_RACEDAY_MODEL_SUGGESTION,ID_MATCH
2026-07-06,922461,CHAMPION_INTENT_SHADOW,CHAMPION_INTENT_SHADOW,Ernie McCrew,9153304,data/reports/july06_intent_shadow_scorecard.csv,champion_intent_shadow_prob,6,0.070625,26.0,4,False,False,,False,False,True,RUNTIME_RACEDAY_MODEL_SUGGESTION,ID_MATCH
2026-07-06,922461,CHAMPION_INTENT_SHADOW,CHAMPION_INTENT_SHADOW,Laurasia,7686995,data/reports/july06_intent_shadow_scorecard.csv,champion_intent_shadow_prob,7,0.05613,17.0,6,False,False,,False,False,True,RUNTIME_RACEDAY_MODEL_SUGGESTION,ID_MATCH
2026-07-06,922461,CHAMPION_INTENT_SHADOW,CHAMPION_INTENT_SHADOW,Moravian,9115732,data/reports/july06_intent_shadow_scorecard.csv,champion_intent_shadow_prob,8,0.024937,23.0,8,False,False,,False,False,True,RUNTIME_RACEDAY_MODEL_SUGGESTION,ID_MATCH
2026-07-06,922461,CHAMPION_INTENT_SHADOW,CHAMPION_INTENT_SHADOW,Ruiz,7935099,data/reports/july06_intent_shadow_scorecard.csv,champion_intent_shadow_prob,9,0.01497,51.0,5,False,False,,False,False,True,RUNTIME_RACEDAY_MODEL_SUGGESTION,ID_MATCH
2026-07-06,922461,CHAMPION_INTENT_SHADOW,CHAMPION_INTENT_SHADOW,Henfield,7484075,data/reports/july06_intent_shadow_scorecard.csv,champion_intent_shadow_prob,10,0.01249,23.0,2,False,True,,False,False,True,RUNTIME_RACEDAY_MODEL_SUGGESTION,ID_MATCH
2026-07-06,922461,NEW_BUILD_LANE_A,NEW_BUILD_LANE_A,Athenian Spirit,,data/new_build/reports/two_lane_readiness_2026_07_06.json,race_day_scorecards[].lane_a_top3,1,0.167009,4.5,3,False,True,,False,False,True,RUNTIME_RACEDAY_MODEL_SUGGESTION,NAME_FALLBACK_MATCH
2026-07-06,922461,NEW_BUILD_LANE_A,NEW_BUILD_LANE_A,Whazzimo,,data/new_build/reports/two_lane_readiness_2026_07_06.json,race_day_scorecards[].lane_a_top3,2,0.095876,9.5,9,False,False,,False,False,True,RUNTIME_RACEDAY_MODEL_SUGGESTION,NAME_FALLBACK_MATCH
2026-07-06,922461,NEW_BUILD_LANE_A,NEW_BUILD_LANE_A,Fallacious Promise,,data/new_build/reports/two_lane_readiness_2026_07_06.json,race_day_scorecards[].lane_a_top3,3,0.093446,1.73,1,True,True,,False,False,True,RUNTIME_RACEDAY_MODEL_SUGGESTION,NAME_FALLBACK_MATCH
2026-07-06,922461,NEW_BUILD_LANE_B,NEW_BUILD_LANE_B,Athenian Spirit,,data/new_build/reports/two_lane_readiness_2026_07_06.json,race_day_scorecards[].lane_b_top3,1,0.110882,4.5,3,False,True,,False,False,True,RUNTIME_RACEDAY_MODEL_SUGGESTION,NAME_FALLBACK_MATCH
2026-07-06,922461,NEW_BUILD_LANE_B,NEW_BUILD_LANE_B,Whazzimo,,data/new_build/reports/two_lane_readiness_2026_07_06.json,race_day_scorecards[].lane_b_top3,2,0.094734,9.5,9,False,False,,False,False,True,RUNTIME_RACEDAY_MODEL_SUGGESTION,NAME_FALLBACK_MATCH
2026-07-06,922461,NEW_BUILD_LANE_B,NEW_BUILD_LANE_B,Wild Rosie,,data/new_build/reports/two_lane_readiness_2026_07_06.json,race_day_scorecards[].lane_b_top3,3,0.089474,15.0,7,False,False,,False,False,True,RUNTIME_RACEDAY_MODEL_SUGGESTION,NAME_FALLBACK_MATCH
2026-07-06,922461,NEW_BUILD_LANE_C,NEW_BUILD_LANE_C,Athenian Spirit,,data/new_build/reports/two_lane_readiness_2026_07_06.json,race_day_scorecards[].lane_c_top3,1,0.546758,4.5,3,False,True,,False,False,True,RUNTIME_RACEDAY_MODEL_SUGGESTION,NAME_FALLBACK_MATCH
2026-07-06,922461,NEW_BUILD_LANE_C,NEW_BUILD_LANE_C,Whazzimo,,data/new_build/reports/two_lane_readiness_2026_07_06.json,race_day_scorecards[].lane_c_top3,2,0.540349,9.5,9,False,False,,False,False,True,RUNTIME_RACEDAY_MODEL_SUGGESTION,NAME_FALLBACK_MATCH
2026-07-06,922461,NEW_BUILD_LANE_C,NEW_BUILD_LANE_C,Wild Rosie,,data/new_build/reports/two_lane_readiness_2026_07_06.json,race_day_scorecards[].lane_c_top3,3,0.539038,15.0,7,False,False,,False,False,True,RUNTIME_RACEDAY_MODEL_SUGGESTION,NAME_FALLBACK_MATCH
2026-07-06,922305,CHAMPION_INTENT_SHADOW,CHAMPION_INTENT_SHADOW,Sovereign Grace,9350220,data/reports/july06_intent_shadow_scorecard.csv,champion_intent_shadow_prob,1,0.07296,4.0,5,False,False,,False,False,True,RUNTIME_RACEDAY_MODEL_SUGGESTION,ID_MATCH
2026-07-06,922305,CHAMPION_INTENT_SHADOW,CHAMPION_INTENT_SHADOW,Turbo Shandy,9377491,data/reports/july06_intent_shadow_scorecard.csv,champion_intent_shadow_prob,2,0.072885,101.0,7,False,False,,False,False,True,RUNTIME_RACEDAY_MODEL_SUGGESTION,ID_MATCH
2026-07-06,922305,CHAMPION_INTENT_SHADOW,CHAMPION_INTENT_SHADOW,Halcon,9331770,data/reports/july06_intent_shadow_scorecard.csv,champion_intent_shadow_prob,3,0.071352,,,False,False,,False,False,True,RUNTIME_RACEDAY_MODEL_SUGGESTION,NO_RESULT_MATCH
2026-07-06,922305,CHAMPION_INTENT_SHADOW,CHAMPION_INTENT_SHADOW,Lady Rosalind,8688670,data/reports/july06_intent_shadow_scorecard.csv,champion_intent_shadow_prob,4,0.071214,5.0,1,True,True,,False,False,True,RUNTIME_RACEDAY_MODEL_SUGGESTION,ID_MATCH
2026-07-06,922305,CHAMPION_INTENT_SHADOW,CHAMPION_INTENT_SHADOW,Celita Star,9429283,data/reports/july06_intent_shadow_scorecard.csv,champion_intent_shadow_prob,5,0.070099,101.0,8,False,False,,False,False,True,RUNTIME_RACEDAY_MODEL_SUGGESTION,ID_MATCH
2026-07-06,922305,CHAMPION_INTENT_SHADOW,CHAMPION_INTENT_SHADOW,Spark In The Coal,9184991,data/reports/july06_intent_shadow_scorecard.csv,champion_intent_shadow_prob,6,0.069735,,,False,False,,False,False,True,RUNTIME_RACEDAY_MODEL_SUGGESTION,NO_RESULT_MATCH
2026-07-06,922305,CHAMPION_INTENT_SHADOW,CHAMPION_INTENT_SHADOW,Travellers Girl,9396323,data/reports/july06_intent_shadow_scorecard.csv,champion_intent_shadow_prob,7,0.069134,9.5,3,False,True,,False,False,True,RUNTIME_RACEDAY_MODEL_SUGGESTION,ID_MATCH
2026-07-06,922305,CHAMPION_INTENT_SHADOW,CHAMPION_INTENT_SHADOW,Texting,9419807,data/reports/july06_intent_shadow_scorecard.csv,champion_intent_shadow_prob,8,0.068935,67.0,6,False,False,,False,False,True,RUNTIME_RACEDAY_MODEL_SUGGESTION,ID_MATCH
2026-07-06,922305,CHAMPION_INTENT_SHADOW,CHAMPION_INTENT_SHADOW,Eleven Eighty Two,9290873,data/reports/july06_intent_shadow_scorecard.csv,champion_intent_shadow_prob,9,0.067639,3.0,2,False,True,,False,False,True,RUNTIME_RACEDAY_MODEL_SUGGESTION,ID_MATCH
2026-07-06,922305,CHAMPION_INTENT_SHADOW,CHAMPION_INTENT_SHADOW,Sweet Iris,9222248,data/reports/july06_intent_shadow_scorecard.csv,champion_intent_shadow_prob,10,0.065127,11.0,10,False,False,,False,False,True,RUNTIME_RACEDAY_MODEL_SUGGESTION,ID_MATCH
2026-07-06,922305,CHAMPION_INTENT_SHADOW,CHAMPION_INTENT_SHADOW,Thunder Filly,9490327,data/reports/july06_intent_shadow_scorecard.csv,champion_intent_shadow_prob,11,0.065127,41.0,11,False,False,,False,False,True,RUNTIME_RACEDAY_MODEL_SUGGESTION,ID_MATCH
2026-07-06,922305,CHAMPION_INTENT_SHADOW,CHAMPION_INTENT_SHADOW,Spirit Of Lyra,9490325,data/reports/july06_intent_shadow_scorecard.csv,champion_intent_shadow_prob,12,0.061927,5.5,4,False,False,,False,False,True,RUNTIME_RACEDAY_MODEL_SUGGESTION,ID_MATCH
2026-07-06,922305,CHAMPION_INTENT_SHADOW,CHAMPION_INTENT_SHADOW,Wells Fargo Stage,9153196,data/reports/july06_intent_shadow_scorecard.csv,champion_intent_shadow_prob,13,0.06014,126.0,9,False,False,,False,False,True,RUNTIME_RACEDAY_MODEL_SUGGESTION,ID_MATCH
2026-07-06,922305,NEW_BUILD_LANE_A,NEW_BUILD_LANE_A,Turbo Shandy,,data/new_build/reports/two_lane_readiness_2026_07_06.json,race_day_scorecards[].lane_a_top3,1,0.078172,101.0,7,False,False,,False,False,True,RUNTIME_RACEDAY_MODEL_SUGGESTION,NAME_FALLBACK_MATCH
2026-07-06,922305,NEW_BUILD_LANE_A,NEW_BUILD_LANE_A,Sovereign Grace,,data/new_build/reports/two_lane_readiness_2026_07_06.json,race_day_scorecards[].lane_a_top3,2,0.07407,4.0,5,False,False,,False,False,True,RUNTIME_RACEDAY_MODEL_SUGGESTION,NAME_FALLBACK_MATCH
2026-07-06,922305,NEW_BUILD_LANE_A,NEW_BUILD_LANE_A,Celita Star,,data/new_build/reports/two_lane_readiness_2026_07_06.json,race_day_scorecards[].lane_a_top3,3,0.07274,101.0,8,False,False,,False,False,True,RUNTIME_RACEDAY_MODEL_SUGGESTION,NAME_FALLBACK_MATCH
2026-07-06,922305,NEW_BUILD_LANE_B,NEW_BUILD_LANE_B,Sovereign Grace,,data/new_build/reports/two_lane_readiness_2026_07_06.json,race_day_scorecards[].lane_b_top3,1,0.07296,4.0,5,False,False,,False,False,True,RUNTIME_RACEDAY_MODEL_SUGGESTION,NAME_FALLBACK_MATCH
2026-07-06,922305,NEW_BUILD_LANE_B,NEW_BUILD_LANE_B,Turbo Shandy,,data/new_build/reports/two_lane_readiness_2026_07_06.json,race_day_scorecards[].lane_b_top3,2,0.072674,101.0,7,False,False,,False,False,True,RUNTIME_RACEDAY_MODEL_SUGGESTION,NAME_FALLBACK_MATCH
2026-07-06,922305,NEW_BUILD_LANE_B,NEW_BUILD_LANE_B,Halcon,,data/new_build/reports/two_lane_readiness_2026_07_06.json,race_day_scorecards[].lane_b_top3,3,0.071352,,,False,False,,False,False,True,RUNTIME_RACEDAY_MODEL_SUGGESTION,NO_RESULT_MATCH
2026-07-06,922305,NEW_BUILD_LANE_C,NEW_BUILD_LANE_C,Turbo Shandy,,data/new_build/reports/two_lane_readiness_2026_07_06.json,race_day_scorecards[].lane_c_top3,1,0.534578,101.0,7,False,False,,False,False,True,RUNTIME_RACEDAY_MODEL_SUGGESTION,NAME_FALLBACK_MATCH
2026-07-06,922305,NEW_BUILD_LANE_C,NEW_BUILD_LANE_C,Texting,,data/new_build/reports/two_lane_readiness_2026_07_06.json,race_day_scorecards[].lane_c_top3,2,0.532148,67.0,6,False,False,,False,False,True,RUNTIME_RACEDAY_MODEL_SUGGESTION,NAME_FALLBACK_MATCH
2026-07-06,922305,NEW_BUILD_LANE_C,NEW_BUILD_LANE_C,Sweet Iris,,data/new_build/reports/two_lane_readiness_2026_07_06.json,race_day_scorecards[].lane_c_top3,3,0.531649,11.0,10,False,False,,False,False,True,RUNTIME_RACEDAY_MODEL_SUGGESTION,NAME_FALLBACK_MATCH
2026-07-06,924387,CHAMPION_INTENT_SHADOW,CHAMPION_INTENT_SHADOW,Manoir De Mirande,8344456,data/reports/july06_intent_shadow_scorecard.csv,champion_intent_shadow_prob,1,0.120108,3.75,7,False,False,,False,False,True,RUNTIME_RACEDAY_MODEL_SUGGESTION,ID_MATCH
2026-07-06,924387,CHAMPION_INTENT_SHADOW,CHAMPION_INTENT_SHADOW,Carrig Padraig,5881683,data/reports/july06_intent_shadow_scorecard.csv,champion_intent_shadow_prob,2,0.083297,10.0,F,False,False,,False,False,True,RUNTIME_RACEDAY_MODEL_SUGGESTION,ID_MATCH
2026-07-06,924387,CHAMPION_INTENT_SHADOW,CHAMPION_INTENT_SHADOW,World As One,7347771,data/reports/july06_intent_shadow_scorecard.csv,champion_intent_shadow_prob,3,0.076863,2.5,5,False,False,,False,False,True,RUNTIME_RACEDAY_MODEL_SUGGESTION,ID_MATCH
2026-07-06,924387,CHAMPION_INTENT_SHADOW,CHAMPION_INTENT_SHADOW,Sestini,7669942,data/reports/july06_intent_shadow_scorecard.csv,champion_intent_shadow_prob,4,0.076863,7.5,3,False,True,,False,False,True,RUNTIME_RACEDAY_MODEL_SUGGESTION,ID_MATCH
2026-07-06,924387,CHAMPION_INTENT_SHADOW,CHAMPION_INTENT_SHADOW,Il Pirata,7525364,data/reports/july06_intent_shadow_scorecard.csv,champion_intent_shadow_prob,5,0.076863,41.0,8,False,False,,False,False,True,RUNTIME_RACEDAY_MODEL_SUGGESTION,ID_MATCH
2026-07-06,924387,CHAMPION_INTENT_SHADOW,CHAMPION_INTENT_SHADOW,Jodoro,7471129,data/reports/july06_intent_shadow_scorecard.csv,champion_intent_shadow_prob,6,0.076863,15.0,UR,False,False,,False,False,True,RUNTIME_RACEDAY_MODEL_SUGGESTION,ID_MATCH
2026-07-06,924387,CHAMPION_INTENT_SHADOW,CHAMPION_INTENT_SHADOW,Ol Parson,8753800,data/reports/july06_intent_shadow_scorecard.csv,champion_intent_shadow_prob,7,0.076863,51.0,6,False,False,,False,False,True,RUNTIME_RACEDAY_MODEL_SUGGESTION,ID_MATCH
2026-07-06,924387,CHAMPION_INTENT_SHADOW,CHAMPION_INTENT_SHADOW,Home By The Sea,8565921,data/reports/july06_intent_shadow_scorecard.csv,champion_intent_shadow_prob,8,0.0694,251.0,4,False,False,,False,False,True,RUNTIME_RACEDAY_MODEL_SUGGESTION,ID_MATCH
2026-07-06,924387,CHAMPION_INTENT_SHADOW,CHAMPION_INTENT_SHADOW,Minella Moon Shine,5884305,data/reports/july06_intent_shadow_scorecard.csv,champion_intent_shadow_prob,9,0.06882,4.33,2,False,True,,False,False,True,RUNTIME_RACEDAY_MODEL_SUGGESTION,ID_MATCH
2026-07-06,924387,CHAMPION_INTENT_SHADOW,CHAMPION_INTENT_SHADOW,Neat As A Pin,9354990,data/reports/july06_intent_shadow_scorecard.csv,champion_intent_shadow_prob,10,0.068727,34.0,UR,False,False,,False,False,True,RUNTIME_RACEDAY_MODEL_SUGGESTION,ID_MATCH
2026-07-06,924387,CHAMPION_INTENT_SHADOW,CHAMPION_INTENT_SHADOW,Like An Ocean,9490304,data/reports/july06_intent_shadow_scorecard.csv,champion_intent_shadow_prob,11,0.068727,41.0,1,True,True,,False,False,True,RUNTIME_RACEDAY_MODEL_SUGGESTION,ID_MATCH
2026-07-06,924387,CHAMPION_INTENT_SHADOW,CHAMPION_INTENT_SHADOW,Humble Berkshire,9295537,data/reports/july06_intent_shadow_scorecard.csv,champion_intent_shadow_prob,12,0.068727,401.0,9,False,False,,False,False,True,RUNTIME_RACEDAY_MODEL_SUGGESTION,ID_MATCH
2026-07-06,924387,CHAMPION_INTENT_SHADOW,CHAMPION_INTENT_SHADOW,Saviour Blu,7935077,data/reports/july06_intent_shadow_scorecard.csv,champion_intent_shadow_prob,13,0.062476,401.0,UR,False,False,,False,False,True,RUNTIME_RACEDAY_MODEL_SUGGESTION,ID_MATCH
2026-07-06,924387,CHAMPION_INTENT_SHADOW,CHAMPION_INTENT_SHADOW,It's Time To Leave,9227243,data/reports/july06_intent_shadow_scorecard.csv,champion_intent_shadow_prob,14,0.058924,251.0,10,False,False,,False,False,True,RUNTIME_RACEDAY_MODEL_SUGGESTION,ID_MATCH
2026-07-06,924387,NEW_BUILD_LANE_A,NEW_BUILD_LANE_A,Carrig Padraig,,data/new_build/reports/two_lane_readiness_2026_07_06.json,race_day_scorecards[].lane_a_top3,1,0.10126,10.0,F,False,False,,False,False,True,RUNTIME_RACEDAY_MODEL_SUGGESTION,NAME_FALLBACK_MATCH
2026-07-06,924387,NEW_BUILD_LANE_A,NEW_BUILD_LANE_A,Manoir De Mirande,,data/new_build/reports/two_lane_readiness_2026_07_06.json,race_day_scorecards[].lane_a_top3,2,0.100613,3.75,7,False,False,,False,False,True,RUNTIME_RACEDAY_MODEL_SUGGESTION,NAME_FALLBACK_MATCH
2026-07-06,924387,NEW_BUILD_LANE_A,NEW_BUILD_LANE_A,World As One,,data/new_build/reports/two_lane_readiness_2026_07_06.json,race_day_scorecards[].lane_a_top3,3,0.085123,2.5,5,False,False,,False,False,True,RUNTIME_RACEDAY_MODEL_SUGGESTION,NAME_FALLBACK_MATCH
2026-07-06,924387,NEW_BUILD_LANE_B,NEW_BUILD_LANE_B,Manoir De Mirande,,data/new_build/reports/two_lane_readiness_2026_07_06.json,race_day_scorecards[].lane_b_top3,1,0.092506,3.75,7,False,False,,False,False,True,RUNTIME_RACEDAY_MODEL_SUGGESTION,NAME_FALLBACK_MATCH
2026-07-06,924387,NEW_BUILD_LANE_B,NEW_BUILD_LANE_B,Carrig Padraig,,data/new_build/reports/two_lane_readiness_2026_07_06.json,race_day_scorecards[].lane_b_top3,2,0.083154,10.0,F,False,False,,False,False,True,RUNTIME_RACEDAY_MODEL_SUGGESTION,NAME_FALLBACK_MATCH
2026-07-06,924387,NEW_BUILD_LANE_B,NEW_BUILD_LANE_B,World As One,,data/new_build/reports/two_lane_readiness_2026_07_06.json,race_day_scorecards[].lane_b_top3,3,0.07673,2.5,5,False,False,,False,False,True,RUNTIME_RACEDAY_MODEL_SUGGESTION,NAME_FALLBACK_MATCH
2026-07-06,924387,NEW_BUILD_LANE_C,NEW_BUILD_LANE_C,Manoir De Mirande,,data/new_build/reports/two_lane_readiness_2026_07_06.json,race_day_scorecards[].lane_c_top3,1,0.543483,3.75,7,False,False,,False,False,True,RUNTIME_RACEDAY_MODEL_SUGGESTION,NAME_FALLBACK_MATCH
2026-07-06,924387,NEW_BUILD_LANE_C,NEW_BUILD_LANE_C,World As One,,data/new_build/reports/two_lane_readiness_2026_07_06.json,race_day_scorecards[].lane_c_top3,2,0.536823,2.5,5,False,False,,False,False,True,RUNTIME_RACEDAY_MODEL_SUGGESTION,NAME_FALLBACK_MATCH
2026-07-06,924387,NEW_BUILD_LANE_C,NEW_BUILD_LANE_C,Il Pirata,,data/new_build/reports/two_lane_readiness_2026_07_06.json,race_day_scorecards[].lane_c_top3,3,0.536823,41.0,8,False,False,,False,False,True,RUNTIME_RACEDAY_MODEL_SUGGESTION,NAME_FALLBACK_MATCH
2026-07-06,924398,CHAMPION_INTENT_SHADOW,CHAMPION_INTENT_SHADOW,Ghayah (Fr),9472161,data/reports/july06_intent_shadow_scorecard.csv,champion_intent_shadow_prob,1,0.181077,3.0,4,False,False,,False,False,True,RUNTIME_RACEDAY_MODEL_SUGGESTION,ID_MATCH
2026-07-06,924398,CHAMPION_INTENT_SHADOW,CHAMPION_INTENT_SHADOW,Ashj'Aa (Gb),9512284,data/reports/july06_intent_shadow_scorecard.csv,champion_intent_shadow_prob,2,0.179216,11.0,1,True,True,,False,False,True,RUNTIME_RACEDAY_MODEL_SUGGESTION,ID_MATCH
2026-07-06,924398,CHAMPION_INTENT_SHADOW,CHAMPION_INTENT_SHADOW,Jeewan (GB),3209584,data/reports/july06_intent_shadow_scorecard.csv,champion_intent_shadow_prob,3,0.172949,5.5,3,False,True,,False,False,True,RUNTIME_RACEDAY_MODEL_SUGGESTION,ID_MATCH
2026-07-06,924398,CHAMPION_INTENT_SHADOW,CHAMPION_INTENT_SHADOW,Hibikinada Du Mazet (Fr),6220016,data/reports/july06_intent_shadow_scorecard.csv,champion_intent_shadow_prob,4,0.163232,23.0,6,False,False,,False,False,True,RUNTIME_RACEDAY_MODEL_SUGGESTION,ID_MATCH
2026-07-06,924398,CHAMPION_INTENT_SHADOW,CHAMPION_INTENT_SHADOW,Victoria (Gb),5104141,data/reports/july06_intent_shadow_scorecard.csv,champion_intent_shadow_prob,5,0.092984,11.0,2,False,True,,False,False,True,RUNTIME_RACEDAY_MODEL_SUGGESTION,ID_MATCH
2026-07-06,924398,CHAMPION_INTENT_SHADOW,CHAMPION_INTENT_SHADOW,Pharitz Lahia (Gb),58961210,data/reports/july06_intent_shadow_scorecard.csv,champion_intent_shadow_prob,6,0.047205,2.25,5,False,False,,False,False,True,RUNTIME_RACEDAY_MODEL_SUGGESTION,ID_MATCH
2026-07-06,924398,NEW_BUILD_LANE_A,NEW_BUILD_LANE_A,Pharitz Lahia (Gb),,data/new_build/reports/two_lane_readiness_2026_07_06.json,race_day_scorecards[].lane_a_top3,1,0.14718,2.25,5,False,False,,False,False,True,RUNTIME_RACEDAY_MODEL_SUGGESTION,NAME_FALLBACK_MATCH
2026-07-06,924398,NEW_BUILD_LANE_A,NEW_BUILD_LANE_A,Victoria (Gb),,data/new_build/reports/two_lane_readiness_2026_07_06.json,race_day_scorecards[].lane_a_top3,2,0.146689,11.0,2,False,True,,False,False,True,RUNTIME_RACEDAY_MODEL_SUGGESTION,NAME_FALLBACK_MATCH
2026-07-06,924398,NEW_BUILD_LANE_A,NEW_BUILD_LANE_A,Hibikinada Du Mazet (Fr),,data/new_build/reports/two_lane_readiness_2026_07_06.json,race_day_scorecards[].lane_a_top3,3,0.143094,23.0,6,False,False,,False,False,True,RUNTIME_RACEDAY_MODEL_SUGGESTION,NAME_FALLBACK_MATCH
2026-07-06,924398,NEW_BUILD_LANE_B,NEW_BUILD_LANE_B,Ghayah (Fr),,data/new_build/reports/two_lane_readiness_2026_07_06.json,race_day_scorecards[].lane_b_top3,1,0.135512,3.0,4,False,False,,False,False,True,RUNTIME_RACEDAY_MODEL_SUGGESTION,NAME_FALLBACK_MATCH
2026-07-06,924398,NEW_BUILD_LANE_B,NEW_BUILD_LANE_B,Ashj'Aa (Gb),,data/new_build/reports/two_lane_readiness_2026_07_06.json,race_day_scorecards[].lane_b_top3,2,0.133878,11.0,1,True,True,,False,False,True,RUNTIME_RACEDAY_MODEL_SUGGESTION,NAME_FALLBACK_MATCH
2026-07-06,924398,NEW_BUILD_LANE_B,NEW_BUILD_LANE_B,Hibikinada Du Mazet (Fr),,data/new_build/reports/two_lane_readiness_2026_07_06.json,race_day_scorecards[].lane_b_top3,3,0.132682,23.0,6,False,False,,False,False,True,RUNTIME_RACEDAY_MODEL_SUGGESTION,NAME_FALLBACK_MATCH
2026-07-06,924398,NEW_BUILD_LANE_C,NEW_BUILD_LANE_C,Pharitz Lahia (Gb),,data/new_build/reports/two_lane_readiness_2026_07_06.json,race_day_scorecards[].lane_c_top3,1,0.56607,2.25,5,False,False,,False,False,True,RUNTIME_RACEDAY_MODEL_SUGGESTION,NAME_FALLBACK_MATCH
2026-07-06,924398,NEW_BUILD_LANE_C,NEW_BUILD_LANE_C,Victoria (Gb),,data/new_build/reports/two_lane_readiness_2026_07_06.json,race_day_scorecards[].lane_c_top3,2,0.565324,11.0,2,False,True,,False,False,True,RUNTIME_RACEDAY_MODEL_SUGGESTION,NAME_FALLBACK_MATCH
2026-07-06,924398,NEW_BUILD_LANE_C,NEW_BUILD_LANE_C,Hibikinada Du Mazet (Fr),,data/new_build/reports/two_lane_readiness_2026_07_06.json,race_day_scorecards[].lane_c_top3,3,0.56481,23.0,6,False,False,,False,False,True,RUNTIME_RACEDAY_MODEL_SUGGESTION,NAME_FALLBACK_MATCH
2026-07-06,922466,CHAMPION_INTENT_SHADOW,CHAMPION_INTENT_SHADOW,The Fixer,4967778,data/reports/july06_intent_shadow_scorecard.csv,champion_intent_shadow_prob,1,0.132611,4.33,8,False,False,,False,False,True,RUNTIME_RACEDAY_MODEL_SUGGESTION,ID_MATCH
2026-07-06,922466,CHAMPION_INTENT_SHADOW,CHAMPION_INTENT_SHADOW,South Shore,5045864,data/reports/july06_intent_shadow_scorecard.csv,champion_intent_shadow_prob,2,0.123745,2.62,1,True,True,,False,False,True,RUNTIME_RACEDAY_MODEL_SUGGESTION,ID_MATCH
2026-07-06,922466,CHAMPION_INTENT_SHADOW,CHAMPION_INTENT_SHADOW,Winemaker,4522998,data/reports/july06_intent_shadow_scorecard.csv,champion_intent_shadow_prob,3,0.106651,3.0,7,False,False,,False,False,True,RUNTIME_RACEDAY_MODEL_SUGGESTION,ID_MATCH
2026-07-06,922466,CHAMPION_INTENT_SHADOW,CHAMPION_INTENT_SHADOW,She's A Gift,7195634,data/reports/july06_intent_shadow_scorecard.csv,champion_intent_shadow_prob,4,0.105293,13.0,2,False,True,,False,False,True,RUNTIME_RACEDAY_MODEL_SUGGESTION,ID_MATCH
2026-07-06,922466,CHAMPION_INTENT_SHADOW,CHAMPION_INTENT_SHADOW,Brave Bob,6626293,data/reports/july06_intent_shadow_scorecard.csv,champion_intent_shadow_prob,5,0.085674,17.0,3,False,True,,False,False,True,RUNTIME_RACEDAY_MODEL_SUGGESTION,ID_MATCH
2026-07-06,922466,CHAMPION_INTENT_SHADOW,CHAMPION_INTENT_SHADOW,Daley T,4350771,data/reports/july06_intent_shadow_scorecard.csv,champion_intent_shadow_prob,6,0.081749,34.0,4,False,False,,False,False,True,RUNTIME_RACEDAY_MODEL_SUGGESTION,ID_MATCH
2026-07-06,922466,CHAMPION_INTENT_SHADOW,CHAMPION_INTENT_SHADOW,Chiedozie,5101973,data/reports/july06_intent_shadow_scorecard.csv,champion_intent_shadow_prob,7,0.080837,126.0,9,False,False,,False,False,True,RUNTIME_RACEDAY_MODEL_SUGGESTION,ID_MATCH
2026-07-06,922466,CHAMPION_INTENT_SHADOW,CHAMPION_INTENT_SHADOW,Isla Bella,5806696,data/reports/july06_intent_shadow_scorecard.csv,champion_intent_shadow_prob,8,0.060211,34.0,5,False,False,,False,False,True,RUNTIME_RACEDAY_MODEL_SUGGESTION,ID_MATCH
2026-07-06,922466,CHAMPION_INTENT_SHADOW,CHAMPION_INTENT_SHADOW,Tilsworth Ony Ta,3791406,data/reports/july06_intent_shadow_scorecard.csv,champion_intent_shadow_prob,9,0.048908,81.0,6,False,False,,False,False,True,RUNTIME_RACEDAY_MODEL_SUGGESTION,ID_MATCH
2026-07-06,922466,NEW_BUILD_LANE_A,NEW_BUILD_LANE_A,Chiedozie,,data/new_build/reports/two_lane_readiness_2026_07_06.json,race_day_scorecards[].lane_a_top3,1,0.109863,126.0,9,False,False,,False,False,True,RUNTIME_RACEDAY_MODEL_SUGGESTION,NAME_FALLBACK_MATCH
2026-07-06,922466,NEW_BUILD_LANE_A,NEW_BUILD_LANE_A,The Fixer,,data/new_build/reports/two_lane_readiness_2026_07_06.json,race_day_scorecards[].lane_a_top3,2,0.098534,4.33,8,False,False,,False,False,True,RUNTIME_RACEDAY_MODEL_SUGGESTION,NAME_FALLBACK_MATCH
2026-07-06,922466,NEW_BUILD_LANE_A,NEW_BUILD_LANE_A,Brave Bob,,data/new_build/reports/two_lane_readiness_2026_07_06.json,race_day_scorecards[].lane_a_top3,3,0.098516,17.0,3,False,True,,False,False,True,RUNTIME_RACEDAY_MODEL_SUGGESTION,NAME_FALLBACK_MATCH
2026-07-06,922466,NEW_BUILD_LANE_B,NEW_BUILD_LANE_B,Chiedozie,,data/new_build/reports/two_lane_readiness_2026_07_06.json,race_day_scorecards[].lane_b_top3,1,0.105371,126.0,9,False,False,,False,False,True,RUNTIME_RACEDAY_MODEL_SUGGESTION,NAME_FALLBACK_MATCH
2026-07-06,922466,NEW_BUILD_LANE_B,NEW_BUILD_LANE_B,She's A Gift,,data/new_build/reports/two_lane_readiness_2026_07_06.json,race_day_scorecards[].lane_b_top3,2,0.102312,13.0,2,False,True,,False,False,True,RUNTIME_RACEDAY_MODEL_SUGGESTION,NAME_FALLBACK_MATCH
2026-07-06,922466,NEW_BUILD_LANE_B,NEW_BUILD_LANE_B,Brave Bob,,data/new_build/reports/two_lane_readiness_2026_07_06.json,race_day_scorecards[].lane_b_top3,3,0.100426,17.0,3,False,True,,False,False,True,RUNTIME_RACEDAY_MODEL_SUGGESTION,NAME_FALLBACK_MATCH
2026-07-06,922466,NEW_BUILD_LANE_C,NEW_BUILD_LANE_C,Chiedozie,,data/new_build/reports/two_lane_readiness_2026_07_06.json,race_day_scorecards[].lane_c_top3,1,0.545941,126.0,9,False,False,,False,False,True,RUNTIME_RACEDAY_MODEL_SUGGESTION,NAME_FALLBACK_MATCH
2026-07-06,922466,NEW_BUILD_LANE_C,NEW_BUILD_LANE_C,Daley T,,data/new_build/reports/two_lane_readiness_2026_07_06.json,race_day_scorecards[].lane_c_top3,2,0.544642,34.0,4,False,False,,False,False,True,RUNTIME_RACEDAY_MODEL_SUGGESTION,NAME_FALLBACK_MATCH
2026-07-06,922466,NEW_BUILD_LANE_C,NEW_BUILD_LANE_C,The Fixer,,data/new_build/reports/two_lane_readiness_2026_07_06.json,race_day_scorecards[].lane_c_top3,3,0.543844,4.33,8,False,False,,False,False,True,RUNTIME_RACEDAY_MODEL_SUGGESTION,NAME_FALLBACK_MATCH
2026-07-06,922304,CHAMPION_INTENT_SHADOW,CHAMPION_INTENT_SHADOW,Dayna,9340085,data/reports/july06_intent_shadow_scorecard.csv,champion_intent_shadow_prob,1,0.16355,26.0,5,False,False,,False,False,True,RUNTIME_RACEDAY_MODEL_SUGGESTION,ID_MATCH
2026-07-06,922304,CHAMPION_INTENT_SHADOW,CHAMPION_INTENT_SHADOW,Alterity,7852224,data/reports/july06_intent_shadow_scorecard.csv,champion_intent_shadow_prob,2,0.162341,2.2,1,True,True,,False,False,True,RUNTIME_RACEDAY_MODEL_SUGGESTION,ID_MATCH
2026-07-06,922304,CHAMPION_INTENT_SHADOW,CHAMPION_INTENT_SHADOW,Queen's Hame,9490329,data/reports/july06_intent_shadow_scorecard.csv,champion_intent_shadow_prob,3,0.158494,1.91,2,False,True,,False,False,True,RUNTIME_RACEDAY_MODEL_SUGGESTION,ID_MATCH
2026-07-06,922304,CHAMPION_INTENT_SHADOW,CHAMPION_INTENT_SHADOW,War And Love,6928477,data/reports/july06_intent_shadow_scorecard.csv,champion_intent_shadow_prob,4,0.14944,17.0,3,False,True,,False,False,True,RUNTIME_RACEDAY_MODEL_SUGGESTION,ID_MATCH
2026-07-06,922304,CHAMPION_INTENT_SHADOW,CHAMPION_INTENT_SHADOW,Speckled Brown,8236338,data/reports/july06_intent_shadow_scorecard.csv,champion_intent_shadow_prob,5,0.132268,41.0,4,False,False,,False,False,True,RUNTIME_RACEDAY_MODEL_SUGGESTION,ID_MATCH
2026-07-06,922304,NEW_BUILD_LANE_A,NEW_BUILD_LANE_A,Alterity,,data/new_build/reports/two_lane_readiness_2026_07_06.json,race_day_scorecards[].lane_a_top3,1,0.183743,2.2,1,True,True,,False,False,True,RUNTIME_RACEDAY_MODEL_SUGGESTION,NAME_FALLBACK_MATCH
2026-07-06,922304,NEW_BUILD_LANE_A,NEW_BUILD_LANE_A,Queen's Hame,,data/new_build/reports/two_lane_readiness_2026_07_06.json,race_day_scorecards[].lane_a_top3,2,0.168992,1.91,2,False,True,,False,False,True,RUNTIME_RACEDAY_MODEL_SUGGESTION,NAME_FALLBACK_MATCH
2026-07-06,922304,NEW_BUILD_LANE_A,NEW_BUILD_LANE_A,War And Love,,data/new_build/reports/two_lane_readiness_2026_07_06.json,race_day_scorecards[].lane_a_top3,3,0.16293,17.0,3,False,True,,False,False,True,RUNTIME_RACEDAY_MODEL_SUGGESTION,NAME_FALLBACK_MATCH
2026-07-06,922304,NEW_BUILD_LANE_B,NEW_BUILD_LANE_B,Alterity,,data/new_build/reports/two_lane_readiness_2026_07_06.json,race_day_scorecards[].lane_b_top3,1,0.167145,2.2,1,True,True,,False,False,True,RUNTIME_RACEDAY_MODEL_SUGGESTION,NAME_FALLBACK_MATCH
2026-07-06,922304,NEW_BUILD_LANE_B,NEW_BUILD_LANE_B,War And Love,,data/new_build/reports/two_lane_readiness_2026_07_06.json,race_day_scorecards[].lane_b_top3,2,0.165094,17.0,3,False,True,,False,False,True,RUNTIME_RACEDAY_MODEL_SUGGESTION,NAME_FALLBACK_MATCH
2026-07-06,922304,NEW_BUILD_LANE_B,NEW_BUILD_LANE_B,Dayna,,data/new_build/reports/two_lane_readiness_2026_07_06.json,race_day_scorecards[].lane_b_top3,3,0.16355,26.0,5,False,False,,False,False,True,RUNTIME_RACEDAY_MODEL_SUGGESTION,NAME_FALLBACK_MATCH
2026-07-06,922304,NEW_BUILD_LANE_C,NEW_BUILD_LANE_C,Queen's Hame,,data/new_build/reports/two_lane_readiness_2026_07_06.json,race_day_scorecards[].lane_c_top3,1,0.582232,1.91,2,False,True,,False,False,True,RUNTIME_RACEDAY_MODEL_SUGGESTION,NAME_FALLBACK_MATCH
2026-07-06,922304,NEW_BUILD_LANE_C,NEW_BUILD_LANE_C,War And Love,,data/new_build/reports/two_lane_readiness_2026_07_06.json,race_day_scorecards[].lane_c_top3,2,0.57462,17.0,3,False,True,,False,False,True,RUNTIME_RACEDAY_MODEL_SUGGESTION,NAME_FALLBACK_MATCH
2026-07-06,922304,NEW_BUILD_LANE_C,NEW_BUILD_LANE_C,Dayna,,data/new_build/reports/two_lane_readiness_2026_07_06.json,race_day_scorecards[].lane_c_top3,3,0.574489,26.0,5,False,False,,False,False,True,RUNTIME_RACEDAY_MODEL_SUGGESTION,NAME_FALLBACK_MATCH
2026-07-06,924279,CHAMPION_INTENT_SHADOW,CHAMPION_INTENT_SHADOW,Endless Talking,7404480,data/reports/july06_intent_shadow_scorecard.csv,champion_intent_shadow_prob,1,0.324888,,,False,False,,False,False,True,RUNTIME_RACEDAY_MODEL_SUGGESTION,NO_RESULT_MATCH
2026-07-06,924279,CHAMPION_INTENT_SHADOW,CHAMPION_INTENT_SHADOW,Dani Donadoni,7209399,data/reports/july06_intent_shadow_scorecard.csv,champion_intent_shadow_prob,2,0.256153,2.5,2,False,True,,False,False,True,RUNTIME_RACEDAY_MODEL_SUGGESTION,ID_MATCH
2026-07-06,924279,CHAMPION_INTENT_SHADOW,CHAMPION_INTENT_SHADOW,The Store Boy,7404618,data/reports/july06_intent_shadow_scorecard.csv,champion_intent_shadow_prob,3,0.196007,4.0,3,False,True,,False,False,True,RUNTIME_RACEDAY_MODEL_SUGGESTION,ID_MATCH
2026-07-06,924279,CHAMPION_INTENT_SHADOW,CHAMPION_INTENT_SHADOW,Lizzie Twigg,8784170,data/reports/july06_intent_shadow_scorecard.csv,champion_intent_shadow_prob,4,0.123668,2.38,1,True,True,,False,False,True,RUNTIME_RACEDAY_MODEL_SUGGESTION,ID_MATCH
2026-07-06,924279,CHAMPION_INTENT_SHADOW,CHAMPION_INTENT_SHADOW,Suresuresure,7592658,data/reports/july06_intent_shadow_scorecard.csv,champion_intent_shadow_prob,5,0.123668,51.0,5,False,False,,False,False,True,RUNTIME_RACEDAY_MODEL_SUGGESTION,ID_MATCH
2026-07-06,924279,CHAMPION_INTENT_SHADOW,CHAMPION_INTENT_SHADOW,Whoyougonnacall,8106614,data/reports/july06_intent_shadow_scorecard.csv,champion_intent_shadow_prob,6,0.12249,51.0,4,False,False,,False,False,True,RUNTIME_RACEDAY_MODEL_SUGGESTION,ID_MATCH
2026-07-06,924279,CHAMPION_INTENT_SHADOW,CHAMPION_INTENT_SHADOW,Move It On Over,7622812,data/reports/july06_intent_shadow_scorecard.csv,champion_intent_shadow_prob,7,0.013966,101.0,UR,False,False,,False,False,True,RUNTIME_RACEDAY_MODEL_SUGGESTION,ID_MATCH
2026-07-06,924279,NEW_BUILD_LANE_A,NEW_BUILD_LANE_A,Endless Talking,,data/new_build/reports/two_lane_readiness_2026_07_06.json,race_day_scorecards[].lane_a_top3,1,0.13497,,,False,False,,False,False,True,RUNTIME_RACEDAY_MODEL_SUGGESTION,NO_RESULT_MATCH
2026-07-06,924279,NEW_BUILD_LANE_A,NEW_BUILD_LANE_A,Lizzie Twigg,,data/new_build/reports/two_lane_readiness_2026_07_06.json,race_day_scorecards[].lane_a_top3,2,0.131757,2.38,1,True,True,,False,False,True,RUNTIME_RACEDAY_MODEL_SUGGESTION,NAME_FALLBACK_MATCH
2026-07-06,924279,NEW_BUILD_LANE_A,NEW_BUILD_LANE_A,Suresuresure,,data/new_build/reports/two_lane_readiness_2026_07_06.json,race_day_scorecards[].lane_a_top3,3,0.131757,51.0,5,False,False,,False,False,True,RUNTIME_RACEDAY_MODEL_SUGGESTION,NAME_FALLBACK_MATCH
2026-07-06,924279,NEW_BUILD_LANE_B,NEW_BUILD_LANE_B,Endless Talking,,data/new_build/reports/two_lane_readiness_2026_07_06.json,race_day_scorecards[].lane_b_top3,1,0.126096,,,False,False,,False,False,True,RUNTIME_RACEDAY_MODEL_SUGGESTION,NO_RESULT_MATCH
2026-07-06,924279,NEW_BUILD_LANE_B,NEW_BUILD_LANE_B,Lizzie Twigg,,data/new_build/reports/two_lane_readiness_2026_07_06.json,race_day_scorecards[].lane_b_top3,2,0.123471,2.38,1,True,True,,False,False,True,RUNTIME_RACEDAY_MODEL_SUGGESTION,NAME_FALLBACK_MATCH
2026-07-06,924279,NEW_BUILD_LANE_B,NEW_BUILD_LANE_B,Suresuresure,,data/new_build/reports/two_lane_readiness_2026_07_06.json,race_day_scorecards[].lane_b_top3,3,0.123471,51.0,5,False,False,,False,False,True,RUNTIME_RACEDAY_MODEL_SUGGESTION,NAME_FALLBACK_MATCH
2026-07-06,924279,NEW_BUILD_LANE_C,NEW_BUILD_LANE_C,The Store Boy,,data/new_build/reports/two_lane_readiness_2026_07_06.json,race_day_scorecards[].lane_c_top3,1,0.569789,4.0,3,False,True,,False,False,True,RUNTIME_RACEDAY_MODEL_SUGGESTION,NAME_FALLBACK_MATCH
2026-07-06,924279,NEW_BUILD_LANE_C,NEW_BUILD_LANE_C,Endless Talking,,data/new_build/reports/two_lane_readiness_2026_07_06.json,race_day_scorecards[].lane_c_top3,2,0.564644,,,False,False,,False,False,True,RUNTIME_RACEDAY_MODEL_SUGGESTION,NO_RESULT_MATCH
2026-07-06,924279,NEW_BUILD_LANE_C,NEW_BUILD_LANE_C,Lizzie Twigg,,data/new_build/reports/two_lane_readiness_2026_07_06.json,race_day_scorecards[].lane_c_top3,3,0.563969,2.38,1,True,True,,False,False,True,RUNTIME_RACEDAY_MODEL_SUGGESTION,NAME_FALLBACK_MATCH
2026-07-06,922462,CHAMPION_INTENT_SHADOW,CHAMPION_INTENT_SHADOW,Roxelina,9115887,data/reports/july06_intent_shadow_scorecard.csv,champion_intent_shadow_prob,1,0.1141,1.22,1,True,True,,False,False,True,RUNTIME_RACEDAY_MODEL_SUGGESTION,ID_MATCH
2026-07-06,922462,CHAMPION_INTENT_SHADOW,CHAMPION_INTENT_SHADOW,Delighfully Hot,9326755,data/reports/july06_intent_shadow_scorecard.csv,champion_intent_shadow_prob,2,0.113893,12.0,2,False,True,,False,False,True,RUNTIME_RACEDAY_MODEL_SUGGESTION,ID_MATCH
2026-07-06,922462,CHAMPION_INTENT_SHADOW,CHAMPION_INTENT_SHADOW,Dreams Galore,9312946,data/reports/july06_intent_shadow_scorecard.csv,champion_intent_shadow_prob,3,0.113119,23.0,7,False,False,,False,False,True,RUNTIME_RACEDAY_MODEL_SUGGESTION,ID_MATCH
2026-07-06,922462,CHAMPION_INTENT_SHADOW,CHAMPION_INTENT_SHADOW,Lola,8881463,data/reports/july06_intent_shadow_scorecard.csv,champion_intent_shadow_prob,4,0.113099,13.0,4,False,False,,False,False,True,RUNTIME_RACEDAY_MODEL_SUGGESTION,ID_MATCH
2026-07-06,922462,CHAMPION_INTENT_SHADOW,CHAMPION_INTENT_SHADOW,Enhancing,9276861,data/reports/july06_intent_shadow_scorecard.csv,champion_intent_shadow_prob,5,0.111894,34.0,6,False,False,,False,False,True,RUNTIME_RACEDAY_MODEL_SUGGESTION,ID_MATCH
2026-07-06,922462,CHAMPION_INTENT_SHADOW,CHAMPION_INTENT_SHADOW,Betty Boop,9451556,data/reports/july06_intent_shadow_scorecard.csv,champion_intent_shadow_prob,6,0.109838,,,False,False,,False,False,True,RUNTIME_RACEDAY_MODEL_SUGGESTION,NO_RESULT_MATCH
2026-07-06,922462,CHAMPION_INTENT_SHADOW,CHAMPION_INTENT_SHADOW,Elpeeare,8688542,data/reports/july06_intent_shadow_scorecard.csv,champion_intent_shadow_prob,7,0.109838,10.0,3,False,True,,False,False,True,RUNTIME_RACEDAY_MODEL_SUGGESTION,ID_MATCH
2026-07-06,922462,CHAMPION_INTENT_SHADOW,CHAMPION_INTENT_SHADOW,Charcoal Diva,9179709,data/reports/july06_intent_shadow_scorecard.csv,champion_intent_shadow_prob,8,0.075565,81.0,5,False,False,,False,False,True,RUNTIME_RACEDAY_MODEL_SUGGESTION,ID_MATCH
2026-07-06,922462,NEW_BUILD_LANE_A,NEW_BUILD_LANE_A,Betty Boop,,data/new_build/reports/two_lane_readiness_2026_07_06.json,race_day_scorecards[].lane_a_top3,1,0.119061,,,False,False,,False,False,True,RUNTIME_RACEDAY_MODEL_SUGGESTION,NO_RESULT_MATCH
2026-07-06,922462,NEW_BUILD_LANE_A,NEW_BUILD_LANE_A,Elpeeare,,data/new_build/reports/two_lane_readiness_2026_07_06.json,race_day_scorecards[].lane_a_top3,2,0.117606,10.0,3,False,True,,False,False,True,RUNTIME_RACEDAY_MODEL_SUGGESTION,NAME_FALLBACK_MATCH
2026-07-06,922462,NEW_BUILD_LANE_A,NEW_BUILD_LANE_A,Delighfully Hot,,data/new_build/reports/two_lane_readiness_2026_07_06.json,race_day_scorecards[].lane_a_top3,3,0.108942,12.0,2,False,True,,False,False,True,RUNTIME_RACEDAY_MODEL_SUGGESTION,NAME_FALLBACK_MATCH
2026-07-06,922462,NEW_BUILD_LANE_B,NEW_BUILD_LANE_B,Delighfully Hot,,data/new_build/reports/two_lane_readiness_2026_07_06.json,race_day_scorecards[].lane_b_top3,1,0.110736,12.0,2,False,True,,False,False,True,RUNTIME_RACEDAY_MODEL_SUGGESTION,NAME_FALLBACK_MATCH
2026-07-06,922462,NEW_BUILD_LANE_B,NEW_BUILD_LANE_B,Roxelina,,data/new_build/reports/two_lane_readiness_2026_07_06.json,race_day_scorecards[].lane_b_top3,2,0.110682,1.22,1,True,True,,False,False,True,RUNTIME_RACEDAY_MODEL_SUGGESTION,NAME_FALLBACK_MATCH
2026-07-06,922462,NEW_BUILD_LANE_B,NEW_BUILD_LANE_B,Dreams Galore,,data/new_build/reports/two_lane_readiness_2026_07_06.json,race_day_scorecards[].lane_b_top3,3,0.109726,23.0,7,False,False,,False,False,True,RUNTIME_RACEDAY_MODEL_SUGGESTION,NAME_FALLBACK_MATCH
2026-07-06,922462,NEW_BUILD_LANE_C,NEW_BUILD_LANE_C,Betty Boop,,data/new_build/reports/two_lane_readiness_2026_07_06.json,race_day_scorecards[].lane_c_top3,1,0.55161,,,False,False,,False,False,True,RUNTIME_RACEDAY_MODEL_SUGGESTION,NO_RESULT_MATCH
2026-07-06,922462,NEW_BUILD_LANE_C,NEW_BUILD_LANE_C,Elpeeare,,data/new_build/reports/two_lane_readiness_2026_07_06.json,race_day_scorecards[].lane_c_top3,2,0.551488,10.0,3,False,True,,False,False,True,RUNTIME_RACEDAY_MODEL_SUGGESTION,NAME_FALLBACK_MATCH
2026-07-06,922462,NEW_BUILD_LANE_C,NEW_BUILD_LANE_C,Delighfully Hot,,data/new_build/reports/two_lane_readiness_2026_07_06.json,race_day_scorecards[].lane_c_top3,3,0.546876,12.0,2,False,True,,False,False,True,RUNTIME_RACEDAY_MODEL_SUGGESTION,NAME_FALLBACK_MATCH
2026-07-06,922303,CHAMPION_INTENT_SHADOW,CHAMPION_INTENT_SHADOW,Glorious Kitty,5900738,data/reports/july06_intent_shadow_scorecard.csv,champion_intent_shadow_prob,1,0.151154,4.0,6,False,False,,False,False,True,RUNTIME_RACEDAY_MODEL_SUGGESTION,ID_MATCH
2026-07-06,922303,CHAMPION_INTENT_SHADOW,CHAMPION_INTENT_SHADOW,Urban Road,4031638,data/reports/july06_intent_shadow_scorecard.csv,champion_intent_shadow_prob,2,0.10467,11.0,9,False,False,,False,False,True,RUNTIME_RACEDAY_MODEL_SUGGESTION,ID_MATCH
2026-07-06,922303,CHAMPION_INTENT_SHADOW,CHAMPION_INTENT_SHADOW,Popeye Doyle,5708744,data/reports/july06_intent_shadow_scorecard.csv,champion_intent_shadow_prob,3,0.10448,34.0,7,False,False,,False,False,True,RUNTIME_RACEDAY_MODEL_SUGGESTION,ID_MATCH
2026-07-06,922303,CHAMPION_INTENT_SHADOW,CHAMPION_INTENT_SHADOW,Up The Jazz,5034735,data/reports/july06_intent_shadow_scorecard.csv,champion_intent_shadow_prob,4,0.098605,6.5,2,False,True,,False,False,True,RUNTIME_RACEDAY_MODEL_SUGGESTION,ID_MATCH
2026-07-06,922303,CHAMPION_INTENT_SHADOW,CHAMPION_INTENT_SHADOW,Hopeful Joy,7475650,data/reports/july06_intent_shadow_scorecard.csv,champion_intent_shadow_prob,5,0.095081,13.0,5,False,False,,False,False,True,RUNTIME_RACEDAY_MODEL_SUGGESTION,ID_MATCH
2026-07-06,922303,CHAMPION_INTENT_SHADOW,CHAMPION_INTENT_SHADOW,Precious Spartan,6496521,data/reports/july06_intent_shadow_scorecard.csv,champion_intent_shadow_prob,6,0.092996,6.0,8,False,False,,False,False,True,RUNTIME_RACEDAY_MODEL_SUGGESTION,ID_MATCH
2026-07-06,922303,CHAMPION_INTENT_SHADOW,CHAMPION_INTENT_SHADOW,Jesmond Dawn,5073257,data/reports/july06_intent_shadow_scorecard.csv,champion_intent_shadow_prob,7,0.071546,4.0,1,True,True,,False,False,True,RUNTIME_RACEDAY_MODEL_SUGGESTION,ID_MATCH
2026-07-06,922303,CHAMPION_INTENT_SHADOW,CHAMPION_INTENT_SHADOW,Poet's Dawn,1428794,data/reports/july06_intent_shadow_scorecard.csv,champion_intent_shadow_prob,8,0.067944,9.5,3,False,True,,False,False,True,RUNTIME_RACEDAY_MODEL_SUGGESTION,ID_MATCH
2026-07-06,922303,CHAMPION_INTENT_SHADOW,CHAMPION_INTENT_SHADOW,Volenti,3958772,data/reports/july06_intent_shadow_scorecard.csv,champion_intent_shadow_prob,9,0.050368,23.0,4,False,False,,False,False,True,RUNTIME_RACEDAY_MODEL_SUGGESTION,ID_MATCH
2026-07-06,922303,NEW_BUILD_LANE_A,NEW_BUILD_LANE_A,Glorious Kitty,,data/new_build/reports/two_lane_readiness_2026_07_06.json,race_day_scorecards[].lane_a_top3,1,0.134031,4.0,6,False,False,,False,False,True,RUNTIME_RACEDAY_MODEL_SUGGESTION,NAME_FALLBACK_MATCH
2026-07-06,922303,NEW_BUILD_LANE_A,NEW_BUILD_LANE_A,Jesmond Dawn,,data/new_build/reports/two_lane_readiness_2026_07_06.json,race_day_scorecards[].lane_a_top3,2,0.106774,4.0,1,True,True,,False,False,True,RUNTIME_RACEDAY_MODEL_SUGGESTION,NAME_FALLBACK_MATCH
2026-07-06,922303,NEW_BUILD_LANE_A,NEW_BUILD_LANE_A,Volenti,,data/new_build/reports/two_lane_readiness_2026_07_06.json,race_day_scorecards[].lane_a_top3,3,0.102836,23.0,4,False,False,,False,False,True,RUNTIME_RACEDAY_MODEL_SUGGESTION,NAME_FALLBACK_MATCH
2026-07-06,922303,NEW_BUILD_LANE_B,NEW_BUILD_LANE_B,Glorious Kitty,,data/new_build/reports/two_lane_readiness_2026_07_06.json,race_day_scorecards[].lane_b_top3,1,0.110033,4.0,6,False,False,,False,False,True,RUNTIME_RACEDAY_MODEL_SUGGESTION,NAME_FALLBACK_MATCH
2026-07-06,922303,NEW_BUILD_LANE_B,NEW_BUILD_LANE_B,Popeye Doyle,,data/new_build/reports/two_lane_readiness_2026_07_06.json,race_day_scorecards[].lane_b_top3,2,0.104146,34.0,7,False,False,,False,False,True,RUNTIME_RACEDAY_MODEL_SUGGESTION,NAME_FALLBACK_MATCH
2026-07-06,922303,NEW_BUILD_LANE_B,NEW_BUILD_LANE_B,Precious Spartan,,data/new_build/reports/two_lane_readiness_2026_07_06.json,race_day_scorecards[].lane_b_top3,3,0.103418,6.0,8,False,False,,False,False,True,RUNTIME_RACEDAY_MODEL_SUGGESTION,NAME_FALLBACK_MATCH
2026-07-06,922303,NEW_BUILD_LANE_C,NEW_BUILD_LANE_C,Hopeful Joy,,data/new_build/reports/two_lane_readiness_2026_07_06.json,race_day_scorecards[].lane_c_top3,1,0.547231,13.0,5,False,False,,False,False,True,RUNTIME_RACEDAY_MODEL_SUGGESTION,NAME_FALLBACK_MATCH
2026-07-06,922303,NEW_BUILD_LANE_C,NEW_BUILD_LANE_C,Up The Jazz,,data/new_build/reports/two_lane_readiness_2026_07_06.json,race_day_scorecards[].lane_c_top3,2,0.546098,6.5,2,False,True,,False,False,True,RUNTIME_RACEDAY_MODEL_SUGGESTION,NAME_FALLBACK_MATCH
2026-07-06,922303,NEW_BUILD_LANE_C,NEW_BUILD_LANE_C,Glorious Kitty,,data/new_build/reports/two_lane_readiness_2026_07_06.json,race_day_scorecards[].lane_c_top3,3,0.544872,4.0,6,False,False,,False,False,True,RUNTIME_RACEDAY_MODEL_SUGGESTION,NAME_FALLBACK_MATCH
2026-07-06,924280,CHAMPION_INTENT_SHADOW,CHAMPION_INTENT_SHADOW,Whispering Willow,7334537,data/reports/july06_intent_shadow_scorecard.csv,champion_intent_shadow_prob,1,0.109191,4.5,6,False,False,,False,False,True,RUNTIME_RACEDAY_MODEL_SUGGESTION,ID_MATCH
2026-07-06,924280,CHAMPION_INTENT_SHADOW,CHAMPION_INTENT_SHADOW,Goin',6393214,data/reports/july06_intent_shadow_scorecard.csv,champion_intent_shadow_prob,2,0.10234,,,False,False,,False,False,True,RUNTIME_RACEDAY_MODEL_SUGGESTION,NO_RESULT_MATCH
2026-07-06,924280,CHAMPION_INTENT_SHADOW,CHAMPION_INTENT_SHADOW,Eyeeye,4350732,data/reports/july06_intent_shadow_scorecard.csv,champion_intent_shadow_prob,3,0.065693,9.5,9,False,False,,False,False,True,RUNTIME_RACEDAY_MODEL_SUGGESTION,ID_MATCH
2026-07-06,924280,CHAMPION_INTENT_SHADOW,CHAMPION_INTENT_SHADOW,Annie's Angel,6555358,data/reports/july06_intent_shadow_scorecard.csv,champion_intent_shadow_prob,4,0.061953,6.5,5,False,False,,False,False,True,RUNTIME_RACEDAY_MODEL_SUGGESTION,ID_MATCH
2026-07-06,924280,CHAMPION_INTENT_SHADOW,CHAMPION_INTENT_SHADOW,Walk On Annilog,6894206,data/reports/july06_intent_shadow_scorecard.csv,champion_intent_shadow_prob,5,0.059542,15.0,12,False,False,,False,False,True,RUNTIME_RACEDAY_MODEL_SUGGESTION,ID_MATCH
2026-07-06,924280,CHAMPION_INTENT_SHADOW,CHAMPION_INTENT_SHADOW,Slowdownbarney,6010545,data/reports/july06_intent_shadow_scorecard.csv,champion_intent_shadow_prob,6,0.057803,51.0,14,False,False,,False,False,True,RUNTIME_RACEDAY_MODEL_SUGGESTION,ID_MATCH
2026-07-06,924280,CHAMPION_INTENT_SHADOW,CHAMPION_INTENT_SHADOW,Cool Summer,6111545,data/reports/july06_intent_shadow_scorecard.csv,champion_intent_shadow_prob,7,0.0542,9.0,2,False,True,,False,False,True,RUNTIME_RACEDAY_MODEL_SUGGESTION,ID_MATCH
2026-07-06,924280,CHAMPION_INTENT_SHADOW,CHAMPION_INTENT_SHADOW,Victoria Kesia,5357870,data/reports/july06_intent_shadow_scorecard.csv,champion_intent_shadow_prob,8,0.052312,13.0,10,False,False,,False,False,True,RUNTIME_RACEDAY_MODEL_SUGGESTION,ID_MATCH
2026-07-06,924280,CHAMPION_INTENT_SHADOW,CHAMPION_INTENT_SHADOW,Patty O'Farrell,6803007,data/reports/july06_intent_shadow_scorecard.csv,champion_intent_shadow_prob,9,0.050213,7.0,F,False,False,,False,False,True,RUNTIME_RACEDAY_MODEL_SUGGESTION,ID_MATCH
2026-07-06,924280,CHAMPION_INTENT_SHADOW,CHAMPION_INTENT_SHADOW,Syosset,6350101,data/reports/july06_intent_shadow_scorecard.csv,champion_intent_shadow_prob,10,0.049463,15.0,3,False,True,,False,False,True,RUNTIME_RACEDAY_MODEL_SUGGESTION,ID_MATCH
2026-07-06,924280,CHAMPION_INTENT_SHADOW,CHAMPION_INTENT_SHADOW,Highland Earl,5746467,data/reports/july06_intent_shadow_scorecard.csv,champion_intent_shadow_prob,11,0.048709,15.0,8,False,False,,False,False,True,RUNTIME_RACEDAY_MODEL_SUGGESTION,ID_MATCH
2026-07-06,924280,CHAMPION_INTENT_SHADOW,CHAMPION_INTENT_SHADOW,Del Boys Diva,8436932,data/reports/july06_intent_shadow_scorecard.csv,champion_intent_shadow_prob,12,0.048709,19.0,1,True,True,,False,False,True,RUNTIME_RACEDAY_MODEL_SUGGESTION,ID_MATCH
2026-07-06,924280,CHAMPION_INTENT_SHADOW,CHAMPION_INTENT_SHADOW,Copper Rocker,8370933,data/reports/july06_intent_shadow_scorecard.csv,champion_intent_shadow_prob,13,0.047548,26.0,11,False,False,,False,False,True,RUNTIME_RACEDAY_MODEL_SUGGESTION,ID_MATCH
2026-07-06,924280,CHAMPION_INTENT_SHADOW,CHAMPION_INTENT_SHADOW,Gentle Annie,8018249,data/reports/july06_intent_shadow_scorecard.csv,champion_intent_shadow_prob,14,0.042009,13.0,F,False,False,,False,False,True,RUNTIME_RACEDAY_MODEL_SUGGESTION,ID_MATCH
2026-07-06,924280,CHAMPION_INTENT_SHADOW,CHAMPION_INTENT_SHADOW,Walk Win,7961709,data/reports/july06_intent_shadow_scorecard.csv,champion_intent_shadow_prob,15,0.035998,17.0,4,False,False,,False,False,True,RUNTIME_RACEDAY_MODEL_SUGGESTION,ID_MATCH
2026-07-06,924280,CHAMPION_INTENT_SHADOW,CHAMPION_INTENT_SHADOW,Gold Gatewood,7303385,data/reports/july06_intent_shadow_scorecard.csv,champion_intent_shadow_prob,16,0.030653,,,False,False,,False,False,True,RUNTIME_RACEDAY_MODEL_SUGGESTION,NO_RESULT_MATCH
2026-07-06,924280,CHAMPION_INTENT_SHADOW,CHAMPION_INTENT_SHADOW,China Grill,9119982,data/reports/july06_intent_shadow_scorecard.csv,champion_intent_shadow_prob,17,0.027198,101.0,13,False,False,,False,False,True,RUNTIME_RACEDAY_MODEL_SUGGESTION,ID_MATCH
2026-07-06,924280,CHAMPION_INTENT_SHADOW,CHAMPION_INTENT_SHADOW,Urban War,3162612,data/reports/july06_intent_shadow_scorecard.csv,champion_intent_shadow_prob,18,0.026142,,,False,False,,False,False,True,RUNTIME_RACEDAY_MODEL_SUGGESTION,NO_RESULT_MATCH
2026-07-06,924280,CHAMPION_INTENT_SHADOW,CHAMPION_INTENT_SHADOW,Dontdooddson,1391600,data/reports/july06_intent_shadow_scorecard.csv,champion_intent_shadow_prob,19,0.006868,12.0,7,False,False,,False,False,True,RUNTIME_RACEDAY_MODEL_SUGGESTION,ID_MATCH
2026-07-06,924280,NEW_BUILD_LANE_A,NEW_BUILD_LANE_A,Whispering Willow,,data/new_build/reports/two_lane_readiness_2026_07_06.json,race_day_scorecards[].lane_a_top3,1,0.065811,4.5,6,False,False,,False,False,True,RUNTIME_RACEDAY_MODEL_SUGGESTION,NAME_FALLBACK_MATCH
2026-07-06,924280,NEW_BUILD_LANE_A,NEW_BUILD_LANE_A,Syosset,,data/new_build/reports/two_lane_readiness_2026_07_06.json,race_day_scorecards[].lane_a_top3,2,0.063339,15.0,3,False,True,,False,False,True,RUNTIME_RACEDAY_MODEL_SUGGESTION,NAME_FALLBACK_MATCH
2026-07-06,924280,NEW_BUILD_LANE_A,NEW_BUILD_LANE_A,Highland Earl,,data/new_build/reports/two_lane_readiness_2026_07_06.json,race_day_scorecards[].lane_a_top3,3,0.059476,15.0,8,False,False,,False,False,True,RUNTIME_RACEDAY_MODEL_SUGGESTION,NAME_FALLBACK_MATCH
2026-07-06,924280,NEW_BUILD_LANE_B,NEW_BUILD_LANE_B,Whispering Willow,,data/new_build/reports/two_lane_readiness_2026_07_06.json,race_day_scorecards[].lane_b_top3,1,0.089693,4.5,6,False,False,,False,False,True,RUNTIME_RACEDAY_MODEL_SUGGESTION,NAME_FALLBACK_MATCH
2026-07-06,924280,NEW_BUILD_LANE_B,NEW_BUILD_LANE_B,Cool Summer,,data/new_build/reports/two_lane_readiness_2026_07_06.json,race_day_scorecards[].lane_b_top3,2,0.058489,9.0,2,False,True,,False,False,True,RUNTIME_RACEDAY_MODEL_SUGGESTION,NAME_FALLBACK_MATCH
2026-07-06,924280,NEW_BUILD_LANE_B,NEW_BUILD_LANE_B,Syosset,,data/new_build/reports/two_lane_readiness_2026_07_06.json,race_day_scorecards[].lane_b_top3,3,0.05613,15.0,3,False,True,,False,False,True,RUNTIME_RACEDAY_MODEL_SUGGESTION,NAME_FALLBACK_MATCH
2026-07-06,924280,NEW_BUILD_LANE_C,NEW_BUILD_LANE_C,Eyeeye,,data/new_build/reports/two_lane_readiness_2026_07_06.json,race_day_scorecards[].lane_c_top3,1,0.525663,9.5,9,False,False,,False,False,True,RUNTIME_RACEDAY_MODEL_SUGGESTION,NAME_FALLBACK_MATCH
2026-07-06,924280,NEW_BUILD_LANE_C,NEW_BUILD_LANE_C,Syosset,,data/new_build/reports/two_lane_readiness_2026_07_06.json,race_day_scorecards[].lane_c_top3,2,0.525243,15.0,3,False,True,,False,False,True,RUNTIME_RACEDAY_MODEL_SUGGESTION,NAME_FALLBACK_MATCH
2026-07-06,924280,NEW_BUILD_LANE_C,NEW_BUILD_LANE_C,Victoria Kesia,,data/new_build/reports/two_lane_readiness_2026_07_06.json,race_day_scorecards[].lane_c_top3,3,0.525179,13.0,10,False,False,,False,False,True,RUNTIME_RACEDAY_MODEL_SUGGESTION,NAME_FALLBACK_MATCH
2026-07-06,922463,CHAMPION_INTENT_SHADOW,CHAMPION_INTENT_SHADOW,Moostar,5900723,data/reports/july06_intent_shadow_scorecard.csv,champion_intent_shadow_prob,1,0.146016,4.0,2,False,True,,False,False,True,RUNTIME_RACEDAY_MODEL_SUGGESTION,ID_MATCH
2026-07-06,922463,CHAMPION_INTENT_SHADOW,CHAMPION_INTENT_SHADOW,Tuscan Point,5859153,data/reports/july06_intent_shadow_scorecard.csv,champion_intent_shadow_prob,2,0.098665,13.0,11,False,False,,False,False,True,RUNTIME_RACEDAY_MODEL_SUGGESTION,ID_MATCH
2026-07-06,922463,CHAMPION_INTENT_SHADOW,CHAMPION_INTENT_SHADOW,Daytona Lady,4277869,data/reports/july06_intent_shadow_scorecard.csv,champion_intent_shadow_prob,3,0.083668,4.33,7,False,False,,False,False,True,RUNTIME_RACEDAY_MODEL_SUGGESTION,ID_MATCH
2026-07-06,922463,CHAMPION_INTENT_SHADOW,CHAMPION_INTENT_SHADOW,Dark Kestrel,4498965,data/reports/july06_intent_shadow_scorecard.csv,champion_intent_shadow_prob,4,0.076966,21.0,8,False,False,,False,False,True,RUNTIME_RACEDAY_MODEL_SUGGESTION,ID_MATCH
2026-07-06,922463,CHAMPION_INTENT_SHADOW,CHAMPION_INTENT_SHADOW,Baba Reza,3117997,data/reports/july06_intent_shadow_scorecard.csv,champion_intent_shadow_prob,5,0.075049,9.0,3,False,True,,False,False,True,RUNTIME_RACEDAY_MODEL_SUGGESTION,ID_MATCH
2026-07-06,922463,CHAMPION_INTENT_SHADOW,CHAMPION_INTENT_SHADOW,Dutch Finale,6087960,data/reports/july06_intent_shadow_scorecard.csv,champion_intent_shadow_prob,6,0.074142,17.0,10,False,False,,False,False,True,RUNTIME_RACEDAY_MODEL_SUGGESTION,ID_MATCH
2026-07-06,922463,CHAMPION_INTENT_SHADOW,CHAMPION_INTENT_SHADOW,Maharajas Express,4175539,data/reports/july06_intent_shadow_scorecard.csv,champion_intent_shadow_prob,7,0.074,9.5,9,False,False,,False,False,True,RUNTIME_RACEDAY_MODEL_SUGGESTION,ID_MATCH
2026-07-06,922463,CHAMPION_INTENT_SHADOW,CHAMPION_INTENT_SHADOW,Jesse Luc,5311211,data/reports/july06_intent_shadow_scorecard.csv,champion_intent_shadow_prob,8,0.073229,9.5,6,False,False,,False,False,True,RUNTIME_RACEDAY_MODEL_SUGGESTION,ID_MATCH
2026-07-06,922463,CHAMPION_INTENT_SHADOW,CHAMPION_INTENT_SHADOW,Style King,5973536,data/reports/july06_intent_shadow_scorecard.csv,champion_intent_shadow_prob,9,0.072954,13.0,1,True,True,,False,False,True,RUNTIME_RACEDAY_MODEL_SUGGESTION,ID_MATCH
2026-07-06,922463,CHAMPION_INTENT_SHADOW,CHAMPION_INTENT_SHADOW,Candy Warhol,3677979,data/reports/july06_intent_shadow_scorecard.csv,champion_intent_shadow_prob,10,0.070165,13.0,4,False,False,,False,False,True,RUNTIME_RACEDAY_MODEL_SUGGESTION,ID_MATCH
2026-07-06,922463,CHAMPION_INTENT_SHADOW,CHAMPION_INTENT_SHADOW,Havana Sky,4827082,data/reports/july06_intent_shadow_scorecard.csv,champion_intent_shadow_prob,11,0.066829,9.0,5,False,False,,False,False,True,RUNTIME_RACEDAY_MODEL_SUGGESTION,ID_MATCH
2026-07-06,922463,CHAMPION_INTENT_SHADOW,CHAMPION_INTENT_SHADOW,Wodao,4245956,data/reports/july06_intent_shadow_scorecard.csv,champion_intent_shadow_prob,12,0.065823,,,False,False,,False,False,True,RUNTIME_RACEDAY_MODEL_SUGGESTION,NO_RESULT_MATCH
2026-07-06,922463,NEW_BUILD_LANE_A,NEW_BUILD_LANE_A,Moostar,,data/new_build/reports/two_lane_readiness_2026_07_06.json,race_day_scorecards[].lane_a_top3,1,0.160721,4.0,2,False,True,,False,False,True,RUNTIME_RACEDAY_MODEL_SUGGESTION,NAME_FALLBACK_MATCH
2026-07-06,922463,NEW_BUILD_LANE_A,NEW_BUILD_LANE_A,Tuscan Point,,data/new_build/reports/two_lane_readiness_2026_07_06.json,race_day_scorecards[].lane_a_top3,2,0.108297,13.0,11,False,False,,False,False,True,RUNTIME_RACEDAY_MODEL_SUGGESTION,NAME_FALLBACK_MATCH
2026-07-06,922463,NEW_BUILD_LANE_A,NEW_BUILD_LANE_A,Candy Warhol,,data/new_build/reports/two_lane_readiness_2026_07_06.json,race_day_scorecards[].lane_a_top3,3,0.101671,13.0,4,False,False,,False,False,True,RUNTIME_RACEDAY_MODEL_SUGGESTION,NAME_FALLBACK_MATCH
2026-07-06,922463,NEW_BUILD_LANE_B,NEW_BUILD_LANE_B,Moostar,,data/new_build/reports/two_lane_readiness_2026_07_06.json,race_day_scorecards[].lane_b_top3,1,0.120098,4.0,2,False,True,,False,False,True,RUNTIME_RACEDAY_MODEL_SUGGESTION,NAME_FALLBACK_MATCH
2026-07-06,922463,NEW_BUILD_LANE_B,NEW_BUILD_LANE_B,Tuscan Point,,data/new_build/reports/two_lane_readiness_2026_07_06.json,race_day_scorecards[].lane_b_top3,2,0.089869,13.0,11,False,False,,False,False,True,RUNTIME_RACEDAY_MODEL_SUGGESTION,NAME_FALLBACK_MATCH
2026-07-06,922463,NEW_BUILD_LANE_B,NEW_BUILD_LANE_B,Style King,,data/new_build/reports/two_lane_readiness_2026_07_06.json,race_day_scorecards[].lane_b_top3,3,0.089553,13.0,1,True,True,,False,False,True,RUNTIME_RACEDAY_MODEL_SUGGESTION,NAME_FALLBACK_MATCH
2026-07-06,922463,NEW_BUILD_LANE_C,NEW_BUILD_LANE_C,Moostar,,data/new_build/reports/two_lane_readiness_2026_07_06.json,race_day_scorecards[].lane_c_top3,1,0.548273,4.0,2,False,True,,False,False,True,RUNTIME_RACEDAY_MODEL_SUGGESTION,NAME_FALLBACK_MATCH
2026-07-06,922463,NEW_BUILD_LANE_C,NEW_BUILD_LANE_C,Dark Kestrel,,data/new_build/reports/two_lane_readiness_2026_07_06.json,race_day_scorecards[].lane_c_top3,2,0.540988,21.0,8,False,False,,False,False,True,RUNTIME_RACEDAY_MODEL_SUGGESTION,NAME_FALLBACK_MATCH
2026-07-06,922463,NEW_BUILD_LANE_C,NEW_BUILD_LANE_C,Baba Reza,,data/new_build/reports/two_lane_readiness_2026_07_06.json,race_day_scorecards[].lane_c_top3,3,0.538525,9.0,3,False,True,,False,False,True,RUNTIME_RACEDAY_MODEL_SUGGESTION,NAME_FALLBACK_MATCH
2026-07-06,922302,CHAMPION_INTENT_SHADOW,CHAMPION_INTENT_SHADOW,Reigning Profit,3560256,data/reports/july06_intent_shadow_scorecard.csv,champion_intent_shadow_prob,1,0.143774,4.33,1,True,True,,False,False,True,RUNTIME_RACEDAY_MODEL_SUGGESTION,ID_MATCH
2026-07-06,922302,CHAMPION_INTENT_SHADOW,CHAMPION_INTENT_SHADOW,Tees Aggregates,5903608,data/reports/july06_intent_shadow_scorecard.csv,champion_intent_shadow_prob,2,0.132357,12.0,7,False,False,,False,False,True,RUNTIME_RACEDAY_MODEL_SUGGESTION,ID_MATCH
2026-07-06,922302,CHAMPION_INTENT_SHADOW,CHAMPION_INTENT_SHADOW,Goyard,7739787,data/reports/july06_intent_shadow_scorecard.csv,champion_intent_shadow_prob,3,0.122262,4.0,8,False,False,,False,False,True,RUNTIME_RACEDAY_MODEL_SUGGESTION,ID_MATCH
2026-07-06,922302,CHAMPION_INTENT_SHADOW,CHAMPION_INTENT_SHADOW,Kodiac Thriller,5154292,data/reports/july06_intent_shadow_scorecard.csv,champion_intent_shadow_prob,4,0.116316,5.0,4,False,False,,False,False,True,RUNTIME_RACEDAY_MODEL_SUGGESTION,ID_MATCH
2026-07-06,922302,CHAMPION_INTENT_SHADOW,CHAMPION_INTENT_SHADOW,Vince L'Amour,5134070,data/reports/july06_intent_shadow_scorecard.csv,champion_intent_shadow_prob,5,0.10846,23.0,9,False,False,,False,False,True,RUNTIME_RACEDAY_MODEL_SUGGESTION,ID_MATCH
2026-07-06,922302,CHAMPION_INTENT_SHADOW,CHAMPION_INTENT_SHADOW,Rock Of England,4350766,data/reports/july06_intent_shadow_scorecard.csv,champion_intent_shadow_prob,6,0.093958,5.5,2,False,True,,False,False,True,RUNTIME_RACEDAY_MODEL_SUGGESTION,ID_MATCH
2026-07-06,922302,CHAMPION_INTENT_SHADOW,CHAMPION_INTENT_SHADOW,Canaria Queen,5096521,data/reports/july06_intent_shadow_scorecard.csv,champion_intent_shadow_prob,7,0.092722,15.0,5,False,False,,False,False,True,RUNTIME_RACEDAY_MODEL_SUGGESTION,ID_MATCH
2026-07-06,922302,CHAMPION_INTENT_SHADOW,CHAMPION_INTENT_SHADOW,Mark's Choice,1965311,data/reports/july06_intent_shadow_scorecard.csv,champion_intent_shadow_prob,8,0.05018,12.0,3,False,True,,False,False,True,RUNTIME_RACEDAY_MODEL_SUGGESTION,ID_MATCH
2026-07-06,922302,CHAMPION_INTENT_SHADOW,CHAMPION_INTENT_SHADOW,South Parade,5123492,data/reports/july06_intent_shadow_scorecard.csv,champion_intent_shadow_prob,9,0.03697,41.0,6,False,False,,False,False,True,RUNTIME_RACEDAY_MODEL_SUGGESTION,ID_MATCH
2026-07-06,922302,NEW_BUILD_LANE_A,NEW_BUILD_LANE_A,Canaria Queen,,data/new_build/reports/two_lane_readiness_2026_07_06.json,race_day_scorecards[].lane_a_top3,1,0.121028,15.0,5,False,False,,False,False,True,RUNTIME_RACEDAY_MODEL_SUGGESTION,NAME_FALLBACK_MATCH
2026-07-06,922302,NEW_BUILD_LANE_A,NEW_BUILD_LANE_A,Tees Aggregates,,data/new_build/reports/two_lane_readiness_2026_07_06.json,race_day_scorecards[].lane_a_top3,2,0.120512,12.0,7,False,False,,False,False,True,RUNTIME_RACEDAY_MODEL_SUGGESTION,NAME_FALLBACK_MATCH
2026-07-06,922302,NEW_BUILD_LANE_A,NEW_BUILD_LANE_A,Reigning Profit,,data/new_build/reports/two_lane_readiness_2026_07_06.json,race_day_scorecards[].lane_a_top3,3,0.115418,4.33,1,True,True,,False,False,True,RUNTIME_RACEDAY_MODEL_SUGGESTION,NAME_FALLBACK_MATCH
2026-07-06,922302,NEW_BUILD_LANE_B,NEW_BUILD_LANE_B,Kodiac Thriller,,data/new_build/reports/two_lane_readiness_2026_07_06.json,race_day_scorecards[].lane_b_top3,1,0.106276,5.0,4,False,False,,False,False,True,RUNTIME_RACEDAY_MODEL_SUGGESTION,NAME_FALLBACK_MATCH
2026-07-06,922302,NEW_BUILD_LANE_B,NEW_BUILD_LANE_B,Tees Aggregates,,data/new_build/reports/two_lane_readiness_2026_07_06.json,race_day_scorecards[].lane_b_top3,2,0.103377,12.0,7,False,False,,False,False,True,RUNTIME_RACEDAY_MODEL_SUGGESTION,NAME_FALLBACK_MATCH
2026-07-06,922302,NEW_BUILD_LANE_B,NEW_BUILD_LANE_B,Canaria Queen,,data/new_build/reports/two_lane_readiness_2026_07_06.json,race_day_scorecards[].lane_b_top3,3,0.096534,15.0,5,False,False,,False,False,True,RUNTIME_RACEDAY_MODEL_SUGGESTION,NAME_FALLBACK_MATCH
2026-07-06,922302,NEW_BUILD_LANE_C,NEW_BUILD_LANE_C,Tees Aggregates,,data/new_build/reports/two_lane_readiness_2026_07_06.json,race_day_scorecards[].lane_c_top3,1,0.548349,12.0,7,False,False,,False,False,True,RUNTIME_RACEDAY_MODEL_SUGGESTION,NAME_FALLBACK_MATCH
2026-07-06,922302,NEW_BUILD_LANE_C,NEW_BUILD_LANE_C,Vince L'Amour,,data/new_build/reports/two_lane_readiness_2026_07_06.json,race_day_scorecards[].lane_c_top3,2,0.547493,23.0,9,False,False,,False,False,True,RUNTIME_RACEDAY_MODEL_SUGGESTION,NAME_FALLBACK_MATCH
2026-07-06,922302,NEW_BUILD_LANE_C,NEW_BUILD_LANE_C,Goyard,,data/new_build/reports/two_lane_readiness_2026_07_06.json,race_day_scorecards[].lane_c_top3,3,0.547138,4.0,8,False,False,,False,False,True,RUNTIME_RACEDAY_MODEL_SUGGESTION,NAME_FALLBACK_MATCH
2026-07-06,924281,CHAMPION_INTENT_SHADOW,CHAMPION_INTENT_SHADOW,Western Model,4936855,data/reports/july06_intent_shadow_scorecard.csv,champion_intent_shadow_prob,1,0.092579,5.5,1,True,True,,False,False,True,RUNTIME_RACEDAY_MODEL_SUGGESTION,ID_MATCH
2026-07-06,924281,CHAMPION_INTENT_SHADOW,CHAMPION_INTENT_SHADOW,Double Power,5671297,data/reports/july06_intent_shadow_scorecard.csv,champion_intent_shadow_prob,2,0.075363,23.0,7,False,False,,False,False,True,RUNTIME_RACEDAY_MODEL_SUGGESTION,ID_MATCH
2026-07-06,924281,CHAMPION_INTENT_SHADOW,CHAMPION_INTENT_SHADOW,Where Are You Now,7583025,data/reports/july06_intent_shadow_scorecard.csv,champion_intent_shadow_prob,3,0.073083,4.5,PU,False,False,,False,False,True,RUNTIME_RACEDAY_MODEL_SUGGESTION,ID_MATCH
2026-07-06,924281,CHAMPION_INTENT_SHADOW,CHAMPION_INTENT_SHADOW,Its Not Over Yet,4942593,data/reports/july06_intent_shadow_scorecard.csv,champion_intent_shadow_prob,4,0.069621,6.5,8,False,False,,False,False,True,RUNTIME_RACEDAY_MODEL_SUGGESTION,ID_MATCH
2026-07-06,924281,CHAMPION_INTENT_SHADOW,CHAMPION_INTENT_SHADOW,Written In My Soul,6701912,data/reports/july06_intent_shadow_scorecard.csv,champion_intent_shadow_prob,5,0.05773,51.0,PU,False,False,,False,False,True,RUNTIME_RACEDAY_MODEL_SUGGESTION,ID_MATCH
2026-07-06,924281,CHAMPION_INTENT_SHADOW,CHAMPION_INTENT_SHADOW,Mistyburn,7499336,data/reports/july06_intent_shadow_scorecard.csv,champion_intent_shadow_prob,6,0.054294,13.0,6,False,False,,False,False,True,RUNTIME_RACEDAY_MODEL_SUGGESTION,ID_MATCH
2026-07-06,924281,CHAMPION_INTENT_SHADOW,CHAMPION_INTENT_SHADOW,Woodie Campelltown,7238194,data/reports/july06_intent_shadow_scorecard.csv,champion_intent_shadow_prob,7,0.049551,29.0,PU,False,False,,False,False,True,RUNTIME_RACEDAY_MODEL_SUGGESTION,ID_MATCH
2026-07-06,924281,CHAMPION_INTENT_SHADOW,CHAMPION_INTENT_SHADOW,Ladies Well,6492178,data/reports/july06_intent_shadow_scorecard.csv,champion_intent_shadow_prob,8,0.049189,,,False,False,,False,False,True,RUNTIME_RACEDAY_MODEL_SUGGESTION,NO_RESULT_MATCH
2026-07-06,924281,CHAMPION_INTENT_SHADOW,CHAMPION_INTENT_SHADOW,Fair Damsel,3737112,data/reports/july06_intent_shadow_scorecard.csv,champion_intent_shadow_prob,9,0.047887,23.0,10,False,False,,False,False,True,RUNTIME_RACEDAY_MODEL_SUGGESTION,ID_MATCH
2026-07-06,924281,CHAMPION_INTENT_SHADOW,CHAMPION_INTENT_SHADOW,Barryroe Madam,4922443,data/reports/july06_intent_shadow_scorecard.csv,champion_intent_shadow_prob,10,0.046203,,,False,False,,False,False,True,RUNTIME_RACEDAY_MODEL_SUGGESTION,NO_RESULT_MATCH
2026-07-06,924281,CHAMPION_INTENT_SHADOW,CHAMPION_INTENT_SHADOW,Something Simple,7784961,data/reports/july06_intent_shadow_scorecard.csv,champion_intent_shadow_prob,11,0.045901,11.0,PU,False,False,,False,False,True,RUNTIME_RACEDAY_MODEL_SUGGESTION,ID_MATCH
2026-07-06,924281,CHAMPION_INTENT_SHADOW,CHAMPION_INTENT_SHADOW,Tradonthebay,7020730,data/reports/july06_intent_shadow_scorecard.csv,champion_intent_shadow_prob,12,0.045677,7.5,3,False,True,,False,False,True,RUNTIME_RACEDAY_MODEL_SUGGESTION,ID_MATCH
2026-07-06,924281,CHAMPION_INTENT_SHADOW,CHAMPION_INTENT_SHADOW,Tango Theatre,2536787,data/reports/july06_intent_shadow_scorecard.csv,champion_intent_shadow_prob,13,0.041788,,,False,False,,False,False,True,RUNTIME_RACEDAY_MODEL_SUGGESTION,NO_RESULT_MATCH
2026-07-06,924281,CHAMPION_INTENT_SHADOW,CHAMPION_INTENT_SHADOW,Chasing Crowns,6550764,data/reports/july06_intent_shadow_scorecard.csv,champion_intent_shadow_prob,14,0.041475,21.0,PU,False,False,,False,False,True,RUNTIME_RACEDAY_MODEL_SUGGESTION,ID_MATCH
2026-07-06,924281,CHAMPION_INTENT_SHADOW,CHAMPION_INTENT_SHADOW,Will It Be You,4292163,data/reports/july06_intent_shadow_scorecard.csv,champion_intent_shadow_prob,15,0.03042,41.0,9,False,False,,False,False,True,RUNTIME_RACEDAY_MODEL_SUGGESTION,ID_MATCH
2026-07-06,924281,CHAMPION_INTENT_SHADOW,CHAMPION_INTENT_SHADOW,Moonshine Girl,5848834,data/reports/july06_intent_shadow_scorecard.csv,champion_intent_shadow_prob,16,0.029221,10.0,2,False,True,,False,False,True,RUNTIME_RACEDAY_MODEL_SUGGESTION,ID_MATCH
2026-07-06,924281,CHAMPION_INTENT_SHADOW,CHAMPION_INTENT_SHADOW,Katie's Casper,5504690,data/reports/july06_intent_shadow_scorecard.csv,champion_intent_shadow_prob,17,0.022091,13.0,5,False,False,,False,False,True,RUNTIME_RACEDAY_MODEL_SUGGESTION,ID_MATCH
2026-07-06,924281,CHAMPION_INTENT_SHADOW,CHAMPION_INTENT_SHADOW,Queen Kulina,3256724,data/reports/july06_intent_shadow_scorecard.csv,champion_intent_shadow_prob,18,0.017061,10.0,4,False,False,,False,False,True,RUNTIME_RACEDAY_MODEL_SUGGESTION,ID_MATCH
2026-07-06,924281,CHAMPION_INTENT_SHADOW,CHAMPION_INTENT_SHADOW,Road To The Weir,4031524,data/reports/july06_intent_shadow_scorecard.csv,champion_intent_shadow_prob,19,0.014723,67.0,PU,False,False,,False,False,True,RUNTIME_RACEDAY_MODEL_SUGGESTION,ID_MATCH
2026-07-06,924281,NEW_BUILD_LANE_A,NEW_BUILD_LANE_A,Chasing Crowns,,data/new_build/reports/two_lane_readiness_2026_07_06.json,race_day_scorecards[].lane_a_top3,1,0.063729,21.0,PU,False,False,,False,False,True,RUNTIME_RACEDAY_MODEL_SUGGESTION,NAME_FALLBACK_MATCH
2026-07-06,924281,NEW_BUILD_LANE_A,NEW_BUILD_LANE_A,Written In My Soul,,data/new_build/reports/two_lane_readiness_2026_07_06.json,race_day_scorecards[].lane_a_top3,2,0.061837,51.0,PU,False,False,,False,False,True,RUNTIME_RACEDAY_MODEL_SUGGESTION,NAME_FALLBACK_MATCH
2026-07-06,924281,NEW_BUILD_LANE_A,NEW_BUILD_LANE_A,Ladies Well,,data/new_build/reports/two_lane_readiness_2026_07_06.json,race_day_scorecards[].lane_a_top3,3,0.059747,,,False,False,,False,False,True,RUNTIME_RACEDAY_MODEL_SUGGESTION,NO_RESULT_MATCH
2026-07-06,924281,NEW_BUILD_LANE_B,NEW_BUILD_LANE_B,Western Model,,data/new_build/reports/two_lane_readiness_2026_07_06.json,race_day_scorecards[].lane_b_top3,1,0.073188,5.5,1,True,True,,False,False,True,RUNTIME_RACEDAY_MODEL_SUGGESTION,NAME_FALLBACK_MATCH
2026-07-06,924281,NEW_BUILD_LANE_B,NEW_BUILD_LANE_B,Written In My Soul,,data/new_build/reports/two_lane_readiness_2026_07_06.json,race_day_scorecards[].lane_b_top3,2,0.058717,51.0,PU,False,False,,False,False,True,RUNTIME_RACEDAY_MODEL_SUGGESTION,NAME_FALLBACK_MATCH
2026-07-06,924281,NEW_BUILD_LANE_B,NEW_BUILD_LANE_B,Double Power,,data/new_build/reports/two_lane_readiness_2026_07_06.json,race_day_scorecards[].lane_b_top3,3,0.057932,23.0,7,False,False,,False,False,True,RUNTIME_RACEDAY_MODEL_SUGGESTION,NAME_FALLBACK_MATCH
2026-07-06,924281,NEW_BUILD_LANE_C,NEW_BUILD_LANE_C,Double Power,,data/new_build/reports/two_lane_readiness_2026_07_06.json,race_day_scorecards[].lane_c_top3,1,0.526945,23.0,7,False,False,,False,False,True,RUNTIME_RACEDAY_MODEL_SUGGESTION,NAME_FALLBACK_MATCH
2026-07-06,924281,NEW_BUILD_LANE_C,NEW_BUILD_LANE_C,Where Are You Now,,data/new_build/reports/two_lane_readiness_2026_07_06.json,race_day_scorecards[].lane_c_top3,2,0.526896,4.5,PU,False,False,,False,False,True,RUNTIME_RACEDAY_MODEL_SUGGESTION,NAME_FALLBACK_MATCH
2026-07-06,924281,NEW_BUILD_LANE_C,NEW_BUILD_LANE_C,Woodie Campelltown,,data/new_build/reports/two_lane_readiness_2026_07_06.json,race_day_scorecards[].lane_c_top3,3,0.526517,29.0,PU,False,False,,False,False,True,RUNTIME_RACEDAY_MODEL_SUGGESTION,NAME_FALLBACK_MATCH
2026-07-06,922465,CHAMPION_INTENT_SHADOW,CHAMPION_INTENT_SHADOW,Karakula Dancer,7020387,data/reports/july06_intent_shadow_scorecard.csv,champion_intent_shadow_prob,1,0.103573,5.5,8,False,False,,False,False,True,RUNTIME_RACEDAY_MODEL_SUGGESTION,ID_MATCH
2026-07-06,922465,CHAMPION_INTENT_SHADOW,CHAMPION_INTENT_SHADOW,Safe Harbor,8427608,data/reports/july06_intent_shadow_scorecard.csv,champion_intent_shadow_prob,2,0.103181,3.75,4,False,False,,False,False,True,RUNTIME_RACEDAY_MODEL_SUGGESTION,ID_MATCH
2026-07-06,922465,CHAMPION_INTENT_SHADOW,CHAMPION_INTENT_SHADOW,Espanita,8196284,data/reports/july06_intent_shadow_scorecard.csv,champion_intent_shadow_prob,3,0.085755,15.0,6,False,False,,False,False,True,RUNTIME_RACEDAY_MODEL_SUGGESTION,ID_MATCH
2026-07-06,922465,CHAMPION_INTENT_SHADOW,CHAMPION_INTENT_SHADOW,Lux Aeterna,7436347,data/reports/july06_intent_shadow_scorecard.csv,champion_intent_shadow_prob,4,0.085709,13.0,7,False,False,,False,False,True,RUNTIME_RACEDAY_MODEL_SUGGESTION,ID_MATCH
2026-07-06,922465,CHAMPION_INTENT_SHADOW,CHAMPION_INTENT_SHADOW,Stella Lucente,8039759,data/reports/july06_intent_shadow_scorecard.csv,champion_intent_shadow_prob,5,0.079686,15.0,2,False,True,,False,False,True,RUNTIME_RACEDAY_MODEL_SUGGESTION,ID_MATCH
2026-07-06,922465,CHAMPION_INTENT_SHADOW,CHAMPION_INTENT_SHADOW,Alkumatic Jo Jo,7957278,data/reports/july06_intent_shadow_scorecard.csv,champion_intent_shadow_prob,6,0.078353,7.0,5,False,False,,False,False,True,RUNTIME_RACEDAY_MODEL_SUGGESTION,ID_MATCH
2026-07-06,922465,CHAMPION_INTENT_SHADOW,CHAMPION_INTENT_SHADOW,Suggy,7204910,data/reports/july06_intent_shadow_scorecard.csv,champion_intent_shadow_prob,7,0.075344,3.5,1,True,True,,False,False,True,RUNTIME_RACEDAY_MODEL_SUGGESTION,ID_MATCH
2026-07-06,922465,CHAMPION_INTENT_SHADOW,CHAMPION_INTENT_SHADOW,Charming Doll,7643452,data/reports/july06_intent_shadow_scorecard.csv,champion_intent_shadow_prob,8,0.070775,34.0,11,False,False,,False,False,True,RUNTIME_RACEDAY_MODEL_SUGGESTION,ID_MATCH
2026-07-06,922465,CHAMPION_INTENT_SHADOW,CHAMPION_INTENT_SHADOW,If I Could Dream,7551812,data/reports/july06_intent_shadow_scorecard.csv,champion_intent_shadow_prob,9,0.070459,34.0,3,False,True,,False,False,True,RUNTIME_RACEDAY_MODEL_SUGGESTION,ID_MATCH
2026-07-06,922465,CHAMPION_INTENT_SHADOW,CHAMPION_INTENT_SHADOW,Mayfair Market,7878363,data/reports/july06_intent_shadow_scorecard.csv,champion_intent_shadow_prob,10,0.067218,26.0,9,False,False,,False,False,True,RUNTIME_RACEDAY_MODEL_SUGGESTION,ID_MATCH
2026-07-06,922465,CHAMPION_INTENT_SHADOW,CHAMPION_INTENT_SHADOW,Smartanck,7878365,data/reports/july06_intent_shadow_scorecard.csv,champion_intent_shadow_prob,11,0.063607,126.0,10,False,False,,False,False,True,RUNTIME_RACEDAY_MODEL_SUGGESTION,ID_MATCH
2026-07-06,922465,CHAMPION_INTENT_SHADOW,CHAMPION_INTENT_SHADOW,Snaafy,7657431,data/reports/july06_intent_shadow_scorecard.csv,champion_intent_shadow_prob,12,0.057053,,,False,False,,False,False,True,RUNTIME_RACEDAY_MODEL_SUGGESTION,NO_RESULT_MATCH
2026-07-06,922465,CHAMPION_INTENT_SHADOW,CHAMPION_INTENT_SHADOW,Horwich,8463837,data/reports/july06_intent_shadow_scorecard.csv,champion_intent_shadow_prob,13,0.049649,21.0,12,False,False,,False,False,True,RUNTIME_RACEDAY_MODEL_SUGGESTION,ID_MATCH
2026-07-06,922465,NEW_BUILD_LANE_A,NEW_BUILD_LANE_A,Karakula Dancer,,data/new_build/reports/two_lane_readiness_2026_07_06.json,race_day_scorecards[].lane_a_top3,1,0.12538,5.5,8,False,False,,False,False,True,RUNTIME_RACEDAY_MODEL_SUGGESTION,NAME_FALLBACK_MATCH
2026-07-06,922465,NEW_BUILD_LANE_A,NEW_BUILD_LANE_A,Espanita,,data/new_build/reports/two_lane_readiness_2026_07_06.json,race_day_scorecards[].lane_a_top3,2,0.104118,15.0,6,False,False,,False,False,True,RUNTIME_RACEDAY_MODEL_SUGGESTION,NAME_FALLBACK_MATCH
2026-07-06,922465,NEW_BUILD_LANE_A,NEW_BUILD_LANE_A,If I Could Dream,,data/new_build/reports/two_lane_readiness_2026_07_06.json,race_day_scorecards[].lane_a_top3,3,0.085232,34.0,3,False,True,,False,False,True,RUNTIME_RACEDAY_MODEL_SUGGESTION,NAME_FALLBACK_MATCH
2026-07-06,922465,NEW_BUILD_LANE_B,NEW_BUILD_LANE_B,Karakula Dancer,,data/new_build/reports/two_lane_readiness_2026_07_06.json,race_day_scorecards[].lane_b_top3,1,0.112203,5.5,8,False,False,,False,False,True,RUNTIME_RACEDAY_MODEL_SUGGESTION,NAME_FALLBACK_MATCH
2026-07-06,922465,NEW_BUILD_LANE_B,NEW_BUILD_LANE_B,Espanita,,data/new_build/reports/two_lane_readiness_2026_07_06.json,race_day_scorecards[].lane_b_top3,2,0.100069,15.0,6,False,False,,False,False,True,RUNTIME_RACEDAY_MODEL_SUGGESTION,NAME_FALLBACK_MATCH
2026-07-06,922465,NEW_BUILD_LANE_B,NEW_BUILD_LANE_B,Lux Aeterna,,data/new_build/reports/two_lane_readiness_2026_07_06.json,race_day_scorecards[].lane_b_top3,3,0.079477,13.0,7,False,False,,False,False,True,RUNTIME_RACEDAY_MODEL_SUGGESTION,NAME_FALLBACK_MATCH
2026-07-06,922465,NEW_BUILD_LANE_C,NEW_BUILD_LANE_C,Espanita,,data/new_build/reports/two_lane_readiness_2026_07_06.json,race_day_scorecards[].lane_c_top3,1,0.54198,15.0,6,False,False,,False,False,True,RUNTIME_RACEDAY_MODEL_SUGGESTION,NAME_FALLBACK_MATCH
2026-07-06,922465,NEW_BUILD_LANE_C,NEW_BUILD_LANE_C,Karakula Dancer,,data/new_build/reports/two_lane_readiness_2026_07_06.json,race_day_scorecards[].lane_c_top3,2,0.539866,5.5,8,False,False,,False,False,True,RUNTIME_RACEDAY_MODEL_SUGGESTION,NAME_FALLBACK_MATCH
2026-07-06,922465,NEW_BUILD_LANE_C,NEW_BUILD_LANE_C,Mayfair Market,,data/new_build/reports/two_lane_readiness_2026_07_06.json,race_day_scorecards[].lane_c_top3,3,0.537179,26.0,9,False,False,,False,False,True,RUNTIME_RACEDAY_MODEL_SUGGESTION,NAME_FALLBACK_MATCH
2026-07-06,922306,CHAMPION_INTENT_SHADOW,CHAMPION_INTENT_SHADOW,Vietnorm,8304796,data/reports/july06_intent_shadow_scorecard.csv,champion_intent_shadow_prob,1,0.243009,1.53,5,False,False,,False,False,True,RUNTIME_RACEDAY_MODEL_SUGGESTION,ID_MATCH
2026-07-06,922306,CHAMPION_INTENT_SHADOW,CHAMPION_INTENT_SHADOW,Picaro,9097219,data/reports/july06_intent_shadow_scorecard.csv,champion_intent_shadow_prob,2,0.125495,19.0,7,False,False,,False,False,True,RUNTIME_RACEDAY_MODEL_SUGGESTION,ID_MATCH
2026-07-06,922306,CHAMPION_INTENT_SHADOW,CHAMPION_INTENT_SHADOW,Keep It Classic,8321644,data/reports/july06_intent_shadow_scorecard.csv,champion_intent_shadow_prob,3,0.117661,4.33,3,False,True,,False,False,True,RUNTIME_RACEDAY_MODEL_SUGGESTION,ID_MATCH
2026-07-06,922306,CHAMPION_INTENT_SHADOW,CHAMPION_INTENT_SHADOW,Resdev Time,7882530,data/reports/july06_intent_shadow_scorecard.csv,champion_intent_shadow_prob,4,0.10626,15.0,6,False,False,,False,False,True,RUNTIME_RACEDAY_MODEL_SUGGESTION,ID_MATCH
2026-07-06,922306,CHAMPION_INTENT_SHADOW,CHAMPION_INTENT_SHADOW,Hansteen,8174724,data/reports/july06_intent_shadow_scorecard.csv,champion_intent_shadow_prob,5,0.101276,26.0,2,False,True,,False,False,True,RUNTIME_RACEDAY_MODEL_SUGGESTION,ID_MATCH
2026-07-06,922306,CHAMPION_INTENT_SHADOW,CHAMPION_INTENT_SHADOW,Fairydale,7793622,data/reports/july06_intent_shadow_scorecard.csv,champion_intent_shadow_prob,6,0.096912,21.0,4,False,False,,False,False,True,RUNTIME_RACEDAY_MODEL_SUGGESTION,ID_MATCH
2026-07-06,922306,CHAMPION_INTENT_SHADOW,CHAMPION_INTENT_SHADOW,Riddikulus,8397008,data/reports/july06_intent_shadow_scorecard.csv,champion_intent_shadow_prob,7,0.08909,12.0,1,True,True,,False,False,True,RUNTIME_RACEDAY_MODEL_SUGGESTION,ID_MATCH
2026-07-06,922306,CHAMPION_INTENT_SHADOW,CHAMPION_INTENT_SHADOW,Star Of Emerald,8656400,data/reports/july06_intent_shadow_scorecard.csv,champion_intent_shadow_prob,8,0.061506,34.0,8,False,False,,False,False,True,RUNTIME_RACEDAY_MODEL_SUGGESTION,ID_MATCH
2026-07-06,922306,NEW_BUILD_LANE_A,NEW_BUILD_LANE_A,Vietnorm,,data/new_build/reports/two_lane_readiness_2026_07_06.json,race_day_scorecards[].lane_a_top3,1,0.165986,1.53,5,False,False,,False,False,True,RUNTIME_RACEDAY_MODEL_SUGGESTION,NAME_FALLBACK_MATCH
2026-07-06,922306,NEW_BUILD_LANE_A,NEW_BUILD_LANE_A,Resdev Time,,data/new_build/reports/two_lane_readiness_2026_07_06.json,race_day_scorecards[].lane_a_top3,2,0.141479,15.0,6,False,False,,False,False,True,RUNTIME_RACEDAY_MODEL_SUGGESTION,NAME_FALLBACK_MATCH
2026-07-06,922306,NEW_BUILD_LANE_A,NEW_BUILD_LANE_A,Keep It Classic,,data/new_build/reports/two_lane_readiness_2026_07_06.json,race_day_scorecards[].lane_a_top3,3,0.123187,4.33,3,False,True,,False,False,True,RUNTIME_RACEDAY_MODEL_SUGGESTION,NAME_FALLBACK_MATCH
2026-07-06,922306,NEW_BUILD_LANE_B,NEW_BUILD_LANE_B,Resdev Time,,data/new_build/reports/two_lane_readiness_2026_07_06.json,race_day_scorecards[].lane_b_top3,1,0.142138,15.0,6,False,False,,False,False,True,RUNTIME_RACEDAY_MODEL_SUGGESTION,NAME_FALLBACK_MATCH
2026-07-06,922306,NEW_BUILD_LANE_B,NEW_BUILD_LANE_B,Fairydale,,data/new_build/reports/two_lane_readiness_2026_07_06.json,race_day_scorecards[].lane_b_top3,2,0.115919,21.0,4,False,False,,False,False,True,RUNTIME_RACEDAY_MODEL_SUGGESTION,NAME_FALLBACK_MATCH
2026-07-06,922306,NEW_BUILD_LANE_B,NEW_BUILD_LANE_B,Hansteen,,data/new_build/reports/two_lane_readiness_2026_07_06.json,race_day_scorecards[].lane_b_top3,3,0.109767,26.0,2,False,True,,False,False,True,RUNTIME_RACEDAY_MODEL_SUGGESTION,NAME_FALLBACK_MATCH
2026-07-06,922306,NEW_BUILD_LANE_C,NEW_BUILD_LANE_C,Resdev Time,,data/new_build/reports/two_lane_readiness_2026_07_06.json,race_day_scorecards[].lane_c_top3,1,0.557278,15.0,6,False,False,,False,False,True,RUNTIME_RACEDAY_MODEL_SUGGESTION,NAME_FALLBACK_MATCH
2026-07-06,922306,NEW_BUILD_LANE_C,NEW_BUILD_LANE_C,Picaro,,data/new_build/reports/two_lane_readiness_2026_07_06.json,race_day_scorecards[].lane_c_top3,2,0.551131,19.0,7,False,False,,False,False,True,RUNTIME_RACEDAY_MODEL_SUGGESTION,NAME_FALLBACK_MATCH
2026-07-06,922306,NEW_BUILD_LANE_C,NEW_BUILD_LANE_C,Fairydale,,data/new_build/reports/two_lane_readiness_2026_07_06.json,race_day_scorecards[].lane_c_top3,3,0.550994,21.0,4,False,False,,False,False,True,RUNTIME_RACEDAY_MODEL_SUGGESTION,NAME_FALLBACK_MATCH
2026-07-06,924282,CHAMPION_INTENT_SHADOW,CHAMPION_INTENT_SHADOW,Goodgollymissholly,7657441,data/reports/july06_intent_shadow_scorecard.csv,champion_intent_shadow_prob,1,0.110689,5.5,1,True,True,,False,False,True,RUNTIME_RACEDAY_MODEL_SUGGESTION,ID_MATCH
2026-07-06,924282,CHAMPION_INTENT_SHADOW,CHAMPION_INTENT_SHADOW,Back In Favour,7529909,data/reports/july06_intent_shadow_scorecard.csv,champion_intent_shadow_prob,2,0.110689,12.0,8,False,False,,False,False,True,RUNTIME_RACEDAY_MODEL_SUGGESTION,ID_MATCH
2026-07-06,924282,CHAMPION_INTENT_SHADOW,CHAMPION_INTENT_SHADOW,Red Sea Girl,7643436,data/reports/july06_intent_shadow_scorecard.csv,champion_intent_shadow_prob,3,0.07949,6.5,3,False,True,,False,False,True,RUNTIME_RACEDAY_MODEL_SUGGESTION,ID_MATCH
2026-07-06,924282,CHAMPION_INTENT_SHADOW,CHAMPION_INTENT_SHADOW,Shuil Solas,9494778,data/reports/july06_intent_shadow_scorecard.csv,champion_intent_shadow_prob,4,0.07949,4.0,5,False,False,,False,False,True,RUNTIME_RACEDAY_MODEL_SUGGESTION,ID_MATCH
2026-07-06,924282,CHAMPION_INTENT_SHADOW,CHAMPION_INTENT_SHADOW,Nancy Wheeler,9494777,data/reports/july06_intent_shadow_scorecard.csv,champion_intent_shadow_prob,5,0.07949,34.0,14,False,False,,False,False,True,RUNTIME_RACEDAY_MODEL_SUGGESTION,ID_MATCH
2026-07-06,924282,CHAMPION_INTENT_SHADOW,CHAMPION_INTENT_SHADOW,Bayswater Bloom,8153111,data/reports/july06_intent_shadow_scorecard.csv,champion_intent_shadow_prob,6,0.07949,34.0,6,False,False,,False,False,True,RUNTIME_RACEDAY_MODEL_SUGGESTION,ID_MATCH
2026-07-06,924282,CHAMPION_INTENT_SHADOW,CHAMPION_INTENT_SHADOW,Aodha's Arrow,7525304,data/reports/july06_intent_shadow_scorecard.csv,champion_intent_shadow_prob,7,0.07949,9.0,7,False,False,,False,False,True,RUNTIME_RACEDAY_MODEL_SUGGESTION,ID_MATCH
2026-07-06,924282,CHAMPION_INTENT_SHADOW,CHAMPION_INTENT_SHADOW,Fournonblondes,9494774,data/reports/july06_intent_shadow_scorecard.csv,champion_intent_shadow_prob,8,0.07949,67.0,16,False,False,,False,False,True,RUNTIME_RACEDAY_MODEL_SUGGESTION,ID_MATCH
2026-07-06,924282,CHAMPION_INTENT_SHADOW,CHAMPION_INTENT_SHADOW,Likeyouhaveplenty,9083747,data/reports/july06_intent_shadow_scorecard.csv,champion_intent_shadow_prob,9,0.07949,81.0,13,False,False,,False,False,True,RUNTIME_RACEDAY_MODEL_SUGGESTION,ID_MATCH
2026-07-06,924282,CHAMPION_INTENT_SHADOW,CHAMPION_INTENT_SHADOW,Sheactslikesummer,8079915,data/reports/july06_intent_shadow_scorecard.csv,champion_intent_shadow_prob,10,0.07949,,,False,False,,False,False,True,RUNTIME_RACEDAY_MODEL_SUGGESTION,NO_RESULT_MATCH
2026-07-06,924282,CHAMPION_INTENT_SHADOW,CHAMPION_INTENT_SHADOW,Carleys Lilly,9148098,data/reports/july06_intent_shadow_scorecard.csv,champion_intent_shadow_prob,11,0.07949,,,False,False,,False,False,True,RUNTIME_RACEDAY_MODEL_SUGGESTION,NO_RESULT_MATCH
2026-07-06,924282,CHAMPION_INTENT_SHADOW,CHAMPION_INTENT_SHADOW,Eleen Alana,9494773,data/reports/july06_intent_shadow_scorecard.csv,champion_intent_shadow_prob,12,0.07949,,,False,False,,False,False,True,RUNTIME_RACEDAY_MODEL_SUGGESTION,NO_RESULT_MATCH
2026-07-06,924282,CHAMPION_INTENT_SHADOW,CHAMPION_INTENT_SHADOW,Any News For Me,8392260,data/reports/july06_intent_shadow_scorecard.csv,champion_intent_shadow_prob,13,0.073342,17.0,10,False,False,,False,False,True,RUNTIME_RACEDAY_MODEL_SUGGESTION,ID_MATCH
2026-07-06,924282,CHAMPION_INTENT_SHADOW,CHAMPION_INTENT_SHADOW,The Cormick Chick,9494780,data/reports/july06_intent_shadow_scorecard.csv,champion_intent_shadow_prob,14,0.073342,101.0,15,False,False,,False,False,True,RUNTIME_RACEDAY_MODEL_SUGGESTION,ID_MATCH
2026-07-06,924282,CHAMPION_INTENT_SHADOW,CHAMPION_INTENT_SHADOW,Madame Du Berlais,7935090,data/reports/july06_intent_shadow_scorecard.csv,champion_intent_shadow_prob,15,0.073342,34.0,2,False,True,,False,False,True,RUNTIME_RACEDAY_MODEL_SUGGESTION,ID_MATCH
2026-07-06,924282,CHAMPION_INTENT_SHADOW,CHAMPION_INTENT_SHADOW,Flowers In Therain,9359965,data/reports/july06_intent_shadow_scorecard.csv,champion_intent_shadow_prob,16,0.068385,81.0,11,False,False,,False,False,True,RUNTIME_RACEDAY_MODEL_SUGGESTION,ID_MATCH
2026-07-06,924282,CHAMPION_INTENT_SHADOW,CHAMPION_INTENT_SHADOW,Ronnie's Rascal,8236370,data/reports/july06_intent_shadow_scorecard.csv,champion_intent_shadow_prob,17,0.061449,4.0,4,False,False,,False,False,True,RUNTIME_RACEDAY_MODEL_SUGGESTION,ID_MATCH
2026-07-06,924282,CHAMPION_INTENT_SHADOW,CHAMPION_INTENT_SHADOW,Gratitudeforgrace,9467493,data/reports/july06_intent_shadow_scorecard.csv,champion_intent_shadow_prob,18,0.061449,21.0,12,False,False,,False,False,True,RUNTIME_RACEDAY_MODEL_SUGGESTION,ID_MATCH
2026-07-06,924282,CHAMPION_INTENT_SHADOW,CHAMPION_INTENT_SHADOW,My Girl Rosie,9110907,data/reports/july06_intent_shadow_scorecard.csv,champion_intent_shadow_prob,19,0.061449,17.0,9,False,False,,False,False,True,RUNTIME_RACEDAY_MODEL_SUGGESTION,ID_MATCH
2026-07-06,924282,NEW_BUILD_LANE_A,NEW_BUILD_LANE_A,Goodgollymissholly,,data/new_build/reports/two_lane_readiness_2026_07_06.json,race_day_scorecards[].lane_a_top3,1,0.103418,5.5,1,True,True,,False,False,True,RUNTIME_RACEDAY_MODEL_SUGGESTION,NAME_FALLBACK_MATCH
2026-07-06,924282,NEW_BUILD_LANE_A,NEW_BUILD_LANE_A,Back In Favour,,data/new_build/reports/two_lane_readiness_2026_07_06.json,race_day_scorecards[].lane_a_top3,2,0.103418,12.0,8,False,False,,False,False,True,RUNTIME_RACEDAY_MODEL_SUGGESTION,NAME_FALLBACK_MATCH
2026-07-06,924282,NEW_BUILD_LANE_A,NEW_BUILD_LANE_A,Red Sea Girl,,data/new_build/reports/two_lane_readiness_2026_07_06.json,race_day_scorecards[].lane_a_top3,3,0.087894,6.5,3,False,True,,False,False,True,RUNTIME_RACEDAY_MODEL_SUGGESTION,NAME_FALLBACK_MATCH
2026-07-06,924282,NEW_BUILD_LANE_B,NEW_BUILD_LANE_B,Goodgollymissholly,,data/new_build/reports/two_lane_readiness_2026_07_06.json,race_day_scorecards[].lane_b_top3,1,0.109044,5.5,1,True,True,,False,False,True,RUNTIME_RACEDAY_MODEL_SUGGESTION,NAME_FALLBACK_MATCH
2026-07-06,924282,NEW_BUILD_LANE_B,NEW_BUILD_LANE_B,Back In Favour,,data/new_build/reports/two_lane_readiness_2026_07_06.json,race_day_scorecards[].lane_b_top3,2,0.109044,12.0,8,False,False,,False,False,True,RUNTIME_RACEDAY_MODEL_SUGGESTION,NAME_FALLBACK_MATCH
2026-07-06,924282,NEW_BUILD_LANE_B,NEW_BUILD_LANE_B,Red Sea Girl,,data/new_build/reports/two_lane_readiness_2026_07_06.json,race_day_scorecards[].lane_b_top3,3,0.078268,6.5,3,False,True,,False,False,True,RUNTIME_RACEDAY_MODEL_SUGGESTION,NAME_FALLBACK_MATCH
2026-07-06,924282,NEW_BUILD_LANE_C,NEW_BUILD_LANE_C,Red Sea Girl,,data/new_build/reports/two_lane_readiness_2026_07_06.json,race_day_scorecards[].lane_c_top3,1,0.524866,6.5,3,False,True,,False,False,True,RUNTIME_RACEDAY_MODEL_SUGGESTION,NAME_FALLBACK_MATCH
2026-07-06,924282,NEW_BUILD_LANE_C,NEW_BUILD_LANE_C,Shuil Solas,,data/new_build/reports/two_lane_readiness_2026_07_06.json,race_day_scorecards[].lane_c_top3,2,0.524866,4.0,5,False,False,,False,False,True,RUNTIME_RACEDAY_MODEL_SUGGESTION,NAME_FALLBACK_MATCH
2026-07-06,924282,NEW_BUILD_LANE_C,NEW_BUILD_LANE_C,Nancy Wheeler,,data/new_build/reports/two_lane_readiness_2026_07_06.json,race_day_scorecards[].lane_c_top3,3,0.524866,34.0,14,False,False,,False,False,True,RUNTIME_RACEDAY_MODEL_SUGGESTION,NAME_FALLBACK_MATCH
2026-07-06,922467,CHAMPION_INTENT_SHADOW,CHAMPION_INTENT_SHADOW,Mythical Isle,6442162,data/reports/july06_intent_shadow_scorecard.csv,champion_intent_shadow_prob,1,0.144538,7.0,7,False,False,,False,False,True,RUNTIME_RACEDAY_MODEL_SUGGESTION,ID_MATCH
2026-07-06,922467,CHAMPION_INTENT_SHADOW,CHAMPION_INTENT_SHADOW,Starakova,7648502,data/reports/july06_intent_shadow_scorecard.csv,champion_intent_shadow_prob,2,0.100153,11.0,3,False,True,,False,False,True,RUNTIME_RACEDAY_MODEL_SUGGESTION,ID_MATCH
2026-07-06,922467,CHAMPION_INTENT_SHADOW,CHAMPION_INTENT_SHADOW,Lady Delila,4628805,data/reports/july06_intent_shadow_scorecard.csv,champion_intent_shadow_prob,3,0.080546,13.0,8,False,False,,False,False,True,RUNTIME_RACEDAY_MODEL_SUGGESTION,ID_MATCH
2026-07-06,922467,CHAMPION_INTENT_SHADOW,CHAMPION_INTENT_SHADOW,Splinterwood,8515697,data/reports/july06_intent_shadow_scorecard.csv,champion_intent_shadow_prob,4,0.076147,23.0,9,False,False,,False,False,True,RUNTIME_RACEDAY_MODEL_SUGGESTION,ID_MATCH
2026-07-06,922467,CHAMPION_INTENT_SHADOW,CHAMPION_INTENT_SHADOW,Implied Volatility,7551807,data/reports/july06_intent_shadow_scorecard.csv,champion_intent_shadow_prob,5,0.075145,15.0,10,False,False,,False,False,True,RUNTIME_RACEDAY_MODEL_SUGGESTION,ID_MATCH
2026-07-06,922467,CHAMPION_INTENT_SHADOW,CHAMPION_INTENT_SHADOW,Crown The Future,8001139,data/reports/july06_intent_shadow_scorecard.csv,champion_intent_shadow_prob,6,0.069158,8.5,13,False,False,,False,False,True,RUNTIME_RACEDAY_MODEL_SUGGESTION,ID_MATCH
2026-07-06,922467,CHAMPION_INTENT_SHADOW,CHAMPION_INTENT_SHADOW,Seconds Count,5845673,data/reports/july06_intent_shadow_scorecard.csv,champion_intent_shadow_prob,7,0.064556,26.0,6,False,False,,False,False,True,RUNTIME_RACEDAY_MODEL_SUGGESTION,ID_MATCH
2026-07-06,922467,CHAMPION_INTENT_SHADOW,CHAMPION_INTENT_SHADOW,Manton Road,6134848,data/reports/july06_intent_shadow_scorecard.csv,champion_intent_shadow_prob,8,0.063594,13.0,2,False,True,,False,False,True,RUNTIME_RACEDAY_MODEL_SUGGESTION,ID_MATCH
2026-07-06,922467,CHAMPION_INTENT_SHADOW,CHAMPION_INTENT_SHADOW,Midnight Media,7970717,data/reports/july06_intent_shadow_scorecard.csv,champion_intent_shadow_prob,9,0.060626,2.88,1,True,True,,False,False,True,RUNTIME_RACEDAY_MODEL_SUGGESTION,ID_MATCH
2026-07-06,922467,CHAMPION_INTENT_SHADOW,CHAMPION_INTENT_SHADOW,King Of Speed,3366623,data/reports/july06_intent_shadow_scorecard.csv,champion_intent_shadow_prob,10,0.059019,12.0,12,False,False,,False,False,True,RUNTIME_RACEDAY_MODEL_SUGGESTION,ID_MATCH
2026-07-06,922467,CHAMPION_INTENT_SHADOW,CHAMPION_INTENT_SHADOW,Celebrating Ethel,4808607,data/reports/july06_intent_shadow_scorecard.csv,champion_intent_shadow_prob,11,0.056568,23.0,11,False,False,,False,False,True,RUNTIME_RACEDAY_MODEL_SUGGESTION,ID_MATCH
2026-07-06,922467,CHAMPION_INTENT_SHADOW,CHAMPION_INTENT_SHADOW,Lhebayeb,3212568,data/reports/july06_intent_shadow_scorecard.csv,champion_intent_shadow_prob,12,0.050617,29.0,4,False,False,,False,False,True,RUNTIME_RACEDAY_MODEL_SUGGESTION,ID_MATCH
2026-07-06,922467,CHAMPION_INTENT_SHADOW,CHAMPION_INTENT_SHADOW,Will Be King,2117574,data/reports/july06_intent_shadow_scorecard.csv,champion_intent_shadow_prob,13,0.04897,9.0,5,False,False,,False,False,True,RUNTIME_RACEDAY_MODEL_SUGGESTION,ID_MATCH
2026-07-06,922467,NEW_BUILD_LANE_A,NEW_BUILD_LANE_A,Lady Delila,,data/new_build/reports/two_lane_readiness_2026_07_06.json,race_day_scorecards[].lane_a_top3,1,0.119903,13.0,8,False,False,,False,False,True,RUNTIME_RACEDAY_MODEL_SUGGESTION,NAME_FALLBACK_MATCH
2026-07-06,922467,NEW_BUILD_LANE_A,NEW_BUILD_LANE_A,Mythical Isle,,data/new_build/reports/two_lane_readiness_2026_07_06.json,race_day_scorecards[].lane_a_top3,2,0.091604,7.0,7,False,False,,False,False,True,RUNTIME_RACEDAY_MODEL_SUGGESTION,NAME_FALLBACK_MATCH
2026-07-06,922467,NEW_BUILD_LANE_A,NEW_BUILD_LANE_A,Splinterwood,,data/new_build/reports/two_lane_readiness_2026_07_06.json,race_day_scorecards[].lane_a_top3,3,0.080213,23.0,9,False,False,,False,False,True,RUNTIME_RACEDAY_MODEL_SUGGESTION,NAME_FALLBACK_MATCH
2026-07-06,922467,NEW_BUILD_LANE_B,NEW_BUILD_LANE_B,Lady Delila,,data/new_build/reports/two_lane_readiness_2026_07_06.json,race_day_scorecards[].lane_b_top3,1,0.087075,13.0,8,False,False,,False,False,True,RUNTIME_RACEDAY_MODEL_SUGGESTION,NAME_FALLBACK_MATCH
2026-07-06,922467,NEW_BUILD_LANE_B,NEW_BUILD_LANE_B,Mythical Isle,,data/new_build/reports/two_lane_readiness_2026_07_06.json,race_day_scorecards[].lane_b_top3,2,0.079384,7.0,7,False,False,,False,False,True,RUNTIME_RACEDAY_MODEL_SUGGESTION,NAME_FALLBACK_MATCH
2026-07-06,922467,NEW_BUILD_LANE_B,NEW_BUILD_LANE_B,Splinterwood,,data/new_build/reports/two_lane_readiness_2026_07_06.json,race_day_scorecards[].lane_b_top3,3,0.074551,23.0,9,False,False,,False,False,True,RUNTIME_RACEDAY_MODEL_SUGGESTION,NAME_FALLBACK_MATCH
2026-07-06,922467,NEW_BUILD_LANE_C,NEW_BUILD_LANE_C,Lady Delila,,data/new_build/reports/two_lane_readiness_2026_07_06.json,race_day_scorecards[].lane_c_top3,1,0.540566,13.0,8,False,False,,False,False,True,RUNTIME_RACEDAY_MODEL_SUGGESTION,NAME_FALLBACK_MATCH
2026-07-06,922467,NEW_BUILD_LANE_C,NEW_BUILD_LANE_C,Splinterwood,,data/new_build/reports/two_lane_readiness_2026_07_06.json,race_day_scorecards[].lane_c_top3,2,0.536646,23.0,9,False,False,,False,False,True,RUNTIME_RACEDAY_MODEL_SUGGESTION,NAME_FALLBACK_MATCH
2026-07-06,922467,NEW_BUILD_LANE_C,NEW_BUILD_LANE_C,Implied Volatility,,data/new_build/reports/two_lane_readiness_2026_07_06.json,race_day_scorecards[].lane_c_top3,3,0.536374,15.0,10,False,False,,False,False,True,RUNTIME_RACEDAY_MODEL_SUGGESTION,NAME_FALLBACK_MATCH
2026-07-06,922307,CHAMPION_INTENT_SHADOW,CHAMPION_INTENT_SHADOW,Northern Tempest,7436440,data/reports/july06_intent_shadow_scorecard.csv,champion_intent_shadow_prob,1,0.104158,6.5,5,False,False,,False,False,True,RUNTIME_RACEDAY_MODEL_SUGGESTION,ID_MATCH
2026-07-06,922307,CHAMPION_INTENT_SHADOW,CHAMPION_INTENT_SHADOW,Tie Fighter,7816040,data/reports/july06_intent_shadow_scorecard.csv,champion_intent_shadow_prob,2,0.103966,12.0,8,False,False,,False,False,True,RUNTIME_RACEDAY_MODEL_SUGGESTION,ID_MATCH
2026-07-06,922307,CHAMPION_INTENT_SHADOW,CHAMPION_INTENT_SHADOW,Hvar,7390866,data/reports/july06_intent_shadow_scorecard.csv,champion_intent_shadow_prob,3,0.1021,23.0,9,False,False,,False,False,True,RUNTIME_RACEDAY_MODEL_SUGGESTION,ID_MATCH
2026-07-06,922307,CHAMPION_INTENT_SHADOW,CHAMPION_INTENT_SHADOW,Mare Of London,7020394,data/reports/july06_intent_shadow_scorecard.csv,champion_intent_shadow_prob,4,0.099611,11.0,6,False,False,,False,False,True,RUNTIME_RACEDAY_MODEL_SUGGESTION,ID_MATCH
2026-07-06,922307,CHAMPION_INTENT_SHADOW,CHAMPION_INTENT_SHADOW,Brash,8022555,data/reports/july06_intent_shadow_scorecard.csv,champion_intent_shadow_prob,5,0.098049,6.0,2,False,True,,False,False,True,RUNTIME_RACEDAY_MODEL_SUGGESTION,ID_MATCH
2026-07-06,922307,CHAMPION_INTENT_SHADOW,CHAMPION_INTENT_SHADOW,Lamlash Bay,8335410,data/reports/july06_intent_shadow_scorecard.csv,champion_intent_shadow_prob,6,0.0966,5.5,1,True,True,,False,False,True,RUNTIME_RACEDAY_MODEL_SUGGESTION,ID_MATCH
2026-07-06,922307,CHAMPION_INTENT_SHADOW,CHAMPION_INTENT_SHADOW,Soul Warrior,7856861,data/reports/july06_intent_shadow_scorecard.csv,champion_intent_shadow_prob,7,0.093607,7.0,3,False,True,,False,False,True,RUNTIME_RACEDAY_MODEL_SUGGESTION,ID_MATCH
2026-07-06,922307,CHAMPION_INTENT_SHADOW,CHAMPION_INTENT_SHADOW,Havana Oaks,7436380,data/reports/july06_intent_shadow_scorecard.csv,champion_intent_shadow_prob,8,0.076193,29.0,7,False,False,,False,False,True,RUNTIME_RACEDAY_MODEL_SUGGESTION,ID_MATCH
2026-07-06,922307,CHAMPION_INTENT_SHADOW,CHAMPION_INTENT_SHADOW,Long Shot,8013552,data/reports/july06_intent_shadow_scorecard.csv,champion_intent_shadow_prob,9,0.07163,3.5,4,False,False,,False,False,True,RUNTIME_RACEDAY_MODEL_SUGGESTION,ID_MATCH
2026-07-06,922307,NEW_BUILD_LANE_A,NEW_BUILD_LANE_A,Hvar,,data/new_build/reports/two_lane_readiness_2026_07_06.json,race_day_scorecards[].lane_a_top3,1,0.121593,23.0,9,False,False,,False,False,True,RUNTIME_RACEDAY_MODEL_SUGGESTION,NAME_FALLBACK_MATCH
2026-07-06,922307,NEW_BUILD_LANE_A,NEW_BUILD_LANE_A,Northern Tempest,,data/new_build/reports/two_lane_readiness_2026_07_06.json,race_day_scorecards[].lane_a_top3,2,0.111692,6.5,5,False,False,,False,False,True,RUNTIME_RACEDAY_MODEL_SUGGESTION,NAME_FALLBACK_MATCH
2026-07-06,922307,NEW_BUILD_LANE_A,NEW_BUILD_LANE_A,Soul Warrior,,data/new_build/reports/two_lane_readiness_2026_07_06.json,race_day_scorecards[].lane_a_top3,3,0.102662,7.0,3,False,True,,False,False,True,RUNTIME_RACEDAY_MODEL_SUGGESTION,NAME_FALLBACK_MATCH
2026-07-06,922307,NEW_BUILD_LANE_B,NEW_BUILD_LANE_B,Hvar,,data/new_build/reports/two_lane_readiness_2026_07_06.json,race_day_scorecards[].lane_b_top3,1,0.109833,23.0,9,False,False,,False,False,True,RUNTIME_RACEDAY_MODEL_SUGGESTION,NAME_FALLBACK_MATCH
2026-07-06,922307,NEW_BUILD_LANE_B,NEW_BUILD_LANE_B,Soul Warrior,,data/new_build/reports/two_lane_readiness_2026_07_06.json,race_day_scorecards[].lane_b_top3,2,0.104712,7.0,3,False,True,,False,False,True,RUNTIME_RACEDAY_MODEL_SUGGESTION,NAME_FALLBACK_MATCH
2026-07-06,922307,NEW_BUILD_LANE_B,NEW_BUILD_LANE_B,Mare Of London,,data/new_build/reports/two_lane_readiness_2026_07_06.json,race_day_scorecards[].lane_b_top3,3,0.095931,11.0,6,False,False,,False,False,True,RUNTIME_RACEDAY_MODEL_SUGGESTION,NAME_FALLBACK_MATCH
2026-07-06,922307,NEW_BUILD_LANE_C,NEW_BUILD_LANE_C,Hvar,,data/new_build/reports/two_lane_readiness_2026_07_06.json,race_day_scorecards[].lane_c_top3,1,0.549893,23.0,9,False,False,,False,False,True,RUNTIME_RACEDAY_MODEL_SUGGESTION,NAME_FALLBACK_MATCH
2026-07-06,922307,NEW_BUILD_LANE_C,NEW_BUILD_LANE_C,Lamlash Bay,,data/new_build/reports/two_lane_readiness_2026_07_06.json,race_day_scorecards[].lane_c_top3,2,0.546907,5.5,1,True,True,,False,False,True,RUNTIME_RACEDAY_MODEL_SUGGESTION,NAME_FALLBACK_MATCH
2026-07-06,922307,NEW_BUILD_LANE_C,NEW_BUILD_LANE_C,Mare Of London,,data/new_build/reports/two_lane_readiness_2026_07_06.json,race_day_scorecards[].lane_c_top3,3,0.545726,11.0,6,False,False,,False,False,True,RUNTIME_RACEDAY_MODEL_SUGGESTION,NAME_FALLBACK_MATCH
2026-07-06,922464,CHAMPION_INTENT_SHADOW,CHAMPION_INTENT_SHADOW,Post Rider,5426860,data/reports/july06_intent_shadow_scorecard.csv,champion_intent_shadow_prob,1,0.113285,,,False,False,,False,False,True,RUNTIME_RACEDAY_MODEL_SUGGESTION,NO_RESULT_MATCH
2026-07-06,922464,CHAMPION_INTENT_SHADOW,CHAMPION_INTENT_SHADOW,Barry's Boy,6064638,data/reports/july06_intent_shadow_scorecard.csv,champion_intent_shadow_prob,2,0.090305,6.0,2,False,True,,False,False,True,RUNTIME_RACEDAY_MODEL_SUGGESTION,ID_MATCH
2026-07-06,922464,CHAMPION_INTENT_SHADOW,CHAMPION_INTENT_SHADOW,Galaxy Wonder,7134165,data/reports/july06_intent_shadow_scorecard.csv,champion_intent_shadow_prob,3,0.082274,6.5,3,False,True,,False,False,True,RUNTIME_RACEDAY_MODEL_SUGGESTION,ID_MATCH
2026-07-06,922464,CHAMPION_INTENT_SHADOW,CHAMPION_INTENT_SHADOW,Serious Look,4445402,data/reports/july06_intent_shadow_scorecard.csv,champion_intent_shadow_prob,4,0.078486,17.0,5,False,False,,False,False,True,RUNTIME_RACEDAY_MODEL_SUGGESTION,ID_MATCH
2026-07-06,922464,CHAMPION_INTENT_SHADOW,CHAMPION_INTENT_SHADOW,Imola,5254269,data/reports/july06_intent_shadow_scorecard.csv,champion_intent_shadow_prob,5,0.077514,7.5,6,False,False,,False,False,True,RUNTIME_RACEDAY_MODEL_SUGGESTION,ID_MATCH
2026-07-06,922464,CHAMPION_INTENT_SHADOW,CHAMPION_INTENT_SHADOW,Primo Lara,5315434,data/reports/july06_intent_shadow_scorecard.csv,champion_intent_shadow_prob,6,0.076138,7.5,1,True,True,,False,False,True,RUNTIME_RACEDAY_MODEL_SUGGESTION,ID_MATCH
2026-07-06,922464,CHAMPION_INTENT_SHADOW,CHAMPION_INTENT_SHADOW,Sea The Light,7457903,data/reports/july06_intent_shadow_scorecard.csv,champion_intent_shadow_prob,7,0.074584,10.0,7,False,False,,False,False,True,RUNTIME_RACEDAY_MODEL_SUGGESTION,ID_MATCH
2026-07-06,922464,CHAMPION_INTENT_SHADOW,CHAMPION_INTENT_SHADOW,Turku,8196281,data/reports/july06_intent_shadow_scorecard.csv,champion_intent_shadow_prob,8,0.069639,5.0,10,False,False,,False,False,True,RUNTIME_RACEDAY_MODEL_SUGGESTION,ID_MATCH
2026-07-06,922464,CHAMPION_INTENT_SHADOW,CHAMPION_INTENT_SHADOW,Guitar Solo,8157549,data/reports/july06_intent_shadow_scorecard.csv,champion_intent_shadow_prob,9,0.06198,41.0,8,False,False,,False,False,True,RUNTIME_RACEDAY_MODEL_SUGGESTION,ID_MATCH
2026-07-06,922464,CHAMPION_INTENT_SHADOW,CHAMPION_INTENT_SHADOW,Joseph,6750141,data/reports/july06_intent_shadow_scorecard.csv,champion_intent_shadow_prob,10,0.060324,15.0,4,False,False,,False,False,True,RUNTIME_RACEDAY_MODEL_SUGGESTION,ID_MATCH
2026-07-06,922464,CHAMPION_INTENT_SHADOW,CHAMPION_INTENT_SHADOW,Oman,3142182,data/reports/july06_intent_shadow_scorecard.csv,champion_intent_shadow_prob,11,0.039944,6.0,9,False,False,,False,False,True,RUNTIME_RACEDAY_MODEL_SUGGESTION,ID_MATCH
2026-07-06,922464,CHAMPION_INTENT_SHADOW,CHAMPION_INTENT_SHADOW,Harbour Vision,1562851,data/reports/july06_intent_shadow_scorecard.csv,champion_intent_shadow_prob,12,0.028247,,,False,False,,False,False,True,RUNTIME_RACEDAY_MODEL_SUGGESTION,NO_RESULT_MATCH
2026-07-06,922464,NEW_BUILD_LANE_A,NEW_BUILD_LANE_A,Barry's Boy,,data/new_build/reports/two_lane_readiness_2026_07_06.json,race_day_scorecards[].lane_a_top3,1,0.125828,6.0,2,False,True,,False,False,True,RUNTIME_RACEDAY_MODEL_SUGGESTION,NAME_FALLBACK_MATCH
2026-07-06,922464,NEW_BUILD_LANE_A,NEW_BUILD_LANE_A,Post Rider,,data/new_build/reports/two_lane_readiness_2026_07_06.json,race_day_scorecards[].lane_a_top3,2,0.101225,,,False,False,,False,False,True,RUNTIME_RACEDAY_MODEL_SUGGESTION,NO_RESULT_MATCH
2026-07-06,922464,NEW_BUILD_LANE_A,NEW_BUILD_LANE_A,Primo Lara,,data/new_build/reports/two_lane_readiness_2026_07_06.json,race_day_scorecards[].lane_a_top3,3,0.08992,7.5,1,True,True,,False,False,True,RUNTIME_RACEDAY_MODEL_SUGGESTION,NAME_FALLBACK_MATCH
2026-07-06,922464,NEW_BUILD_LANE_B,NEW_BUILD_LANE_B,Barry's Boy,,data/new_build/reports/two_lane_readiness_2026_07_06.json,race_day_scorecards[].lane_b_top3,1,0.091665,6.0,2,False,True,,False,False,True,RUNTIME_RACEDAY_MODEL_SUGGESTION,NAME_FALLBACK_MATCH
2026-07-06,922464,NEW_BUILD_LANE_B,NEW_BUILD_LANE_B,Post Rider,,data/new_build/reports/two_lane_readiness_2026_07_06.json,race_day_scorecards[].lane_b_top3,2,0.085101,,,False,False,,False,False,True,RUNTIME_RACEDAY_MODEL_SUGGESTION,NO_RESULT_MATCH
2026-07-06,922464,NEW_BUILD_LANE_B,NEW_BUILD_LANE_B,Imola,,data/new_build/reports/two_lane_readiness_2026_07_06.json,race_day_scorecards[].lane_b_top3,3,0.084561,7.5,6,False,False,,False,False,True,RUNTIME_RACEDAY_MODEL_SUGGESTION,NAME_FALLBACK_MATCH
2026-07-06,922464,NEW_BUILD_LANE_C,NEW_BUILD_LANE_C,Barry's Boy,,data/new_build/reports/two_lane_readiness_2026_07_06.json,race_day_scorecards[].lane_c_top3,1,0.539227,6.0,2,False,True,,False,False,True,RUNTIME_RACEDAY_MODEL_SUGGESTION,NAME_FALLBACK_MATCH
2026-07-06,922464,NEW_BUILD_LANE_C,NEW_BUILD_LANE_C,Post Rider,,data/new_build/reports/two_lane_readiness_2026_07_06.json,race_day_scorecards[].lane_c_top3,2,0.537029,,,False,False,,False,False,True,RUNTIME_RACEDAY_MODEL_SUGGESTION,NO_RESULT_MATCH
2026-07-06,922464,NEW_BUILD_LANE_C,NEW_BUILD_LANE_C,Joseph,,data/new_build/reports/two_lane_readiness_2026_07_06.json,race_day_scorecards[].lane_c_top3,3,0.535971,15.0,4,False,False,,False,False,True,RUNTIME_RACEDAY_MODEL_SUGGESTION,NAME_FALLBACK_MATCH
2026-07-06,922465,MAIN_VELO_PRIME,MAIN_VELO_PRIME,Safe Harbor,8427608,data/runner_snapshots_2026_07_06_report_only.jsonl,velo_prime_prob,1,0.1936,3.75,4,False,False,,False,False,True,RUNTIME_RACEDAY_MODEL_SUGGESTION,ID_MATCH
2026-07-06,922465,MAIN_VELO_PRIME,MAIN_VELO_PRIME,Suggy,7204910,data/runner_snapshots_2026_07_06_report_only.jsonl,velo_prime_prob,2,0.1671,3.5,1,True,True,,False,False,True,RUNTIME_RACEDAY_MODEL_SUGGESTION,ID_MATCH
2026-07-06,922465,MAIN_VELO_PRIME,MAIN_VELO_PRIME,Karakula Dancer,7020387,data/runner_snapshots_2026_07_06_report_only.jsonl,velo_prime_prob,3,0.1197,5.5,8,False,False,,False,False,True,RUNTIME_RACEDAY_MODEL_SUGGESTION,ID_MATCH
2026-07-06,922465,MAIN_VELO_PRIME,MAIN_VELO_PRIME,Horwich,8463837,data/runner_snapshots_2026_07_06_report_only.jsonl,velo_prime_prob,4,0.0821,21.0,12,False,False,,False,False,True,RUNTIME_RACEDAY_MODEL_SUGGESTION,ID_MATCH
2026-07-06,922465,MAIN_VELO_PRIME,MAIN_VELO_PRIME,Stella Lucente,8039759,data/runner_snapshots_2026_07_06_report_only.jsonl,velo_prime_prob,5,0.0679,15.0,2,False,True,,False,False,True,RUNTIME_RACEDAY_MODEL_SUGGESTION,ID_MATCH
2026-07-06,922465,MAIN_VELO_PRIME,MAIN_VELO_PRIME,Snaafy,7657431,data/runner_snapshots_2026_07_06_report_only.jsonl,velo_prime_prob,6,0.0592,,,False,False,,False,False,True,RUNTIME_RACEDAY_MODEL_SUGGESTION,NO_RESULT_MATCH
2026-07-06,922465,MAIN_VELO_PRIME,MAIN_VELO_PRIME,Mayfair Market,7878363,data/runner_snapshots_2026_07_06_report_only.jsonl,velo_prime_prob,7,0.0585,26.0,9,False,False,,False,False,True,RUNTIME_RACEDAY_MODEL_SUGGESTION,ID_MATCH
2026-07-06,922465,MAIN_VELO_PRIME,MAIN_VELO_PRIME,Espanita,8196284,data/runner_snapshots_2026_07_06_report_only.jsonl,velo_prime_prob,8,0.0573,15.0,6,False,False,,False,False,True,RUNTIME_RACEDAY_MODEL_SUGGESTION,ID_MATCH
2026-07-06,922465,MAIN_VELO_PRIME,MAIN_VELO_PRIME,Alkumatic Jo Jo,7957278,data/runner_snapshots_2026_07_06_report_only.jsonl,velo_prime_prob,9,0.0506,7.0,5,False,False,,False,False,True,RUNTIME_RACEDAY_MODEL_SUGGESTION,ID_MATCH
2026-07-06,922465,MAIN_VELO_PRIME,MAIN_VELO_PRIME,Smartanck,7878365,data/runner_snapshots_2026_07_06_report_only.jsonl,velo_prime_prob,10,0.0469,126.0,10,False,False,,False,False,True,RUNTIME_RACEDAY_MODEL_SUGGESTION,ID_MATCH
2026-07-06,922465,MAIN_VELO_PRIME,MAIN_VELO_PRIME,Lux Aeterna,7436347,data/runner_snapshots_2026_07_06_report_only.jsonl,velo_prime_prob,11,0.0371,13.0,7,False,False,,False,False,True,RUNTIME_RACEDAY_MODEL_SUGGESTION,ID_MATCH
2026-07-06,922465,MAIN_VELO_PRIME,MAIN_VELO_PRIME,Charming Doll,7643452,data/runner_snapshots_2026_07_06_report_only.jsonl,velo_prime_prob,12,0.032,34.0,11,False,False,,False,False,True,RUNTIME_RACEDAY_MODEL_SUGGESTION,ID_MATCH
2026-07-06,922465,MAIN_VELO_PRIME,MAIN_VELO_PRIME,If I Could Dream,7551812,data/runner_snapshots_2026_07_06_report_only.jsonl,velo_prime_prob,13,0.0279,34.0,3,False,True,,False,False,True,RUNTIME_RACEDAY_MODEL_SUGGESTION,ID_MATCH
2026-07-06,922465,OLD_VELO_LONGSHOT,OLD_VELO_LONGSHOT,Safe Harbor,8427608,data/velo_prime_verdicts_2026_07_06.json,top.longshot_prob,1,0.0066,3.75,4,False,False,,False,False,True,RUNTIME_RACEDAY_MODEL_SUGGESTION,ID_MATCH
2026-07-06,922465,OLD_VELO_PLACE,OLD_VELO_PLACE,Safe Harbor,8427608,data/velo_prime_verdicts_2026_07_06.json,top.place_prob,1,0.0283,3.75,4,False,False,,False,False,True,RUNTIME_RACEDAY_MODEL_SUGGESTION,ID_MATCH
2026-07-06,922465,OLD_VELO_WIN,OLD_VELO_WIN,Safe Harbor,8427608,data/velo_prime_verdicts_2026_07_06.json,top.velo_prime_prob,1,0.1936,3.75,4,False,False,,False,False,True,RUNTIME_RACEDAY_MODEL_SUGGESTION,ID_MATCH
2026-07-06,922465,SQPE_NO_RPR_SHADOW,SQPE_NO_RPR_SHADOW,Lux Aeterna,7436347,data/runner_snapshots_2026_07_06_report_only.jsonl,sqpe_no_rpr_shadow_prob,1,0.0935,13.0,7,False,False,,False,False,True,RUNTIME_RACEDAY_MODEL_SUGGESTION,ID_MATCH
2026-07-06,922465,SQPE_NO_RPR_SHADOW,SQPE_NO_RPR_SHADOW,Charming Doll,7643452,data/runner_snapshots_2026_07_06_report_only.jsonl,sqpe_no_rpr_shadow_prob,2,0.0919,34.0,11,False,False,,False,False,True,RUNTIME_RACEDAY_MODEL_SUGGESTION,ID_MATCH
2026-07-06,922465,SQPE_NO_RPR_SHADOW,SQPE_NO_RPR_SHADOW,Espanita,8196284,data/runner_snapshots_2026_07_06_report_only.jsonl,sqpe_no_rpr_shadow_prob,3,0.0847,15.0,6,False,False,,False,False,True,RUNTIME_RACEDAY_MODEL_SUGGESTION,ID_MATCH
2026-07-06,922465,SQPE_NO_RPR_SHADOW,SQPE_NO_RPR_SHADOW,Mayfair Market,7878363,data/runner_snapshots_2026_07_06_report_only.jsonl,sqpe_no_rpr_shadow_prob,4,0.0837,26.0,9,False,False,,False,False,True,RUNTIME_RACEDAY_MODEL_SUGGESTION,ID_MATCH
2026-07-06,922465,SQPE_NO_RPR_SHADOW,SQPE_NO_RPR_SHADOW,Alkumatic Jo Jo,7957278,data/runner_snapshots_2026_07_06_report_only.jsonl,sqpe_no_rpr_shadow_prob,5,0.0834,7.0,5,False,False,,False,False,True,RUNTIME_RACEDAY_MODEL_SUGGESTION,ID_MATCH
2026-07-06,922465,SQPE_NO_RPR_SHADOW,SQPE_NO_RPR_SHADOW,Safe Harbor,8427608,data/runner_snapshots_2026_07_06_report_only.jsonl,sqpe_no_rpr_shadow_prob,6,0.0821,3.75,4,False,False,,False,False,True,RUNTIME_RACEDAY_MODEL_SUGGESTION,ID_MATCH
2026-07-06,922465,SQPE_NO_RPR_SHADOW,SQPE_NO_RPR_SHADOW,If I Could Dream,7551812,data/runner_snapshots_2026_07_06_report_only.jsonl,sqpe_no_rpr_shadow_prob,7,0.0821,34.0,3,False,True,,False,False,True,RUNTIME_RACEDAY_MODEL_SUGGESTION,ID_MATCH
2026-07-06,922465,SQPE_NO_RPR_SHADOW,SQPE_NO_RPR_SHADOW,Smartanck,7878365,data/runner_snapshots_2026_07_06_report_only.jsonl,sqpe_no_rpr_shadow_prob,8,0.0756,126.0,10,False,False,,False,False,True,RUNTIME_RACEDAY_MODEL_SUGGESTION,ID_MATCH
2026-07-06,922465,SQPE_NO_RPR_SHADOW,SQPE_NO_RPR_SHADOW,Karakula Dancer,7020387,data/runner_snapshots_2026_07_06_report_only.jsonl,sqpe_no_rpr_shadow_prob,9,0.0751,5.5,8,False,False,,False,False,True,RUNTIME_RACEDAY_MODEL_SUGGESTION,ID_MATCH
2026-07-06,922465,SQPE_NO_RPR_SHADOW,SQPE_NO_RPR_SHADOW,Stella Lucente,8039759,data/runner_snapshots_2026_07_06_report_only.jsonl,sqpe_no_rpr_shadow_prob,10,0.0739,15.0,2,False,True,,False,False,True,RUNTIME_RACEDAY_MODEL_SUGGESTION,ID_MATCH
2026-07-06,922465,SQPE_NO_RPR_SHADOW,SQPE_NO_RPR_SHADOW,Suggy,7204910,data/runner_snapshots_2026_07_06_report_only.jsonl,sqpe_no_rpr_shadow_prob,11,0.0738,3.5,1,True,True,,False,False,True,RUNTIME_RACEDAY_MODEL_SUGGESTION,ID_MATCH
2026-07-06,922465,SQPE_NO_RPR_SHADOW,SQPE_NO_RPR_SHADOW,Horwich,8463837,data/runner_snapshots_2026_07_06_report_only.jsonl,sqpe_no_rpr_shadow_prob,12,0.072,21.0,12,False,False,,False,False,True,RUNTIME_RACEDAY_MODEL_SUGGESTION,ID_MATCH
2026-07-06,922465,SQPE_NO_RPR_SHADOW,SQPE_NO_RPR_SHADOW,Snaafy,7657431,data/runner_snapshots_2026_07_06_report_only.jsonl,sqpe_no_rpr_shadow_prob,13,0.0665,,,False,False,,False,False,True,RUNTIME_RACEDAY_MODEL_SUGGESTION,NO_RESULT_MATCH
2026-07-06,922306,MAIN_VELO_PRIME,MAIN_VELO_PRIME,Vietnorm,8304796,data/runner_snapshots_2026_07_06_report_only.jsonl,velo_prime_prob,1,0.4847,1.53,5,False,False,,False,False,True,RUNTIME_RACEDAY_MODEL_SUGGESTION,ID_MATCH
2026-07-06,922306,MAIN_VELO_PRIME,MAIN_VELO_PRIME,Keep It Classic,8321644,data/runner_snapshots_2026_07_06_report_only.jsonl,velo_prime_prob,2,0.1717,4.33,3,False,True,,False,False,True,RUNTIME_RACEDAY_MODEL_SUGGESTION,ID_MATCH
2026-07-06,922306,MAIN_VELO_PRIME,MAIN_VELO_PRIME,Resdev Time,7882530,data/runner_snapshots_2026_07_06_report_only.jsonl,velo_prime_prob,3,0.1019,15.0,6,False,False,,False,False,True,RUNTIME_RACEDAY_MODEL_SUGGESTION,ID_MATCH
2026-07-06,922306,MAIN_VELO_PRIME,MAIN_VELO_PRIME,Riddikulus,8397008,data/runner_snapshots_2026_07_06_report_only.jsonl,velo_prime_prob,4,0.0947,12.0,1,True,True,,False,False,True,RUNTIME_RACEDAY_MODEL_SUGGESTION,ID_MATCH
2026-07-06,922306,MAIN_VELO_PRIME,MAIN_VELO_PRIME,Hansteen,8174724,data/runner_snapshots_2026_07_06_report_only.jsonl,velo_prime_prob,5,0.0485,26.0,2,False,True,,False,False,True,RUNTIME_RACEDAY_MODEL_SUGGESTION,ID_MATCH
2026-07-06,922306,MAIN_VELO_PRIME,MAIN_VELO_PRIME,Star Of Emerald,8656400,data/runner_snapshots_2026_07_06_report_only.jsonl,velo_prime_prob,6,0.0433,34.0,8,False,False,,False,False,True,RUNTIME_RACEDAY_MODEL_SUGGESTION,ID_MATCH
2026-07-06,922306,MAIN_VELO_PRIME,MAIN_VELO_PRIME,Picaro,9097219,data/runner_snapshots_2026_07_06_report_only.jsonl,velo_prime_prob,7,0.0312,19.0,7,False,False,,False,False,True,RUNTIME_RACEDAY_MODEL_SUGGESTION,ID_MATCH
2026-07-06,922306,MAIN_VELO_PRIME,MAIN_VELO_PRIME,Fairydale,7793622,data/runner_snapshots_2026_07_06_report_only.jsonl,velo_prime_prob,8,0.0239,21.0,4,False,False,,False,False,True,RUNTIME_RACEDAY_MODEL_SUGGESTION,ID_MATCH
2026-07-06,922306,OLD_VELO_LONGSHOT,OLD_VELO_LONGSHOT,Vietnorm,8304796,data/velo_prime_verdicts_2026_07_06.json,top.longshot_prob,1,0.0121,1.53,5,False,False,,False,False,True,RUNTIME_RACEDAY_MODEL_SUGGESTION,ID_MATCH
2026-07-06,922306,OLD_VELO_PLACE,OLD_VELO_PLACE,Vietnorm,8304796,data/velo_prime_verdicts_2026_07_06.json,top.place_prob,1,0.3159,1.53,5,False,False,,False,False,True,RUNTIME_RACEDAY_MODEL_SUGGESTION,ID_MATCH
2026-07-06,922306,OLD_VELO_WIN,OLD_VELO_WIN,Vietnorm,8304796,data/velo_prime_verdicts_2026_07_06.json,top.velo_prime_prob,1,0.4847,1.53,5,False,False,,False,False,True,RUNTIME_RACEDAY_MODEL_SUGGESTION,ID_MATCH
2026-07-06,922306,SQPE_NO_RPR_SHADOW,SQPE_NO_RPR_SHADOW,Picaro,9097219,data/runner_snapshots_2026_07_06_report_only.jsonl,sqpe_no_rpr_shadow_prob,1,0.1424,19.0,7,False,False,,False,False,True,RUNTIME_RACEDAY_MODEL_SUGGESTION,ID_MATCH
2026-07-06,922306,SQPE_NO_RPR_SHADOW,SQPE_NO_RPR_SHADOW,Vietnorm,8304796,data/runner_snapshots_2026_07_06_report_only.jsonl,sqpe_no_rpr_shadow_prob,2,0.1353,1.53,5,False,False,,False,False,True,RUNTIME_RACEDAY_MODEL_SUGGESTION,ID_MATCH
2026-07-06,922306,SQPE_NO_RPR_SHADOW,SQPE_NO_RPR_SHADOW,Keep It Classic,8321644,data/runner_snapshots_2026_07_06_report_only.jsonl,sqpe_no_rpr_shadow_prob,3,0.1189,4.33,3,False,True,,False,False,True,RUNTIME_RACEDAY_MODEL_SUGGESTION,ID_MATCH
2026-07-06,922306,SQPE_NO_RPR_SHADOW,SQPE_NO_RPR_SHADOW,Fairydale,7793622,data/runner_snapshots_2026_07_06_report_only.jsonl,sqpe_no_rpr_shadow_prob,4,0.1187,21.0,4,False,False,,False,False,True,RUNTIME_RACEDAY_MODEL_SUGGESTION,ID_MATCH
2026-07-06,922306,SQPE_NO_RPR_SHADOW,SQPE_NO_RPR_SHADOW,Hansteen,8174724,data/runner_snapshots_2026_07_06_report_only.jsonl,sqpe_no_rpr_shadow_prob,5,0.1138,26.0,2,False,True,,False,False,True,RUNTIME_RACEDAY_MODEL_SUGGESTION,ID_MATCH
2026-07-06,922306,SQPE_NO_RPR_SHADOW,SQPE_NO_RPR_SHADOW,Resdev Time,7882530,data/runner_snapshots_2026_07_06_report_only.jsonl,sqpe_no_rpr_shadow_prob,6,0.1083,15.0,6,False,False,,False,False,True,RUNTIME_RACEDAY_MODEL_SUGGESTION,ID_MATCH
2026-07-06,922306,SQPE_NO_RPR_SHADOW,SQPE_NO_RPR_SHADOW,Star Of Emerald,8656400,data/runner_snapshots_2026_07_06_report_only.jsonl,sqpe_no_rpr_shadow_prob,7,0.1032,34.0,8,False,False,,False,False,True,RUNTIME_RACEDAY_MODEL_SUGGESTION,ID_MATCH
2026-07-06,922306,SQPE_NO_RPR_SHADOW,SQPE_NO_RPR_SHADOW,Riddikulus,8397008,data/runner_snapshots_2026_07_06_report_only.jsonl,sqpe_no_rpr_shadow_prob,8,0.093,12.0,1,True,True,,False,False,True,RUNTIME_RACEDAY_MODEL_SUGGESTION,ID_MATCH
2026-07-06,924282,MAIN_VELO_PRIME,MAIN_VELO_PRIME,Goodgollymissholly,7657441,data/runner_snapshots_2026_07_06_report_only.jsonl,velo_prime_prob,1,0.0891,5.5,1,True,True,,False,False,True,RUNTIME_RACEDAY_MODEL_SUGGESTION,ID_MATCH
2026-07-06,924282,MAIN_VELO_PRIME,MAIN_VELO_PRIME,Ronnie's Rascal,8236370,data/runner_snapshots_2026_07_06_report_only.jsonl,velo_prime_prob,2,0.0726,4.0,4,False,False,,False,False,True,RUNTIME_RACEDAY_MODEL_SUGGESTION,ID_MATCH
2026-07-06,924282,MAIN_VELO_PRIME,MAIN_VELO_PRIME,Red Sea Girl,7643436,data/runner_snapshots_2026_07_06_report_only.jsonl,velo_prime_prob,3,0.0638,6.5,3,False,True,,False,False,True,RUNTIME_RACEDAY_MODEL_SUGGESTION,ID_MATCH
2026-07-06,924282,MAIN_VELO_PRIME,MAIN_VELO_PRIME,Shuil Solas,9494778,data/runner_snapshots_2026_07_06_report_only.jsonl,velo_prime_prob,4,0.0544,4.0,5,False,False,,False,False,True,RUNTIME_RACEDAY_MODEL_SUGGESTION,ID_MATCH
2026-07-06,924282,MAIN_VELO_PRIME,MAIN_VELO_PRIME,Gratitudeforgrace,9467493,data/runner_snapshots_2026_07_06_report_only.jsonl,velo_prime_prob,5,0.0543,21.0,12,False,False,,False,False,True,RUNTIME_RACEDAY_MODEL_SUGGESTION,ID_MATCH
2026-07-06,924282,MAIN_VELO_PRIME,MAIN_VELO_PRIME,Back In Favour,7529909,data/runner_snapshots_2026_07_06_report_only.jsonl,velo_prime_prob,6,0.0502,12.0,8,False,False,,False,False,True,RUNTIME_RACEDAY_MODEL_SUGGESTION,ID_MATCH
2026-07-06,924282,MAIN_VELO_PRIME,MAIN_VELO_PRIME,Sheactslikesummer,8079915,data/runner_snapshots_2026_07_06_report_only.jsonl,velo_prime_prob,7,0.0502,,,False,False,,False,False,True,RUNTIME_RACEDAY_MODEL_SUGGESTION,NO_RESULT_MATCH
2026-07-06,924282,MAIN_VELO_PRIME,MAIN_VELO_PRIME,Carleys Lilly,9148098,data/runner_snapshots_2026_07_06_report_only.jsonl,velo_prime_prob,8,0.0502,,,False,False,,False,False,True,RUNTIME_RACEDAY_MODEL_SUGGESTION,NO_RESULT_MATCH
2026-07-06,924282,MAIN_VELO_PRIME,MAIN_VELO_PRIME,Eleen Alana,9494773,data/runner_snapshots_2026_07_06_report_only.jsonl,velo_prime_prob,9,0.0502,,,False,False,,False,False,True,RUNTIME_RACEDAY_MODEL_SUGGESTION,NO_RESULT_MATCH
2026-07-06,924282,MAIN_VELO_PRIME,MAIN_VELO_PRIME,Nancy Wheeler,9494777,data/runner_snapshots_2026_07_06_report_only.jsonl,velo_prime_prob,10,0.0495,34.0,14,False,False,,False,False,True,RUNTIME_RACEDAY_MODEL_SUGGESTION,ID_MATCH
2026-07-06,924282,MAIN_VELO_PRIME,MAIN_VELO_PRIME,Any News For Me,8392260,data/runner_snapshots_2026_07_06_report_only.jsonl,velo_prime_prob,11,0.0478,17.0,10,False,False,,False,False,True,RUNTIME_RACEDAY_MODEL_SUGGESTION,ID_MATCH
2026-07-06,924282,MAIN_VELO_PRIME,MAIN_VELO_PRIME,Bayswater Bloom,8153111,data/runner_snapshots_2026_07_06_report_only.jsonl,velo_prime_prob,12,0.0477,34.0,6,False,False,,False,False,True,RUNTIME_RACEDAY_MODEL_SUGGESTION,ID_MATCH
2026-07-06,924282,MAIN_VELO_PRIME,MAIN_VELO_PRIME,Aodha's Arrow,7525304,data/runner_snapshots_2026_07_06_report_only.jsonl,velo_prime_prob,13,0.0477,9.0,7,False,False,,False,False,True,RUNTIME_RACEDAY_MODEL_SUGGESTION,ID_MATCH
2026-07-06,924282,MAIN_VELO_PRIME,MAIN_VELO_PRIME,My Girl Rosie,9110907,data/runner_snapshots_2026_07_06_report_only.jsonl,velo_prime_prob,14,0.0477,17.0,9,False,False,,False,False,True,RUNTIME_RACEDAY_MODEL_SUGGESTION,ID_MATCH
2026-07-06,924282,MAIN_VELO_PRIME,MAIN_VELO_PRIME,The Cormick Chick,9494780,data/runner_snapshots_2026_07_06_report_only.jsonl,velo_prime_prob,15,0.046,101.0,15,False,False,,False,False,True,RUNTIME_RACEDAY_MODEL_SUGGESTION,ID_MATCH
2026-07-06,924282,MAIN_VELO_PRIME,MAIN_VELO_PRIME,Fournonblondes,9494774,data/runner_snapshots_2026_07_06_report_only.jsonl,velo_prime_prob,16,0.0459,67.0,16,False,False,,False,False,True,RUNTIME_RACEDAY_MODEL_SUGGESTION,ID_MATCH
2026-07-06,924282,MAIN_VELO_PRIME,MAIN_VELO_PRIME,Madame Du Berlais,7935090,data/runner_snapshots_2026_07_06_report_only.jsonl,velo_prime_prob,17,0.0455,34.0,2,False,True,,False,False,True,RUNTIME_RACEDAY_MODEL_SUGGESTION,ID_MATCH
2026-07-06,924282,MAIN_VELO_PRIME,MAIN_VELO_PRIME,Likeyouhaveplenty,9083747,data/runner_snapshots_2026_07_06_report_only.jsonl,velo_prime_prob,18,0.045,81.0,13,False,False,,False,False,True,RUNTIME_RACEDAY_MODEL_SUGGESTION,ID_MATCH
2026-07-06,924282,MAIN_VELO_PRIME,MAIN_VELO_PRIME,Flowers In Therain,9359965,data/runner_snapshots_2026_07_06_report_only.jsonl,velo_prime_prob,19,0.0421,81.0,11,False,False,,False,False,True,RUNTIME_RACEDAY_MODEL_SUGGESTION,ID_MATCH
2026-07-06,924282,OLD_VELO_LONGSHOT,OLD_VELO_LONGSHOT,Goodgollymissholly,7657441,data/velo_prime_verdicts_2026_07_06.json,top.longshot_prob,1,0.0438,5.5,1,True,True,,False,False,True,RUNTIME_RACEDAY_MODEL_SUGGESTION,ID_MATCH
2026-07-06,924282,OLD_VELO_PLACE,OLD_VELO_PLACE,Goodgollymissholly,7657441,data/velo_prime_verdicts_2026_07_06.json,top.place_prob,1,0.083,5.5,1,True,True,,False,False,True,RUNTIME_RACEDAY_MODEL_SUGGESTION,ID_MATCH
2026-07-06,924282,OLD_VELO_WIN,OLD_VELO_WIN,Goodgollymissholly,7657441,data/velo_prime_verdicts_2026_07_06.json,top.velo_prime_prob,1,0.0891,5.5,1,True,True,,False,False,True,RUNTIME_RACEDAY_MODEL_SUGGESTION,ID_MATCH
2026-07-06,924282,SQPE_NO_RPR_SHADOW,SQPE_NO_RPR_SHADOW,Goodgollymissholly,7657441,data/runner_snapshots_2026_07_06_report_only.jsonl,sqpe_no_rpr_shadow_prob,1,0.091,5.5,1,True,True,,False,False,True,RUNTIME_RACEDAY_MODEL_SUGGESTION,ID_MATCH
2026-07-06,924282,SQPE_NO_RPR_SHADOW,SQPE_NO_RPR_SHADOW,Red Sea Girl,7643436,data/runner_snapshots_2026_07_06_report_only.jsonl,sqpe_no_rpr_shadow_prob,2,0.091,6.5,3,False,True,,False,False,True,RUNTIME_RACEDAY_MODEL_SUGGESTION,ID_MATCH
2026-07-06,924282,SQPE_NO_RPR_SHADOW,SQPE_NO_RPR_SHADOW,Shuil Solas,9494778,data/runner_snapshots_2026_07_06_report_only.jsonl,sqpe_no_rpr_shadow_prob,3,0.091,4.0,5,False,False,,False,False,True,RUNTIME_RACEDAY_MODEL_SUGGESTION,ID_MATCH
2026-07-06,924282,SQPE_NO_RPR_SHADOW,SQPE_NO_RPR_SHADOW,Back In Favour,7529909,data/runner_snapshots_2026_07_06_report_only.jsonl,sqpe_no_rpr_shadow_prob,4,0.091,12.0,8,False,False,,False,False,True,RUNTIME_RACEDAY_MODEL_SUGGESTION,ID_MATCH
2026-07-06,924282,SQPE_NO_RPR_SHADOW,SQPE_NO_RPR_SHADOW,Sheactslikesummer,8079915,data/runner_snapshots_2026_07_06_report_only.jsonl,sqpe_no_rpr_shadow_prob,5,0.091,,,False,False,,False,False,True,RUNTIME_RACEDAY_MODEL_SUGGESTION,NO_RESULT_MATCH
2026-07-06,924282,SQPE_NO_RPR_SHADOW,SQPE_NO_RPR_SHADOW,Carleys Lilly,9148098,data/runner_snapshots_2026_07_06_report_only.jsonl,sqpe_no_rpr_shadow_prob,6,0.091,,,False,False,,False,False,True,RUNTIME_RACEDAY_MODEL_SUGGESTION,NO_RESULT_MATCH
2026-07-06,924282,SQPE_NO_RPR_SHADOW,SQPE_NO_RPR_SHADOW,Eleen Alana,9494773,data/runner_snapshots_2026_07_06_report_only.jsonl,sqpe_no_rpr_shadow_prob,7,0.091,,,False,False,,False,False,True,RUNTIME_RACEDAY_MODEL_SUGGESTION,NO_RESULT_MATCH
2026-07-06,924282,SQPE_NO_RPR_SHADOW,SQPE_NO_RPR_SHADOW,Nancy Wheeler,9494777,data/runner_snapshots_2026_07_06_report_only.jsonl,sqpe_no_rpr_shadow_prob,8,0.091,34.0,14,False,False,,False,False,True,RUNTIME_RACEDAY_MODEL_SUGGESTION,ID_MATCH
2026-07-06,924282,SQPE_NO_RPR_SHADOW,SQPE_NO_RPR_SHADOW,Bayswater Bloom,8153111,data/runner_snapshots_2026_07_06_report_only.jsonl,sqpe_no_rpr_shadow_prob,9,0.091,34.0,6,False,False,,False,False,True,RUNTIME_RACEDAY_MODEL_SUGGESTION,ID_MATCH
2026-07-06,924282,SQPE_NO_RPR_SHADOW,SQPE_NO_RPR_SHADOW,Aodha's Arrow,7525304,data/runner_snapshots_2026_07_06_report_only.jsonl,sqpe_no_rpr_shadow_prob,10,0.091,9.0,7,False,False,,False,False,True,RUNTIME_RACEDAY_MODEL_SUGGESTION,ID_MATCH
2026-07-06,924282,SQPE_NO_RPR_SHADOW,SQPE_NO_RPR_SHADOW,Fournonblondes,9494774,data/runner_snapshots_2026_07_06_report_only.jsonl,sqpe_no_rpr_shadow_prob,11,0.091,67.0,16,False,False,,False,False,True,RUNTIME_RACEDAY_MODEL_SUGGESTION,ID_MATCH
2026-07-06,924282,SQPE_NO_RPR_SHADOW,SQPE_NO_RPR_SHADOW,Likeyouhaveplenty,9083747,data/runner_snapshots_2026_07_06_report_only.jsonl,sqpe_no_rpr_shadow_prob,12,0.091,81.0,13,False,False,,False,False,True,RUNTIME_RACEDAY_MODEL_SUGGESTION,ID_MATCH
2026-07-06,924282,SQPE_NO_RPR_SHADOW,SQPE_NO_RPR_SHADOW,Any News For Me,8392260,data/runner_snapshots_2026_07_06_report_only.jsonl,sqpe_no_rpr_shadow_prob,13,0.0885,17.0,10,False,False,,False,False,True,RUNTIME_RACEDAY_MODEL_SUGGESTION,ID_MATCH
2026-07-06,924282,SQPE_NO_RPR_SHADOW,SQPE_NO_RPR_SHADOW,The Cormick Chick,9494780,data/runner_snapshots_2026_07_06_report_only.jsonl,sqpe_no_rpr_shadow_prob,14,0.0885,101.0,15,False,False,,False,False,True,RUNTIME_RACEDAY_MODEL_SUGGESTION,ID_MATCH
2026-07-06,924282,SQPE_NO_RPR_SHADOW,SQPE_NO_RPR_SHADOW,Madame Du Berlais,7935090,data/runner_snapshots_2026_07_06_report_only.jsonl,sqpe_no_rpr_shadow_prob,15,0.0885,34.0,2,False,True,,False,False,True,RUNTIME_RACEDAY_MODEL_SUGGESTION,ID_MATCH
2026-07-06,924282,SQPE_NO_RPR_SHADOW,SQPE_NO_RPR_SHADOW,Ronnie's Rascal,8236370,data/runner_snapshots_2026_07_06_report_only.jsonl,sqpe_no_rpr_shadow_prob,16,0.0849,4.0,4,False,False,,False,False,True,RUNTIME_RACEDAY_MODEL_SUGGESTION,ID_MATCH
2026-07-06,924282,SQPE_NO_RPR_SHADOW,SQPE_NO_RPR_SHADOW,Gratitudeforgrace,9467493,data/runner_snapshots_2026_07_06_report_only.jsonl,sqpe_no_rpr_shadow_prob,17,0.0849,21.0,12,False,False,,False,False,True,RUNTIME_RACEDAY_MODEL_SUGGESTION,ID_MATCH
2026-07-06,924282,SQPE_NO_RPR_SHADOW,SQPE_NO_RPR_SHADOW,My Girl Rosie,9110907,data/runner_snapshots_2026_07_06_report_only.jsonl,sqpe_no_rpr_shadow_prob,18,0.0849,17.0,9,False,False,,False,False,True,RUNTIME_RACEDAY_MODEL_SUGGESTION,ID_MATCH
2026-07-06,924282,SQPE_NO_RPR_SHADOW,SQPE_NO_RPR_SHADOW,Flowers In Therain,9359965,data/runner_snapshots_2026_07_06_report_only.jsonl,sqpe_no_rpr_shadow_prob,19,0.0787,81.0,11,False,False,,False,False,True,RUNTIME_RACEDAY_MODEL_SUGGESTION,ID_MATCH
2026-07-06,922467,MAIN_VELO_PRIME,MAIN_VELO_PRIME,Midnight Media,7970717,data/runner_snapshots_2026_07_06_report_only.jsonl,velo_prime_prob,1,0.1925,2.88,1,True,True,,False,False,True,RUNTIME_RACEDAY_MODEL_SUGGESTION,ID_MATCH
2026-07-06,922467,MAIN_VELO_PRIME,MAIN_VELO_PRIME,Lady Delila,4628805,data/runner_snapshots_2026_07_06_report_only.jsonl,velo_prime_prob,2,0.1226,13.0,8,False,False,,False,False,True,RUNTIME_RACEDAY_MODEL_SUGGESTION,ID_MATCH
2026-07-06,922467,MAIN_VELO_PRIME,MAIN_VELO_PRIME,Mythical Isle,6442162,data/runner_snapshots_2026_07_06_report_only.jsonl,velo_prime_prob,3,0.112,7.0,7,False,False,,False,False,True,RUNTIME_RACEDAY_MODEL_SUGGESTION,ID_MATCH
2026-07-06,922467,MAIN_VELO_PRIME,MAIN_VELO_PRIME,Celebrating Ethel,4808607,data/runner_snapshots_2026_07_06_report_only.jsonl,velo_prime_prob,4,0.0952,23.0,11,False,False,,False,False,True,RUNTIME_RACEDAY_MODEL_SUGGESTION,ID_MATCH
2026-07-06,922467,MAIN_VELO_PRIME,MAIN_VELO_PRIME,Splinterwood,8515697,data/runner_snapshots_2026_07_06_report_only.jsonl,velo_prime_prob,5,0.0687,23.0,9,False,False,,False,False,True,RUNTIME_RACEDAY_MODEL_SUGGESTION,ID_MATCH
2026-07-06,922467,MAIN_VELO_PRIME,MAIN_VELO_PRIME,Manton Road,6134848,data/runner_snapshots_2026_07_06_report_only.jsonl,velo_prime_prob,6,0.0682,13.0,2,False,True,,False,False,True,RUNTIME_RACEDAY_MODEL_SUGGESTION,ID_MATCH
2026-07-06,922467,MAIN_VELO_PRIME,MAIN_VELO_PRIME,Starakova,7648502,data/runner_snapshots_2026_07_06_report_only.jsonl,velo_prime_prob,7,0.0626,11.0,3,False,True,,False,False,True,RUNTIME_RACEDAY_MODEL_SUGGESTION,ID_MATCH
2026-07-06,922467,MAIN_VELO_PRIME,MAIN_VELO_PRIME,Seconds Count,5845673,data/runner_snapshots_2026_07_06_report_only.jsonl,velo_prime_prob,8,0.0607,26.0,6,False,False,,False,False,True,RUNTIME_RACEDAY_MODEL_SUGGESTION,ID_MATCH
2026-07-06,922467,MAIN_VELO_PRIME,MAIN_VELO_PRIME,Crown The Future,8001139,data/runner_snapshots_2026_07_06_report_only.jsonl,velo_prime_prob,9,0.0583,8.5,13,False,False,,False,False,True,RUNTIME_RACEDAY_MODEL_SUGGESTION,ID_MATCH
2026-07-06,922467,MAIN_VELO_PRIME,MAIN_VELO_PRIME,Lhebayeb,3212568,data/runner_snapshots_2026_07_06_report_only.jsonl,velo_prime_prob,10,0.0536,29.0,4,False,False,,False,False,True,RUNTIME_RACEDAY_MODEL_SUGGESTION,ID_MATCH
2026-07-06,922467,MAIN_VELO_PRIME,MAIN_VELO_PRIME,Will Be King,2117574,data/runner_snapshots_2026_07_06_report_only.jsonl,velo_prime_prob,11,0.0475,9.0,5,False,False,,False,False,True,RUNTIME_RACEDAY_MODEL_SUGGESTION,ID_MATCH
2026-07-06,922467,MAIN_VELO_PRIME,MAIN_VELO_PRIME,King Of Speed,3366623,data/runner_snapshots_2026_07_06_report_only.jsonl,velo_prime_prob,12,0.03,12.0,12,False,False,,False,False,True,RUNTIME_RACEDAY_MODEL_SUGGESTION,ID_MATCH
2026-07-06,922467,MAIN_VELO_PRIME,MAIN_VELO_PRIME,Implied Volatility,7551807,data/runner_snapshots_2026_07_06_report_only.jsonl,velo_prime_prob,13,0.0279,15.0,10,False,False,,False,False,True,RUNTIME_RACEDAY_MODEL_SUGGESTION,ID_MATCH
2026-07-06,922467,OLD_VELO_LONGSHOT,OLD_VELO_LONGSHOT,Midnight Media,7970717,data/velo_prime_verdicts_2026_07_06.json,top.longshot_prob,1,0.0059,2.88,1,True,True,,False,False,True,RUNTIME_RACEDAY_MODEL_SUGGESTION,ID_MATCH
2026-07-06,922467,OLD_VELO_PLACE,OLD_VELO_PLACE,Midnight Media,7970717,data/velo_prime_verdicts_2026_07_06.json,top.place_prob,1,0.0662,2.88,1,True,True,,False,False,True,RUNTIME_RACEDAY_MODEL_SUGGESTION,ID_MATCH
2026-07-06,922467,OLD_VELO_WIN,OLD_VELO_WIN,Midnight Media,7970717,data/velo_prime_verdicts_2026_07_06.json,top.velo_prime_prob,1,0.1925,2.88,1,True,True,,False,False,True,RUNTIME_RACEDAY_MODEL_SUGGESTION,ID_MATCH
2026-07-06,922467,SQPE_NO_RPR_SHADOW,SQPE_NO_RPR_SHADOW,Implied Volatility,7551807,data/runner_snapshots_2026_07_06_report_only.jsonl,sqpe_no_rpr_shadow_prob,1,0.0987,15.0,10,False,False,,False,False,True,RUNTIME_RACEDAY_MODEL_SUGGESTION,ID_MATCH
2026-07-06,922467,SQPE_NO_RPR_SHADOW,SQPE_NO_RPR_SHADOW,Splinterwood,8515697,data/runner_snapshots_2026_07_06_report_only.jsonl,sqpe_no_rpr_shadow_prob,2,0.0963,23.0,9,False,False,,False,False,True,RUNTIME_RACEDAY_MODEL_SUGGESTION,ID_MATCH
2026-07-06,922467,SQPE_NO_RPR_SHADOW,SQPE_NO_RPR_SHADOW,Mythical Isle,6442162,data/runner_snapshots_2026_07_06_report_only.jsonl,sqpe_no_rpr_shadow_prob,3,0.092,7.0,7,False,False,,False,False,True,RUNTIME_RACEDAY_MODEL_SUGGESTION,ID_MATCH
2026-07-06,922467,SQPE_NO_RPR_SHADOW,SQPE_NO_RPR_SHADOW,Midnight Media,7970717,data/runner_snapshots_2026_07_06_report_only.jsonl,sqpe_no_rpr_shadow_prob,4,0.0888,2.88,1,True,True,,False,False,True,RUNTIME_RACEDAY_MODEL_SUGGESTION,ID_MATCH
2026-07-06,922467,SQPE_NO_RPR_SHADOW,SQPE_NO_RPR_SHADOW,Starakova,7648502,data/runner_snapshots_2026_07_06_report_only.jsonl,sqpe_no_rpr_shadow_prob,5,0.084,11.0,3,False,True,,False,False,True,RUNTIME_RACEDAY_MODEL_SUGGESTION,ID_MATCH
2026-07-06,922467,SQPE_NO_RPR_SHADOW,SQPE_NO_RPR_SHADOW,Crown The Future,8001139,data/runner_snapshots_2026_07_06_report_only.jsonl,sqpe_no_rpr_shadow_prob,6,0.0834,8.5,13,False,False,,False,False,True,RUNTIME_RACEDAY_MODEL_SUGGESTION,ID_MATCH
2026-07-06,922467,SQPE_NO_RPR_SHADOW,SQPE_NO_RPR_SHADOW,Seconds Count,5845673,data/runner_snapshots_2026_07_06_report_only.jsonl,sqpe_no_rpr_shadow_prob,7,0.0765,26.0,6,False,False,,False,False,True,RUNTIME_RACEDAY_MODEL_SUGGESTION,ID_MATCH
2026-07-06,922467,SQPE_NO_RPR_SHADOW,SQPE_NO_RPR_SHADOW,Manton Road,6134848,data/runner_snapshots_2026_07_06_report_only.jsonl,sqpe_no_rpr_shadow_prob,8,0.0724,13.0,2,False,True,,False,False,True,RUNTIME_RACEDAY_MODEL_SUGGESTION,ID_MATCH
2026-07-06,922467,SQPE_NO_RPR_SHADOW,SQPE_NO_RPR_SHADOW,Lady Delila,4628805,data/runner_snapshots_2026_07_06_report_only.jsonl,sqpe_no_rpr_shadow_prob,9,0.072,13.0,8,False,False,,False,False,True,RUNTIME_RACEDAY_MODEL_SUGGESTION,ID_MATCH
2026-07-06,922467,SQPE_NO_RPR_SHADOW,SQPE_NO_RPR_SHADOW,King Of Speed,3366623,data/runner_snapshots_2026_07_06_report_only.jsonl,sqpe_no_rpr_shadow_prob,10,0.0655,12.0,12,False,False,,False,False,True,RUNTIME_RACEDAY_MODEL_SUGGESTION,ID_MATCH
2026-07-06,922467,SQPE_NO_RPR_SHADOW,SQPE_NO_RPR_SHADOW,Lhebayeb,3212568,data/runner_snapshots_2026_07_06_report_only.jsonl,sqpe_no_rpr_shadow_prob,11,0.0608,29.0,4,False,False,,False,False,True,RUNTIME_RACEDAY_MODEL_SUGGESTION,ID_MATCH
2026-07-06,922467,SQPE_NO_RPR_SHADOW,SQPE_NO_RPR_SHADOW,Celebrating Ethel,4808607,data/runner_snapshots_2026_07_06_report_only.jsonl,sqpe_no_rpr_shadow_prob,12,0.0585,23.0,11,False,False,,False,False,True,RUNTIME_RACEDAY_MODEL_SUGGESTION,ID_MATCH
2026-07-06,922467,SQPE_NO_RPR_SHADOW,SQPE_NO_RPR_SHADOW,Will Be King,2117574,data/runner_snapshots_2026_07_06_report_only.jsonl,sqpe_no_rpr_shadow_prob,13,0.0518,9.0,5,False,False,,False,False,True,RUNTIME_RACEDAY_MODEL_SUGGESTION,ID_MATCH
2026-07-06,922307,MAIN_VELO_PRIME,MAIN_VELO_PRIME,Long Shot,8013552,data/runner_snapshots_2026_07_06_report_only.jsonl,velo_prime_prob,1,0.5863,3.5,4,False,False,,False,False,True,RUNTIME_RACEDAY_MODEL_SUGGESTION,ID_MATCH
2026-07-06,922307,MAIN_VELO_PRIME,MAIN_VELO_PRIME,Northern Tempest,7436440,data/runner_snapshots_2026_07_06_report_only.jsonl,velo_prime_prob,2,0.1243,6.5,5,False,False,,False,False,True,RUNTIME_RACEDAY_MODEL_SUGGESTION,ID_MATCH
2026-07-06,922307,MAIN_VELO_PRIME,MAIN_VELO_PRIME,Tie Fighter,7816040,data/runner_snapshots_2026_07_06_report_only.jsonl,velo_prime_prob,3,0.0718,12.0,8,False,False,,False,False,True,RUNTIME_RACEDAY_MODEL_SUGGESTION,ID_MATCH
2026-07-06,922307,MAIN_VELO_PRIME,MAIN_VELO_PRIME,Havana Oaks,7436380,data/runner_snapshots_2026_07_06_report_only.jsonl,velo_prime_prob,4,0.0551,29.0,7,False,False,,False,False,True,RUNTIME_RACEDAY_MODEL_SUGGESTION,ID_MATCH
2026-07-06,922307,MAIN_VELO_PRIME,MAIN_VELO_PRIME,Soul Warrior,7856861,data/runner_snapshots_2026_07_06_report_only.jsonl,velo_prime_prob,5,0.0451,7.0,3,False,True,,False,False,True,RUNTIME_RACEDAY_MODEL_SUGGESTION,ID_MATCH
2026-07-06,922307,MAIN_VELO_PRIME,MAIN_VELO_PRIME,Mare Of London,7020394,data/runner_snapshots_2026_07_06_report_only.jsonl,velo_prime_prob,6,0.0377,11.0,6,False,False,,False,False,True,RUNTIME_RACEDAY_MODEL_SUGGESTION,ID_MATCH
2026-07-06,922307,MAIN_VELO_PRIME,MAIN_VELO_PRIME,Brash,8022555,data/runner_snapshots_2026_07_06_report_only.jsonl,velo_prime_prob,7,0.0347,6.0,2,False,True,,False,False,True,RUNTIME_RACEDAY_MODEL_SUGGESTION,ID_MATCH
2026-07-06,922307,MAIN_VELO_PRIME,MAIN_VELO_PRIME,Lamlash Bay,8335410,data/runner_snapshots_2026_07_06_report_only.jsonl,velo_prime_prob,8,0.0284,5.5,1,True,True,,False,False,True,RUNTIME_RACEDAY_MODEL_SUGGESTION,ID_MATCH
2026-07-06,922307,MAIN_VELO_PRIME,MAIN_VELO_PRIME,Hvar,7390866,data/runner_snapshots_2026_07_06_report_only.jsonl,velo_prime_prob,9,0.0166,23.0,9,False,False,,False,False,True,RUNTIME_RACEDAY_MODEL_SUGGESTION,ID_MATCH
2026-07-06,922307,OLD_VELO_LONGSHOT,OLD_VELO_LONGSHOT,Long Shot,8013552,data/velo_prime_verdicts_2026_07_06.json,top.longshot_prob,1,0.2352,3.5,4,False,False,,False,False,True,RUNTIME_RACEDAY_MODEL_SUGGESTION,ID_MATCH
2026-07-06,922307,OLD_VELO_PLACE,OLD_VELO_PLACE,Long Shot,8013552,data/velo_prime_verdicts_2026_07_06.json,top.place_prob,1,0.5802,3.5,4,False,False,,False,False,True,RUNTIME_RACEDAY_MODEL_SUGGESTION,ID_MATCH
2026-07-06,922307,OLD_VELO_WIN,OLD_VELO_WIN,Long Shot,8013552,data/velo_prime_verdicts_2026_07_06.json,top.velo_prime_prob,1,0.5863,3.5,4,False,False,,False,False,True,RUNTIME_RACEDAY_MODEL_SUGGESTION,ID_MATCH
2026-07-06,922307,SQPE_NO_RPR_SHADOW,SQPE_NO_RPR_SHADOW,Hvar,7390866,data/runner_snapshots_2026_07_06_report_only.jsonl,sqpe_no_rpr_shadow_prob,1,0.1233,23.0,9,False,False,,False,False,True,RUNTIME_RACEDAY_MODEL_SUGGESTION,ID_MATCH
2026-07-06,922307,SQPE_NO_RPR_SHADOW,SQPE_NO_RPR_SHADOW,Tie Fighter,7816040,data/runner_snapshots_2026_07_06_report_only.jsonl,sqpe_no_rpr_shadow_prob,2,0.1201,12.0,8,False,False,,False,False,True,RUNTIME_RACEDAY_MODEL_SUGGESTION,ID_MATCH
2026-07-06,922307,SQPE_NO_RPR_SHADOW,SQPE_NO_RPR_SHADOW,Mare Of London,7020394,data/runner_snapshots_2026_07_06_report_only.jsonl,sqpe_no_rpr_shadow_prob,3,0.114,11.0,6,False,False,,False,False,True,RUNTIME_RACEDAY_MODEL_SUGGESTION,ID_MATCH
2026-07-06,922307,SQPE_NO_RPR_SHADOW,SQPE_NO_RPR_SHADOW,Lamlash Bay,8335410,data/runner_snapshots_2026_07_06_report_only.jsonl,sqpe_no_rpr_shadow_prob,4,0.1122,5.5,1,True,True,,False,False,True,RUNTIME_RACEDAY_MODEL_SUGGESTION,ID_MATCH
2026-07-06,922307,SQPE_NO_RPR_SHADOW,SQPE_NO_RPR_SHADOW,Brash,8022555,data/runner_snapshots_2026_07_06_report_only.jsonl,sqpe_no_rpr_shadow_prob,5,0.1113,6.0,2,False,True,,False,False,True,RUNTIME_RACEDAY_MODEL_SUGGESTION,ID_MATCH
2026-07-06,922307,SQPE_NO_RPR_SHADOW,SQPE_NO_RPR_SHADOW,Soul Warrior,7856861,data/runner_snapshots_2026_07_06_report_only.jsonl,sqpe_no_rpr_shadow_prob,6,0.1082,7.0,3,False,True,,False,False,True,RUNTIME_RACEDAY_MODEL_SUGGESTION,ID_MATCH
2026-07-06,922307,SQPE_NO_RPR_SHADOW,SQPE_NO_RPR_SHADOW,Northern Tempest,7436440,data/runner_snapshots_2026_07_06_report_only.jsonl,sqpe_no_rpr_shadow_prob,7,0.098,6.5,5,False,False,,False,False,True,RUNTIME_RACEDAY_MODEL_SUGGESTION,ID_MATCH
2026-07-06,922307,SQPE_NO_RPR_SHADOW,SQPE_NO_RPR_SHADOW,Havana Oaks,7436380,data/runner_snapshots_2026_07_06_report_only.jsonl,sqpe_no_rpr_shadow_prob,8,0.0894,29.0,7,False,False,,False,False,True,RUNTIME_RACEDAY_MODEL_SUGGESTION,ID_MATCH
2026-07-06,922307,SQPE_NO_RPR_SHADOW,SQPE_NO_RPR_SHADOW,Long Shot,8013552,data/runner_snapshots_2026_07_06_report_only.jsonl,sqpe_no_rpr_shadow_prob,9,0.0771,3.5,4,False,False,,False,False,True,RUNTIME_RACEDAY_MODEL_SUGGESTION,ID_MATCH
2026-07-06,922464,MAIN_VELO_PRIME,MAIN_VELO_PRIME,Imola,5254269,data/runner_snapshots_2026_07_06_report_only.jsonl,velo_prime_prob,1,0.2255,7.5,6,False,False,,False,False,True,RUNTIME_RACEDAY_MODEL_SUGGESTION,ID_MATCH
2026-07-06,922464,MAIN_VELO_PRIME,MAIN_VELO_PRIME,Galaxy Wonder,7134165,data/runner_snapshots_2026_07_06_report_only.jsonl,velo_prime_prob,2,0.177,6.5,3,False,True,,False,False,True,RUNTIME_RACEDAY_MODEL_SUGGESTION,ID_MATCH
2026-07-06,922464,MAIN_VELO_PRIME,MAIN_VELO_PRIME,Harbour Vision,1562851,data/runner_snapshots_2026_07_06_report_only.jsonl,velo_prime_prob,3,0.1212,,,False,False,,False,False,True,RUNTIME_RACEDAY_MODEL_SUGGESTION,NO_RESULT_MATCH
2026-07-06,922464,MAIN_VELO_PRIME,MAIN_VELO_PRIME,Turku,8196281,data/runner_snapshots_2026_07_06_report_only.jsonl,velo_prime_prob,4,0.0901,5.0,10,False,False,,False,False,True,RUNTIME_RACEDAY_MODEL_SUGGESTION,ID_MATCH
2026-07-06,922464,MAIN_VELO_PRIME,MAIN_VELO_PRIME,Joseph,6750141,data/runner_snapshots_2026_07_06_report_only.jsonl,velo_prime_prob,5,0.0632,15.0,4,False,False,,False,False,True,RUNTIME_RACEDAY_MODEL_SUGGESTION,ID_MATCH
2026-07-06,922464,MAIN_VELO_PRIME,MAIN_VELO_PRIME,Barry's Boy,6064638,data/runner_snapshots_2026_07_06_report_only.jsonl,velo_prime_prob,6,0.0628,6.0,2,False,True,,False,False,True,RUNTIME_RACEDAY_MODEL_SUGGESTION,ID_MATCH
2026-07-06,922464,MAIN_VELO_PRIME,MAIN_VELO_PRIME,Primo Lara,5315434,data/runner_snapshots_2026_07_06_report_only.jsonl,velo_prime_prob,7,0.0542,7.5,1,True,True,,False,False,True,RUNTIME_RACEDAY_MODEL_SUGGESTION,ID_MATCH
2026-07-06,922464,MAIN_VELO_PRIME,MAIN_VELO_PRIME,Sea The Light,7457903,data/runner_snapshots_2026_07_06_report_only.jsonl,velo_prime_prob,8,0.0455,10.0,7,False,False,,False,False,True,RUNTIME_RACEDAY_MODEL_SUGGESTION,ID_MATCH
2026-07-06,922464,MAIN_VELO_PRIME,MAIN_VELO_PRIME,Serious Look,4445402,data/runner_snapshots_2026_07_06_report_only.jsonl,velo_prime_prob,9,0.0413,17.0,5,False,False,,False,False,True,RUNTIME_RACEDAY_MODEL_SUGGESTION,ID_MATCH
2026-07-06,922464,MAIN_VELO_PRIME,MAIN_VELO_PRIME,Guitar Solo,8157549,data/runner_snapshots_2026_07_06_report_only.jsonl,velo_prime_prob,10,0.0412,41.0,8,False,False,,False,False,True,RUNTIME_RACEDAY_MODEL_SUGGESTION,ID_MATCH
2026-07-06,922464,MAIN_VELO_PRIME,MAIN_VELO_PRIME,Oman,3142182,data/runner_snapshots_2026_07_06_report_only.jsonl,velo_prime_prob,11,0.0394,6.0,9,False,False,,False,False,True,RUNTIME_RACEDAY_MODEL_SUGGESTION,ID_MATCH
2026-07-06,922464,MAIN_VELO_PRIME,MAIN_VELO_PRIME,Post Rider,5426860,data/runner_snapshots_2026_07_06_report_only.jsonl,velo_prime_prob,12,0.0385,,,False,False,,False,False,True,RUNTIME_RACEDAY_MODEL_SUGGESTION,NO_RESULT_MATCH
2026-07-06,922464,OLD_VELO_LONGSHOT,OLD_VELO_LONGSHOT,Imola,5254269,data/velo_prime_verdicts_2026_07_06.json,top.longshot_prob,1,0.0658,7.5,6,False,False,,False,False,True,RUNTIME_RACEDAY_MODEL_SUGGESTION,ID_MATCH
2026-07-06,922464,OLD_VELO_PLACE,OLD_VELO_PLACE,Imola,5254269,data/velo_prime_verdicts_2026_07_06.json,top.place_prob,1,0.0492,7.5,6,False,False,,False,False,True,RUNTIME_RACEDAY_MODEL_SUGGESTION,ID_MATCH
2026-07-06,922464,OLD_VELO_WIN,OLD_VELO_WIN,Imola,5254269,data/velo_prime_verdicts_2026_07_06.json,top.velo_prime_prob,1,0.2255,7.5,6,False,False,,False,False,True,RUNTIME_RACEDAY_MODEL_SUGGESTION,ID_MATCH
2026-07-06,922464,SQPE_NO_RPR_SHADOW,SQPE_NO_RPR_SHADOW,Primo Lara,5315434,data/runner_snapshots_2026_07_06_report_only.jsonl,sqpe_no_rpr_shadow_prob,1,0.0992,7.5,1,True,True,,False,False,True,RUNTIME_RACEDAY_MODEL_SUGGESTION,ID_MATCH
2026-07-06,922464,SQPE_NO_RPR_SHADOW,SQPE_NO_RPR_SHADOW,Guitar Solo,8157549,data/runner_snapshots_2026_07_06_report_only.jsonl,sqpe_no_rpr_shadow_prob,2,0.0939,41.0,8,False,False,,False,False,True,RUNTIME_RACEDAY_MODEL_SUGGESTION,ID_MATCH
2026-07-06,922464,SQPE_NO_RPR_SHADOW,SQPE_NO_RPR_SHADOW,Barry's Boy,6064638,data/runner_snapshots_2026_07_06_report_only.jsonl,sqpe_no_rpr_shadow_prob,3,0.093,6.0,2,False,True,,False,False,True,RUNTIME_RACEDAY_MODEL_SUGGESTION,ID_MATCH
2026-07-06,922464,SQPE_NO_RPR_SHADOW,SQPE_NO_RPR_SHADOW,Sea The Light,7457903,data/runner_snapshots_2026_07_06_report_only.jsonl,sqpe_no_rpr_shadow_prob,4,0.0859,10.0,7,False,False,,False,False,True,RUNTIME_RACEDAY_MODEL_SUGGESTION,ID_MATCH
2026-07-06,922464,SQPE_NO_RPR_SHADOW,SQPE_NO_RPR_SHADOW,Serious Look,4445402,data/runner_snapshots_2026_07_06_report_only.jsonl,sqpe_no_rpr_shadow_prob,5,0.0855,17.0,5,False,False,,False,False,True,RUNTIME_RACEDAY_MODEL_SUGGESTION,ID_MATCH
2026-07-06,922464,SQPE_NO_RPR_SHADOW,SQPE_NO_RPR_SHADOW,Post Rider,5426860,data/runner_snapshots_2026_07_06_report_only.jsonl,sqpe_no_rpr_shadow_prob,6,0.0855,,,False,False,,False,False,True,RUNTIME_RACEDAY_MODEL_SUGGESTION,NO_RESULT_MATCH
2026-07-06,922464,SQPE_NO_RPR_SHADOW,SQPE_NO_RPR_SHADOW,Galaxy Wonder,7134165,data/runner_snapshots_2026_07_06_report_only.jsonl,sqpe_no_rpr_shadow_prob,7,0.084,6.5,3,False,True,,False,False,True,RUNTIME_RACEDAY_MODEL_SUGGESTION,ID_MATCH
2026-07-06,922464,SQPE_NO_RPR_SHADOW,SQPE_NO_RPR_SHADOW,Turku,8196281,data/runner_snapshots_2026_07_06_report_only.jsonl,sqpe_no_rpr_shadow_prob,8,0.0818,5.0,10,False,False,,False,False,True,RUNTIME_RACEDAY_MODEL_SUGGESTION,ID_MATCH
2026-07-06,922464,SQPE_NO_RPR_SHADOW,SQPE_NO_RPR_SHADOW,Imola,5254269,data/runner_snapshots_2026_07_06_report_only.jsonl,sqpe_no_rpr_shadow_prob,9,0.0793,7.5,6,False,False,,False,False,True,RUNTIME_RACEDAY_MODEL_SUGGESTION,ID_MATCH
2026-07-06,922464,SQPE_NO_RPR_SHADOW,SQPE_NO_RPR_SHADOW,Joseph,6750141,data/runner_snapshots_2026_07_06_report_only.jsonl,sqpe_no_rpr_shadow_prob,10,0.0727,15.0,4,False,False,,False,False,True,RUNTIME_RACEDAY_MODEL_SUGGESTION,ID_MATCH
2026-07-06,922464,SQPE_NO_RPR_SHADOW,SQPE_NO_RPR_SHADOW,Oman,3142182,data/runner_snapshots_2026_07_06_report_only.jsonl,sqpe_no_rpr_shadow_prob,11,0.0566,6.0,9,False,False,,False,False,True,RUNTIME_RACEDAY_MODEL_SUGGESTION,ID_MATCH
2026-07-06,922464,SQPE_NO_RPR_SHADOW,SQPE_NO_RPR_SHADOW,Harbour Vision,1562851,data/runner_snapshots_2026_07_06_report_only.jsonl,sqpe_no_rpr_shadow_prob,12,0.0303,,,False,False,,False,False,True,RUNTIME_RACEDAY_MODEL_SUGGESTION,NO_RESULT_MATCH
