date,race_id,course,off_time,model_name,lane_name,source_path,source_field,sort_direction,rank,horse,horse_id,score,sp_dec,result_position,win,frame,policy_decision,stake_authorised,dashboard_visible,learning_class,tie_status,notes
2026-07-05,921918,Southwell (AW),5.55,MAIN_VELO_PRIME,main,Supabase velo_verdicts.full_analysis.predictions[],velo_prime_prob,descending,1,Sixpack,4642854,0.3921,9.0,4,False,False,N/A (no policy layer for Main VELO -- persists directly),False,True,MODEL_MISS,CLEAN,Main VELO's own top-ranked pick.
2026-07-05,921918,Southwell (AW),5.55,SQPE_NO_RPR_SHADOW,shadow,Supabase velo_verdicts.full_analysis.predictions[],sqpe_no_rpr_shadow_prob,descending,1,Sixpack,4642854,0.1762,9.0,4,False,False,N/A (no policy layer for this shadow field),False,True,TIE_UNRESOLVED,TIED_2_WAY,Top pick is not a principled read if tie_status != CLEAN.
2026-07-05,921920,Southwell (AW),5.25,MAIN_VELO_PRIME,main,Supabase velo_verdicts.full_analysis.predictions[],velo_prime_prob,descending,1,Victors Spirit,7988028,0.3435,10.0,3,False,True,N/A (no policy layer for Main VELO -- persists directly),False,True,MODEL_MISS,CLEAN,Main VELO's own top-ranked pick.
2026-07-05,921920,Southwell (AW),5.25,SQPE_NO_RPR_SHADOW,shadow,Supabase velo_verdicts.full_analysis.predictions[],sqpe_no_rpr_shadow_prob,descending,1,Northwest Passage,6587053,0.128,7.5,5,False,False,N/A (no policy layer for this shadow field),False,True,MODEL_MISS,CLEAN,
2026-07-05,921916,Southwell (AW),4.50,MAIN_VELO_PRIME,main,Supabase velo_verdicts.full_analysis.predictions[],velo_prime_prob,descending,1,Spooky Wooky,7708597,0.4431,21.0,7,False,False,N/A (no policy layer for Main VELO -- persists directly),False,True,MODEL_MISS,CLEAN,Main VELO's own top-ranked pick.
2026-07-05,921916,Southwell (AW),4.50,SQPE_NO_RPR_SHADOW,shadow,Supabase velo_verdicts.full_analysis.predictions[],sqpe_no_rpr_shadow_prob,descending,1,John Galt,8520787,0.1391,3.5,5,False,False,N/A (no policy layer for this shadow field),False,True,MODEL_MISS,CLEAN,
2026-07-05,921919,Southwell (AW),4.15,MAIN_VELO_PRIME,main,Supabase velo_verdicts.full_analysis.predictions[],velo_prime_prob,descending,1,Blinky,5878998,0.3361,10.0,4,False,False,N/A (no policy layer for Main VELO -- persists directly),False,True,MODEL_MISS,CLEAN,Main VELO's own top-ranked pick.
2026-07-05,921919,Southwell (AW),4.15,SQPE_NO_RPR_SHADOW,shadow,Supabase velo_verdicts.full_analysis.predictions[],sqpe_no_rpr_shadow_prob,descending,1,Kylian,5021320,0.1291,4.0,6,False,False,N/A (no policy layer for this shadow field),False,True,MODEL_MISS,CLEAN,
2026-07-05,921922,Southwell (AW),3.40,MAIN_VELO_PRIME,main,Supabase velo_verdicts.full_analysis.predictions[],velo_prime_prob,descending,1,Hamda's Joy,8031351,0.2877,4.0,3,False,True,N/A (no policy layer for Main VELO -- persists directly),False,True,MODEL_MISS,CLEAN,Main VELO's own top-ranked pick.
2026-07-05,921922,Southwell (AW),3.40,SQPE_NO_RPR_SHADOW,shadow,Supabase velo_verdicts.full_analysis.predictions[],sqpe_no_rpr_shadow_prob,descending,1,Hamda's Joy,8031351,0.0927,4.0,3,False,True,N/A (no policy layer for this shadow field),False,True,MODEL_MISS,CLEAN,
2026-07-05,924344,Southwell (AW),3.05,MAIN_VELO_PRIME,main,Supabase velo_verdicts.full_analysis.predictions[],velo_prime_prob,descending,1,Reputation,881321,0.5491,15.0,9,False,False,N/A (no policy layer for Main VELO -- persists directly),False,True,MODEL_MISS,CLEAN,Main VELO's own top-ranked pick.
2026-07-05,924344,Southwell (AW),3.05,SQPE_NO_RPR_SHADOW,shadow,Supabase velo_verdicts.full_analysis.predictions[],sqpe_no_rpr_shadow_prob,descending,1,Noble Guest,6166264,0.1055,4.33,7,False,False,N/A (no policy layer for this shadow field),False,True,MODEL_MISS,CLEAN,
2026-07-05,921921,Southwell (AW),2.32,MAIN_VELO_PRIME,main,Supabase velo_verdicts.full_analysis.predictions[],velo_prime_prob,descending,1,Onemorenomore,5051945,0.5322,4.0,3,False,True,N/A (no policy layer for Main VELO -- persists directly),False,True,MODEL_MISS,CLEAN,Main VELO's own top-ranked pick.
2026-07-05,921921,Southwell (AW),2.32,SQPE_NO_RPR_SHADOW,shadow,Supabase velo_verdicts.full_analysis.predictions[],sqpe_no_rpr_shadow_prob,descending,1,Surprised,6345381,0.1031,21.0,7,False,False,N/A (no policy layer for this shadow field),False,True,MODEL_MISS,CLEAN,
2026-07-05,921917,Southwell (AW),2.02,MAIN_VELO_PRIME,main,Supabase velo_verdicts.full_analysis.predictions[],velo_prime_prob,descending,1,Kalokalo,7762488,0.2293,4.0,1,True,True,N/A (no policy layer for Main VELO -- persists directly),False,True,MODEL_HIT,CLEAN,Main VELO's own top-ranked pick.
2026-07-05,921917,Southwell (AW),2.02,SQPE_NO_RPR_SHADOW,shadow,Supabase velo_verdicts.full_analysis.predictions[],sqpe_no_rpr_shadow_prob,descending,1,Alpine Culture,7801966,0.0837,6.0,11,False,False,N/A (no policy layer for this shadow field),False,True,TIE_UNRESOLVED,TIED_2_WAY,Top pick is not a principled read if tie_status != CLEAN.
2026-07-05,922122,Market Rasen,5.10,MAIN_VELO_PRIME,main,Supabase velo_verdicts.full_analysis.predictions[],velo_prime_prob,descending,1,Masterius,9217611,0.4669,2.0,3,False,True,N/A (no policy layer for Main VELO -- persists directly),False,True,MODEL_MISS,CLEAN,Main VELO's own top-ranked pick.
2026-07-05,922122,Market Rasen,5.10,SQPE_NO_RPR_SHADOW,shadow,Supabase velo_verdicts.full_analysis.predictions[],sqpe_no_rpr_shadow_prob,descending,1,Masterius,9217611,0.0975,2.0,3,False,True,N/A (no policy layer for this shadow field),False,True,TIE_UNRESOLVED,TIED_11_WAY,Top pick is not a principled read if tie_status != CLEAN.
2026-07-05,922120,Market Rasen,4.35,MAIN_VELO_PRIME,main,Supabase velo_verdicts.full_analysis.predictions[],velo_prime_prob,descending,1,Huckleberry Sting,5343986,0.4112,4.0,1,True,True,N/A (no policy layer for Main VELO -- persists directly),False,True,MODEL_HIT,CLEAN,Main VELO's own top-ranked pick.
2026-07-05,922120,Market Rasen,4.35,SQPE_NO_RPR_SHADOW,shadow,Supabase velo_verdicts.full_analysis.predictions[],sqpe_no_rpr_shadow_prob,descending,1,Ballydisco,3458001,0.1055,5.5,PU,False,False,N/A (no policy layer for this shadow field),False,True,MODEL_MISS,CLEAN,
2026-07-05,922117,Market Rasen,4.00,MAIN_VELO_PRIME,main,Supabase velo_verdicts.full_analysis.predictions[],velo_prime_prob,descending,1,Regal Renaissance,4305460,0.3923,3.0,1,True,True,N/A (no policy layer for Main VELO -- persists directly),False,True,MODEL_HIT,CLEAN,Main VELO's own top-ranked pick.
2026-07-05,922117,Market Rasen,4.00,SQPE_NO_RPR_SHADOW,shadow,Supabase velo_verdicts.full_analysis.predictions[],sqpe_no_rpr_shadow_prob,descending,1,Fringill Dike,3432677,0.3284,1.83,2,False,True,N/A (no policy layer for this shadow field),False,True,MODEL_MISS,CLEAN,
2026-07-05,922123,Market Rasen,3.25,MAIN_VELO_PRIME,main,Supabase velo_verdicts.full_analysis.predictions[],velo_prime_prob,descending,1,The Roc Hopper,5366253,0.2876,13.0,8,False,False,N/A (no policy layer for Main VELO -- persists directly),False,True,MODEL_MISS,CLEAN,Main VELO's own top-ranked pick.
2026-07-05,922123,Market Rasen,3.25,SQPE_NO_RPR_SHADOW,shadow,Supabase velo_verdicts.full_analysis.predictions[],sqpe_no_rpr_shadow_prob,descending,1,Lunar Morning,7303417,0.1016,17.0,5,False,False,N/A (no policy layer for this shadow field),False,True,MODEL_MISS,CLEAN,
2026-07-05,922119,Market Rasen,2.50,MAIN_VELO_PRIME,main,Supabase velo_verdicts.full_analysis.predictions[],velo_prime_prob,descending,1,Crown Of India,5218313,0.3921,8.0,2,False,True,N/A (no policy layer for Main VELO -- persists directly),False,True,MODEL_MISS,CLEAN,Main VELO's own top-ranked pick.
2026-07-05,922119,Market Rasen,2.50,SQPE_NO_RPR_SHADOW,shadow,Supabase velo_verdicts.full_analysis.predictions[],sqpe_no_rpr_shadow_prob,descending,1,Fidendum,5848874,0.1653,2.88,1,True,True,N/A (no policy layer for this shadow field),False,True,MODEL_HIT,CLEAN,
2026-07-05,922118,Market Rasen,2.20,MAIN_VELO_PRIME,main,Supabase velo_verdicts.full_analysis.predictions[],velo_prime_prob,descending,1,Way Maker,7753413,0.5313,1.83,3,False,True,N/A (no policy layer for Main VELO -- persists directly),False,True,MODEL_MISS,CLEAN,Main VELO's own top-ranked pick.
2026-07-05,922118,Market Rasen,2.20,SQPE_NO_RPR_SHADOW,shadow,Supabase velo_verdicts.full_analysis.predictions[],sqpe_no_rpr_shadow_prob,descending,1,Brosna Town,5301550,0.1528,8.5,2,False,True,N/A (no policy layer for this shadow field),False,True,MODEL_MISS,CLEAN,
2026-07-05,922121,Market Rasen,1.50,MAIN_VELO_PRIME,main,Supabase velo_verdicts.full_analysis.predictions[],velo_prime_prob,descending,1,Gone In Sixty,4320814,0.3232,5.5,4,False,False,N/A (no policy layer for Main VELO -- persists directly),False,True,MODEL_MISS,CLEAN,Main VELO's own top-ranked pick.
2026-07-05,922121,Market Rasen,1.50,SQPE_NO_RPR_SHADOW,shadow,Supabase velo_verdicts.full_analysis.predictions[],sqpe_no_rpr_shadow_prob,descending,1,Oneinthewell,7148050,0.1498,4.33,2,False,True,N/A (no policy layer for this shadow field),False,True,MODEL_MISS,CLEAN,
2026-07-05,922294,Ayr,5.35,MAIN_VELO_PRIME,main,Supabase velo_verdicts.full_analysis.predictions[],velo_prime_prob,descending,1,Jkr Cobbler,3662546,0.3659,4.0,1,True,True,N/A (no policy layer for Main VELO -- persists directly),False,True,MODEL_HIT,CLEAN,Main VELO's own top-ranked pick.
2026-07-05,922294,Ayr,5.35,SQPE_NO_RPR_SHADOW,shadow,Supabase velo_verdicts.full_analysis.predictions[],sqpe_no_rpr_shadow_prob,descending,1,Lope Y Linda,7365388,0.1035,9.5,2,False,True,N/A (no policy layer for this shadow field),False,True,MODEL_MISS,CLEAN,
2026-07-05,922288,Ayr,5.00,MAIN_VELO_PRIME,main,Supabase velo_verdicts.full_analysis.predictions[],velo_prime_prob,descending,1,Dwindling Funds,7339104,0.6455,4.33,2,False,True,N/A (no policy layer for Main VELO -- persists directly),False,True,MODEL_MISS,CLEAN,Main VELO's own top-ranked pick.
2026-07-05,922288,Ayr,5.00,SQPE_NO_RPR_SHADOW,shadow,Supabase velo_verdicts.full_analysis.predictions[],sqpe_no_rpr_shadow_prob,descending,1,Celeborn,6032317,0.1146,4.5,5,False,False,N/A (no policy layer for this shadow field),False,True,MODEL_MISS,CLEAN,
2026-07-05,922292,Ayr,4.25,MAIN_VELO_PRIME,main,Supabase velo_verdicts.full_analysis.predictions[],velo_prime_prob,descending,1,Shifter,4011144,0.2914,5.0,3,False,True,N/A (no policy layer for Main VELO -- persists directly),False,True,MODEL_MISS,CLEAN,Main VELO's own top-ranked pick.
2026-07-05,922292,Ayr,4.25,SQPE_NO_RPR_SHADOW,shadow,Supabase velo_verdicts.full_analysis.predictions[],sqpe_no_rpr_shadow_prob,descending,1,Mr Withington,6881400,0.1113,7.0,6,False,False,N/A (no policy layer for this shadow field),False,True,MODEL_MISS,CLEAN,
2026-07-05,922293,Ayr,3.50,MAIN_VELO_PRIME,main,Supabase velo_verdicts.full_analysis.predictions[],velo_prime_prob,descending,1,Langholm,1860060,0.3855,8.0,4,False,False,N/A (no policy layer for Main VELO -- persists directly),False,True,MODEL_MISS,CLEAN,Main VELO's own top-ranked pick.
2026-07-05,922293,Ayr,3.50,SQPE_NO_RPR_SHADOW,shadow,Supabase velo_verdicts.full_analysis.predictions[],sqpe_no_rpr_shadow_prob,descending,1,Park Lane Penny,7204932,0.1138,4.33,2,False,True,N/A (no policy layer for this shadow field),False,True,MODEL_MISS,CLEAN,
2026-07-05,922289,Ayr,3.15,MAIN_VELO_PRIME,main,Supabase velo_verdicts.full_analysis.predictions[],velo_prime_prob,descending,1,Idyllic,5403096,0.3253,34.0,4,False,False,N/A (no policy layer for Main VELO -- persists directly),False,True,MODEL_MISS,CLEAN,Main VELO's own top-ranked pick.
2026-07-05,922289,Ayr,3.15,SQPE_NO_RPR_SHADOW,shadow,Supabase velo_verdicts.full_analysis.predictions[],sqpe_no_rpr_shadow_prob,descending,1,Kokanee,6679883,0.1086,4.33,8,False,False,N/A (no policy layer for this shadow field),False,True,MODEL_MISS,CLEAN,
2026-07-05,922290,Ayr,2.41,MAIN_VELO_PRIME,main,Supabase velo_verdicts.full_analysis.predictions[],velo_prime_prob,descending,1,Instant Force,9312924,0.6001,1.44,2,False,True,N/A (no policy layer for Main VELO -- persists directly),False,True,MODEL_MISS,CLEAN,Main VELO's own top-ranked pick.
2026-07-05,922290,Ayr,2.41,SQPE_NO_RPR_SHADOW,shadow,Supabase velo_verdicts.full_analysis.predictions[],sqpe_no_rpr_shadow_prob,descending,1,Instant Force,9312924,0.2176,1.44,2,False,True,N/A (no policy layer for this shadow field),False,True,TIE_UNRESOLVED,TIED_4_WAY,Top pick is not a principled read if tie_status != CLEAN.
2026-07-05,922291,Ayr,2.11,MAIN_VELO_PRIME,main,Supabase velo_verdicts.full_analysis.predictions[],velo_prime_prob,descending,1,Midnight Lir,5033147,0.3083,11.0,4,False,False,N/A (no policy layer for Main VELO -- persists directly),False,True,MODEL_MISS,CLEAN,Main VELO's own top-ranked pick.
2026-07-05,922291,Ayr,2.11,SQPE_NO_RPR_SHADOW,shadow,Supabase velo_verdicts.full_analysis.predictions[],sqpe_no_rpr_shadow_prob,descending,1,Woohoo,5410664,0.1525,4.5,2,False,True,N/A (no policy layer for this shadow field),False,True,MODEL_MISS,CLEAN,
2026-07-05,922121,Market Rasen,1.50,NEW_BUILD_LANE_A_MODEL,lane_a,data/new_build/reports/two_lane_readiness_2026_07_05.json,race_day_scorecards[].lane_a_top3.prob,descending,1,Gone In Sixty,4320814,0.1758,5.5,4,False,False,NO_EDGE,False,True,MODEL_MISS,N/A,Dashboard-visible via new_build_top3 (server reads lane_a_top3 only).
2026-07-05,922121,Market Rasen,1.50,NEW_BUILD_LANE_A_MODEL,lane_a,data/new_build/reports/two_lane_readiness_2026_07_05.json,race_day_scorecards[].lane_a_top3.prob,descending,2,Lakefield Flyer,4117778,0.123782,3.75,3,False,True,NO_EDGE,False,True,MODEL_MISS,N/A,Dashboard-visible via new_build_top3 (server reads lane_a_top3 only).
2026-07-05,922121,Market Rasen,1.50,NEW_BUILD_LANE_A_MODEL,lane_a,data/new_build/reports/two_lane_readiness_2026_07_05.json,race_day_scorecards[].lane_a_top3.prob,descending,3,Oneinthewell,7148050,0.12242,4.33,2,False,True,LOW_DATA,False,True,MODEL_MISS,N/A,Dashboard-visible via new_build_top3 (server reads lane_a_top3 only).
2026-07-05,922121,Market Rasen,1.50,NEW_BUILD_LANE_B_MODEL,lane_b,data/new_build/reports/two_lane_readiness_2026_07_05.json,race_day_scorecards[].lane_b_top3.prob,descending,1,Gone In Sixty,4320814,0.134074,5.5,4,False,False,NO_EDGE,False,False,MODEL_MISS,N/A,Not served by the live dashboard -- present only in this local readiness file.
2026-07-05,922121,Market Rasen,1.50,NEW_BUILD_LANE_B_MODEL,lane_b,data/new_build/reports/two_lane_readiness_2026_07_05.json,race_day_scorecards[].lane_b_top3.prob,descending,2,Oneinthewell,7148050,0.132482,4.33,2,False,True,LOW_DATA,False,False,MODEL_MISS,N/A,Not served by the live dashboard -- present only in this local readiness file.
2026-07-05,922121,Market Rasen,1.50,NEW_BUILD_LANE_B_MODEL,lane_b,data/new_build/reports/two_lane_readiness_2026_07_05.json,race_day_scorecards[].lane_b_top3.prob,descending,3,Bannister,2856069,0.109448,17.0,6,False,False,LOW_DATA,False,False,MODEL_MISS,N/A,Not served by the live dashboard -- present only in this local readiness file.
2026-07-05,922121,Market Rasen,1.50,NEW_BUILD_LANE_C_MODEL,lane_c,data/new_build/reports/two_lane_readiness_2026_07_05.json,race_day_scorecards[].lane_c_top3.prob,descending,1,Gone In Sixty,4320814,0.561588,5.5,4,False,False,N/A (Lane C not policy-anchored),False,False,MODEL_MISS,N/A,Not served by the live dashboard -- present only in this local readiness file.
2026-07-05,922121,Market Rasen,1.50,NEW_BUILD_LANE_C_MODEL,lane_c,data/new_build/reports/two_lane_readiness_2026_07_05.json,race_day_scorecards[].lane_c_top3.prob,descending,2,Oneinthewell,7148050,0.559941,4.33,2,False,True,N/A (Lane C not policy-anchored),False,False,MODEL_MISS,N/A,Not served by the live dashboard -- present only in this local readiness file.
2026-07-05,922121,Market Rasen,1.50,NEW_BUILD_LANE_C_MODEL,lane_c,data/new_build/reports/two_lane_readiness_2026_07_05.json,race_day_scorecards[].lane_c_top3.prob,descending,3,Captain Connor,8418735,0.557687,29.0,7,False,False,N/A (Lane C not policy-anchored),False,False,MODEL_MISS,N/A,Not served by the live dashboard -- present only in this local readiness file.
2026-07-05,922121,Market Rasen,1.50,PASSPORT_STRENGTH_SCORE_PROXY,proxy_not_a_model,data/new_build/current_cards/current_card_passport_feed_2026_07_05.jsonl,passport_strength_score,descending (imposed; field has no native sort semantics),1,Gone In Sixty,4320814,2.2,5.5,4,False,False,"N/A (feature input, not a model with a policy layer)",False,False,PROXY_NOT_A_MODEL_CLAIM,N/A,"This is a feature-engineering input INTO Lane A/B/C, not their output. Never cite as New Build's result."
2026-07-05,922121,Market Rasen,1.50,PASSPORT_STRENGTH_SCORE_PROXY,proxy_not_a_model,data/new_build/current_cards/current_card_passport_feed_2026_07_05.jsonl,passport_strength_score,descending (imposed; field has no native sort semantics),2,Lakefield Flyer,4117778,1.55,3.75,3,False,True,"N/A (feature input, not a model with a policy layer)",False,False,PROXY_NOT_A_MODEL_CLAIM,N/A,"This is a feature-engineering input INTO Lane A/B/C, not their output. Never cite as New Build's result."
2026-07-05,922121,Market Rasen,1.50,PASSPORT_STRENGTH_SCORE_PROXY,proxy_not_a_model,data/new_build/current_cards/current_card_passport_feed_2026_07_05.jsonl,passport_strength_score,descending (imposed; field has no native sort semantics),3,William Of York,3398275,0.75,19.0,PU,False,False,"N/A (feature input, not a model with a policy layer)",False,False,PROXY_NOT_A_MODEL_CLAIM,N/A,"This is a feature-engineering input INTO Lane A/B/C, not their output. Never cite as New Build's result."
2026-07-05,921917,Southwell (AW),2.02,NEW_BUILD_LANE_A_MODEL,lane_a,data/new_build/reports/two_lane_readiness_2026_07_05.json,race_day_scorecards[].lane_a_top3.prob,descending,1,Paranjape,7529938,0.110622,12.0,6,False,False,SUPPRESS,False,True,MODEL_MISS,N/A,Dashboard-visible via new_build_top3 (server reads lane_a_top3 only).
2026-07-05,921917,Southwell (AW),2.02,NEW_BUILD_LANE_A_MODEL,lane_a,data/new_build/reports/two_lane_readiness_2026_07_05.json,race_day_scorecards[].lane_a_top3.prob,descending,2,Areti,8227226,0.108286,11.0,4,False,False,SUPPRESS,False,True,MODEL_MISS,N/A,Dashboard-visible via new_build_top3 (server reads lane_a_top3 only).
2026-07-05,921917,Southwell (AW),2.02,NEW_BUILD_LANE_A_MODEL,lane_a,data/new_build/reports/two_lane_readiness_2026_07_05.json,race_day_scorecards[].lane_a_top3.prob,descending,3,Sovereign Bay,8758166,0.092589,23.0,13,False,False,SUPPRESS,False,True,MODEL_MISS,N/A,Dashboard-visible via new_build_top3 (server reads lane_a_top3 only).
2026-07-05,921917,Southwell (AW),2.02,NEW_BUILD_LANE_B_MODEL,lane_b,data/new_build/reports/two_lane_readiness_2026_07_05.json,race_day_scorecards[].lane_b_top3.prob,descending,1,Paranjape,7529938,0.093918,12.0,6,False,False,SUPPRESS,False,False,MODEL_MISS,N/A,Not served by the live dashboard -- present only in this local readiness file.
2026-07-05,921917,Southwell (AW),2.02,NEW_BUILD_LANE_B_MODEL,lane_b,data/new_build/reports/two_lane_readiness_2026_07_05.json,race_day_scorecards[].lane_b_top3.prob,descending,2,Kalokalo,7762488,0.077853,4.0,1,True,True,SUPPRESS,False,False,MODEL_HIT_POLICY_BLOCKED,N/A,Not served by the live dashboard -- present only in this local readiness file.
2026-07-05,921917,Southwell (AW),2.02,NEW_BUILD_LANE_B_MODEL,lane_b,data/new_build/reports/two_lane_readiness_2026_07_05.json,race_day_scorecards[].lane_b_top3.prob,descending,3,Areti,8227226,0.072032,11.0,4,False,False,SUPPRESS,False,False,MODEL_MISS,N/A,Not served by the live dashboard -- present only in this local readiness file.
2026-07-05,921917,Southwell (AW),2.02,NEW_BUILD_LANE_C_MODEL,lane_c,data/new_build/reports/two_lane_readiness_2026_07_05.json,race_day_scorecards[].lane_c_top3.prob,descending,1,Paranjape,7529938,0.540444,12.0,6,False,False,N/A (Lane C not policy-anchored),False,False,MODEL_MISS,N/A,Not served by the live dashboard -- present only in this local readiness file.
2026-07-05,921917,Southwell (AW),2.02,NEW_BUILD_LANE_C_MODEL,lane_c,data/new_build/reports/two_lane_readiness_2026_07_05.json,race_day_scorecards[].lane_c_top3.prob,descending,2,Areti,8227226,0.535851,11.0,4,False,False,N/A (Lane C not policy-anchored),False,False,MODEL_MISS,N/A,Not served by the live dashboard -- present only in this local readiness file.
2026-07-05,921917,Southwell (AW),2.02,NEW_BUILD_LANE_C_MODEL,lane_c,data/new_build/reports/two_lane_readiness_2026_07_05.json,race_day_scorecards[].lane_c_top3.prob,descending,3,Alpine Culture,7801966,0.534438,6.0,11,False,False,N/A (Lane C not policy-anchored),False,False,MODEL_MISS,N/A,Not served by the live dashboard -- present only in this local readiness file.
2026-07-05,921917,Southwell (AW),2.02,PASSPORT_STRENGTH_SCORE_PROXY,proxy_not_a_model,data/new_build/current_cards/current_card_passport_feed_2026_07_05.jsonl,passport_strength_score,descending (imposed; field has no native sort semantics),1,Paranjape,7529938,2.5,12.0,6,False,False,"N/A (feature input, not a model with a policy layer)",False,False,PROXY_NOT_A_MODEL_CLAIM,N/A,"This is a feature-engineering input INTO Lane A/B/C, not their output. Never cite as New Build's result."
2026-07-05,921917,Southwell (AW),2.02,PASSPORT_STRENGTH_SCORE_PROXY,proxy_not_a_model,data/new_build/current_cards/current_card_passport_feed_2026_07_05.jsonl,passport_strength_score,descending (imposed; field has no native sort semantics),2,Areti,8227226,2.45,11.0,4,False,False,"N/A (feature input, not a model with a policy layer)",False,False,PROXY_NOT_A_MODEL_CLAIM,N/A,"This is a feature-engineering input INTO Lane A/B/C, not their output. Never cite as New Build's result."
2026-07-05,921917,Southwell (AW),2.02,PASSPORT_STRENGTH_SCORE_PROXY,proxy_not_a_model,data/new_build/current_cards/current_card_passport_feed_2026_07_05.jsonl,passport_strength_score,descending (imposed; field has no native sort semantics),3,Pepsea,8089293,2.05,26.0,14,False,False,"N/A (feature input, not a model with a policy layer)",False,False,PROXY_NOT_A_MODEL_CLAIM,N/A,"This is a feature-engineering input INTO Lane A/B/C, not their output. Never cite as New Build's result."
2026-07-05,922291,Ayr,2.11,NEW_BUILD_LANE_A_MODEL,lane_a,data/new_build/reports/two_lane_readiness_2026_07_05.json,race_day_scorecards[].lane_a_top3.prob,descending,1,Water Of Leith,3138941,0.145175,5.5,3,False,True,NO_EDGE,False,True,MODEL_MISS,N/A,Dashboard-visible via new_build_top3 (server reads lane_a_top3 only).
2026-07-05,922291,Ayr,2.11,NEW_BUILD_LANE_A_MODEL,lane_a,data/new_build/reports/two_lane_readiness_2026_07_05.json,race_day_scorecards[].lane_a_top3.prob,descending,2,Midnight Lir,5033147,0.133877,11.0,4,False,False,NO_EDGE,False,True,MODEL_MISS,N/A,Dashboard-visible via new_build_top3 (server reads lane_a_top3 only).
2026-07-05,922291,Ayr,2.11,NEW_BUILD_LANE_A_MODEL,lane_a,data/new_build/reports/two_lane_readiness_2026_07_05.json,race_day_scorecards[].lane_a_top3.prob,descending,3,Woohoo,5410664,0.127288,4.5,2,False,True,NO_EDGE,False,True,MODEL_MISS,N/A,Dashboard-visible via new_build_top3 (server reads lane_a_top3 only).
2026-07-05,922291,Ayr,2.11,NEW_BUILD_LANE_B_MODEL,lane_b,data/new_build/reports/two_lane_readiness_2026_07_05.json,race_day_scorecards[].lane_b_top3.prob,descending,1,Water Of Leith,3138941,0.133071,5.5,3,False,True,NO_EDGE,False,False,MODEL_MISS,N/A,Not served by the live dashboard -- present only in this local readiness file.
2026-07-05,922291,Ayr,2.11,NEW_BUILD_LANE_B_MODEL,lane_b,data/new_build/reports/two_lane_readiness_2026_07_05.json,race_day_scorecards[].lane_b_top3.prob,descending,2,Midnight Lir,5033147,0.126121,11.0,4,False,False,NO_EDGE,False,False,MODEL_MISS,N/A,Not served by the live dashboard -- present only in this local readiness file.
2026-07-05,922291,Ayr,2.11,NEW_BUILD_LANE_B_MODEL,lane_b,data/new_build/reports/two_lane_readiness_2026_07_05.json,race_day_scorecards[].lane_b_top3.prob,descending,3,Woohoo,5410664,0.121881,4.5,2,False,True,NO_EDGE,False,False,MODEL_MISS,N/A,Not served by the live dashboard -- present only in this local readiness file.
2026-07-05,922291,Ayr,2.11,NEW_BUILD_LANE_C_MODEL,lane_c,data/new_build/reports/two_lane_readiness_2026_07_05.json,race_day_scorecards[].lane_c_top3.prob,descending,1,Water Of Leith,3138941,0.562471,5.5,3,False,True,N/A (Lane C not policy-anchored),False,False,MODEL_MISS,N/A,Not served by the live dashboard -- present only in this local readiness file.
2026-07-05,922291,Ayr,2.11,NEW_BUILD_LANE_C_MODEL,lane_c,data/new_build/reports/two_lane_readiness_2026_07_05.json,race_day_scorecards[].lane_c_top3.prob,descending,2,Midnight Lir,5033147,0.561096,11.0,4,False,False,N/A (Lane C not policy-anchored),False,False,MODEL_MISS,N/A,Not served by the live dashboard -- present only in this local readiness file.
2026-07-05,922291,Ayr,2.11,NEW_BUILD_LANE_C_MODEL,lane_c,data/new_build/reports/two_lane_readiness_2026_07_05.json,race_day_scorecards[].lane_c_top3.prob,descending,3,Our Absent Friends,2996828,0.557953,3.5,7,False,False,N/A (Lane C not policy-anchored),False,False,MODEL_MISS,N/A,Not served by the live dashboard -- present only in this local readiness file.
2026-07-05,922291,Ayr,2.11,PASSPORT_STRENGTH_SCORE_PROXY,proxy_not_a_model,data/new_build/current_cards/current_card_passport_feed_2026_07_05.jsonl,passport_strength_score,descending (imposed; field has no native sort semantics),1,Water Of Leith,3138941,1.85,5.5,3,False,True,"N/A (feature input, not a model with a policy layer)",False,False,PROXY_NOT_A_MODEL_CLAIM,N/A,"This is a feature-engineering input INTO Lane A/B/C, not their output. Never cite as New Build's result."
2026-07-05,922291,Ayr,2.11,PASSPORT_STRENGTH_SCORE_PROXY,proxy_not_a_model,data/new_build/current_cards/current_card_passport_feed_2026_07_05.jsonl,passport_strength_score,descending (imposed; field has no native sort semantics),2,Who Wants Me,6046646,1.3,4.0,1,True,True,"N/A (feature input, not a model with a policy layer)",False,False,PROXY_NOT_A_MODEL_CLAIM,N/A,"This is a feature-engineering input INTO Lane A/B/C, not their output. Never cite as New Build's result."
2026-07-05,922291,Ayr,2.11,PASSPORT_STRENGTH_SCORE_PROXY,proxy_not_a_model,data/new_build/current_cards/current_card_passport_feed_2026_07_05.jsonl,passport_strength_score,descending (imposed; field has no native sort semantics),3,Woohoo,5410664,1.2,4.5,2,False,True,"N/A (feature input, not a model with a policy layer)",False,False,PROXY_NOT_A_MODEL_CLAIM,N/A,"This is a feature-engineering input INTO Lane A/B/C, not their output. Never cite as New Build's result."
2026-07-05,922118,Market Rasen,2.20,NEW_BUILD_LANE_A_MODEL,lane_a,data/new_build/reports/two_lane_readiness_2026_07_05.json,race_day_scorecards[].lane_a_top3.prob,descending,1,Little Lady Rock,7618350,0.217898,41.0,1,True,True,NO_EDGE,False,True,MODEL_HIT_POLICY_BLOCKED,N/A,Dashboard-visible via new_build_top3 (server reads lane_a_top3 only).
2026-07-05,922118,Market Rasen,2.20,NEW_BUILD_LANE_A_MODEL,lane_a,data/new_build/reports/two_lane_readiness_2026_07_05.json,race_day_scorecards[].lane_a_top3.prob,descending,2,Way Maker,7753413,0.156355,1.83,3,False,True,NO_EDGE,False,True,MODEL_MISS,N/A,Dashboard-visible via new_build_top3 (server reads lane_a_top3 only).
2026-07-05,922118,Market Rasen,2.20,NEW_BUILD_LANE_A_MODEL,lane_a,data/new_build/reports/two_lane_readiness_2026_07_05.json,race_day_scorecards[].lane_a_top3.prob,descending,3,Military Saint,7436503,0.140188,29.0,PU,False,False,LOW_DATA,False,True,MODEL_MISS,N/A,Dashboard-visible via new_build_top3 (server reads lane_a_top3 only).
2026-07-05,922118,Market Rasen,2.20,NEW_BUILD_LANE_B_MODEL,lane_b,data/new_build/reports/two_lane_readiness_2026_07_05.json,race_day_scorecards[].lane_b_top3.prob,descending,1,Little Lady Rock,7618350,0.167947,41.0,1,True,True,NO_EDGE,False,False,MODEL_HIT_POLICY_BLOCKED,N/A,Not served by the live dashboard -- present only in this local readiness file.
2026-07-05,922118,Market Rasen,2.20,NEW_BUILD_LANE_B_MODEL,lane_b,data/new_build/reports/two_lane_readiness_2026_07_05.json,race_day_scorecards[].lane_b_top3.prob,descending,2,Way Maker,7753413,0.160766,1.83,3,False,True,NO_EDGE,False,False,MODEL_MISS,N/A,Not served by the live dashboard -- present only in this local readiness file.
2026-07-05,922118,Market Rasen,2.20,NEW_BUILD_LANE_B_MODEL,lane_b,data/new_build/reports/two_lane_readiness_2026_07_05.json,race_day_scorecards[].lane_b_top3.prob,descending,3,Military Saint,7436503,0.122882,29.0,PU,False,False,LOW_DATA,False,False,MODEL_MISS,N/A,Not served by the live dashboard -- present only in this local readiness file.
2026-07-05,922118,Market Rasen,2.20,NEW_BUILD_LANE_C_MODEL,lane_c,data/new_build/reports/two_lane_readiness_2026_07_05.json,race_day_scorecards[].lane_c_top3.prob,descending,1,Way Maker,7753413,0.576332,1.83,3,False,True,N/A (Lane C not policy-anchored),False,False,MODEL_MISS,N/A,Not served by the live dashboard -- present only in this local readiness file.
2026-07-05,922118,Market Rasen,2.20,NEW_BUILD_LANE_C_MODEL,lane_c,data/new_build/reports/two_lane_readiness_2026_07_05.json,race_day_scorecards[].lane_c_top3.prob,descending,2,Little Lady Rock,7618350,0.570826,41.0,1,True,True,N/A (Lane C not policy-anchored),False,False,MODEL_HIT_POLICY_BLOCKED,N/A,Not served by the live dashboard -- present only in this local readiness file.
2026-07-05,922118,Market Rasen,2.20,NEW_BUILD_LANE_C_MODEL,lane_c,data/new_build/reports/two_lane_readiness_2026_07_05.json,race_day_scorecards[].lane_c_top3.prob,descending,3,Brosna Town,5301550,0.564287,8.5,2,False,True,N/A (Lane C not policy-anchored),False,False,MODEL_MISS,N/A,Not served by the live dashboard -- present only in this local readiness file.
2026-07-05,922118,Market Rasen,2.20,PASSPORT_STRENGTH_SCORE_PROXY,proxy_not_a_model,data/new_build/current_cards/current_card_passport_feed_2026_07_05.jsonl,passport_strength_score,descending (imposed; field has no native sort semantics),1,Way Maker,7753413,2.95,1.83,3,False,True,"N/A (feature input, not a model with a policy layer)",False,False,PROXY_NOT_A_MODEL_CLAIM,N/A,"This is a feature-engineering input INTO Lane A/B/C, not their output. Never cite as New Build's result."
2026-07-05,922118,Market Rasen,2.20,PASSPORT_STRENGTH_SCORE_PROXY,proxy_not_a_model,data/new_build/current_cards/current_card_passport_feed_2026_07_05.jsonl,passport_strength_score,descending (imposed; field has no native sort semantics),2,Little Lady Rock,7618350,2.9,41.0,1,True,True,"N/A (feature input, not a model with a policy layer)",False,False,PROXY_NOT_A_MODEL_CLAIM,N/A,"This is a feature-engineering input INTO Lane A/B/C, not their output. Never cite as New Build's result."
2026-07-05,922118,Market Rasen,2.20,PASSPORT_STRENGTH_SCORE_PROXY,proxy_not_a_model,data/new_build/current_cards/current_card_passport_feed_2026_07_05.jsonl,passport_strength_score,descending (imposed; field has no native sort semantics),3,Rogue Impact,6278720,0.75,3.0,4,False,False,"N/A (feature input, not a model with a policy layer)",False,False,PROXY_NOT_A_MODEL_CLAIM,N/A,"This is a feature-engineering input INTO Lane A/B/C, not their output. Never cite as New Build's result."
2026-07-05,921921,Southwell (AW),2.32,NEW_BUILD_LANE_A_MODEL,lane_a,data/new_build/reports/two_lane_readiness_2026_07_05.json,race_day_scorecards[].lane_a_top3.prob,descending,1,Anthropologist,5776282,0.104535,6.5,4,False,False,SUPPRESS,False,True,MODEL_MISS,N/A,Dashboard-visible via new_build_top3 (server reads lane_a_top3 only).
2026-07-05,921921,Southwell (AW),2.32,NEW_BUILD_LANE_A_MODEL,lane_a,data/new_build/reports/two_lane_readiness_2026_07_05.json,race_day_scorecards[].lane_a_top3.prob,descending,2,Onemorenomore,5051945,0.10171,4.0,3,False,True,SUPPRESS,False,True,MODEL_MISS,N/A,Dashboard-visible via new_build_top3 (server reads lane_a_top3 only).
2026-07-05,921921,Southwell (AW),2.32,NEW_BUILD_LANE_A_MODEL,lane_a,data/new_build/reports/two_lane_readiness_2026_07_05.json,race_day_scorecards[].lane_a_top3.prob,descending,3,Jimmy Knocker,5668388,0.094527,34.0,5,False,False,LOW_DATA,False,True,MODEL_MISS,N/A,Dashboard-visible via new_build_top3 (server reads lane_a_top3 only).
2026-07-05,921921,Southwell (AW),2.32,NEW_BUILD_LANE_B_MODEL,lane_b,data/new_build/reports/two_lane_readiness_2026_07_05.json,race_day_scorecards[].lane_b_top3.prob,descending,1,Onemorenomore,5051945,0.097711,4.0,3,False,True,SUPPRESS,False,False,MODEL_MISS,N/A,Not served by the live dashboard -- present only in this local readiness file.
2026-07-05,921921,Southwell (AW),2.32,NEW_BUILD_LANE_B_MODEL,lane_b,data/new_build/reports/two_lane_readiness_2026_07_05.json,race_day_scorecards[].lane_b_top3.prob,descending,2,Anthropologist,5776282,0.093808,6.5,4,False,False,SUPPRESS,False,False,MODEL_MISS,N/A,Not served by the live dashboard -- present only in this local readiness file.
2026-07-05,921921,Southwell (AW),2.32,NEW_BUILD_LANE_B_MODEL,lane_b,data/new_build/reports/two_lane_readiness_2026_07_05.json,race_day_scorecards[].lane_b_top3.prob,descending,3,Suhub,6265747,0.092509,15.0,10,False,False,SUPPRESS,False,False,MODEL_MISS,N/A,Not served by the live dashboard -- present only in this local readiness file.
2026-07-05,921921,Southwell (AW),2.32,NEW_BUILD_LANE_C_MODEL,lane_c,data/new_build/reports/two_lane_readiness_2026_07_05.json,race_day_scorecards[].lane_c_top3.prob,descending,1,Wadacre Maestro,7583029,0.544777,13.0,2,False,True,N/A (Lane C not policy-anchored),False,False,MODEL_MISS,N/A,Not served by the live dashboard -- present only in this local readiness file.
2026-07-05,921921,Southwell (AW),2.32,NEW_BUILD_LANE_C_MODEL,lane_c,data/new_build/reports/two_lane_readiness_2026_07_05.json,race_day_scorecards[].lane_c_top3.prob,descending,2,Jimmy Knocker,5668388,0.544222,34.0,5,False,False,N/A (Lane C not policy-anchored),False,False,MODEL_MISS,N/A,Not served by the live dashboard -- present only in this local readiness file.
2026-07-05,921921,Southwell (AW),2.32,NEW_BUILD_LANE_C_MODEL,lane_c,data/new_build/reports/two_lane_readiness_2026_07_05.json,race_day_scorecards[].lane_c_top3.prob,descending,3,Onemorenomore,5051945,0.543605,4.0,3,False,True,N/A (Lane C not policy-anchored),False,False,MODEL_MISS,N/A,Not served by the live dashboard -- present only in this local readiness file.
2026-07-05,921921,Southwell (AW),2.32,PASSPORT_STRENGTH_SCORE_PROXY,proxy_not_a_model,data/new_build/current_cards/current_card_passport_feed_2026_07_05.jsonl,passport_strength_score,descending (imposed; field has no native sort semantics),1,Anthropologist,5776282,1.85,6.5,4,False,False,"N/A (feature input, not a model with a policy layer)",False,False,PROXY_NOT_A_MODEL_CLAIM,N/A,"This is a feature-engineering input INTO Lane A/B/C, not their output. Never cite as New Build's result."
2026-07-05,921921,Southwell (AW),2.32,PASSPORT_STRENGTH_SCORE_PROXY,proxy_not_a_model,data/new_build/current_cards/current_card_passport_feed_2026_07_05.jsonl,passport_strength_score,descending (imposed; field has no native sort semantics),2,Onemorenomore,5051945,1.4,4.0,3,False,True,"N/A (feature input, not a model with a policy layer)",False,False,PROXY_NOT_A_MODEL_CLAIM,N/A,"This is a feature-engineering input INTO Lane A/B/C, not their output. Never cite as New Build's result."
2026-07-05,921921,Southwell (AW),2.32,PASSPORT_STRENGTH_SCORE_PROXY,proxy_not_a_model,data/new_build/current_cards/current_card_passport_feed_2026_07_05.jsonl,passport_strength_score,descending (imposed; field has no native sort semantics),3,Surprised,6345381,1.15,21.0,7,False,False,"N/A (feature input, not a model with a policy layer)",False,False,PROXY_NOT_A_MODEL_CLAIM,N/A,"This is a feature-engineering input INTO Lane A/B/C, not their output. Never cite as New Build's result."
2026-07-05,922290,Ayr,2.41,NEW_BUILD_LANE_A_MODEL,lane_a,data/new_build/reports/two_lane_readiness_2026_07_05.json,race_day_scorecards[].lane_a_top3.prob,descending,1,Conciliate,9258986,0.210785,3.25,1,True,True,LOW_DATA,False,True,MODEL_HIT_POLICY_BLOCKED,N/A,Dashboard-visible via new_build_top3 (server reads lane_a_top3 only).
2026-07-05,922290,Ayr,2.41,NEW_BUILD_LANE_A_MODEL,lane_a,data/new_build/reports/two_lane_readiness_2026_07_05.json,race_day_scorecards[].lane_a_top3.prob,descending,2,Instant Force,9312924,0.209892,1.44,2,False,True,LOW_DATA,False,True,MODEL_MISS,N/A,Dashboard-visible via new_build_top3 (server reads lane_a_top3 only).
2026-07-05,922290,Ayr,2.41,NEW_BUILD_LANE_A_MODEL,lane_a,data/new_build/reports/two_lane_readiness_2026_07_05.json,race_day_scorecards[].lane_a_top3.prob,descending,3,Trumpety Trump,9485657,0.209747,34.0,3,False,True,LOW_DATA,False,True,MODEL_MISS,N/A,Dashboard-visible via new_build_top3 (server reads lane_a_top3 only).
2026-07-05,922290,Ayr,2.41,NEW_BUILD_LANE_B_MODEL,lane_b,data/new_build/reports/two_lane_readiness_2026_07_05.json,race_day_scorecards[].lane_b_top3.prob,descending,1,Influencer Man,9485658,0.194263,17.0,4,False,False,LOW_DATA,False,False,MODEL_MISS,N/A,Not served by the live dashboard -- present only in this local readiness file.
2026-07-05,922290,Ayr,2.41,NEW_BUILD_LANE_B_MODEL,lane_b,data/new_build/reports/two_lane_readiness_2026_07_05.json,race_day_scorecards[].lane_b_top3.prob,descending,2,Trumpety Trump,9485657,0.194263,34.0,3,False,True,LOW_DATA,False,False,MODEL_MISS,N/A,Not served by the live dashboard -- present only in this local readiness file.
2026-07-05,922290,Ayr,2.41,NEW_BUILD_LANE_B_MODEL,lane_b,data/new_build/reports/two_lane_readiness_2026_07_05.json,race_day_scorecards[].lane_b_top3.prob,descending,3,Instant Force,9312924,0.193856,1.44,2,False,True,LOW_DATA,False,False,MODEL_MISS,N/A,Not served by the live dashboard -- present only in this local readiness file.
2026-07-05,922290,Ayr,2.41,NEW_BUILD_LANE_C_MODEL,lane_c,data/new_build/reports/two_lane_readiness_2026_07_05.json,race_day_scorecards[].lane_c_top3.prob,descending,1,Conciliate,9258986,0.600508,3.25,1,True,True,N/A (Lane C not policy-anchored),False,False,MODEL_HIT_POLICY_BLOCKED,N/A,Not served by the live dashboard -- present only in this local readiness file.
2026-07-05,922290,Ayr,2.41,NEW_BUILD_LANE_C_MODEL,lane_c,data/new_build/reports/two_lane_readiness_2026_07_05.json,race_day_scorecards[].lane_c_top3.prob,descending,2,Trumpety Trump,9485657,0.600508,34.0,3,False,True,N/A (Lane C not policy-anchored),False,False,MODEL_MISS,N/A,Not served by the live dashboard -- present only in this local readiness file.
2026-07-05,922290,Ayr,2.41,NEW_BUILD_LANE_C_MODEL,lane_c,data/new_build/reports/two_lane_readiness_2026_07_05.json,race_day_scorecards[].lane_c_top3.prob,descending,3,Instant Force,9312924,0.599595,1.44,2,False,True,N/A (Lane C not policy-anchored),False,False,MODEL_MISS,N/A,Not served by the live dashboard -- present only in this local readiness file.
2026-07-05,922290,Ayr,2.41,PASSPORT_STRENGTH_SCORE_PROXY,proxy_not_a_model,data/new_build/current_cards/current_card_passport_feed_2026_07_05.jsonl,passport_strength_score,descending (imposed; field has no native sort semantics),1,Instant Force,9312924,-1.0,1.44,2,False,True,"N/A (feature input, not a model with a policy layer)",False,False,PROXY_NOT_A_MODEL_CLAIM,N/A,"This is a feature-engineering input INTO Lane A/B/C, not their output. Never cite as New Build's result."
2026-07-05,922290,Ayr,2.41,PASSPORT_STRENGTH_SCORE_PROXY,proxy_not_a_model,data/new_build/current_cards/current_card_passport_feed_2026_07_05.jsonl,passport_strength_score,descending (imposed; field has no native sort semantics),2,Conciliate,9258986,-1.0,3.25,1,True,True,"N/A (feature input, not a model with a policy layer)",False,False,PROXY_NOT_A_MODEL_CLAIM,N/A,"This is a feature-engineering input INTO Lane A/B/C, not their output. Never cite as New Build's result."
2026-07-05,922290,Ayr,2.41,PASSPORT_STRENGTH_SCORE_PROXY,proxy_not_a_model,data/new_build/current_cards/current_card_passport_feed_2026_07_05.jsonl,passport_strength_score,descending (imposed; field has no native sort semantics),3,Influencer Man,9485658,-1.0,17.0,4,False,False,"N/A (feature input, not a model with a policy layer)",False,False,PROXY_NOT_A_MODEL_CLAIM,N/A,"This is a feature-engineering input INTO Lane A/B/C, not their output. Never cite as New Build's result."
2026-07-05,922119,Market Rasen,2.50,NEW_BUILD_LANE_A_MODEL,lane_a,data/new_build/reports/two_lane_readiness_2026_07_05.json,race_day_scorecards[].lane_a_top3.prob,descending,1,Granny Hawkins,5073237,0.165471,5.0,3,False,True,NO_EDGE,False,True,MODEL_MISS,N/A,Dashboard-visible via new_build_top3 (server reads lane_a_top3 only).
2026-07-05,922119,Market Rasen,2.50,NEW_BUILD_LANE_A_MODEL,lane_a,data/new_build/reports/two_lane_readiness_2026_07_05.json,race_day_scorecards[].lane_a_top3.prob,descending,2,Fidendum,5848874,0.127452,2.88,1,True,True,LOW_DATA,False,True,MODEL_HIT_POLICY_BLOCKED,N/A,Dashboard-visible via new_build_top3 (server reads lane_a_top3 only).
2026-07-05,922119,Market Rasen,2.50,NEW_BUILD_LANE_A_MODEL,lane_a,data/new_build/reports/two_lane_readiness_2026_07_05.json,race_day_scorecards[].lane_a_top3.prob,descending,3,Crown Of India,5218313,0.119996,8.0,2,False,True,LOW_DATA,False,True,MODEL_MISS,N/A,Dashboard-visible via new_build_top3 (server reads lane_a_top3 only).
2026-07-05,922119,Market Rasen,2.50,NEW_BUILD_LANE_B_MODEL,lane_b,data/new_build/reports/two_lane_readiness_2026_07_05.json,race_day_scorecards[].lane_b_top3.prob,descending,1,Granny Hawkins,5073237,0.132125,5.0,3,False,True,NO_EDGE,False,False,MODEL_MISS,N/A,Not served by the live dashboard -- present only in this local readiness file.
2026-07-05,922119,Market Rasen,2.50,NEW_BUILD_LANE_B_MODEL,lane_b,data/new_build/reports/two_lane_readiness_2026_07_05.json,race_day_scorecards[].lane_b_top3.prob,descending,2,Fidendum,5848874,0.12813,2.88,1,True,True,LOW_DATA,False,False,MODEL_HIT_POLICY_BLOCKED,N/A,Not served by the live dashboard -- present only in this local readiness file.
2026-07-05,922119,Market Rasen,2.50,NEW_BUILD_LANE_B_MODEL,lane_b,data/new_build/reports/two_lane_readiness_2026_07_05.json,race_day_scorecards[].lane_b_top3.prob,descending,3,Tilehurst,6578000,0.118678,4.5,5,False,False,LOW_DATA,False,False,MODEL_MISS,N/A,Not served by the live dashboard -- present only in this local readiness file.
2026-07-05,922119,Market Rasen,2.50,NEW_BUILD_LANE_C_MODEL,lane_c,data/new_build/reports/two_lane_readiness_2026_07_05.json,race_day_scorecards[].lane_c_top3.prob,descending,1,Crown Of India,5218313,0.563937,8.0,2,False,True,N/A (Lane C not policy-anchored),False,False,MODEL_MISS,N/A,Not served by the live dashboard -- present only in this local readiness file.
2026-07-05,922119,Market Rasen,2.50,NEW_BUILD_LANE_C_MODEL,lane_c,data/new_build/reports/two_lane_readiness_2026_07_05.json,race_day_scorecards[].lane_c_top3.prob,descending,2,Tilehurst,6578000,0.563277,4.5,5,False,False,N/A (Lane C not policy-anchored),False,False,MODEL_MISS,N/A,Not served by the live dashboard -- present only in this local readiness file.
2026-07-05,922119,Market Rasen,2.50,NEW_BUILD_LANE_C_MODEL,lane_c,data/new_build/reports/two_lane_readiness_2026_07_05.json,race_day_scorecards[].lane_c_top3.prob,descending,3,Kaikoura,5554968,0.562537,29.0,4,False,False,N/A (Lane C not policy-anchored),False,False,MODEL_MISS,N/A,Not served by the live dashboard -- present only in this local readiness file.
2026-07-05,922119,Market Rasen,2.50,PASSPORT_STRENGTH_SCORE_PROXY,proxy_not_a_model,data/new_build/current_cards/current_card_passport_feed_2026_07_05.jsonl,passport_strength_score,descending (imposed; field has no native sort semantics),1,Granny Hawkins,5073237,3.75,5.0,3,False,True,"N/A (feature input, not a model with a policy layer)",False,False,PROXY_NOT_A_MODEL_CLAIM,N/A,"This is a feature-engineering input INTO Lane A/B/C, not their output. Never cite as New Build's result."
2026-07-05,922119,Market Rasen,2.50,PASSPORT_STRENGTH_SCORE_PROXY,proxy_not_a_model,data/new_build/current_cards/current_card_passport_feed_2026_07_05.jsonl,passport_strength_score,descending (imposed; field has no native sort semantics),2,Crown Of India,5218313,-1.0,8.0,2,False,True,"N/A (feature input, not a model with a policy layer)",False,False,PROXY_NOT_A_MODEL_CLAIM,N/A,"This is a feature-engineering input INTO Lane A/B/C, not their output. Never cite as New Build's result."
2026-07-05,922119,Market Rasen,2.50,PASSPORT_STRENGTH_SCORE_PROXY,proxy_not_a_model,data/new_build/current_cards/current_card_passport_feed_2026_07_05.jsonl,passport_strength_score,descending (imposed; field has no native sort semantics),3,Fidendum,5848874,-1.0,2.88,1,True,True,"N/A (feature input, not a model with a policy layer)",False,False,PROXY_NOT_A_MODEL_CLAIM,N/A,"This is a feature-engineering input INTO Lane A/B/C, not their output. Never cite as New Build's result."
2026-07-05,924344,Southwell (AW),3.05,NEW_BUILD_LANE_A_MODEL,lane_a,data/new_build/reports/two_lane_readiness_2026_07_05.json,race_day_scorecards[].lane_a_top3.prob,descending,1,Crystal Dagger,7847666,0.110596,34.0,8,False,False,SUPPRESS,False,True,MODEL_MISS,N/A,Dashboard-visible via new_build_top3 (server reads lane_a_top3 only).
2026-07-05,924344,Southwell (AW),3.05,NEW_BUILD_LANE_A_MODEL,lane_a,data/new_build/reports/two_lane_readiness_2026_07_05.json,race_day_scorecards[].lane_a_top3.prob,descending,2,King Of Fury,5216517,0.110418,4.0,1,True,True,NO_EDGE,False,True,MODEL_HIT_POLICY_BLOCKED,N/A,Dashboard-visible via new_build_top3 (server reads lane_a_top3 only).
2026-07-05,924344,Southwell (AW),3.05,NEW_BUILD_LANE_A_MODEL,lane_a,data/new_build/reports/two_lane_readiness_2026_07_05.json,race_day_scorecards[].lane_a_top3.prob,descending,3,Blazing Son,3092712,0.104878,7.0,3,False,True,SUPPRESS,False,True,MODEL_MISS,N/A,Dashboard-visible via new_build_top3 (server reads lane_a_top3 only).
2026-07-05,924344,Southwell (AW),3.05,NEW_BUILD_LANE_B_MODEL,lane_b,data/new_build/reports/two_lane_readiness_2026_07_05.json,race_day_scorecards[].lane_b_top3.prob,descending,1,Portman Blue,8693249,0.106886,12.0,6,False,False,SUPPRESS,False,False,MODEL_MISS,N/A,Not served by the live dashboard -- present only in this local readiness file.
2026-07-05,924344,Southwell (AW),3.05,NEW_BUILD_LANE_B_MODEL,lane_b,data/new_build/reports/two_lane_readiness_2026_07_05.json,race_day_scorecards[].lane_b_top3.prob,descending,2,King Of Fury,5216517,0.10235,4.0,1,True,True,NO_EDGE,False,False,MODEL_HIT_POLICY_BLOCKED,N/A,Not served by the live dashboard -- present only in this local readiness file.
2026-07-05,924344,Southwell (AW),3.05,NEW_BUILD_LANE_B_MODEL,lane_b,data/new_build/reports/two_lane_readiness_2026_07_05.json,race_day_scorecards[].lane_b_top3.prob,descending,3,Crystal Dagger,7847666,0.096149,34.0,8,False,False,SUPPRESS,False,False,MODEL_MISS,N/A,Not served by the live dashboard -- present only in this local readiness file.
2026-07-05,924344,Southwell (AW),3.05,NEW_BUILD_LANE_C_MODEL,lane_c,data/new_build/reports/two_lane_readiness_2026_07_05.json,race_day_scorecards[].lane_c_top3.prob,descending,1,King Of Fury,5216517,0.549451,4.0,1,True,True,N/A (Lane C not policy-anchored),False,False,MODEL_HIT_POLICY_BLOCKED,N/A,Not served by the live dashboard -- present only in this local readiness file.
2026-07-05,924344,Southwell (AW),3.05,NEW_BUILD_LANE_C_MODEL,lane_c,data/new_build/reports/two_lane_readiness_2026_07_05.json,race_day_scorecards[].lane_c_top3.prob,descending,2,Blazing Son,3092712,0.548144,7.0,3,False,True,N/A (Lane C not policy-anchored),False,False,MODEL_MISS,N/A,Not served by the live dashboard -- present only in this local readiness file.
2026-07-05,924344,Southwell (AW),3.05,NEW_BUILD_LANE_C_MODEL,lane_c,data/new_build/reports/two_lane_readiness_2026_07_05.json,race_day_scorecards[].lane_c_top3.prob,descending,3,Crystal Dagger,7847666,0.547384,34.0,8,False,False,N/A (Lane C not policy-anchored),False,False,MODEL_MISS,N/A,Not served by the live dashboard -- present only in this local readiness file.
2026-07-05,924344,Southwell (AW),3.05,PASSPORT_STRENGTH_SCORE_PROXY,proxy_not_a_model,data/new_build/current_cards/current_card_passport_feed_2026_07_05.jsonl,passport_strength_score,descending (imposed; field has no native sort semantics),1,Pickersgill,6287950,1.6,5.5,2,False,True,"N/A (feature input, not a model with a policy layer)",False,False,PROXY_NOT_A_MODEL_CLAIM,N/A,"This is a feature-engineering input INTO Lane A/B/C, not their output. Never cite as New Build's result."
2026-07-05,924344,Southwell (AW),3.05,PASSPORT_STRENGTH_SCORE_PROXY,proxy_not_a_model,data/new_build/current_cards/current_card_passport_feed_2026_07_05.jsonl,passport_strength_score,descending (imposed; field has no native sort semantics),2,Shamacid,5884252,1.3,8.0,5,False,False,"N/A (feature input, not a model with a policy layer)",False,False,PROXY_NOT_A_MODEL_CLAIM,N/A,"This is a feature-engineering input INTO Lane A/B/C, not their output. Never cite as New Build's result."
2026-07-05,924344,Southwell (AW),3.05,PASSPORT_STRENGTH_SCORE_PROXY,proxy_not_a_model,data/new_build/current_cards/current_card_passport_feed_2026_07_05.jsonl,passport_strength_score,descending (imposed; field has no native sort semantics),3,Blazing Son,3092712,1.15,7.0,3,False,True,"N/A (feature input, not a model with a policy layer)",False,False,PROXY_NOT_A_MODEL_CLAIM,N/A,"This is a feature-engineering input INTO Lane A/B/C, not their output. Never cite as New Build's result."
2026-07-05,922289,Ayr,3.15,NEW_BUILD_LANE_A_MODEL,lane_a,data/new_build/reports/two_lane_readiness_2026_07_05.json,race_day_scorecards[].lane_a_top3.prob,descending,1,Altareq,7390860,0.105769,3.25,1,True,True,SUPPRESS,False,True,MODEL_HIT_POLICY_BLOCKED,N/A,Dashboard-visible via new_build_top3 (server reads lane_a_top3 only).
2026-07-05,922289,Ayr,3.15,NEW_BUILD_LANE_A_MODEL,lane_a,data/new_build/reports/two_lane_readiness_2026_07_05.json,race_day_scorecards[].lane_a_top3.prob,descending,2,Kokanee,6679883,0.105349,4.33,8,False,False,SUPPRESS,False,True,MODEL_MISS,N/A,Dashboard-visible via new_build_top3 (server reads lane_a_top3 only).
2026-07-05,922289,Ayr,3.15,NEW_BUILD_LANE_A_MODEL,lane_a,data/new_build/reports/two_lane_readiness_2026_07_05.json,race_day_scorecards[].lane_a_top3.prob,descending,3,Ouro Preto,5251970,0.091856,41.0,9,False,False,SUPPRESS,False,True,MODEL_MISS,N/A,Dashboard-visible via new_build_top3 (server reads lane_a_top3 only).
2026-07-05,922289,Ayr,3.15,NEW_BUILD_LANE_B_MODEL,lane_b,data/new_build/reports/two_lane_readiness_2026_07_05.json,race_day_scorecards[].lane_b_top3.prob,descending,1,Kokanee,6679883,0.093387,4.33,8,False,False,SUPPRESS,False,False,MODEL_MISS,N/A,Not served by the live dashboard -- present only in this local readiness file.
2026-07-05,922289,Ayr,3.15,NEW_BUILD_LANE_B_MODEL,lane_b,data/new_build/reports/two_lane_readiness_2026_07_05.json,race_day_scorecards[].lane_b_top3.prob,descending,2,Ouro Preto,5251970,0.09003,41.0,9,False,False,SUPPRESS,False,False,MODEL_MISS,N/A,Not served by the live dashboard -- present only in this local readiness file.
2026-07-05,922289,Ayr,3.15,NEW_BUILD_LANE_B_MODEL,lane_b,data/new_build/reports/two_lane_readiness_2026_07_05.json,race_day_scorecards[].lane_b_top3.prob,descending,3,Thyer,5162466,0.087696,6.0,5,False,False,LOW_DATA,False,False,MODEL_MISS,N/A,Not served by the live dashboard -- present only in this local readiness file.
2026-07-05,922289,Ayr,3.15,NEW_BUILD_LANE_C_MODEL,lane_c,data/new_build/reports/two_lane_readiness_2026_07_05.json,race_day_scorecards[].lane_c_top3.prob,descending,1,Thyer,5162466,0.544928,6.0,5,False,False,N/A (Lane C not policy-anchored),False,False,MODEL_MISS,N/A,Not served by the live dashboard -- present only in this local readiness file.
2026-07-05,922289,Ayr,3.15,NEW_BUILD_LANE_C_MODEL,lane_c,data/new_build/reports/two_lane_readiness_2026_07_05.json,race_day_scorecards[].lane_c_top3.prob,descending,2,Break The Bank,5237880,0.543684,41.0,2,False,True,N/A (Lane C not policy-anchored),False,False,MODEL_MISS,N/A,Not served by the live dashboard -- present only in this local readiness file.
2026-07-05,922289,Ayr,3.15,NEW_BUILD_LANE_C_MODEL,lane_c,data/new_build/reports/two_lane_readiness_2026_07_05.json,race_day_scorecards[].lane_c_top3.prob,descending,3,Mao Shang Wong,7324765,0.543522,6.0,7,False,False,N/A (Lane C not policy-anchored),False,False,MODEL_MISS,N/A,Not served by the live dashboard -- present only in this local readiness file.
2026-07-05,922289,Ayr,3.15,PASSPORT_STRENGTH_SCORE_PROXY,proxy_not_a_model,data/new_build/current_cards/current_card_passport_feed_2026_07_05.jsonl,passport_strength_score,descending (imposed; field has no native sort semantics),1,Altareq,7390860,1.95,3.25,1,True,True,"N/A (feature input, not a model with a policy layer)",False,False,PROXY_NOT_A_MODEL_CLAIM,N/A,"This is a feature-engineering input INTO Lane A/B/C, not their output. Never cite as New Build's result."
2026-07-05,922289,Ayr,3.15,PASSPORT_STRENGTH_SCORE_PROXY,proxy_not_a_model,data/new_build/current_cards/current_card_passport_feed_2026_07_05.jsonl,passport_strength_score,descending (imposed; field has no native sort semantics),2,Kokanee,6679883,1.8,4.33,8,False,False,"N/A (feature input, not a model with a policy layer)",False,False,PROXY_NOT_A_MODEL_CLAIM,N/A,"This is a feature-engineering input INTO Lane A/B/C, not their output. Never cite as New Build's result."
2026-07-05,922289,Ayr,3.15,PASSPORT_STRENGTH_SCORE_PROXY,proxy_not_a_model,data/new_build/current_cards/current_card_passport_feed_2026_07_05.jsonl,passport_strength_score,descending (imposed; field has no native sort semantics),3,Idyllic,5403096,1.2,34.0,4,False,False,"N/A (feature input, not a model with a policy layer)",False,False,PROXY_NOT_A_MODEL_CLAIM,N/A,"This is a feature-engineering input INTO Lane A/B/C, not their output. Never cite as New Build's result."
2026-07-05,922123,Market Rasen,3.25,NEW_BUILD_LANE_A_MODEL,lane_a,data/new_build/reports/two_lane_readiness_2026_07_05.json,race_day_scorecards[].lane_a_top3.prob,descending,1,Copper Beach,4031460,0.111171,4.5,9,False,False,SUPPRESS,False,True,MODEL_MISS,N/A,Dashboard-visible via new_build_top3 (server reads lane_a_top3 only).
2026-07-05,922123,Market Rasen,3.25,NEW_BUILD_LANE_A_MODEL,lane_a,data/new_build/reports/two_lane_readiness_2026_07_05.json,race_day_scorecards[].lane_a_top3.prob,descending,2,Larkfield Lusive,5098067,0.09955,9.5,11,False,False,SUPPRESS,False,True,MODEL_MISS,N/A,Dashboard-visible via new_build_top3 (server reads lane_a_top3 only).
2026-07-05,922123,Market Rasen,3.25,NEW_BUILD_LANE_A_MODEL,lane_a,data/new_build/reports/two_lane_readiness_2026_07_05.json,race_day_scorecards[].lane_a_top3.prob,descending,3,Indian Sunbird,3974508,0.095041,12.0,6,False,False,SUPPRESS,False,True,MODEL_MISS,N/A,Dashboard-visible via new_build_top3 (server reads lane_a_top3 only).
2026-07-05,922123,Market Rasen,3.25,NEW_BUILD_LANE_B_MODEL,lane_b,data/new_build/reports/two_lane_readiness_2026_07_05.json,race_day_scorecards[].lane_b_top3.prob,descending,1,Lunar Morning,7303417,0.097423,17.0,5,False,False,LOW_DATA,False,False,MODEL_MISS,N/A,Not served by the live dashboard -- present only in this local readiness file.
2026-07-05,922123,Market Rasen,3.25,NEW_BUILD_LANE_B_MODEL,lane_b,data/new_build/reports/two_lane_readiness_2026_07_05.json,race_day_scorecards[].lane_b_top3.prob,descending,2,Beny Nahar Road,4003966,0.093504,17.0,10,False,False,LOW_DATA,False,False,MODEL_MISS,N/A,Not served by the live dashboard -- present only in this local readiness file.
2026-07-05,922123,Market Rasen,3.25,NEW_BUILD_LANE_B_MODEL,lane_b,data/new_build/reports/two_lane_readiness_2026_07_05.json,race_day_scorecards[].lane_b_top3.prob,descending,3,Ramaah,5237853,0.082712,26.0,3,False,True,SUPPRESS,False,False,MODEL_MISS,N/A,Not served by the live dashboard -- present only in this local readiness file.
2026-07-05,922123,Market Rasen,3.25,NEW_BUILD_LANE_C_MODEL,lane_c,data/new_build/reports/two_lane_readiness_2026_07_05.json,race_day_scorecards[].lane_c_top3.prob,descending,1,Lunar Morning,7303417,0.541863,17.0,5,False,False,N/A (Lane C not policy-anchored),False,False,MODEL_MISS,N/A,Not served by the live dashboard -- present only in this local readiness file.
2026-07-05,922123,Market Rasen,3.25,NEW_BUILD_LANE_C_MODEL,lane_c,data/new_build/reports/two_lane_readiness_2026_07_05.json,race_day_scorecards[].lane_c_top3.prob,descending,2,Larkfield Lusive,5098067,0.541581,9.5,11,False,False,N/A (Lane C not policy-anchored),False,False,MODEL_MISS,N/A,Not served by the live dashboard -- present only in this local readiness file.
2026-07-05,922123,Market Rasen,3.25,NEW_BUILD_LANE_C_MODEL,lane_c,data/new_build/reports/two_lane_readiness_2026_07_05.json,race_day_scorecards[].lane_c_top3.prob,descending,3,Indian Sunbird,3974508,0.541395,12.0,6,False,False,N/A (Lane C not policy-anchored),False,False,MODEL_MISS,N/A,Not served by the live dashboard -- present only in this local readiness file.
2026-07-05,922123,Market Rasen,3.25,PASSPORT_STRENGTH_SCORE_PROXY,proxy_not_a_model,data/new_build/current_cards/current_card_passport_feed_2026_07_05.jsonl,passport_strength_score,descending (imposed; field has no native sort semantics),1,Larkfield Lusive,5098067,2.8,9.5,11,False,False,"N/A (feature input, not a model with a policy layer)",False,False,PROXY_NOT_A_MODEL_CLAIM,N/A,"This is a feature-engineering input INTO Lane A/B/C, not their output. Never cite as New Build's result."
2026-07-05,922123,Market Rasen,3.25,PASSPORT_STRENGTH_SCORE_PROXY,proxy_not_a_model,data/new_build/current_cards/current_card_passport_feed_2026_07_05.jsonl,passport_strength_score,descending (imposed; field has no native sort semantics),2,Copper Beach,4031460,1.95,4.5,9,False,False,"N/A (feature input, not a model with a policy layer)",False,False,PROXY_NOT_A_MODEL_CLAIM,N/A,"This is a feature-engineering input INTO Lane A/B/C, not their output. Never cite as New Build's result."
2026-07-05,922123,Market Rasen,3.25,PASSPORT_STRENGTH_SCORE_PROXY,proxy_not_a_model,data/new_build/current_cards/current_card_passport_feed_2026_07_05.jsonl,passport_strength_score,descending (imposed; field has no native sort semantics),3,Indian Sunbird,3974508,1.85,12.0,6,False,False,"N/A (feature input, not a model with a policy layer)",False,False,PROXY_NOT_A_MODEL_CLAIM,N/A,"This is a feature-engineering input INTO Lane A/B/C, not their output. Never cite as New Build's result."
2026-07-05,921922,Southwell (AW),3.40,NEW_BUILD_LANE_A_MODEL,lane_a,data/new_build/reports/two_lane_readiness_2026_07_05.json,race_day_scorecards[].lane_a_top3.prob,descending,1,Miss Gallant,9263859,0.0852,7.0,1,True,True,LOW_DATA,False,True,MODEL_HIT_POLICY_BLOCKED,N/A,Dashboard-visible via new_build_top3 (server reads lane_a_top3 only).
2026-07-05,921922,Southwell (AW),3.40,NEW_BUILD_LANE_A_MODEL,lane_a,data/new_build/reports/two_lane_readiness_2026_07_05.json,race_day_scorecards[].lane_a_top3.prob,descending,2,Sterling Fortune,9189368,0.084756,23.0,5,False,False,LOW_DATA,False,True,MODEL_MISS,N/A,Dashboard-visible via new_build_top3 (server reads lane_a_top3 only).
2026-07-05,921922,Southwell (AW),3.40,NEW_BUILD_LANE_A_MODEL,lane_a,data/new_build/reports/two_lane_readiness_2026_07_05.json,race_day_scorecards[].lane_a_top3.prob,descending,3,For Ever Hopefull,9485662,0.083416,251.0,6,False,False,LOW_DATA,False,True,MODEL_MISS,N/A,Dashboard-visible via new_build_top3 (server reads lane_a_top3 only).
2026-07-05,921922,Southwell (AW),3.40,NEW_BUILD_LANE_B_MODEL,lane_b,data/new_build/reports/two_lane_readiness_2026_07_05.json,race_day_scorecards[].lane_b_top3.prob,descending,1,Sterling Fortune,9189368,0.079545,23.0,5,False,False,LOW_DATA,False,False,MODEL_MISS,N/A,Not served by the live dashboard -- present only in this local readiness file.
2026-07-05,921922,Southwell (AW),3.40,NEW_BUILD_LANE_B_MODEL,lane_b,data/new_build/reports/two_lane_readiness_2026_07_05.json,race_day_scorecards[].lane_b_top3.prob,descending,2,Miss Gallant,9263859,0.077956,7.0,1,True,True,LOW_DATA,False,False,MODEL_HIT_POLICY_BLOCKED,N/A,Not served by the live dashboard -- present only in this local readiness file.
2026-07-05,921922,Southwell (AW),3.40,NEW_BUILD_LANE_B_MODEL,lane_b,data/new_build/reports/two_lane_readiness_2026_07_05.json,race_day_scorecards[].lane_b_top3.prob,descending,3,Royale Union,9396424,0.076291,6.5,7,False,False,LOW_DATA,False,False,MODEL_MISS,N/A,Not served by the live dashboard -- present only in this local readiness file.
2026-07-05,921922,Southwell (AW),3.40,NEW_BUILD_LANE_C_MODEL,lane_c,data/new_build/reports/two_lane_readiness_2026_07_05.json,race_day_scorecards[].lane_c_top3.prob,descending,1,Miss Gallant,9263859,0.535874,7.0,1,True,True,N/A (Lane C not policy-anchored),False,False,MODEL_HIT_POLICY_BLOCKED,N/A,Not served by the live dashboard -- present only in this local readiness file.
2026-07-05,921922,Southwell (AW),3.40,NEW_BUILD_LANE_C_MODEL,lane_c,data/new_build/reports/two_lane_readiness_2026_07_05.json,race_day_scorecards[].lane_c_top3.prob,descending,2,Sterling Fortune,9189368,0.535842,23.0,5,False,False,N/A (Lane C not policy-anchored),False,False,MODEL_MISS,N/A,Not served by the live dashboard -- present only in this local readiness file.
2026-07-05,921922,Southwell (AW),3.40,NEW_BUILD_LANE_C_MODEL,lane_c,data/new_build/reports/two_lane_readiness_2026_07_05.json,race_day_scorecards[].lane_c_top3.prob,descending,3,Hamda's Joy,8031351,0.535751,4.0,3,False,True,N/A (Lane C not policy-anchored),False,False,MODEL_MISS,N/A,Not served by the live dashboard -- present only in this local readiness file.
2026-07-05,921922,Southwell (AW),3.40,PASSPORT_STRENGTH_SCORE_PROXY,proxy_not_a_model,data/new_build/current_cards/current_card_passport_feed_2026_07_05.jsonl,passport_strength_score,descending (imposed; field has no native sort semantics),1,Cixi,8157547,0.9,3.0,10,False,False,"N/A (feature input, not a model with a policy layer)",False,False,PROXY_NOT_A_MODEL_CLAIM,N/A,"This is a feature-engineering input INTO Lane A/B/C, not their output. Never cite as New Build's result."
2026-07-05,921922,Southwell (AW),3.40,PASSPORT_STRENGTH_SCORE_PROXY,proxy_not_a_model,data/new_build/current_cards/current_card_passport_feed_2026_07_05.jsonl,passport_strength_score,descending (imposed; field has no native sort semantics),2,Matilda Bea,9153207,0.3,251.0,11,False,False,"N/A (feature input, not a model with a policy layer)",False,False,PROXY_NOT_A_MODEL_CLAIM,N/A,"This is a feature-engineering input INTO Lane A/B/C, not their output. Never cite as New Build's result."
2026-07-05,921922,Southwell (AW),3.40,PASSPORT_STRENGTH_SCORE_PROXY,proxy_not_a_model,data/new_build/current_cards/current_card_passport_feed_2026_07_05.jsonl,passport_strength_score,descending (imposed; field has no native sort semantics),3,Hamda's Joy,8031351,-1.0,4.0,3,False,True,"N/A (feature input, not a model with a policy layer)",False,False,PROXY_NOT_A_MODEL_CLAIM,N/A,"This is a feature-engineering input INTO Lane A/B/C, not their output. Never cite as New Build's result."
2026-07-05,922293,Ayr,3.50,NEW_BUILD_LANE_A_MODEL,lane_a,data/new_build/reports/two_lane_readiness_2026_07_05.json,race_day_scorecards[].lane_a_top3.prob,descending,1,Abu Royal,4559936,0.104175,6.0,7,False,False,SUPPRESS,False,True,MODEL_MISS,N/A,Dashboard-visible via new_build_top3 (server reads lane_a_top3 only).
2026-07-05,922293,Ayr,3.50,NEW_BUILD_LANE_A_MODEL,lane_a,data/new_build/reports/two_lane_readiness_2026_07_05.json,race_day_scorecards[].lane_a_top3.prob,descending,2,Millbuie,5309177,0.100505,10.0,3,False,True,SUPPRESS,False,True,MODEL_MISS,N/A,Dashboard-visible via new_build_top3 (server reads lane_a_top3 only).
2026-07-05,922293,Ayr,3.50,NEW_BUILD_LANE_A_MODEL,lane_a,data/new_build/reports/two_lane_readiness_2026_07_05.json,race_day_scorecards[].lane_a_top3.prob,descending,3,Crystal Aurora,7493106,0.091965,17.0,8,False,False,LOW_DATA,False,True,MODEL_MISS,N/A,Dashboard-visible via new_build_top3 (server reads lane_a_top3 only).
2026-07-05,922293,Ayr,3.50,NEW_BUILD_LANE_B_MODEL,lane_b,data/new_build/reports/two_lane_readiness_2026_07_05.json,race_day_scorecards[].lane_b_top3.prob,descending,1,Abu Royal,4559936,0.091675,6.0,7,False,False,SUPPRESS,False,False,MODEL_MISS,N/A,Not served by the live dashboard -- present only in this local readiness file.
2026-07-05,922293,Ayr,3.50,NEW_BUILD_LANE_B_MODEL,lane_b,data/new_build/reports/two_lane_readiness_2026_07_05.json,race_day_scorecards[].lane_b_top3.prob,descending,2,Freak Encounter,5991237,0.0894,41.0,9,False,False,SUPPRESS,False,False,MODEL_MISS,N/A,Not served by the live dashboard -- present only in this local readiness file.
2026-07-05,922293,Ayr,3.50,NEW_BUILD_LANE_B_MODEL,lane_b,data/new_build/reports/two_lane_readiness_2026_07_05.json,race_day_scorecards[].lane_b_top3.prob,descending,3,Crystal Aurora,7493106,0.082522,17.0,8,False,False,LOW_DATA,False,False,MODEL_MISS,N/A,Not served by the live dashboard -- present only in this local readiness file.
2026-07-05,922293,Ayr,3.50,NEW_BUILD_LANE_C_MODEL,lane_c,data/new_build/reports/two_lane_readiness_2026_07_05.json,race_day_scorecards[].lane_c_top3.prob,descending,1,Abu Royal,4559936,0.542723,6.0,7,False,False,N/A (Lane C not policy-anchored),False,False,MODEL_MISS,N/A,Not served by the live dashboard -- present only in this local readiness file.
2026-07-05,922293,Ayr,3.50,NEW_BUILD_LANE_C_MODEL,lane_c,data/new_build/reports/two_lane_readiness_2026_07_05.json,race_day_scorecards[].lane_c_top3.prob,descending,2,Midnight Steppers,9115654,0.54024,41.0,10,False,False,N/A (Lane C not policy-anchored),False,False,MODEL_MISS,N/A,Not served by the live dashboard -- present only in this local readiness file.
2026-07-05,922293,Ayr,3.50,NEW_BUILD_LANE_C_MODEL,lane_c,data/new_build/reports/two_lane_readiness_2026_07_05.json,race_day_scorecards[].lane_c_top3.prob,descending,3,Crystal Aurora,7493106,0.540045,17.0,8,False,False,N/A (Lane C not policy-anchored),False,False,MODEL_MISS,N/A,Not served by the live dashboard -- present only in this local readiness file.
2026-07-05,922293,Ayr,3.50,PASSPORT_STRENGTH_SCORE_PROXY,proxy_not_a_model,data/new_build/current_cards/current_card_passport_feed_2026_07_05.jsonl,passport_strength_score,descending (imposed; field has no native sort semantics),1,Millbuie,5309177,0.9,10.0,3,False,True,"N/A (feature input, not a model with a policy layer)",False,False,PROXY_NOT_A_MODEL_CLAIM,N/A,"This is a feature-engineering input INTO Lane A/B/C, not their output. Never cite as New Build's result."
2026-07-05,922293,Ayr,3.50,PASSPORT_STRENGTH_SCORE_PROXY,proxy_not_a_model,data/new_build/current_cards/current_card_passport_feed_2026_07_05.jsonl,passport_strength_score,descending (imposed; field has no native sort semantics),2,Langholm,1860060,0.5,8.0,4,False,False,"N/A (feature input, not a model with a policy layer)",False,False,PROXY_NOT_A_MODEL_CLAIM,N/A,"This is a feature-engineering input INTO Lane A/B/C, not their output. Never cite as New Build's result."
2026-07-05,922293,Ayr,3.50,PASSPORT_STRENGTH_SCORE_PROXY,proxy_not_a_model,data/new_build/current_cards/current_card_passport_feed_2026_07_05.jsonl,passport_strength_score,descending (imposed; field has no native sort semantics),3,Approaching Dawn,8183833,0.5,3.75,1,True,True,"N/A (feature input, not a model with a policy layer)",False,False,PROXY_NOT_A_MODEL_CLAIM,N/A,"This is a feature-engineering input INTO Lane A/B/C, not their output. Never cite as New Build's result."
2026-07-05,922117,Market Rasen,4.00,NEW_BUILD_LANE_A_MODEL,lane_a,data/new_build/reports/two_lane_readiness_2026_07_05.json,race_day_scorecards[].lane_a_top3.prob,descending,1,Regal Renaissance,4305460,0.317933,3.0,1,True,True,NO_EDGE,False,True,MODEL_HIT_POLICY_BLOCKED,N/A,Dashboard-visible via new_build_top3 (server reads lane_a_top3 only).
2026-07-05,922117,Market Rasen,4.00,NEW_BUILD_LANE_A_MODEL,lane_a,data/new_build/reports/two_lane_readiness_2026_07_05.json,race_day_scorecards[].lane_a_top3.prob,descending,2,Fringill Dike,3432677,0.218993,1.83,2,False,True,LOW_DATA,False,True,MODEL_MISS,N/A,Dashboard-visible via new_build_top3 (server reads lane_a_top3 only).
2026-07-05,922117,Market Rasen,4.00,NEW_BUILD_LANE_A_MODEL,lane_a,data/new_build/reports/two_lane_readiness_2026_07_05.json,race_day_scorecards[].lane_a_top3.prob,descending,3,Gateau De Miel,3292567,0.18645,4.5,3,False,True,NO_EDGE,False,True,MODEL_MISS,N/A,Dashboard-visible via new_build_top3 (server reads lane_a_top3 only).
2026-07-05,922117,Market Rasen,4.00,NEW_BUILD_LANE_B_MODEL,lane_b,data/new_build/reports/two_lane_readiness_2026_07_05.json,race_day_scorecards[].lane_b_top3.prob,descending,1,Fringill Dike,3432677,0.262579,1.83,2,False,True,LOW_DATA,False,False,MODEL_MISS,N/A,Not served by the live dashboard -- present only in this local readiness file.
2026-07-05,922117,Market Rasen,4.00,NEW_BUILD_LANE_B_MODEL,lane_b,data/new_build/reports/two_lane_readiness_2026_07_05.json,race_day_scorecards[].lane_b_top3.prob,descending,2,Regal Renaissance,4305460,0.238831,3.0,1,True,True,NO_EDGE,False,False,MODEL_HIT_POLICY_BLOCKED,N/A,Not served by the live dashboard -- present only in this local readiness file.
2026-07-05,922117,Market Rasen,4.00,NEW_BUILD_LANE_B_MODEL,lane_b,data/new_build/reports/two_lane_readiness_2026_07_05.json,race_day_scorecards[].lane_b_top3.prob,descending,3,Gateau De Miel,3292567,0.209642,4.5,3,False,True,NO_EDGE,False,False,MODEL_MISS,N/A,Not served by the live dashboard -- present only in this local readiness file.
2026-07-05,922117,Market Rasen,4.00,NEW_BUILD_LANE_C_MODEL,lane_c,data/new_build/reports/two_lane_readiness_2026_07_05.json,race_day_scorecards[].lane_c_top3.prob,descending,1,Regal Renaissance,4305460,0.627961,3.0,1,True,True,N/A (Lane C not policy-anchored),False,False,MODEL_HIT_POLICY_BLOCKED,N/A,Not served by the live dashboard -- present only in this local readiness file.
2026-07-05,922117,Market Rasen,4.00,NEW_BUILD_LANE_C_MODEL,lane_c,data/new_build/reports/two_lane_readiness_2026_07_05.json,race_day_scorecards[].lane_c_top3.prob,descending,2,Fringill Dike,3432677,0.620269,1.83,2,False,True,N/A (Lane C not policy-anchored),False,False,MODEL_MISS,N/A,Not served by the live dashboard -- present only in this local readiness file.
2026-07-05,922117,Market Rasen,4.00,NEW_BUILD_LANE_C_MODEL,lane_c,data/new_build/reports/two_lane_readiness_2026_07_05.json,race_day_scorecards[].lane_c_top3.prob,descending,3,Gateau De Miel,3292567,0.61964,4.5,3,False,True,N/A (Lane C not policy-anchored),False,False,MODEL_MISS,N/A,Not served by the live dashboard -- present only in this local readiness file.
2026-07-05,922117,Market Rasen,4.00,PASSPORT_STRENGTH_SCORE_PROXY,proxy_not_a_model,data/new_build/current_cards/current_card_passport_feed_2026_07_05.jsonl,passport_strength_score,descending (imposed; field has no native sort semantics),1,Regal Renaissance,4305460,3.0,3.0,1,True,True,"N/A (feature input, not a model with a policy layer)",False,False,PROXY_NOT_A_MODEL_CLAIM,N/A,"This is a feature-engineering input INTO Lane A/B/C, not their output. Never cite as New Build's result."
2026-07-05,922117,Market Rasen,4.00,PASSPORT_STRENGTH_SCORE_PROXY,proxy_not_a_model,data/new_build/current_cards/current_card_passport_feed_2026_07_05.jsonl,passport_strength_score,descending (imposed; field has no native sort semantics),2,Gateau De Miel,3292567,1.2,4.5,3,False,True,"N/A (feature input, not a model with a policy layer)",False,False,PROXY_NOT_A_MODEL_CLAIM,N/A,"This is a feature-engineering input INTO Lane A/B/C, not their output. Never cite as New Build's result."
2026-07-05,922117,Market Rasen,4.00,PASSPORT_STRENGTH_SCORE_PROXY,proxy_not_a_model,data/new_build/current_cards/current_card_passport_feed_2026_07_05.jsonl,passport_strength_score,descending (imposed; field has no native sort semantics),3,Fringill Dike,3432677,-1.0,1.83,2,False,True,"N/A (feature input, not a model with a policy layer)",False,False,PROXY_NOT_A_MODEL_CLAIM,N/A,"This is a feature-engineering input INTO Lane A/B/C, not their output. Never cite as New Build's result."
2026-07-05,921919,Southwell (AW),4.15,NEW_BUILD_LANE_A_MODEL,lane_a,data/new_build/reports/two_lane_readiness_2026_07_05.json,race_day_scorecards[].lane_a_top3.prob,descending,1,Naana's Sparkle,6229187,0.1226,7.0,1,True,True,NO_EDGE,False,True,MODEL_HIT_POLICY_BLOCKED,N/A,Dashboard-visible via new_build_top3 (server reads lane_a_top3 only).
2026-07-05,921919,Southwell (AW),4.15,NEW_BUILD_LANE_A_MODEL,lane_a,data/new_build/reports/two_lane_readiness_2026_07_05.json,race_day_scorecards[].lane_a_top3.prob,descending,2,Buzz Box,5202355,0.101808,17.0,9,False,False,LOW_DATA,False,True,MODEL_MISS,N/A,Dashboard-visible via new_build_top3 (server reads lane_a_top3 only).
2026-07-05,921919,Southwell (AW),4.15,NEW_BUILD_LANE_A_MODEL,lane_a,data/new_build/reports/two_lane_readiness_2026_07_05.json,race_day_scorecards[].lane_a_top3.prob,descending,3,Blinky,5878998,0.098204,10.0,4,False,False,SUPPRESS,False,True,MODEL_MISS,N/A,Dashboard-visible via new_build_top3 (server reads lane_a_top3 only).
2026-07-05,921919,Southwell (AW),4.15,NEW_BUILD_LANE_B_MODEL,lane_b,data/new_build/reports/two_lane_readiness_2026_07_05.json,race_day_scorecards[].lane_b_top3.prob,descending,1,Canon's House,6046660,0.105097,5.0,3,False,True,SUPPRESS,False,False,MODEL_MISS,N/A,Not served by the live dashboard -- present only in this local readiness file.
2026-07-05,921919,Southwell (AW),4.15,NEW_BUILD_LANE_B_MODEL,lane_b,data/new_build/reports/two_lane_readiness_2026_07_05.json,race_day_scorecards[].lane_b_top3.prob,descending,2,Naana's Sparkle,6229187,0.101584,7.0,1,True,True,NO_EDGE,False,False,MODEL_HIT_POLICY_BLOCKED,N/A,Not served by the live dashboard -- present only in this local readiness file.
2026-07-05,921919,Southwell (AW),4.15,NEW_BUILD_LANE_B_MODEL,lane_b,data/new_build/reports/two_lane_readiness_2026_07_05.json,race_day_scorecards[].lane_b_top3.prob,descending,3,Buzz Box,5202355,0.09844,17.0,9,False,False,LOW_DATA,False,False,MODEL_MISS,N/A,Not served by the live dashboard -- present only in this local readiness file.
2026-07-05,921919,Southwell (AW),4.15,NEW_BUILD_LANE_C_MODEL,lane_c,data/new_build/reports/two_lane_readiness_2026_07_05.json,race_day_scorecards[].lane_c_top3.prob,descending,1,Kylian,5021320,0.547411,4.0,6,False,False,N/A (Lane C not policy-anchored),False,False,MODEL_MISS,N/A,Not served by the live dashboard -- present only in this local readiness file.
2026-07-05,921919,Southwell (AW),4.15,NEW_BUILD_LANE_C_MODEL,lane_c,data/new_build/reports/two_lane_readiness_2026_07_05.json,race_day_scorecards[].lane_c_top3.prob,descending,2,Tropical Storm,5708925,0.547037,8.5,5,False,False,N/A (Lane C not policy-anchored),False,False,MODEL_MISS,N/A,Not served by the live dashboard -- present only in this local readiness file.
2026-07-05,921919,Southwell (AW),4.15,NEW_BUILD_LANE_C_MODEL,lane_c,data/new_build/reports/two_lane_readiness_2026_07_05.json,race_day_scorecards[].lane_c_top3.prob,descending,3,Buzz Box,5202355,0.546817,17.0,9,False,False,N/A (Lane C not policy-anchored),False,False,MODEL_MISS,N/A,Not served by the live dashboard -- present only in this local readiness file.
2026-07-05,921919,Southwell (AW),4.15,PASSPORT_STRENGTH_SCORE_PROXY,proxy_not_a_model,data/new_build/current_cards/current_card_passport_feed_2026_07_05.jsonl,passport_strength_score,descending (imposed; field has no native sort semantics),1,Naana's Sparkle,6229187,3.2,7.0,1,True,True,"N/A (feature input, not a model with a policy layer)",False,False,PROXY_NOT_A_MODEL_CLAIM,N/A,"This is a feature-engineering input INTO Lane A/B/C, not their output. Never cite as New Build's result."
2026-07-05,921919,Southwell (AW),4.15,PASSPORT_STRENGTH_SCORE_PROXY,proxy_not_a_model,data/new_build/current_cards/current_card_passport_feed_2026_07_05.jsonl,passport_strength_score,descending (imposed; field has no native sort semantics),2,Kylian,5021320,2.7047,4.0,6,False,False,"N/A (feature input, not a model with a policy layer)",False,False,PROXY_NOT_A_MODEL_CLAIM,N/A,"This is a feature-engineering input INTO Lane A/B/C, not their output. Never cite as New Build's result."
2026-07-05,921919,Southwell (AW),4.15,PASSPORT_STRENGTH_SCORE_PROXY,proxy_not_a_model,data/new_build/current_cards/current_card_passport_feed_2026_07_05.jsonl,passport_strength_score,descending (imposed; field has no native sort semantics),3,Blinky,5878998,0.65,10.0,4,False,False,"N/A (feature input, not a model with a policy layer)",False,False,PROXY_NOT_A_MODEL_CLAIM,N/A,"This is a feature-engineering input INTO Lane A/B/C, not their output. Never cite as New Build's result."
2026-07-05,922292,Ayr,4.25,NEW_BUILD_LANE_A_MODEL,lane_a,data/new_build/reports/two_lane_readiness_2026_07_05.json,race_day_scorecards[].lane_a_top3.prob,descending,1,Uncle Liam,6465252,0.141599,13.0,4,False,False,NO_EDGE,False,True,MODEL_MISS,N/A,Dashboard-visible via new_build_top3 (server reads lane_a_top3 only).
2026-07-05,922292,Ayr,4.25,NEW_BUILD_LANE_A_MODEL,lane_a,data/new_build/reports/two_lane_readiness_2026_07_05.json,race_day_scorecards[].lane_a_top3.prob,descending,2,Recobella,6741632,0.125477,4.5,1,True,True,NO_EDGE,False,True,MODEL_HIT_POLICY_BLOCKED,N/A,Dashboard-visible via new_build_top3 (server reads lane_a_top3 only).
2026-07-05,922292,Ayr,4.25,NEW_BUILD_LANE_A_MODEL,lane_a,data/new_build/reports/two_lane_readiness_2026_07_05.json,race_day_scorecards[].lane_a_top3.prob,descending,3,Zebra Star,4303336,0.110305,6.5,9,False,False,SUPPRESS,False,True,MODEL_MISS,N/A,Dashboard-visible via new_build_top3 (server reads lane_a_top3 only).
2026-07-05,922292,Ayr,4.25,NEW_BUILD_LANE_B_MODEL,lane_b,data/new_build/reports/two_lane_readiness_2026_07_05.json,race_day_scorecards[].lane_b_top3.prob,descending,1,Uncle Liam,6465252,0.119142,13.0,4,False,False,NO_EDGE,False,False,MODEL_MISS,N/A,Not served by the live dashboard -- present only in this local readiness file.
2026-07-05,922292,Ayr,4.25,NEW_BUILD_LANE_B_MODEL,lane_b,data/new_build/reports/two_lane_readiness_2026_07_05.json,race_day_scorecards[].lane_b_top3.prob,descending,2,Recobella,6741632,0.104602,4.5,1,True,True,NO_EDGE,False,False,MODEL_HIT_POLICY_BLOCKED,N/A,Not served by the live dashboard -- present only in this local readiness file.
2026-07-05,922292,Ayr,4.25,NEW_BUILD_LANE_B_MODEL,lane_b,data/new_build/reports/two_lane_readiness_2026_07_05.json,race_day_scorecards[].lane_b_top3.prob,descending,3,Zebra Star,4303336,0.089595,6.5,9,False,False,SUPPRESS,False,False,MODEL_MISS,N/A,Not served by the live dashboard -- present only in this local readiness file.
2026-07-05,922292,Ayr,4.25,NEW_BUILD_LANE_C_MODEL,lane_c,data/new_build/reports/two_lane_readiness_2026_07_05.json,race_day_scorecards[].lane_c_top3.prob,descending,1,Uncle Liam,6465252,0.544018,13.0,4,False,False,N/A (Lane C not policy-anchored),False,False,MODEL_MISS,N/A,Not served by the live dashboard -- present only in this local readiness file.
2026-07-05,922292,Ayr,4.25,NEW_BUILD_LANE_C_MODEL,lane_c,data/new_build/reports/two_lane_readiness_2026_07_05.json,race_day_scorecards[].lane_c_top3.prob,descending,2,Recobella,6741632,0.543161,4.5,1,True,True,N/A (Lane C not policy-anchored),False,False,MODEL_HIT_POLICY_BLOCKED,N/A,Not served by the live dashboard -- present only in this local readiness file.
2026-07-05,922292,Ayr,4.25,NEW_BUILD_LANE_C_MODEL,lane_c,data/new_build/reports/two_lane_readiness_2026_07_05.json,race_day_scorecards[].lane_c_top3.prob,descending,3,Zebra Star,4303336,0.54143,6.5,9,False,False,N/A (Lane C not policy-anchored),False,False,MODEL_MISS,N/A,Not served by the live dashboard -- present only in this local readiness file.
2026-07-05,922292,Ayr,4.25,PASSPORT_STRENGTH_SCORE_PROXY,proxy_not_a_model,data/new_build/current_cards/current_card_passport_feed_2026_07_05.jsonl,passport_strength_score,descending (imposed; field has no native sort semantics),1,Recobella,6741632,1.8,4.5,1,True,True,"N/A (feature input, not a model with a policy layer)",False,False,PROXY_NOT_A_MODEL_CLAIM,N/A,"This is a feature-engineering input INTO Lane A/B/C, not their output. Never cite as New Build's result."
2026-07-05,922292,Ayr,4.25,PASSPORT_STRENGTH_SCORE_PROXY,proxy_not_a_model,data/new_build/current_cards/current_card_passport_feed_2026_07_05.jsonl,passport_strength_score,descending (imposed; field has no native sort semantics),2,Uncle Liam,6465252,1.7,13.0,4,False,False,"N/A (feature input, not a model with a policy layer)",False,False,PROXY_NOT_A_MODEL_CLAIM,N/A,"This is a feature-engineering input INTO Lane A/B/C, not their output. Never cite as New Build's result."
2026-07-05,922292,Ayr,4.25,PASSPORT_STRENGTH_SCORE_PROXY,proxy_not_a_model,data/new_build/current_cards/current_card_passport_feed_2026_07_05.jsonl,passport_strength_score,descending (imposed; field has no native sort semantics),3,Mr Withington,6881400,1.15,7.0,6,False,False,"N/A (feature input, not a model with a policy layer)",False,False,PROXY_NOT_A_MODEL_CLAIM,N/A,"This is a feature-engineering input INTO Lane A/B/C, not their output. Never cite as New Build's result."
2026-07-05,922120,Market Rasen,4.35,NEW_BUILD_LANE_A_MODEL,lane_a,data/new_build/reports/two_lane_readiness_2026_07_05.json,race_day_scorecards[].lane_a_top3.prob,descending,1,Queens Wish,5385907,0.1257,7.5,PU,False,False,NO_EDGE,False,True,MODEL_MISS,N/A,Dashboard-visible via new_build_top3 (server reads lane_a_top3 only).
2026-07-05,922120,Market Rasen,4.35,NEW_BUILD_LANE_A_MODEL,lane_a,data/new_build/reports/two_lane_readiness_2026_07_05.json,race_day_scorecards[].lane_a_top3.prob,descending,2,Huckleberry Sting,5343986,0.108909,4.0,1,True,True,NO_EDGE,False,True,MODEL_HIT_POLICY_BLOCKED,N/A,Dashboard-visible via new_build_top3 (server reads lane_a_top3 only).
2026-07-05,922120,Market Rasen,4.35,NEW_BUILD_LANE_A_MODEL,lane_a,data/new_build/reports/two_lane_readiness_2026_07_05.json,race_day_scorecards[].lane_a_top3.prob,descending,3,Just A Memory,5023488,0.106537,19.0,PU,False,False,SUPPRESS,False,True,MODEL_MISS,N/A,Dashboard-visible via new_build_top3 (server reads lane_a_top3 only).
2026-07-05,922120,Market Rasen,4.35,NEW_BUILD_LANE_B_MODEL,lane_b,data/new_build/reports/two_lane_readiness_2026_07_05.json,race_day_scorecards[].lane_b_top3.prob,descending,1,Queens Wish,5385907,0.120883,7.5,PU,False,False,NO_EDGE,False,False,MODEL_MISS,N/A,Not served by the live dashboard -- present only in this local readiness file.
2026-07-05,922120,Market Rasen,4.35,NEW_BUILD_LANE_B_MODEL,lane_b,data/new_build/reports/two_lane_readiness_2026_07_05.json,race_day_scorecards[].lane_b_top3.prob,descending,2,Ballydisco,3458001,0.113135,5.5,PU,False,False,SUPPRESS,False,False,MODEL_MISS,N/A,Not served by the live dashboard -- present only in this local readiness file.
2026-07-05,922120,Market Rasen,4.35,NEW_BUILD_LANE_B_MODEL,lane_b,data/new_build/reports/two_lane_readiness_2026_07_05.json,race_day_scorecards[].lane_b_top3.prob,descending,3,Zestful Hope,3935882,0.101179,12.0,PU,False,False,NO_EDGE,False,False,MODEL_MISS,N/A,Not served by the live dashboard -- present only in this local readiness file.
2026-07-05,922120,Market Rasen,4.35,NEW_BUILD_LANE_C_MODEL,lane_c,data/new_build/reports/two_lane_readiness_2026_07_05.json,race_day_scorecards[].lane_c_top3.prob,descending,1,Queens Wish,5385907,0.561812,7.5,PU,False,False,N/A (Lane C not policy-anchored),False,False,MODEL_MISS,N/A,Not served by the live dashboard -- present only in this local readiness file.
2026-07-05,922120,Market Rasen,4.35,NEW_BUILD_LANE_C_MODEL,lane_c,data/new_build/reports/two_lane_readiness_2026_07_05.json,race_day_scorecards[].lane_c_top3.prob,descending,2,Galway Reel,5445490,0.554028,3.75,2,False,True,N/A (Lane C not policy-anchored),False,False,MODEL_MISS,N/A,Not served by the live dashboard -- present only in this local readiness file.
2026-07-05,922120,Market Rasen,4.35,NEW_BUILD_LANE_C_MODEL,lane_c,data/new_build/reports/two_lane_readiness_2026_07_05.json,race_day_scorecards[].lane_c_top3.prob,descending,3,Zestful Hope,3935882,0.553133,12.0,PU,False,False,N/A (Lane C not policy-anchored),False,False,MODEL_MISS,N/A,Not served by the live dashboard -- present only in this local readiness file.
2026-07-05,922120,Market Rasen,4.35,PASSPORT_STRENGTH_SCORE_PROXY,proxy_not_a_model,data/new_build/current_cards/current_card_passport_feed_2026_07_05.jsonl,passport_strength_score,descending (imposed; field has no native sort semantics),1,Huckleberry Sting,5343986,2.825,4.0,1,True,True,"N/A (feature input, not a model with a policy layer)",False,False,PROXY_NOT_A_MODEL_CLAIM,N/A,"This is a feature-engineering input INTO Lane A/B/C, not their output. Never cite as New Build's result."
2026-07-05,922120,Market Rasen,4.35,PASSPORT_STRENGTH_SCORE_PROXY,proxy_not_a_model,data/new_build/current_cards/current_card_passport_feed_2026_07_05.jsonl,passport_strength_score,descending (imposed; field has no native sort semantics),2,Queens Wish,5385907,2.2,7.5,PU,False,False,"N/A (feature input, not a model with a policy layer)",False,False,PROXY_NOT_A_MODEL_CLAIM,N/A,"This is a feature-engineering input INTO Lane A/B/C, not their output. Never cite as New Build's result."
2026-07-05,922120,Market Rasen,4.35,PASSPORT_STRENGTH_SCORE_PROXY,proxy_not_a_model,data/new_build/current_cards/current_card_passport_feed_2026_07_05.jsonl,passport_strength_score,descending (imposed; field has no native sort semantics),3,Just A Memory,5023488,2.1,19.0,PU,False,False,"N/A (feature input, not a model with a policy layer)",False,False,PROXY_NOT_A_MODEL_CLAIM,N/A,"This is a feature-engineering input INTO Lane A/B/C, not their output. Never cite as New Build's result."
2026-07-05,921916,Southwell (AW),4.50,NEW_BUILD_LANE_A_MODEL,lane_a,data/new_build/reports/two_lane_readiness_2026_07_05.json,race_day_scorecards[].lane_a_top3.prob,descending,1,Premier,6410536,0.196895,7.5,3,False,True,FRAME_TRUST,True,True,MODEL_MISS,N/A,Dashboard-visible via new_build_top3 (server reads lane_a_top3 only).
2026-07-05,921916,Southwell (AW),4.50,NEW_BUILD_LANE_A_MODEL,lane_a,data/new_build/reports/two_lane_readiness_2026_07_05.json,race_day_scorecards[].lane_a_top3.prob,descending,2,Shushi,7947747,0.165757,9.5,2,False,True,NO_EDGE,False,True,MODEL_MISS,N/A,Dashboard-visible via new_build_top3 (server reads lane_a_top3 only).
2026-07-05,921916,Southwell (AW),4.50,NEW_BUILD_LANE_A_MODEL,lane_a,data/new_build/reports/two_lane_readiness_2026_07_05.json,race_day_scorecards[].lane_a_top3.prob,descending,3,Baltic,5047955,0.145419,15.0,6,False,False,NO_EDGE,False,True,MODEL_MISS,N/A,Dashboard-visible via new_build_top3 (server reads lane_a_top3 only).
2026-07-05,921916,Southwell (AW),4.50,NEW_BUILD_LANE_B_MODEL,lane_b,data/new_build/reports/two_lane_readiness_2026_07_05.json,race_day_scorecards[].lane_b_top3.prob,descending,1,Premier,6410536,0.193061,7.5,3,False,True,FRAME_TRUST,True,False,MODEL_MISS,N/A,Not served by the live dashboard -- present only in this local readiness file.
2026-07-05,921916,Southwell (AW),4.50,NEW_BUILD_LANE_B_MODEL,lane_b,data/new_build/reports/two_lane_readiness_2026_07_05.json,race_day_scorecards[].lane_b_top3.prob,descending,2,Shushi,7947747,0.176926,9.5,2,False,True,NO_EDGE,False,False,MODEL_MISS,N/A,Not served by the live dashboard -- present only in this local readiness file.
2026-07-05,921916,Southwell (AW),4.50,NEW_BUILD_LANE_B_MODEL,lane_b,data/new_build/reports/two_lane_readiness_2026_07_05.json,race_day_scorecards[].lane_b_top3.prob,descending,3,John Galt,8520787,0.135694,3.5,5,False,False,SUPPRESS,False,False,MODEL_MISS,N/A,Not served by the live dashboard -- present only in this local readiness file.
2026-07-05,921916,Southwell (AW),4.50,NEW_BUILD_LANE_C_MODEL,lane_c,data/new_build/reports/two_lane_readiness_2026_07_05.json,race_day_scorecards[].lane_c_top3.prob,descending,1,Premier,6410536,0.573331,7.5,3,False,True,N/A (Lane C not policy-anchored),False,False,MODEL_MISS,N/A,Not served by the live dashboard -- present only in this local readiness file.
2026-07-05,921916,Southwell (AW),4.50,NEW_BUILD_LANE_C_MODEL,lane_c,data/new_build/reports/two_lane_readiness_2026_07_05.json,race_day_scorecards[].lane_c_top3.prob,descending,2,Shushi,7947747,0.566207,9.5,2,False,True,N/A (Lane C not policy-anchored),False,False,MODEL_MISS,N/A,Not served by the live dashboard -- present only in this local readiness file.
2026-07-05,921916,Southwell (AW),4.50,NEW_BUILD_LANE_C_MODEL,lane_c,data/new_build/reports/two_lane_readiness_2026_07_05.json,race_day_scorecards[].lane_c_top3.prob,descending,3,Baltic,5047955,0.559679,15.0,6,False,False,N/A (Lane C not policy-anchored),False,False,MODEL_MISS,N/A,Not served by the live dashboard -- present only in this local readiness file.
2026-07-05,921916,Southwell (AW),4.50,PASSPORT_STRENGTH_SCORE_PROXY,proxy_not_a_model,data/new_build/current_cards/current_card_passport_feed_2026_07_05.jsonl,passport_strength_score,descending (imposed; field has no native sort semantics),1,Premier,6410536,2.9,7.5,3,False,True,"N/A (feature input, not a model with a policy layer)",False,False,PROXY_NOT_A_MODEL_CLAIM,N/A,"This is a feature-engineering input INTO Lane A/B/C, not their output. Never cite as New Build's result."
2026-07-05,921916,Southwell (AW),4.50,PASSPORT_STRENGTH_SCORE_PROXY,proxy_not_a_model,data/new_build/current_cards/current_card_passport_feed_2026_07_05.jsonl,passport_strength_score,descending (imposed; field has no native sort semantics),2,Shushi,7947747,0.95,9.5,2,False,True,"N/A (feature input, not a model with a policy layer)",False,False,PROXY_NOT_A_MODEL_CLAIM,N/A,"This is a feature-engineering input INTO Lane A/B/C, not their output. Never cite as New Build's result."
2026-07-05,921916,Southwell (AW),4.50,PASSPORT_STRENGTH_SCORE_PROXY,proxy_not_a_model,data/new_build/current_cards/current_card_passport_feed_2026_07_05.jsonl,passport_strength_score,descending (imposed; field has no native sort semantics),3,Baltic,5047955,0.9,15.0,6,False,False,"N/A (feature input, not a model with a policy layer)",False,False,PROXY_NOT_A_MODEL_CLAIM,N/A,"This is a feature-engineering input INTO Lane A/B/C, not their output. Never cite as New Build's result."
2026-07-05,922288,Ayr,5.00,NEW_BUILD_LANE_A_MODEL,lane_a,data/new_build/reports/two_lane_readiness_2026_07_05.json,race_day_scorecards[].lane_a_top3.prob,descending,1,Celeborn,6032317,0.132212,4.5,5,False,False,SUPPRESS,False,True,MODEL_MISS,N/A,Dashboard-visible via new_build_top3 (server reads lane_a_top3 only).
2026-07-05,922288,Ayr,5.00,NEW_BUILD_LANE_A_MODEL,lane_a,data/new_build/reports/two_lane_readiness_2026_07_05.json,race_day_scorecards[].lane_a_top3.prob,descending,2,Monoceros,8009420,0.12712,34.0,9,False,False,SUPPRESS,False,True,MODEL_MISS,N/A,Dashboard-visible via new_build_top3 (server reads lane_a_top3 only).
2026-07-05,922288,Ayr,5.00,NEW_BUILD_LANE_A_MODEL,lane_a,data/new_build/reports/two_lane_readiness_2026_07_05.json,race_day_scorecards[].lane_a_top3.prob,descending,3,Leadenhall,4559928,0.123721,9.0,4,False,False,SUPPRESS,False,True,MODEL_MISS,N/A,Dashboard-visible via new_build_top3 (server reads lane_a_top3 only).
2026-07-05,922288,Ayr,5.00,NEW_BUILD_LANE_B_MODEL,lane_b,data/new_build/reports/two_lane_readiness_2026_07_05.json,race_day_scorecards[].lane_b_top3.prob,descending,1,Monoceros,8009420,0.097881,34.0,9,False,False,SUPPRESS,False,False,MODEL_MISS,N/A,Not served by the live dashboard -- present only in this local readiness file.
2026-07-05,922288,Ayr,5.00,NEW_BUILD_LANE_B_MODEL,lane_b,data/new_build/reports/two_lane_readiness_2026_07_05.json,race_day_scorecards[].lane_b_top3.prob,descending,2,Leadenhall,4559928,0.091444,9.0,4,False,False,SUPPRESS,False,False,MODEL_MISS,N/A,Not served by the live dashboard -- present only in this local readiness file.
2026-07-05,922288,Ayr,5.00,NEW_BUILD_LANE_B_MODEL,lane_b,data/new_build/reports/two_lane_readiness_2026_07_05.json,race_day_scorecards[].lane_b_top3.prob,descending,3,Celeborn,6032317,0.091044,4.5,5,False,False,SUPPRESS,False,False,MODEL_MISS,N/A,Not served by the live dashboard -- present only in this local readiness file.
2026-07-05,922288,Ayr,5.00,NEW_BUILD_LANE_C_MODEL,lane_c,data/new_build/reports/two_lane_readiness_2026_07_05.json,race_day_scorecards[].lane_c_top3.prob,descending,1,Brigid's Well,7900595,0.544478,17.0,6,False,False,N/A (Lane C not policy-anchored),False,False,MODEL_MISS,N/A,Not served by the live dashboard -- present only in this local readiness file.
2026-07-05,922288,Ayr,5.00,NEW_BUILD_LANE_C_MODEL,lane_c,data/new_build/reports/two_lane_readiness_2026_07_05.json,race_day_scorecards[].lane_c_top3.prob,descending,2,Celeborn,6032317,0.544096,4.5,5,False,False,N/A (Lane C not policy-anchored),False,False,MODEL_MISS,N/A,Not served by the live dashboard -- present only in this local readiness file.
2026-07-05,922288,Ayr,5.00,NEW_BUILD_LANE_C_MODEL,lane_c,data/new_build/reports/two_lane_readiness_2026_07_05.json,race_day_scorecards[].lane_c_top3.prob,descending,3,Salam Dubawi,7160449,0.543395,23.0,3,False,True,N/A (Lane C not policy-anchored),False,False,MODEL_MISS,N/A,Not served by the live dashboard -- present only in this local readiness file.
2026-07-05,922288,Ayr,5.00,PASSPORT_STRENGTH_SCORE_PROXY,proxy_not_a_model,data/new_build/current_cards/current_card_passport_feed_2026_07_05.jsonl,passport_strength_score,descending (imposed; field has no native sort semantics),1,Celeborn,6032317,3.45,4.5,5,False,False,"N/A (feature input, not a model with a policy layer)",False,False,PROXY_NOT_A_MODEL_CLAIM,N/A,"This is a feature-engineering input INTO Lane A/B/C, not their output. Never cite as New Build's result."
2026-07-05,922288,Ayr,5.00,PASSPORT_STRENGTH_SCORE_PROXY,proxy_not_a_model,data/new_build/current_cards/current_card_passport_feed_2026_07_05.jsonl,passport_strength_score,descending (imposed; field has no native sort semantics),2,Monoceros,8009420,2.325,34.0,9,False,False,"N/A (feature input, not a model with a policy layer)",False,False,PROXY_NOT_A_MODEL_CLAIM,N/A,"This is a feature-engineering input INTO Lane A/B/C, not their output. Never cite as New Build's result."
2026-07-05,922288,Ayr,5.00,PASSPORT_STRENGTH_SCORE_PROXY,proxy_not_a_model,data/new_build/current_cards/current_card_passport_feed_2026_07_05.jsonl,passport_strength_score,descending (imposed; field has no native sort semantics),3,Walsingham,4420163,2.3,9.5,10,False,False,"N/A (feature input, not a model with a policy layer)",False,False,PROXY_NOT_A_MODEL_CLAIM,N/A,"This is a feature-engineering input INTO Lane A/B/C, not their output. Never cite as New Build's result."
2026-07-05,922122,Market Rasen,5.10,NEW_BUILD_LANE_A_MODEL,lane_a,data/new_build/reports/two_lane_readiness_2026_07_05.json,race_day_scorecards[].lane_a_top3.prob,descending,1,Zandahar,9051061,0.113167,9.0,6,False,False,SUPPRESS,False,True,MODEL_MISS,N/A,Dashboard-visible via new_build_top3 (server reads lane_a_top3 only).
2026-07-05,922122,Market Rasen,5.10,NEW_BUILD_LANE_A_MODEL,lane_a,data/new_build/reports/two_lane_readiness_2026_07_05.json,race_day_scorecards[].lane_a_top3.prob,descending,2,Don De La Frontera,8913420,0.104098,10.0,7,False,False,LOW_DATA,False,True,MODEL_MISS,N/A,Dashboard-visible via new_build_top3 (server reads lane_a_top3 only).
2026-07-05,922122,Market Rasen,5.10,NEW_BUILD_LANE_A_MODEL,lane_a,data/new_build/reports/two_lane_readiness_2026_07_05.json,race_day_scorecards[].lane_a_top3.prob,descending,3,Ifyouhaveaplan,9051007,0.104098,34.0,5,False,False,LOW_DATA,False,True,MODEL_MISS,N/A,Dashboard-visible via new_build_top3 (server reads lane_a_top3 only).
2026-07-05,922122,Market Rasen,5.10,NEW_BUILD_LANE_B_MODEL,lane_b,data/new_build/reports/two_lane_readiness_2026_07_05.json,race_day_scorecards[].lane_b_top3.prob,descending,1,Litaque,7529867,0.098169,8.0,2,False,True,SUPPRESS,False,False,MODEL_MISS,N/A,Not served by the live dashboard -- present only in this local readiness file.
2026-07-05,922122,Market Rasen,5.10,NEW_BUILD_LANE_B_MODEL,lane_b,data/new_build/reports/two_lane_readiness_2026_07_05.json,race_day_scorecards[].lane_b_top3.prob,descending,2,Don De La Frontera,8913420,0.093796,10.0,7,False,False,LOW_DATA,False,False,MODEL_MISS,N/A,Not served by the live dashboard -- present only in this local readiness file.
2026-07-05,922122,Market Rasen,5.10,NEW_BUILD_LANE_B_MODEL,lane_b,data/new_build/reports/two_lane_readiness_2026_07_05.json,race_day_scorecards[].lane_b_top3.prob,descending,3,Ifyouhaveaplan,9051007,0.093796,34.0,5,False,False,LOW_DATA,False,False,MODEL_MISS,N/A,Not served by the live dashboard -- present only in this local readiness file.
2026-07-05,922122,Market Rasen,5.10,NEW_BUILD_LANE_C_MODEL,lane_c,data/new_build/reports/two_lane_readiness_2026_07_05.json,race_day_scorecards[].lane_c_top3.prob,descending,1,Don De La Frontera,8913420,0.544333,10.0,7,False,False,N/A (Lane C not policy-anchored),False,False,MODEL_MISS,N/A,Not served by the live dashboard -- present only in this local readiness file.
2026-07-05,922122,Market Rasen,5.10,NEW_BUILD_LANE_C_MODEL,lane_c,data/new_build/reports/two_lane_readiness_2026_07_05.json,race_day_scorecards[].lane_c_top3.prob,descending,2,Ifyouhaveaplan,9051007,0.544333,34.0,5,False,False,N/A (Lane C not policy-anchored),False,False,MODEL_MISS,N/A,Not served by the live dashboard -- present only in this local readiness file.
2026-07-05,922122,Market Rasen,5.10,NEW_BUILD_LANE_C_MODEL,lane_c,data/new_build/reports/two_lane_readiness_2026_07_05.json,race_day_scorecards[].lane_c_top3.prob,descending,3,Masterius,9217611,0.543343,2.0,3,False,True,N/A (Lane C not policy-anchored),False,False,MODEL_MISS,N/A,Not served by the live dashboard -- present only in this local readiness file.
2026-07-05,922122,Market Rasen,5.10,PASSPORT_STRENGTH_SCORE_PROXY,proxy_not_a_model,data/new_build/current_cards/current_card_passport_feed_2026_07_05.jsonl,passport_strength_score,descending (imposed; field has no native sort semantics),1,Zandahar,9051061,2.05,9.0,6,False,False,"N/A (feature input, not a model with a policy layer)",False,False,PROXY_NOT_A_MODEL_CLAIM,N/A,"This is a feature-engineering input INTO Lane A/B/C, not their output. Never cite as New Build's result."
2026-07-05,922122,Market Rasen,5.10,PASSPORT_STRENGTH_SCORE_PROXY,proxy_not_a_model,data/new_build/current_cards/current_card_passport_feed_2026_07_05.jsonl,passport_strength_score,descending (imposed; field has no native sort semantics),2,Parish Girl,9290870,2.05,41.0,4,False,False,"N/A (feature input, not a model with a policy layer)",False,False,PROXY_NOT_A_MODEL_CLAIM,N/A,"This is a feature-engineering input INTO Lane A/B/C, not their output. Never cite as New Build's result."
2026-07-05,922122,Market Rasen,5.10,PASSPORT_STRENGTH_SCORE_PROXY,proxy_not_a_model,data/new_build/current_cards/current_card_passport_feed_2026_07_05.jsonl,passport_strength_score,descending (imposed; field has no native sort semantics),3,Guerdale,9281131,0.3,151.0,8,False,False,"N/A (feature input, not a model with a policy layer)",False,False,PROXY_NOT_A_MODEL_CLAIM,N/A,"This is a feature-engineering input INTO Lane A/B/C, not their output. Never cite as New Build's result."
2026-07-05,921920,Southwell (AW),5.25,NEW_BUILD_LANE_A_MODEL,lane_a,data/new_build/reports/two_lane_readiness_2026_07_05.json,race_day_scorecards[].lane_a_top3.prob,descending,1,Club Class,6550750,0.231392,2.75,2,False,True,FRAME_TRUST,True,True,MODEL_MISS,N/A,Dashboard-visible via new_build_top3 (server reads lane_a_top3 only).
2026-07-05,921920,Southwell (AW),5.25,NEW_BUILD_LANE_A_MODEL,lane_a,data/new_build/reports/two_lane_readiness_2026_07_05.json,race_day_scorecards[].lane_a_top3.prob,descending,2,Aulis,5394042,0.1917,26.0,6,False,False,NO_EDGE,False,True,MODEL_MISS,N/A,Dashboard-visible via new_build_top3 (server reads lane_a_top3 only).
2026-07-05,921920,Southwell (AW),5.25,NEW_BUILD_LANE_A_MODEL,lane_a,data/new_build/reports/two_lane_readiness_2026_07_05.json,race_day_scorecards[].lane_a_top3.prob,descending,3,Jupiter Ammon,7426996,0.182948,4.33,7,False,False,NO_EDGE,False,True,MODEL_MISS,N/A,Dashboard-visible via new_build_top3 (server reads lane_a_top3 only).
2026-07-05,921920,Southwell (AW),5.25,NEW_BUILD_LANE_B_MODEL,lane_b,data/new_build/reports/two_lane_readiness_2026_07_05.json,race_day_scorecards[].lane_b_top3.prob,descending,1,Club Class,6550750,0.185336,2.75,2,False,True,FRAME_TRUST,True,False,MODEL_MISS,N/A,Not served by the live dashboard -- present only in this local readiness file.
2026-07-05,921920,Southwell (AW),5.25,NEW_BUILD_LANE_B_MODEL,lane_b,data/new_build/reports/two_lane_readiness_2026_07_05.json,race_day_scorecards[].lane_b_top3.prob,descending,2,Jupiter Ammon,7426996,0.173946,4.33,7,False,False,NO_EDGE,False,False,MODEL_MISS,N/A,Not served by the live dashboard -- present only in this local readiness file.
2026-07-05,921920,Southwell (AW),5.25,NEW_BUILD_LANE_B_MODEL,lane_b,data/new_build/reports/two_lane_readiness_2026_07_05.json,race_day_scorecards[].lane_b_top3.prob,descending,3,Aulis,5394042,0.131427,26.0,6,False,False,NO_EDGE,False,False,MODEL_MISS,N/A,Not served by the live dashboard -- present only in this local readiness file.
2026-07-05,921920,Southwell (AW),5.25,NEW_BUILD_LANE_C_MODEL,lane_c,data/new_build/reports/two_lane_readiness_2026_07_05.json,race_day_scorecards[].lane_c_top3.prob,descending,1,Jupiter Ammon,7426996,0.56631,4.33,7,False,False,N/A (Lane C not policy-anchored),False,False,MODEL_MISS,N/A,Not served by the live dashboard -- present only in this local readiness file.
2026-07-05,921920,Southwell (AW),5.25,NEW_BUILD_LANE_C_MODEL,lane_c,data/new_build/reports/two_lane_readiness_2026_07_05.json,race_day_scorecards[].lane_c_top3.prob,descending,2,Club Class,6550750,0.563293,2.75,2,False,True,N/A (Lane C not policy-anchored),False,False,MODEL_MISS,N/A,Not served by the live dashboard -- present only in this local readiness file.
2026-07-05,921920,Southwell (AW),5.25,NEW_BUILD_LANE_C_MODEL,lane_c,data/new_build/reports/two_lane_readiness_2026_07_05.json,race_day_scorecards[].lane_c_top3.prob,descending,3,Northwest Passage,6587053,0.559415,7.5,5,False,False,N/A (Lane C not policy-anchored),False,False,MODEL_MISS,N/A,Not served by the live dashboard -- present only in this local readiness file.
2026-07-05,921920,Southwell (AW),5.25,PASSPORT_STRENGTH_SCORE_PROXY,proxy_not_a_model,data/new_build/current_cards/current_card_passport_feed_2026_07_05.jsonl,passport_strength_score,descending (imposed; field has no native sort semantics),1,Aulis,5394042,3.8,26.0,6,False,False,"N/A (feature input, not a model with a policy layer)",False,False,PROXY_NOT_A_MODEL_CLAIM,N/A,"This is a feature-engineering input INTO Lane A/B/C, not their output. Never cite as New Build's result."
2026-07-05,921920,Southwell (AW),5.25,PASSPORT_STRENGTH_SCORE_PROXY,proxy_not_a_model,data/new_build/current_cards/current_card_passport_feed_2026_07_05.jsonl,passport_strength_score,descending (imposed; field has no native sort semantics),2,Club Class,6550750,3.1,2.75,2,False,True,"N/A (feature input, not a model with a policy layer)",False,False,PROXY_NOT_A_MODEL_CLAIM,N/A,"This is a feature-engineering input INTO Lane A/B/C, not their output. Never cite as New Build's result."
2026-07-05,921920,Southwell (AW),5.25,PASSPORT_STRENGTH_SCORE_PROXY,proxy_not_a_model,data/new_build/current_cards/current_card_passport_feed_2026_07_05.jsonl,passport_strength_score,descending (imposed; field has no native sort semantics),3,Jupiter Ammon,7426996,2.9,4.33,7,False,False,"N/A (feature input, not a model with a policy layer)",False,False,PROXY_NOT_A_MODEL_CLAIM,N/A,"This is a feature-engineering input INTO Lane A/B/C, not their output. Never cite as New Build's result."
2026-07-05,922294,Ayr,5.35,NEW_BUILD_LANE_A_MODEL,lane_a,data/new_build/reports/two_lane_readiness_2026_07_05.json,race_day_scorecards[].lane_a_top3.prob,descending,1,Penny Mountain,6027933,0.130465,12.0,5,False,False,NO_EDGE,False,True,MODEL_MISS,N/A,Dashboard-visible via new_build_top3 (server reads lane_a_top3 only).
2026-07-05,922294,Ayr,5.35,NEW_BUILD_LANE_A_MODEL,lane_a,data/new_build/reports/two_lane_readiness_2026_07_05.json,race_day_scorecards[].lane_a_top3.prob,descending,2,Ramon Di Loria,3177303,0.1143,11.0,3,False,True,SUPPRESS,False,True,MODEL_MISS,N/A,Dashboard-visible via new_build_top3 (server reads lane_a_top3 only).
2026-07-05,922294,Ayr,5.35,NEW_BUILD_LANE_A_MODEL,lane_a,data/new_build/reports/two_lane_readiness_2026_07_05.json,race_day_scorecards[].lane_a_top3.prob,descending,3,Monhammer,3499387,0.100664,6.0,4,False,False,SUPPRESS,False,True,MODEL_MISS,N/A,Dashboard-visible via new_build_top3 (server reads lane_a_top3 only).
2026-07-05,922294,Ayr,5.35,NEW_BUILD_LANE_B_MODEL,lane_b,data/new_build/reports/two_lane_readiness_2026_07_05.json,race_day_scorecards[].lane_b_top3.prob,descending,1,Penny Mountain,6027933,0.101638,12.0,5,False,False,NO_EDGE,False,False,MODEL_MISS,N/A,Not served by the live dashboard -- present only in this local readiness file.
2026-07-05,922294,Ayr,5.35,NEW_BUILD_LANE_B_MODEL,lane_b,data/new_build/reports/two_lane_readiness_2026_07_05.json,race_day_scorecards[].lane_b_top3.prob,descending,2,Jkr Cobbler,3662546,0.09259,4.0,1,True,True,SUPPRESS,False,False,MODEL_HIT_POLICY_BLOCKED,N/A,Not served by the live dashboard -- present only in this local readiness file.
2026-07-05,922294,Ayr,5.35,NEW_BUILD_LANE_B_MODEL,lane_b,data/new_build/reports/two_lane_readiness_2026_07_05.json,race_day_scorecards[].lane_b_top3.prob,descending,3,Ramon Di Loria,3177303,0.088071,11.0,3,False,True,SUPPRESS,False,False,MODEL_MISS,N/A,Not served by the live dashboard -- present only in this local readiness file.
2026-07-05,922294,Ayr,5.35,NEW_BUILD_LANE_C_MODEL,lane_c,data/new_build/reports/two_lane_readiness_2026_07_05.json,race_day_scorecards[].lane_c_top3.prob,descending,1,Jkr Cobbler,3662546,0.541029,4.0,1,True,True,N/A (Lane C not policy-anchored),False,False,MODEL_HIT_POLICY_BLOCKED,N/A,Not served by the live dashboard -- present only in this local readiness file.
2026-07-05,922294,Ayr,5.35,NEW_BUILD_LANE_C_MODEL,lane_c,data/new_build/reports/two_lane_readiness_2026_07_05.json,race_day_scorecards[].lane_c_top3.prob,descending,2,Penny Mountain,6027933,0.540361,12.0,5,False,False,N/A (Lane C not policy-anchored),False,False,MODEL_MISS,N/A,Not served by the live dashboard -- present only in this local readiness file.
2026-07-05,922294,Ayr,5.35,NEW_BUILD_LANE_C_MODEL,lane_c,data/new_build/reports/two_lane_readiness_2026_07_05.json,race_day_scorecards[].lane_c_top3.prob,descending,3,Ramon Di Loria,3177303,0.537435,11.0,3,False,True,N/A (Lane C not policy-anchored),False,False,MODEL_MISS,N/A,Not served by the live dashboard -- present only in this local readiness file.
2026-07-05,922294,Ayr,5.35,PASSPORT_STRENGTH_SCORE_PROXY,proxy_not_a_model,data/new_build/current_cards/current_card_passport_feed_2026_07_05.jsonl,passport_strength_score,descending (imposed; field has no native sort semantics),1,Ramon Di Loria,3177303,2.75,11.0,3,False,True,"N/A (feature input, not a model with a policy layer)",False,False,PROXY_NOT_A_MODEL_CLAIM,N/A,"This is a feature-engineering input INTO Lane A/B/C, not their output. Never cite as New Build's result."
2026-07-05,922294,Ayr,5.35,PASSPORT_STRENGTH_SCORE_PROXY,proxy_not_a_model,data/new_build/current_cards/current_card_passport_feed_2026_07_05.jsonl,passport_strength_score,descending (imposed; field has no native sort semantics),2,Monhammer,3499387,2.1,6.0,4,False,False,"N/A (feature input, not a model with a policy layer)",False,False,PROXY_NOT_A_MODEL_CLAIM,N/A,"This is a feature-engineering input INTO Lane A/B/C, not their output. Never cite as New Build's result."
2026-07-05,922294,Ayr,5.35,PASSPORT_STRENGTH_SCORE_PROXY,proxy_not_a_model,data/new_build/current_cards/current_card_passport_feed_2026_07_05.jsonl,passport_strength_score,descending (imposed; field has no native sort semantics),3,Penny Mountain,6027933,1.7,12.0,5,False,False,"N/A (feature input, not a model with a policy layer)",False,False,PROXY_NOT_A_MODEL_CLAIM,N/A,"This is a feature-engineering input INTO Lane A/B/C, not their output. Never cite as New Build's result."
2026-07-05,921918,Southwell (AW),5.55,NEW_BUILD_LANE_A_MODEL,lane_a,data/new_build/reports/two_lane_readiness_2026_07_05.json,race_day_scorecards[].lane_a_top3.prob,descending,1,New York Minute,6448094,0.274864,4.5,2,False,True,WIN_TRUST,True,True,MODEL_MISS,N/A,Dashboard-visible via new_build_top3 (server reads lane_a_top3 only).
2026-07-05,921918,Southwell (AW),5.55,NEW_BUILD_LANE_A_MODEL,lane_a,data/new_build/reports/two_lane_readiness_2026_07_05.json,race_day_scorecards[].lane_a_top3.prob,descending,2,Boatswain,6916305,0.167575,2.2,1,True,True,LOW_DATA,False,True,MODEL_HIT_POLICY_BLOCKED,N/A,Dashboard-visible via new_build_top3 (server reads lane_a_top3 only).
2026-07-05,921918,Southwell (AW),5.55,NEW_BUILD_LANE_A_MODEL,lane_a,data/new_build/reports/two_lane_readiness_2026_07_05.json,race_day_scorecards[].lane_a_top3.prob,descending,3,Alrazeen,5394050,0.167188,13.0,PU,False,False,LOW_DATA,False,True,MODEL_MISS,N/A,Dashboard-visible via new_build_top3 (server reads lane_a_top3 only).
2026-07-05,921918,Southwell (AW),5.55,NEW_BUILD_LANE_B_MODEL,lane_b,data/new_build/reports/two_lane_readiness_2026_07_05.json,race_day_scorecards[].lane_b_top3.prob,descending,1,New York Minute,6448094,0.245745,4.5,2,False,True,WIN_TRUST,True,False,MODEL_MISS,N/A,Not served by the live dashboard -- present only in this local readiness file.
2026-07-05,921918,Southwell (AW),5.55,NEW_BUILD_LANE_B_MODEL,lane_b,data/new_build/reports/two_lane_readiness_2026_07_05.json,race_day_scorecards[].lane_b_top3.prob,descending,2,Boatswain,6916305,0.157336,2.2,1,True,True,LOW_DATA,False,False,MODEL_HIT_POLICY_BLOCKED,N/A,Not served by the live dashboard -- present only in this local readiness file.
2026-07-05,921918,Southwell (AW),5.55,NEW_BUILD_LANE_B_MODEL,lane_b,data/new_build/reports/two_lane_readiness_2026_07_05.json,race_day_scorecards[].lane_b_top3.prob,descending,3,Alrazeen,5394050,0.156336,13.0,PU,False,False,LOW_DATA,False,False,MODEL_MISS,N/A,Not served by the live dashboard -- present only in this local readiness file.
2026-07-05,921918,Southwell (AW),5.55,NEW_BUILD_LANE_C_MODEL,lane_c,data/new_build/reports/two_lane_readiness_2026_07_05.json,race_day_scorecards[].lane_c_top3.prob,descending,1,New York Minute,6448094,0.593847,4.5,2,False,True,N/A (Lane C not policy-anchored),False,False,MODEL_MISS,N/A,Not served by the live dashboard -- present only in this local readiness file.
2026-07-05,921918,Southwell (AW),5.55,NEW_BUILD_LANE_C_MODEL,lane_c,data/new_build/reports/two_lane_readiness_2026_07_05.json,race_day_scorecards[].lane_c_top3.prob,descending,2,Alrazeen,5394050,0.583469,13.0,PU,False,False,N/A (Lane C not policy-anchored),False,False,MODEL_MISS,N/A,Not served by the live dashboard -- present only in this local readiness file.
2026-07-05,921918,Southwell (AW),5.55,NEW_BUILD_LANE_C_MODEL,lane_c,data/new_build/reports/two_lane_readiness_2026_07_05.json,race_day_scorecards[].lane_c_top3.prob,descending,3,Boatswain,6916305,0.582528,2.2,1,True,True,N/A (Lane C not policy-anchored),False,False,MODEL_HIT_POLICY_BLOCKED,N/A,Not served by the live dashboard -- present only in this local readiness file.
2026-07-05,921918,Southwell (AW),5.55,PASSPORT_STRENGTH_SCORE_PROXY,proxy_not_a_model,data/new_build/current_cards/current_card_passport_feed_2026_07_05.jsonl,passport_strength_score,descending (imposed; field has no native sort semantics),1,New York Minute,6448094,2.9,4.5,2,False,True,"N/A (feature input, not a model with a policy layer)",False,False,PROXY_NOT_A_MODEL_CLAIM,N/A,"This is a feature-engineering input INTO Lane A/B/C, not their output. Never cite as New Build's result."
2026-07-05,921918,Southwell (AW),5.55,PASSPORT_STRENGTH_SCORE_PROXY,proxy_not_a_model,data/new_build/current_cards/current_card_passport_feed_2026_07_05.jsonl,passport_strength_score,descending (imposed; field has no native sort semantics),2,Sixpack,4642854,1.35,9.0,4,False,False,"N/A (feature input, not a model with a policy layer)",False,False,PROXY_NOT_A_MODEL_CLAIM,N/A,"This is a feature-engineering input INTO Lane A/B/C, not their output. Never cite as New Build's result."
2026-07-05,921918,Southwell (AW),5.55,PASSPORT_STRENGTH_SCORE_PROXY,proxy_not_a_model,data/new_build/current_cards/current_card_passport_feed_2026_07_05.jsonl,passport_strength_score,descending (imposed; field has no native sort semantics),3,Boatswain,6916305,-1.0,2.2,1,True,True,"N/A (feature input, not a model with a policy layer)",False,False,PROXY_NOT_A_MODEL_CLAIM,N/A,"This is a feature-engineering input INTO Lane A/B/C, not their output. Never cite as New Build's result."
2026-07-05,922291,Ayr,2.11,OLD_VELO_WIN_ROLE,WIN,data/reports/old_velo_three_option_card_2026_07_05.json,picks[].velo_prime_prob (role=WIN),descending,1,Midnight Lir,5033147,0.3083,5.0,4,False,False,N/A (Old VELO has no policy layer),False,False,MODEL_MISS,N/A,WIN role is identical to Main VELO's own pick by construction.
2026-07-05,922291,Ayr,2.11,OLD_VELO_PLACE_ROLE,PLACE,data/reports/old_velo_three_option_card_2026_07_05.json,picks[].place_prob (role=PLACE),descending,1,Our Absent Friends,2996828,0.1064,5.0,7,False,False,N/A (Old VELO has no policy layer),False,False,MODEL_MISS,N/A,WIN role is identical to Main VELO's own pick by construction.
2026-07-05,922291,Ayr,2.11,OLD_VELO_LONGSHOT_ROLE,LONGSHOT,data/reports/old_velo_three_option_card_2026_07_05.json,picks[].longshot_role_score (role=LONGSHOT),descending,1,Marajito,5826592,0.2332,6.0,5,False,False,N/A (Old VELO has no policy layer),False,False,MODEL_MISS,N/A,WIN role is identical to Main VELO's own pick by construction.
2026-07-05,922290,Ayr,2.41,OLD_VELO_WIN_ROLE,WIN,data/reports/old_velo_three_option_card_2026_07_05.json,picks[].velo_prime_prob (role=WIN),descending,1,Instant Force,9312924,0.6001,1.63,2,False,True,N/A (Old VELO has no policy layer),False,False,MODEL_MISS,N/A,WIN role is identical to Main VELO's own pick by construction.
2026-07-05,922290,Ayr,2.41,OLD_VELO_PLACE_ROLE,PLACE,data/reports/old_velo_three_option_card_2026_07_05.json,picks[].place_prob (role=PLACE),descending,1,Conciliate,9258986,0.8359,2.0,1,True,True,N/A (Old VELO has no policy layer),False,False,MODEL_HIT,N/A,WIN role is identical to Main VELO's own pick by construction.
2026-07-05,922290,Ayr,2.41,OLD_VELO_LONGSHOT_ROLE,LONGSHOT,data/reports/old_velo_three_option_card_2026_07_05.json,picks[].longshot_role_score (role=LONGSHOT),descending,1,Influencer Man,9485658,0.2959,10.0,4,False,False,N/A (Old VELO has no policy layer),False,False,MODEL_MISS,N/A,WIN role is identical to Main VELO's own pick by construction.
2026-07-05,922289,Ayr,3.15,OLD_VELO_WIN_ROLE,WIN,data/reports/old_velo_three_option_card_2026_07_05.json,picks[].velo_prime_prob (role=WIN),descending,1,Idyllic,5403096,0.3253,20.0,4,False,False,N/A (Old VELO has no policy layer),False,False,MODEL_MISS,N/A,WIN role is identical to Main VELO's own pick by construction.
2026-07-05,922289,Ayr,3.15,OLD_VELO_PLACE_ROLE,PLACE,data/reports/old_velo_three_option_card_2026_07_05.json,picks[].place_prob (role=PLACE),descending,1,Qitaal,3781882,0.1661,5.0,3,False,True,N/A (Old VELO has no policy layer),False,False,MODEL_MISS,N/A,WIN role is identical to Main VELO's own pick by construction.
2026-07-05,922289,Ayr,3.15,OLD_VELO_LONGSHOT_ROLE,LONGSHOT,data/reports/old_velo_three_option_card_2026_07_05.json,picks[].longshot_role_score (role=LONGSHOT),descending,1,Mao Shang Wong,7324765,0.2142,9.0,7,False,False,N/A (Old VELO has no policy layer),False,False,MODEL_MISS,N/A,WIN role is identical to Main VELO's own pick by construction.
2026-07-05,922293,Ayr,3.50,OLD_VELO_WIN_ROLE,WIN,data/reports/old_velo_three_option_card_2026_07_05.json,picks[].velo_prime_prob (role=WIN),descending,1,Langholm,1860060,0.3855,3.5,4,False,False,N/A (Old VELO has no policy layer),False,False,MODEL_MISS,N/A,WIN role is identical to Main VELO's own pick by construction.
2026-07-05,922293,Ayr,3.50,OLD_VELO_PLACE_ROLE,PLACE,data/reports/old_velo_three_option_card_2026_07_05.json,picks[].place_prob (role=PLACE),descending,1,Trais Fluors,1170369,0.3682,8.0,6,False,False,N/A (Old VELO has no policy layer),False,False,MODEL_MISS,N/A,WIN role is identical to Main VELO's own pick by construction.
2026-07-05,922293,Ayr,3.50,OLD_VELO_LONGSHOT_ROLE,LONGSHOT,data/reports/old_velo_three_option_card_2026_07_05.json,picks[].longshot_role_score (role=LONGSHOT),descending,1,Golden Valour,2123810,0.2257,14.0,5,False,False,N/A (Old VELO has no policy layer),False,False,MODEL_MISS,N/A,WIN role is identical to Main VELO's own pick by construction.
2026-07-05,922292,Ayr,4.25,OLD_VELO_WIN_ROLE,WIN,data/reports/old_velo_three_option_card_2026_07_05.json,picks[].velo_prime_prob (role=WIN),descending,1,Shifter,4011144,0.2914,6.0,3,False,True,N/A (Old VELO has no policy layer),False,False,MODEL_MISS,N/A,WIN role is identical to Main VELO's own pick by construction.
2026-07-05,922292,Ayr,4.25,OLD_VELO_PLACE_ROLE,PLACE,data/reports/old_velo_three_option_card_2026_07_05.json,picks[].place_prob (role=PLACE),descending,1,Zebra Star,4303336,0.3813,10.0,9,False,False,N/A (Old VELO has no policy layer),False,False,MODEL_MISS,N/A,WIN role is identical to Main VELO's own pick by construction.
2026-07-05,922292,Ayr,4.25,OLD_VELO_LONGSHOT_ROLE,LONGSHOT,data/reports/old_velo_three_option_card_2026_07_05.json,picks[].longshot_role_score (role=LONGSHOT),descending,1,Mr Withington,6881400,0.2147,8.0,6,False,False,N/A (Old VELO has no policy layer),False,False,MODEL_MISS,N/A,WIN role is identical to Main VELO's own pick by construction.
2026-07-05,922288,Ayr,5.00,OLD_VELO_WIN_ROLE,WIN,data/reports/old_velo_three_option_card_2026_07_05.json,picks[].velo_prime_prob (role=WIN),descending,1,Dwindling Funds,7339104,0.6455,4.0,2,False,True,N/A (Old VELO has no policy layer),False,False,MODEL_MISS,N/A,WIN role is identical to Main VELO's own pick by construction.
2026-07-05,922288,Ayr,5.00,OLD_VELO_PLACE_ROLE,PLACE,data/reports/old_velo_three_option_card_2026_07_05.json,picks[].place_prob (role=PLACE),descending,1,Bearish,8290514,0.2905,5.0,1,True,True,N/A (Old VELO has no policy layer),False,False,MODEL_HIT,N/A,WIN role is identical to Main VELO's own pick by construction.
2026-07-05,922288,Ayr,5.00,OLD_VELO_LONGSHOT_ROLE,LONGSHOT,data/reports/old_velo_three_option_card_2026_07_05.json,picks[].longshot_role_score (role=LONGSHOT),descending,1,Theoryofeverything,4634795,0.2179,6.0,8,False,False,N/A (Old VELO has no policy layer),False,False,MODEL_MISS,N/A,WIN role is identical to Main VELO's own pick by construction.
2026-07-05,922294,Ayr,5.35,OLD_VELO_WIN_ROLE,WIN,data/reports/old_velo_three_option_card_2026_07_05.json,picks[].velo_prime_prob (role=WIN),descending,1,Jkr Cobbler,3662546,0.3659,5.0,1,True,True,N/A (Old VELO has no policy layer),False,False,MODEL_HIT,N/A,WIN role is identical to Main VELO's own pick by construction.
2026-07-05,922294,Ayr,5.35,OLD_VELO_PLACE_ROLE,PLACE,data/reports/old_velo_three_option_card_2026_07_05.json,picks[].place_prob (role=PLACE),descending,1,Toy Soldier,5708801,0.4279,1.88,6,False,False,N/A (Old VELO has no policy layer),False,False,MODEL_MISS,N/A,WIN role is identical to Main VELO's own pick by construction.
2026-07-05,922294,Ayr,5.35,OLD_VELO_LONGSHOT_ROLE,LONGSHOT,data/reports/old_velo_three_option_card_2026_07_05.json,picks[].longshot_role_score (role=LONGSHOT),descending,1,Monhammer,3499387,0.2322,6.0,4,False,False,N/A (Old VELO has no policy layer),False,False,MODEL_MISS,N/A,WIN role is identical to Main VELO's own pick by construction.
2026-07-05,922121,Market Rasen,1.50,OLD_VELO_WIN_ROLE,WIN,data/reports/old_velo_three_option_card_2026_07_05.json,picks[].velo_prime_prob (role=WIN),descending,1,Gone In Sixty,4320814,0.3232,4.5,4,False,False,N/A (Old VELO has no policy layer),False,False,MODEL_MISS,N/A,WIN role is identical to Main VELO's own pick by construction.
2026-07-05,922121,Market Rasen,1.50,OLD_VELO_PLACE_ROLE,PLACE,data/reports/old_velo_three_option_card_2026_07_05.json,picks[].place_prob (role=PLACE),descending,1,Time Was,4217627,0.6042,25.0,5,False,False,N/A (Old VELO has no policy layer),False,False,MODEL_MISS,N/A,WIN role is identical to Main VELO's own pick by construction.
2026-07-05,922121,Market Rasen,1.50,OLD_VELO_LONGSHOT_ROLE,LONGSHOT,data/reports/old_velo_three_option_card_2026_07_05.json,picks[].longshot_role_score (role=LONGSHOT),descending,1,Bannister,2856069,0.2165,8.0,6,False,False,N/A (Old VELO has no policy layer),False,False,MODEL_MISS,N/A,WIN role is identical to Main VELO's own pick by construction.
2026-07-05,922118,Market Rasen,2.20,OLD_VELO_WIN_ROLE,WIN,data/reports/old_velo_three_option_card_2026_07_05.json,picks[].velo_prime_prob (role=WIN),descending,1,Way Maker,7753413,0.5313,1.1,3,False,True,N/A (Old VELO has no policy layer),False,False,MODEL_MISS,N/A,WIN role is identical to Main VELO's own pick by construction.
2026-07-05,922118,Market Rasen,2.20,OLD_VELO_PLACE_ROLE,PLACE,data/reports/old_velo_three_option_card_2026_07_05.json,picks[].place_prob (role=PLACE),descending,1,Lipstick Traces,7289168,0.9295,8.0,F,False,False,N/A (Old VELO has no policy layer),False,False,MODEL_MISS,N/A,WIN role is identical to Main VELO's own pick by construction.
2026-07-05,922118,Market Rasen,2.20,OLD_VELO_LONGSHOT_ROLE,LONGSHOT,data/reports/old_velo_three_option_card_2026_07_05.json,picks[].longshot_role_score (role=LONGSHOT),descending,1,Brosna Town,5301550,0.2667,10.0,2,False,True,N/A (Old VELO has no policy layer),False,False,MODEL_MISS,N/A,WIN role is identical to Main VELO's own pick by construction.
2026-07-05,922119,Market Rasen,2.50,OLD_VELO_WIN_ROLE,WIN,data/reports/old_velo_three_option_card_2026_07_05.json,picks[].velo_prime_prob (role=WIN),descending,1,Crown Of India,5218313,0.3921,4.5,2,False,True,N/A (Old VELO has no policy layer),False,False,MODEL_MISS,N/A,WIN role is identical to Main VELO's own pick by construction.
2026-07-05,922119,Market Rasen,2.50,OLD_VELO_PLACE_ROLE,PLACE,data/reports/old_velo_three_option_card_2026_07_05.json,picks[].place_prob (role=PLACE),descending,1,Applejack Poet,4363047,0.7553,8.0,6,False,False,N/A (Old VELO has no policy layer),False,False,MODEL_MISS,N/A,WIN role is identical to Main VELO's own pick by construction.
2026-07-05,922119,Market Rasen,2.50,OLD_VELO_LONGSHOT_ROLE,LONGSHOT,data/reports/old_velo_three_option_card_2026_07_05.json,picks[].longshot_role_score (role=LONGSHOT),descending,1,Diesel Line,4743594,0.2372,7.0,7,False,False,N/A (Old VELO has no policy layer),False,False,MODEL_MISS,N/A,WIN role is identical to Main VELO's own pick by construction.
2026-07-05,922123,Market Rasen,3.25,OLD_VELO_WIN_ROLE,WIN,data/reports/old_velo_three_option_card_2026_07_05.json,picks[].velo_prime_prob (role=WIN),descending,1,The Roc Hopper,5366253,0.2876,6.0,8,False,False,N/A (Old VELO has no policy layer),False,False,MODEL_MISS,N/A,WIN role is identical to Main VELO's own pick by construction.
2026-07-05,922123,Market Rasen,3.25,OLD_VELO_PLACE_ROLE,PLACE,data/reports/old_velo_three_option_card_2026_07_05.json,picks[].place_prob (role=PLACE),descending,1,Star Vantage,3837474,0.6101,14.0,2,False,True,N/A (Old VELO has no policy layer),False,False,MODEL_MISS,N/A,WIN role is identical to Main VELO's own pick by construction.
2026-07-05,922123,Market Rasen,3.25,OLD_VELO_LONGSHOT_ROLE,LONGSHOT,data/reports/old_velo_three_option_card_2026_07_05.json,picks[].longshot_role_score (role=LONGSHOT),descending,1,Copper Beach,4031460,0.2211,7.0,9,False,False,N/A (Old VELO has no policy layer),False,False,MODEL_MISS,N/A,WIN role is identical to Main VELO's own pick by construction.
2026-07-05,922117,Market Rasen,4.00,OLD_VELO_WIN_ROLE,WIN,data/reports/old_velo_three_option_card_2026_07_05.json,picks[].velo_prime_prob (role=WIN),descending,1,Regal Renaissance,4305460,0.3923,1.75,1,True,True,N/A (Old VELO has no policy layer),False,False,MODEL_HIT,N/A,WIN role is identical to Main VELO's own pick by construction.
2026-07-05,922117,Market Rasen,4.00,OLD_VELO_PLACE_ROLE,PLACE,data/reports/old_velo_three_option_card_2026_07_05.json,picks[].place_prob (role=PLACE),descending,1,Gateau De Miel,3292567,0.9886,6.0,3,False,True,N/A (Old VELO has no policy layer),False,False,MODEL_MISS,N/A,WIN role is identical to Main VELO's own pick by construction.
2026-07-05,922117,Market Rasen,4.00,OLD_VELO_LONGSHOT_ROLE,LONGSHOT,data/reports/old_velo_three_option_card_2026_07_05.json,picks[].longshot_role_score (role=LONGSHOT),descending,1,Fringill Dike,3432677,0.0943,1.75,2,False,True,N/A (Old VELO has no policy layer),False,False,MODEL_MISS,N/A,WIN role is identical to Main VELO's own pick by construction.
2026-07-05,922120,Market Rasen,4.35,OLD_VELO_WIN_ROLE,WIN,data/reports/old_velo_three_option_card_2026_07_05.json,picks[].velo_prime_prob (role=WIN),descending,1,Huckleberry Sting,5343986,0.4112,2.75,1,True,True,N/A (Old VELO has no policy layer),False,False,MODEL_HIT,N/A,WIN role is identical to Main VELO's own pick by construction.
2026-07-05,922120,Market Rasen,4.35,OLD_VELO_PLACE_ROLE,PLACE,data/reports/old_velo_three_option_card_2026_07_05.json,picks[].place_prob (role=PLACE),descending,1,On The Platform,3013152,0.6547,10.0,5,False,False,N/A (Old VELO has no policy layer),False,False,MODEL_MISS,N/A,WIN role is identical to Main VELO's own pick by construction.
2026-07-05,922120,Market Rasen,4.35,OLD_VELO_LONGSHOT_ROLE,LONGSHOT,data/reports/old_velo_three_option_card_2026_07_05.json,picks[].longshot_role_score (role=LONGSHOT),descending,1,Friends Don't Ask,2753137,0.2157,8.0,3,False,True,N/A (Old VELO has no policy layer),False,False,MODEL_MISS,N/A,WIN role is identical to Main VELO's own pick by construction.
2026-07-05,922122,Market Rasen,5.10,OLD_VELO_WIN_ROLE,WIN,data/reports/old_velo_three_option_card_2026_07_05.json,picks[].velo_prime_prob (role=WIN),descending,1,Masterius,9217611,0.4669,1.5,3,False,True,N/A (Old VELO has no policy layer),False,False,MODEL_MISS,N/A,WIN role is identical to Main VELO's own pick by construction.
2026-07-05,922122,Market Rasen,5.10,OLD_VELO_PLACE_ROLE,PLACE,data/reports/old_velo_three_option_card_2026_07_05.json,picks[].place_prob (role=PLACE),descending,1,Zandahar,9051061,0.709,5.0,6,False,False,N/A (Old VELO has no policy layer),False,False,MODEL_MISS,N/A,WIN role is identical to Main VELO's own pick by construction.
2026-07-05,922122,Market Rasen,5.10,OLD_VELO_LONGSHOT_ROLE,LONGSHOT,data/reports/old_velo_three_option_card_2026_07_05.json,picks[].longshot_role_score (role=LONGSHOT),descending,1,Parisian Fair,9485659,0.2489,6.5,1,True,True,N/A (Old VELO has no policy layer),False,False,MODEL_HIT,N/A,WIN role is identical to Main VELO's own pick by construction.
2026-07-05,921917,Southwell (AW),2.02,OLD_VELO_WIN_ROLE,WIN,data/reports/old_velo_three_option_card_2026_07_05.json,picks[].velo_prime_prob (role=WIN),descending,1,Kalokalo,7762488,0.2293,4.5,1,True,True,N/A (Old VELO has no policy layer),False,False,MODEL_HIT,N/A,WIN role is identical to Main VELO's own pick by construction.
2026-07-05,921917,Southwell (AW),2.02,OLD_VELO_PLACE_ROLE,PLACE,data/reports/old_velo_three_option_card_2026_07_05.json,picks[].place_prob (role=PLACE),descending,1,Just A Gambler,8039762,0.2255,20.0,7,False,False,N/A (Old VELO has no policy layer),False,False,MODEL_MISS,N/A,WIN role is identical to Main VELO's own pick by construction.
2026-07-05,921917,Southwell (AW),2.02,OLD_VELO_LONGSHOT_ROLE,LONGSHOT,data/reports/old_velo_three_option_card_2026_07_05.json,picks[].longshot_role_score (role=LONGSHOT),descending,1,Sovereign Bay,8758166,0.2186,12.0,13,False,False,N/A (Old VELO has no policy layer),False,False,MODEL_MISS,N/A,WIN role is identical to Main VELO's own pick by construction.
2026-07-05,921921,Southwell (AW),2.32,OLD_VELO_WIN_ROLE,WIN,data/reports/old_velo_three_option_card_2026_07_05.json,picks[].velo_prime_prob (role=WIN),descending,1,Onemorenomore,5051945,0.5322,3.5,3,False,True,N/A (Old VELO has no policy layer),False,False,MODEL_MISS,N/A,WIN role is identical to Main VELO's own pick by construction.
2026-07-05,921921,Southwell (AW),2.32,OLD_VELO_PLACE_ROLE,PLACE,data/reports/old_velo_three_option_card_2026_07_05.json,picks[].place_prob (role=PLACE),descending,1,Vitalline,3164274,0.579,4.5,9,False,False,N/A (Old VELO has no policy layer),False,False,MODEL_MISS,N/A,WIN role is identical to Main VELO's own pick by construction.
2026-07-05,921921,Southwell (AW),2.32,OLD_VELO_LONGSHOT_ROLE,LONGSHOT,data/reports/old_velo_three_option_card_2026_07_05.json,picks[].longshot_role_score (role=LONGSHOT),descending,1,Jimmy Knocker,5668388,0.2142,12.0,5,False,False,N/A (Old VELO has no policy layer),False,False,MODEL_MISS,N/A,WIN role is identical to Main VELO's own pick by construction.
2026-07-05,924344,Southwell (AW),3.05,OLD_VELO_WIN_ROLE,WIN,data/reports/old_velo_three_option_card_2026_07_05.json,picks[].velo_prime_prob (role=WIN),descending,1,Reputation,881321,0.5491,6.0,9,False,False,N/A (Old VELO has no policy layer),False,False,MODEL_MISS,N/A,WIN role is identical to Main VELO's own pick by construction.
2026-07-05,924344,Southwell (AW),3.05,OLD_VELO_PLACE_ROLE,PLACE,data/reports/old_velo_three_option_card_2026_07_05.json,picks[].place_prob (role=PLACE),descending,1,Noble Guest,6166264,0.2745,2.75,7,False,False,N/A (Old VELO has no policy layer),False,False,MODEL_MISS,N/A,WIN role is identical to Main VELO's own pick by construction.
2026-07-05,924344,Southwell (AW),3.05,OLD_VELO_LONGSHOT_ROLE,LONGSHOT,data/reports/old_velo_three_option_card_2026_07_05.json,picks[].longshot_role_score (role=LONGSHOT),descending,1,King Of Fury,5216517,0.2162,8.0,1,True,True,N/A (Old VELO has no policy layer),False,False,MODEL_HIT,N/A,WIN role is identical to Main VELO's own pick by construction.
2026-07-05,921922,Southwell (AW),3.40,OLD_VELO_WIN_ROLE,WIN,data/reports/old_velo_three_option_card_2026_07_05.json,picks[].velo_prime_prob (role=WIN),descending,1,Hamda's Joy,8031351,0.2877,2.75,3,False,True,N/A (Old VELO has no policy layer),False,False,MODEL_MISS,N/A,WIN role is identical to Main VELO's own pick by construction.
2026-07-05,921922,Southwell (AW),3.40,OLD_VELO_PLACE_ROLE,PLACE,data/reports/old_velo_three_option_card_2026_07_05.json,picks[].place_prob (role=PLACE),descending,1,Clementines Star,8124818,0.7493,5.5,2,False,True,N/A (Old VELO has no policy layer),False,False,MODEL_MISS,N/A,WIN role is identical to Main VELO's own pick by construction.
2026-07-05,921922,Southwell (AW),3.40,OLD_VELO_LONGSHOT_ROLE,LONGSHOT,data/reports/old_velo_three_option_card_2026_07_05.json,picks[].longshot_role_score (role=LONGSHOT),descending,1,Sterling Fortune,9189368,0.2893,10.0,5,False,False,N/A (Old VELO has no policy layer),False,False,MODEL_MISS,N/A,WIN role is identical to Main VELO's own pick by construction.
2026-07-05,921919,Southwell (AW),4.15,OLD_VELO_WIN_ROLE,WIN,data/reports/old_velo_three_option_card_2026_07_05.json,picks[].velo_prime_prob (role=WIN),descending,1,Blinky,5878998,0.3361,8.0,4,False,False,N/A (Old VELO has no policy layer),False,False,MODEL_MISS,N/A,WIN role is identical to Main VELO's own pick by construction.
2026-07-05,921919,Southwell (AW),4.15,OLD_VELO_PLACE_ROLE,PLACE,data/reports/old_velo_three_option_card_2026_07_05.json,picks[].place_prob (role=PLACE),descending,1,Cloud King,5154271,0.3566,10.0,7,False,False,N/A (Old VELO has no policy layer),False,False,MODEL_MISS,N/A,WIN role is identical to Main VELO's own pick by construction.
2026-07-05,921919,Southwell (AW),4.15,OLD_VELO_LONGSHOT_ROLE,LONGSHOT,data/reports/old_velo_three_option_card_2026_07_05.json,picks[].longshot_role_score (role=LONGSHOT),descending,1,Buzz Box,5202355,0.2237,8.0,9,False,False,N/A (Old VELO has no policy layer),False,False,MODEL_MISS,N/A,WIN role is identical to Main VELO's own pick by construction.
2026-07-05,921916,Southwell (AW),4.50,OLD_VELO_WIN_ROLE,WIN,data/reports/old_velo_three_option_card_2026_07_05.json,picks[].velo_prime_prob (role=WIN),descending,1,Spooky Wooky,7708597,0.4431,7.0,7,False,False,N/A (Old VELO has no policy layer),False,False,MODEL_MISS,N/A,WIN role is identical to Main VELO's own pick by construction.
2026-07-05,921916,Southwell (AW),4.50,OLD_VELO_PLACE_ROLE,PLACE,data/reports/old_velo_three_option_card_2026_07_05.json,picks[].place_prob (role=PLACE),descending,1,Premier,6410536,0.3962,1.75,3,False,True,N/A (Old VELO has no policy layer),False,False,MODEL_MISS,N/A,WIN role is identical to Main VELO's own pick by construction.
2026-07-05,921916,Southwell (AW),4.50,OLD_VELO_LONGSHOT_ROLE,LONGSHOT,data/reports/old_velo_three_option_card_2026_07_05.json,picks[].longshot_role_score (role=LONGSHOT),descending,1,Senor Cortez,7006358,0.2212,7.0,1,True,True,N/A (Old VELO has no policy layer),False,False,MODEL_HIT,N/A,WIN role is identical to Main VELO's own pick by construction.
2026-07-05,921920,Southwell (AW),5.25,OLD_VELO_WIN_ROLE,WIN,data/reports/old_velo_three_option_card_2026_07_05.json,picks[].velo_prime_prob (role=WIN),descending,1,Victors Spirit,7988028,0.3435,10.0,3,False,True,N/A (Old VELO has no policy layer),False,False,MODEL_MISS,N/A,WIN role is identical to Main VELO's own pick by construction.
2026-07-05,921920,Southwell (AW),5.25,OLD_VELO_PLACE_ROLE,PLACE,data/reports/old_velo_three_option_card_2026_07_05.json,picks[].place_prob (role=PLACE),descending,1,Club Class,6550750,0.3928,2.0,2,False,True,N/A (Old VELO has no policy layer),False,False,MODEL_MISS,N/A,WIN role is identical to Main VELO's own pick by construction.
2026-07-05,921920,Southwell (AW),5.25,OLD_VELO_LONGSHOT_ROLE,LONGSHOT,data/reports/old_velo_three_option_card_2026_07_05.json,picks[].longshot_role_score (role=LONGSHOT),descending,1,Vaguer,4981995,0.2427,16.0,8,False,False,N/A (Old VELO has no policy layer),False,False,MODEL_MISS,N/A,WIN role is identical to Main VELO's own pick by construction.
2026-07-05,921918,Southwell (AW),5.55,OLD_VELO_WIN_ROLE,WIN,data/reports/old_velo_three_option_card_2026_07_05.json,picks[].velo_prime_prob (role=WIN),descending,1,Sixpack,4642854,0.3921,1.75,4,False,False,N/A (Old VELO has no policy layer),False,False,MODEL_MISS,N/A,WIN role is identical to Main VELO's own pick by construction.
2026-07-05,921918,Southwell (AW),5.55,OLD_VELO_PLACE_ROLE,PLACE,data/reports/old_velo_three_option_card_2026_07_05.json,picks[].place_prob (role=PLACE),descending,1,Boatswain,6916305,0.8028,2.75,1,True,True,N/A (Old VELO has no policy layer),False,False,MODEL_HIT,N/A,WIN role is identical to Main VELO's own pick by construction.
2026-07-05,921918,Southwell (AW),5.55,OLD_VELO_LONGSHOT_ROLE,LONGSHOT,data/reports/old_velo_three_option_card_2026_07_05.json,picks[].longshot_role_score (role=LONGSHOT),descending,1,Alrazeen,5394050,0.2374,10.0,PU,False,False,N/A (Old VELO has no policy layer),False,False,MODEL_MISS,N/A,WIN role is identical to Main VELO's own pick by construction.
