run_date,race_id,model_name,lane_name,horse,horse_id,source_scorecard_id,source_field,rank,score,sp_dec,result_position,win,frame,policy_decision,stake_authorised,dashboard_visible,learning_class,event_type,promotion_eligible,promotion_block_reason,lesson,evidence,generated_from_commit
2026-07-05,921918,MAIN_VELO_PRIME,main,Sixpack,4642854,1,velo_prime_prob,1,0.3921,9.0,4,False,False,N/A (no policy layer for Main VELO -- persists directly),False,True,MODEL_MISS,MODEL_MISS_NO_POLICY_LAYER,False,PROMOTION_GATED_BY_STANDING_HARD_LAW,MAIN_VELO_PRIME picked Sixpack (SP 9.0) and it did not win.,"{""source_path"": ""Supabase velo_verdicts.full_analysis.predictions[]"", ""notes"": ""Main VELO's own top-ranked pick.""}",5f269b49cf8e6e75cc4d8ffafd9394c55cd5bb38
2026-07-05,921918,SQPE_NO_RPR_SHADOW,shadow,Sixpack,4642854,2,sqpe_no_rpr_shadow_prob,1,0.1762,9.0,4,False,False,N/A (no policy layer for this shadow field),False,True,TIE_UNRESOLVED,RANKING_INTEGRITY_BUG,False,PROMOTION_GATED_BY_STANDING_HARD_LAW,"SQPE_NO_RPR_SHADOW's ranking field produced a tie for this race -- no principled top pick exists; a ranking-integrity bug, not a prediction.","{""source_path"": ""Supabase velo_verdicts.full_analysis.predictions[]"", ""notes"": ""Top pick is not a principled read if tie_status != CLEAN.""}",5f269b49cf8e6e75cc4d8ffafd9394c55cd5bb38
2026-07-05,921920,MAIN_VELO_PRIME,main,Victors Spirit,7988028,3,velo_prime_prob,1,0.3435,10.0,3,False,True,N/A (no policy layer for Main VELO -- persists directly),False,True,MODEL_MISS,MODEL_MISS_NO_POLICY_LAYER,False,PROMOTION_GATED_BY_STANDING_HARD_LAW,MAIN_VELO_PRIME picked Victors Spirit (SP 10.0) and it did not win.,"{""source_path"": ""Supabase velo_verdicts.full_analysis.predictions[]"", ""notes"": ""Main VELO's own top-ranked pick.""}",5f269b49cf8e6e75cc4d8ffafd9394c55cd5bb38
2026-07-05,921920,SQPE_NO_RPR_SHADOW,shadow,Northwest Passage,6587053,4,sqpe_no_rpr_shadow_prob,1,0.128,7.5,5,False,False,N/A (no policy layer for this shadow field),False,True,MODEL_MISS,MODEL_MISS_NO_POLICY_LAYER,False,PROMOTION_GATED_BY_STANDING_HARD_LAW,SQPE_NO_RPR_SHADOW picked Northwest Passage (SP 7.5) and it did not win.,"{""source_path"": ""Supabase velo_verdicts.full_analysis.predictions[]"", ""notes"": null}",5f269b49cf8e6e75cc4d8ffafd9394c55cd5bb38
2026-07-05,921916,MAIN_VELO_PRIME,main,Spooky Wooky,7708597,5,velo_prime_prob,1,0.4431,21.0,7,False,False,N/A (no policy layer for Main VELO -- persists directly),False,True,MODEL_MISS,MODEL_MISS_NO_POLICY_LAYER,False,PROMOTION_GATED_BY_STANDING_HARD_LAW,MAIN_VELO_PRIME picked Spooky Wooky (SP 21.0) and it did not win.,"{""source_path"": ""Supabase velo_verdicts.full_analysis.predictions[]"", ""notes"": ""Main VELO's own top-ranked pick.""}",5f269b49cf8e6e75cc4d8ffafd9394c55cd5bb38
2026-07-05,921916,SQPE_NO_RPR_SHADOW,shadow,John Galt,8520787,6,sqpe_no_rpr_shadow_prob,1,0.1391,3.5,5,False,False,N/A (no policy layer for this shadow field),False,True,MODEL_MISS,MODEL_MISS_NO_POLICY_LAYER,False,PROMOTION_GATED_BY_STANDING_HARD_LAW,SQPE_NO_RPR_SHADOW picked John Galt (SP 3.5) and it did not win.,"{""source_path"": ""Supabase velo_verdicts.full_analysis.predictions[]"", ""notes"": null}",5f269b49cf8e6e75cc4d8ffafd9394c55cd5bb38
2026-07-05,921919,MAIN_VELO_PRIME,main,Blinky,5878998,7,velo_prime_prob,1,0.3361,10.0,4,False,False,N/A (no policy layer for Main VELO -- persists directly),False,True,MODEL_MISS,MODEL_MISS_NO_POLICY_LAYER,False,PROMOTION_GATED_BY_STANDING_HARD_LAW,MAIN_VELO_PRIME picked Blinky (SP 10.0) and it did not win.,"{""source_path"": ""Supabase velo_verdicts.full_analysis.predictions[]"", ""notes"": ""Main VELO's own top-ranked pick.""}",5f269b49cf8e6e75cc4d8ffafd9394c55cd5bb38
2026-07-05,921919,SQPE_NO_RPR_SHADOW,shadow,Kylian,5021320,8,sqpe_no_rpr_shadow_prob,1,0.1291,4.0,6,False,False,N/A (no policy layer for this shadow field),False,True,MODEL_MISS,MODEL_MISS_NO_POLICY_LAYER,False,PROMOTION_GATED_BY_STANDING_HARD_LAW,SQPE_NO_RPR_SHADOW picked Kylian (SP 4.0) and it did not win.,"{""source_path"": ""Supabase velo_verdicts.full_analysis.predictions[]"", ""notes"": null}",5f269b49cf8e6e75cc4d8ffafd9394c55cd5bb38
2026-07-05,921922,MAIN_VELO_PRIME,main,Hamda's Joy,8031351,9,velo_prime_prob,1,0.2877,4.0,3,False,True,N/A (no policy layer for Main VELO -- persists directly),False,True,MODEL_MISS,MODEL_MISS_NO_POLICY_LAYER,False,PROMOTION_GATED_BY_STANDING_HARD_LAW,MAIN_VELO_PRIME picked Hamda's Joy (SP 4.0) and it did not win.,"{""source_path"": ""Supabase velo_verdicts.full_analysis.predictions[]"", ""notes"": ""Main VELO's own top-ranked pick.""}",5f269b49cf8e6e75cc4d8ffafd9394c55cd5bb38
2026-07-05,921922,SQPE_NO_RPR_SHADOW,shadow,Hamda's Joy,8031351,10,sqpe_no_rpr_shadow_prob,1,0.0927,4.0,3,False,True,N/A (no policy layer for this shadow field),False,True,MODEL_MISS,MODEL_MISS_NO_POLICY_LAYER,False,PROMOTION_GATED_BY_STANDING_HARD_LAW,SQPE_NO_RPR_SHADOW picked Hamda's Joy (SP 4.0) and it did not win.,"{""source_path"": ""Supabase velo_verdicts.full_analysis.predictions[]"", ""notes"": null}",5f269b49cf8e6e75cc4d8ffafd9394c55cd5bb38
2026-07-05,924344,MAIN_VELO_PRIME,main,Reputation,881321,11,velo_prime_prob,1,0.5491,15.0,9,False,False,N/A (no policy layer for Main VELO -- persists directly),False,True,MODEL_MISS,MODEL_MISS_NO_POLICY_LAYER,False,PROMOTION_GATED_BY_STANDING_HARD_LAW,MAIN_VELO_PRIME picked Reputation (SP 15.0) and it did not win.,"{""source_path"": ""Supabase velo_verdicts.full_analysis.predictions[]"", ""notes"": ""Main VELO's own top-ranked pick.""}",5f269b49cf8e6e75cc4d8ffafd9394c55cd5bb38
2026-07-05,924344,SQPE_NO_RPR_SHADOW,shadow,Noble Guest,6166264,12,sqpe_no_rpr_shadow_prob,1,0.1055,4.33,7,False,False,N/A (no policy layer for this shadow field),False,True,MODEL_MISS,MODEL_MISS_NO_POLICY_LAYER,False,PROMOTION_GATED_BY_STANDING_HARD_LAW,SQPE_NO_RPR_SHADOW picked Noble Guest (SP 4.33) and it did not win.,"{""source_path"": ""Supabase velo_verdicts.full_analysis.predictions[]"", ""notes"": null}",5f269b49cf8e6e75cc4d8ffafd9394c55cd5bb38
2026-07-05,921921,MAIN_VELO_PRIME,main,Onemorenomore,5051945,13,velo_prime_prob,1,0.5322,4.0,3,False,True,N/A (no policy layer for Main VELO -- persists directly),False,True,MODEL_MISS,MODEL_MISS_NO_POLICY_LAYER,False,PROMOTION_GATED_BY_STANDING_HARD_LAW,MAIN_VELO_PRIME picked Onemorenomore (SP 4.0) and it did not win.,"{""source_path"": ""Supabase velo_verdicts.full_analysis.predictions[]"", ""notes"": ""Main VELO's own top-ranked pick.""}",5f269b49cf8e6e75cc4d8ffafd9394c55cd5bb38
2026-07-05,921921,SQPE_NO_RPR_SHADOW,shadow,Surprised,6345381,14,sqpe_no_rpr_shadow_prob,1,0.1031,21.0,7,False,False,N/A (no policy layer for this shadow field),False,True,MODEL_MISS,MODEL_MISS_NO_POLICY_LAYER,False,PROMOTION_GATED_BY_STANDING_HARD_LAW,SQPE_NO_RPR_SHADOW picked Surprised (SP 21.0) and it did not win.,"{""source_path"": ""Supabase velo_verdicts.full_analysis.predictions[]"", ""notes"": null}",5f269b49cf8e6e75cc4d8ffafd9394c55cd5bb38
2026-07-05,921917,MAIN_VELO_PRIME,main,Kalokalo,7762488,15,velo_prime_prob,1,0.2293,4.0,1,True,True,N/A (no policy layer for Main VELO -- persists directly),False,True,MODEL_HIT,MODEL_HIT_NO_POLICY_LAYER,False,PROMOTION_GATED_BY_STANDING_HARD_LAW,MAIN_VELO_PRIME picked Kalokalo (SP 4.0) and it won.,"{""source_path"": ""Supabase velo_verdicts.full_analysis.predictions[]"", ""notes"": ""Main VELO's own top-ranked pick.""}",5f269b49cf8e6e75cc4d8ffafd9394c55cd5bb38
2026-07-05,921917,SQPE_NO_RPR_SHADOW,shadow,Alpine Culture,7801966,16,sqpe_no_rpr_shadow_prob,1,0.0837,6.0,11,False,False,N/A (no policy layer for this shadow field),False,True,TIE_UNRESOLVED,RANKING_INTEGRITY_BUG,False,PROMOTION_GATED_BY_STANDING_HARD_LAW,"SQPE_NO_RPR_SHADOW's ranking field produced a tie for this race -- no principled top pick exists; a ranking-integrity bug, not a prediction.","{""source_path"": ""Supabase velo_verdicts.full_analysis.predictions[]"", ""notes"": ""Top pick is not a principled read if tie_status != CLEAN.""}",5f269b49cf8e6e75cc4d8ffafd9394c55cd5bb38
2026-07-05,922122,MAIN_VELO_PRIME,main,Masterius,9217611,17,velo_prime_prob,1,0.4669,2.0,3,False,True,N/A (no policy layer for Main VELO -- persists directly),False,True,MODEL_MISS,MODEL_MISS_NO_POLICY_LAYER,False,PROMOTION_GATED_BY_STANDING_HARD_LAW,MAIN_VELO_PRIME picked Masterius (SP 2.0) and it did not win.,"{""source_path"": ""Supabase velo_verdicts.full_analysis.predictions[]"", ""notes"": ""Main VELO's own top-ranked pick.""}",5f269b49cf8e6e75cc4d8ffafd9394c55cd5bb38
2026-07-05,922122,SQPE_NO_RPR_SHADOW,shadow,Masterius,9217611,18,sqpe_no_rpr_shadow_prob,1,0.0975,2.0,3,False,True,N/A (no policy layer for this shadow field),False,True,TIE_UNRESOLVED,RANKING_INTEGRITY_BUG,False,PROMOTION_GATED_BY_STANDING_HARD_LAW,"SQPE_NO_RPR_SHADOW's ranking field produced a tie for this race -- no principled top pick exists; a ranking-integrity bug, not a prediction.","{""source_path"": ""Supabase velo_verdicts.full_analysis.predictions[]"", ""notes"": ""Top pick is not a principled read if tie_status != CLEAN.""}",5f269b49cf8e6e75cc4d8ffafd9394c55cd5bb38
2026-07-05,922120,MAIN_VELO_PRIME,main,Huckleberry Sting,5343986,19,velo_prime_prob,1,0.4112,4.0,1,True,True,N/A (no policy layer for Main VELO -- persists directly),False,True,MODEL_HIT,MODEL_HIT_NO_POLICY_LAYER,False,PROMOTION_GATED_BY_STANDING_HARD_LAW,MAIN_VELO_PRIME picked Huckleberry Sting (SP 4.0) and it won.,"{""source_path"": ""Supabase velo_verdicts.full_analysis.predictions[]"", ""notes"": ""Main VELO's own top-ranked pick.""}",5f269b49cf8e6e75cc4d8ffafd9394c55cd5bb38
2026-07-05,922120,SQPE_NO_RPR_SHADOW,shadow,Ballydisco,3458001,20,sqpe_no_rpr_shadow_prob,1,0.1055,5.5,,False,False,N/A (no policy layer for this shadow field),False,True,MODEL_MISS,MODEL_MISS_NO_POLICY_LAYER,False,PROMOTION_GATED_BY_STANDING_HARD_LAW,SQPE_NO_RPR_SHADOW picked Ballydisco (SP 5.5) and it did not win.,"{""source_path"": ""Supabase velo_verdicts.full_analysis.predictions[]"", ""notes"": null}",5f269b49cf8e6e75cc4d8ffafd9394c55cd5bb38
2026-07-05,922117,MAIN_VELO_PRIME,main,Regal Renaissance,4305460,21,velo_prime_prob,1,0.3923,3.0,1,True,True,N/A (no policy layer for Main VELO -- persists directly),False,True,MODEL_HIT,MODEL_HIT_NO_POLICY_LAYER,False,PROMOTION_GATED_BY_STANDING_HARD_LAW,MAIN_VELO_PRIME picked Regal Renaissance (SP 3.0) and it won.,"{""source_path"": ""Supabase velo_verdicts.full_analysis.predictions[]"", ""notes"": ""Main VELO's own top-ranked pick.""}",5f269b49cf8e6e75cc4d8ffafd9394c55cd5bb38
2026-07-05,922117,SQPE_NO_RPR_SHADOW,shadow,Fringill Dike,3432677,22,sqpe_no_rpr_shadow_prob,1,0.3284,1.83,2,False,True,N/A (no policy layer for this shadow field),False,True,MODEL_MISS,MODEL_MISS_NO_POLICY_LAYER,False,PROMOTION_GATED_BY_STANDING_HARD_LAW,SQPE_NO_RPR_SHADOW picked Fringill Dike (SP 1.83) and it did not win.,"{""source_path"": ""Supabase velo_verdicts.full_analysis.predictions[]"", ""notes"": null}",5f269b49cf8e6e75cc4d8ffafd9394c55cd5bb38
2026-07-05,922123,MAIN_VELO_PRIME,main,The Roc Hopper,5366253,23,velo_prime_prob,1,0.2876,13.0,8,False,False,N/A (no policy layer for Main VELO -- persists directly),False,True,MODEL_MISS,MODEL_MISS_NO_POLICY_LAYER,False,PROMOTION_GATED_BY_STANDING_HARD_LAW,MAIN_VELO_PRIME picked The Roc Hopper (SP 13.0) and it did not win.,"{""source_path"": ""Supabase velo_verdicts.full_analysis.predictions[]"", ""notes"": ""Main VELO's own top-ranked pick.""}",5f269b49cf8e6e75cc4d8ffafd9394c55cd5bb38
2026-07-05,922123,SQPE_NO_RPR_SHADOW,shadow,Lunar Morning,7303417,24,sqpe_no_rpr_shadow_prob,1,0.1016,17.0,5,False,False,N/A (no policy layer for this shadow field),False,True,MODEL_MISS,MODEL_MISS_NO_POLICY_LAYER,False,PROMOTION_GATED_BY_STANDING_HARD_LAW,SQPE_NO_RPR_SHADOW picked Lunar Morning (SP 17.0) and it did not win.,"{""source_path"": ""Supabase velo_verdicts.full_analysis.predictions[]"", ""notes"": null}",5f269b49cf8e6e75cc4d8ffafd9394c55cd5bb38
2026-07-05,922119,MAIN_VELO_PRIME,main,Crown Of India,5218313,25,velo_prime_prob,1,0.3921,8.0,2,False,True,N/A (no policy layer for Main VELO -- persists directly),False,True,MODEL_MISS,MODEL_MISS_NO_POLICY_LAYER,False,PROMOTION_GATED_BY_STANDING_HARD_LAW,MAIN_VELO_PRIME picked Crown Of India (SP 8.0) and it did not win.,"{""source_path"": ""Supabase velo_verdicts.full_analysis.predictions[]"", ""notes"": ""Main VELO's own top-ranked pick.""}",5f269b49cf8e6e75cc4d8ffafd9394c55cd5bb38
2026-07-05,922119,SQPE_NO_RPR_SHADOW,shadow,Fidendum,5848874,26,sqpe_no_rpr_shadow_prob,1,0.1653,2.88,1,True,True,N/A (no policy layer for this shadow field),False,True,MODEL_HIT,MODEL_HIT_NO_POLICY_LAYER,False,PROMOTION_GATED_BY_STANDING_HARD_LAW,SQPE_NO_RPR_SHADOW picked Fidendum (SP 2.88) and it won.,"{""source_path"": ""Supabase velo_verdicts.full_analysis.predictions[]"", ""notes"": null}",5f269b49cf8e6e75cc4d8ffafd9394c55cd5bb38
2026-07-05,922118,MAIN_VELO_PRIME,main,Way Maker,7753413,27,velo_prime_prob,1,0.5313,1.83,3,False,True,N/A (no policy layer for Main VELO -- persists directly),False,True,MODEL_MISS,MODEL_MISS_NO_POLICY_LAYER,False,PROMOTION_GATED_BY_STANDING_HARD_LAW,MAIN_VELO_PRIME picked Way Maker (SP 1.83) and it did not win.,"{""source_path"": ""Supabase velo_verdicts.full_analysis.predictions[]"", ""notes"": ""Main VELO's own top-ranked pick.""}",5f269b49cf8e6e75cc4d8ffafd9394c55cd5bb38
2026-07-05,922118,SQPE_NO_RPR_SHADOW,shadow,Brosna Town,5301550,28,sqpe_no_rpr_shadow_prob,1,0.1528,8.5,2,False,True,N/A (no policy layer for this shadow field),False,True,MODEL_MISS,MODEL_MISS_NO_POLICY_LAYER,False,PROMOTION_GATED_BY_STANDING_HARD_LAW,SQPE_NO_RPR_SHADOW picked Brosna Town (SP 8.5) and it did not win.,"{""source_path"": ""Supabase velo_verdicts.full_analysis.predictions[]"", ""notes"": null}",5f269b49cf8e6e75cc4d8ffafd9394c55cd5bb38
2026-07-05,922121,MAIN_VELO_PRIME,main,Gone In Sixty,4320814,29,velo_prime_prob,1,0.3232,5.5,4,False,False,N/A (no policy layer for Main VELO -- persists directly),False,True,MODEL_MISS,MODEL_MISS_NO_POLICY_LAYER,False,PROMOTION_GATED_BY_STANDING_HARD_LAW,MAIN_VELO_PRIME picked Gone In Sixty (SP 5.5) and it did not win.,"{""source_path"": ""Supabase velo_verdicts.full_analysis.predictions[]"", ""notes"": ""Main VELO's own top-ranked pick.""}",5f269b49cf8e6e75cc4d8ffafd9394c55cd5bb38
2026-07-05,922121,SQPE_NO_RPR_SHADOW,shadow,Oneinthewell,7148050,30,sqpe_no_rpr_shadow_prob,1,0.1498,4.33,2,False,True,N/A (no policy layer for this shadow field),False,True,MODEL_MISS,MODEL_MISS_NO_POLICY_LAYER,False,PROMOTION_GATED_BY_STANDING_HARD_LAW,SQPE_NO_RPR_SHADOW picked Oneinthewell (SP 4.33) and it did not win.,"{""source_path"": ""Supabase velo_verdicts.full_analysis.predictions[]"", ""notes"": null}",5f269b49cf8e6e75cc4d8ffafd9394c55cd5bb38
2026-07-05,922294,MAIN_VELO_PRIME,main,Jkr Cobbler,3662546,31,velo_prime_prob,1,0.3659,4.0,1,True,True,N/A (no policy layer for Main VELO -- persists directly),False,True,MODEL_HIT,MODEL_HIT_NO_POLICY_LAYER,False,PROMOTION_GATED_BY_STANDING_HARD_LAW,MAIN_VELO_PRIME picked Jkr Cobbler (SP 4.0) and it won.,"{""source_path"": ""Supabase velo_verdicts.full_analysis.predictions[]"", ""notes"": ""Main VELO's own top-ranked pick.""}",5f269b49cf8e6e75cc4d8ffafd9394c55cd5bb38
2026-07-05,922294,SQPE_NO_RPR_SHADOW,shadow,Lope Y Linda,7365388,32,sqpe_no_rpr_shadow_prob,1,0.1035,9.5,2,False,True,N/A (no policy layer for this shadow field),False,True,MODEL_MISS,MODEL_MISS_NO_POLICY_LAYER,False,PROMOTION_GATED_BY_STANDING_HARD_LAW,SQPE_NO_RPR_SHADOW picked Lope Y Linda (SP 9.5) and it did not win.,"{""source_path"": ""Supabase velo_verdicts.full_analysis.predictions[]"", ""notes"": null}",5f269b49cf8e6e75cc4d8ffafd9394c55cd5bb38
2026-07-05,922288,MAIN_VELO_PRIME,main,Dwindling Funds,7339104,33,velo_prime_prob,1,0.6455,4.33,2,False,True,N/A (no policy layer for Main VELO -- persists directly),False,True,MODEL_MISS,MODEL_MISS_NO_POLICY_LAYER,False,PROMOTION_GATED_BY_STANDING_HARD_LAW,MAIN_VELO_PRIME picked Dwindling Funds (SP 4.33) and it did not win.,"{""source_path"": ""Supabase velo_verdicts.full_analysis.predictions[]"", ""notes"": ""Main VELO's own top-ranked pick.""}",5f269b49cf8e6e75cc4d8ffafd9394c55cd5bb38
2026-07-05,922288,SQPE_NO_RPR_SHADOW,shadow,Celeborn,6032317,34,sqpe_no_rpr_shadow_prob,1,0.1146,4.5,5,False,False,N/A (no policy layer for this shadow field),False,True,MODEL_MISS,MODEL_MISS_NO_POLICY_LAYER,False,PROMOTION_GATED_BY_STANDING_HARD_LAW,SQPE_NO_RPR_SHADOW picked Celeborn (SP 4.5) and it did not win.,"{""source_path"": ""Supabase velo_verdicts.full_analysis.predictions[]"", ""notes"": null}",5f269b49cf8e6e75cc4d8ffafd9394c55cd5bb38
2026-07-05,922292,MAIN_VELO_PRIME,main,Shifter,4011144,35,velo_prime_prob,1,0.2914,5.0,3,False,True,N/A (no policy layer for Main VELO -- persists directly),False,True,MODEL_MISS,MODEL_MISS_NO_POLICY_LAYER,False,PROMOTION_GATED_BY_STANDING_HARD_LAW,MAIN_VELO_PRIME picked Shifter (SP 5.0) and it did not win.,"{""source_path"": ""Supabase velo_verdicts.full_analysis.predictions[]"", ""notes"": ""Main VELO's own top-ranked pick.""}",5f269b49cf8e6e75cc4d8ffafd9394c55cd5bb38
2026-07-05,922292,SQPE_NO_RPR_SHADOW,shadow,Mr Withington,6881400,36,sqpe_no_rpr_shadow_prob,1,0.1113,7.0,6,False,False,N/A (no policy layer for this shadow field),False,True,MODEL_MISS,MODEL_MISS_NO_POLICY_LAYER,False,PROMOTION_GATED_BY_STANDING_HARD_LAW,SQPE_NO_RPR_SHADOW picked Mr Withington (SP 7.0) and it did not win.,"{""source_path"": ""Supabase velo_verdicts.full_analysis.predictions[]"", ""notes"": null}",5f269b49cf8e6e75cc4d8ffafd9394c55cd5bb38
2026-07-05,922293,MAIN_VELO_PRIME,main,Langholm,1860060,37,velo_prime_prob,1,0.3855,8.0,4,False,False,N/A (no policy layer for Main VELO -- persists directly),False,True,MODEL_MISS,MODEL_MISS_NO_POLICY_LAYER,False,PROMOTION_GATED_BY_STANDING_HARD_LAW,MAIN_VELO_PRIME picked Langholm (SP 8.0) and it did not win.,"{""source_path"": ""Supabase velo_verdicts.full_analysis.predictions[]"", ""notes"": ""Main VELO's own top-ranked pick.""}",5f269b49cf8e6e75cc4d8ffafd9394c55cd5bb38
2026-07-05,922293,SQPE_NO_RPR_SHADOW,shadow,Park Lane Penny,7204932,38,sqpe_no_rpr_shadow_prob,1,0.1138,4.33,2,False,True,N/A (no policy layer for this shadow field),False,True,MODEL_MISS,MODEL_MISS_NO_POLICY_LAYER,False,PROMOTION_GATED_BY_STANDING_HARD_LAW,SQPE_NO_RPR_SHADOW picked Park Lane Penny (SP 4.33) and it did not win.,"{""source_path"": ""Supabase velo_verdicts.full_analysis.predictions[]"", ""notes"": null}",5f269b49cf8e6e75cc4d8ffafd9394c55cd5bb38
2026-07-05,922289,MAIN_VELO_PRIME,main,Idyllic,5403096,39,velo_prime_prob,1,0.3253,34.0,4,False,False,N/A (no policy layer for Main VELO -- persists directly),False,True,MODEL_MISS,MODEL_MISS_NO_POLICY_LAYER,False,PROMOTION_GATED_BY_STANDING_HARD_LAW,MAIN_VELO_PRIME picked Idyllic (SP 34.0) and it did not win.,"{""source_path"": ""Supabase velo_verdicts.full_analysis.predictions[]"", ""notes"": ""Main VELO's own top-ranked pick.""}",5f269b49cf8e6e75cc4d8ffafd9394c55cd5bb38
2026-07-05,922289,SQPE_NO_RPR_SHADOW,shadow,Kokanee,6679883,40,sqpe_no_rpr_shadow_prob,1,0.1086,4.33,8,False,False,N/A (no policy layer for this shadow field),False,True,MODEL_MISS,MODEL_MISS_NO_POLICY_LAYER,False,PROMOTION_GATED_BY_STANDING_HARD_LAW,SQPE_NO_RPR_SHADOW picked Kokanee (SP 4.33) and it did not win.,"{""source_path"": ""Supabase velo_verdicts.full_analysis.predictions[]"", ""notes"": null}",5f269b49cf8e6e75cc4d8ffafd9394c55cd5bb38
2026-07-05,922290,MAIN_VELO_PRIME,main,Instant Force,9312924,41,velo_prime_prob,1,0.6001,1.44,2,False,True,N/A (no policy layer for Main VELO -- persists directly),False,True,MODEL_MISS,MODEL_MISS_NO_POLICY_LAYER,False,PROMOTION_GATED_BY_STANDING_HARD_LAW,MAIN_VELO_PRIME picked Instant Force (SP 1.44) and it did not win.,"{""source_path"": ""Supabase velo_verdicts.full_analysis.predictions[]"", ""notes"": ""Main VELO's own top-ranked pick.""}",5f269b49cf8e6e75cc4d8ffafd9394c55cd5bb38
2026-07-05,922290,SQPE_NO_RPR_SHADOW,shadow,Instant Force,9312924,42,sqpe_no_rpr_shadow_prob,1,0.2176,1.44,2,False,True,N/A (no policy layer for this shadow field),False,True,TIE_UNRESOLVED,RANKING_INTEGRITY_BUG,False,PROMOTION_GATED_BY_STANDING_HARD_LAW,"SQPE_NO_RPR_SHADOW's ranking field produced a tie for this race -- no principled top pick exists; a ranking-integrity bug, not a prediction.","{""source_path"": ""Supabase velo_verdicts.full_analysis.predictions[]"", ""notes"": ""Top pick is not a principled read if tie_status != CLEAN.""}",5f269b49cf8e6e75cc4d8ffafd9394c55cd5bb38
2026-07-05,922291,MAIN_VELO_PRIME,main,Midnight Lir,5033147,43,velo_prime_prob,1,0.3083,11.0,4,False,False,N/A (no policy layer for Main VELO -- persists directly),False,True,MODEL_MISS,MODEL_MISS_NO_POLICY_LAYER,False,PROMOTION_GATED_BY_STANDING_HARD_LAW,MAIN_VELO_PRIME picked Midnight Lir (SP 11.0) and it did not win.,"{""source_path"": ""Supabase velo_verdicts.full_analysis.predictions[]"", ""notes"": ""Main VELO's own top-ranked pick.""}",5f269b49cf8e6e75cc4d8ffafd9394c55cd5bb38
2026-07-05,922291,SQPE_NO_RPR_SHADOW,shadow,Woohoo,5410664,44,sqpe_no_rpr_shadow_prob,1,0.1525,4.5,2,False,True,N/A (no policy layer for this shadow field),False,True,MODEL_MISS,MODEL_MISS_NO_POLICY_LAYER,False,PROMOTION_GATED_BY_STANDING_HARD_LAW,SQPE_NO_RPR_SHADOW picked Woohoo (SP 4.5) and it did not win.,"{""source_path"": ""Supabase velo_verdicts.full_analysis.predictions[]"", ""notes"": null}",5f269b49cf8e6e75cc4d8ffafd9394c55cd5bb38
2026-07-05,922121,NEW_BUILD_LANE_A_MODEL,lane_a,Gone In Sixty,4320814,45,race_day_scorecards[].lane_a_top3.prob,1,0.1758,5.5,4,False,False,NO_EDGE,False,True,MODEL_MISS,MODEL_MISS_NO_POLICY_LAYER,False,PROMOTION_GATED_BY_STANDING_HARD_LAW,NEW_BUILD_LANE_A_MODEL picked Gone In Sixty (SP 5.5) and it did not win.,"{""source_path"": ""data/new_build/reports/two_lane_readiness_2026_07_05.json"", ""notes"": ""Dashboard-visible via new_build_top3 (server reads lane_a_top3 only).""}",5f269b49cf8e6e75cc4d8ffafd9394c55cd5bb38
2026-07-05,922121,NEW_BUILD_LANE_A_MODEL,lane_a,Lakefield Flyer,4117778,46,race_day_scorecards[].lane_a_top3.prob,2,0.123782,3.75,3,False,True,NO_EDGE,False,True,MODEL_MISS,MODEL_MISS_NO_POLICY_LAYER,False,PROMOTION_GATED_BY_STANDING_HARD_LAW,NEW_BUILD_LANE_A_MODEL picked Lakefield Flyer (SP 3.75) and it did not win.,"{""source_path"": ""data/new_build/reports/two_lane_readiness_2026_07_05.json"", ""notes"": ""Dashboard-visible via new_build_top3 (server reads lane_a_top3 only).""}",5f269b49cf8e6e75cc4d8ffafd9394c55cd5bb38
2026-07-05,922121,NEW_BUILD_LANE_A_MODEL,lane_a,Oneinthewell,7148050,47,race_day_scorecards[].lane_a_top3.prob,3,0.12242,4.33,2,False,True,LOW_DATA,False,True,MODEL_MISS,MODEL_MISS_NO_POLICY_LAYER,False,PROMOTION_GATED_BY_STANDING_HARD_LAW,NEW_BUILD_LANE_A_MODEL picked Oneinthewell (SP 4.33) and it did not win.,"{""source_path"": ""data/new_build/reports/two_lane_readiness_2026_07_05.json"", ""notes"": ""Dashboard-visible via new_build_top3 (server reads lane_a_top3 only).""}",5f269b49cf8e6e75cc4d8ffafd9394c55cd5bb38
2026-07-05,922121,NEW_BUILD_LANE_B_MODEL,lane_b,Gone In Sixty,4320814,48,race_day_scorecards[].lane_b_top3.prob,1,0.134074,5.5,4,False,False,NO_EDGE,False,False,MODEL_MISS,MODEL_MISS_NO_POLICY_LAYER,False,PROMOTION_GATED_BY_STANDING_HARD_LAW,NEW_BUILD_LANE_B_MODEL picked Gone In Sixty (SP 5.5) and it did not win.,"{""source_path"": ""data/new_build/reports/two_lane_readiness_2026_07_05.json"", ""notes"": ""Not served by the live dashboard -- present only in this local readiness file.""}",5f269b49cf8e6e75cc4d8ffafd9394c55cd5bb38
2026-07-05,922121,NEW_BUILD_LANE_B_MODEL,lane_b,Oneinthewell,7148050,49,race_day_scorecards[].lane_b_top3.prob,2,0.132482,4.33,2,False,True,LOW_DATA,False,False,MODEL_MISS,MODEL_MISS_NO_POLICY_LAYER,False,PROMOTION_GATED_BY_STANDING_HARD_LAW,NEW_BUILD_LANE_B_MODEL picked Oneinthewell (SP 4.33) and it did not win.,"{""source_path"": ""data/new_build/reports/two_lane_readiness_2026_07_05.json"", ""notes"": ""Not served by the live dashboard -- present only in this local readiness file.""}",5f269b49cf8e6e75cc4d8ffafd9394c55cd5bb38
2026-07-05,922121,NEW_BUILD_LANE_B_MODEL,lane_b,Bannister,2856069,50,race_day_scorecards[].lane_b_top3.prob,3,0.109448,17.0,6,False,False,LOW_DATA,False,False,MODEL_MISS,MODEL_MISS_NO_POLICY_LAYER,False,PROMOTION_GATED_BY_STANDING_HARD_LAW,NEW_BUILD_LANE_B_MODEL picked Bannister (SP 17.0) and it did not win.,"{""source_path"": ""data/new_build/reports/two_lane_readiness_2026_07_05.json"", ""notes"": ""Not served by the live dashboard -- present only in this local readiness file.""}",5f269b49cf8e6e75cc4d8ffafd9394c55cd5bb38
2026-07-05,922121,NEW_BUILD_LANE_C_MODEL,lane_c,Gone In Sixty,4320814,51,race_day_scorecards[].lane_c_top3.prob,1,0.561588,5.5,4,False,False,N/A (Lane C not policy-anchored),False,False,MODEL_MISS,MODEL_MISS_NO_POLICY_LAYER,False,PROMOTION_GATED_BY_STANDING_HARD_LAW,NEW_BUILD_LANE_C_MODEL picked Gone In Sixty (SP 5.5) and it did not win.,"{""source_path"": ""data/new_build/reports/two_lane_readiness_2026_07_05.json"", ""notes"": ""Not served by the live dashboard -- present only in this local readiness file.""}",5f269b49cf8e6e75cc4d8ffafd9394c55cd5bb38
2026-07-05,922121,NEW_BUILD_LANE_C_MODEL,lane_c,Oneinthewell,7148050,52,race_day_scorecards[].lane_c_top3.prob,2,0.559941,4.33,2,False,True,N/A (Lane C not policy-anchored),False,False,MODEL_MISS,MODEL_MISS_NO_POLICY_LAYER,False,PROMOTION_GATED_BY_STANDING_HARD_LAW,NEW_BUILD_LANE_C_MODEL picked Oneinthewell (SP 4.33) and it did not win.,"{""source_path"": ""data/new_build/reports/two_lane_readiness_2026_07_05.json"", ""notes"": ""Not served by the live dashboard -- present only in this local readiness file.""}",5f269b49cf8e6e75cc4d8ffafd9394c55cd5bb38
2026-07-05,922121,NEW_BUILD_LANE_C_MODEL,lane_c,Captain Connor,8418735,53,race_day_scorecards[].lane_c_top3.prob,3,0.557687,29.0,7,False,False,N/A (Lane C not policy-anchored),False,False,MODEL_MISS,MODEL_MISS_NO_POLICY_LAYER,False,PROMOTION_GATED_BY_STANDING_HARD_LAW,NEW_BUILD_LANE_C_MODEL picked Captain Connor (SP 29.0) and it did not win.,"{""source_path"": ""data/new_build/reports/two_lane_readiness_2026_07_05.json"", ""notes"": ""Not served by the live dashboard -- present only in this local readiness file.""}",5f269b49cf8e6e75cc4d8ffafd9394c55cd5bb38
2026-07-05,922121,PASSPORT_STRENGTH_SCORE_PROXY,proxy_not_a_model,Gone In Sixty,4320814,54,passport_strength_score,1,2.2,5.5,4,False,False,"N/A (feature input, not a model with a policy layer)",False,False,PROXY_NOT_A_MODEL_CLAIM,PROXY_CONTEXT_ONLY,False,PROMOTION_GATED_BY_STANDING_HARD_LAW,"PASSPORT_STRENGTH_SCORE_PROXY is a feature-engineering input, not a calibrated model output -- context only, never a model claim.","{""source_path"": ""data/new_build/current_cards/current_card_passport_feed_2026_07_05.jsonl"", ""notes"": ""This is a feature-engineering input INTO Lane A/B/C, not their output. Never cite as New Build's result.""}",5f269b49cf8e6e75cc4d8ffafd9394c55cd5bb38
2026-07-05,922121,PASSPORT_STRENGTH_SCORE_PROXY,proxy_not_a_model,Lakefield Flyer,4117778,55,passport_strength_score,2,1.55,3.75,3,False,True,"N/A (feature input, not a model with a policy layer)",False,False,PROXY_NOT_A_MODEL_CLAIM,PROXY_CONTEXT_ONLY,False,PROMOTION_GATED_BY_STANDING_HARD_LAW,"PASSPORT_STRENGTH_SCORE_PROXY is a feature-engineering input, not a calibrated model output -- context only, never a model claim.","{""source_path"": ""data/new_build/current_cards/current_card_passport_feed_2026_07_05.jsonl"", ""notes"": ""This is a feature-engineering input INTO Lane A/B/C, not their output. Never cite as New Build's result.""}",5f269b49cf8e6e75cc4d8ffafd9394c55cd5bb38
2026-07-05,922121,PASSPORT_STRENGTH_SCORE_PROXY,proxy_not_a_model,William Of York,3398275,56,passport_strength_score,3,0.75,19.0,,False,False,"N/A (feature input, not a model with a policy layer)",False,False,PROXY_NOT_A_MODEL_CLAIM,PROXY_CONTEXT_ONLY,False,PROMOTION_GATED_BY_STANDING_HARD_LAW,"PASSPORT_STRENGTH_SCORE_PROXY is a feature-engineering input, not a calibrated model output -- context only, never a model claim.","{""source_path"": ""data/new_build/current_cards/current_card_passport_feed_2026_07_05.jsonl"", ""notes"": ""This is a feature-engineering input INTO Lane A/B/C, not their output. Never cite as New Build's result.""}",5f269b49cf8e6e75cc4d8ffafd9394c55cd5bb38
2026-07-05,921917,NEW_BUILD_LANE_A_MODEL,lane_a,Paranjape,7529938,57,race_day_scorecards[].lane_a_top3.prob,1,0.110622,12.0,6,False,False,SUPPRESS,False,True,MODEL_MISS,MODEL_MISS_NO_POLICY_LAYER,False,PROMOTION_GATED_BY_STANDING_HARD_LAW,NEW_BUILD_LANE_A_MODEL picked Paranjape (SP 12.0) and it did not win.,"{""source_path"": ""data/new_build/reports/two_lane_readiness_2026_07_05.json"", ""notes"": ""Dashboard-visible via new_build_top3 (server reads lane_a_top3 only).""}",5f269b49cf8e6e75cc4d8ffafd9394c55cd5bb38
2026-07-05,921917,NEW_BUILD_LANE_A_MODEL,lane_a,Areti,8227226,58,race_day_scorecards[].lane_a_top3.prob,2,0.108286,11.0,4,False,False,SUPPRESS,False,True,MODEL_MISS,MODEL_MISS_NO_POLICY_LAYER,False,PROMOTION_GATED_BY_STANDING_HARD_LAW,NEW_BUILD_LANE_A_MODEL picked Areti (SP 11.0) and it did not win.,"{""source_path"": ""data/new_build/reports/two_lane_readiness_2026_07_05.json"", ""notes"": ""Dashboard-visible via new_build_top3 (server reads lane_a_top3 only).""}",5f269b49cf8e6e75cc4d8ffafd9394c55cd5bb38
2026-07-05,921917,NEW_BUILD_LANE_A_MODEL,lane_a,Sovereign Bay,8758166,59,race_day_scorecards[].lane_a_top3.prob,3,0.092589,23.0,13,False,False,SUPPRESS,False,True,MODEL_MISS,MODEL_MISS_NO_POLICY_LAYER,False,PROMOTION_GATED_BY_STANDING_HARD_LAW,NEW_BUILD_LANE_A_MODEL picked Sovereign Bay (SP 23.0) and it did not win.,"{""source_path"": ""data/new_build/reports/two_lane_readiness_2026_07_05.json"", ""notes"": ""Dashboard-visible via new_build_top3 (server reads lane_a_top3 only).""}",5f269b49cf8e6e75cc4d8ffafd9394c55cd5bb38
2026-07-05,921917,NEW_BUILD_LANE_B_MODEL,lane_b,Paranjape,7529938,60,race_day_scorecards[].lane_b_top3.prob,1,0.093918,12.0,6,False,False,SUPPRESS,False,False,MODEL_MISS,MODEL_MISS_NO_POLICY_LAYER,False,PROMOTION_GATED_BY_STANDING_HARD_LAW,NEW_BUILD_LANE_B_MODEL picked Paranjape (SP 12.0) and it did not win.,"{""source_path"": ""data/new_build/reports/two_lane_readiness_2026_07_05.json"", ""notes"": ""Not served by the live dashboard -- present only in this local readiness file.""}",5f269b49cf8e6e75cc4d8ffafd9394c55cd5bb38
2026-07-05,921917,NEW_BUILD_LANE_B_MODEL,lane_b,Kalokalo,7762488,61,race_day_scorecards[].lane_b_top3.prob,2,0.077853,4.0,1,True,True,SUPPRESS,False,False,MODEL_HIT_POLICY_BLOCKED,VALUE_DISCOVERY_POLICY_BLOCKED,False,PROMOTION_GATED_BY_STANDING_HARD_LAW,"NEW_BUILD_LANE_B_MODEL ranked Kalokalo (SP 4.0) as its top selection and it won -- a real value-discovery signal -- but policy_v1 classified the pick 'SUPPRESS' and did not clear it for any authorised action. This is New Build value discovery, shadow evidence only, not staking profit, not promotion.","{""source_path"": ""data/new_build/reports/two_lane_readiness_2026_07_05.json"", ""notes"": ""Not served by the live dashboard -- present only in this local readiness file.""}",5f269b49cf8e6e75cc4d8ffafd9394c55cd5bb38
2026-07-05,921917,NEW_BUILD_LANE_B_MODEL,lane_b,Areti,8227226,62,race_day_scorecards[].lane_b_top3.prob,3,0.072032,11.0,4,False,False,SUPPRESS,False,False,MODEL_MISS,MODEL_MISS_NO_POLICY_LAYER,False,PROMOTION_GATED_BY_STANDING_HARD_LAW,NEW_BUILD_LANE_B_MODEL picked Areti (SP 11.0) and it did not win.,"{""source_path"": ""data/new_build/reports/two_lane_readiness_2026_07_05.json"", ""notes"": ""Not served by the live dashboard -- present only in this local readiness file.""}",5f269b49cf8e6e75cc4d8ffafd9394c55cd5bb38
2026-07-05,921917,NEW_BUILD_LANE_C_MODEL,lane_c,Paranjape,7529938,63,race_day_scorecards[].lane_c_top3.prob,1,0.540444,12.0,6,False,False,N/A (Lane C not policy-anchored),False,False,MODEL_MISS,MODEL_MISS_NO_POLICY_LAYER,False,PROMOTION_GATED_BY_STANDING_HARD_LAW,NEW_BUILD_LANE_C_MODEL picked Paranjape (SP 12.0) and it did not win.,"{""source_path"": ""data/new_build/reports/two_lane_readiness_2026_07_05.json"", ""notes"": ""Not served by the live dashboard -- present only in this local readiness file.""}",5f269b49cf8e6e75cc4d8ffafd9394c55cd5bb38
2026-07-05,921917,NEW_BUILD_LANE_C_MODEL,lane_c,Areti,8227226,64,race_day_scorecards[].lane_c_top3.prob,2,0.535851,11.0,4,False,False,N/A (Lane C not policy-anchored),False,False,MODEL_MISS,MODEL_MISS_NO_POLICY_LAYER,False,PROMOTION_GATED_BY_STANDING_HARD_LAW,NEW_BUILD_LANE_C_MODEL picked Areti (SP 11.0) and it did not win.,"{""source_path"": ""data/new_build/reports/two_lane_readiness_2026_07_05.json"", ""notes"": ""Not served by the live dashboard -- present only in this local readiness file.""}",5f269b49cf8e6e75cc4d8ffafd9394c55cd5bb38
2026-07-05,921917,NEW_BUILD_LANE_C_MODEL,lane_c,Alpine Culture,7801966,65,race_day_scorecards[].lane_c_top3.prob,3,0.534438,6.0,11,False,False,N/A (Lane C not policy-anchored),False,False,MODEL_MISS,MODEL_MISS_NO_POLICY_LAYER,False,PROMOTION_GATED_BY_STANDING_HARD_LAW,NEW_BUILD_LANE_C_MODEL picked Alpine Culture (SP 6.0) and it did not win.,"{""source_path"": ""data/new_build/reports/two_lane_readiness_2026_07_05.json"", ""notes"": ""Not served by the live dashboard -- present only in this local readiness file.""}",5f269b49cf8e6e75cc4d8ffafd9394c55cd5bb38
2026-07-05,921917,PASSPORT_STRENGTH_SCORE_PROXY,proxy_not_a_model,Paranjape,7529938,66,passport_strength_score,1,2.5,12.0,6,False,False,"N/A (feature input, not a model with a policy layer)",False,False,PROXY_NOT_A_MODEL_CLAIM,PROXY_CONTEXT_ONLY,False,PROMOTION_GATED_BY_STANDING_HARD_LAW,"PASSPORT_STRENGTH_SCORE_PROXY is a feature-engineering input, not a calibrated model output -- context only, never a model claim.","{""source_path"": ""data/new_build/current_cards/current_card_passport_feed_2026_07_05.jsonl"", ""notes"": ""This is a feature-engineering input INTO Lane A/B/C, not their output. Never cite as New Build's result.""}",5f269b49cf8e6e75cc4d8ffafd9394c55cd5bb38
2026-07-05,921917,PASSPORT_STRENGTH_SCORE_PROXY,proxy_not_a_model,Areti,8227226,67,passport_strength_score,2,2.45,11.0,4,False,False,"N/A (feature input, not a model with a policy layer)",False,False,PROXY_NOT_A_MODEL_CLAIM,PROXY_CONTEXT_ONLY,False,PROMOTION_GATED_BY_STANDING_HARD_LAW,"PASSPORT_STRENGTH_SCORE_PROXY is a feature-engineering input, not a calibrated model output -- context only, never a model claim.","{""source_path"": ""data/new_build/current_cards/current_card_passport_feed_2026_07_05.jsonl"", ""notes"": ""This is a feature-engineering input INTO Lane A/B/C, not their output. Never cite as New Build's result.""}",5f269b49cf8e6e75cc4d8ffafd9394c55cd5bb38
2026-07-05,921917,PASSPORT_STRENGTH_SCORE_PROXY,proxy_not_a_model,Pepsea,8089293,68,passport_strength_score,3,2.05,26.0,14,False,False,"N/A (feature input, not a model with a policy layer)",False,False,PROXY_NOT_A_MODEL_CLAIM,PROXY_CONTEXT_ONLY,False,PROMOTION_GATED_BY_STANDING_HARD_LAW,"PASSPORT_STRENGTH_SCORE_PROXY is a feature-engineering input, not a calibrated model output -- context only, never a model claim.","{""source_path"": ""data/new_build/current_cards/current_card_passport_feed_2026_07_05.jsonl"", ""notes"": ""This is a feature-engineering input INTO Lane A/B/C, not their output. Never cite as New Build's result.""}",5f269b49cf8e6e75cc4d8ffafd9394c55cd5bb38
2026-07-05,922291,NEW_BUILD_LANE_A_MODEL,lane_a,Water Of Leith,3138941,69,race_day_scorecards[].lane_a_top3.prob,1,0.145175,5.5,3,False,True,NO_EDGE,False,True,MODEL_MISS,MODEL_MISS_NO_POLICY_LAYER,False,PROMOTION_GATED_BY_STANDING_HARD_LAW,NEW_BUILD_LANE_A_MODEL picked Water Of Leith (SP 5.5) and it did not win.,"{""source_path"": ""data/new_build/reports/two_lane_readiness_2026_07_05.json"", ""notes"": ""Dashboard-visible via new_build_top3 (server reads lane_a_top3 only).""}",5f269b49cf8e6e75cc4d8ffafd9394c55cd5bb38
2026-07-05,922291,NEW_BUILD_LANE_A_MODEL,lane_a,Midnight Lir,5033147,70,race_day_scorecards[].lane_a_top3.prob,2,0.133877,11.0,4,False,False,NO_EDGE,False,True,MODEL_MISS,MODEL_MISS_NO_POLICY_LAYER,False,PROMOTION_GATED_BY_STANDING_HARD_LAW,NEW_BUILD_LANE_A_MODEL picked Midnight Lir (SP 11.0) and it did not win.,"{""source_path"": ""data/new_build/reports/two_lane_readiness_2026_07_05.json"", ""notes"": ""Dashboard-visible via new_build_top3 (server reads lane_a_top3 only).""}",5f269b49cf8e6e75cc4d8ffafd9394c55cd5bb38
2026-07-05,922291,NEW_BUILD_LANE_A_MODEL,lane_a,Woohoo,5410664,71,race_day_scorecards[].lane_a_top3.prob,3,0.127288,4.5,2,False,True,NO_EDGE,False,True,MODEL_MISS,MODEL_MISS_NO_POLICY_LAYER,False,PROMOTION_GATED_BY_STANDING_HARD_LAW,NEW_BUILD_LANE_A_MODEL picked Woohoo (SP 4.5) and it did not win.,"{""source_path"": ""data/new_build/reports/two_lane_readiness_2026_07_05.json"", ""notes"": ""Dashboard-visible via new_build_top3 (server reads lane_a_top3 only).""}",5f269b49cf8e6e75cc4d8ffafd9394c55cd5bb38
2026-07-05,922291,NEW_BUILD_LANE_B_MODEL,lane_b,Water Of Leith,3138941,72,race_day_scorecards[].lane_b_top3.prob,1,0.133071,5.5,3,False,True,NO_EDGE,False,False,MODEL_MISS,MODEL_MISS_NO_POLICY_LAYER,False,PROMOTION_GATED_BY_STANDING_HARD_LAW,NEW_BUILD_LANE_B_MODEL picked Water Of Leith (SP 5.5) and it did not win.,"{""source_path"": ""data/new_build/reports/two_lane_readiness_2026_07_05.json"", ""notes"": ""Not served by the live dashboard -- present only in this local readiness file.""}",5f269b49cf8e6e75cc4d8ffafd9394c55cd5bb38
2026-07-05,922291,NEW_BUILD_LANE_B_MODEL,lane_b,Midnight Lir,5033147,73,race_day_scorecards[].lane_b_top3.prob,2,0.126121,11.0,4,False,False,NO_EDGE,False,False,MODEL_MISS,MODEL_MISS_NO_POLICY_LAYER,False,PROMOTION_GATED_BY_STANDING_HARD_LAW,NEW_BUILD_LANE_B_MODEL picked Midnight Lir (SP 11.0) and it did not win.,"{""source_path"": ""data/new_build/reports/two_lane_readiness_2026_07_05.json"", ""notes"": ""Not served by the live dashboard -- present only in this local readiness file.""}",5f269b49cf8e6e75cc4d8ffafd9394c55cd5bb38
2026-07-05,922291,NEW_BUILD_LANE_B_MODEL,lane_b,Woohoo,5410664,74,race_day_scorecards[].lane_b_top3.prob,3,0.121881,4.5,2,False,True,NO_EDGE,False,False,MODEL_MISS,MODEL_MISS_NO_POLICY_LAYER,False,PROMOTION_GATED_BY_STANDING_HARD_LAW,NEW_BUILD_LANE_B_MODEL picked Woohoo (SP 4.5) and it did not win.,"{""source_path"": ""data/new_build/reports/two_lane_readiness_2026_07_05.json"", ""notes"": ""Not served by the live dashboard -- present only in this local readiness file.""}",5f269b49cf8e6e75cc4d8ffafd9394c55cd5bb38
2026-07-05,922291,NEW_BUILD_LANE_C_MODEL,lane_c,Water Of Leith,3138941,75,race_day_scorecards[].lane_c_top3.prob,1,0.562471,5.5,3,False,True,N/A (Lane C not policy-anchored),False,False,MODEL_MISS,MODEL_MISS_NO_POLICY_LAYER,False,PROMOTION_GATED_BY_STANDING_HARD_LAW,NEW_BUILD_LANE_C_MODEL picked Water Of Leith (SP 5.5) and it did not win.,"{""source_path"": ""data/new_build/reports/two_lane_readiness_2026_07_05.json"", ""notes"": ""Not served by the live dashboard -- present only in this local readiness file.""}",5f269b49cf8e6e75cc4d8ffafd9394c55cd5bb38
2026-07-05,922291,NEW_BUILD_LANE_C_MODEL,lane_c,Midnight Lir,5033147,76,race_day_scorecards[].lane_c_top3.prob,2,0.561096,11.0,4,False,False,N/A (Lane C not policy-anchored),False,False,MODEL_MISS,MODEL_MISS_NO_POLICY_LAYER,False,PROMOTION_GATED_BY_STANDING_HARD_LAW,NEW_BUILD_LANE_C_MODEL picked Midnight Lir (SP 11.0) and it did not win.,"{""source_path"": ""data/new_build/reports/two_lane_readiness_2026_07_05.json"", ""notes"": ""Not served by the live dashboard -- present only in this local readiness file.""}",5f269b49cf8e6e75cc4d8ffafd9394c55cd5bb38
2026-07-05,922291,NEW_BUILD_LANE_C_MODEL,lane_c,Our Absent Friends,2996828,77,race_day_scorecards[].lane_c_top3.prob,3,0.557953,3.5,7,False,False,N/A (Lane C not policy-anchored),False,False,MODEL_MISS,MODEL_MISS_NO_POLICY_LAYER,False,PROMOTION_GATED_BY_STANDING_HARD_LAW,NEW_BUILD_LANE_C_MODEL picked Our Absent Friends (SP 3.5) and it did not win.,"{""source_path"": ""data/new_build/reports/two_lane_readiness_2026_07_05.json"", ""notes"": ""Not served by the live dashboard -- present only in this local readiness file.""}",5f269b49cf8e6e75cc4d8ffafd9394c55cd5bb38
2026-07-05,922291,PASSPORT_STRENGTH_SCORE_PROXY,proxy_not_a_model,Water Of Leith,3138941,78,passport_strength_score,1,1.85,5.5,3,False,True,"N/A (feature input, not a model with a policy layer)",False,False,PROXY_NOT_A_MODEL_CLAIM,PROXY_CONTEXT_ONLY,False,PROMOTION_GATED_BY_STANDING_HARD_LAW,"PASSPORT_STRENGTH_SCORE_PROXY is a feature-engineering input, not a calibrated model output -- context only, never a model claim.","{""source_path"": ""data/new_build/current_cards/current_card_passport_feed_2026_07_05.jsonl"", ""notes"": ""This is a feature-engineering input INTO Lane A/B/C, not their output. Never cite as New Build's result.""}",5f269b49cf8e6e75cc4d8ffafd9394c55cd5bb38
2026-07-05,921921,NEW_BUILD_LANE_B_MODEL,lane_b,Onemorenomore,5051945,96,race_day_scorecards[].lane_b_top3.prob,1,0.097711,4.0,3,False,True,SUPPRESS,False,False,MODEL_MISS,MODEL_MISS_NO_POLICY_LAYER,False,PROMOTION_GATED_BY_STANDING_HARD_LAW,NEW_BUILD_LANE_B_MODEL picked Onemorenomore (SP 4.0) and it did not win.,"{""source_path"": ""data/new_build/reports/two_lane_readiness_2026_07_05.json"", ""notes"": ""Not served by the live dashboard -- present only in this local readiness file.""}",5f269b49cf8e6e75cc4d8ffafd9394c55cd5bb38
2026-07-05,922291,PASSPORT_STRENGTH_SCORE_PROXY,proxy_not_a_model,Who Wants Me,6046646,79,passport_strength_score,2,1.3,4.0,1,True,True,"N/A (feature input, not a model with a policy layer)",False,False,PROXY_NOT_A_MODEL_CLAIM,PROXY_CONTEXT_ONLY,False,PROMOTION_GATED_BY_STANDING_HARD_LAW,"PASSPORT_STRENGTH_SCORE_PROXY is a feature-engineering input, not a calibrated model output -- context only, never a model claim.","{""source_path"": ""data/new_build/current_cards/current_card_passport_feed_2026_07_05.jsonl"", ""notes"": ""This is a feature-engineering input INTO Lane A/B/C, not their output. Never cite as New Build's result.""}",5f269b49cf8e6e75cc4d8ffafd9394c55cd5bb38
2026-07-05,922291,PASSPORT_STRENGTH_SCORE_PROXY,proxy_not_a_model,Woohoo,5410664,80,passport_strength_score,3,1.2,4.5,2,False,True,"N/A (feature input, not a model with a policy layer)",False,False,PROXY_NOT_A_MODEL_CLAIM,PROXY_CONTEXT_ONLY,False,PROMOTION_GATED_BY_STANDING_HARD_LAW,"PASSPORT_STRENGTH_SCORE_PROXY is a feature-engineering input, not a calibrated model output -- context only, never a model claim.","{""source_path"": ""data/new_build/current_cards/current_card_passport_feed_2026_07_05.jsonl"", ""notes"": ""This is a feature-engineering input INTO Lane A/B/C, not their output. Never cite as New Build's result.""}",5f269b49cf8e6e75cc4d8ffafd9394c55cd5bb38
2026-07-05,922118,NEW_BUILD_LANE_A_MODEL,lane_a,Little Lady Rock,7618350,81,race_day_scorecards[].lane_a_top3.prob,1,0.217898,41.0,1,True,True,NO_EDGE,False,True,MODEL_HIT_POLICY_BLOCKED,VALUE_DISCOVERY_POLICY_BLOCKED,False,POLICY_NO_EDGE_AND_SINGLE_DAY_EVIDENCE,"NEW_BUILD_LANE_A_MODEL ranked Little Lady Rock (SP 41.0) as its top selection and it won -- a real value-discovery signal -- but policy_v1 classified the pick 'NO_EDGE' and did not clear it for any authorised action. This is New Build value discovery, shadow evidence only, not staking profit, not promotion.","{""source_path"": ""data/new_build/reports/two_lane_readiness_2026_07_05.json"", ""notes"": ""Dashboard-visible via new_build_top3 (server reads lane_a_top3 only).""}",5f269b49cf8e6e75cc4d8ffafd9394c55cd5bb38
2026-07-05,922118,NEW_BUILD_LANE_A_MODEL,lane_a,Way Maker,7753413,82,race_day_scorecards[].lane_a_top3.prob,2,0.156355,1.83,3,False,True,NO_EDGE,False,True,MODEL_MISS,MODEL_MISS_NO_POLICY_LAYER,False,PROMOTION_GATED_BY_STANDING_HARD_LAW,NEW_BUILD_LANE_A_MODEL picked Way Maker (SP 1.83) and it did not win.,"{""source_path"": ""data/new_build/reports/two_lane_readiness_2026_07_05.json"", ""notes"": ""Dashboard-visible via new_build_top3 (server reads lane_a_top3 only).""}",5f269b49cf8e6e75cc4d8ffafd9394c55cd5bb38
2026-07-05,922118,NEW_BUILD_LANE_A_MODEL,lane_a,Military Saint,7436503,83,race_day_scorecards[].lane_a_top3.prob,3,0.140188,29.0,,False,False,LOW_DATA,False,True,MODEL_MISS,MODEL_MISS_NO_POLICY_LAYER,False,PROMOTION_GATED_BY_STANDING_HARD_LAW,NEW_BUILD_LANE_A_MODEL picked Military Saint (SP 29.0) and it did not win.,"{""source_path"": ""data/new_build/reports/two_lane_readiness_2026_07_05.json"", ""notes"": ""Dashboard-visible via new_build_top3 (server reads lane_a_top3 only).""}",5f269b49cf8e6e75cc4d8ffafd9394c55cd5bb38
2026-07-05,922118,NEW_BUILD_LANE_B_MODEL,lane_b,Little Lady Rock,7618350,84,race_day_scorecards[].lane_b_top3.prob,1,0.167947,41.0,1,True,True,NO_EDGE,False,False,MODEL_HIT_POLICY_BLOCKED,VALUE_DISCOVERY_POLICY_BLOCKED,False,POLICY_NO_EDGE_AND_SINGLE_DAY_EVIDENCE,"NEW_BUILD_LANE_B_MODEL ranked Little Lady Rock (SP 41.0) as its top selection and it won -- a real value-discovery signal -- but policy_v1 classified the pick 'NO_EDGE' and did not clear it for any authorised action. This is New Build value discovery, shadow evidence only, not staking profit, not promotion.","{""source_path"": ""data/new_build/reports/two_lane_readiness_2026_07_05.json"", ""notes"": ""Not served by the live dashboard -- present only in this local readiness file.""}",5f269b49cf8e6e75cc4d8ffafd9394c55cd5bb38
2026-07-05,922118,NEW_BUILD_LANE_B_MODEL,lane_b,Way Maker,7753413,85,race_day_scorecards[].lane_b_top3.prob,2,0.160766,1.83,3,False,True,NO_EDGE,False,False,MODEL_MISS,MODEL_MISS_NO_POLICY_LAYER,False,PROMOTION_GATED_BY_STANDING_HARD_LAW,NEW_BUILD_LANE_B_MODEL picked Way Maker (SP 1.83) and it did not win.,"{""source_path"": ""data/new_build/reports/two_lane_readiness_2026_07_05.json"", ""notes"": ""Not served by the live dashboard -- present only in this local readiness file.""}",5f269b49cf8e6e75cc4d8ffafd9394c55cd5bb38
2026-07-05,922118,NEW_BUILD_LANE_B_MODEL,lane_b,Military Saint,7436503,86,race_day_scorecards[].lane_b_top3.prob,3,0.122882,29.0,,False,False,LOW_DATA,False,False,MODEL_MISS,MODEL_MISS_NO_POLICY_LAYER,False,PROMOTION_GATED_BY_STANDING_HARD_LAW,NEW_BUILD_LANE_B_MODEL picked Military Saint (SP 29.0) and it did not win.,"{""source_path"": ""data/new_build/reports/two_lane_readiness_2026_07_05.json"", ""notes"": ""Not served by the live dashboard -- present only in this local readiness file.""}",5f269b49cf8e6e75cc4d8ffafd9394c55cd5bb38
2026-07-05,922118,NEW_BUILD_LANE_C_MODEL,lane_c,Way Maker,7753413,87,race_day_scorecards[].lane_c_top3.prob,1,0.576332,1.83,3,False,True,N/A (Lane C not policy-anchored),False,False,MODEL_MISS,MODEL_MISS_NO_POLICY_LAYER,False,PROMOTION_GATED_BY_STANDING_HARD_LAW,NEW_BUILD_LANE_C_MODEL picked Way Maker (SP 1.83) and it did not win.,"{""source_path"": ""data/new_build/reports/two_lane_readiness_2026_07_05.json"", ""notes"": ""Not served by the live dashboard -- present only in this local readiness file.""}",5f269b49cf8e6e75cc4d8ffafd9394c55cd5bb38
2026-07-05,922118,NEW_BUILD_LANE_C_MODEL,lane_c,Little Lady Rock,7618350,88,race_day_scorecards[].lane_c_top3.prob,2,0.570826,41.0,1,True,True,N/A (Lane C not policy-anchored),False,False,MODEL_HIT_POLICY_BLOCKED,VALUE_DISCOVERY_POLICY_BLOCKED,False,PROMOTION_GATED_BY_STANDING_HARD_LAW,"NEW_BUILD_LANE_C_MODEL ranked Little Lady Rock (SP 41.0) as its top selection and it won -- a real value-discovery signal -- but policy_v1 classified the pick 'N/A (Lane C not policy-anchored)' and did not clear it for any authorised action. This is New Build value discovery, shadow evidence only, not staking profit, not promotion.","{""source_path"": ""data/new_build/reports/two_lane_readiness_2026_07_05.json"", ""notes"": ""Not served by the live dashboard -- present only in this local readiness file.""}",5f269b49cf8e6e75cc4d8ffafd9394c55cd5bb38
2026-07-05,922118,NEW_BUILD_LANE_C_MODEL,lane_c,Brosna Town,5301550,89,race_day_scorecards[].lane_c_top3.prob,3,0.564287,8.5,2,False,True,N/A (Lane C not policy-anchored),False,False,MODEL_MISS,MODEL_MISS_NO_POLICY_LAYER,False,PROMOTION_GATED_BY_STANDING_HARD_LAW,NEW_BUILD_LANE_C_MODEL picked Brosna Town (SP 8.5) and it did not win.,"{""source_path"": ""data/new_build/reports/two_lane_readiness_2026_07_05.json"", ""notes"": ""Not served by the live dashboard -- present only in this local readiness file.""}",5f269b49cf8e6e75cc4d8ffafd9394c55cd5bb38
2026-07-05,922118,PASSPORT_STRENGTH_SCORE_PROXY,proxy_not_a_model,Way Maker,7753413,90,passport_strength_score,1,2.95,1.83,3,False,True,"N/A (feature input, not a model with a policy layer)",False,False,PROXY_NOT_A_MODEL_CLAIM,PROXY_CONTEXT_ONLY,False,PROMOTION_GATED_BY_STANDING_HARD_LAW,"PASSPORT_STRENGTH_SCORE_PROXY is a feature-engineering input, not a calibrated model output -- context only, never a model claim.","{""source_path"": ""data/new_build/current_cards/current_card_passport_feed_2026_07_05.jsonl"", ""notes"": ""This is a feature-engineering input INTO Lane A/B/C, not their output. Never cite as New Build's result.""}",5f269b49cf8e6e75cc4d8ffafd9394c55cd5bb38
2026-07-05,922118,PASSPORT_STRENGTH_SCORE_PROXY,proxy_not_a_model,Little Lady Rock,7618350,91,passport_strength_score,2,2.9,41.0,1,True,True,"N/A (feature input, not a model with a policy layer)",False,False,PROXY_NOT_A_MODEL_CLAIM,PROXY_CONTEXT_ONLY,False,PROMOTION_GATED_BY_STANDING_HARD_LAW,"PASSPORT_STRENGTH_SCORE_PROXY is a feature-engineering input, not a calibrated model output -- context only, never a model claim.","{""source_path"": ""data/new_build/current_cards/current_card_passport_feed_2026_07_05.jsonl"", ""notes"": ""This is a feature-engineering input INTO Lane A/B/C, not their output. Never cite as New Build's result.""}",5f269b49cf8e6e75cc4d8ffafd9394c55cd5bb38
2026-07-05,922118,PASSPORT_STRENGTH_SCORE_PROXY,proxy_not_a_model,Rogue Impact,6278720,92,passport_strength_score,3,0.75,3.0,4,False,False,"N/A (feature input, not a model with a policy layer)",False,False,PROXY_NOT_A_MODEL_CLAIM,PROXY_CONTEXT_ONLY,False,PROMOTION_GATED_BY_STANDING_HARD_LAW,"PASSPORT_STRENGTH_SCORE_PROXY is a feature-engineering input, not a calibrated model output -- context only, never a model claim.","{""source_path"": ""data/new_build/current_cards/current_card_passport_feed_2026_07_05.jsonl"", ""notes"": ""This is a feature-engineering input INTO Lane A/B/C, not their output. Never cite as New Build's result.""}",5f269b49cf8e6e75cc4d8ffafd9394c55cd5bb38
2026-07-05,921921,NEW_BUILD_LANE_A_MODEL,lane_a,Anthropologist,5776282,93,race_day_scorecards[].lane_a_top3.prob,1,0.104535,6.5,4,False,False,SUPPRESS,False,True,MODEL_MISS,MODEL_MISS_NO_POLICY_LAYER,False,PROMOTION_GATED_BY_STANDING_HARD_LAW,NEW_BUILD_LANE_A_MODEL picked Anthropologist (SP 6.5) and it did not win.,"{""source_path"": ""data/new_build/reports/two_lane_readiness_2026_07_05.json"", ""notes"": ""Dashboard-visible via new_build_top3 (server reads lane_a_top3 only).""}",5f269b49cf8e6e75cc4d8ffafd9394c55cd5bb38
2026-07-05,921921,NEW_BUILD_LANE_A_MODEL,lane_a,Onemorenomore,5051945,94,race_day_scorecards[].lane_a_top3.prob,2,0.10171,4.0,3,False,True,SUPPRESS,False,True,MODEL_MISS,MODEL_MISS_NO_POLICY_LAYER,False,PROMOTION_GATED_BY_STANDING_HARD_LAW,NEW_BUILD_LANE_A_MODEL picked Onemorenomore (SP 4.0) and it did not win.,"{""source_path"": ""data/new_build/reports/two_lane_readiness_2026_07_05.json"", ""notes"": ""Dashboard-visible via new_build_top3 (server reads lane_a_top3 only).""}",5f269b49cf8e6e75cc4d8ffafd9394c55cd5bb38
2026-07-05,921921,NEW_BUILD_LANE_A_MODEL,lane_a,Jimmy Knocker,5668388,95,race_day_scorecards[].lane_a_top3.prob,3,0.094527,34.0,5,False,False,LOW_DATA,False,True,MODEL_MISS,MODEL_MISS_NO_POLICY_LAYER,False,PROMOTION_GATED_BY_STANDING_HARD_LAW,NEW_BUILD_LANE_A_MODEL picked Jimmy Knocker (SP 34.0) and it did not win.,"{""source_path"": ""data/new_build/reports/two_lane_readiness_2026_07_05.json"", ""notes"": ""Dashboard-visible via new_build_top3 (server reads lane_a_top3 only).""}",5f269b49cf8e6e75cc4d8ffafd9394c55cd5bb38
2026-07-05,921921,NEW_BUILD_LANE_B_MODEL,lane_b,Anthropologist,5776282,97,race_day_scorecards[].lane_b_top3.prob,2,0.093808,6.5,4,False,False,SUPPRESS,False,False,MODEL_MISS,MODEL_MISS_NO_POLICY_LAYER,False,PROMOTION_GATED_BY_STANDING_HARD_LAW,NEW_BUILD_LANE_B_MODEL picked Anthropologist (SP 6.5) and it did not win.,"{""source_path"": ""data/new_build/reports/two_lane_readiness_2026_07_05.json"", ""notes"": ""Not served by the live dashboard -- present only in this local readiness file.""}",5f269b49cf8e6e75cc4d8ffafd9394c55cd5bb38
2026-07-05,921921,NEW_BUILD_LANE_B_MODEL,lane_b,Suhub,6265747,98,race_day_scorecards[].lane_b_top3.prob,3,0.092509,15.0,10,False,False,SUPPRESS,False,False,MODEL_MISS,MODEL_MISS_NO_POLICY_LAYER,False,PROMOTION_GATED_BY_STANDING_HARD_LAW,NEW_BUILD_LANE_B_MODEL picked Suhub (SP 15.0) and it did not win.,"{""source_path"": ""data/new_build/reports/two_lane_readiness_2026_07_05.json"", ""notes"": ""Not served by the live dashboard -- present only in this local readiness file.""}",5f269b49cf8e6e75cc4d8ffafd9394c55cd5bb38
2026-07-05,921921,NEW_BUILD_LANE_C_MODEL,lane_c,Wadacre Maestro,7583029,99,race_day_scorecards[].lane_c_top3.prob,1,0.544777,13.0,2,False,True,N/A (Lane C not policy-anchored),False,False,MODEL_MISS,MODEL_MISS_NO_POLICY_LAYER,False,PROMOTION_GATED_BY_STANDING_HARD_LAW,NEW_BUILD_LANE_C_MODEL picked Wadacre Maestro (SP 13.0) and it did not win.,"{""source_path"": ""data/new_build/reports/two_lane_readiness_2026_07_05.json"", ""notes"": ""Not served by the live dashboard -- present only in this local readiness file.""}",5f269b49cf8e6e75cc4d8ffafd9394c55cd5bb38
2026-07-05,921921,NEW_BUILD_LANE_C_MODEL,lane_c,Jimmy Knocker,5668388,100,race_day_scorecards[].lane_c_top3.prob,2,0.544222,34.0,5,False,False,N/A (Lane C not policy-anchored),False,False,MODEL_MISS,MODEL_MISS_NO_POLICY_LAYER,False,PROMOTION_GATED_BY_STANDING_HARD_LAW,NEW_BUILD_LANE_C_MODEL picked Jimmy Knocker (SP 34.0) and it did not win.,"{""source_path"": ""data/new_build/reports/two_lane_readiness_2026_07_05.json"", ""notes"": ""Not served by the live dashboard -- present only in this local readiness file.""}",5f269b49cf8e6e75cc4d8ffafd9394c55cd5bb38
2026-07-05,921921,NEW_BUILD_LANE_C_MODEL,lane_c,Onemorenomore,5051945,101,race_day_scorecards[].lane_c_top3.prob,3,0.543605,4.0,3,False,True,N/A (Lane C not policy-anchored),False,False,MODEL_MISS,MODEL_MISS_NO_POLICY_LAYER,False,PROMOTION_GATED_BY_STANDING_HARD_LAW,NEW_BUILD_LANE_C_MODEL picked Onemorenomore (SP 4.0) and it did not win.,"{""source_path"": ""data/new_build/reports/two_lane_readiness_2026_07_05.json"", ""notes"": ""Not served by the live dashboard -- present only in this local readiness file.""}",5f269b49cf8e6e75cc4d8ffafd9394c55cd5bb38
2026-07-05,921921,PASSPORT_STRENGTH_SCORE_PROXY,proxy_not_a_model,Anthropologist,5776282,102,passport_strength_score,1,1.85,6.5,4,False,False,"N/A (feature input, not a model with a policy layer)",False,False,PROXY_NOT_A_MODEL_CLAIM,PROXY_CONTEXT_ONLY,False,PROMOTION_GATED_BY_STANDING_HARD_LAW,"PASSPORT_STRENGTH_SCORE_PROXY is a feature-engineering input, not a calibrated model output -- context only, never a model claim.","{""source_path"": ""data/new_build/current_cards/current_card_passport_feed_2026_07_05.jsonl"", ""notes"": ""This is a feature-engineering input INTO Lane A/B/C, not their output. Never cite as New Build's result.""}",5f269b49cf8e6e75cc4d8ffafd9394c55cd5bb38
2026-07-05,921921,PASSPORT_STRENGTH_SCORE_PROXY,proxy_not_a_model,Onemorenomore,5051945,103,passport_strength_score,2,1.4,4.0,3,False,True,"N/A (feature input, not a model with a policy layer)",False,False,PROXY_NOT_A_MODEL_CLAIM,PROXY_CONTEXT_ONLY,False,PROMOTION_GATED_BY_STANDING_HARD_LAW,"PASSPORT_STRENGTH_SCORE_PROXY is a feature-engineering input, not a calibrated model output -- context only, never a model claim.","{""source_path"": ""data/new_build/current_cards/current_card_passport_feed_2026_07_05.jsonl"", ""notes"": ""This is a feature-engineering input INTO Lane A/B/C, not their output. Never cite as New Build's result.""}",5f269b49cf8e6e75cc4d8ffafd9394c55cd5bb38
2026-07-05,921921,PASSPORT_STRENGTH_SCORE_PROXY,proxy_not_a_model,Surprised,6345381,104,passport_strength_score,3,1.15,21.0,7,False,False,"N/A (feature input, not a model with a policy layer)",False,False,PROXY_NOT_A_MODEL_CLAIM,PROXY_CONTEXT_ONLY,False,PROMOTION_GATED_BY_STANDING_HARD_LAW,"PASSPORT_STRENGTH_SCORE_PROXY is a feature-engineering input, not a calibrated model output -- context only, never a model claim.","{""source_path"": ""data/new_build/current_cards/current_card_passport_feed_2026_07_05.jsonl"", ""notes"": ""This is a feature-engineering input INTO Lane A/B/C, not their output. Never cite as New Build's result.""}",5f269b49cf8e6e75cc4d8ffafd9394c55cd5bb38
2026-07-05,922290,NEW_BUILD_LANE_A_MODEL,lane_a,Conciliate,9258986,105,race_day_scorecards[].lane_a_top3.prob,1,0.210785,3.25,1,True,True,LOW_DATA,False,True,MODEL_HIT_POLICY_BLOCKED,VALUE_DISCOVERY_POLICY_BLOCKED,False,PROMOTION_GATED_BY_STANDING_HARD_LAW,"NEW_BUILD_LANE_A_MODEL ranked Conciliate (SP 3.25) as its top selection and it won -- a real value-discovery signal -- but policy_v1 classified the pick 'LOW_DATA' and did not clear it for any authorised action. This is New Build value discovery, shadow evidence only, not staking profit, not promotion.","{""source_path"": ""data/new_build/reports/two_lane_readiness_2026_07_05.json"", ""notes"": ""Dashboard-visible via new_build_top3 (server reads lane_a_top3 only).""}",5f269b49cf8e6e75cc4d8ffafd9394c55cd5bb38
2026-07-05,922290,NEW_BUILD_LANE_A_MODEL,lane_a,Instant Force,9312924,106,race_day_scorecards[].lane_a_top3.prob,2,0.209892,1.44,2,False,True,LOW_DATA,False,True,MODEL_MISS,MODEL_MISS_NO_POLICY_LAYER,False,PROMOTION_GATED_BY_STANDING_HARD_LAW,NEW_BUILD_LANE_A_MODEL picked Instant Force (SP 1.44) and it did not win.,"{""source_path"": ""data/new_build/reports/two_lane_readiness_2026_07_05.json"", ""notes"": ""Dashboard-visible via new_build_top3 (server reads lane_a_top3 only).""}",5f269b49cf8e6e75cc4d8ffafd9394c55cd5bb38
2026-07-05,922290,NEW_BUILD_LANE_A_MODEL,lane_a,Trumpety Trump,9485657,107,race_day_scorecards[].lane_a_top3.prob,3,0.209747,34.0,3,False,True,LOW_DATA,False,True,MODEL_MISS,MODEL_MISS_NO_POLICY_LAYER,False,PROMOTION_GATED_BY_STANDING_HARD_LAW,NEW_BUILD_LANE_A_MODEL picked Trumpety Trump (SP 34.0) and it did not win.,"{""source_path"": ""data/new_build/reports/two_lane_readiness_2026_07_05.json"", ""notes"": ""Dashboard-visible via new_build_top3 (server reads lane_a_top3 only).""}",5f269b49cf8e6e75cc4d8ffafd9394c55cd5bb38
2026-07-05,922290,NEW_BUILD_LANE_B_MODEL,lane_b,Influencer Man,9485658,108,race_day_scorecards[].lane_b_top3.prob,1,0.194263,17.0,4,False,False,LOW_DATA,False,False,MODEL_MISS,MODEL_MISS_NO_POLICY_LAYER,False,PROMOTION_GATED_BY_STANDING_HARD_LAW,NEW_BUILD_LANE_B_MODEL picked Influencer Man (SP 17.0) and it did not win.,"{""source_path"": ""data/new_build/reports/two_lane_readiness_2026_07_05.json"", ""notes"": ""Not served by the live dashboard -- present only in this local readiness file.""}",5f269b49cf8e6e75cc4d8ffafd9394c55cd5bb38
2026-07-05,922290,NEW_BUILD_LANE_B_MODEL,lane_b,Trumpety Trump,9485657,109,race_day_scorecards[].lane_b_top3.prob,2,0.194263,34.0,3,False,True,LOW_DATA,False,False,MODEL_MISS,MODEL_MISS_NO_POLICY_LAYER,False,PROMOTION_GATED_BY_STANDING_HARD_LAW,NEW_BUILD_LANE_B_MODEL picked Trumpety Trump (SP 34.0) and it did not win.,"{""source_path"": ""data/new_build/reports/two_lane_readiness_2026_07_05.json"", ""notes"": ""Not served by the live dashboard -- present only in this local readiness file.""}",5f269b49cf8e6e75cc4d8ffafd9394c55cd5bb38
2026-07-05,922290,NEW_BUILD_LANE_B_MODEL,lane_b,Instant Force,9312924,110,race_day_scorecards[].lane_b_top3.prob,3,0.193856,1.44,2,False,True,LOW_DATA,False,False,MODEL_MISS,MODEL_MISS_NO_POLICY_LAYER,False,PROMOTION_GATED_BY_STANDING_HARD_LAW,NEW_BUILD_LANE_B_MODEL picked Instant Force (SP 1.44) and it did not win.,"{""source_path"": ""data/new_build/reports/two_lane_readiness_2026_07_05.json"", ""notes"": ""Not served by the live dashboard -- present only in this local readiness file.""}",5f269b49cf8e6e75cc4d8ffafd9394c55cd5bb38
2026-07-05,922290,NEW_BUILD_LANE_C_MODEL,lane_c,Conciliate,9258986,111,race_day_scorecards[].lane_c_top3.prob,1,0.600508,3.25,1,True,True,N/A (Lane C not policy-anchored),False,False,MODEL_HIT_POLICY_BLOCKED,VALUE_DISCOVERY_POLICY_BLOCKED,False,PROMOTION_GATED_BY_STANDING_HARD_LAW,"NEW_BUILD_LANE_C_MODEL ranked Conciliate (SP 3.25) as its top selection and it won -- a real value-discovery signal -- but policy_v1 classified the pick 'N/A (Lane C not policy-anchored)' and did not clear it for any authorised action. This is New Build value discovery, shadow evidence only, not staking profit, not promotion.","{""source_path"": ""data/new_build/reports/two_lane_readiness_2026_07_05.json"", ""notes"": ""Not served by the live dashboard -- present only in this local readiness file.""}",5f269b49cf8e6e75cc4d8ffafd9394c55cd5bb38
2026-07-05,922290,NEW_BUILD_LANE_C_MODEL,lane_c,Trumpety Trump,9485657,112,race_day_scorecards[].lane_c_top3.prob,2,0.600508,34.0,3,False,True,N/A (Lane C not policy-anchored),False,False,MODEL_MISS,MODEL_MISS_NO_POLICY_LAYER,False,PROMOTION_GATED_BY_STANDING_HARD_LAW,NEW_BUILD_LANE_C_MODEL picked Trumpety Trump (SP 34.0) and it did not win.,"{""source_path"": ""data/new_build/reports/two_lane_readiness_2026_07_05.json"", ""notes"": ""Not served by the live dashboard -- present only in this local readiness file.""}",5f269b49cf8e6e75cc4d8ffafd9394c55cd5bb38
2026-07-05,922290,NEW_BUILD_LANE_C_MODEL,lane_c,Instant Force,9312924,113,race_day_scorecards[].lane_c_top3.prob,3,0.599595,1.44,2,False,True,N/A (Lane C not policy-anchored),False,False,MODEL_MISS,MODEL_MISS_NO_POLICY_LAYER,False,PROMOTION_GATED_BY_STANDING_HARD_LAW,NEW_BUILD_LANE_C_MODEL picked Instant Force (SP 1.44) and it did not win.,"{""source_path"": ""data/new_build/reports/two_lane_readiness_2026_07_05.json"", ""notes"": ""Not served by the live dashboard -- present only in this local readiness file.""}",5f269b49cf8e6e75cc4d8ffafd9394c55cd5bb38
2026-07-05,922290,PASSPORT_STRENGTH_SCORE_PROXY,proxy_not_a_model,Instant Force,9312924,114,passport_strength_score,1,-1.0,1.44,2,False,True,"N/A (feature input, not a model with a policy layer)",False,False,PROXY_NOT_A_MODEL_CLAIM,PROXY_CONTEXT_ONLY,False,PROMOTION_GATED_BY_STANDING_HARD_LAW,"PASSPORT_STRENGTH_SCORE_PROXY is a feature-engineering input, not a calibrated model output -- context only, never a model claim.","{""source_path"": ""data/new_build/current_cards/current_card_passport_feed_2026_07_05.jsonl"", ""notes"": ""This is a feature-engineering input INTO Lane A/B/C, not their output. Never cite as New Build's result.""}",5f269b49cf8e6e75cc4d8ffafd9394c55cd5bb38
2026-07-05,922290,PASSPORT_STRENGTH_SCORE_PROXY,proxy_not_a_model,Conciliate,9258986,115,passport_strength_score,2,-1.0,3.25,1,True,True,"N/A (feature input, not a model with a policy layer)",False,False,PROXY_NOT_A_MODEL_CLAIM,PROXY_CONTEXT_ONLY,False,PROMOTION_GATED_BY_STANDING_HARD_LAW,"PASSPORT_STRENGTH_SCORE_PROXY is a feature-engineering input, not a calibrated model output -- context only, never a model claim.","{""source_path"": ""data/new_build/current_cards/current_card_passport_feed_2026_07_05.jsonl"", ""notes"": ""This is a feature-engineering input INTO Lane A/B/C, not their output. Never cite as New Build's result.""}",5f269b49cf8e6e75cc4d8ffafd9394c55cd5bb38
2026-07-05,922290,PASSPORT_STRENGTH_SCORE_PROXY,proxy_not_a_model,Influencer Man,9485658,116,passport_strength_score,3,-1.0,17.0,4,False,False,"N/A (feature input, not a model with a policy layer)",False,False,PROXY_NOT_A_MODEL_CLAIM,PROXY_CONTEXT_ONLY,False,PROMOTION_GATED_BY_STANDING_HARD_LAW,"PASSPORT_STRENGTH_SCORE_PROXY is a feature-engineering input, not a calibrated model output -- context only, never a model claim.","{""source_path"": ""data/new_build/current_cards/current_card_passport_feed_2026_07_05.jsonl"", ""notes"": ""This is a feature-engineering input INTO Lane A/B/C, not their output. Never cite as New Build's result.""}",5f269b49cf8e6e75cc4d8ffafd9394c55cd5bb38
2026-07-05,922119,NEW_BUILD_LANE_A_MODEL,lane_a,Granny Hawkins,5073237,117,race_day_scorecards[].lane_a_top3.prob,1,0.165471,5.0,3,False,True,NO_EDGE,False,True,MODEL_MISS,MODEL_MISS_NO_POLICY_LAYER,False,PROMOTION_GATED_BY_STANDING_HARD_LAW,NEW_BUILD_LANE_A_MODEL picked Granny Hawkins (SP 5.0) and it did not win.,"{""source_path"": ""data/new_build/reports/two_lane_readiness_2026_07_05.json"", ""notes"": ""Dashboard-visible via new_build_top3 (server reads lane_a_top3 only).""}",5f269b49cf8e6e75cc4d8ffafd9394c55cd5bb38
2026-07-05,922119,NEW_BUILD_LANE_A_MODEL,lane_a,Fidendum,5848874,118,race_day_scorecards[].lane_a_top3.prob,2,0.127452,2.88,1,True,True,LOW_DATA,False,True,MODEL_HIT_POLICY_BLOCKED,VALUE_DISCOVERY_POLICY_BLOCKED,False,PROMOTION_GATED_BY_STANDING_HARD_LAW,"NEW_BUILD_LANE_A_MODEL ranked Fidendum (SP 2.88) as its top selection and it won -- a real value-discovery signal -- but policy_v1 classified the pick 'LOW_DATA' and did not clear it for any authorised action. This is New Build value discovery, shadow evidence only, not staking profit, not promotion.","{""source_path"": ""data/new_build/reports/two_lane_readiness_2026_07_05.json"", ""notes"": ""Dashboard-visible via new_build_top3 (server reads lane_a_top3 only).""}",5f269b49cf8e6e75cc4d8ffafd9394c55cd5bb38
2026-07-05,922119,NEW_BUILD_LANE_A_MODEL,lane_a,Crown Of India,5218313,119,race_day_scorecards[].lane_a_top3.prob,3,0.119996,8.0,2,False,True,LOW_DATA,False,True,MODEL_MISS,MODEL_MISS_NO_POLICY_LAYER,False,PROMOTION_GATED_BY_STANDING_HARD_LAW,NEW_BUILD_LANE_A_MODEL picked Crown Of India (SP 8.0) and it did not win.,"{""source_path"": ""data/new_build/reports/two_lane_readiness_2026_07_05.json"", ""notes"": ""Dashboard-visible via new_build_top3 (server reads lane_a_top3 only).""}",5f269b49cf8e6e75cc4d8ffafd9394c55cd5bb38
2026-07-05,922119,NEW_BUILD_LANE_B_MODEL,lane_b,Granny Hawkins,5073237,120,race_day_scorecards[].lane_b_top3.prob,1,0.132125,5.0,3,False,True,NO_EDGE,False,False,MODEL_MISS,MODEL_MISS_NO_POLICY_LAYER,False,PROMOTION_GATED_BY_STANDING_HARD_LAW,NEW_BUILD_LANE_B_MODEL picked Granny Hawkins (SP 5.0) and it did not win.,"{""source_path"": ""data/new_build/reports/two_lane_readiness_2026_07_05.json"", ""notes"": ""Not served by the live dashboard -- present only in this local readiness file.""}",5f269b49cf8e6e75cc4d8ffafd9394c55cd5bb38
2026-07-05,922119,NEW_BUILD_LANE_B_MODEL,lane_b,Fidendum,5848874,121,race_day_scorecards[].lane_b_top3.prob,2,0.12813,2.88,1,True,True,LOW_DATA,False,False,MODEL_HIT_POLICY_BLOCKED,VALUE_DISCOVERY_POLICY_BLOCKED,False,PROMOTION_GATED_BY_STANDING_HARD_LAW,"NEW_BUILD_LANE_B_MODEL ranked Fidendum (SP 2.88) as its top selection and it won -- a real value-discovery signal -- but policy_v1 classified the pick 'LOW_DATA' and did not clear it for any authorised action. This is New Build value discovery, shadow evidence only, not staking profit, not promotion.","{""source_path"": ""data/new_build/reports/two_lane_readiness_2026_07_05.json"", ""notes"": ""Not served by the live dashboard -- present only in this local readiness file.""}",5f269b49cf8e6e75cc4d8ffafd9394c55cd5bb38
2026-07-05,922119,NEW_BUILD_LANE_B_MODEL,lane_b,Tilehurst,6578000,122,race_day_scorecards[].lane_b_top3.prob,3,0.118678,4.5,5,False,False,LOW_DATA,False,False,MODEL_MISS,MODEL_MISS_NO_POLICY_LAYER,False,PROMOTION_GATED_BY_STANDING_HARD_LAW,NEW_BUILD_LANE_B_MODEL picked Tilehurst (SP 4.5) and it did not win.,"{""source_path"": ""data/new_build/reports/two_lane_readiness_2026_07_05.json"", ""notes"": ""Not served by the live dashboard -- present only in this local readiness file.""}",5f269b49cf8e6e75cc4d8ffafd9394c55cd5bb38
2026-07-05,922119,NEW_BUILD_LANE_C_MODEL,lane_c,Crown Of India,5218313,123,race_day_scorecards[].lane_c_top3.prob,1,0.563937,8.0,2,False,True,N/A (Lane C not policy-anchored),False,False,MODEL_MISS,MODEL_MISS_NO_POLICY_LAYER,False,PROMOTION_GATED_BY_STANDING_HARD_LAW,NEW_BUILD_LANE_C_MODEL picked Crown Of India (SP 8.0) and it did not win.,"{""source_path"": ""data/new_build/reports/two_lane_readiness_2026_07_05.json"", ""notes"": ""Not served by the live dashboard -- present only in this local readiness file.""}",5f269b49cf8e6e75cc4d8ffafd9394c55cd5bb38
2026-07-05,922119,NEW_BUILD_LANE_C_MODEL,lane_c,Tilehurst,6578000,124,race_day_scorecards[].lane_c_top3.prob,2,0.563277,4.5,5,False,False,N/A (Lane C not policy-anchored),False,False,MODEL_MISS,MODEL_MISS_NO_POLICY_LAYER,False,PROMOTION_GATED_BY_STANDING_HARD_LAW,NEW_BUILD_LANE_C_MODEL picked Tilehurst (SP 4.5) and it did not win.,"{""source_path"": ""data/new_build/reports/two_lane_readiness_2026_07_05.json"", ""notes"": ""Not served by the live dashboard -- present only in this local readiness file.""}",5f269b49cf8e6e75cc4d8ffafd9394c55cd5bb38
2026-07-05,922119,NEW_BUILD_LANE_C_MODEL,lane_c,Kaikoura,5554968,125,race_day_scorecards[].lane_c_top3.prob,3,0.562537,29.0,4,False,False,N/A (Lane C not policy-anchored),False,False,MODEL_MISS,MODEL_MISS_NO_POLICY_LAYER,False,PROMOTION_GATED_BY_STANDING_HARD_LAW,NEW_BUILD_LANE_C_MODEL picked Kaikoura (SP 29.0) and it did not win.,"{""source_path"": ""data/new_build/reports/two_lane_readiness_2026_07_05.json"", ""notes"": ""Not served by the live dashboard -- present only in this local readiness file.""}",5f269b49cf8e6e75cc4d8ffafd9394c55cd5bb38
2026-07-05,922119,PASSPORT_STRENGTH_SCORE_PROXY,proxy_not_a_model,Granny Hawkins,5073237,126,passport_strength_score,1,3.75,5.0,3,False,True,"N/A (feature input, not a model with a policy layer)",False,False,PROXY_NOT_A_MODEL_CLAIM,PROXY_CONTEXT_ONLY,False,PROMOTION_GATED_BY_STANDING_HARD_LAW,"PASSPORT_STRENGTH_SCORE_PROXY is a feature-engineering input, not a calibrated model output -- context only, never a model claim.","{""source_path"": ""data/new_build/current_cards/current_card_passport_feed_2026_07_05.jsonl"", ""notes"": ""This is a feature-engineering input INTO Lane A/B/C, not their output. Never cite as New Build's result.""}",5f269b49cf8e6e75cc4d8ffafd9394c55cd5bb38
2026-07-05,922119,PASSPORT_STRENGTH_SCORE_PROXY,proxy_not_a_model,Crown Of India,5218313,127,passport_strength_score,2,-1.0,8.0,2,False,True,"N/A (feature input, not a model with a policy layer)",False,False,PROXY_NOT_A_MODEL_CLAIM,PROXY_CONTEXT_ONLY,False,PROMOTION_GATED_BY_STANDING_HARD_LAW,"PASSPORT_STRENGTH_SCORE_PROXY is a feature-engineering input, not a calibrated model output -- context only, never a model claim.","{""source_path"": ""data/new_build/current_cards/current_card_passport_feed_2026_07_05.jsonl"", ""notes"": ""This is a feature-engineering input INTO Lane A/B/C, not their output. Never cite as New Build's result.""}",5f269b49cf8e6e75cc4d8ffafd9394c55cd5bb38
2026-07-05,922119,PASSPORT_STRENGTH_SCORE_PROXY,proxy_not_a_model,Fidendum,5848874,128,passport_strength_score,3,-1.0,2.88,1,True,True,"N/A (feature input, not a model with a policy layer)",False,False,PROXY_NOT_A_MODEL_CLAIM,PROXY_CONTEXT_ONLY,False,PROMOTION_GATED_BY_STANDING_HARD_LAW,"PASSPORT_STRENGTH_SCORE_PROXY is a feature-engineering input, not a calibrated model output -- context only, never a model claim.","{""source_path"": ""data/new_build/current_cards/current_card_passport_feed_2026_07_05.jsonl"", ""notes"": ""This is a feature-engineering input INTO Lane A/B/C, not their output. Never cite as New Build's result.""}",5f269b49cf8e6e75cc4d8ffafd9394c55cd5bb38
2026-07-05,924344,NEW_BUILD_LANE_A_MODEL,lane_a,Crystal Dagger,7847666,129,race_day_scorecards[].lane_a_top3.prob,1,0.110596,34.0,8,False,False,SUPPRESS,False,True,MODEL_MISS,MODEL_MISS_NO_POLICY_LAYER,False,PROMOTION_GATED_BY_STANDING_HARD_LAW,NEW_BUILD_LANE_A_MODEL picked Crystal Dagger (SP 34.0) and it did not win.,"{""source_path"": ""data/new_build/reports/two_lane_readiness_2026_07_05.json"", ""notes"": ""Dashboard-visible via new_build_top3 (server reads lane_a_top3 only).""}",5f269b49cf8e6e75cc4d8ffafd9394c55cd5bb38
2026-07-05,924344,NEW_BUILD_LANE_A_MODEL,lane_a,King Of Fury,5216517,130,race_day_scorecards[].lane_a_top3.prob,2,0.110418,4.0,1,True,True,NO_EDGE,False,True,MODEL_HIT_POLICY_BLOCKED,VALUE_DISCOVERY_POLICY_BLOCKED,False,PROMOTION_GATED_BY_STANDING_HARD_LAW,"NEW_BUILD_LANE_A_MODEL ranked King Of Fury (SP 4.0) as its top selection and it won -- a real value-discovery signal -- but policy_v1 classified the pick 'NO_EDGE' and did not clear it for any authorised action. This is New Build value discovery, shadow evidence only, not staking profit, not promotion.","{""source_path"": ""data/new_build/reports/two_lane_readiness_2026_07_05.json"", ""notes"": ""Dashboard-visible via new_build_top3 (server reads lane_a_top3 only).""}",5f269b49cf8e6e75cc4d8ffafd9394c55cd5bb38
2026-07-05,924344,NEW_BUILD_LANE_A_MODEL,lane_a,Blazing Son,3092712,131,race_day_scorecards[].lane_a_top3.prob,3,0.104878,7.0,3,False,True,SUPPRESS,False,True,MODEL_MISS,MODEL_MISS_NO_POLICY_LAYER,False,PROMOTION_GATED_BY_STANDING_HARD_LAW,NEW_BUILD_LANE_A_MODEL picked Blazing Son (SP 7.0) and it did not win.,"{""source_path"": ""data/new_build/reports/two_lane_readiness_2026_07_05.json"", ""notes"": ""Dashboard-visible via new_build_top3 (server reads lane_a_top3 only).""}",5f269b49cf8e6e75cc4d8ffafd9394c55cd5bb38
2026-07-05,924344,NEW_BUILD_LANE_B_MODEL,lane_b,Portman Blue,8693249,132,race_day_scorecards[].lane_b_top3.prob,1,0.106886,12.0,6,False,False,SUPPRESS,False,False,MODEL_MISS,MODEL_MISS_NO_POLICY_LAYER,False,PROMOTION_GATED_BY_STANDING_HARD_LAW,NEW_BUILD_LANE_B_MODEL picked Portman Blue (SP 12.0) and it did not win.,"{""source_path"": ""data/new_build/reports/two_lane_readiness_2026_07_05.json"", ""notes"": ""Not served by the live dashboard -- present only in this local readiness file.""}",5f269b49cf8e6e75cc4d8ffafd9394c55cd5bb38
2026-07-05,924344,NEW_BUILD_LANE_B_MODEL,lane_b,King Of Fury,5216517,133,race_day_scorecards[].lane_b_top3.prob,2,0.10235,4.0,1,True,True,NO_EDGE,False,False,MODEL_HIT_POLICY_BLOCKED,VALUE_DISCOVERY_POLICY_BLOCKED,False,PROMOTION_GATED_BY_STANDING_HARD_LAW,"NEW_BUILD_LANE_B_MODEL ranked King Of Fury (SP 4.0) as its top selection and it won -- a real value-discovery signal -- but policy_v1 classified the pick 'NO_EDGE' and did not clear it for any authorised action. This is New Build value discovery, shadow evidence only, not staking profit, not promotion.","{""source_path"": ""data/new_build/reports/two_lane_readiness_2026_07_05.json"", ""notes"": ""Not served by the live dashboard -- present only in this local readiness file.""}",5f269b49cf8e6e75cc4d8ffafd9394c55cd5bb38
2026-07-05,924344,NEW_BUILD_LANE_B_MODEL,lane_b,Crystal Dagger,7847666,134,race_day_scorecards[].lane_b_top3.prob,3,0.096149,34.0,8,False,False,SUPPRESS,False,False,MODEL_MISS,MODEL_MISS_NO_POLICY_LAYER,False,PROMOTION_GATED_BY_STANDING_HARD_LAW,NEW_BUILD_LANE_B_MODEL picked Crystal Dagger (SP 34.0) and it did not win.,"{""source_path"": ""data/new_build/reports/two_lane_readiness_2026_07_05.json"", ""notes"": ""Not served by the live dashboard -- present only in this local readiness file.""}",5f269b49cf8e6e75cc4d8ffafd9394c55cd5bb38
2026-07-05,924344,NEW_BUILD_LANE_C_MODEL,lane_c,King Of Fury,5216517,135,race_day_scorecards[].lane_c_top3.prob,1,0.549451,4.0,1,True,True,N/A (Lane C not policy-anchored),False,False,MODEL_HIT_POLICY_BLOCKED,VALUE_DISCOVERY_POLICY_BLOCKED,False,PROMOTION_GATED_BY_STANDING_HARD_LAW,"NEW_BUILD_LANE_C_MODEL ranked King Of Fury (SP 4.0) as its top selection and it won -- a real value-discovery signal -- but policy_v1 classified the pick 'N/A (Lane C not policy-anchored)' and did not clear it for any authorised action. This is New Build value discovery, shadow evidence only, not staking profit, not promotion.","{""source_path"": ""data/new_build/reports/two_lane_readiness_2026_07_05.json"", ""notes"": ""Not served by the live dashboard -- present only in this local readiness file.""}",5f269b49cf8e6e75cc4d8ffafd9394c55cd5bb38
2026-07-05,924344,NEW_BUILD_LANE_C_MODEL,lane_c,Blazing Son,3092712,136,race_day_scorecards[].lane_c_top3.prob,2,0.548144,7.0,3,False,True,N/A (Lane C not policy-anchored),False,False,MODEL_MISS,MODEL_MISS_NO_POLICY_LAYER,False,PROMOTION_GATED_BY_STANDING_HARD_LAW,NEW_BUILD_LANE_C_MODEL picked Blazing Son (SP 7.0) and it did not win.,"{""source_path"": ""data/new_build/reports/two_lane_readiness_2026_07_05.json"", ""notes"": ""Not served by the live dashboard -- present only in this local readiness file.""}",5f269b49cf8e6e75cc4d8ffafd9394c55cd5bb38
2026-07-05,924344,NEW_BUILD_LANE_C_MODEL,lane_c,Crystal Dagger,7847666,137,race_day_scorecards[].lane_c_top3.prob,3,0.547384,34.0,8,False,False,N/A (Lane C not policy-anchored),False,False,MODEL_MISS,MODEL_MISS_NO_POLICY_LAYER,False,PROMOTION_GATED_BY_STANDING_HARD_LAW,NEW_BUILD_LANE_C_MODEL picked Crystal Dagger (SP 34.0) and it did not win.,"{""source_path"": ""data/new_build/reports/two_lane_readiness_2026_07_05.json"", ""notes"": ""Not served by the live dashboard -- present only in this local readiness file.""}",5f269b49cf8e6e75cc4d8ffafd9394c55cd5bb38
2026-07-05,924344,PASSPORT_STRENGTH_SCORE_PROXY,proxy_not_a_model,Pickersgill,6287950,138,passport_strength_score,1,1.6,5.5,2,False,True,"N/A (feature input, not a model with a policy layer)",False,False,PROXY_NOT_A_MODEL_CLAIM,PROXY_CONTEXT_ONLY,False,PROMOTION_GATED_BY_STANDING_HARD_LAW,"PASSPORT_STRENGTH_SCORE_PROXY is a feature-engineering input, not a calibrated model output -- context only, never a model claim.","{""source_path"": ""data/new_build/current_cards/current_card_passport_feed_2026_07_05.jsonl"", ""notes"": ""This is a feature-engineering input INTO Lane A/B/C, not their output. Never cite as New Build's result.""}",5f269b49cf8e6e75cc4d8ffafd9394c55cd5bb38
2026-07-05,924344,PASSPORT_STRENGTH_SCORE_PROXY,proxy_not_a_model,Shamacid,5884252,139,passport_strength_score,2,1.3,8.0,5,False,False,"N/A (feature input, not a model with a policy layer)",False,False,PROXY_NOT_A_MODEL_CLAIM,PROXY_CONTEXT_ONLY,False,PROMOTION_GATED_BY_STANDING_HARD_LAW,"PASSPORT_STRENGTH_SCORE_PROXY is a feature-engineering input, not a calibrated model output -- context only, never a model claim.","{""source_path"": ""data/new_build/current_cards/current_card_passport_feed_2026_07_05.jsonl"", ""notes"": ""This is a feature-engineering input INTO Lane A/B/C, not their output. Never cite as New Build's result.""}",5f269b49cf8e6e75cc4d8ffafd9394c55cd5bb38
2026-07-05,924344,PASSPORT_STRENGTH_SCORE_PROXY,proxy_not_a_model,Blazing Son,3092712,140,passport_strength_score,3,1.15,7.0,3,False,True,"N/A (feature input, not a model with a policy layer)",False,False,PROXY_NOT_A_MODEL_CLAIM,PROXY_CONTEXT_ONLY,False,PROMOTION_GATED_BY_STANDING_HARD_LAW,"PASSPORT_STRENGTH_SCORE_PROXY is a feature-engineering input, not a calibrated model output -- context only, never a model claim.","{""source_path"": ""data/new_build/current_cards/current_card_passport_feed_2026_07_05.jsonl"", ""notes"": ""This is a feature-engineering input INTO Lane A/B/C, not their output. Never cite as New Build's result.""}",5f269b49cf8e6e75cc4d8ffafd9394c55cd5bb38
2026-07-05,922289,NEW_BUILD_LANE_A_MODEL,lane_a,Altareq,7390860,141,race_day_scorecards[].lane_a_top3.prob,1,0.105769,3.25,1,True,True,SUPPRESS,False,True,MODEL_HIT_POLICY_BLOCKED,VALUE_DISCOVERY_POLICY_BLOCKED,False,PROMOTION_GATED_BY_STANDING_HARD_LAW,"NEW_BUILD_LANE_A_MODEL ranked Altareq (SP 3.25) as its top selection and it won -- a real value-discovery signal -- but policy_v1 classified the pick 'SUPPRESS' and did not clear it for any authorised action. This is New Build value discovery, shadow evidence only, not staking profit, not promotion.","{""source_path"": ""data/new_build/reports/two_lane_readiness_2026_07_05.json"", ""notes"": ""Dashboard-visible via new_build_top3 (server reads lane_a_top3 only).""}",5f269b49cf8e6e75cc4d8ffafd9394c55cd5bb38
2026-07-05,922289,NEW_BUILD_LANE_A_MODEL,lane_a,Kokanee,6679883,142,race_day_scorecards[].lane_a_top3.prob,2,0.105349,4.33,8,False,False,SUPPRESS,False,True,MODEL_MISS,MODEL_MISS_NO_POLICY_LAYER,False,PROMOTION_GATED_BY_STANDING_HARD_LAW,NEW_BUILD_LANE_A_MODEL picked Kokanee (SP 4.33) and it did not win.,"{""source_path"": ""data/new_build/reports/two_lane_readiness_2026_07_05.json"", ""notes"": ""Dashboard-visible via new_build_top3 (server reads lane_a_top3 only).""}",5f269b49cf8e6e75cc4d8ffafd9394c55cd5bb38
2026-07-05,922289,NEW_BUILD_LANE_A_MODEL,lane_a,Ouro Preto,5251970,143,race_day_scorecards[].lane_a_top3.prob,3,0.091856,41.0,9,False,False,SUPPRESS,False,True,MODEL_MISS,MODEL_MISS_NO_POLICY_LAYER,False,PROMOTION_GATED_BY_STANDING_HARD_LAW,NEW_BUILD_LANE_A_MODEL picked Ouro Preto (SP 41.0) and it did not win.,"{""source_path"": ""data/new_build/reports/two_lane_readiness_2026_07_05.json"", ""notes"": ""Dashboard-visible via new_build_top3 (server reads lane_a_top3 only).""}",5f269b49cf8e6e75cc4d8ffafd9394c55cd5bb38
2026-07-05,922289,NEW_BUILD_LANE_B_MODEL,lane_b,Kokanee,6679883,144,race_day_scorecards[].lane_b_top3.prob,1,0.093387,4.33,8,False,False,SUPPRESS,False,False,MODEL_MISS,MODEL_MISS_NO_POLICY_LAYER,False,PROMOTION_GATED_BY_STANDING_HARD_LAW,NEW_BUILD_LANE_B_MODEL picked Kokanee (SP 4.33) and it did not win.,"{""source_path"": ""data/new_build/reports/two_lane_readiness_2026_07_05.json"", ""notes"": ""Not served by the live dashboard -- present only in this local readiness file.""}",5f269b49cf8e6e75cc4d8ffafd9394c55cd5bb38
2026-07-05,922289,NEW_BUILD_LANE_B_MODEL,lane_b,Ouro Preto,5251970,145,race_day_scorecards[].lane_b_top3.prob,2,0.09003,41.0,9,False,False,SUPPRESS,False,False,MODEL_MISS,MODEL_MISS_NO_POLICY_LAYER,False,PROMOTION_GATED_BY_STANDING_HARD_LAW,NEW_BUILD_LANE_B_MODEL picked Ouro Preto (SP 41.0) and it did not win.,"{""source_path"": ""data/new_build/reports/two_lane_readiness_2026_07_05.json"", ""notes"": ""Not served by the live dashboard -- present only in this local readiness file.""}",5f269b49cf8e6e75cc4d8ffafd9394c55cd5bb38
2026-07-05,922289,NEW_BUILD_LANE_B_MODEL,lane_b,Thyer,5162466,146,race_day_scorecards[].lane_b_top3.prob,3,0.087696,6.0,5,False,False,LOW_DATA,False,False,MODEL_MISS,MODEL_MISS_NO_POLICY_LAYER,False,PROMOTION_GATED_BY_STANDING_HARD_LAW,NEW_BUILD_LANE_B_MODEL picked Thyer (SP 6.0) and it did not win.,"{""source_path"": ""data/new_build/reports/two_lane_readiness_2026_07_05.json"", ""notes"": ""Not served by the live dashboard -- present only in this local readiness file.""}",5f269b49cf8e6e75cc4d8ffafd9394c55cd5bb38
2026-07-05,922289,NEW_BUILD_LANE_C_MODEL,lane_c,Thyer,5162466,147,race_day_scorecards[].lane_c_top3.prob,1,0.544928,6.0,5,False,False,N/A (Lane C not policy-anchored),False,False,MODEL_MISS,MODEL_MISS_NO_POLICY_LAYER,False,PROMOTION_GATED_BY_STANDING_HARD_LAW,NEW_BUILD_LANE_C_MODEL picked Thyer (SP 6.0) and it did not win.,"{""source_path"": ""data/new_build/reports/two_lane_readiness_2026_07_05.json"", ""notes"": ""Not served by the live dashboard -- present only in this local readiness file.""}",5f269b49cf8e6e75cc4d8ffafd9394c55cd5bb38
2026-07-05,922289,NEW_BUILD_LANE_C_MODEL,lane_c,Break The Bank,5237880,148,race_day_scorecards[].lane_c_top3.prob,2,0.543684,41.0,2,False,True,N/A (Lane C not policy-anchored),False,False,MODEL_MISS,MODEL_MISS_NO_POLICY_LAYER,False,PROMOTION_GATED_BY_STANDING_HARD_LAW,NEW_BUILD_LANE_C_MODEL picked Break The Bank (SP 41.0) and it did not win.,"{""source_path"": ""data/new_build/reports/two_lane_readiness_2026_07_05.json"", ""notes"": ""Not served by the live dashboard -- present only in this local readiness file.""}",5f269b49cf8e6e75cc4d8ffafd9394c55cd5bb38
2026-07-05,922289,NEW_BUILD_LANE_C_MODEL,lane_c,Mao Shang Wong,7324765,149,race_day_scorecards[].lane_c_top3.prob,3,0.543522,6.0,7,False,False,N/A (Lane C not policy-anchored),False,False,MODEL_MISS,MODEL_MISS_NO_POLICY_LAYER,False,PROMOTION_GATED_BY_STANDING_HARD_LAW,NEW_BUILD_LANE_C_MODEL picked Mao Shang Wong (SP 6.0) and it did not win.,"{""source_path"": ""data/new_build/reports/two_lane_readiness_2026_07_05.json"", ""notes"": ""Not served by the live dashboard -- present only in this local readiness file.""}",5f269b49cf8e6e75cc4d8ffafd9394c55cd5bb38
2026-07-05,922289,PASSPORT_STRENGTH_SCORE_PROXY,proxy_not_a_model,Altareq,7390860,150,passport_strength_score,1,1.95,3.25,1,True,True,"N/A (feature input, not a model with a policy layer)",False,False,PROXY_NOT_A_MODEL_CLAIM,PROXY_CONTEXT_ONLY,False,PROMOTION_GATED_BY_STANDING_HARD_LAW,"PASSPORT_STRENGTH_SCORE_PROXY is a feature-engineering input, not a calibrated model output -- context only, never a model claim.","{""source_path"": ""data/new_build/current_cards/current_card_passport_feed_2026_07_05.jsonl"", ""notes"": ""This is a feature-engineering input INTO Lane A/B/C, not their output. Never cite as New Build's result.""}",5f269b49cf8e6e75cc4d8ffafd9394c55cd5bb38
2026-07-05,922289,PASSPORT_STRENGTH_SCORE_PROXY,proxy_not_a_model,Kokanee,6679883,151,passport_strength_score,2,1.8,4.33,8,False,False,"N/A (feature input, not a model with a policy layer)",False,False,PROXY_NOT_A_MODEL_CLAIM,PROXY_CONTEXT_ONLY,False,PROMOTION_GATED_BY_STANDING_HARD_LAW,"PASSPORT_STRENGTH_SCORE_PROXY is a feature-engineering input, not a calibrated model output -- context only, never a model claim.","{""source_path"": ""data/new_build/current_cards/current_card_passport_feed_2026_07_05.jsonl"", ""notes"": ""This is a feature-engineering input INTO Lane A/B/C, not their output. Never cite as New Build's result.""}",5f269b49cf8e6e75cc4d8ffafd9394c55cd5bb38
2026-07-05,922289,PASSPORT_STRENGTH_SCORE_PROXY,proxy_not_a_model,Idyllic,5403096,152,passport_strength_score,3,1.2,34.0,4,False,False,"N/A (feature input, not a model with a policy layer)",False,False,PROXY_NOT_A_MODEL_CLAIM,PROXY_CONTEXT_ONLY,False,PROMOTION_GATED_BY_STANDING_HARD_LAW,"PASSPORT_STRENGTH_SCORE_PROXY is a feature-engineering input, not a calibrated model output -- context only, never a model claim.","{""source_path"": ""data/new_build/current_cards/current_card_passport_feed_2026_07_05.jsonl"", ""notes"": ""This is a feature-engineering input INTO Lane A/B/C, not their output. Never cite as New Build's result.""}",5f269b49cf8e6e75cc4d8ffafd9394c55cd5bb38
2026-07-05,922123,NEW_BUILD_LANE_A_MODEL,lane_a,Copper Beach,4031460,153,race_day_scorecards[].lane_a_top3.prob,1,0.111171,4.5,9,False,False,SUPPRESS,False,True,MODEL_MISS,MODEL_MISS_NO_POLICY_LAYER,False,PROMOTION_GATED_BY_STANDING_HARD_LAW,NEW_BUILD_LANE_A_MODEL picked Copper Beach (SP 4.5) and it did not win.,"{""source_path"": ""data/new_build/reports/two_lane_readiness_2026_07_05.json"", ""notes"": ""Dashboard-visible via new_build_top3 (server reads lane_a_top3 only).""}",5f269b49cf8e6e75cc4d8ffafd9394c55cd5bb38
2026-07-05,922123,NEW_BUILD_LANE_A_MODEL,lane_a,Larkfield Lusive,5098067,154,race_day_scorecards[].lane_a_top3.prob,2,0.09955,9.5,11,False,False,SUPPRESS,False,True,MODEL_MISS,MODEL_MISS_NO_POLICY_LAYER,False,PROMOTION_GATED_BY_STANDING_HARD_LAW,NEW_BUILD_LANE_A_MODEL picked Larkfield Lusive (SP 9.5) and it did not win.,"{""source_path"": ""data/new_build/reports/two_lane_readiness_2026_07_05.json"", ""notes"": ""Dashboard-visible via new_build_top3 (server reads lane_a_top3 only).""}",5f269b49cf8e6e75cc4d8ffafd9394c55cd5bb38
2026-07-05,922123,NEW_BUILD_LANE_A_MODEL,lane_a,Indian Sunbird,3974508,155,race_day_scorecards[].lane_a_top3.prob,3,0.095041,12.0,6,False,False,SUPPRESS,False,True,MODEL_MISS,MODEL_MISS_NO_POLICY_LAYER,False,PROMOTION_GATED_BY_STANDING_HARD_LAW,NEW_BUILD_LANE_A_MODEL picked Indian Sunbird (SP 12.0) and it did not win.,"{""source_path"": ""data/new_build/reports/two_lane_readiness_2026_07_05.json"", ""notes"": ""Dashboard-visible via new_build_top3 (server reads lane_a_top3 only).""}",5f269b49cf8e6e75cc4d8ffafd9394c55cd5bb38
2026-07-05,922123,NEW_BUILD_LANE_B_MODEL,lane_b,Lunar Morning,7303417,156,race_day_scorecards[].lane_b_top3.prob,1,0.097423,17.0,5,False,False,LOW_DATA,False,False,MODEL_MISS,MODEL_MISS_NO_POLICY_LAYER,False,PROMOTION_GATED_BY_STANDING_HARD_LAW,NEW_BUILD_LANE_B_MODEL picked Lunar Morning (SP 17.0) and it did not win.,"{""source_path"": ""data/new_build/reports/two_lane_readiness_2026_07_05.json"", ""notes"": ""Not served by the live dashboard -- present only in this local readiness file.""}",5f269b49cf8e6e75cc4d8ffafd9394c55cd5bb38
2026-07-05,922123,NEW_BUILD_LANE_B_MODEL,lane_b,Beny Nahar Road,4003966,157,race_day_scorecards[].lane_b_top3.prob,2,0.093504,17.0,10,False,False,LOW_DATA,False,False,MODEL_MISS,MODEL_MISS_NO_POLICY_LAYER,False,PROMOTION_GATED_BY_STANDING_HARD_LAW,NEW_BUILD_LANE_B_MODEL picked Beny Nahar Road (SP 17.0) and it did not win.,"{""source_path"": ""data/new_build/reports/two_lane_readiness_2026_07_05.json"", ""notes"": ""Not served by the live dashboard -- present only in this local readiness file.""}",5f269b49cf8e6e75cc4d8ffafd9394c55cd5bb38
2026-07-05,922123,NEW_BUILD_LANE_B_MODEL,lane_b,Ramaah,5237853,158,race_day_scorecards[].lane_b_top3.prob,3,0.082712,26.0,3,False,True,SUPPRESS,False,False,MODEL_MISS,MODEL_MISS_NO_POLICY_LAYER,False,PROMOTION_GATED_BY_STANDING_HARD_LAW,NEW_BUILD_LANE_B_MODEL picked Ramaah (SP 26.0) and it did not win.,"{""source_path"": ""data/new_build/reports/two_lane_readiness_2026_07_05.json"", ""notes"": ""Not served by the live dashboard -- present only in this local readiness file.""}",5f269b49cf8e6e75cc4d8ffafd9394c55cd5bb38
2026-07-05,922123,NEW_BUILD_LANE_C_MODEL,lane_c,Lunar Morning,7303417,159,race_day_scorecards[].lane_c_top3.prob,1,0.541863,17.0,5,False,False,N/A (Lane C not policy-anchored),False,False,MODEL_MISS,MODEL_MISS_NO_POLICY_LAYER,False,PROMOTION_GATED_BY_STANDING_HARD_LAW,NEW_BUILD_LANE_C_MODEL picked Lunar Morning (SP 17.0) and it did not win.,"{""source_path"": ""data/new_build/reports/two_lane_readiness_2026_07_05.json"", ""notes"": ""Not served by the live dashboard -- present only in this local readiness file.""}",5f269b49cf8e6e75cc4d8ffafd9394c55cd5bb38
2026-07-05,922123,NEW_BUILD_LANE_C_MODEL,lane_c,Larkfield Lusive,5098067,160,race_day_scorecards[].lane_c_top3.prob,2,0.541581,9.5,11,False,False,N/A (Lane C not policy-anchored),False,False,MODEL_MISS,MODEL_MISS_NO_POLICY_LAYER,False,PROMOTION_GATED_BY_STANDING_HARD_LAW,NEW_BUILD_LANE_C_MODEL picked Larkfield Lusive (SP 9.5) and it did not win.,"{""source_path"": ""data/new_build/reports/two_lane_readiness_2026_07_05.json"", ""notes"": ""Not served by the live dashboard -- present only in this local readiness file.""}",5f269b49cf8e6e75cc4d8ffafd9394c55cd5bb38
2026-07-05,922123,NEW_BUILD_LANE_C_MODEL,lane_c,Indian Sunbird,3974508,161,race_day_scorecards[].lane_c_top3.prob,3,0.541395,12.0,6,False,False,N/A (Lane C not policy-anchored),False,False,MODEL_MISS,MODEL_MISS_NO_POLICY_LAYER,False,PROMOTION_GATED_BY_STANDING_HARD_LAW,NEW_BUILD_LANE_C_MODEL picked Indian Sunbird (SP 12.0) and it did not win.,"{""source_path"": ""data/new_build/reports/two_lane_readiness_2026_07_05.json"", ""notes"": ""Not served by the live dashboard -- present only in this local readiness file.""}",5f269b49cf8e6e75cc4d8ffafd9394c55cd5bb38
2026-07-05,922123,PASSPORT_STRENGTH_SCORE_PROXY,proxy_not_a_model,Larkfield Lusive,5098067,162,passport_strength_score,1,2.8,9.5,11,False,False,"N/A (feature input, not a model with a policy layer)",False,False,PROXY_NOT_A_MODEL_CLAIM,PROXY_CONTEXT_ONLY,False,PROMOTION_GATED_BY_STANDING_HARD_LAW,"PASSPORT_STRENGTH_SCORE_PROXY is a feature-engineering input, not a calibrated model output -- context only, never a model claim.","{""source_path"": ""data/new_build/current_cards/current_card_passport_feed_2026_07_05.jsonl"", ""notes"": ""This is a feature-engineering input INTO Lane A/B/C, not their output. Never cite as New Build's result.""}",5f269b49cf8e6e75cc4d8ffafd9394c55cd5bb38
2026-07-05,922123,PASSPORT_STRENGTH_SCORE_PROXY,proxy_not_a_model,Copper Beach,4031460,163,passport_strength_score,2,1.95,4.5,9,False,False,"N/A (feature input, not a model with a policy layer)",False,False,PROXY_NOT_A_MODEL_CLAIM,PROXY_CONTEXT_ONLY,False,PROMOTION_GATED_BY_STANDING_HARD_LAW,"PASSPORT_STRENGTH_SCORE_PROXY is a feature-engineering input, not a calibrated model output -- context only, never a model claim.","{""source_path"": ""data/new_build/current_cards/current_card_passport_feed_2026_07_05.jsonl"", ""notes"": ""This is a feature-engineering input INTO Lane A/B/C, not their output. Never cite as New Build's result.""}",5f269b49cf8e6e75cc4d8ffafd9394c55cd5bb38
2026-07-05,922123,PASSPORT_STRENGTH_SCORE_PROXY,proxy_not_a_model,Indian Sunbird,3974508,164,passport_strength_score,3,1.85,12.0,6,False,False,"N/A (feature input, not a model with a policy layer)",False,False,PROXY_NOT_A_MODEL_CLAIM,PROXY_CONTEXT_ONLY,False,PROMOTION_GATED_BY_STANDING_HARD_LAW,"PASSPORT_STRENGTH_SCORE_PROXY is a feature-engineering input, not a calibrated model output -- context only, never a model claim.","{""source_path"": ""data/new_build/current_cards/current_card_passport_feed_2026_07_05.jsonl"", ""notes"": ""This is a feature-engineering input INTO Lane A/B/C, not their output. Never cite as New Build's result.""}",5f269b49cf8e6e75cc4d8ffafd9394c55cd5bb38
2026-07-05,921922,NEW_BUILD_LANE_A_MODEL,lane_a,Miss Gallant,9263859,165,race_day_scorecards[].lane_a_top3.prob,1,0.0852,7.0,1,True,True,LOW_DATA,False,True,MODEL_HIT_POLICY_BLOCKED,VALUE_DISCOVERY_POLICY_BLOCKED,False,PROMOTION_GATED_BY_STANDING_HARD_LAW,"NEW_BUILD_LANE_A_MODEL ranked Miss Gallant (SP 7.0) as its top selection and it won -- a real value-discovery signal -- but policy_v1 classified the pick 'LOW_DATA' and did not clear it for any authorised action. This is New Build value discovery, shadow evidence only, not staking profit, not promotion.","{""source_path"": ""data/new_build/reports/two_lane_readiness_2026_07_05.json"", ""notes"": ""Dashboard-visible via new_build_top3 (server reads lane_a_top3 only).""}",5f269b49cf8e6e75cc4d8ffafd9394c55cd5bb38
2026-07-05,921922,NEW_BUILD_LANE_A_MODEL,lane_a,Sterling Fortune,9189368,166,race_day_scorecards[].lane_a_top3.prob,2,0.084756,23.0,5,False,False,LOW_DATA,False,True,MODEL_MISS,MODEL_MISS_NO_POLICY_LAYER,False,PROMOTION_GATED_BY_STANDING_HARD_LAW,NEW_BUILD_LANE_A_MODEL picked Sterling Fortune (SP 23.0) and it did not win.,"{""source_path"": ""data/new_build/reports/two_lane_readiness_2026_07_05.json"", ""notes"": ""Dashboard-visible via new_build_top3 (server reads lane_a_top3 only).""}",5f269b49cf8e6e75cc4d8ffafd9394c55cd5bb38
2026-07-05,921922,NEW_BUILD_LANE_A_MODEL,lane_a,For Ever Hopefull,9485662,167,race_day_scorecards[].lane_a_top3.prob,3,0.083416,251.0,6,False,False,LOW_DATA,False,True,MODEL_MISS,MODEL_MISS_NO_POLICY_LAYER,False,PROMOTION_GATED_BY_STANDING_HARD_LAW,NEW_BUILD_LANE_A_MODEL picked For Ever Hopefull (SP 251.0) and it did not win.,"{""source_path"": ""data/new_build/reports/two_lane_readiness_2026_07_05.json"", ""notes"": ""Dashboard-visible via new_build_top3 (server reads lane_a_top3 only).""}",5f269b49cf8e6e75cc4d8ffafd9394c55cd5bb38
2026-07-05,921922,NEW_BUILD_LANE_B_MODEL,lane_b,Sterling Fortune,9189368,168,race_day_scorecards[].lane_b_top3.prob,1,0.079545,23.0,5,False,False,LOW_DATA,False,False,MODEL_MISS,MODEL_MISS_NO_POLICY_LAYER,False,PROMOTION_GATED_BY_STANDING_HARD_LAW,NEW_BUILD_LANE_B_MODEL picked Sterling Fortune (SP 23.0) and it did not win.,"{""source_path"": ""data/new_build/reports/two_lane_readiness_2026_07_05.json"", ""notes"": ""Not served by the live dashboard -- present only in this local readiness file.""}",5f269b49cf8e6e75cc4d8ffafd9394c55cd5bb38
2026-07-05,921922,NEW_BUILD_LANE_B_MODEL,lane_b,Miss Gallant,9263859,169,race_day_scorecards[].lane_b_top3.prob,2,0.077956,7.0,1,True,True,LOW_DATA,False,False,MODEL_HIT_POLICY_BLOCKED,VALUE_DISCOVERY_POLICY_BLOCKED,False,PROMOTION_GATED_BY_STANDING_HARD_LAW,"NEW_BUILD_LANE_B_MODEL ranked Miss Gallant (SP 7.0) as its top selection and it won -- a real value-discovery signal -- but policy_v1 classified the pick 'LOW_DATA' and did not clear it for any authorised action. This is New Build value discovery, shadow evidence only, not staking profit, not promotion.","{""source_path"": ""data/new_build/reports/two_lane_readiness_2026_07_05.json"", ""notes"": ""Not served by the live dashboard -- present only in this local readiness file.""}",5f269b49cf8e6e75cc4d8ffafd9394c55cd5bb38
2026-07-05,921922,NEW_BUILD_LANE_B_MODEL,lane_b,Royale Union,9396424,170,race_day_scorecards[].lane_b_top3.prob,3,0.076291,6.5,7,False,False,LOW_DATA,False,False,MODEL_MISS,MODEL_MISS_NO_POLICY_LAYER,False,PROMOTION_GATED_BY_STANDING_HARD_LAW,NEW_BUILD_LANE_B_MODEL picked Royale Union (SP 6.5) and it did not win.,"{""source_path"": ""data/new_build/reports/two_lane_readiness_2026_07_05.json"", ""notes"": ""Not served by the live dashboard -- present only in this local readiness file.""}",5f269b49cf8e6e75cc4d8ffafd9394c55cd5bb38
2026-07-05,921922,NEW_BUILD_LANE_C_MODEL,lane_c,Miss Gallant,9263859,171,race_day_scorecards[].lane_c_top3.prob,1,0.535874,7.0,1,True,True,N/A (Lane C not policy-anchored),False,False,MODEL_HIT_POLICY_BLOCKED,VALUE_DISCOVERY_POLICY_BLOCKED,False,PROMOTION_GATED_BY_STANDING_HARD_LAW,"NEW_BUILD_LANE_C_MODEL ranked Miss Gallant (SP 7.0) as its top selection and it won -- a real value-discovery signal -- but policy_v1 classified the pick 'N/A (Lane C not policy-anchored)' and did not clear it for any authorised action. This is New Build value discovery, shadow evidence only, not staking profit, not promotion.","{""source_path"": ""data/new_build/reports/two_lane_readiness_2026_07_05.json"", ""notes"": ""Not served by the live dashboard -- present only in this local readiness file.""}",5f269b49cf8e6e75cc4d8ffafd9394c55cd5bb38
2026-07-05,921922,NEW_BUILD_LANE_C_MODEL,lane_c,Sterling Fortune,9189368,172,race_day_scorecards[].lane_c_top3.prob,2,0.535842,23.0,5,False,False,N/A (Lane C not policy-anchored),False,False,MODEL_MISS,MODEL_MISS_NO_POLICY_LAYER,False,PROMOTION_GATED_BY_STANDING_HARD_LAW,NEW_BUILD_LANE_C_MODEL picked Sterling Fortune (SP 23.0) and it did not win.,"{""source_path"": ""data/new_build/reports/two_lane_readiness_2026_07_05.json"", ""notes"": ""Not served by the live dashboard -- present only in this local readiness file.""}",5f269b49cf8e6e75cc4d8ffafd9394c55cd5bb38
2026-07-05,921922,NEW_BUILD_LANE_C_MODEL,lane_c,Hamda's Joy,8031351,173,race_day_scorecards[].lane_c_top3.prob,3,0.535751,4.0,3,False,True,N/A (Lane C not policy-anchored),False,False,MODEL_MISS,MODEL_MISS_NO_POLICY_LAYER,False,PROMOTION_GATED_BY_STANDING_HARD_LAW,NEW_BUILD_LANE_C_MODEL picked Hamda's Joy (SP 4.0) and it did not win.,"{""source_path"": ""data/new_build/reports/two_lane_readiness_2026_07_05.json"", ""notes"": ""Not served by the live dashboard -- present only in this local readiness file.""}",5f269b49cf8e6e75cc4d8ffafd9394c55cd5bb38
2026-07-05,921922,PASSPORT_STRENGTH_SCORE_PROXY,proxy_not_a_model,Cixi,8157547,174,passport_strength_score,1,0.9,3.0,10,False,False,"N/A (feature input, not a model with a policy layer)",False,False,PROXY_NOT_A_MODEL_CLAIM,PROXY_CONTEXT_ONLY,False,PROMOTION_GATED_BY_STANDING_HARD_LAW,"PASSPORT_STRENGTH_SCORE_PROXY is a feature-engineering input, not a calibrated model output -- context only, never a model claim.","{""source_path"": ""data/new_build/current_cards/current_card_passport_feed_2026_07_05.jsonl"", ""notes"": ""This is a feature-engineering input INTO Lane A/B/C, not their output. Never cite as New Build's result.""}",5f269b49cf8e6e75cc4d8ffafd9394c55cd5bb38
2026-07-05,921922,PASSPORT_STRENGTH_SCORE_PROXY,proxy_not_a_model,Matilda Bea,9153207,175,passport_strength_score,2,0.3,251.0,11,False,False,"N/A (feature input, not a model with a policy layer)",False,False,PROXY_NOT_A_MODEL_CLAIM,PROXY_CONTEXT_ONLY,False,PROMOTION_GATED_BY_STANDING_HARD_LAW,"PASSPORT_STRENGTH_SCORE_PROXY is a feature-engineering input, not a calibrated model output -- context only, never a model claim.","{""source_path"": ""data/new_build/current_cards/current_card_passport_feed_2026_07_05.jsonl"", ""notes"": ""This is a feature-engineering input INTO Lane A/B/C, not their output. Never cite as New Build's result.""}",5f269b49cf8e6e75cc4d8ffafd9394c55cd5bb38
2026-07-05,921922,PASSPORT_STRENGTH_SCORE_PROXY,proxy_not_a_model,Hamda's Joy,8031351,176,passport_strength_score,3,-1.0,4.0,3,False,True,"N/A (feature input, not a model with a policy layer)",False,False,PROXY_NOT_A_MODEL_CLAIM,PROXY_CONTEXT_ONLY,False,PROMOTION_GATED_BY_STANDING_HARD_LAW,"PASSPORT_STRENGTH_SCORE_PROXY is a feature-engineering input, not a calibrated model output -- context only, never a model claim.","{""source_path"": ""data/new_build/current_cards/current_card_passport_feed_2026_07_05.jsonl"", ""notes"": ""This is a feature-engineering input INTO Lane A/B/C, not their output. Never cite as New Build's result.""}",5f269b49cf8e6e75cc4d8ffafd9394c55cd5bb38
2026-07-05,922293,NEW_BUILD_LANE_A_MODEL,lane_a,Abu Royal,4559936,177,race_day_scorecards[].lane_a_top3.prob,1,0.104175,6.0,7,False,False,SUPPRESS,False,True,MODEL_MISS,MODEL_MISS_NO_POLICY_LAYER,False,PROMOTION_GATED_BY_STANDING_HARD_LAW,NEW_BUILD_LANE_A_MODEL picked Abu Royal (SP 6.0) and it did not win.,"{""source_path"": ""data/new_build/reports/two_lane_readiness_2026_07_05.json"", ""notes"": ""Dashboard-visible via new_build_top3 (server reads lane_a_top3 only).""}",5f269b49cf8e6e75cc4d8ffafd9394c55cd5bb38
2026-07-05,922293,NEW_BUILD_LANE_A_MODEL,lane_a,Millbuie,5309177,178,race_day_scorecards[].lane_a_top3.prob,2,0.100505,10.0,3,False,True,SUPPRESS,False,True,MODEL_MISS,MODEL_MISS_NO_POLICY_LAYER,False,PROMOTION_GATED_BY_STANDING_HARD_LAW,NEW_BUILD_LANE_A_MODEL picked Millbuie (SP 10.0) and it did not win.,"{""source_path"": ""data/new_build/reports/two_lane_readiness_2026_07_05.json"", ""notes"": ""Dashboard-visible via new_build_top3 (server reads lane_a_top3 only).""}",5f269b49cf8e6e75cc4d8ffafd9394c55cd5bb38
2026-07-05,922293,NEW_BUILD_LANE_A_MODEL,lane_a,Crystal Aurora,7493106,179,race_day_scorecards[].lane_a_top3.prob,3,0.091965,17.0,8,False,False,LOW_DATA,False,True,MODEL_MISS,MODEL_MISS_NO_POLICY_LAYER,False,PROMOTION_GATED_BY_STANDING_HARD_LAW,NEW_BUILD_LANE_A_MODEL picked Crystal Aurora (SP 17.0) and it did not win.,"{""source_path"": ""data/new_build/reports/two_lane_readiness_2026_07_05.json"", ""notes"": ""Dashboard-visible via new_build_top3 (server reads lane_a_top3 only).""}",5f269b49cf8e6e75cc4d8ffafd9394c55cd5bb38
2026-07-05,922293,NEW_BUILD_LANE_B_MODEL,lane_b,Abu Royal,4559936,180,race_day_scorecards[].lane_b_top3.prob,1,0.091675,6.0,7,False,False,SUPPRESS,False,False,MODEL_MISS,MODEL_MISS_NO_POLICY_LAYER,False,PROMOTION_GATED_BY_STANDING_HARD_LAW,NEW_BUILD_LANE_B_MODEL picked Abu Royal (SP 6.0) and it did not win.,"{""source_path"": ""data/new_build/reports/two_lane_readiness_2026_07_05.json"", ""notes"": ""Not served by the live dashboard -- present only in this local readiness file.""}",5f269b49cf8e6e75cc4d8ffafd9394c55cd5bb38
2026-07-05,922293,NEW_BUILD_LANE_B_MODEL,lane_b,Freak Encounter,5991237,181,race_day_scorecards[].lane_b_top3.prob,2,0.0894,41.0,9,False,False,SUPPRESS,False,False,MODEL_MISS,MODEL_MISS_NO_POLICY_LAYER,False,PROMOTION_GATED_BY_STANDING_HARD_LAW,NEW_BUILD_LANE_B_MODEL picked Freak Encounter (SP 41.0) and it did not win.,"{""source_path"": ""data/new_build/reports/two_lane_readiness_2026_07_05.json"", ""notes"": ""Not served by the live dashboard -- present only in this local readiness file.""}",5f269b49cf8e6e75cc4d8ffafd9394c55cd5bb38
2026-07-05,922293,NEW_BUILD_LANE_B_MODEL,lane_b,Crystal Aurora,7493106,182,race_day_scorecards[].lane_b_top3.prob,3,0.082522,17.0,8,False,False,LOW_DATA,False,False,MODEL_MISS,MODEL_MISS_NO_POLICY_LAYER,False,PROMOTION_GATED_BY_STANDING_HARD_LAW,NEW_BUILD_LANE_B_MODEL picked Crystal Aurora (SP 17.0) and it did not win.,"{""source_path"": ""data/new_build/reports/two_lane_readiness_2026_07_05.json"", ""notes"": ""Not served by the live dashboard -- present only in this local readiness file.""}",5f269b49cf8e6e75cc4d8ffafd9394c55cd5bb38
2026-07-05,922293,NEW_BUILD_LANE_C_MODEL,lane_c,Abu Royal,4559936,183,race_day_scorecards[].lane_c_top3.prob,1,0.542723,6.0,7,False,False,N/A (Lane C not policy-anchored),False,False,MODEL_MISS,MODEL_MISS_NO_POLICY_LAYER,False,PROMOTION_GATED_BY_STANDING_HARD_LAW,NEW_BUILD_LANE_C_MODEL picked Abu Royal (SP 6.0) and it did not win.,"{""source_path"": ""data/new_build/reports/two_lane_readiness_2026_07_05.json"", ""notes"": ""Not served by the live dashboard -- present only in this local readiness file.""}",5f269b49cf8e6e75cc4d8ffafd9394c55cd5bb38
2026-07-05,922293,NEW_BUILD_LANE_C_MODEL,lane_c,Midnight Steppers,9115654,184,race_day_scorecards[].lane_c_top3.prob,2,0.54024,41.0,10,False,False,N/A (Lane C not policy-anchored),False,False,MODEL_MISS,MODEL_MISS_NO_POLICY_LAYER,False,PROMOTION_GATED_BY_STANDING_HARD_LAW,NEW_BUILD_LANE_C_MODEL picked Midnight Steppers (SP 41.0) and it did not win.,"{""source_path"": ""data/new_build/reports/two_lane_readiness_2026_07_05.json"", ""notes"": ""Not served by the live dashboard -- present only in this local readiness file.""}",5f269b49cf8e6e75cc4d8ffafd9394c55cd5bb38
2026-07-05,922293,NEW_BUILD_LANE_C_MODEL,lane_c,Crystal Aurora,7493106,185,race_day_scorecards[].lane_c_top3.prob,3,0.540045,17.0,8,False,False,N/A (Lane C not policy-anchored),False,False,MODEL_MISS,MODEL_MISS_NO_POLICY_LAYER,False,PROMOTION_GATED_BY_STANDING_HARD_LAW,NEW_BUILD_LANE_C_MODEL picked Crystal Aurora (SP 17.0) and it did not win.,"{""source_path"": ""data/new_build/reports/two_lane_readiness_2026_07_05.json"", ""notes"": ""Not served by the live dashboard -- present only in this local readiness file.""}",5f269b49cf8e6e75cc4d8ffafd9394c55cd5bb38
2026-07-05,922293,PASSPORT_STRENGTH_SCORE_PROXY,proxy_not_a_model,Millbuie,5309177,186,passport_strength_score,1,0.9,10.0,3,False,True,"N/A (feature input, not a model with a policy layer)",False,False,PROXY_NOT_A_MODEL_CLAIM,PROXY_CONTEXT_ONLY,False,PROMOTION_GATED_BY_STANDING_HARD_LAW,"PASSPORT_STRENGTH_SCORE_PROXY is a feature-engineering input, not a calibrated model output -- context only, never a model claim.","{""source_path"": ""data/new_build/current_cards/current_card_passport_feed_2026_07_05.jsonl"", ""notes"": ""This is a feature-engineering input INTO Lane A/B/C, not their output. Never cite as New Build's result.""}",5f269b49cf8e6e75cc4d8ffafd9394c55cd5bb38
2026-07-05,922293,PASSPORT_STRENGTH_SCORE_PROXY,proxy_not_a_model,Langholm,1860060,187,passport_strength_score,2,0.5,8.0,4,False,False,"N/A (feature input, not a model with a policy layer)",False,False,PROXY_NOT_A_MODEL_CLAIM,PROXY_CONTEXT_ONLY,False,PROMOTION_GATED_BY_STANDING_HARD_LAW,"PASSPORT_STRENGTH_SCORE_PROXY is a feature-engineering input, not a calibrated model output -- context only, never a model claim.","{""source_path"": ""data/new_build/current_cards/current_card_passport_feed_2026_07_05.jsonl"", ""notes"": ""This is a feature-engineering input INTO Lane A/B/C, not their output. Never cite as New Build's result.""}",5f269b49cf8e6e75cc4d8ffafd9394c55cd5bb38
2026-07-05,922293,PASSPORT_STRENGTH_SCORE_PROXY,proxy_not_a_model,Approaching Dawn,8183833,188,passport_strength_score,3,0.5,3.75,1,True,True,"N/A (feature input, not a model with a policy layer)",False,False,PROXY_NOT_A_MODEL_CLAIM,PROXY_CONTEXT_ONLY,False,PROMOTION_GATED_BY_STANDING_HARD_LAW,"PASSPORT_STRENGTH_SCORE_PROXY is a feature-engineering input, not a calibrated model output -- context only, never a model claim.","{""source_path"": ""data/new_build/current_cards/current_card_passport_feed_2026_07_05.jsonl"", ""notes"": ""This is a feature-engineering input INTO Lane A/B/C, not their output. Never cite as New Build's result.""}",5f269b49cf8e6e75cc4d8ffafd9394c55cd5bb38
2026-07-05,922117,NEW_BUILD_LANE_A_MODEL,lane_a,Regal Renaissance,4305460,189,race_day_scorecards[].lane_a_top3.prob,1,0.317933,3.0,1,True,True,NO_EDGE,False,True,MODEL_HIT_POLICY_BLOCKED,VALUE_DISCOVERY_POLICY_BLOCKED,False,PROMOTION_GATED_BY_STANDING_HARD_LAW,"NEW_BUILD_LANE_A_MODEL ranked Regal Renaissance (SP 3.0) as its top selection and it won -- a real value-discovery signal -- but policy_v1 classified the pick 'NO_EDGE' and did not clear it for any authorised action. This is New Build value discovery, shadow evidence only, not staking profit, not promotion.","{""source_path"": ""data/new_build/reports/two_lane_readiness_2026_07_05.json"", ""notes"": ""Dashboard-visible via new_build_top3 (server reads lane_a_top3 only).""}",5f269b49cf8e6e75cc4d8ffafd9394c55cd5bb38
2026-07-05,922117,NEW_BUILD_LANE_A_MODEL,lane_a,Fringill Dike,3432677,190,race_day_scorecards[].lane_a_top3.prob,2,0.218993,1.83,2,False,True,LOW_DATA,False,True,MODEL_MISS,MODEL_MISS_NO_POLICY_LAYER,False,PROMOTION_GATED_BY_STANDING_HARD_LAW,NEW_BUILD_LANE_A_MODEL picked Fringill Dike (SP 1.83) and it did not win.,"{""source_path"": ""data/new_build/reports/two_lane_readiness_2026_07_05.json"", ""notes"": ""Dashboard-visible via new_build_top3 (server reads lane_a_top3 only).""}",5f269b49cf8e6e75cc4d8ffafd9394c55cd5bb38
2026-07-05,922117,NEW_BUILD_LANE_A_MODEL,lane_a,Gateau De Miel,3292567,191,race_day_scorecards[].lane_a_top3.prob,3,0.18645,4.5,3,False,True,NO_EDGE,False,True,MODEL_MISS,MODEL_MISS_NO_POLICY_LAYER,False,PROMOTION_GATED_BY_STANDING_HARD_LAW,NEW_BUILD_LANE_A_MODEL picked Gateau De Miel (SP 4.5) and it did not win.,"{""source_path"": ""data/new_build/reports/two_lane_readiness_2026_07_05.json"", ""notes"": ""Dashboard-visible via new_build_top3 (server reads lane_a_top3 only).""}",5f269b49cf8e6e75cc4d8ffafd9394c55cd5bb38
2026-07-05,922117,NEW_BUILD_LANE_B_MODEL,lane_b,Fringill Dike,3432677,192,race_day_scorecards[].lane_b_top3.prob,1,0.262579,1.83,2,False,True,LOW_DATA,False,False,MODEL_MISS,MODEL_MISS_NO_POLICY_LAYER,False,PROMOTION_GATED_BY_STANDING_HARD_LAW,NEW_BUILD_LANE_B_MODEL picked Fringill Dike (SP 1.83) and it did not win.,"{""source_path"": ""data/new_build/reports/two_lane_readiness_2026_07_05.json"", ""notes"": ""Not served by the live dashboard -- present only in this local readiness file.""}",5f269b49cf8e6e75cc4d8ffafd9394c55cd5bb38
2026-07-05,922117,NEW_BUILD_LANE_B_MODEL,lane_b,Regal Renaissance,4305460,193,race_day_scorecards[].lane_b_top3.prob,2,0.238831,3.0,1,True,True,NO_EDGE,False,False,MODEL_HIT_POLICY_BLOCKED,VALUE_DISCOVERY_POLICY_BLOCKED,False,PROMOTION_GATED_BY_STANDING_HARD_LAW,"NEW_BUILD_LANE_B_MODEL ranked Regal Renaissance (SP 3.0) as its top selection and it won -- a real value-discovery signal -- but policy_v1 classified the pick 'NO_EDGE' and did not clear it for any authorised action. This is New Build value discovery, shadow evidence only, not staking profit, not promotion.","{""source_path"": ""data/new_build/reports/two_lane_readiness_2026_07_05.json"", ""notes"": ""Not served by the live dashboard -- present only in this local readiness file.""}",5f269b49cf8e6e75cc4d8ffafd9394c55cd5bb38
2026-07-05,922117,NEW_BUILD_LANE_B_MODEL,lane_b,Gateau De Miel,3292567,194,race_day_scorecards[].lane_b_top3.prob,3,0.209642,4.5,3,False,True,NO_EDGE,False,False,MODEL_MISS,MODEL_MISS_NO_POLICY_LAYER,False,PROMOTION_GATED_BY_STANDING_HARD_LAW,NEW_BUILD_LANE_B_MODEL picked Gateau De Miel (SP 4.5) and it did not win.,"{""source_path"": ""data/new_build/reports/two_lane_readiness_2026_07_05.json"", ""notes"": ""Not served by the live dashboard -- present only in this local readiness file.""}",5f269b49cf8e6e75cc4d8ffafd9394c55cd5bb38
2026-07-05,922117,NEW_BUILD_LANE_C_MODEL,lane_c,Regal Renaissance,4305460,195,race_day_scorecards[].lane_c_top3.prob,1,0.627961,3.0,1,True,True,N/A (Lane C not policy-anchored),False,False,MODEL_HIT_POLICY_BLOCKED,VALUE_DISCOVERY_POLICY_BLOCKED,False,PROMOTION_GATED_BY_STANDING_HARD_LAW,"NEW_BUILD_LANE_C_MODEL ranked Regal Renaissance (SP 3.0) as its top selection and it won -- a real value-discovery signal -- but policy_v1 classified the pick 'N/A (Lane C not policy-anchored)' and did not clear it for any authorised action. This is New Build value discovery, shadow evidence only, not staking profit, not promotion.","{""source_path"": ""data/new_build/reports/two_lane_readiness_2026_07_05.json"", ""notes"": ""Not served by the live dashboard -- present only in this local readiness file.""}",5f269b49cf8e6e75cc4d8ffafd9394c55cd5bb38
2026-07-05,922117,NEW_BUILD_LANE_C_MODEL,lane_c,Fringill Dike,3432677,196,race_day_scorecards[].lane_c_top3.prob,2,0.620269,1.83,2,False,True,N/A (Lane C not policy-anchored),False,False,MODEL_MISS,MODEL_MISS_NO_POLICY_LAYER,False,PROMOTION_GATED_BY_STANDING_HARD_LAW,NEW_BUILD_LANE_C_MODEL picked Fringill Dike (SP 1.83) and it did not win.,"{""source_path"": ""data/new_build/reports/two_lane_readiness_2026_07_05.json"", ""notes"": ""Not served by the live dashboard -- present only in this local readiness file.""}",5f269b49cf8e6e75cc4d8ffafd9394c55cd5bb38
2026-07-05,922117,NEW_BUILD_LANE_C_MODEL,lane_c,Gateau De Miel,3292567,197,race_day_scorecards[].lane_c_top3.prob,3,0.61964,4.5,3,False,True,N/A (Lane C not policy-anchored),False,False,MODEL_MISS,MODEL_MISS_NO_POLICY_LAYER,False,PROMOTION_GATED_BY_STANDING_HARD_LAW,NEW_BUILD_LANE_C_MODEL picked Gateau De Miel (SP 4.5) and it did not win.,"{""source_path"": ""data/new_build/reports/two_lane_readiness_2026_07_05.json"", ""notes"": ""Not served by the live dashboard -- present only in this local readiness file.""}",5f269b49cf8e6e75cc4d8ffafd9394c55cd5bb38
2026-07-05,922117,PASSPORT_STRENGTH_SCORE_PROXY,proxy_not_a_model,Regal Renaissance,4305460,198,passport_strength_score,1,3.0,3.0,1,True,True,"N/A (feature input, not a model with a policy layer)",False,False,PROXY_NOT_A_MODEL_CLAIM,PROXY_CONTEXT_ONLY,False,PROMOTION_GATED_BY_STANDING_HARD_LAW,"PASSPORT_STRENGTH_SCORE_PROXY is a feature-engineering input, not a calibrated model output -- context only, never a model claim.","{""source_path"": ""data/new_build/current_cards/current_card_passport_feed_2026_07_05.jsonl"", ""notes"": ""This is a feature-engineering input INTO Lane A/B/C, not their output. Never cite as New Build's result.""}",5f269b49cf8e6e75cc4d8ffafd9394c55cd5bb38
2026-07-05,922117,PASSPORT_STRENGTH_SCORE_PROXY,proxy_not_a_model,Gateau De Miel,3292567,199,passport_strength_score,2,1.2,4.5,3,False,True,"N/A (feature input, not a model with a policy layer)",False,False,PROXY_NOT_A_MODEL_CLAIM,PROXY_CONTEXT_ONLY,False,PROMOTION_GATED_BY_STANDING_HARD_LAW,"PASSPORT_STRENGTH_SCORE_PROXY is a feature-engineering input, not a calibrated model output -- context only, never a model claim.","{""source_path"": ""data/new_build/current_cards/current_card_passport_feed_2026_07_05.jsonl"", ""notes"": ""This is a feature-engineering input INTO Lane A/B/C, not their output. Never cite as New Build's result.""}",5f269b49cf8e6e75cc4d8ffafd9394c55cd5bb38
2026-07-05,922117,PASSPORT_STRENGTH_SCORE_PROXY,proxy_not_a_model,Fringill Dike,3432677,200,passport_strength_score,3,-1.0,1.83,2,False,True,"N/A (feature input, not a model with a policy layer)",False,False,PROXY_NOT_A_MODEL_CLAIM,PROXY_CONTEXT_ONLY,False,PROMOTION_GATED_BY_STANDING_HARD_LAW,"PASSPORT_STRENGTH_SCORE_PROXY is a feature-engineering input, not a calibrated model output -- context only, never a model claim.","{""source_path"": ""data/new_build/current_cards/current_card_passport_feed_2026_07_05.jsonl"", ""notes"": ""This is a feature-engineering input INTO Lane A/B/C, not their output. Never cite as New Build's result.""}",5f269b49cf8e6e75cc4d8ffafd9394c55cd5bb38
2026-07-05,921919,NEW_BUILD_LANE_A_MODEL,lane_a,Naana's Sparkle,6229187,201,race_day_scorecards[].lane_a_top3.prob,1,0.1226,7.0,1,True,True,NO_EDGE,False,True,MODEL_HIT_POLICY_BLOCKED,VALUE_DISCOVERY_POLICY_BLOCKED,False,PROMOTION_GATED_BY_STANDING_HARD_LAW,"NEW_BUILD_LANE_A_MODEL ranked Naana's Sparkle (SP 7.0) as its top selection and it won -- a real value-discovery signal -- but policy_v1 classified the pick 'NO_EDGE' and did not clear it for any authorised action. This is New Build value discovery, shadow evidence only, not staking profit, not promotion.","{""source_path"": ""data/new_build/reports/two_lane_readiness_2026_07_05.json"", ""notes"": ""Dashboard-visible via new_build_top3 (server reads lane_a_top3 only).""}",5f269b49cf8e6e75cc4d8ffafd9394c55cd5bb38
2026-07-05,921919,NEW_BUILD_LANE_A_MODEL,lane_a,Buzz Box,5202355,202,race_day_scorecards[].lane_a_top3.prob,2,0.101808,17.0,9,False,False,LOW_DATA,False,True,MODEL_MISS,MODEL_MISS_NO_POLICY_LAYER,False,PROMOTION_GATED_BY_STANDING_HARD_LAW,NEW_BUILD_LANE_A_MODEL picked Buzz Box (SP 17.0) and it did not win.,"{""source_path"": ""data/new_build/reports/two_lane_readiness_2026_07_05.json"", ""notes"": ""Dashboard-visible via new_build_top3 (server reads lane_a_top3 only).""}",5f269b49cf8e6e75cc4d8ffafd9394c55cd5bb38
2026-07-05,921919,NEW_BUILD_LANE_A_MODEL,lane_a,Blinky,5878998,203,race_day_scorecards[].lane_a_top3.prob,3,0.098204,10.0,4,False,False,SUPPRESS,False,True,MODEL_MISS,MODEL_MISS_NO_POLICY_LAYER,False,PROMOTION_GATED_BY_STANDING_HARD_LAW,NEW_BUILD_LANE_A_MODEL picked Blinky (SP 10.0) and it did not win.,"{""source_path"": ""data/new_build/reports/two_lane_readiness_2026_07_05.json"", ""notes"": ""Dashboard-visible via new_build_top3 (server reads lane_a_top3 only).""}",5f269b49cf8e6e75cc4d8ffafd9394c55cd5bb38
2026-07-05,921919,NEW_BUILD_LANE_B_MODEL,lane_b,Canon's House,6046660,204,race_day_scorecards[].lane_b_top3.prob,1,0.105097,5.0,3,False,True,SUPPRESS,False,False,MODEL_MISS,MODEL_MISS_NO_POLICY_LAYER,False,PROMOTION_GATED_BY_STANDING_HARD_LAW,NEW_BUILD_LANE_B_MODEL picked Canon's House (SP 5.0) and it did not win.,"{""source_path"": ""data/new_build/reports/two_lane_readiness_2026_07_05.json"", ""notes"": ""Not served by the live dashboard -- present only in this local readiness file.""}",5f269b49cf8e6e75cc4d8ffafd9394c55cd5bb38
2026-07-05,921919,NEW_BUILD_LANE_B_MODEL,lane_b,Naana's Sparkle,6229187,205,race_day_scorecards[].lane_b_top3.prob,2,0.101584,7.0,1,True,True,NO_EDGE,False,False,MODEL_HIT_POLICY_BLOCKED,VALUE_DISCOVERY_POLICY_BLOCKED,False,PROMOTION_GATED_BY_STANDING_HARD_LAW,"NEW_BUILD_LANE_B_MODEL ranked Naana's Sparkle (SP 7.0) as its top selection and it won -- a real value-discovery signal -- but policy_v1 classified the pick 'NO_EDGE' and did not clear it for any authorised action. This is New Build value discovery, shadow evidence only, not staking profit, not promotion.","{""source_path"": ""data/new_build/reports/two_lane_readiness_2026_07_05.json"", ""notes"": ""Not served by the live dashboard -- present only in this local readiness file.""}",5f269b49cf8e6e75cc4d8ffafd9394c55cd5bb38
2026-07-05,921919,NEW_BUILD_LANE_B_MODEL,lane_b,Buzz Box,5202355,206,race_day_scorecards[].lane_b_top3.prob,3,0.09844,17.0,9,False,False,LOW_DATA,False,False,MODEL_MISS,MODEL_MISS_NO_POLICY_LAYER,False,PROMOTION_GATED_BY_STANDING_HARD_LAW,NEW_BUILD_LANE_B_MODEL picked Buzz Box (SP 17.0) and it did not win.,"{""source_path"": ""data/new_build/reports/two_lane_readiness_2026_07_05.json"", ""notes"": ""Not served by the live dashboard -- present only in this local readiness file.""}",5f269b49cf8e6e75cc4d8ffafd9394c55cd5bb38
2026-07-05,921919,NEW_BUILD_LANE_C_MODEL,lane_c,Kylian,5021320,207,race_day_scorecards[].lane_c_top3.prob,1,0.547411,4.0,6,False,False,N/A (Lane C not policy-anchored),False,False,MODEL_MISS,MODEL_MISS_NO_POLICY_LAYER,False,PROMOTION_GATED_BY_STANDING_HARD_LAW,NEW_BUILD_LANE_C_MODEL picked Kylian (SP 4.0) and it did not win.,"{""source_path"": ""data/new_build/reports/two_lane_readiness_2026_07_05.json"", ""notes"": ""Not served by the live dashboard -- present only in this local readiness file.""}",5f269b49cf8e6e75cc4d8ffafd9394c55cd5bb38
2026-07-05,921919,NEW_BUILD_LANE_C_MODEL,lane_c,Tropical Storm,5708925,208,race_day_scorecards[].lane_c_top3.prob,2,0.547037,8.5,5,False,False,N/A (Lane C not policy-anchored),False,False,MODEL_MISS,MODEL_MISS_NO_POLICY_LAYER,False,PROMOTION_GATED_BY_STANDING_HARD_LAW,NEW_BUILD_LANE_C_MODEL picked Tropical Storm (SP 8.5) and it did not win.,"{""source_path"": ""data/new_build/reports/two_lane_readiness_2026_07_05.json"", ""notes"": ""Not served by the live dashboard -- present only in this local readiness file.""}",5f269b49cf8e6e75cc4d8ffafd9394c55cd5bb38
2026-07-05,921919,NEW_BUILD_LANE_C_MODEL,lane_c,Buzz Box,5202355,209,race_day_scorecards[].lane_c_top3.prob,3,0.546817,17.0,9,False,False,N/A (Lane C not policy-anchored),False,False,MODEL_MISS,MODEL_MISS_NO_POLICY_LAYER,False,PROMOTION_GATED_BY_STANDING_HARD_LAW,NEW_BUILD_LANE_C_MODEL picked Buzz Box (SP 17.0) and it did not win.,"{""source_path"": ""data/new_build/reports/two_lane_readiness_2026_07_05.json"", ""notes"": ""Not served by the live dashboard -- present only in this local readiness file.""}",5f269b49cf8e6e75cc4d8ffafd9394c55cd5bb38
2026-07-05,921919,PASSPORT_STRENGTH_SCORE_PROXY,proxy_not_a_model,Naana's Sparkle,6229187,210,passport_strength_score,1,3.2,7.0,1,True,True,"N/A (feature input, not a model with a policy layer)",False,False,PROXY_NOT_A_MODEL_CLAIM,PROXY_CONTEXT_ONLY,False,PROMOTION_GATED_BY_STANDING_HARD_LAW,"PASSPORT_STRENGTH_SCORE_PROXY is a feature-engineering input, not a calibrated model output -- context only, never a model claim.","{""source_path"": ""data/new_build/current_cards/current_card_passport_feed_2026_07_05.jsonl"", ""notes"": ""This is a feature-engineering input INTO Lane A/B/C, not their output. Never cite as New Build's result.""}",5f269b49cf8e6e75cc4d8ffafd9394c55cd5bb38
2026-07-05,921919,PASSPORT_STRENGTH_SCORE_PROXY,proxy_not_a_model,Kylian,5021320,211,passport_strength_score,2,2.7047,4.0,6,False,False,"N/A (feature input, not a model with a policy layer)",False,False,PROXY_NOT_A_MODEL_CLAIM,PROXY_CONTEXT_ONLY,False,PROMOTION_GATED_BY_STANDING_HARD_LAW,"PASSPORT_STRENGTH_SCORE_PROXY is a feature-engineering input, not a calibrated model output -- context only, never a model claim.","{""source_path"": ""data/new_build/current_cards/current_card_passport_feed_2026_07_05.jsonl"", ""notes"": ""This is a feature-engineering input INTO Lane A/B/C, not their output. Never cite as New Build's result.""}",5f269b49cf8e6e75cc4d8ffafd9394c55cd5bb38
2026-07-05,921919,PASSPORT_STRENGTH_SCORE_PROXY,proxy_not_a_model,Blinky,5878998,212,passport_strength_score,3,0.65,10.0,4,False,False,"N/A (feature input, not a model with a policy layer)",False,False,PROXY_NOT_A_MODEL_CLAIM,PROXY_CONTEXT_ONLY,False,PROMOTION_GATED_BY_STANDING_HARD_LAW,"PASSPORT_STRENGTH_SCORE_PROXY is a feature-engineering input, not a calibrated model output -- context only, never a model claim.","{""source_path"": ""data/new_build/current_cards/current_card_passport_feed_2026_07_05.jsonl"", ""notes"": ""This is a feature-engineering input INTO Lane A/B/C, not their output. Never cite as New Build's result.""}",5f269b49cf8e6e75cc4d8ffafd9394c55cd5bb38
2026-07-05,922292,NEW_BUILD_LANE_A_MODEL,lane_a,Uncle Liam,6465252,213,race_day_scorecards[].lane_a_top3.prob,1,0.141599,13.0,4,False,False,NO_EDGE,False,True,MODEL_MISS,MODEL_MISS_NO_POLICY_LAYER,False,PROMOTION_GATED_BY_STANDING_HARD_LAW,NEW_BUILD_LANE_A_MODEL picked Uncle Liam (SP 13.0) and it did not win.,"{""source_path"": ""data/new_build/reports/two_lane_readiness_2026_07_05.json"", ""notes"": ""Dashboard-visible via new_build_top3 (server reads lane_a_top3 only).""}",5f269b49cf8e6e75cc4d8ffafd9394c55cd5bb38
2026-07-05,922292,NEW_BUILD_LANE_A_MODEL,lane_a,Recobella,6741632,214,race_day_scorecards[].lane_a_top3.prob,2,0.125477,4.5,1,True,True,NO_EDGE,False,True,MODEL_HIT_POLICY_BLOCKED,VALUE_DISCOVERY_POLICY_BLOCKED,False,PROMOTION_GATED_BY_STANDING_HARD_LAW,"NEW_BUILD_LANE_A_MODEL ranked Recobella (SP 4.5) as its top selection and it won -- a real value-discovery signal -- but policy_v1 classified the pick 'NO_EDGE' and did not clear it for any authorised action. This is New Build value discovery, shadow evidence only, not staking profit, not promotion.","{""source_path"": ""data/new_build/reports/two_lane_readiness_2026_07_05.json"", ""notes"": ""Dashboard-visible via new_build_top3 (server reads lane_a_top3 only).""}",5f269b49cf8e6e75cc4d8ffafd9394c55cd5bb38
2026-07-05,922292,NEW_BUILD_LANE_A_MODEL,lane_a,Zebra Star,4303336,215,race_day_scorecards[].lane_a_top3.prob,3,0.110305,6.5,9,False,False,SUPPRESS,False,True,MODEL_MISS,MODEL_MISS_NO_POLICY_LAYER,False,PROMOTION_GATED_BY_STANDING_HARD_LAW,NEW_BUILD_LANE_A_MODEL picked Zebra Star (SP 6.5) and it did not win.,"{""source_path"": ""data/new_build/reports/two_lane_readiness_2026_07_05.json"", ""notes"": ""Dashboard-visible via new_build_top3 (server reads lane_a_top3 only).""}",5f269b49cf8e6e75cc4d8ffafd9394c55cd5bb38
2026-07-05,922292,NEW_BUILD_LANE_B_MODEL,lane_b,Uncle Liam,6465252,216,race_day_scorecards[].lane_b_top3.prob,1,0.119142,13.0,4,False,False,NO_EDGE,False,False,MODEL_MISS,MODEL_MISS_NO_POLICY_LAYER,False,PROMOTION_GATED_BY_STANDING_HARD_LAW,NEW_BUILD_LANE_B_MODEL picked Uncle Liam (SP 13.0) and it did not win.,"{""source_path"": ""data/new_build/reports/two_lane_readiness_2026_07_05.json"", ""notes"": ""Not served by the live dashboard -- present only in this local readiness file.""}",5f269b49cf8e6e75cc4d8ffafd9394c55cd5bb38
2026-07-05,922292,NEW_BUILD_LANE_B_MODEL,lane_b,Recobella,6741632,217,race_day_scorecards[].lane_b_top3.prob,2,0.104602,4.5,1,True,True,NO_EDGE,False,False,MODEL_HIT_POLICY_BLOCKED,VALUE_DISCOVERY_POLICY_BLOCKED,False,PROMOTION_GATED_BY_STANDING_HARD_LAW,"NEW_BUILD_LANE_B_MODEL ranked Recobella (SP 4.5) as its top selection and it won -- a real value-discovery signal -- but policy_v1 classified the pick 'NO_EDGE' and did not clear it for any authorised action. This is New Build value discovery, shadow evidence only, not staking profit, not promotion.","{""source_path"": ""data/new_build/reports/two_lane_readiness_2026_07_05.json"", ""notes"": ""Not served by the live dashboard -- present only in this local readiness file.""}",5f269b49cf8e6e75cc4d8ffafd9394c55cd5bb38
2026-07-05,922292,NEW_BUILD_LANE_B_MODEL,lane_b,Zebra Star,4303336,218,race_day_scorecards[].lane_b_top3.prob,3,0.089595,6.5,9,False,False,SUPPRESS,False,False,MODEL_MISS,MODEL_MISS_NO_POLICY_LAYER,False,PROMOTION_GATED_BY_STANDING_HARD_LAW,NEW_BUILD_LANE_B_MODEL picked Zebra Star (SP 6.5) and it did not win.,"{""source_path"": ""data/new_build/reports/two_lane_readiness_2026_07_05.json"", ""notes"": ""Not served by the live dashboard -- present only in this local readiness file.""}",5f269b49cf8e6e75cc4d8ffafd9394c55cd5bb38
2026-07-05,922292,NEW_BUILD_LANE_C_MODEL,lane_c,Uncle Liam,6465252,219,race_day_scorecards[].lane_c_top3.prob,1,0.544018,13.0,4,False,False,N/A (Lane C not policy-anchored),False,False,MODEL_MISS,MODEL_MISS_NO_POLICY_LAYER,False,PROMOTION_GATED_BY_STANDING_HARD_LAW,NEW_BUILD_LANE_C_MODEL picked Uncle Liam (SP 13.0) and it did not win.,"{""source_path"": ""data/new_build/reports/two_lane_readiness_2026_07_05.json"", ""notes"": ""Not served by the live dashboard -- present only in this local readiness file.""}",5f269b49cf8e6e75cc4d8ffafd9394c55cd5bb38
2026-07-05,922292,NEW_BUILD_LANE_C_MODEL,lane_c,Recobella,6741632,220,race_day_scorecards[].lane_c_top3.prob,2,0.543161,4.5,1,True,True,N/A (Lane C not policy-anchored),False,False,MODEL_HIT_POLICY_BLOCKED,VALUE_DISCOVERY_POLICY_BLOCKED,False,PROMOTION_GATED_BY_STANDING_HARD_LAW,"NEW_BUILD_LANE_C_MODEL ranked Recobella (SP 4.5) as its top selection and it won -- a real value-discovery signal -- but policy_v1 classified the pick 'N/A (Lane C not policy-anchored)' and did not clear it for any authorised action. This is New Build value discovery, shadow evidence only, not staking profit, not promotion.","{""source_path"": ""data/new_build/reports/two_lane_readiness_2026_07_05.json"", ""notes"": ""Not served by the live dashboard -- present only in this local readiness file.""}",5f269b49cf8e6e75cc4d8ffafd9394c55cd5bb38
2026-07-05,922292,NEW_BUILD_LANE_C_MODEL,lane_c,Zebra Star,4303336,221,race_day_scorecards[].lane_c_top3.prob,3,0.54143,6.5,9,False,False,N/A (Lane C not policy-anchored),False,False,MODEL_MISS,MODEL_MISS_NO_POLICY_LAYER,False,PROMOTION_GATED_BY_STANDING_HARD_LAW,NEW_BUILD_LANE_C_MODEL picked Zebra Star (SP 6.5) and it did not win.,"{""source_path"": ""data/new_build/reports/two_lane_readiness_2026_07_05.json"", ""notes"": ""Not served by the live dashboard -- present only in this local readiness file.""}",5f269b49cf8e6e75cc4d8ffafd9394c55cd5bb38
2026-07-05,922292,PASSPORT_STRENGTH_SCORE_PROXY,proxy_not_a_model,Recobella,6741632,222,passport_strength_score,1,1.8,4.5,1,True,True,"N/A (feature input, not a model with a policy layer)",False,False,PROXY_NOT_A_MODEL_CLAIM,PROXY_CONTEXT_ONLY,False,PROMOTION_GATED_BY_STANDING_HARD_LAW,"PASSPORT_STRENGTH_SCORE_PROXY is a feature-engineering input, not a calibrated model output -- context only, never a model claim.","{""source_path"": ""data/new_build/current_cards/current_card_passport_feed_2026_07_05.jsonl"", ""notes"": ""This is a feature-engineering input INTO Lane A/B/C, not their output. Never cite as New Build's result.""}",5f269b49cf8e6e75cc4d8ffafd9394c55cd5bb38
2026-07-05,922292,PASSPORT_STRENGTH_SCORE_PROXY,proxy_not_a_model,Uncle Liam,6465252,223,passport_strength_score,2,1.7,13.0,4,False,False,"N/A (feature input, not a model with a policy layer)",False,False,PROXY_NOT_A_MODEL_CLAIM,PROXY_CONTEXT_ONLY,False,PROMOTION_GATED_BY_STANDING_HARD_LAW,"PASSPORT_STRENGTH_SCORE_PROXY is a feature-engineering input, not a calibrated model output -- context only, never a model claim.","{""source_path"": ""data/new_build/current_cards/current_card_passport_feed_2026_07_05.jsonl"", ""notes"": ""This is a feature-engineering input INTO Lane A/B/C, not their output. Never cite as New Build's result.""}",5f269b49cf8e6e75cc4d8ffafd9394c55cd5bb38
2026-07-05,922292,PASSPORT_STRENGTH_SCORE_PROXY,proxy_not_a_model,Mr Withington,6881400,224,passport_strength_score,3,1.15,7.0,6,False,False,"N/A (feature input, not a model with a policy layer)",False,False,PROXY_NOT_A_MODEL_CLAIM,PROXY_CONTEXT_ONLY,False,PROMOTION_GATED_BY_STANDING_HARD_LAW,"PASSPORT_STRENGTH_SCORE_PROXY is a feature-engineering input, not a calibrated model output -- context only, never a model claim.","{""source_path"": ""data/new_build/current_cards/current_card_passport_feed_2026_07_05.jsonl"", ""notes"": ""This is a feature-engineering input INTO Lane A/B/C, not their output. Never cite as New Build's result.""}",5f269b49cf8e6e75cc4d8ffafd9394c55cd5bb38
2026-07-05,922120,NEW_BUILD_LANE_A_MODEL,lane_a,Queens Wish,5385907,225,race_day_scorecards[].lane_a_top3.prob,1,0.1257,7.5,,False,False,NO_EDGE,False,True,MODEL_MISS,MODEL_MISS_NO_POLICY_LAYER,False,PROMOTION_GATED_BY_STANDING_HARD_LAW,NEW_BUILD_LANE_A_MODEL picked Queens Wish (SP 7.5) and it did not win.,"{""source_path"": ""data/new_build/reports/two_lane_readiness_2026_07_05.json"", ""notes"": ""Dashboard-visible via new_build_top3 (server reads lane_a_top3 only).""}",5f269b49cf8e6e75cc4d8ffafd9394c55cd5bb38
2026-07-05,922120,NEW_BUILD_LANE_A_MODEL,lane_a,Huckleberry Sting,5343986,226,race_day_scorecards[].lane_a_top3.prob,2,0.108909,4.0,1,True,True,NO_EDGE,False,True,MODEL_HIT_POLICY_BLOCKED,VALUE_DISCOVERY_POLICY_BLOCKED,False,PROMOTION_GATED_BY_STANDING_HARD_LAW,"NEW_BUILD_LANE_A_MODEL ranked Huckleberry Sting (SP 4.0) as its top selection and it won -- a real value-discovery signal -- but policy_v1 classified the pick 'NO_EDGE' and did not clear it for any authorised action. This is New Build value discovery, shadow evidence only, not staking profit, not promotion.","{""source_path"": ""data/new_build/reports/two_lane_readiness_2026_07_05.json"", ""notes"": ""Dashboard-visible via new_build_top3 (server reads lane_a_top3 only).""}",5f269b49cf8e6e75cc4d8ffafd9394c55cd5bb38
2026-07-05,922120,NEW_BUILD_LANE_A_MODEL,lane_a,Just A Memory,5023488,227,race_day_scorecards[].lane_a_top3.prob,3,0.106537,19.0,,False,False,SUPPRESS,False,True,MODEL_MISS,MODEL_MISS_NO_POLICY_LAYER,False,PROMOTION_GATED_BY_STANDING_HARD_LAW,NEW_BUILD_LANE_A_MODEL picked Just A Memory (SP 19.0) and it did not win.,"{""source_path"": ""data/new_build/reports/two_lane_readiness_2026_07_05.json"", ""notes"": ""Dashboard-visible via new_build_top3 (server reads lane_a_top3 only).""}",5f269b49cf8e6e75cc4d8ffafd9394c55cd5bb38
2026-07-05,922120,NEW_BUILD_LANE_B_MODEL,lane_b,Queens Wish,5385907,228,race_day_scorecards[].lane_b_top3.prob,1,0.120883,7.5,,False,False,NO_EDGE,False,False,MODEL_MISS,MODEL_MISS_NO_POLICY_LAYER,False,PROMOTION_GATED_BY_STANDING_HARD_LAW,NEW_BUILD_LANE_B_MODEL picked Queens Wish (SP 7.5) and it did not win.,"{""source_path"": ""data/new_build/reports/two_lane_readiness_2026_07_05.json"", ""notes"": ""Not served by the live dashboard -- present only in this local readiness file.""}",5f269b49cf8e6e75cc4d8ffafd9394c55cd5bb38
2026-07-05,922120,NEW_BUILD_LANE_B_MODEL,lane_b,Ballydisco,3458001,229,race_day_scorecards[].lane_b_top3.prob,2,0.113135,5.5,,False,False,SUPPRESS,False,False,MODEL_MISS,MODEL_MISS_NO_POLICY_LAYER,False,PROMOTION_GATED_BY_STANDING_HARD_LAW,NEW_BUILD_LANE_B_MODEL picked Ballydisco (SP 5.5) and it did not win.,"{""source_path"": ""data/new_build/reports/two_lane_readiness_2026_07_05.json"", ""notes"": ""Not served by the live dashboard -- present only in this local readiness file.""}",5f269b49cf8e6e75cc4d8ffafd9394c55cd5bb38
2026-07-05,922120,NEW_BUILD_LANE_B_MODEL,lane_b,Zestful Hope,3935882,230,race_day_scorecards[].lane_b_top3.prob,3,0.101179,12.0,,False,False,NO_EDGE,False,False,MODEL_MISS,MODEL_MISS_NO_POLICY_LAYER,False,PROMOTION_GATED_BY_STANDING_HARD_LAW,NEW_BUILD_LANE_B_MODEL picked Zestful Hope (SP 12.0) and it did not win.,"{""source_path"": ""data/new_build/reports/two_lane_readiness_2026_07_05.json"", ""notes"": ""Not served by the live dashboard -- present only in this local readiness file.""}",5f269b49cf8e6e75cc4d8ffafd9394c55cd5bb38
2026-07-05,922120,NEW_BUILD_LANE_C_MODEL,lane_c,Queens Wish,5385907,231,race_day_scorecards[].lane_c_top3.prob,1,0.561812,7.5,,False,False,N/A (Lane C not policy-anchored),False,False,MODEL_MISS,MODEL_MISS_NO_POLICY_LAYER,False,PROMOTION_GATED_BY_STANDING_HARD_LAW,NEW_BUILD_LANE_C_MODEL picked Queens Wish (SP 7.5) and it did not win.,"{""source_path"": ""data/new_build/reports/two_lane_readiness_2026_07_05.json"", ""notes"": ""Not served by the live dashboard -- present only in this local readiness file.""}",5f269b49cf8e6e75cc4d8ffafd9394c55cd5bb38
2026-07-05,922120,NEW_BUILD_LANE_C_MODEL,lane_c,Galway Reel,5445490,232,race_day_scorecards[].lane_c_top3.prob,2,0.554028,3.75,2,False,True,N/A (Lane C not policy-anchored),False,False,MODEL_MISS,MODEL_MISS_NO_POLICY_LAYER,False,PROMOTION_GATED_BY_STANDING_HARD_LAW,NEW_BUILD_LANE_C_MODEL picked Galway Reel (SP 3.75) and it did not win.,"{""source_path"": ""data/new_build/reports/two_lane_readiness_2026_07_05.json"", ""notes"": ""Not served by the live dashboard -- present only in this local readiness file.""}",5f269b49cf8e6e75cc4d8ffafd9394c55cd5bb38
2026-07-05,922120,NEW_BUILD_LANE_C_MODEL,lane_c,Zestful Hope,3935882,233,race_day_scorecards[].lane_c_top3.prob,3,0.553133,12.0,,False,False,N/A (Lane C not policy-anchored),False,False,MODEL_MISS,MODEL_MISS_NO_POLICY_LAYER,False,PROMOTION_GATED_BY_STANDING_HARD_LAW,NEW_BUILD_LANE_C_MODEL picked Zestful Hope (SP 12.0) and it did not win.,"{""source_path"": ""data/new_build/reports/two_lane_readiness_2026_07_05.json"", ""notes"": ""Not served by the live dashboard -- present only in this local readiness file.""}",5f269b49cf8e6e75cc4d8ffafd9394c55cd5bb38
2026-07-05,922120,PASSPORT_STRENGTH_SCORE_PROXY,proxy_not_a_model,Huckleberry Sting,5343986,234,passport_strength_score,1,2.825,4.0,1,True,True,"N/A (feature input, not a model with a policy layer)",False,False,PROXY_NOT_A_MODEL_CLAIM,PROXY_CONTEXT_ONLY,False,PROMOTION_GATED_BY_STANDING_HARD_LAW,"PASSPORT_STRENGTH_SCORE_PROXY is a feature-engineering input, not a calibrated model output -- context only, never a model claim.","{""source_path"": ""data/new_build/current_cards/current_card_passport_feed_2026_07_05.jsonl"", ""notes"": ""This is a feature-engineering input INTO Lane A/B/C, not their output. Never cite as New Build's result.""}",5f269b49cf8e6e75cc4d8ffafd9394c55cd5bb38
2026-07-05,922120,PASSPORT_STRENGTH_SCORE_PROXY,proxy_not_a_model,Queens Wish,5385907,235,passport_strength_score,2,2.2,7.5,,False,False,"N/A (feature input, not a model with a policy layer)",False,False,PROXY_NOT_A_MODEL_CLAIM,PROXY_CONTEXT_ONLY,False,PROMOTION_GATED_BY_STANDING_HARD_LAW,"PASSPORT_STRENGTH_SCORE_PROXY is a feature-engineering input, not a calibrated model output -- context only, never a model claim.","{""source_path"": ""data/new_build/current_cards/current_card_passport_feed_2026_07_05.jsonl"", ""notes"": ""This is a feature-engineering input INTO Lane A/B/C, not their output. Never cite as New Build's result.""}",5f269b49cf8e6e75cc4d8ffafd9394c55cd5bb38
2026-07-05,922120,PASSPORT_STRENGTH_SCORE_PROXY,proxy_not_a_model,Just A Memory,5023488,236,passport_strength_score,3,2.1,19.0,,False,False,"N/A (feature input, not a model with a policy layer)",False,False,PROXY_NOT_A_MODEL_CLAIM,PROXY_CONTEXT_ONLY,False,PROMOTION_GATED_BY_STANDING_HARD_LAW,"PASSPORT_STRENGTH_SCORE_PROXY is a feature-engineering input, not a calibrated model output -- context only, never a model claim.","{""source_path"": ""data/new_build/current_cards/current_card_passport_feed_2026_07_05.jsonl"", ""notes"": ""This is a feature-engineering input INTO Lane A/B/C, not their output. Never cite as New Build's result.""}",5f269b49cf8e6e75cc4d8ffafd9394c55cd5bb38
2026-07-05,921916,NEW_BUILD_LANE_A_MODEL,lane_a,Premier,6410536,237,race_day_scorecards[].lane_a_top3.prob,1,0.196895,7.5,3,False,True,FRAME_TRUST,True,True,MODEL_MISS,MODEL_MISS_NO_POLICY_LAYER,False,PROMOTION_GATED_BY_STANDING_HARD_LAW,NEW_BUILD_LANE_A_MODEL picked Premier (SP 7.5) and it did not win.,"{""source_path"": ""data/new_build/reports/two_lane_readiness_2026_07_05.json"", ""notes"": ""Dashboard-visible via new_build_top3 (server reads lane_a_top3 only).""}",5f269b49cf8e6e75cc4d8ffafd9394c55cd5bb38
2026-07-05,921916,NEW_BUILD_LANE_A_MODEL,lane_a,Shushi,7947747,238,race_day_scorecards[].lane_a_top3.prob,2,0.165757,9.5,2,False,True,NO_EDGE,False,True,MODEL_MISS,MODEL_MISS_NO_POLICY_LAYER,False,PROMOTION_GATED_BY_STANDING_HARD_LAW,NEW_BUILD_LANE_A_MODEL picked Shushi (SP 9.5) and it did not win.,"{""source_path"": ""data/new_build/reports/two_lane_readiness_2026_07_05.json"", ""notes"": ""Dashboard-visible via new_build_top3 (server reads lane_a_top3 only).""}",5f269b49cf8e6e75cc4d8ffafd9394c55cd5bb38
2026-07-05,921916,NEW_BUILD_LANE_A_MODEL,lane_a,Baltic,5047955,239,race_day_scorecards[].lane_a_top3.prob,3,0.145419,15.0,6,False,False,NO_EDGE,False,True,MODEL_MISS,MODEL_MISS_NO_POLICY_LAYER,False,PROMOTION_GATED_BY_STANDING_HARD_LAW,NEW_BUILD_LANE_A_MODEL picked Baltic (SP 15.0) and it did not win.,"{""source_path"": ""data/new_build/reports/two_lane_readiness_2026_07_05.json"", ""notes"": ""Dashboard-visible via new_build_top3 (server reads lane_a_top3 only).""}",5f269b49cf8e6e75cc4d8ffafd9394c55cd5bb38
2026-07-05,921916,NEW_BUILD_LANE_B_MODEL,lane_b,Premier,6410536,240,race_day_scorecards[].lane_b_top3.prob,1,0.193061,7.5,3,False,True,FRAME_TRUST,True,False,MODEL_MISS,MODEL_MISS_NO_POLICY_LAYER,False,PROMOTION_GATED_BY_STANDING_HARD_LAW,NEW_BUILD_LANE_B_MODEL picked Premier (SP 7.5) and it did not win.,"{""source_path"": ""data/new_build/reports/two_lane_readiness_2026_07_05.json"", ""notes"": ""Not served by the live dashboard -- present only in this local readiness file.""}",5f269b49cf8e6e75cc4d8ffafd9394c55cd5bb38
2026-07-05,921916,NEW_BUILD_LANE_B_MODEL,lane_b,Shushi,7947747,241,race_day_scorecards[].lane_b_top3.prob,2,0.176926,9.5,2,False,True,NO_EDGE,False,False,MODEL_MISS,MODEL_MISS_NO_POLICY_LAYER,False,PROMOTION_GATED_BY_STANDING_HARD_LAW,NEW_BUILD_LANE_B_MODEL picked Shushi (SP 9.5) and it did not win.,"{""source_path"": ""data/new_build/reports/two_lane_readiness_2026_07_05.json"", ""notes"": ""Not served by the live dashboard -- present only in this local readiness file.""}",5f269b49cf8e6e75cc4d8ffafd9394c55cd5bb38
2026-07-05,921916,NEW_BUILD_LANE_B_MODEL,lane_b,John Galt,8520787,242,race_day_scorecards[].lane_b_top3.prob,3,0.135694,3.5,5,False,False,SUPPRESS,False,False,MODEL_MISS,MODEL_MISS_NO_POLICY_LAYER,False,PROMOTION_GATED_BY_STANDING_HARD_LAW,NEW_BUILD_LANE_B_MODEL picked John Galt (SP 3.5) and it did not win.,"{""source_path"": ""data/new_build/reports/two_lane_readiness_2026_07_05.json"", ""notes"": ""Not served by the live dashboard -- present only in this local readiness file.""}",5f269b49cf8e6e75cc4d8ffafd9394c55cd5bb38
2026-07-05,921916,NEW_BUILD_LANE_C_MODEL,lane_c,Premier,6410536,243,race_day_scorecards[].lane_c_top3.prob,1,0.573331,7.5,3,False,True,N/A (Lane C not policy-anchored),False,False,MODEL_MISS,MODEL_MISS_NO_POLICY_LAYER,False,PROMOTION_GATED_BY_STANDING_HARD_LAW,NEW_BUILD_LANE_C_MODEL picked Premier (SP 7.5) and it did not win.,"{""source_path"": ""data/new_build/reports/two_lane_readiness_2026_07_05.json"", ""notes"": ""Not served by the live dashboard -- present only in this local readiness file.""}",5f269b49cf8e6e75cc4d8ffafd9394c55cd5bb38
2026-07-05,921916,NEW_BUILD_LANE_C_MODEL,lane_c,Shushi,7947747,244,race_day_scorecards[].lane_c_top3.prob,2,0.566207,9.5,2,False,True,N/A (Lane C not policy-anchored),False,False,MODEL_MISS,MODEL_MISS_NO_POLICY_LAYER,False,PROMOTION_GATED_BY_STANDING_HARD_LAW,NEW_BUILD_LANE_C_MODEL picked Shushi (SP 9.5) and it did not win.,"{""source_path"": ""data/new_build/reports/two_lane_readiness_2026_07_05.json"", ""notes"": ""Not served by the live dashboard -- present only in this local readiness file.""}",5f269b49cf8e6e75cc4d8ffafd9394c55cd5bb38
2026-07-05,921916,NEW_BUILD_LANE_C_MODEL,lane_c,Baltic,5047955,245,race_day_scorecards[].lane_c_top3.prob,3,0.559679,15.0,6,False,False,N/A (Lane C not policy-anchored),False,False,MODEL_MISS,MODEL_MISS_NO_POLICY_LAYER,False,PROMOTION_GATED_BY_STANDING_HARD_LAW,NEW_BUILD_LANE_C_MODEL picked Baltic (SP 15.0) and it did not win.,"{""source_path"": ""data/new_build/reports/two_lane_readiness_2026_07_05.json"", ""notes"": ""Not served by the live dashboard -- present only in this local readiness file.""}",5f269b49cf8e6e75cc4d8ffafd9394c55cd5bb38
2026-07-05,921916,PASSPORT_STRENGTH_SCORE_PROXY,proxy_not_a_model,Premier,6410536,246,passport_strength_score,1,2.9,7.5,3,False,True,"N/A (feature input, not a model with a policy layer)",False,False,PROXY_NOT_A_MODEL_CLAIM,PROXY_CONTEXT_ONLY,False,PROMOTION_GATED_BY_STANDING_HARD_LAW,"PASSPORT_STRENGTH_SCORE_PROXY is a feature-engineering input, not a calibrated model output -- context only, never a model claim.","{""source_path"": ""data/new_build/current_cards/current_card_passport_feed_2026_07_05.jsonl"", ""notes"": ""This is a feature-engineering input INTO Lane A/B/C, not their output. Never cite as New Build's result.""}",5f269b49cf8e6e75cc4d8ffafd9394c55cd5bb38
2026-07-05,921916,PASSPORT_STRENGTH_SCORE_PROXY,proxy_not_a_model,Shushi,7947747,247,passport_strength_score,2,0.95,9.5,2,False,True,"N/A (feature input, not a model with a policy layer)",False,False,PROXY_NOT_A_MODEL_CLAIM,PROXY_CONTEXT_ONLY,False,PROMOTION_GATED_BY_STANDING_HARD_LAW,"PASSPORT_STRENGTH_SCORE_PROXY is a feature-engineering input, not a calibrated model output -- context only, never a model claim.","{""source_path"": ""data/new_build/current_cards/current_card_passport_feed_2026_07_05.jsonl"", ""notes"": ""This is a feature-engineering input INTO Lane A/B/C, not their output. Never cite as New Build's result.""}",5f269b49cf8e6e75cc4d8ffafd9394c55cd5bb38
2026-07-05,921916,PASSPORT_STRENGTH_SCORE_PROXY,proxy_not_a_model,Baltic,5047955,248,passport_strength_score,3,0.9,15.0,6,False,False,"N/A (feature input, not a model with a policy layer)",False,False,PROXY_NOT_A_MODEL_CLAIM,PROXY_CONTEXT_ONLY,False,PROMOTION_GATED_BY_STANDING_HARD_LAW,"PASSPORT_STRENGTH_SCORE_PROXY is a feature-engineering input, not a calibrated model output -- context only, never a model claim.","{""source_path"": ""data/new_build/current_cards/current_card_passport_feed_2026_07_05.jsonl"", ""notes"": ""This is a feature-engineering input INTO Lane A/B/C, not their output. Never cite as New Build's result.""}",5f269b49cf8e6e75cc4d8ffafd9394c55cd5bb38
2026-07-05,922288,NEW_BUILD_LANE_A_MODEL,lane_a,Celeborn,6032317,249,race_day_scorecards[].lane_a_top3.prob,1,0.132212,4.5,5,False,False,SUPPRESS,False,True,MODEL_MISS,MODEL_MISS_NO_POLICY_LAYER,False,PROMOTION_GATED_BY_STANDING_HARD_LAW,NEW_BUILD_LANE_A_MODEL picked Celeborn (SP 4.5) and it did not win.,"{""source_path"": ""data/new_build/reports/two_lane_readiness_2026_07_05.json"", ""notes"": ""Dashboard-visible via new_build_top3 (server reads lane_a_top3 only).""}",5f269b49cf8e6e75cc4d8ffafd9394c55cd5bb38
2026-07-05,922288,NEW_BUILD_LANE_A_MODEL,lane_a,Monoceros,8009420,250,race_day_scorecards[].lane_a_top3.prob,2,0.12712,34.0,9,False,False,SUPPRESS,False,True,MODEL_MISS,MODEL_MISS_NO_POLICY_LAYER,False,PROMOTION_GATED_BY_STANDING_HARD_LAW,NEW_BUILD_LANE_A_MODEL picked Monoceros (SP 34.0) and it did not win.,"{""source_path"": ""data/new_build/reports/two_lane_readiness_2026_07_05.json"", ""notes"": ""Dashboard-visible via new_build_top3 (server reads lane_a_top3 only).""}",5f269b49cf8e6e75cc4d8ffafd9394c55cd5bb38
2026-07-05,922288,NEW_BUILD_LANE_A_MODEL,lane_a,Leadenhall,4559928,251,race_day_scorecards[].lane_a_top3.prob,3,0.123721,9.0,4,False,False,SUPPRESS,False,True,MODEL_MISS,MODEL_MISS_NO_POLICY_LAYER,False,PROMOTION_GATED_BY_STANDING_HARD_LAW,NEW_BUILD_LANE_A_MODEL picked Leadenhall (SP 9.0) and it did not win.,"{""source_path"": ""data/new_build/reports/two_lane_readiness_2026_07_05.json"", ""notes"": ""Dashboard-visible via new_build_top3 (server reads lane_a_top3 only).""}",5f269b49cf8e6e75cc4d8ffafd9394c55cd5bb38
2026-07-05,922288,NEW_BUILD_LANE_B_MODEL,lane_b,Monoceros,8009420,252,race_day_scorecards[].lane_b_top3.prob,1,0.097881,34.0,9,False,False,SUPPRESS,False,False,MODEL_MISS,MODEL_MISS_NO_POLICY_LAYER,False,PROMOTION_GATED_BY_STANDING_HARD_LAW,NEW_BUILD_LANE_B_MODEL picked Monoceros (SP 34.0) and it did not win.,"{""source_path"": ""data/new_build/reports/two_lane_readiness_2026_07_05.json"", ""notes"": ""Not served by the live dashboard -- present only in this local readiness file.""}",5f269b49cf8e6e75cc4d8ffafd9394c55cd5bb38
2026-07-05,922288,NEW_BUILD_LANE_B_MODEL,lane_b,Leadenhall,4559928,253,race_day_scorecards[].lane_b_top3.prob,2,0.091444,9.0,4,False,False,SUPPRESS,False,False,MODEL_MISS,MODEL_MISS_NO_POLICY_LAYER,False,PROMOTION_GATED_BY_STANDING_HARD_LAW,NEW_BUILD_LANE_B_MODEL picked Leadenhall (SP 9.0) and it did not win.,"{""source_path"": ""data/new_build/reports/two_lane_readiness_2026_07_05.json"", ""notes"": ""Not served by the live dashboard -- present only in this local readiness file.""}",5f269b49cf8e6e75cc4d8ffafd9394c55cd5bb38
2026-07-05,922288,NEW_BUILD_LANE_B_MODEL,lane_b,Celeborn,6032317,254,race_day_scorecards[].lane_b_top3.prob,3,0.091044,4.5,5,False,False,SUPPRESS,False,False,MODEL_MISS,MODEL_MISS_NO_POLICY_LAYER,False,PROMOTION_GATED_BY_STANDING_HARD_LAW,NEW_BUILD_LANE_B_MODEL picked Celeborn (SP 4.5) and it did not win.,"{""source_path"": ""data/new_build/reports/two_lane_readiness_2026_07_05.json"", ""notes"": ""Not served by the live dashboard -- present only in this local readiness file.""}",5f269b49cf8e6e75cc4d8ffafd9394c55cd5bb38
2026-07-05,922288,NEW_BUILD_LANE_C_MODEL,lane_c,Brigid's Well,7900595,255,race_day_scorecards[].lane_c_top3.prob,1,0.544478,17.0,6,False,False,N/A (Lane C not policy-anchored),False,False,MODEL_MISS,MODEL_MISS_NO_POLICY_LAYER,False,PROMOTION_GATED_BY_STANDING_HARD_LAW,NEW_BUILD_LANE_C_MODEL picked Brigid's Well (SP 17.0) and it did not win.,"{""source_path"": ""data/new_build/reports/two_lane_readiness_2026_07_05.json"", ""notes"": ""Not served by the live dashboard -- present only in this local readiness file.""}",5f269b49cf8e6e75cc4d8ffafd9394c55cd5bb38
2026-07-05,922288,NEW_BUILD_LANE_C_MODEL,lane_c,Celeborn,6032317,256,race_day_scorecards[].lane_c_top3.prob,2,0.544096,4.5,5,False,False,N/A (Lane C not policy-anchored),False,False,MODEL_MISS,MODEL_MISS_NO_POLICY_LAYER,False,PROMOTION_GATED_BY_STANDING_HARD_LAW,NEW_BUILD_LANE_C_MODEL picked Celeborn (SP 4.5) and it did not win.,"{""source_path"": ""data/new_build/reports/two_lane_readiness_2026_07_05.json"", ""notes"": ""Not served by the live dashboard -- present only in this local readiness file.""}",5f269b49cf8e6e75cc4d8ffafd9394c55cd5bb38
2026-07-05,922288,NEW_BUILD_LANE_C_MODEL,lane_c,Salam Dubawi,7160449,257,race_day_scorecards[].lane_c_top3.prob,3,0.543395,23.0,3,False,True,N/A (Lane C not policy-anchored),False,False,MODEL_MISS,MODEL_MISS_NO_POLICY_LAYER,False,PROMOTION_GATED_BY_STANDING_HARD_LAW,NEW_BUILD_LANE_C_MODEL picked Salam Dubawi (SP 23.0) and it did not win.,"{""source_path"": ""data/new_build/reports/two_lane_readiness_2026_07_05.json"", ""notes"": ""Not served by the live dashboard -- present only in this local readiness file.""}",5f269b49cf8e6e75cc4d8ffafd9394c55cd5bb38
2026-07-05,922288,PASSPORT_STRENGTH_SCORE_PROXY,proxy_not_a_model,Celeborn,6032317,258,passport_strength_score,1,3.45,4.5,5,False,False,"N/A (feature input, not a model with a policy layer)",False,False,PROXY_NOT_A_MODEL_CLAIM,PROXY_CONTEXT_ONLY,False,PROMOTION_GATED_BY_STANDING_HARD_LAW,"PASSPORT_STRENGTH_SCORE_PROXY is a feature-engineering input, not a calibrated model output -- context only, never a model claim.","{""source_path"": ""data/new_build/current_cards/current_card_passport_feed_2026_07_05.jsonl"", ""notes"": ""This is a feature-engineering input INTO Lane A/B/C, not their output. Never cite as New Build's result.""}",5f269b49cf8e6e75cc4d8ffafd9394c55cd5bb38
2026-07-05,922288,PASSPORT_STRENGTH_SCORE_PROXY,proxy_not_a_model,Monoceros,8009420,259,passport_strength_score,2,2.325,34.0,9,False,False,"N/A (feature input, not a model with a policy layer)",False,False,PROXY_NOT_A_MODEL_CLAIM,PROXY_CONTEXT_ONLY,False,PROMOTION_GATED_BY_STANDING_HARD_LAW,"PASSPORT_STRENGTH_SCORE_PROXY is a feature-engineering input, not a calibrated model output -- context only, never a model claim.","{""source_path"": ""data/new_build/current_cards/current_card_passport_feed_2026_07_05.jsonl"", ""notes"": ""This is a feature-engineering input INTO Lane A/B/C, not their output. Never cite as New Build's result.""}",5f269b49cf8e6e75cc4d8ffafd9394c55cd5bb38
2026-07-05,922288,PASSPORT_STRENGTH_SCORE_PROXY,proxy_not_a_model,Walsingham,4420163,260,passport_strength_score,3,2.3,9.5,10,False,False,"N/A (feature input, not a model with a policy layer)",False,False,PROXY_NOT_A_MODEL_CLAIM,PROXY_CONTEXT_ONLY,False,PROMOTION_GATED_BY_STANDING_HARD_LAW,"PASSPORT_STRENGTH_SCORE_PROXY is a feature-engineering input, not a calibrated model output -- context only, never a model claim.","{""source_path"": ""data/new_build/current_cards/current_card_passport_feed_2026_07_05.jsonl"", ""notes"": ""This is a feature-engineering input INTO Lane A/B/C, not their output. Never cite as New Build's result.""}",5f269b49cf8e6e75cc4d8ffafd9394c55cd5bb38
2026-07-05,922122,NEW_BUILD_LANE_A_MODEL,lane_a,Zandahar,9051061,261,race_day_scorecards[].lane_a_top3.prob,1,0.113167,9.0,6,False,False,SUPPRESS,False,True,MODEL_MISS,MODEL_MISS_NO_POLICY_LAYER,False,PROMOTION_GATED_BY_STANDING_HARD_LAW,NEW_BUILD_LANE_A_MODEL picked Zandahar (SP 9.0) and it did not win.,"{""source_path"": ""data/new_build/reports/two_lane_readiness_2026_07_05.json"", ""notes"": ""Dashboard-visible via new_build_top3 (server reads lane_a_top3 only).""}",5f269b49cf8e6e75cc4d8ffafd9394c55cd5bb38
2026-07-05,922122,NEW_BUILD_LANE_A_MODEL,lane_a,Don De La Frontera,8913420,262,race_day_scorecards[].lane_a_top3.prob,2,0.104098,10.0,7,False,False,LOW_DATA,False,True,MODEL_MISS,MODEL_MISS_NO_POLICY_LAYER,False,PROMOTION_GATED_BY_STANDING_HARD_LAW,NEW_BUILD_LANE_A_MODEL picked Don De La Frontera (SP 10.0) and it did not win.,"{""source_path"": ""data/new_build/reports/two_lane_readiness_2026_07_05.json"", ""notes"": ""Dashboard-visible via new_build_top3 (server reads lane_a_top3 only).""}",5f269b49cf8e6e75cc4d8ffafd9394c55cd5bb38
2026-07-05,922122,NEW_BUILD_LANE_A_MODEL,lane_a,Ifyouhaveaplan,9051007,263,race_day_scorecards[].lane_a_top3.prob,3,0.104098,34.0,5,False,False,LOW_DATA,False,True,MODEL_MISS,MODEL_MISS_NO_POLICY_LAYER,False,PROMOTION_GATED_BY_STANDING_HARD_LAW,NEW_BUILD_LANE_A_MODEL picked Ifyouhaveaplan (SP 34.0) and it did not win.,"{""source_path"": ""data/new_build/reports/two_lane_readiness_2026_07_05.json"", ""notes"": ""Dashboard-visible via new_build_top3 (server reads lane_a_top3 only).""}",5f269b49cf8e6e75cc4d8ffafd9394c55cd5bb38
2026-07-05,922122,NEW_BUILD_LANE_B_MODEL,lane_b,Litaque,7529867,264,race_day_scorecards[].lane_b_top3.prob,1,0.098169,8.0,2,False,True,SUPPRESS,False,False,MODEL_MISS,MODEL_MISS_NO_POLICY_LAYER,False,PROMOTION_GATED_BY_STANDING_HARD_LAW,NEW_BUILD_LANE_B_MODEL picked Litaque (SP 8.0) and it did not win.,"{""source_path"": ""data/new_build/reports/two_lane_readiness_2026_07_05.json"", ""notes"": ""Not served by the live dashboard -- present only in this local readiness file.""}",5f269b49cf8e6e75cc4d8ffafd9394c55cd5bb38
2026-07-05,922122,NEW_BUILD_LANE_B_MODEL,lane_b,Don De La Frontera,8913420,265,race_day_scorecards[].lane_b_top3.prob,2,0.093796,10.0,7,False,False,LOW_DATA,False,False,MODEL_MISS,MODEL_MISS_NO_POLICY_LAYER,False,PROMOTION_GATED_BY_STANDING_HARD_LAW,NEW_BUILD_LANE_B_MODEL picked Don De La Frontera (SP 10.0) and it did not win.,"{""source_path"": ""data/new_build/reports/two_lane_readiness_2026_07_05.json"", ""notes"": ""Not served by the live dashboard -- present only in this local readiness file.""}",5f269b49cf8e6e75cc4d8ffafd9394c55cd5bb38
2026-07-05,922122,NEW_BUILD_LANE_B_MODEL,lane_b,Ifyouhaveaplan,9051007,266,race_day_scorecards[].lane_b_top3.prob,3,0.093796,34.0,5,False,False,LOW_DATA,False,False,MODEL_MISS,MODEL_MISS_NO_POLICY_LAYER,False,PROMOTION_GATED_BY_STANDING_HARD_LAW,NEW_BUILD_LANE_B_MODEL picked Ifyouhaveaplan (SP 34.0) and it did not win.,"{""source_path"": ""data/new_build/reports/two_lane_readiness_2026_07_05.json"", ""notes"": ""Not served by the live dashboard -- present only in this local readiness file.""}",5f269b49cf8e6e75cc4d8ffafd9394c55cd5bb38
2026-07-05,922122,NEW_BUILD_LANE_C_MODEL,lane_c,Don De La Frontera,8913420,267,race_day_scorecards[].lane_c_top3.prob,1,0.544333,10.0,7,False,False,N/A (Lane C not policy-anchored),False,False,MODEL_MISS,MODEL_MISS_NO_POLICY_LAYER,False,PROMOTION_GATED_BY_STANDING_HARD_LAW,NEW_BUILD_LANE_C_MODEL picked Don De La Frontera (SP 10.0) and it did not win.,"{""source_path"": ""data/new_build/reports/two_lane_readiness_2026_07_05.json"", ""notes"": ""Not served by the live dashboard -- present only in this local readiness file.""}",5f269b49cf8e6e75cc4d8ffafd9394c55cd5bb38
2026-07-05,922122,NEW_BUILD_LANE_C_MODEL,lane_c,Ifyouhaveaplan,9051007,268,race_day_scorecards[].lane_c_top3.prob,2,0.544333,34.0,5,False,False,N/A (Lane C not policy-anchored),False,False,MODEL_MISS,MODEL_MISS_NO_POLICY_LAYER,False,PROMOTION_GATED_BY_STANDING_HARD_LAW,NEW_BUILD_LANE_C_MODEL picked Ifyouhaveaplan (SP 34.0) and it did not win.,"{""source_path"": ""data/new_build/reports/two_lane_readiness_2026_07_05.json"", ""notes"": ""Not served by the live dashboard -- present only in this local readiness file.""}",5f269b49cf8e6e75cc4d8ffafd9394c55cd5bb38
2026-07-05,922122,NEW_BUILD_LANE_C_MODEL,lane_c,Masterius,9217611,269,race_day_scorecards[].lane_c_top3.prob,3,0.543343,2.0,3,False,True,N/A (Lane C not policy-anchored),False,False,MODEL_MISS,MODEL_MISS_NO_POLICY_LAYER,False,PROMOTION_GATED_BY_STANDING_HARD_LAW,NEW_BUILD_LANE_C_MODEL picked Masterius (SP 2.0) and it did not win.,"{""source_path"": ""data/new_build/reports/two_lane_readiness_2026_07_05.json"", ""notes"": ""Not served by the live dashboard -- present only in this local readiness file.""}",5f269b49cf8e6e75cc4d8ffafd9394c55cd5bb38
2026-07-05,922122,PASSPORT_STRENGTH_SCORE_PROXY,proxy_not_a_model,Zandahar,9051061,270,passport_strength_score,1,2.05,9.0,6,False,False,"N/A (feature input, not a model with a policy layer)",False,False,PROXY_NOT_A_MODEL_CLAIM,PROXY_CONTEXT_ONLY,False,PROMOTION_GATED_BY_STANDING_HARD_LAW,"PASSPORT_STRENGTH_SCORE_PROXY is a feature-engineering input, not a calibrated model output -- context only, never a model claim.","{""source_path"": ""data/new_build/current_cards/current_card_passport_feed_2026_07_05.jsonl"", ""notes"": ""This is a feature-engineering input INTO Lane A/B/C, not their output. Never cite as New Build's result.""}",5f269b49cf8e6e75cc4d8ffafd9394c55cd5bb38
2026-07-05,922122,PASSPORT_STRENGTH_SCORE_PROXY,proxy_not_a_model,Parish Girl,9290870,271,passport_strength_score,2,2.05,41.0,4,False,False,"N/A (feature input, not a model with a policy layer)",False,False,PROXY_NOT_A_MODEL_CLAIM,PROXY_CONTEXT_ONLY,False,PROMOTION_GATED_BY_STANDING_HARD_LAW,"PASSPORT_STRENGTH_SCORE_PROXY is a feature-engineering input, not a calibrated model output -- context only, never a model claim.","{""source_path"": ""data/new_build/current_cards/current_card_passport_feed_2026_07_05.jsonl"", ""notes"": ""This is a feature-engineering input INTO Lane A/B/C, not their output. Never cite as New Build's result.""}",5f269b49cf8e6e75cc4d8ffafd9394c55cd5bb38
2026-07-05,922122,PASSPORT_STRENGTH_SCORE_PROXY,proxy_not_a_model,Guerdale,9281131,272,passport_strength_score,3,0.3,151.0,8,False,False,"N/A (feature input, not a model with a policy layer)",False,False,PROXY_NOT_A_MODEL_CLAIM,PROXY_CONTEXT_ONLY,False,PROMOTION_GATED_BY_STANDING_HARD_LAW,"PASSPORT_STRENGTH_SCORE_PROXY is a feature-engineering input, not a calibrated model output -- context only, never a model claim.","{""source_path"": ""data/new_build/current_cards/current_card_passport_feed_2026_07_05.jsonl"", ""notes"": ""This is a feature-engineering input INTO Lane A/B/C, not their output. Never cite as New Build's result.""}",5f269b49cf8e6e75cc4d8ffafd9394c55cd5bb38
2026-07-05,921920,NEW_BUILD_LANE_A_MODEL,lane_a,Club Class,6550750,273,race_day_scorecards[].lane_a_top3.prob,1,0.231392,2.75,2,False,True,FRAME_TRUST,True,True,MODEL_MISS,MODEL_MISS_NO_POLICY_LAYER,False,PROMOTION_GATED_BY_STANDING_HARD_LAW,NEW_BUILD_LANE_A_MODEL picked Club Class (SP 2.75) and it did not win.,"{""source_path"": ""data/new_build/reports/two_lane_readiness_2026_07_05.json"", ""notes"": ""Dashboard-visible via new_build_top3 (server reads lane_a_top3 only).""}",5f269b49cf8e6e75cc4d8ffafd9394c55cd5bb38
2026-07-05,921920,NEW_BUILD_LANE_A_MODEL,lane_a,Aulis,5394042,274,race_day_scorecards[].lane_a_top3.prob,2,0.1917,26.0,6,False,False,NO_EDGE,False,True,MODEL_MISS,MODEL_MISS_NO_POLICY_LAYER,False,PROMOTION_GATED_BY_STANDING_HARD_LAW,NEW_BUILD_LANE_A_MODEL picked Aulis (SP 26.0) and it did not win.,"{""source_path"": ""data/new_build/reports/two_lane_readiness_2026_07_05.json"", ""notes"": ""Dashboard-visible via new_build_top3 (server reads lane_a_top3 only).""}",5f269b49cf8e6e75cc4d8ffafd9394c55cd5bb38
2026-07-05,921920,NEW_BUILD_LANE_A_MODEL,lane_a,Jupiter Ammon,7426996,275,race_day_scorecards[].lane_a_top3.prob,3,0.182948,4.33,7,False,False,NO_EDGE,False,True,MODEL_MISS,MODEL_MISS_NO_POLICY_LAYER,False,PROMOTION_GATED_BY_STANDING_HARD_LAW,NEW_BUILD_LANE_A_MODEL picked Jupiter Ammon (SP 4.33) and it did not win.,"{""source_path"": ""data/new_build/reports/two_lane_readiness_2026_07_05.json"", ""notes"": ""Dashboard-visible via new_build_top3 (server reads lane_a_top3 only).""}",5f269b49cf8e6e75cc4d8ffafd9394c55cd5bb38
2026-07-05,921920,NEW_BUILD_LANE_B_MODEL,lane_b,Club Class,6550750,276,race_day_scorecards[].lane_b_top3.prob,1,0.185336,2.75,2,False,True,FRAME_TRUST,True,False,MODEL_MISS,MODEL_MISS_NO_POLICY_LAYER,False,PROMOTION_GATED_BY_STANDING_HARD_LAW,NEW_BUILD_LANE_B_MODEL picked Club Class (SP 2.75) and it did not win.,"{""source_path"": ""data/new_build/reports/two_lane_readiness_2026_07_05.json"", ""notes"": ""Not served by the live dashboard -- present only in this local readiness file.""}",5f269b49cf8e6e75cc4d8ffafd9394c55cd5bb38
2026-07-05,921920,NEW_BUILD_LANE_B_MODEL,lane_b,Jupiter Ammon,7426996,277,race_day_scorecards[].lane_b_top3.prob,2,0.173946,4.33,7,False,False,NO_EDGE,False,False,MODEL_MISS,MODEL_MISS_NO_POLICY_LAYER,False,PROMOTION_GATED_BY_STANDING_HARD_LAW,NEW_BUILD_LANE_B_MODEL picked Jupiter Ammon (SP 4.33) and it did not win.,"{""source_path"": ""data/new_build/reports/two_lane_readiness_2026_07_05.json"", ""notes"": ""Not served by the live dashboard -- present only in this local readiness file.""}",5f269b49cf8e6e75cc4d8ffafd9394c55cd5bb38
2026-07-05,921920,NEW_BUILD_LANE_B_MODEL,lane_b,Aulis,5394042,278,race_day_scorecards[].lane_b_top3.prob,3,0.131427,26.0,6,False,False,NO_EDGE,False,False,MODEL_MISS,MODEL_MISS_NO_POLICY_LAYER,False,PROMOTION_GATED_BY_STANDING_HARD_LAW,NEW_BUILD_LANE_B_MODEL picked Aulis (SP 26.0) and it did not win.,"{""source_path"": ""data/new_build/reports/two_lane_readiness_2026_07_05.json"", ""notes"": ""Not served by the live dashboard -- present only in this local readiness file.""}",5f269b49cf8e6e75cc4d8ffafd9394c55cd5bb38
2026-07-05,921920,NEW_BUILD_LANE_C_MODEL,lane_c,Jupiter Ammon,7426996,279,race_day_scorecards[].lane_c_top3.prob,1,0.56631,4.33,7,False,False,N/A (Lane C not policy-anchored),False,False,MODEL_MISS,MODEL_MISS_NO_POLICY_LAYER,False,PROMOTION_GATED_BY_STANDING_HARD_LAW,NEW_BUILD_LANE_C_MODEL picked Jupiter Ammon (SP 4.33) and it did not win.,"{""source_path"": ""data/new_build/reports/two_lane_readiness_2026_07_05.json"", ""notes"": ""Not served by the live dashboard -- present only in this local readiness file.""}",5f269b49cf8e6e75cc4d8ffafd9394c55cd5bb38
2026-07-05,921920,NEW_BUILD_LANE_C_MODEL,lane_c,Club Class,6550750,280,race_day_scorecards[].lane_c_top3.prob,2,0.563293,2.75,2,False,True,N/A (Lane C not policy-anchored),False,False,MODEL_MISS,MODEL_MISS_NO_POLICY_LAYER,False,PROMOTION_GATED_BY_STANDING_HARD_LAW,NEW_BUILD_LANE_C_MODEL picked Club Class (SP 2.75) and it did not win.,"{""source_path"": ""data/new_build/reports/two_lane_readiness_2026_07_05.json"", ""notes"": ""Not served by the live dashboard -- present only in this local readiness file.""}",5f269b49cf8e6e75cc4d8ffafd9394c55cd5bb38
2026-07-05,921920,NEW_BUILD_LANE_C_MODEL,lane_c,Northwest Passage,6587053,281,race_day_scorecards[].lane_c_top3.prob,3,0.559415,7.5,5,False,False,N/A (Lane C not policy-anchored),False,False,MODEL_MISS,MODEL_MISS_NO_POLICY_LAYER,False,PROMOTION_GATED_BY_STANDING_HARD_LAW,NEW_BUILD_LANE_C_MODEL picked Northwest Passage (SP 7.5) and it did not win.,"{""source_path"": ""data/new_build/reports/two_lane_readiness_2026_07_05.json"", ""notes"": ""Not served by the live dashboard -- present only in this local readiness file.""}",5f269b49cf8e6e75cc4d8ffafd9394c55cd5bb38
2026-07-05,921920,PASSPORT_STRENGTH_SCORE_PROXY,proxy_not_a_model,Aulis,5394042,282,passport_strength_score,1,3.8,26.0,6,False,False,"N/A (feature input, not a model with a policy layer)",False,False,PROXY_NOT_A_MODEL_CLAIM,PROXY_CONTEXT_ONLY,False,PROMOTION_GATED_BY_STANDING_HARD_LAW,"PASSPORT_STRENGTH_SCORE_PROXY is a feature-engineering input, not a calibrated model output -- context only, never a model claim.","{""source_path"": ""data/new_build/current_cards/current_card_passport_feed_2026_07_05.jsonl"", ""notes"": ""This is a feature-engineering input INTO Lane A/B/C, not their output. Never cite as New Build's result.""}",5f269b49cf8e6e75cc4d8ffafd9394c55cd5bb38
2026-07-05,921920,PASSPORT_STRENGTH_SCORE_PROXY,proxy_not_a_model,Club Class,6550750,283,passport_strength_score,2,3.1,2.75,2,False,True,"N/A (feature input, not a model with a policy layer)",False,False,PROXY_NOT_A_MODEL_CLAIM,PROXY_CONTEXT_ONLY,False,PROMOTION_GATED_BY_STANDING_HARD_LAW,"PASSPORT_STRENGTH_SCORE_PROXY is a feature-engineering input, not a calibrated model output -- context only, never a model claim.","{""source_path"": ""data/new_build/current_cards/current_card_passport_feed_2026_07_05.jsonl"", ""notes"": ""This is a feature-engineering input INTO Lane A/B/C, not their output. Never cite as New Build's result.""}",5f269b49cf8e6e75cc4d8ffafd9394c55cd5bb38
2026-07-05,921920,PASSPORT_STRENGTH_SCORE_PROXY,proxy_not_a_model,Jupiter Ammon,7426996,284,passport_strength_score,3,2.9,4.33,7,False,False,"N/A (feature input, not a model with a policy layer)",False,False,PROXY_NOT_A_MODEL_CLAIM,PROXY_CONTEXT_ONLY,False,PROMOTION_GATED_BY_STANDING_HARD_LAW,"PASSPORT_STRENGTH_SCORE_PROXY is a feature-engineering input, not a calibrated model output -- context only, never a model claim.","{""source_path"": ""data/new_build/current_cards/current_card_passport_feed_2026_07_05.jsonl"", ""notes"": ""This is a feature-engineering input INTO Lane A/B/C, not their output. Never cite as New Build's result.""}",5f269b49cf8e6e75cc4d8ffafd9394c55cd5bb38
2026-07-05,922294,NEW_BUILD_LANE_A_MODEL,lane_a,Penny Mountain,6027933,285,race_day_scorecards[].lane_a_top3.prob,1,0.130465,12.0,5,False,False,NO_EDGE,False,True,MODEL_MISS,MODEL_MISS_NO_POLICY_LAYER,False,PROMOTION_GATED_BY_STANDING_HARD_LAW,NEW_BUILD_LANE_A_MODEL picked Penny Mountain (SP 12.0) and it did not win.,"{""source_path"": ""data/new_build/reports/two_lane_readiness_2026_07_05.json"", ""notes"": ""Dashboard-visible via new_build_top3 (server reads lane_a_top3 only).""}",5f269b49cf8e6e75cc4d8ffafd9394c55cd5bb38
2026-07-05,922294,NEW_BUILD_LANE_A_MODEL,lane_a,Ramon Di Loria,3177303,286,race_day_scorecards[].lane_a_top3.prob,2,0.1143,11.0,3,False,True,SUPPRESS,False,True,MODEL_MISS,MODEL_MISS_NO_POLICY_LAYER,False,PROMOTION_GATED_BY_STANDING_HARD_LAW,NEW_BUILD_LANE_A_MODEL picked Ramon Di Loria (SP 11.0) and it did not win.,"{""source_path"": ""data/new_build/reports/two_lane_readiness_2026_07_05.json"", ""notes"": ""Dashboard-visible via new_build_top3 (server reads lane_a_top3 only).""}",5f269b49cf8e6e75cc4d8ffafd9394c55cd5bb38
2026-07-05,922294,NEW_BUILD_LANE_A_MODEL,lane_a,Monhammer,3499387,287,race_day_scorecards[].lane_a_top3.prob,3,0.100664,6.0,4,False,False,SUPPRESS,False,True,MODEL_MISS,MODEL_MISS_NO_POLICY_LAYER,False,PROMOTION_GATED_BY_STANDING_HARD_LAW,NEW_BUILD_LANE_A_MODEL picked Monhammer (SP 6.0) and it did not win.,"{""source_path"": ""data/new_build/reports/two_lane_readiness_2026_07_05.json"", ""notes"": ""Dashboard-visible via new_build_top3 (server reads lane_a_top3 only).""}",5f269b49cf8e6e75cc4d8ffafd9394c55cd5bb38
2026-07-05,922294,NEW_BUILD_LANE_B_MODEL,lane_b,Penny Mountain,6027933,288,race_day_scorecards[].lane_b_top3.prob,1,0.101638,12.0,5,False,False,NO_EDGE,False,False,MODEL_MISS,MODEL_MISS_NO_POLICY_LAYER,False,PROMOTION_GATED_BY_STANDING_HARD_LAW,NEW_BUILD_LANE_B_MODEL picked Penny Mountain (SP 12.0) and it did not win.,"{""source_path"": ""data/new_build/reports/two_lane_readiness_2026_07_05.json"", ""notes"": ""Not served by the live dashboard -- present only in this local readiness file.""}",5f269b49cf8e6e75cc4d8ffafd9394c55cd5bb38
2026-07-05,922294,NEW_BUILD_LANE_B_MODEL,lane_b,Jkr Cobbler,3662546,289,race_day_scorecards[].lane_b_top3.prob,2,0.09259,4.0,1,True,True,SUPPRESS,False,False,MODEL_HIT_POLICY_BLOCKED,VALUE_DISCOVERY_POLICY_BLOCKED,False,PROMOTION_GATED_BY_STANDING_HARD_LAW,"NEW_BUILD_LANE_B_MODEL ranked Jkr Cobbler (SP 4.0) as its top selection and it won -- a real value-discovery signal -- but policy_v1 classified the pick 'SUPPRESS' and did not clear it for any authorised action. This is New Build value discovery, shadow evidence only, not staking profit, not promotion.","{""source_path"": ""data/new_build/reports/two_lane_readiness_2026_07_05.json"", ""notes"": ""Not served by the live dashboard -- present only in this local readiness file.""}",5f269b49cf8e6e75cc4d8ffafd9394c55cd5bb38
2026-07-05,922294,NEW_BUILD_LANE_B_MODEL,lane_b,Ramon Di Loria,3177303,290,race_day_scorecards[].lane_b_top3.prob,3,0.088071,11.0,3,False,True,SUPPRESS,False,False,MODEL_MISS,MODEL_MISS_NO_POLICY_LAYER,False,PROMOTION_GATED_BY_STANDING_HARD_LAW,NEW_BUILD_LANE_B_MODEL picked Ramon Di Loria (SP 11.0) and it did not win.,"{""source_path"": ""data/new_build/reports/two_lane_readiness_2026_07_05.json"", ""notes"": ""Not served by the live dashboard -- present only in this local readiness file.""}",5f269b49cf8e6e75cc4d8ffafd9394c55cd5bb38
2026-07-05,922294,NEW_BUILD_LANE_C_MODEL,lane_c,Jkr Cobbler,3662546,291,race_day_scorecards[].lane_c_top3.prob,1,0.541029,4.0,1,True,True,N/A (Lane C not policy-anchored),False,False,MODEL_HIT_POLICY_BLOCKED,VALUE_DISCOVERY_POLICY_BLOCKED,False,PROMOTION_GATED_BY_STANDING_HARD_LAW,"NEW_BUILD_LANE_C_MODEL ranked Jkr Cobbler (SP 4.0) as its top selection and it won -- a real value-discovery signal -- but policy_v1 classified the pick 'N/A (Lane C not policy-anchored)' and did not clear it for any authorised action. This is New Build value discovery, shadow evidence only, not staking profit, not promotion.","{""source_path"": ""data/new_build/reports/two_lane_readiness_2026_07_05.json"", ""notes"": ""Not served by the live dashboard -- present only in this local readiness file.""}",5f269b49cf8e6e75cc4d8ffafd9394c55cd5bb38
2026-07-05,922294,NEW_BUILD_LANE_C_MODEL,lane_c,Penny Mountain,6027933,292,race_day_scorecards[].lane_c_top3.prob,2,0.540361,12.0,5,False,False,N/A (Lane C not policy-anchored),False,False,MODEL_MISS,MODEL_MISS_NO_POLICY_LAYER,False,PROMOTION_GATED_BY_STANDING_HARD_LAW,NEW_BUILD_LANE_C_MODEL picked Penny Mountain (SP 12.0) and it did not win.,"{""source_path"": ""data/new_build/reports/two_lane_readiness_2026_07_05.json"", ""notes"": ""Not served by the live dashboard -- present only in this local readiness file.""}",5f269b49cf8e6e75cc4d8ffafd9394c55cd5bb38
2026-07-05,922294,NEW_BUILD_LANE_C_MODEL,lane_c,Ramon Di Loria,3177303,293,race_day_scorecards[].lane_c_top3.prob,3,0.537435,11.0,3,False,True,N/A (Lane C not policy-anchored),False,False,MODEL_MISS,MODEL_MISS_NO_POLICY_LAYER,False,PROMOTION_GATED_BY_STANDING_HARD_LAW,NEW_BUILD_LANE_C_MODEL picked Ramon Di Loria (SP 11.0) and it did not win.,"{""source_path"": ""data/new_build/reports/two_lane_readiness_2026_07_05.json"", ""notes"": ""Not served by the live dashboard -- present only in this local readiness file.""}",5f269b49cf8e6e75cc4d8ffafd9394c55cd5bb38
2026-07-05,922294,PASSPORT_STRENGTH_SCORE_PROXY,proxy_not_a_model,Ramon Di Loria,3177303,294,passport_strength_score,1,2.75,11.0,3,False,True,"N/A (feature input, not a model with a policy layer)",False,False,PROXY_NOT_A_MODEL_CLAIM,PROXY_CONTEXT_ONLY,False,PROMOTION_GATED_BY_STANDING_HARD_LAW,"PASSPORT_STRENGTH_SCORE_PROXY is a feature-engineering input, not a calibrated model output -- context only, never a model claim.","{""source_path"": ""data/new_build/current_cards/current_card_passport_feed_2026_07_05.jsonl"", ""notes"": ""This is a feature-engineering input INTO Lane A/B/C, not their output. Never cite as New Build's result.""}",5f269b49cf8e6e75cc4d8ffafd9394c55cd5bb38
2026-07-05,922294,PASSPORT_STRENGTH_SCORE_PROXY,proxy_not_a_model,Monhammer,3499387,295,passport_strength_score,2,2.1,6.0,4,False,False,"N/A (feature input, not a model with a policy layer)",False,False,PROXY_NOT_A_MODEL_CLAIM,PROXY_CONTEXT_ONLY,False,PROMOTION_GATED_BY_STANDING_HARD_LAW,"PASSPORT_STRENGTH_SCORE_PROXY is a feature-engineering input, not a calibrated model output -- context only, never a model claim.","{""source_path"": ""data/new_build/current_cards/current_card_passport_feed_2026_07_05.jsonl"", ""notes"": ""This is a feature-engineering input INTO Lane A/B/C, not their output. Never cite as New Build's result.""}",5f269b49cf8e6e75cc4d8ffafd9394c55cd5bb38
2026-07-05,922294,PASSPORT_STRENGTH_SCORE_PROXY,proxy_not_a_model,Penny Mountain,6027933,296,passport_strength_score,3,1.7,12.0,5,False,False,"N/A (feature input, not a model with a policy layer)",False,False,PROXY_NOT_A_MODEL_CLAIM,PROXY_CONTEXT_ONLY,False,PROMOTION_GATED_BY_STANDING_HARD_LAW,"PASSPORT_STRENGTH_SCORE_PROXY is a feature-engineering input, not a calibrated model output -- context only, never a model claim.","{""source_path"": ""data/new_build/current_cards/current_card_passport_feed_2026_07_05.jsonl"", ""notes"": ""This is a feature-engineering input INTO Lane A/B/C, not their output. Never cite as New Build's result.""}",5f269b49cf8e6e75cc4d8ffafd9394c55cd5bb38
2026-07-05,921918,NEW_BUILD_LANE_A_MODEL,lane_a,New York Minute,6448094,297,race_day_scorecards[].lane_a_top3.prob,1,0.274864,4.5,2,False,True,WIN_TRUST,True,True,MODEL_MISS,MODEL_MISS_NO_POLICY_LAYER,False,PROMOTION_GATED_BY_STANDING_HARD_LAW,NEW_BUILD_LANE_A_MODEL picked New York Minute (SP 4.5) and it did not win.,"{""source_path"": ""data/new_build/reports/two_lane_readiness_2026_07_05.json"", ""notes"": ""Dashboard-visible via new_build_top3 (server reads lane_a_top3 only).""}",5f269b49cf8e6e75cc4d8ffafd9394c55cd5bb38
2026-07-05,921918,NEW_BUILD_LANE_A_MODEL,lane_a,Boatswain,6916305,298,race_day_scorecards[].lane_a_top3.prob,2,0.167575,2.2,1,True,True,LOW_DATA,False,True,MODEL_HIT_POLICY_BLOCKED,VALUE_DISCOVERY_POLICY_BLOCKED,False,PROMOTION_GATED_BY_STANDING_HARD_LAW,"NEW_BUILD_LANE_A_MODEL ranked Boatswain (SP 2.2) as its top selection and it won -- a real value-discovery signal -- but policy_v1 classified the pick 'LOW_DATA' and did not clear it for any authorised action. This is New Build value discovery, shadow evidence only, not staking profit, not promotion.","{""source_path"": ""data/new_build/reports/two_lane_readiness_2026_07_05.json"", ""notes"": ""Dashboard-visible via new_build_top3 (server reads lane_a_top3 only).""}",5f269b49cf8e6e75cc4d8ffafd9394c55cd5bb38
2026-07-05,921918,NEW_BUILD_LANE_A_MODEL,lane_a,Alrazeen,5394050,299,race_day_scorecards[].lane_a_top3.prob,3,0.167188,13.0,,False,False,LOW_DATA,False,True,MODEL_MISS,MODEL_MISS_NO_POLICY_LAYER,False,PROMOTION_GATED_BY_STANDING_HARD_LAW,NEW_BUILD_LANE_A_MODEL picked Alrazeen (SP 13.0) and it did not win.,"{""source_path"": ""data/new_build/reports/two_lane_readiness_2026_07_05.json"", ""notes"": ""Dashboard-visible via new_build_top3 (server reads lane_a_top3 only).""}",5f269b49cf8e6e75cc4d8ffafd9394c55cd5bb38
2026-07-05,921918,NEW_BUILD_LANE_B_MODEL,lane_b,New York Minute,6448094,300,race_day_scorecards[].lane_b_top3.prob,1,0.245745,4.5,2,False,True,WIN_TRUST,True,False,MODEL_MISS,MODEL_MISS_NO_POLICY_LAYER,False,PROMOTION_GATED_BY_STANDING_HARD_LAW,NEW_BUILD_LANE_B_MODEL picked New York Minute (SP 4.5) and it did not win.,"{""source_path"": ""data/new_build/reports/two_lane_readiness_2026_07_05.json"", ""notes"": ""Not served by the live dashboard -- present only in this local readiness file.""}",5f269b49cf8e6e75cc4d8ffafd9394c55cd5bb38
2026-07-05,921918,NEW_BUILD_LANE_B_MODEL,lane_b,Boatswain,6916305,301,race_day_scorecards[].lane_b_top3.prob,2,0.157336,2.2,1,True,True,LOW_DATA,False,False,MODEL_HIT_POLICY_BLOCKED,VALUE_DISCOVERY_POLICY_BLOCKED,False,PROMOTION_GATED_BY_STANDING_HARD_LAW,"NEW_BUILD_LANE_B_MODEL ranked Boatswain (SP 2.2) as its top selection and it won -- a real value-discovery signal -- but policy_v1 classified the pick 'LOW_DATA' and did not clear it for any authorised action. This is New Build value discovery, shadow evidence only, not staking profit, not promotion.","{""source_path"": ""data/new_build/reports/two_lane_readiness_2026_07_05.json"", ""notes"": ""Not served by the live dashboard -- present only in this local readiness file.""}",5f269b49cf8e6e75cc4d8ffafd9394c55cd5bb38
2026-07-05,921918,NEW_BUILD_LANE_B_MODEL,lane_b,Alrazeen,5394050,302,race_day_scorecards[].lane_b_top3.prob,3,0.156336,13.0,,False,False,LOW_DATA,False,False,MODEL_MISS,MODEL_MISS_NO_POLICY_LAYER,False,PROMOTION_GATED_BY_STANDING_HARD_LAW,NEW_BUILD_LANE_B_MODEL picked Alrazeen (SP 13.0) and it did not win.,"{""source_path"": ""data/new_build/reports/two_lane_readiness_2026_07_05.json"", ""notes"": ""Not served by the live dashboard -- present only in this local readiness file.""}",5f269b49cf8e6e75cc4d8ffafd9394c55cd5bb38
2026-07-05,921918,NEW_BUILD_LANE_C_MODEL,lane_c,New York Minute,6448094,303,race_day_scorecards[].lane_c_top3.prob,1,0.593847,4.5,2,False,True,N/A (Lane C not policy-anchored),False,False,MODEL_MISS,MODEL_MISS_NO_POLICY_LAYER,False,PROMOTION_GATED_BY_STANDING_HARD_LAW,NEW_BUILD_LANE_C_MODEL picked New York Minute (SP 4.5) and it did not win.,"{""source_path"": ""data/new_build/reports/two_lane_readiness_2026_07_05.json"", ""notes"": ""Not served by the live dashboard -- present only in this local readiness file.""}",5f269b49cf8e6e75cc4d8ffafd9394c55cd5bb38
2026-07-05,921918,NEW_BUILD_LANE_C_MODEL,lane_c,Alrazeen,5394050,304,race_day_scorecards[].lane_c_top3.prob,2,0.583469,13.0,,False,False,N/A (Lane C not policy-anchored),False,False,MODEL_MISS,MODEL_MISS_NO_POLICY_LAYER,False,PROMOTION_GATED_BY_STANDING_HARD_LAW,NEW_BUILD_LANE_C_MODEL picked Alrazeen (SP 13.0) and it did not win.,"{""source_path"": ""data/new_build/reports/two_lane_readiness_2026_07_05.json"", ""notes"": ""Not served by the live dashboard -- present only in this local readiness file.""}",5f269b49cf8e6e75cc4d8ffafd9394c55cd5bb38
2026-07-05,921918,NEW_BUILD_LANE_C_MODEL,lane_c,Boatswain,6916305,305,race_day_scorecards[].lane_c_top3.prob,3,0.582528,2.2,1,True,True,N/A (Lane C not policy-anchored),False,False,MODEL_HIT_POLICY_BLOCKED,VALUE_DISCOVERY_POLICY_BLOCKED,False,PROMOTION_GATED_BY_STANDING_HARD_LAW,"NEW_BUILD_LANE_C_MODEL ranked Boatswain (SP 2.2) as its top selection and it won -- a real value-discovery signal -- but policy_v1 classified the pick 'N/A (Lane C not policy-anchored)' and did not clear it for any authorised action. This is New Build value discovery, shadow evidence only, not staking profit, not promotion.","{""source_path"": ""data/new_build/reports/two_lane_readiness_2026_07_05.json"", ""notes"": ""Not served by the live dashboard -- present only in this local readiness file.""}",5f269b49cf8e6e75cc4d8ffafd9394c55cd5bb38
2026-07-05,921918,PASSPORT_STRENGTH_SCORE_PROXY,proxy_not_a_model,New York Minute,6448094,306,passport_strength_score,1,2.9,4.5,2,False,True,"N/A (feature input, not a model with a policy layer)",False,False,PROXY_NOT_A_MODEL_CLAIM,PROXY_CONTEXT_ONLY,False,PROMOTION_GATED_BY_STANDING_HARD_LAW,"PASSPORT_STRENGTH_SCORE_PROXY is a feature-engineering input, not a calibrated model output -- context only, never a model claim.","{""source_path"": ""data/new_build/current_cards/current_card_passport_feed_2026_07_05.jsonl"", ""notes"": ""This is a feature-engineering input INTO Lane A/B/C, not their output. Never cite as New Build's result.""}",5f269b49cf8e6e75cc4d8ffafd9394c55cd5bb38
2026-07-05,921918,PASSPORT_STRENGTH_SCORE_PROXY,proxy_not_a_model,Sixpack,4642854,307,passport_strength_score,2,1.35,9.0,4,False,False,"N/A (feature input, not a model with a policy layer)",False,False,PROXY_NOT_A_MODEL_CLAIM,PROXY_CONTEXT_ONLY,False,PROMOTION_GATED_BY_STANDING_HARD_LAW,"PASSPORT_STRENGTH_SCORE_PROXY is a feature-engineering input, not a calibrated model output -- context only, never a model claim.","{""source_path"": ""data/new_build/current_cards/current_card_passport_feed_2026_07_05.jsonl"", ""notes"": ""This is a feature-engineering input INTO Lane A/B/C, not their output. Never cite as New Build's result.""}",5f269b49cf8e6e75cc4d8ffafd9394c55cd5bb38
2026-07-05,921918,PASSPORT_STRENGTH_SCORE_PROXY,proxy_not_a_model,Boatswain,6916305,308,passport_strength_score,3,-1.0,2.2,1,True,True,"N/A (feature input, not a model with a policy layer)",False,False,PROXY_NOT_A_MODEL_CLAIM,PROXY_CONTEXT_ONLY,False,PROMOTION_GATED_BY_STANDING_HARD_LAW,"PASSPORT_STRENGTH_SCORE_PROXY is a feature-engineering input, not a calibrated model output -- context only, never a model claim.","{""source_path"": ""data/new_build/current_cards/current_card_passport_feed_2026_07_05.jsonl"", ""notes"": ""This is a feature-engineering input INTO Lane A/B/C, not their output. Never cite as New Build's result.""}",5f269b49cf8e6e75cc4d8ffafd9394c55cd5bb38
2026-07-05,922291,OLD_VELO_WIN_ROLE,WIN,Midnight Lir,5033147,309,picks[].velo_prime_prob (role=WIN),1,0.3083,5.0,4,False,False,N/A (Old VELO has no policy layer),False,False,MODEL_MISS,MODEL_MISS_NO_POLICY_LAYER,False,PROMOTION_GATED_BY_STANDING_HARD_LAW,OLD_VELO_WIN_ROLE picked Midnight Lir (SP 5.0) and it did not win.,"{""source_path"": ""data/reports/old_velo_three_option_card_2026_07_05.json"", ""notes"": ""WIN role is identical to Main VELO's own pick by construction.""}",5f269b49cf8e6e75cc4d8ffafd9394c55cd5bb38
2026-07-05,922291,OLD_VELO_PLACE_ROLE,PLACE,Our Absent Friends,2996828,310,picks[].place_prob (role=PLACE),1,0.1064,5.0,7,False,False,N/A (Old VELO has no policy layer),False,False,MODEL_MISS,MODEL_MISS_NO_POLICY_LAYER,False,PROMOTION_GATED_BY_STANDING_HARD_LAW,OLD_VELO_PLACE_ROLE picked Our Absent Friends (SP 5.0) and it did not win.,"{""source_path"": ""data/reports/old_velo_three_option_card_2026_07_05.json"", ""notes"": ""WIN role is identical to Main VELO's own pick by construction.""}",5f269b49cf8e6e75cc4d8ffafd9394c55cd5bb38
2026-07-05,922291,OLD_VELO_LONGSHOT_ROLE,LONGSHOT,Marajito,5826592,311,picks[].longshot_role_score (role=LONGSHOT),1,0.2332,6.0,5,False,False,N/A (Old VELO has no policy layer),False,False,MODEL_MISS,MODEL_MISS_NO_POLICY_LAYER,False,PROMOTION_GATED_BY_STANDING_HARD_LAW,OLD_VELO_LONGSHOT_ROLE picked Marajito (SP 6.0) and it did not win.,"{""source_path"": ""data/reports/old_velo_three_option_card_2026_07_05.json"", ""notes"": ""WIN role is identical to Main VELO's own pick by construction.""}",5f269b49cf8e6e75cc4d8ffafd9394c55cd5bb38
2026-07-05,922290,OLD_VELO_WIN_ROLE,WIN,Instant Force,9312924,312,picks[].velo_prime_prob (role=WIN),1,0.6001,1.63,2,False,True,N/A (Old VELO has no policy layer),False,False,MODEL_MISS,MODEL_MISS_NO_POLICY_LAYER,False,PROMOTION_GATED_BY_STANDING_HARD_LAW,OLD_VELO_WIN_ROLE picked Instant Force (SP 1.63) and it did not win.,"{""source_path"": ""data/reports/old_velo_three_option_card_2026_07_05.json"", ""notes"": ""WIN role is identical to Main VELO's own pick by construction.""}",5f269b49cf8e6e75cc4d8ffafd9394c55cd5bb38
2026-07-05,922290,OLD_VELO_PLACE_ROLE,PLACE,Conciliate,9258986,313,picks[].place_prob (role=PLACE),1,0.8359,2.0,1,True,True,N/A (Old VELO has no policy layer),False,False,MODEL_HIT,MODEL_HIT_NO_POLICY_LAYER,False,PROMOTION_GATED_BY_STANDING_HARD_LAW,OLD_VELO_PLACE_ROLE picked Conciliate (SP 2.0) and it won.,"{""source_path"": ""data/reports/old_velo_three_option_card_2026_07_05.json"", ""notes"": ""WIN role is identical to Main VELO's own pick by construction.""}",5f269b49cf8e6e75cc4d8ffafd9394c55cd5bb38
2026-07-05,922290,OLD_VELO_LONGSHOT_ROLE,LONGSHOT,Influencer Man,9485658,314,picks[].longshot_role_score (role=LONGSHOT),1,0.2959,10.0,4,False,False,N/A (Old VELO has no policy layer),False,False,MODEL_MISS,MODEL_MISS_NO_POLICY_LAYER,False,PROMOTION_GATED_BY_STANDING_HARD_LAW,OLD_VELO_LONGSHOT_ROLE picked Influencer Man (SP 10.0) and it did not win.,"{""source_path"": ""data/reports/old_velo_three_option_card_2026_07_05.json"", ""notes"": ""WIN role is identical to Main VELO's own pick by construction.""}",5f269b49cf8e6e75cc4d8ffafd9394c55cd5bb38
2026-07-05,922289,OLD_VELO_WIN_ROLE,WIN,Idyllic,5403096,315,picks[].velo_prime_prob (role=WIN),1,0.3253,20.0,4,False,False,N/A (Old VELO has no policy layer),False,False,MODEL_MISS,MODEL_MISS_NO_POLICY_LAYER,False,PROMOTION_GATED_BY_STANDING_HARD_LAW,OLD_VELO_WIN_ROLE picked Idyllic (SP 20.0) and it did not win.,"{""source_path"": ""data/reports/old_velo_three_option_card_2026_07_05.json"", ""notes"": ""WIN role is identical to Main VELO's own pick by construction.""}",5f269b49cf8e6e75cc4d8ffafd9394c55cd5bb38
2026-07-05,922289,OLD_VELO_PLACE_ROLE,PLACE,Qitaal,3781882,316,picks[].place_prob (role=PLACE),1,0.1661,5.0,3,False,True,N/A (Old VELO has no policy layer),False,False,MODEL_MISS,MODEL_MISS_NO_POLICY_LAYER,False,PROMOTION_GATED_BY_STANDING_HARD_LAW,OLD_VELO_PLACE_ROLE picked Qitaal (SP 5.0) and it did not win.,"{""source_path"": ""data/reports/old_velo_three_option_card_2026_07_05.json"", ""notes"": ""WIN role is identical to Main VELO's own pick by construction.""}",5f269b49cf8e6e75cc4d8ffafd9394c55cd5bb38
2026-07-05,922289,OLD_VELO_LONGSHOT_ROLE,LONGSHOT,Mao Shang Wong,7324765,317,picks[].longshot_role_score (role=LONGSHOT),1,0.2142,9.0,7,False,False,N/A (Old VELO has no policy layer),False,False,MODEL_MISS,MODEL_MISS_NO_POLICY_LAYER,False,PROMOTION_GATED_BY_STANDING_HARD_LAW,OLD_VELO_LONGSHOT_ROLE picked Mao Shang Wong (SP 9.0) and it did not win.,"{""source_path"": ""data/reports/old_velo_three_option_card_2026_07_05.json"", ""notes"": ""WIN role is identical to Main VELO's own pick by construction.""}",5f269b49cf8e6e75cc4d8ffafd9394c55cd5bb38
2026-07-05,922293,OLD_VELO_WIN_ROLE,WIN,Langholm,1860060,318,picks[].velo_prime_prob (role=WIN),1,0.3855,3.5,4,False,False,N/A (Old VELO has no policy layer),False,False,MODEL_MISS,MODEL_MISS_NO_POLICY_LAYER,False,PROMOTION_GATED_BY_STANDING_HARD_LAW,OLD_VELO_WIN_ROLE picked Langholm (SP 3.5) and it did not win.,"{""source_path"": ""data/reports/old_velo_three_option_card_2026_07_05.json"", ""notes"": ""WIN role is identical to Main VELO's own pick by construction.""}",5f269b49cf8e6e75cc4d8ffafd9394c55cd5bb38
2026-07-05,922293,OLD_VELO_PLACE_ROLE,PLACE,Trais Fluors,1170369,319,picks[].place_prob (role=PLACE),1,0.3682,8.0,6,False,False,N/A (Old VELO has no policy layer),False,False,MODEL_MISS,MODEL_MISS_NO_POLICY_LAYER,False,PROMOTION_GATED_BY_STANDING_HARD_LAW,OLD_VELO_PLACE_ROLE picked Trais Fluors (SP 8.0) and it did not win.,"{""source_path"": ""data/reports/old_velo_three_option_card_2026_07_05.json"", ""notes"": ""WIN role is identical to Main VELO's own pick by construction.""}",5f269b49cf8e6e75cc4d8ffafd9394c55cd5bb38
2026-07-05,922293,OLD_VELO_LONGSHOT_ROLE,LONGSHOT,Golden Valour,2123810,320,picks[].longshot_role_score (role=LONGSHOT),1,0.2257,14.0,5,False,False,N/A (Old VELO has no policy layer),False,False,MODEL_MISS,MODEL_MISS_NO_POLICY_LAYER,False,PROMOTION_GATED_BY_STANDING_HARD_LAW,OLD_VELO_LONGSHOT_ROLE picked Golden Valour (SP 14.0) and it did not win.,"{""source_path"": ""data/reports/old_velo_three_option_card_2026_07_05.json"", ""notes"": ""WIN role is identical to Main VELO's own pick by construction.""}",5f269b49cf8e6e75cc4d8ffafd9394c55cd5bb38
2026-07-05,922292,OLD_VELO_WIN_ROLE,WIN,Shifter,4011144,321,picks[].velo_prime_prob (role=WIN),1,0.2914,6.0,3,False,True,N/A (Old VELO has no policy layer),False,False,MODEL_MISS,MODEL_MISS_NO_POLICY_LAYER,False,PROMOTION_GATED_BY_STANDING_HARD_LAW,OLD_VELO_WIN_ROLE picked Shifter (SP 6.0) and it did not win.,"{""source_path"": ""data/reports/old_velo_three_option_card_2026_07_05.json"", ""notes"": ""WIN role is identical to Main VELO's own pick by construction.""}",5f269b49cf8e6e75cc4d8ffafd9394c55cd5bb38
2026-07-05,922292,OLD_VELO_PLACE_ROLE,PLACE,Zebra Star,4303336,322,picks[].place_prob (role=PLACE),1,0.3813,10.0,9,False,False,N/A (Old VELO has no policy layer),False,False,MODEL_MISS,MODEL_MISS_NO_POLICY_LAYER,False,PROMOTION_GATED_BY_STANDING_HARD_LAW,OLD_VELO_PLACE_ROLE picked Zebra Star (SP 10.0) and it did not win.,"{""source_path"": ""data/reports/old_velo_three_option_card_2026_07_05.json"", ""notes"": ""WIN role is identical to Main VELO's own pick by construction.""}",5f269b49cf8e6e75cc4d8ffafd9394c55cd5bb38
2026-07-05,922292,OLD_VELO_LONGSHOT_ROLE,LONGSHOT,Mr Withington,6881400,323,picks[].longshot_role_score (role=LONGSHOT),1,0.2147,8.0,6,False,False,N/A (Old VELO has no policy layer),False,False,MODEL_MISS,MODEL_MISS_NO_POLICY_LAYER,False,PROMOTION_GATED_BY_STANDING_HARD_LAW,OLD_VELO_LONGSHOT_ROLE picked Mr Withington (SP 8.0) and it did not win.,"{""source_path"": ""data/reports/old_velo_three_option_card_2026_07_05.json"", ""notes"": ""WIN role is identical to Main VELO's own pick by construction.""}",5f269b49cf8e6e75cc4d8ffafd9394c55cd5bb38
2026-07-05,922288,OLD_VELO_WIN_ROLE,WIN,Dwindling Funds,7339104,324,picks[].velo_prime_prob (role=WIN),1,0.6455,4.0,2,False,True,N/A (Old VELO has no policy layer),False,False,MODEL_MISS,MODEL_MISS_NO_POLICY_LAYER,False,PROMOTION_GATED_BY_STANDING_HARD_LAW,OLD_VELO_WIN_ROLE picked Dwindling Funds (SP 4.0) and it did not win.,"{""source_path"": ""data/reports/old_velo_three_option_card_2026_07_05.json"", ""notes"": ""WIN role is identical to Main VELO's own pick by construction.""}",5f269b49cf8e6e75cc4d8ffafd9394c55cd5bb38
2026-07-05,922288,OLD_VELO_PLACE_ROLE,PLACE,Bearish,8290514,325,picks[].place_prob (role=PLACE),1,0.2905,5.0,1,True,True,N/A (Old VELO has no policy layer),False,False,MODEL_HIT,MODEL_HIT_NO_POLICY_LAYER,False,PROMOTION_GATED_BY_STANDING_HARD_LAW,OLD_VELO_PLACE_ROLE picked Bearish (SP 5.0) and it won.,"{""source_path"": ""data/reports/old_velo_three_option_card_2026_07_05.json"", ""notes"": ""WIN role is identical to Main VELO's own pick by construction.""}",5f269b49cf8e6e75cc4d8ffafd9394c55cd5bb38
2026-07-05,922288,OLD_VELO_LONGSHOT_ROLE,LONGSHOT,Theoryofeverything,4634795,326,picks[].longshot_role_score (role=LONGSHOT),1,0.2179,6.0,8,False,False,N/A (Old VELO has no policy layer),False,False,MODEL_MISS,MODEL_MISS_NO_POLICY_LAYER,False,PROMOTION_GATED_BY_STANDING_HARD_LAW,OLD_VELO_LONGSHOT_ROLE picked Theoryofeverything (SP 6.0) and it did not win.,"{""source_path"": ""data/reports/old_velo_three_option_card_2026_07_05.json"", ""notes"": ""WIN role is identical to Main VELO's own pick by construction.""}",5f269b49cf8e6e75cc4d8ffafd9394c55cd5bb38
2026-07-05,922294,OLD_VELO_WIN_ROLE,WIN,Jkr Cobbler,3662546,327,picks[].velo_prime_prob (role=WIN),1,0.3659,5.0,1,True,True,N/A (Old VELO has no policy layer),False,False,MODEL_HIT,MODEL_HIT_NO_POLICY_LAYER,False,PROMOTION_GATED_BY_STANDING_HARD_LAW,OLD_VELO_WIN_ROLE picked Jkr Cobbler (SP 5.0) and it won.,"{""source_path"": ""data/reports/old_velo_three_option_card_2026_07_05.json"", ""notes"": ""WIN role is identical to Main VELO's own pick by construction.""}",5f269b49cf8e6e75cc4d8ffafd9394c55cd5bb38
2026-07-05,922294,OLD_VELO_PLACE_ROLE,PLACE,Toy Soldier,5708801,328,picks[].place_prob (role=PLACE),1,0.4279,1.88,6,False,False,N/A (Old VELO has no policy layer),False,False,MODEL_MISS,MODEL_MISS_NO_POLICY_LAYER,False,PROMOTION_GATED_BY_STANDING_HARD_LAW,OLD_VELO_PLACE_ROLE picked Toy Soldier (SP 1.88) and it did not win.,"{""source_path"": ""data/reports/old_velo_three_option_card_2026_07_05.json"", ""notes"": ""WIN role is identical to Main VELO's own pick by construction.""}",5f269b49cf8e6e75cc4d8ffafd9394c55cd5bb38
2026-07-05,922294,OLD_VELO_LONGSHOT_ROLE,LONGSHOT,Monhammer,3499387,329,picks[].longshot_role_score (role=LONGSHOT),1,0.2322,6.0,4,False,False,N/A (Old VELO has no policy layer),False,False,MODEL_MISS,MODEL_MISS_NO_POLICY_LAYER,False,PROMOTION_GATED_BY_STANDING_HARD_LAW,OLD_VELO_LONGSHOT_ROLE picked Monhammer (SP 6.0) and it did not win.,"{""source_path"": ""data/reports/old_velo_three_option_card_2026_07_05.json"", ""notes"": ""WIN role is identical to Main VELO's own pick by construction.""}",5f269b49cf8e6e75cc4d8ffafd9394c55cd5bb38
2026-07-05,922121,OLD_VELO_WIN_ROLE,WIN,Gone In Sixty,4320814,330,picks[].velo_prime_prob (role=WIN),1,0.3232,4.5,4,False,False,N/A (Old VELO has no policy layer),False,False,MODEL_MISS,MODEL_MISS_NO_POLICY_LAYER,False,PROMOTION_GATED_BY_STANDING_HARD_LAW,OLD_VELO_WIN_ROLE picked Gone In Sixty (SP 4.5) and it did not win.,"{""source_path"": ""data/reports/old_velo_three_option_card_2026_07_05.json"", ""notes"": ""WIN role is identical to Main VELO's own pick by construction.""}",5f269b49cf8e6e75cc4d8ffafd9394c55cd5bb38
2026-07-05,922121,OLD_VELO_PLACE_ROLE,PLACE,Time Was,4217627,331,picks[].place_prob (role=PLACE),1,0.6042,25.0,5,False,False,N/A (Old VELO has no policy layer),False,False,MODEL_MISS,MODEL_MISS_NO_POLICY_LAYER,False,PROMOTION_GATED_BY_STANDING_HARD_LAW,OLD_VELO_PLACE_ROLE picked Time Was (SP 25.0) and it did not win.,"{""source_path"": ""data/reports/old_velo_three_option_card_2026_07_05.json"", ""notes"": ""WIN role is identical to Main VELO's own pick by construction.""}",5f269b49cf8e6e75cc4d8ffafd9394c55cd5bb38
2026-07-05,922121,OLD_VELO_LONGSHOT_ROLE,LONGSHOT,Bannister,2856069,332,picks[].longshot_role_score (role=LONGSHOT),1,0.2165,8.0,6,False,False,N/A (Old VELO has no policy layer),False,False,MODEL_MISS,MODEL_MISS_NO_POLICY_LAYER,False,PROMOTION_GATED_BY_STANDING_HARD_LAW,OLD_VELO_LONGSHOT_ROLE picked Bannister (SP 8.0) and it did not win.,"{""source_path"": ""data/reports/old_velo_three_option_card_2026_07_05.json"", ""notes"": ""WIN role is identical to Main VELO's own pick by construction.""}",5f269b49cf8e6e75cc4d8ffafd9394c55cd5bb38
2026-07-05,922118,OLD_VELO_WIN_ROLE,WIN,Way Maker,7753413,333,picks[].velo_prime_prob (role=WIN),1,0.5313,1.1,3,False,True,N/A (Old VELO has no policy layer),False,False,MODEL_MISS,MODEL_MISS_NO_POLICY_LAYER,False,PROMOTION_GATED_BY_STANDING_HARD_LAW,OLD_VELO_WIN_ROLE picked Way Maker (SP 1.1) and it did not win.,"{""source_path"": ""data/reports/old_velo_three_option_card_2026_07_05.json"", ""notes"": ""WIN role is identical to Main VELO's own pick by construction.""}",5f269b49cf8e6e75cc4d8ffafd9394c55cd5bb38
2026-07-05,922118,OLD_VELO_PLACE_ROLE,PLACE,Lipstick Traces,7289168,334,picks[].place_prob (role=PLACE),1,0.9295,8.0,,False,False,N/A (Old VELO has no policy layer),False,False,MODEL_MISS,MODEL_MISS_NO_POLICY_LAYER,False,PROMOTION_GATED_BY_STANDING_HARD_LAW,OLD_VELO_PLACE_ROLE picked Lipstick Traces (SP 8.0) and it did not win.,"{""source_path"": ""data/reports/old_velo_three_option_card_2026_07_05.json"", ""notes"": ""WIN role is identical to Main VELO's own pick by construction.""}",5f269b49cf8e6e75cc4d8ffafd9394c55cd5bb38
2026-07-05,922118,OLD_VELO_LONGSHOT_ROLE,LONGSHOT,Brosna Town,5301550,335,picks[].longshot_role_score (role=LONGSHOT),1,0.2667,10.0,2,False,True,N/A (Old VELO has no policy layer),False,False,MODEL_MISS,MODEL_MISS_NO_POLICY_LAYER,False,PROMOTION_GATED_BY_STANDING_HARD_LAW,OLD_VELO_LONGSHOT_ROLE picked Brosna Town (SP 10.0) and it did not win.,"{""source_path"": ""data/reports/old_velo_three_option_card_2026_07_05.json"", ""notes"": ""WIN role is identical to Main VELO's own pick by construction.""}",5f269b49cf8e6e75cc4d8ffafd9394c55cd5bb38
2026-07-05,922119,OLD_VELO_WIN_ROLE,WIN,Crown Of India,5218313,336,picks[].velo_prime_prob (role=WIN),1,0.3921,4.5,2,False,True,N/A (Old VELO has no policy layer),False,False,MODEL_MISS,MODEL_MISS_NO_POLICY_LAYER,False,PROMOTION_GATED_BY_STANDING_HARD_LAW,OLD_VELO_WIN_ROLE picked Crown Of India (SP 4.5) and it did not win.,"{""source_path"": ""data/reports/old_velo_three_option_card_2026_07_05.json"", ""notes"": ""WIN role is identical to Main VELO's own pick by construction.""}",5f269b49cf8e6e75cc4d8ffafd9394c55cd5bb38
2026-07-05,922119,OLD_VELO_PLACE_ROLE,PLACE,Applejack Poet,4363047,337,picks[].place_prob (role=PLACE),1,0.7553,8.0,6,False,False,N/A (Old VELO has no policy layer),False,False,MODEL_MISS,MODEL_MISS_NO_POLICY_LAYER,False,PROMOTION_GATED_BY_STANDING_HARD_LAW,OLD_VELO_PLACE_ROLE picked Applejack Poet (SP 8.0) and it did not win.,"{""source_path"": ""data/reports/old_velo_three_option_card_2026_07_05.json"", ""notes"": ""WIN role is identical to Main VELO's own pick by construction.""}",5f269b49cf8e6e75cc4d8ffafd9394c55cd5bb38
2026-07-05,922119,OLD_VELO_LONGSHOT_ROLE,LONGSHOT,Diesel Line,4743594,338,picks[].longshot_role_score (role=LONGSHOT),1,0.2372,7.0,7,False,False,N/A (Old VELO has no policy layer),False,False,MODEL_MISS,MODEL_MISS_NO_POLICY_LAYER,False,PROMOTION_GATED_BY_STANDING_HARD_LAW,OLD_VELO_LONGSHOT_ROLE picked Diesel Line (SP 7.0) and it did not win.,"{""source_path"": ""data/reports/old_velo_three_option_card_2026_07_05.json"", ""notes"": ""WIN role is identical to Main VELO's own pick by construction.""}",5f269b49cf8e6e75cc4d8ffafd9394c55cd5bb38
2026-07-05,922123,OLD_VELO_WIN_ROLE,WIN,The Roc Hopper,5366253,339,picks[].velo_prime_prob (role=WIN),1,0.2876,6.0,8,False,False,N/A (Old VELO has no policy layer),False,False,MODEL_MISS,MODEL_MISS_NO_POLICY_LAYER,False,PROMOTION_GATED_BY_STANDING_HARD_LAW,OLD_VELO_WIN_ROLE picked The Roc Hopper (SP 6.0) and it did not win.,"{""source_path"": ""data/reports/old_velo_three_option_card_2026_07_05.json"", ""notes"": ""WIN role is identical to Main VELO's own pick by construction.""}",5f269b49cf8e6e75cc4d8ffafd9394c55cd5bb38
2026-07-05,922123,OLD_VELO_PLACE_ROLE,PLACE,Star Vantage,3837474,340,picks[].place_prob (role=PLACE),1,0.6101,14.0,2,False,True,N/A (Old VELO has no policy layer),False,False,MODEL_MISS,MODEL_MISS_NO_POLICY_LAYER,False,PROMOTION_GATED_BY_STANDING_HARD_LAW,OLD_VELO_PLACE_ROLE picked Star Vantage (SP 14.0) and it did not win.,"{""source_path"": ""data/reports/old_velo_three_option_card_2026_07_05.json"", ""notes"": ""WIN role is identical to Main VELO's own pick by construction.""}",5f269b49cf8e6e75cc4d8ffafd9394c55cd5bb38
2026-07-05,922123,OLD_VELO_LONGSHOT_ROLE,LONGSHOT,Copper Beach,4031460,341,picks[].longshot_role_score (role=LONGSHOT),1,0.2211,7.0,9,False,False,N/A (Old VELO has no policy layer),False,False,MODEL_MISS,MODEL_MISS_NO_POLICY_LAYER,False,PROMOTION_GATED_BY_STANDING_HARD_LAW,OLD_VELO_LONGSHOT_ROLE picked Copper Beach (SP 7.0) and it did not win.,"{""source_path"": ""data/reports/old_velo_three_option_card_2026_07_05.json"", ""notes"": ""WIN role is identical to Main VELO's own pick by construction.""}",5f269b49cf8e6e75cc4d8ffafd9394c55cd5bb38
2026-07-05,922117,OLD_VELO_WIN_ROLE,WIN,Regal Renaissance,4305460,342,picks[].velo_prime_prob (role=WIN),1,0.3923,1.75,1,True,True,N/A (Old VELO has no policy layer),False,False,MODEL_HIT,MODEL_HIT_NO_POLICY_LAYER,False,PROMOTION_GATED_BY_STANDING_HARD_LAW,OLD_VELO_WIN_ROLE picked Regal Renaissance (SP 1.75) and it won.,"{""source_path"": ""data/reports/old_velo_three_option_card_2026_07_05.json"", ""notes"": ""WIN role is identical to Main VELO's own pick by construction.""}",5f269b49cf8e6e75cc4d8ffafd9394c55cd5bb38
2026-07-05,922117,OLD_VELO_PLACE_ROLE,PLACE,Gateau De Miel,3292567,343,picks[].place_prob (role=PLACE),1,0.9886,6.0,3,False,True,N/A (Old VELO has no policy layer),False,False,MODEL_MISS,MODEL_MISS_NO_POLICY_LAYER,False,PROMOTION_GATED_BY_STANDING_HARD_LAW,OLD_VELO_PLACE_ROLE picked Gateau De Miel (SP 6.0) and it did not win.,"{""source_path"": ""data/reports/old_velo_three_option_card_2026_07_05.json"", ""notes"": ""WIN role is identical to Main VELO's own pick by construction.""}",5f269b49cf8e6e75cc4d8ffafd9394c55cd5bb38
2026-07-05,922117,OLD_VELO_LONGSHOT_ROLE,LONGSHOT,Fringill Dike,3432677,344,picks[].longshot_role_score (role=LONGSHOT),1,0.0943,1.75,2,False,True,N/A (Old VELO has no policy layer),False,False,MODEL_MISS,MODEL_MISS_NO_POLICY_LAYER,False,PROMOTION_GATED_BY_STANDING_HARD_LAW,OLD_VELO_LONGSHOT_ROLE picked Fringill Dike (SP 1.75) and it did not win.,"{""source_path"": ""data/reports/old_velo_three_option_card_2026_07_05.json"", ""notes"": ""WIN role is identical to Main VELO's own pick by construction.""}",5f269b49cf8e6e75cc4d8ffafd9394c55cd5bb38
2026-07-05,922120,OLD_VELO_WIN_ROLE,WIN,Huckleberry Sting,5343986,345,picks[].velo_prime_prob (role=WIN),1,0.4112,2.75,1,True,True,N/A (Old VELO has no policy layer),False,False,MODEL_HIT,MODEL_HIT_NO_POLICY_LAYER,False,PROMOTION_GATED_BY_STANDING_HARD_LAW,OLD_VELO_WIN_ROLE picked Huckleberry Sting (SP 2.75) and it won.,"{""source_path"": ""data/reports/old_velo_three_option_card_2026_07_05.json"", ""notes"": ""WIN role is identical to Main VELO's own pick by construction.""}",5f269b49cf8e6e75cc4d8ffafd9394c55cd5bb38
2026-07-05,922120,OLD_VELO_PLACE_ROLE,PLACE,On The Platform,3013152,346,picks[].place_prob (role=PLACE),1,0.6547,10.0,5,False,False,N/A (Old VELO has no policy layer),False,False,MODEL_MISS,MODEL_MISS_NO_POLICY_LAYER,False,PROMOTION_GATED_BY_STANDING_HARD_LAW,OLD_VELO_PLACE_ROLE picked On The Platform (SP 10.0) and it did not win.,"{""source_path"": ""data/reports/old_velo_three_option_card_2026_07_05.json"", ""notes"": ""WIN role is identical to Main VELO's own pick by construction.""}",5f269b49cf8e6e75cc4d8ffafd9394c55cd5bb38
2026-07-05,922120,OLD_VELO_LONGSHOT_ROLE,LONGSHOT,Friends Don't Ask,2753137,347,picks[].longshot_role_score (role=LONGSHOT),1,0.2157,8.0,3,False,True,N/A (Old VELO has no policy layer),False,False,MODEL_MISS,MODEL_MISS_NO_POLICY_LAYER,False,PROMOTION_GATED_BY_STANDING_HARD_LAW,OLD_VELO_LONGSHOT_ROLE picked Friends Don't Ask (SP 8.0) and it did not win.,"{""source_path"": ""data/reports/old_velo_three_option_card_2026_07_05.json"", ""notes"": ""WIN role is identical to Main VELO's own pick by construction.""}",5f269b49cf8e6e75cc4d8ffafd9394c55cd5bb38
2026-07-05,922122,OLD_VELO_WIN_ROLE,WIN,Masterius,9217611,348,picks[].velo_prime_prob (role=WIN),1,0.4669,1.5,3,False,True,N/A (Old VELO has no policy layer),False,False,MODEL_MISS,MODEL_MISS_NO_POLICY_LAYER,False,PROMOTION_GATED_BY_STANDING_HARD_LAW,OLD_VELO_WIN_ROLE picked Masterius (SP 1.5) and it did not win.,"{""source_path"": ""data/reports/old_velo_three_option_card_2026_07_05.json"", ""notes"": ""WIN role is identical to Main VELO's own pick by construction.""}",5f269b49cf8e6e75cc4d8ffafd9394c55cd5bb38
2026-07-05,922122,OLD_VELO_PLACE_ROLE,PLACE,Zandahar,9051061,349,picks[].place_prob (role=PLACE),1,0.709,5.0,6,False,False,N/A (Old VELO has no policy layer),False,False,MODEL_MISS,MODEL_MISS_NO_POLICY_LAYER,False,PROMOTION_GATED_BY_STANDING_HARD_LAW,OLD_VELO_PLACE_ROLE picked Zandahar (SP 5.0) and it did not win.,"{""source_path"": ""data/reports/old_velo_three_option_card_2026_07_05.json"", ""notes"": ""WIN role is identical to Main VELO's own pick by construction.""}",5f269b49cf8e6e75cc4d8ffafd9394c55cd5bb38
2026-07-05,922122,OLD_VELO_LONGSHOT_ROLE,LONGSHOT,Parisian Fair,9485659,350,picks[].longshot_role_score (role=LONGSHOT),1,0.2489,6.5,1,True,True,N/A (Old VELO has no policy layer),False,False,MODEL_HIT,MODEL_HIT_NO_POLICY_LAYER,False,PROMOTION_GATED_BY_STANDING_HARD_LAW,OLD_VELO_LONGSHOT_ROLE picked Parisian Fair (SP 6.5) and it won.,"{""source_path"": ""data/reports/old_velo_three_option_card_2026_07_05.json"", ""notes"": ""WIN role is identical to Main VELO's own pick by construction.""}",5f269b49cf8e6e75cc4d8ffafd9394c55cd5bb38
2026-07-05,921917,OLD_VELO_WIN_ROLE,WIN,Kalokalo,7762488,351,picks[].velo_prime_prob (role=WIN),1,0.2293,4.5,1,True,True,N/A (Old VELO has no policy layer),False,False,MODEL_HIT,MODEL_HIT_NO_POLICY_LAYER,False,PROMOTION_GATED_BY_STANDING_HARD_LAW,OLD_VELO_WIN_ROLE picked Kalokalo (SP 4.5) and it won.,"{""source_path"": ""data/reports/old_velo_three_option_card_2026_07_05.json"", ""notes"": ""WIN role is identical to Main VELO's own pick by construction.""}",5f269b49cf8e6e75cc4d8ffafd9394c55cd5bb38
2026-07-05,921917,OLD_VELO_PLACE_ROLE,PLACE,Just A Gambler,8039762,352,picks[].place_prob (role=PLACE),1,0.2255,20.0,7,False,False,N/A (Old VELO has no policy layer),False,False,MODEL_MISS,MODEL_MISS_NO_POLICY_LAYER,False,PROMOTION_GATED_BY_STANDING_HARD_LAW,OLD_VELO_PLACE_ROLE picked Just A Gambler (SP 20.0) and it did not win.,"{""source_path"": ""data/reports/old_velo_three_option_card_2026_07_05.json"", ""notes"": ""WIN role is identical to Main VELO's own pick by construction.""}",5f269b49cf8e6e75cc4d8ffafd9394c55cd5bb38
2026-07-05,921917,OLD_VELO_LONGSHOT_ROLE,LONGSHOT,Sovereign Bay,8758166,353,picks[].longshot_role_score (role=LONGSHOT),1,0.2186,12.0,13,False,False,N/A (Old VELO has no policy layer),False,False,MODEL_MISS,MODEL_MISS_NO_POLICY_LAYER,False,PROMOTION_GATED_BY_STANDING_HARD_LAW,OLD_VELO_LONGSHOT_ROLE picked Sovereign Bay (SP 12.0) and it did not win.,"{""source_path"": ""data/reports/old_velo_three_option_card_2026_07_05.json"", ""notes"": ""WIN role is identical to Main VELO's own pick by construction.""}",5f269b49cf8e6e75cc4d8ffafd9394c55cd5bb38
2026-07-05,921921,OLD_VELO_WIN_ROLE,WIN,Onemorenomore,5051945,354,picks[].velo_prime_prob (role=WIN),1,0.5322,3.5,3,False,True,N/A (Old VELO has no policy layer),False,False,MODEL_MISS,MODEL_MISS_NO_POLICY_LAYER,False,PROMOTION_GATED_BY_STANDING_HARD_LAW,OLD_VELO_WIN_ROLE picked Onemorenomore (SP 3.5) and it did not win.,"{""source_path"": ""data/reports/old_velo_three_option_card_2026_07_05.json"", ""notes"": ""WIN role is identical to Main VELO's own pick by construction.""}",5f269b49cf8e6e75cc4d8ffafd9394c55cd5bb38
2026-07-05,921921,OLD_VELO_PLACE_ROLE,PLACE,Vitalline,3164274,355,picks[].place_prob (role=PLACE),1,0.579,4.5,9,False,False,N/A (Old VELO has no policy layer),False,False,MODEL_MISS,MODEL_MISS_NO_POLICY_LAYER,False,PROMOTION_GATED_BY_STANDING_HARD_LAW,OLD_VELO_PLACE_ROLE picked Vitalline (SP 4.5) and it did not win.,"{""source_path"": ""data/reports/old_velo_three_option_card_2026_07_05.json"", ""notes"": ""WIN role is identical to Main VELO's own pick by construction.""}",5f269b49cf8e6e75cc4d8ffafd9394c55cd5bb38
2026-07-05,921921,OLD_VELO_LONGSHOT_ROLE,LONGSHOT,Jimmy Knocker,5668388,356,picks[].longshot_role_score (role=LONGSHOT),1,0.2142,12.0,5,False,False,N/A (Old VELO has no policy layer),False,False,MODEL_MISS,MODEL_MISS_NO_POLICY_LAYER,False,PROMOTION_GATED_BY_STANDING_HARD_LAW,OLD_VELO_LONGSHOT_ROLE picked Jimmy Knocker (SP 12.0) and it did not win.,"{""source_path"": ""data/reports/old_velo_three_option_card_2026_07_05.json"", ""notes"": ""WIN role is identical to Main VELO's own pick by construction.""}",5f269b49cf8e6e75cc4d8ffafd9394c55cd5bb38
2026-07-05,924344,OLD_VELO_WIN_ROLE,WIN,Reputation,881321,357,picks[].velo_prime_prob (role=WIN),1,0.5491,6.0,9,False,False,N/A (Old VELO has no policy layer),False,False,MODEL_MISS,MODEL_MISS_NO_POLICY_LAYER,False,PROMOTION_GATED_BY_STANDING_HARD_LAW,OLD_VELO_WIN_ROLE picked Reputation (SP 6.0) and it did not win.,"{""source_path"": ""data/reports/old_velo_three_option_card_2026_07_05.json"", ""notes"": ""WIN role is identical to Main VELO's own pick by construction.""}",5f269b49cf8e6e75cc4d8ffafd9394c55cd5bb38
2026-07-05,924344,OLD_VELO_PLACE_ROLE,PLACE,Noble Guest,6166264,358,picks[].place_prob (role=PLACE),1,0.2745,2.75,7,False,False,N/A (Old VELO has no policy layer),False,False,MODEL_MISS,MODEL_MISS_NO_POLICY_LAYER,False,PROMOTION_GATED_BY_STANDING_HARD_LAW,OLD_VELO_PLACE_ROLE picked Noble Guest (SP 2.75) and it did not win.,"{""source_path"": ""data/reports/old_velo_three_option_card_2026_07_05.json"", ""notes"": ""WIN role is identical to Main VELO's own pick by construction.""}",5f269b49cf8e6e75cc4d8ffafd9394c55cd5bb38
2026-07-05,924344,OLD_VELO_LONGSHOT_ROLE,LONGSHOT,King Of Fury,5216517,359,picks[].longshot_role_score (role=LONGSHOT),1,0.2162,8.0,1,True,True,N/A (Old VELO has no policy layer),False,False,MODEL_HIT,MODEL_HIT_NO_POLICY_LAYER,False,PROMOTION_GATED_BY_STANDING_HARD_LAW,OLD_VELO_LONGSHOT_ROLE picked King Of Fury (SP 8.0) and it won.,"{""source_path"": ""data/reports/old_velo_three_option_card_2026_07_05.json"", ""notes"": ""WIN role is identical to Main VELO's own pick by construction.""}",5f269b49cf8e6e75cc4d8ffafd9394c55cd5bb38
2026-07-05,921922,OLD_VELO_WIN_ROLE,WIN,Hamda's Joy,8031351,360,picks[].velo_prime_prob (role=WIN),1,0.2877,2.75,3,False,True,N/A (Old VELO has no policy layer),False,False,MODEL_MISS,MODEL_MISS_NO_POLICY_LAYER,False,PROMOTION_GATED_BY_STANDING_HARD_LAW,OLD_VELO_WIN_ROLE picked Hamda's Joy (SP 2.75) and it did not win.,"{""source_path"": ""data/reports/old_velo_three_option_card_2026_07_05.json"", ""notes"": ""WIN role is identical to Main VELO's own pick by construction.""}",5f269b49cf8e6e75cc4d8ffafd9394c55cd5bb38
2026-07-05,921922,OLD_VELO_PLACE_ROLE,PLACE,Clementines Star,8124818,361,picks[].place_prob (role=PLACE),1,0.7493,5.5,2,False,True,N/A (Old VELO has no policy layer),False,False,MODEL_MISS,MODEL_MISS_NO_POLICY_LAYER,False,PROMOTION_GATED_BY_STANDING_HARD_LAW,OLD_VELO_PLACE_ROLE picked Clementines Star (SP 5.5) and it did not win.,"{""source_path"": ""data/reports/old_velo_three_option_card_2026_07_05.json"", ""notes"": ""WIN role is identical to Main VELO's own pick by construction.""}",5f269b49cf8e6e75cc4d8ffafd9394c55cd5bb38
2026-07-05,921922,OLD_VELO_LONGSHOT_ROLE,LONGSHOT,Sterling Fortune,9189368,362,picks[].longshot_role_score (role=LONGSHOT),1,0.2893,10.0,5,False,False,N/A (Old VELO has no policy layer),False,False,MODEL_MISS,MODEL_MISS_NO_POLICY_LAYER,False,PROMOTION_GATED_BY_STANDING_HARD_LAW,OLD_VELO_LONGSHOT_ROLE picked Sterling Fortune (SP 10.0) and it did not win.,"{""source_path"": ""data/reports/old_velo_three_option_card_2026_07_05.json"", ""notes"": ""WIN role is identical to Main VELO's own pick by construction.""}",5f269b49cf8e6e75cc4d8ffafd9394c55cd5bb38
2026-07-05,921919,OLD_VELO_WIN_ROLE,WIN,Blinky,5878998,363,picks[].velo_prime_prob (role=WIN),1,0.3361,8.0,4,False,False,N/A (Old VELO has no policy layer),False,False,MODEL_MISS,MODEL_MISS_NO_POLICY_LAYER,False,PROMOTION_GATED_BY_STANDING_HARD_LAW,OLD_VELO_WIN_ROLE picked Blinky (SP 8.0) and it did not win.,"{""source_path"": ""data/reports/old_velo_three_option_card_2026_07_05.json"", ""notes"": ""WIN role is identical to Main VELO's own pick by construction.""}",5f269b49cf8e6e75cc4d8ffafd9394c55cd5bb38
2026-07-05,921919,OLD_VELO_PLACE_ROLE,PLACE,Cloud King,5154271,364,picks[].place_prob (role=PLACE),1,0.3566,10.0,7,False,False,N/A (Old VELO has no policy layer),False,False,MODEL_MISS,MODEL_MISS_NO_POLICY_LAYER,False,PROMOTION_GATED_BY_STANDING_HARD_LAW,OLD_VELO_PLACE_ROLE picked Cloud King (SP 10.0) and it did not win.,"{""source_path"": ""data/reports/old_velo_three_option_card_2026_07_05.json"", ""notes"": ""WIN role is identical to Main VELO's own pick by construction.""}",5f269b49cf8e6e75cc4d8ffafd9394c55cd5bb38
2026-07-05,921919,OLD_VELO_LONGSHOT_ROLE,LONGSHOT,Buzz Box,5202355,365,picks[].longshot_role_score (role=LONGSHOT),1,0.2237,8.0,9,False,False,N/A (Old VELO has no policy layer),False,False,MODEL_MISS,MODEL_MISS_NO_POLICY_LAYER,False,PROMOTION_GATED_BY_STANDING_HARD_LAW,OLD_VELO_LONGSHOT_ROLE picked Buzz Box (SP 8.0) and it did not win.,"{""source_path"": ""data/reports/old_velo_three_option_card_2026_07_05.json"", ""notes"": ""WIN role is identical to Main VELO's own pick by construction.""}",5f269b49cf8e6e75cc4d8ffafd9394c55cd5bb38
2026-07-05,921916,OLD_VELO_WIN_ROLE,WIN,Spooky Wooky,7708597,366,picks[].velo_prime_prob (role=WIN),1,0.4431,7.0,7,False,False,N/A (Old VELO has no policy layer),False,False,MODEL_MISS,MODEL_MISS_NO_POLICY_LAYER,False,PROMOTION_GATED_BY_STANDING_HARD_LAW,OLD_VELO_WIN_ROLE picked Spooky Wooky (SP 7.0) and it did not win.,"{""source_path"": ""data/reports/old_velo_three_option_card_2026_07_05.json"", ""notes"": ""WIN role is identical to Main VELO's own pick by construction.""}",5f269b49cf8e6e75cc4d8ffafd9394c55cd5bb38
2026-07-05,921916,OLD_VELO_PLACE_ROLE,PLACE,Premier,6410536,367,picks[].place_prob (role=PLACE),1,0.3962,1.75,3,False,True,N/A (Old VELO has no policy layer),False,False,MODEL_MISS,MODEL_MISS_NO_POLICY_LAYER,False,PROMOTION_GATED_BY_STANDING_HARD_LAW,OLD_VELO_PLACE_ROLE picked Premier (SP 1.75) and it did not win.,"{""source_path"": ""data/reports/old_velo_three_option_card_2026_07_05.json"", ""notes"": ""WIN role is identical to Main VELO's own pick by construction.""}",5f269b49cf8e6e75cc4d8ffafd9394c55cd5bb38
2026-07-05,921916,OLD_VELO_LONGSHOT_ROLE,LONGSHOT,Senor Cortez,7006358,368,picks[].longshot_role_score (role=LONGSHOT),1,0.2212,7.0,1,True,True,N/A (Old VELO has no policy layer),False,False,MODEL_HIT,MODEL_HIT_NO_POLICY_LAYER,False,PROMOTION_GATED_BY_STANDING_HARD_LAW,OLD_VELO_LONGSHOT_ROLE picked Senor Cortez (SP 7.0) and it won.,"{""source_path"": ""data/reports/old_velo_three_option_card_2026_07_05.json"", ""notes"": ""WIN role is identical to Main VELO's own pick by construction.""}",5f269b49cf8e6e75cc4d8ffafd9394c55cd5bb38
2026-07-05,921920,OLD_VELO_WIN_ROLE,WIN,Victors Spirit,7988028,369,picks[].velo_prime_prob (role=WIN),1,0.3435,10.0,3,False,True,N/A (Old VELO has no policy layer),False,False,MODEL_MISS,MODEL_MISS_NO_POLICY_LAYER,False,PROMOTION_GATED_BY_STANDING_HARD_LAW,OLD_VELO_WIN_ROLE picked Victors Spirit (SP 10.0) and it did not win.,"{""source_path"": ""data/reports/old_velo_three_option_card_2026_07_05.json"", ""notes"": ""WIN role is identical to Main VELO's own pick by construction.""}",5f269b49cf8e6e75cc4d8ffafd9394c55cd5bb38
2026-07-05,921920,OLD_VELO_PLACE_ROLE,PLACE,Club Class,6550750,370,picks[].place_prob (role=PLACE),1,0.3928,2.0,2,False,True,N/A (Old VELO has no policy layer),False,False,MODEL_MISS,MODEL_MISS_NO_POLICY_LAYER,False,PROMOTION_GATED_BY_STANDING_HARD_LAW,OLD_VELO_PLACE_ROLE picked Club Class (SP 2.0) and it did not win.,"{""source_path"": ""data/reports/old_velo_three_option_card_2026_07_05.json"", ""notes"": ""WIN role is identical to Main VELO's own pick by construction.""}",5f269b49cf8e6e75cc4d8ffafd9394c55cd5bb38
2026-07-05,921920,OLD_VELO_LONGSHOT_ROLE,LONGSHOT,Vaguer,4981995,371,picks[].longshot_role_score (role=LONGSHOT),1,0.2427,16.0,8,False,False,N/A (Old VELO has no policy layer),False,False,MODEL_MISS,MODEL_MISS_NO_POLICY_LAYER,False,PROMOTION_GATED_BY_STANDING_HARD_LAW,OLD_VELO_LONGSHOT_ROLE picked Vaguer (SP 16.0) and it did not win.,"{""source_path"": ""data/reports/old_velo_three_option_card_2026_07_05.json"", ""notes"": ""WIN role is identical to Main VELO's own pick by construction.""}",5f269b49cf8e6e75cc4d8ffafd9394c55cd5bb38
2026-07-05,921918,OLD_VELO_WIN_ROLE,WIN,Sixpack,4642854,372,picks[].velo_prime_prob (role=WIN),1,0.3921,1.75,4,False,False,N/A (Old VELO has no policy layer),False,False,MODEL_MISS,MODEL_MISS_NO_POLICY_LAYER,False,PROMOTION_GATED_BY_STANDING_HARD_LAW,OLD_VELO_WIN_ROLE picked Sixpack (SP 1.75) and it did not win.,"{""source_path"": ""data/reports/old_velo_three_option_card_2026_07_05.json"", ""notes"": ""WIN role is identical to Main VELO's own pick by construction.""}",5f269b49cf8e6e75cc4d8ffafd9394c55cd5bb38
2026-07-05,921918,OLD_VELO_PLACE_ROLE,PLACE,Boatswain,6916305,373,picks[].place_prob (role=PLACE),1,0.8028,2.75,1,True,True,N/A (Old VELO has no policy layer),False,False,MODEL_HIT,MODEL_HIT_NO_POLICY_LAYER,False,PROMOTION_GATED_BY_STANDING_HARD_LAW,OLD_VELO_PLACE_ROLE picked Boatswain (SP 2.75) and it won.,"{""source_path"": ""data/reports/old_velo_three_option_card_2026_07_05.json"", ""notes"": ""WIN role is identical to Main VELO's own pick by construction.""}",5f269b49cf8e6e75cc4d8ffafd9394c55cd5bb38
2026-07-05,921918,OLD_VELO_LONGSHOT_ROLE,LONGSHOT,Alrazeen,5394050,374,picks[].longshot_role_score (role=LONGSHOT),1,0.2374,10.0,,False,False,N/A (Old VELO has no policy layer),False,False,MODEL_MISS,MODEL_MISS_NO_POLICY_LAYER,False,PROMOTION_GATED_BY_STANDING_HARD_LAW,OLD_VELO_LONGSHOT_ROLE picked Alrazeen (SP 10.0) and it did not win.,"{""source_path"": ""data/reports/old_velo_three_option_card_2026_07_05.json"", ""notes"": ""WIN role is identical to Main VELO's own pick by construction.""}",5f269b49cf8e6e75cc4d8ffafd9394c55cd5bb38
