race_id,course,off_time,horse,rp_uid,trainer,champion_intent_shadow_prob,rank_in_race,top_pick_shadow,passport_found,intent_history_runs_used,doctrine_features_median_filled,model_label,model_verdict_basis,trust_policy,velo_scoring_allowed,learning_class,stake_authorised,promotion_eligible,dashboard_visible
922460,Lingfield (AW),2026-07-06T14:15:00,Heart Sign,8001141,Jack Morland,0.127575,1,True,True,6,True,CHAMPION_INTENT_SHADOW,"INTENT_ADDS_SIGNAL (2025 unseen holdout, 4/4 promotion gates passed)",ARCHIVE_CONTEXT_ONLY_NOT_SCORING,False,SHADOW_INTENT_SIGNAL,False,False,False
922460,Lingfield (AW),2026-07-06T14:15:00,Mister Daydream,5132133,Gary & Josh Moore,0.124325,2,False,True,5,True,CHAMPION_INTENT_SHADOW,"INTENT_ADDS_SIGNAL (2025 unseen holdout, 4/4 promotion gates passed)",ARCHIVE_CONTEXT_ONLY_NOT_SCORING,False,SHADOW_INTENT_SIGNAL,False,False,False
922460,Lingfield (AW),2026-07-06T14:15:00,Premier Cru,8660978,James Fanshawe,0.09787,3,False,True,0,True,CHAMPION_INTENT_SHADOW,"INTENT_ADDS_SIGNAL (2025 unseen holdout, 4/4 promotion gates passed)",ARCHIVE_CONTEXT_ONLY_NOT_SCORING,False,SHADOW_INTENT_SIGNAL,False,False,False
922460,Lingfield (AW),2026-07-06T14:15:00,Cezarro,7588038,Max Young,0.081514,4,False,True,5,True,CHAMPION_INTENT_SHADOW,"INTENT_ADDS_SIGNAL (2025 unseen holdout, 4/4 promotion gates passed)",ARCHIVE_CONTEXT_ONLY_NOT_SCORING,False,SHADOW_INTENT_SIGNAL,False,False,False
922460,Lingfield (AW),2026-07-06T14:15:00,Lunar Power,3217659,Laura Mongan,0.080199,5,False,True,0,True,CHAMPION_INTENT_SHADOW,"INTENT_ADDS_SIGNAL (2025 unseen holdout, 4/4 promotion gates passed)",ARCHIVE_CONTEXT_ONLY_NOT_SCORING,False,SHADOW_INTENT_SIGNAL,False,False,False
922460,Lingfield (AW),2026-07-06T14:15:00,Marinakis,4612990,Robert Stephens,0.069014,6,False,True,5,True,CHAMPION_INTENT_SHADOW,"INTENT_ADDS_SIGNAL (2025 unseen holdout, 4/4 promotion gates passed)",ARCHIVE_CONTEXT_ONLY_NOT_SCORING,False,SHADOW_INTENT_SIGNAL,False,False,False
922460,Lingfield (AW),2026-07-06T14:15:00,Sapphire Dream,7441083,Charlie Clover,0.065065,7,False,True,0,True,CHAMPION_INTENT_SHADOW,"INTENT_ADDS_SIGNAL (2025 unseen holdout, 4/4 promotion gates passed)",ARCHIVE_CONTEXT_ONLY_NOT_SCORING,False,SHADOW_INTENT_SIGNAL,False,False,False
922460,Lingfield (AW),2026-07-06T14:15:00,Maryland Star,7861448,Dean Ivory,0.058989,8,False,True,5,True,CHAMPION_INTENT_SHADOW,"INTENT_ADDS_SIGNAL (2025 unseen holdout, 4/4 promotion gates passed)",ARCHIVE_CONTEXT_ONLY_NOT_SCORING,False,SHADOW_INTENT_SIGNAL,False,False,False
922460,Lingfield (AW),2026-07-06T14:15:00,Moonlit Cloud,3483763,Dean Ivory,0.053557,9,False,True,5,True,CHAMPION_INTENT_SHADOW,"INTENT_ADDS_SIGNAL (2025 unseen holdout, 4/4 promotion gates passed)",ARCHIVE_CONTEXT_ONLY_NOT_SCORING,False,SHADOW_INTENT_SIGNAL,False,False,False
922460,Lingfield (AW),2026-07-06T14:15:00,Douglas Dc,4042162,Tony Carroll,0.053353,10,False,True,5,True,CHAMPION_INTENT_SHADOW,"INTENT_ADDS_SIGNAL (2025 unseen holdout, 4/4 promotion gates passed)",ARCHIVE_CONTEXT_ONLY_NOT_SCORING,False,SHADOW_INTENT_SIGNAL,False,False,False
922296,Ayr,2026-07-06T14:30:00,Too Many Spirits,9004865,Tony Coyle & Kaine Wood,0.106355,1,True,True,0,True,CHAMPION_INTENT_SHADOW,"INTENT_ADDS_SIGNAL (2025 unseen holdout, 4/4 promotion gates passed)",ARCHIVE_CONTEXT_ONLY_NOT_SCORING,False,SHADOW_INTENT_SIGNAL,False,False,False
922296,Ayr,2026-07-06T14:30:00,Redline,9372904,Charlie Johnston,0.09714,2,False,True,0,True,CHAMPION_INTENT_SHADOW,"INTENT_ADDS_SIGNAL (2025 unseen holdout, 4/4 promotion gates passed)",ARCHIVE_CONTEXT_ONLY_NOT_SCORING,False,SHADOW_INTENT_SIGNAL,False,False,False
922296,Ayr,2026-07-06T14:30:00,Don't Stop Movin,9254373,Michael Dods,0.095798,3,False,True,0,True,CHAMPION_INTENT_SHADOW,"INTENT_ADDS_SIGNAL (2025 unseen holdout, 4/4 promotion gates passed)",ARCHIVE_CONTEXT_ONLY_NOT_SCORING,False,SHADOW_INTENT_SIGNAL,False,False,False
922296,Ayr,2026-07-06T14:30:00,Ten Clarets,9308779,K R Burke,0.094798,4,False,True,0,True,CHAMPION_INTENT_SHADOW,"INTENT_ADDS_SIGNAL (2025 unseen holdout, 4/4 promotion gates passed)",ARCHIVE_CONTEXT_ONLY_NOT_SCORING,False,SHADOW_INTENT_SIGNAL,False,False,False
922296,Ayr,2026-07-06T14:30:00,Dreamlighter,9490310,Kevin Ryan,0.092664,5,False,False,0,True,CHAMPION_INTENT_SHADOW,"INTENT_ADDS_SIGNAL (2025 unseen holdout, 4/4 promotion gates passed)",ARCHIVE_CONTEXT_ONLY_NOT_SCORING,False,SHADOW_INTENT_SIGNAL,False,False,False
922296,Ayr,2026-07-06T14:30:00,Thai Paddy,9481214,Tim Easterby,0.09071,6,False,False,0,True,CHAMPION_INTENT_SHADOW,"INTENT_ADDS_SIGNAL (2025 unseen holdout, 4/4 promotion gates passed)",ARCHIVE_CONTEXT_ONLY_NOT_SCORING,False,SHADOW_INTENT_SIGNAL,False,False,False
922296,Ayr,2026-07-06T14:30:00,Sara's Silver Girl,9490311,Michael & David Easterby,0.089293,7,False,False,0,True,CHAMPION_INTENT_SHADOW,"INTENT_ADDS_SIGNAL (2025 unseen holdout, 4/4 promotion gates passed)",ARCHIVE_CONTEXT_ONLY_NOT_SCORING,False,SHADOW_INTENT_SIGNAL,False,False,False
922296,Ayr,2026-07-06T14:30:00,Threeoclockflyer,9490309,Michael & David Easterby,0.088292,8,False,False,0,True,CHAMPION_INTENT_SHADOW,"INTENT_ADDS_SIGNAL (2025 unseen holdout, 4/4 promotion gates passed)",ARCHIVE_CONTEXT_ONLY_NOT_SCORING,False,SHADOW_INTENT_SIGNAL,False,False,False
922296,Ayr,2026-07-06T14:30:00,The Resdev Rocket,9222243,Michael & David Easterby,0.088292,9,False,False,0,True,CHAMPION_INTENT_SHADOW,"INTENT_ADDS_SIGNAL (2025 unseen holdout, 4/4 promotion gates passed)",ARCHIVE_CONTEXT_ONLY_NOT_SCORING,False,SHADOW_INTENT_SIGNAL,False,False,False
922296,Ayr,2026-07-06T14:30:00,Aurora Valkyrie,9254246,Katie Scott,0.085077,10,False,False,0,True,CHAMPION_INTENT_SHADOW,"INTENT_ADDS_SIGNAL (2025 unseen holdout, 4/4 promotion gates passed)",ARCHIVE_CONTEXT_ONLY_NOT_SCORING,False,SHADOW_INTENT_SIGNAL,False,False,False
922456,Lingfield (AW),2026-07-06T14:45:00,Perfect Nation,9419795,George Boughey,0.098766,1,True,True,0,True,CHAMPION_INTENT_SHADOW,"INTENT_ADDS_SIGNAL (2025 unseen holdout, 4/4 promotion gates passed)",ARCHIVE_CONTEXT_ONLY_NOT_SCORING,False,SHADOW_INTENT_SIGNAL,False,False,False
922456,Lingfield (AW),2026-07-06T14:45:00,Carrow Road,9290860,Chelsea Banham,0.097952,2,False,True,0,True,CHAMPION_INTENT_SHADOW,"INTENT_ADDS_SIGNAL (2025 unseen holdout, 4/4 promotion gates passed)",ARCHIVE_CONTEXT_ONLY_NOT_SCORING,False,SHADOW_INTENT_SIGNAL,False,False,False
922456,Lingfield (AW),2026-07-06T14:45:00,Cavalier,8881150,Richard Hannon,0.096891,3,False,True,0,True,CHAMPION_INTENT_SHADOW,"INTENT_ADDS_SIGNAL (2025 unseen holdout, 4/4 promotion gates passed)",ARCHIVE_CONTEXT_ONLY_NOT_SCORING,False,SHADOW_INTENT_SIGNAL,False,False,False
922456,Lingfield (AW),2026-07-06T14:45:00,Goblet,9317891,Hughie Morrison,0.096883,4,False,True,0,True,CHAMPION_INTENT_SHADOW,"INTENT_ADDS_SIGNAL (2025 unseen holdout, 4/4 promotion gates passed)",ARCHIVE_CONTEXT_ONLY_NOT_SCORING,False,SHADOW_INTENT_SIGNAL,False,False,False
922456,Lingfield (AW),2026-07-06T14:45:00,Peak Tram,9490315,Sir Mark Prescott Bt,0.096395,5,False,False,0,True,CHAMPION_INTENT_SHADOW,"INTENT_ADDS_SIGNAL (2025 unseen holdout, 4/4 promotion gates passed)",ARCHIVE_CONTEXT_ONLY_NOT_SCORING,False,SHADOW_INTENT_SIGNAL,False,False,False
922456,Lingfield (AW),2026-07-06T14:45:00,Drum Bay,9490318,Ralph Beckett,0.096208,6,False,False,0,True,CHAMPION_INTENT_SHADOW,"INTENT_ADDS_SIGNAL (2025 unseen holdout, 4/4 promotion gates passed)",ARCHIVE_CONTEXT_ONLY_NOT_SCORING,False,SHADOW_INTENT_SIGNAL,False,False,False
922456,Lingfield (AW),2026-07-06T14:45:00,Son Of A Fish,9424938,Richard Hannon,0.096208,7,False,False,0,True,CHAMPION_INTENT_SHADOW,"INTENT_ADDS_SIGNAL (2025 unseen holdout, 4/4 promotion gates passed)",ARCHIVE_CONTEXT_ONLY_NOT_SCORING,False,SHADOW_INTENT_SIGNAL,False,False,False
922456,Lingfield (AW),2026-07-06T14:45:00,Mino,9490319,Marco Botti,0.094032,8,False,False,0,True,CHAMPION_INTENT_SHADOW,"INTENT_ADDS_SIGNAL (2025 unseen holdout, 4/4 promotion gates passed)",ARCHIVE_CONTEXT_ONLY_NOT_SCORING,False,SHADOW_INTENT_SIGNAL,False,False,False
922456,Lingfield (AW),2026-07-06T14:45:00,Harbour Prince,9429295,James Horton,0.091102,9,False,False,0,True,CHAMPION_INTENT_SHADOW,"INTENT_ADDS_SIGNAL (2025 unseen holdout, 4/4 promotion gates passed)",ARCHIVE_CONTEXT_ONLY_NOT_SCORING,False,SHADOW_INTENT_SIGNAL,False,False,False
922456,Lingfield (AW),2026-07-06T14:45:00,There Goes My Hero,9490317,Keiran Burke,0.091102,10,False,False,0,True,CHAMPION_INTENT_SHADOW,"INTENT_ADDS_SIGNAL (2025 unseen holdout, 4/4 promotion gates passed)",ARCHIVE_CONTEXT_ONLY_NOT_SCORING,False,SHADOW_INTENT_SIGNAL,False,False,False
922300,Ayr,2026-07-06T15:00:00,Tee Aitch Aye,7339103,Iain Jardine,0.087334,1,True,True,5,True,CHAMPION_INTENT_SHADOW,"INTENT_ADDS_SIGNAL (2025 unseen holdout, 4/4 promotion gates passed)",ARCHIVE_CONTEXT_ONLY_NOT_SCORING,False,SHADOW_INTENT_SIGNAL,False,False,False
922300,Ayr,2026-07-06T15:00:00,Sweet Kiss,7378591,Tim Easterby,0.08707,2,False,True,5,True,CHAMPION_INTENT_SHADOW,"INTENT_ADDS_SIGNAL (2025 unseen holdout, 4/4 promotion gates passed)",ARCHIVE_CONTEXT_ONLY_NOT_SCORING,False,SHADOW_INTENT_SIGNAL,False,False,False
922300,Ayr,2026-07-06T15:00:00,Naturalia,5125889,Donald Whillans,0.083968,3,False,True,5,True,CHAMPION_INTENT_SHADOW,"INTENT_ADDS_SIGNAL (2025 unseen holdout, 4/4 promotion gates passed)",ARCHIVE_CONTEXT_ONLY_NOT_SCORING,False,SHADOW_INTENT_SIGNAL,False,False,False
922300,Ayr,2026-07-06T15:00:00,Hill O Rue,6465249,Kevin Ryan,0.077932,4,False,True,0,True,CHAMPION_INTENT_SHADOW,"INTENT_ADDS_SIGNAL (2025 unseen holdout, 4/4 promotion gates passed)",ARCHIVE_CONTEXT_ONLY_NOT_SCORING,False,SHADOW_INTENT_SIGNAL,False,False,False
922300,Ayr,2026-07-06T15:00:00,Rumbustious,8406259,Charlie Johnston,0.073295,5,False,True,5,True,CHAMPION_INTENT_SHADOW,"INTENT_ADDS_SIGNAL (2025 unseen holdout, 4/4 promotion gates passed)",ARCHIVE_CONTEXT_ONLY_NOT_SCORING,False,SHADOW_INTENT_SIGNAL,False,False,False
922300,Ayr,2026-07-06T15:00:00,Tap Dancer,6161669,Jim Goldie,0.069876,6,False,True,0,True,CHAMPION_INTENT_SHADOW,"INTENT_ADDS_SIGNAL (2025 unseen holdout, 4/4 promotion gates passed)",ARCHIVE_CONTEXT_ONLY_NOT_SCORING,False,SHADOW_INTENT_SIGNAL,False,False,False
922300,Ayr,2026-07-06T15:00:00,Royal Blaze,5048100,Ewan Whillans,0.069136,7,False,True,0,True,CHAMPION_INTENT_SHADOW,"INTENT_ADDS_SIGNAL (2025 unseen holdout, 4/4 promotion gates passed)",ARCHIVE_CONTEXT_ONLY_NOT_SCORING,False,SHADOW_INTENT_SIGNAL,False,False,False
922300,Ayr,2026-07-06T15:00:00,Falcon Nine,4415502,Iain Jardine,0.064051,8,False,True,5,True,CHAMPION_INTENT_SHADOW,"INTENT_ADDS_SIGNAL (2025 unseen holdout, 4/4 promotion gates passed)",ARCHIVE_CONTEXT_ONLY_NOT_SCORING,False,SHADOW_INTENT_SIGNAL,False,False,False
922300,Ayr,2026-07-06T15:00:00,Parole Officer,7020199,Ewan Whillans,0.057212,9,False,True,10,True,CHAMPION_INTENT_SHADOW,"INTENT_ADDS_SIGNAL (2025 unseen holdout, 4/4 promotion gates passed)",ARCHIVE_CONTEXT_ONLY_NOT_SCORING,False,SHADOW_INTENT_SIGNAL,False,False,False
922300,Ayr,2026-07-06T15:00:00,Condotti,5708897,Hugo Palmer,0.053594,10,False,True,10,True,CHAMPION_INTENT_SHADOW,"INTENT_ADDS_SIGNAL (2025 unseen holdout, 4/4 promotion gates passed)",ARCHIVE_CONTEXT_ONLY_NOT_SCORING,False,SHADOW_INTENT_SIGNAL,False,False,False
922300,Ayr,2026-07-06T15:00:00,Shifter,4011144,Wilf Storey,0.042522,11,False,True,0,True,CHAMPION_INTENT_SHADOW,"INTENT_ADDS_SIGNAL (2025 unseen holdout, 4/4 promotion gates passed)",ARCHIVE_CONTEXT_ONLY_NOT_SCORING,False,SHADOW_INTENT_SIGNAL,False,False,False
922300,Ayr,2026-07-06T15:00:00,Storm On Jura,6064581,Jim Goldie,0.030956,12,False,True,5,True,CHAMPION_INTENT_SHADOW,"INTENT_ADDS_SIGNAL (2025 unseen holdout, 4/4 promotion gates passed)",ARCHIVE_CONTEXT_ONLY_NOT_SCORING,False,SHADOW_INTENT_SIGNAL,False,False,False
924389,Lingfield (AW),2026-07-06T15:15:00,Victory Gold,9212567,Saeed bin Suroor,0.186529,1,True,True,1,True,CHAMPION_INTENT_SHADOW,"INTENT_ADDS_SIGNAL (2025 unseen holdout, 4/4 promotion gates passed)",ARCHIVE_CONTEXT_ONLY_NOT_SCORING,False,SHADOW_INTENT_SIGNAL,False,False,False
924389,Lingfield (AW),2026-07-06T15:15:00,Sea Idol,9254365,Sir Mark Prescott Bt,0.106326,2,False,True,0,True,CHAMPION_INTENT_SHADOW,"INTENT_ADDS_SIGNAL (2025 unseen holdout, 4/4 promotion gates passed)",ARCHIVE_CONTEXT_ONLY_NOT_SCORING,False,SHADOW_INTENT_SIGNAL,False,False,False
924389,Lingfield (AW),2026-07-06T15:15:00,Cloud Summit,9331776,George Boughey,0.106326,3,False,True,0,True,CHAMPION_INTENT_SHADOW,"INTENT_ADDS_SIGNAL (2025 unseen holdout, 4/4 promotion gates passed)",ARCHIVE_CONTEXT_ONLY_NOT_SCORING,False,SHADOW_INTENT_SIGNAL,False,False,False
924389,Lingfield (AW),2026-07-06T15:15:00,Il Capo,9153299,Richard Hannon,0.106073,4,False,True,0,True,CHAMPION_INTENT_SHADOW,"INTENT_ADDS_SIGNAL (2025 unseen holdout, 4/4 promotion gates passed)",ARCHIVE_CONTEXT_ONLY_NOT_SCORING,False,SHADOW_INTENT_SIGNAL,False,False,False
924389,Lingfield (AW),2026-07-06T15:15:00,Romanza,8881175,Charlie Fellowes,0.106055,5,False,True,0,True,CHAMPION_INTENT_SHADOW,"INTENT_ADDS_SIGNAL (2025 unseen holdout, 4/4 promotion gates passed)",ARCHIVE_CONTEXT_ONLY_NOT_SCORING,False,SHADOW_INTENT_SIGNAL,False,False,False
924389,Lingfield (AW),2026-07-06T15:15:00,Minzaal Time,9364267,Richard Hughes,0.104916,6,False,True,0,True,CHAMPION_INTENT_SHADOW,"INTENT_ADDS_SIGNAL (2025 unseen holdout, 4/4 promotion gates passed)",ARCHIVE_CONTEXT_ONLY_NOT_SCORING,False,SHADOW_INTENT_SIGNAL,False,False,False
924389,Lingfield (AW),2026-07-06T15:15:00,Apulia Bay,9490316,Simon & Ed Crisford,0.103794,7,False,False,0,True,CHAMPION_INTENT_SHADOW,"INTENT_ADDS_SIGNAL (2025 unseen holdout, 4/4 promotion gates passed)",ARCHIVE_CONTEXT_ONLY_NOT_SCORING,False,SHADOW_INTENT_SIGNAL,False,False,False
924389,Lingfield (AW),2026-07-06T15:15:00,Royal Titan,9490314,Marco Botti,0.102647,8,False,False,0,True,CHAMPION_INTENT_SHADOW,"INTENT_ADDS_SIGNAL (2025 unseen holdout, 4/4 promotion gates passed)",ARCHIVE_CONTEXT_ONLY_NOT_SCORING,False,SHADOW_INTENT_SIGNAL,False,False,False
924389,Lingfield (AW),2026-07-06T15:15:00,Thunder Home,9212562,James Horton,0.100956,9,False,True,0,True,CHAMPION_INTENT_SHADOW,"INTENT_ADDS_SIGNAL (2025 unseen holdout, 4/4 promotion gates passed)",ARCHIVE_CONTEXT_ONLY_NOT_SCORING,False,SHADOW_INTENT_SIGNAL,False,False,False
922298,Ayr,2026-07-06T15:30:00,Blakefell,7204894,Ivan Furtado,0.112461,1,True,True,5,True,CHAMPION_INTENT_SHADOW,"INTENT_ADDS_SIGNAL (2025 unseen holdout, 4/4 promotion gates passed)",ARCHIVE_CONTEXT_ONLY_NOT_SCORING,False,SHADOW_INTENT_SIGNAL,False,False,False
922298,Ayr,2026-07-06T15:30:00,Native Honey,58956387,Jim Goldie,0.08749,2,False,True,0,True,CHAMPION_INTENT_SHADOW,"INTENT_ADDS_SIGNAL (2025 unseen holdout, 4/4 promotion gates passed)",ARCHIVE_CONTEXT_ONLY_NOT_SCORING,False,SHADOW_INTENT_SIGNAL,False,False,False
922298,Ayr,2026-07-06T15:30:00,Slack Bob,7957273,Ed Dunlop,0.085818,3,False,True,0,True,CHAMPION_INTENT_SHADOW,"INTENT_ADDS_SIGNAL (2025 unseen holdout, 4/4 promotion gates passed)",ARCHIVE_CONTEXT_ONLY_NOT_SCORING,False,SHADOW_INTENT_SIGNAL,False,False,False
922298,Ayr,2026-07-06T15:30:00,Qazaq,5330871,Iain Jardine,0.082895,4,False,True,5,True,CHAMPION_INTENT_SHADOW,"INTENT_ADDS_SIGNAL (2025 unseen holdout, 4/4 promotion gates passed)",ARCHIVE_CONTEXT_ONLY_NOT_SCORING,False,SHADOW_INTENT_SIGNAL,False,False,False
922298,Ayr,2026-07-06T15:30:00,Eve's Boy,5951756,Michael Dods,0.081387,5,False,True,17,True,CHAMPION_INTENT_SHADOW,"INTENT_ADDS_SIGNAL (2025 unseen holdout, 4/4 promotion gates passed)",ARCHIVE_CONTEXT_ONLY_NOT_SCORING,False,SHADOW_INTENT_SIGNAL,False,False,False
922298,Ayr,2026-07-06T15:30:00,Whiskey Kisses,7988032,R Mike Smith,0.075922,6,False,True,0,True,CHAMPION_INTENT_SHADOW,"INTENT_ADDS_SIGNAL (2025 unseen holdout, 4/4 promotion gates passed)",ARCHIVE_CONTEXT_ONLY_NOT_SCORING,False,SHADOW_INTENT_SIGNAL,False,False,False
922298,Ayr,2026-07-06T15:30:00,The Gay Blade,3765237,Iain Jardine,0.070285,7,False,True,5,True,CHAMPION_INTENT_SHADOW,"INTENT_ADDS_SIGNAL (2025 unseen holdout, 4/4 promotion gates passed)",ARCHIVE_CONTEXT_ONLY_NOT_SCORING,False,SHADOW_INTENT_SIGNAL,False,False,False
922298,Ayr,2026-07-06T15:30:00,Ashen,5580107,Jim Goldie,0.067686,8,False,True,0,True,CHAMPION_INTENT_SHADOW,"INTENT_ADDS_SIGNAL (2025 unseen holdout, 4/4 promotion gates passed)",ARCHIVE_CONTEXT_ONLY_NOT_SCORING,False,SHADOW_INTENT_SIGNAL,False,False,False
922298,Ayr,2026-07-06T15:30:00,Abduction,3106233,Jim Goldie,0.064995,9,False,True,5,True,CHAMPION_INTENT_SHADOW,"INTENT_ADDS_SIGNAL (2025 unseen holdout, 4/4 promotion gates passed)",ARCHIVE_CONTEXT_ONLY_NOT_SCORING,False,SHADOW_INTENT_SIGNAL,False,False,False
922298,Ayr,2026-07-06T15:30:00,Keep Me Stable,4175516,Linda Perratt,0.064756,10,False,True,0,True,CHAMPION_INTENT_SHADOW,"INTENT_ADDS_SIGNAL (2025 unseen holdout, 4/4 promotion gates passed)",ARCHIVE_CONTEXT_ONLY_NOT_SCORING,False,SHADOW_INTENT_SIGNAL,False,False,False
922298,Ayr,2026-07-06T15:30:00,Born A Star,7204778,Charlie Johnston,0.049135,11,False,True,5,True,CHAMPION_INTENT_SHADOW,"INTENT_ADDS_SIGNAL (2025 unseen holdout, 4/4 promotion gates passed)",ARCHIVE_CONTEXT_ONLY_NOT_SCORING,False,SHADOW_INTENT_SIGNAL,False,False,False
922298,Ayr,2026-07-06T15:30:00,Emery Down,6582589,John Ryan,0.034601,12,False,True,5,True,CHAMPION_INTENT_SHADOW,"INTENT_ADDS_SIGNAL (2025 unseen holdout, 4/4 promotion gates passed)",ARCHIVE_CONTEXT_ONLY_NOT_SCORING,False,SHADOW_INTENT_SIGNAL,False,False,False
922459,Lingfield (AW),2026-07-06T15:45:00,Home Secretary,8120590,Sir Mark Prescott Bt,0.118637,1,True,True,5,True,CHAMPION_INTENT_SHADOW,"INTENT_ADDS_SIGNAL (2025 unseen holdout, 4/4 promotion gates passed)",ARCHIVE_CONTEXT_ONLY_NOT_SCORING,False,SHADOW_INTENT_SIGNAL,False,False,False
922459,Lingfield (AW),2026-07-06T15:45:00,Femme Fatale,7926361,James Tate,0.109714,2,False,True,0,True,CHAMPION_INTENT_SHADOW,"INTENT_ADDS_SIGNAL (2025 unseen holdout, 4/4 promotion gates passed)",ARCHIVE_CONTEXT_ONLY_NOT_SCORING,False,SHADOW_INTENT_SIGNAL,False,False,False
922459,Lingfield (AW),2026-07-06T15:45:00,Worlington,8251207,George Boughey,0.103356,3,False,True,6,True,CHAMPION_INTENT_SHADOW,"INTENT_ADDS_SIGNAL (2025 unseen holdout, 4/4 promotion gates passed)",ARCHIVE_CONTEXT_ONLY_NOT_SCORING,False,SHADOW_INTENT_SIGNAL,False,False,False
922459,Lingfield (AW),2026-07-06T15:45:00,La Trinite,7015791,Neil King,0.08285,4,False,True,0,True,CHAMPION_INTENT_SHADOW,"INTENT_ADDS_SIGNAL (2025 unseen holdout, 4/4 promotion gates passed)",ARCHIVE_CONTEXT_ONLY_NOT_SCORING,False,SHADOW_INTENT_SIGNAL,False,False,False
922459,Lingfield (AW),2026-07-06T15:45:00,Artavian,5343980,Patrick Chamings,0.078883,5,False,True,5,True,CHAMPION_INTENT_SHADOW,"INTENT_ADDS_SIGNAL (2025 unseen holdout, 4/4 promotion gates passed)",ARCHIVE_CONTEXT_ONLY_NOT_SCORING,False,SHADOW_INTENT_SIGNAL,False,False,False
922459,Lingfield (AW),2026-07-06T15:45:00,Break Point,5011618,Luke Dace,0.074952,6,False,True,5,True,CHAMPION_INTENT_SHADOW,"INTENT_ADDS_SIGNAL (2025 unseen holdout, 4/4 promotion gates passed)",ARCHIVE_CONTEXT_ONLY_NOT_SCORING,False,SHADOW_INTENT_SIGNAL,False,False,False
922459,Lingfield (AW),2026-07-06T15:45:00,Master Dancer,4609241,Richard J Bandey,0.069248,7,False,True,0,True,CHAMPION_INTENT_SHADOW,"INTENT_ADDS_SIGNAL (2025 unseen holdout, 4/4 promotion gates passed)",ARCHIVE_CONTEXT_ONLY_NOT_SCORING,False,SHADOW_INTENT_SIGNAL,False,False,False
922459,Lingfield (AW),2026-07-06T15:45:00,October Surprise,8188069,Sheena West,0.068984,8,False,False,0,True,CHAMPION_INTENT_SHADOW,"INTENT_ADDS_SIGNAL (2025 unseen holdout, 4/4 promotion gates passed)",ARCHIVE_CONTEXT_ONLY_NOT_SCORING,False,SHADOW_INTENT_SIGNAL,False,False,False
922459,Lingfield (AW),2026-07-06T15:45:00,Smith,1860137,Lydia Richards,0.05173,9,False,True,0,True,CHAMPION_INTENT_SHADOW,"INTENT_ADDS_SIGNAL (2025 unseen holdout, 4/4 promotion gates passed)",ARCHIVE_CONTEXT_ONLY_NOT_SCORING,False,SHADOW_INTENT_SIGNAL,False,False,False
922301,Ayr,2026-07-06T16:00:00,Hunterian,8476547,Charlie Johnston,0.098712,1,True,True,4,True,CHAMPION_INTENT_SHADOW,"INTENT_ADDS_SIGNAL (2025 unseen holdout, 4/4 promotion gates passed)",ARCHIVE_CONTEXT_ONLY_NOT_SCORING,False,SHADOW_INTENT_SIGNAL,False,False,False
922301,Ayr,2026-07-06T16:00:00,Starliner,5104236,Linda Perratt,0.093485,2,False,True,45,True,CHAMPION_INTENT_SHADOW,"INTENT_ADDS_SIGNAL (2025 unseen holdout, 4/4 promotion gates passed)",ARCHIVE_CONTEXT_ONLY_NOT_SCORING,False,SHADOW_INTENT_SIGNAL,False,False,False
922301,Ayr,2026-07-06T16:00:00,Carmel Valley,8205595,Katie Scott,0.091725,3,False,True,0,True,CHAMPION_INTENT_SHADOW,"INTENT_ADDS_SIGNAL (2025 unseen holdout, 4/4 promotion gates passed)",ARCHIVE_CONTEXT_ONLY_NOT_SCORING,False,SHADOW_INTENT_SIGNAL,False,False,False
922301,Ayr,2026-07-06T16:00:00,Concert Boy,4273974,Katie Scott,0.089988,4,False,True,5,True,CHAMPION_INTENT_SHADOW,"INTENT_ADDS_SIGNAL (2025 unseen holdout, 4/4 promotion gates passed)",ARCHIVE_CONTEXT_ONLY_NOT_SCORING,False,SHADOW_INTENT_SIGNAL,False,False,False
922301,Ayr,2026-07-06T16:00:00,Penelope's Sister,4449876,Jim Goldie,0.089945,5,False,True,5,True,CHAMPION_INTENT_SHADOW,"INTENT_ADDS_SIGNAL (2025 unseen holdout, 4/4 promotion gates passed)",ARCHIVE_CONTEXT_ONLY_NOT_SCORING,False,SHADOW_INTENT_SIGNAL,False,False,False
922301,Ayr,2026-07-06T16:00:00,Hey Havana,7743754,Geoffrey Harker,0.080353,6,False,True,0,True,CHAMPION_INTENT_SHADOW,"INTENT_ADDS_SIGNAL (2025 unseen holdout, 4/4 promotion gates passed)",ARCHIVE_CONTEXT_ONLY_NOT_SCORING,False,SHADOW_INTENT_SIGNAL,False,False,False
922301,Ayr,2026-07-06T16:00:00,Filly Eilish,8788810,Ivan Furtado,0.074457,7,False,True,3,True,CHAMPION_INTENT_SHADOW,"INTENT_ADDS_SIGNAL (2025 unseen holdout, 4/4 promotion gates passed)",ARCHIVE_CONTEXT_ONLY_NOT_SCORING,False,SHADOW_INTENT_SIGNAL,False,False,False
922301,Ayr,2026-07-06T16:00:00,Lovette,7520219,Iain Jardine,0.073306,8,False,True,0,True,CHAMPION_INTENT_SHADOW,"INTENT_ADDS_SIGNAL (2025 unseen holdout, 4/4 promotion gates passed)",ARCHIVE_CONTEXT_ONLY_NOT_SCORING,False,SHADOW_INTENT_SIGNAL,False,False,False
922301,Ayr,2026-07-06T16:00:00,Lightning Galaxy,6265741,Michael Dods,0.069426,9,False,False,0,True,CHAMPION_INTENT_SHADOW,"INTENT_ADDS_SIGNAL (2025 unseen holdout, 4/4 promotion gates passed)",ARCHIVE_CONTEXT_ONLY_NOT_SCORING,False,SHADOW_INTENT_SIGNAL,False,False,False
922301,Ayr,2026-07-06T16:00:00,Ey Up He's A Star,6496519,Tony Coyle & Kaine Wood,0.0672,10,False,True,0,True,CHAMPION_INTENT_SHADOW,"INTENT_ADDS_SIGNAL (2025 unseen holdout, 4/4 promotion gates passed)",ARCHIVE_CONTEXT_ONLY_NOT_SCORING,False,SHADOW_INTENT_SIGNAL,False,False,False
922301,Ayr,2026-07-06T16:00:00,Flying Moonlight,7922006,Sandy Thomson,0.048053,11,False,True,0,True,CHAMPION_INTENT_SHADOW,"INTENT_ADDS_SIGNAL (2025 unseen holdout, 4/4 promotion gates passed)",ARCHIVE_CONTEXT_ONLY_NOT_SCORING,False,SHADOW_INTENT_SIGNAL,False,False,False
922457,Lingfield (AW),2026-07-06T16:15:00,Michaela's Boy,4229840,Robert Cowell,0.163953,1,True,True,5,True,CHAMPION_INTENT_SHADOW,"INTENT_ADDS_SIGNAL (2025 unseen holdout, 4/4 promotion gates passed)",ARCHIVE_CONTEXT_ONLY_NOT_SCORING,False,SHADOW_INTENT_SIGNAL,False,False,False
922457,Lingfield (AW),2026-07-06T16:15:00,Havana Blast,5579972,James Fanshawe,0.117657,2,False,True,0,True,CHAMPION_INTENT_SHADOW,"INTENT_ADDS_SIGNAL (2025 unseen holdout, 4/4 promotion gates passed)",ARCHIVE_CONTEXT_ONLY_NOT_SCORING,False,SHADOW_INTENT_SIGNAL,False,False,False
922457,Lingfield (AW),2026-07-06T16:15:00,Law Of Average,5222212,Chelsea Banham,0.100733,3,False,True,21,True,CHAMPION_INTENT_SHADOW,"INTENT_ADDS_SIGNAL (2025 unseen holdout, 4/4 promotion gates passed)",ARCHIVE_CONTEXT_ONLY_NOT_SCORING,False,SHADOW_INTENT_SIGNAL,False,False,False
922457,Lingfield (AW),2026-07-06T16:15:00,Hoodie Hoo,6166263,Charles Hills,0.099437,4,False,True,0,True,CHAMPION_INTENT_SHADOW,"INTENT_ADDS_SIGNAL (2025 unseen holdout, 4/4 promotion gates passed)",ARCHIVE_CONTEXT_ONLY_NOT_SCORING,False,SHADOW_INTENT_SIGNAL,False,False,False
922457,Lingfield (AW),2026-07-06T16:15:00,Lebron Power,7713424,Richard Hannon,0.09365,5,False,True,5,True,CHAMPION_INTENT_SHADOW,"INTENT_ADDS_SIGNAL (2025 unseen holdout, 4/4 promotion gates passed)",ARCHIVE_CONTEXT_ONLY_NOT_SCORING,False,SHADOW_INTENT_SIGNAL,False,False,False
922457,Lingfield (AW),2026-07-06T16:15:00,Nogo's Dream,4175313,Richard Hughes,0.089727,6,False,True,5,True,CHAMPION_INTENT_SHADOW,"INTENT_ADDS_SIGNAL (2025 unseen holdout, 4/4 promotion gates passed)",ARCHIVE_CONTEXT_ONLY_NOT_SCORING,False,SHADOW_INTENT_SIGNAL,False,False,False
922457,Lingfield (AW),2026-07-06T16:15:00,Sandscreendeliverd,6701903,Peter Crate,0.074939,7,False,True,0,True,CHAMPION_INTENT_SHADOW,"INTENT_ADDS_SIGNAL (2025 unseen holdout, 4/4 promotion gates passed)",ARCHIVE_CONTEXT_ONLY_NOT_SCORING,False,SHADOW_INTENT_SIGNAL,False,False,False
922457,Lingfield (AW),2026-07-06T16:15:00,Counsel,3309441,Michael Appleby,0.070843,8,False,True,5,True,CHAMPION_INTENT_SHADOW,"INTENT_ADDS_SIGNAL (2025 unseen holdout, 4/4 promotion gates passed)",ARCHIVE_CONTEXT_ONLY_NOT_SCORING,False,SHADOW_INTENT_SIGNAL,False,False,False
922457,Lingfield (AW),2026-07-06T16:15:00,Dontspoilasale,4342385,Jim & Suzi Best,0.065103,9,False,True,5,True,CHAMPION_INTENT_SHADOW,"INTENT_ADDS_SIGNAL (2025 unseen holdout, 4/4 promotion gates passed)",ARCHIVE_CONTEXT_ONLY_NOT_SCORING,False,SHADOW_INTENT_SIGNAL,False,False,False
922295,Ayr,2026-07-06T16:30:00,Cotai Lights,8277420,Adrian Paul Keatley,0.073392,1,True,True,0,True,CHAMPION_INTENT_SHADOW,"INTENT_ADDS_SIGNAL (2025 unseen holdout, 4/4 promotion gates passed)",ARCHIVE_CONTEXT_ONLY_NOT_SCORING,False,SHADOW_INTENT_SIGNAL,False,False,False
922295,Ayr,2026-07-06T16:30:00,Tip Foster,9055759,David & Nicola Barron,0.070789,2,False,True,1,True,CHAMPION_INTENT_SHADOW,"INTENT_ADDS_SIGNAL (2025 unseen holdout, 4/4 promotion gates passed)",ARCHIVE_CONTEXT_ONLY_NOT_SCORING,False,SHADOW_INTENT_SIGNAL,False,False,False
922295,Ayr,2026-07-06T16:30:00,Rousing Encore,4225298,Ruth Carr,0.063462,3,False,True,0,True,CHAMPION_INTENT_SHADOW,"INTENT_ADDS_SIGNAL (2025 unseen holdout, 4/4 promotion gates passed)",ARCHIVE_CONTEXT_ONLY_NOT_SCORING,False,SHADOW_INTENT_SIGNAL,False,False,False
922295,Ayr,2026-07-06T16:30:00,Territorial Knight,5831360,Kevin Ryan,0.061375,4,False,True,5,True,CHAMPION_INTENT_SHADOW,"INTENT_ADDS_SIGNAL (2025 unseen holdout, 4/4 promotion gates passed)",ARCHIVE_CONTEXT_ONLY_NOT_SCORING,False,SHADOW_INTENT_SIGNAL,False,False,False
922295,Ayr,2026-07-06T16:30:00,Lord Bertie,4445414,David O'Meara,0.059021,5,False,True,5,True,CHAMPION_INTENT_SHADOW,"INTENT_ADDS_SIGNAL (2025 unseen holdout, 4/4 promotion gates passed)",ARCHIVE_CONTEXT_ONLY_NOT_SCORING,False,SHADOW_INTENT_SIGNAL,False,False,False
922295,Ayr,2026-07-06T16:30:00,Manila Scouse,3549479,Tim Easterby,0.055241,6,False,True,5,True,CHAMPION_INTENT_SHADOW,"INTENT_ADDS_SIGNAL (2025 unseen holdout, 4/4 promotion gates passed)",ARCHIVE_CONTEXT_ONLY_NOT_SCORING,False,SHADOW_INTENT_SIGNAL,False,False,False
922295,Ayr,2026-07-06T16:30:00,Misunderstood,6238205,David O'Meara,0.055056,7,False,True,2,True,CHAMPION_INTENT_SHADOW,"INTENT_ADDS_SIGNAL (2025 unseen holdout, 4/4 promotion gates passed)",ARCHIVE_CONTEXT_ONLY_NOT_SCORING,False,SHADOW_INTENT_SIGNAL,False,False,False
922295,Ayr,2026-07-06T16:30:00,Prince Of Pillo,4395019,Richard & Peter Fahey,0.049802,8,False,True,0,True,CHAMPION_INTENT_SHADOW,"INTENT_ADDS_SIGNAL (2025 unseen holdout, 4/4 promotion gates passed)",ARCHIVE_CONTEXT_ONLY_NOT_SCORING,False,SHADOW_INTENT_SIGNAL,False,False,False
922295,Ayr,2026-07-06T16:30:00,Gweedore,2650222,Katie Scott,0.045904,9,False,True,0,True,CHAMPION_INTENT_SHADOW,"INTENT_ADDS_SIGNAL (2025 unseen holdout, 4/4 promotion gates passed)",ARCHIVE_CONTEXT_ONLY_NOT_SCORING,False,SHADOW_INTENT_SIGNAL,False,False,False
922295,Ayr,2026-07-06T16:30:00,The Caltonian,4998715,Linda Perratt,0.045871,10,False,True,0,True,CHAMPION_INTENT_SHADOW,"INTENT_ADDS_SIGNAL (2025 unseen holdout, 4/4 promotion gates passed)",ARCHIVE_CONTEXT_ONLY_NOT_SCORING,False,SHADOW_INTENT_SIGNAL,False,False,False
922295,Ayr,2026-07-06T16:30:00,Dandy Magic,6074527,Jim Goldie,0.045651,11,False,True,0,True,CHAMPION_INTENT_SHADOW,"INTENT_ADDS_SIGNAL (2025 unseen holdout, 4/4 promotion gates passed)",ARCHIVE_CONTEXT_ONLY_NOT_SCORING,False,SHADOW_INTENT_SIGNAL,False,False,False
922295,Ayr,2026-07-06T16:30:00,Here Forever,7926370,David & Nicola Barron,0.043978,12,False,True,3,True,CHAMPION_INTENT_SHADOW,"INTENT_ADDS_SIGNAL (2025 unseen holdout, 4/4 promotion gates passed)",ARCHIVE_CONTEXT_ONLY_NOT_SCORING,False,SHADOW_INTENT_SIGNAL,False,False,False
922295,Ayr,2026-07-06T16:30:00,Daizen,7618354,Rebecca Menzies,0.04309,13,False,True,5,True,CHAMPION_INTENT_SHADOW,"INTENT_ADDS_SIGNAL (2025 unseen holdout, 4/4 promotion gates passed)",ARCHIVE_CONTEXT_ONLY_NOT_SCORING,False,SHADOW_INTENT_SIGNAL,False,False,False
922295,Ayr,2026-07-06T16:30:00,Parisiac,3853585,Iain Jardine,0.041598,14,False,True,63,True,CHAMPION_INTENT_SHADOW,"INTENT_ADDS_SIGNAL (2025 unseen holdout, 4/4 promotion gates passed)",ARCHIVE_CONTEXT_ONLY_NOT_SCORING,False,SHADOW_INTENT_SIGNAL,False,False,False
922295,Ayr,2026-07-06T16:30:00,Jordan Electrics,2050471,Jim Goldie,0.034862,15,False,True,5,True,CHAMPION_INTENT_SHADOW,"INTENT_ADDS_SIGNAL (2025 unseen holdout, 4/4 promotion gates passed)",ARCHIVE_CONTEXT_ONLY_NOT_SCORING,False,SHADOW_INTENT_SIGNAL,False,False,False
922295,Ayr,2026-07-06T16:30:00,Dakota Gold,998344,Michael Dods,0.025228,16,False,True,0,True,CHAMPION_INTENT_SHADOW,"INTENT_ADDS_SIGNAL (2025 unseen holdout, 4/4 promotion gates passed)",ARCHIVE_CONTEXT_ONLY_NOT_SCORING,False,SHADOW_INTENT_SIGNAL,False,False,False
922295,Ayr,2026-07-06T16:30:00,Woven,2116168,Michael Dods,0.022594,17,False,True,5,True,CHAMPION_INTENT_SHADOW,"INTENT_ADDS_SIGNAL (2025 unseen holdout, 4/4 promotion gates passed)",ARCHIVE_CONTEXT_ONLY_NOT_SCORING,False,SHADOW_INTENT_SIGNAL,False,False,False
922295,Ayr,2026-07-06T16:30:00,Kelpie Grey,4469691,Jim Goldie,0.020739,18,False,True,5,True,CHAMPION_INTENT_SHADOW,"INTENT_ADDS_SIGNAL (2025 unseen holdout, 4/4 promotion gates passed)",ARCHIVE_CONTEXT_ONLY_NOT_SCORING,False,SHADOW_INTENT_SIGNAL,False,False,False
924276,Roscommon,2026-07-06T16:38:00,Rocky's Howya,3290532,Declan Queally,0.328753,1,True,True,5,True,CHAMPION_INTENT_SHADOW,"INTENT_ADDS_SIGNAL (2025 unseen holdout, 4/4 promotion gates passed)",ARCHIVE_CONTEXT_ONLY_NOT_SCORING,False,SHADOW_INTENT_SIGNAL,False,False,False
924276,Roscommon,2026-07-06T16:38:00,Howdoyalikeherhome,5025135,Gordon Elliott,0.224846,2,False,True,5,True,CHAMPION_INTENT_SHADOW,"INTENT_ADDS_SIGNAL (2025 unseen holdout, 4/4 promotion gates passed)",ARCHIVE_CONTEXT_ONLY_NOT_SCORING,False,SHADOW_INTENT_SIGNAL,False,False,False
924276,Roscommon,2026-07-06T16:38:00,Paul Collins,5727954,Brian M McMahon,0.10629,3,False,False,0,True,CHAMPION_INTENT_SHADOW,"INTENT_ADDS_SIGNAL (2025 unseen holdout, 4/4 promotion gates passed)",ARCHIVE_CONTEXT_ONLY_NOT_SCORING,False,SHADOW_INTENT_SIGNAL,False,False,False
924276,Roscommon,2026-07-06T16:38:00,Getaway Charlie,3507922,Timothy Doyle,0.090696,4,False,False,0,True,CHAMPION_INTENT_SHADOW,"INTENT_ADDS_SIGNAL (2025 unseen holdout, 4/4 promotion gates passed)",ARCHIVE_CONTEXT_ONLY_NOT_SCORING,False,SHADOW_INTENT_SIGNAL,False,False,False
924276,Roscommon,2026-07-06T16:38:00,Tullyveery Lad,3265169,R P Cody,0.087721,5,False,False,0,True,CHAMPION_INTENT_SHADOW,"INTENT_ADDS_SIGNAL (2025 unseen holdout, 4/4 promotion gates passed)",ARCHIVE_CONTEXT_ONLY_NOT_SCORING,False,SHADOW_INTENT_SIGNAL,False,False,False
924276,Roscommon,2026-07-06T16:38:00,Garnetot,6473511,Gordon Elliott,0.078105,6,False,True,0,True,CHAMPION_INTENT_SHADOW,"INTENT_ADDS_SIGNAL (2025 unseen holdout, 4/4 promotion gates passed)",ARCHIVE_CONTEXT_ONLY_NOT_SCORING,False,SHADOW_INTENT_SIGNAL,False,False,False
924276,Roscommon,2026-07-06T16:38:00,Live My Dream,7238166,Cian Collins,0.02347,7,False,False,0,True,CHAMPION_INTENT_SHADOW,"INTENT_ADDS_SIGNAL (2025 unseen holdout, 4/4 promotion gates passed)",ARCHIVE_CONTEXT_ONLY_NOT_SCORING,False,SHADOW_INTENT_SIGNAL,False,False,False
924276,Roscommon,2026-07-06T16:38:00,Bocelli's Voice,4129173,Dermot A McLoughlin,0.020601,8,False,True,5,True,CHAMPION_INTENT_SHADOW,"INTENT_ADDS_SIGNAL (2025 unseen holdout, 4/4 promotion gates passed)",ARCHIVE_CONTEXT_ONLY_NOT_SCORING,False,SHADOW_INTENT_SIGNAL,False,False,False
924390,Lingfield (AW),2026-07-06T16:50:00,Dyrholaey,5488158,Archie Watson,0.144691,1,True,True,0,True,CHAMPION_INTENT_SHADOW,"INTENT_ADDS_SIGNAL (2025 unseen holdout, 4/4 promotion gates passed)",ARCHIVE_CONTEXT_ONLY_NOT_SCORING,False,SHADOW_INTENT_SIGNAL,False,False,False
924390,Lingfield (AW),2026-07-06T16:50:00,Accrual,5937860,David Loughnane,0.121981,2,False,True,5,True,CHAMPION_INTENT_SHADOW,"INTENT_ADDS_SIGNAL (2025 unseen holdout, 4/4 promotion gates passed)",ARCHIVE_CONTEXT_ONLY_NOT_SCORING,False,SHADOW_INTENT_SIGNAL,False,False,False
924390,Lingfield (AW),2026-07-06T16:50:00,Almaty Star,4575818,Robert Cowell,0.121161,3,False,True,5,True,CHAMPION_INTENT_SHADOW,"INTENT_ADDS_SIGNAL (2025 unseen holdout, 4/4 promotion gates passed)",ARCHIVE_CONTEXT_ONLY_NOT_SCORING,False,SHADOW_INTENT_SIGNAL,False,False,False
924390,Lingfield (AW),2026-07-06T16:50:00,Temple Of Athena,7205093,Brian Ellison,0.115915,4,False,True,5,True,CHAMPION_INTENT_SHADOW,"INTENT_ADDS_SIGNAL (2025 unseen holdout, 4/4 promotion gates passed)",ARCHIVE_CONTEXT_ONLY_NOT_SCORING,False,SHADOW_INTENT_SIGNAL,False,False,False
924390,Lingfield (AW),2026-07-06T16:50:00,Solar Edge,6032411,Christopher Mason,0.107178,5,False,True,0,True,CHAMPION_INTENT_SHADOW,"INTENT_ADDS_SIGNAL (2025 unseen holdout, 4/4 promotion gates passed)",ARCHIVE_CONTEXT_ONLY_NOT_SCORING,False,SHADOW_INTENT_SIGNAL,False,False,False
924390,Lingfield (AW),2026-07-06T16:50:00,Ziggy's Missile,5262421,Robert Cowell,0.094438,6,False,True,0,True,CHAMPION_INTENT_SHADOW,"INTENT_ADDS_SIGNAL (2025 unseen holdout, 4/4 promotion gates passed)",ARCHIVE_CONTEXT_ONLY_NOT_SCORING,False,SHADOW_INTENT_SIGNAL,False,False,False
924390,Lingfield (AW),2026-07-06T16:50:00,Tan Rapido,5065574,Charlie Fellowes,0.087149,7,False,True,5,True,CHAMPION_INTENT_SHADOW,"INTENT_ADDS_SIGNAL (2025 unseen holdout, 4/4 promotion gates passed)",ARCHIVE_CONTEXT_ONLY_NOT_SCORING,False,SHADOW_INTENT_SIGNAL,False,False,False
924390,Lingfield (AW),2026-07-06T16:50:00,Mick's Spirit,3147782,Conrad Allen,0.054729,8,False,True,5,True,CHAMPION_INTENT_SHADOW,"INTENT_ADDS_SIGNAL (2025 unseen holdout, 4/4 promotion gates passed)",ARCHIVE_CONTEXT_ONLY_NOT_SCORING,False,SHADOW_INTENT_SIGNAL,False,False,False
924390,Lingfield (AW),2026-07-06T16:50:00,Nezeeh,5237784,Jim & Suzi Best,0.040745,9,False,True,30,True,CHAMPION_INTENT_SHADOW,"INTENT_ADDS_SIGNAL (2025 unseen holdout, 4/4 promotion gates passed)",ARCHIVE_CONTEXT_ONLY_NOT_SCORING,False,SHADOW_INTENT_SIGNAL,False,False,False
922299,Ayr,2026-07-06T17:00:00,Keep The Gold,6345372,Michael Dods,0.122937,1,True,True,5,True,CHAMPION_INTENT_SHADOW,"INTENT_ADDS_SIGNAL (2025 unseen holdout, 4/4 promotion gates passed)",ARCHIVE_CONTEXT_ONLY_NOT_SCORING,False,SHADOW_INTENT_SIGNAL,False,False,False
922299,Ayr,2026-07-06T17:00:00,White Ladder,7436373,John Ryan,0.095182,2,False,True,5,True,CHAMPION_INTENT_SHADOW,"INTENT_ADDS_SIGNAL (2025 unseen holdout, 4/4 promotion gates passed)",ARCHIVE_CONTEXT_ONLY_NOT_SCORING,False,SHADOW_INTENT_SIGNAL,False,False,False
922299,Ayr,2026-07-06T17:00:00,Maynora,7436362,Craig Lidster,0.075164,3,False,True,0,True,CHAMPION_INTENT_SHADOW,"INTENT_ADDS_SIGNAL (2025 unseen holdout, 4/4 promotion gates passed)",ARCHIVE_CONTEXT_ONLY_NOT_SCORING,False,SHADOW_INTENT_SIGNAL,False,False,False
922299,Ayr,2026-07-06T17:00:00,April Diamond,9083764,Iain Jardine,0.069838,4,False,True,0,True,CHAMPION_INTENT_SHADOW,"INTENT_ADDS_SIGNAL (2025 unseen holdout, 4/4 promotion gates passed)",ARCHIVE_CONTEXT_ONLY_NOT_SCORING,False,SHADOW_INTENT_SIGNAL,False,False,False
922299,Ayr,2026-07-06T17:00:00,Joshuas Dream,5900706,Jim Goldie,0.069279,5,False,True,0,True,CHAMPION_INTENT_SHADOW,"INTENT_ADDS_SIGNAL (2025 unseen holdout, 4/4 promotion gates passed)",ARCHIVE_CONTEXT_ONLY_NOT_SCORING,False,SHADOW_INTENT_SIGNAL,False,False,False
922299,Ayr,2026-07-06T17:00:00,Henery Hawk,3728987,Linda Perratt,0.068394,6,False,True,0,True,CHAMPION_INTENT_SHADOW,"INTENT_ADDS_SIGNAL (2025 unseen holdout, 4/4 promotion gates passed)",ARCHIVE_CONTEXT_ONLY_NOT_SCORING,False,SHADOW_INTENT_SIGNAL,False,False,False
922299,Ayr,2026-07-06T17:00:00,Ellie's de Vega,7488302,Noel Wilson,0.067384,7,False,True,0,True,CHAMPION_INTENT_SHADOW,"INTENT_ADDS_SIGNAL (2025 unseen holdout, 4/4 promotion gates passed)",ARCHIVE_CONTEXT_ONLY_NOT_SCORING,False,SHADOW_INTENT_SIGNAL,False,False,False
922299,Ayr,2026-07-06T17:00:00,Royal Duke,6014829,R Mike Smith,0.061505,8,False,True,5,True,CHAMPION_INTENT_SHADOW,"INTENT_ADDS_SIGNAL (2025 unseen holdout, 4/4 promotion gates passed)",ARCHIVE_CONTEXT_ONLY_NOT_SCORING,False,SHADOW_INTENT_SIGNAL,False,False,False
922299,Ayr,2026-07-06T17:00:00,Saxon Grace,7935085,Daragh Bourke,0.053524,9,False,True,5,True,CHAMPION_INTENT_SHADOW,"INTENT_ADDS_SIGNAL (2025 unseen holdout, 4/4 promotion gates passed)",ARCHIVE_CONTEXT_ONLY_NOT_SCORING,False,SHADOW_INTENT_SIGNAL,False,False,False
922299,Ayr,2026-07-06T17:00:00,So Grateful,3154619,Michael & David Easterby,0.046404,10,False,True,0,True,CHAMPION_INTENT_SHADOW,"INTENT_ADDS_SIGNAL (2025 unseen holdout, 4/4 promotion gates passed)",ARCHIVE_CONTEXT_ONLY_NOT_SCORING,False,SHADOW_INTENT_SIGNAL,False,False,False
922299,Ayr,2026-07-06T17:00:00,Baby Rover,6046805,Katie Scott,0.041181,11,False,True,5,True,CHAMPION_INTENT_SHADOW,"INTENT_ADDS_SIGNAL (2025 unseen holdout, 4/4 promotion gates passed)",ARCHIVE_CONTEXT_ONLY_NOT_SCORING,False,SHADOW_INTENT_SIGNAL,False,False,False
922299,Ayr,2026-07-06T17:00:00,Newyorkstateofmind,2698905,Ruth Carr,0.032305,12,False,True,0,True,CHAMPION_INTENT_SHADOW,"INTENT_ADDS_SIGNAL (2025 unseen holdout, 4/4 promotion gates passed)",ARCHIVE_CONTEXT_ONLY_NOT_SCORING,False,SHADOW_INTENT_SIGNAL,False,False,False
922299,Ayr,2026-07-06T17:00:00,Saxon Gem,7566112,Jim Goldie,0.020819,13,False,True,3,True,CHAMPION_INTENT_SHADOW,"INTENT_ADDS_SIGNAL (2025 unseen holdout, 4/4 promotion gates passed)",ARCHIVE_CONTEXT_ONLY_NOT_SCORING,False,SHADOW_INTENT_SIGNAL,False,False,False
924277,Roscommon,2026-07-06T17:13:00,Killowen House,8423306,Paul John Gilligan,0.107881,1,True,True,1,True,CHAMPION_INTENT_SHADOW,"INTENT_ADDS_SIGNAL (2025 unseen holdout, 4/4 promotion gates passed)",ARCHIVE_CONTEXT_ONLY_NOT_SCORING,False,SHADOW_INTENT_SIGNAL,False,False,False
924277,Roscommon,2026-07-06T17:13:00,Imarajan,5385901,Eoin Doyle,0.092708,2,False,True,5,True,CHAMPION_INTENT_SHADOW,"INTENT_ADDS_SIGNAL (2025 unseen holdout, 4/4 promotion gates passed)",ARCHIVE_CONTEXT_ONLY_NOT_SCORING,False,SHADOW_INTENT_SIGNAL,False,False,False
924277,Roscommon,2026-07-06T17:13:00,Frankie's Freebie,6609240,Adrian Sexton,0.0754,3,False,False,0,True,CHAMPION_INTENT_SHADOW,"INTENT_ADDS_SIGNAL (2025 unseen holdout, 4/4 promotion gates passed)",ARCHIVE_CONTEXT_ONLY_NOT_SCORING,False,SHADOW_INTENT_SIGNAL,False,False,False
924277,Roscommon,2026-07-06T17:13:00,Fuusland,9467490,Gordon Elliott,0.074441,4,False,False,0,True,CHAMPION_INTENT_SHADOW,"INTENT_ADDS_SIGNAL (2025 unseen holdout, 4/4 promotion gates passed)",ARCHIVE_CONTEXT_ONLY_NOT_SCORING,False,SHADOW_INTENT_SIGNAL,False,False,False
924277,Roscommon,2026-07-06T17:13:00,Little Big John,7238190,Maike Magnussen,0.074441,5,False,False,0,True,CHAMPION_INTENT_SHADOW,"INTENT_ADDS_SIGNAL (2025 unseen holdout, 4/4 promotion gates passed)",ARCHIVE_CONTEXT_ONLY_NOT_SCORING,False,SHADOW_INTENT_SIGNAL,False,False,False
924277,Roscommon,2026-07-06T17:13:00,Casper Charlie,9184999,Una Corcoran,0.074441,6,False,False,0,True,CHAMPION_INTENT_SHADOW,"INTENT_ADDS_SIGNAL (2025 unseen holdout, 4/4 promotion gates passed)",ARCHIVE_CONTEXT_ONLY_NOT_SCORING,False,SHADOW_INTENT_SIGNAL,False,False,False
924277,Roscommon,2026-07-06T17:13:00,Blue Nude,9162170,P J Rothwell,0.071089,7,False,False,0,True,CHAMPION_INTENT_SHADOW,"INTENT_ADDS_SIGNAL (2025 unseen holdout, 4/4 promotion gates passed)",ARCHIVE_CONTEXT_ONLY_NOT_SCORING,False,SHADOW_INTENT_SIGNAL,False,False,False
924277,Roscommon,2026-07-06T17:13:00,Go To The Moon,7169785,Mark Michael McNiff,0.067276,8,False,True,0,True,CHAMPION_INTENT_SHADOW,"INTENT_ADDS_SIGNAL (2025 unseen holdout, 4/4 promotion gates passed)",ARCHIVE_CONTEXT_ONLY_NOT_SCORING,False,SHADOW_INTENT_SIGNAL,False,False,False
924277,Roscommon,2026-07-06T17:13:00,Sea Feliz,9115726,W P Mullins,0.066543,9,False,False,0,True,CHAMPION_INTENT_SHADOW,"INTENT_ADDS_SIGNAL (2025 unseen holdout, 4/4 promotion gates passed)",ARCHIVE_CONTEXT_ONLY_NOT_SCORING,False,SHADOW_INTENT_SIGNAL,False,False,False
924277,Roscommon,2026-07-06T17:13:00,Midnight Musical,7365435,Anthony McCann,0.066543,10,False,False,0,True,CHAMPION_INTENT_SHADOW,"INTENT_ADDS_SIGNAL (2025 unseen holdout, 4/4 promotion gates passed)",ARCHIVE_CONTEXT_ONLY_NOT_SCORING,False,SHADOW_INTENT_SIGNAL,False,False,False
924277,Roscommon,2026-07-06T17:13:00,Online Order,9295541,Liam P Cusack,0.066543,11,False,False,0,True,CHAMPION_INTENT_SHADOW,"INTENT_ADDS_SIGNAL (2025 unseen holdout, 4/4 promotion gates passed)",ARCHIVE_CONTEXT_ONLY_NOT_SCORING,False,SHADOW_INTENT_SIGNAL,False,False,False
924277,Roscommon,2026-07-06T17:13:00,Take The Free,9051081,E Bolger,0.060703,12,False,True,0,True,CHAMPION_INTENT_SHADOW,"INTENT_ADDS_SIGNAL (2025 unseen holdout, 4/4 promotion gates passed)",ARCHIVE_CONTEXT_ONLY_NOT_SCORING,False,SHADOW_INTENT_SIGNAL,False,False,False
924277,Roscommon,2026-07-06T17:13:00,Acheron,6238228,John Joseph Hanlon,0.060295,13,False,True,0,True,CHAMPION_INTENT_SHADOW,"INTENT_ADDS_SIGNAL (2025 unseen holdout, 4/4 promotion gates passed)",ARCHIVE_CONTEXT_ONLY_NOT_SCORING,False,SHADOW_INTENT_SIGNAL,False,False,False
924277,Roscommon,2026-07-06T17:13:00,Cooladdi,7466747,Conor David Maxwell,0.047711,14,False,False,0,True,CHAMPION_INTENT_SHADOW,"INTENT_ADDS_SIGNAL (2025 unseen holdout, 4/4 promotion gates passed)",ARCHIVE_CONTEXT_ONLY_NOT_SCORING,False,SHADOW_INTENT_SIGNAL,False,False,False
924277,Roscommon,2026-07-06T17:13:00,Lilac Lady,4471481,Mark Michael McNiff,0.044043,15,False,True,5,True,CHAMPION_INTENT_SHADOW,"INTENT_ADDS_SIGNAL (2025 unseen holdout, 4/4 promotion gates passed)",ARCHIVE_CONTEXT_ONLY_NOT_SCORING,False,SHADOW_INTENT_SIGNAL,False,False,False
922458,Lingfield (AW),2026-07-06T17:20:00,West Byfleet,9115633,Jack Channon,0.093749,1,True,True,0,True,CHAMPION_INTENT_SHADOW,"INTENT_ADDS_SIGNAL (2025 unseen holdout, 4/4 promotion gates passed)",ARCHIVE_CONTEXT_ONLY_NOT_SCORING,False,SHADOW_INTENT_SIGNAL,False,False,False
922458,Lingfield (AW),2026-07-06T17:20:00,Rogue Defence,9153303,Jack Jones,0.086153,2,False,True,2,True,CHAMPION_INTENT_SHADOW,"INTENT_ADDS_SIGNAL (2025 unseen holdout, 4/4 promotion gates passed)",ARCHIVE_CONTEXT_ONLY_NOT_SCORING,False,SHADOW_INTENT_SIGNAL,False,False,False
922458,Lingfield (AW),2026-07-06T17:20:00,Nothing But Love,9344939,Dr Jon Scargill,0.083818,3,False,True,0,True,CHAMPION_INTENT_SHADOW,"INTENT_ADDS_SIGNAL (2025 unseen holdout, 4/4 promotion gates passed)",ARCHIVE_CONTEXT_ONLY_NOT_SCORING,False,SHADOW_INTENT_SIGNAL,False,False,False
922458,Lingfield (AW),2026-07-06T17:20:00,Lady Of Chivalry,7643459,Patrick Chamings,0.081051,4,False,True,0,True,CHAMPION_INTENT_SHADOW,"INTENT_ADDS_SIGNAL (2025 unseen holdout, 4/4 promotion gates passed)",ARCHIVE_CONTEXT_ONLY_NOT_SCORING,False,SHADOW_INTENT_SIGNAL,False,False,False
922458,Lingfield (AW),2026-07-06T17:20:00,Mythological Star,8313782,Daniel & Claire Kubler,0.081031,5,False,True,0,True,CHAMPION_INTENT_SHADOW,"INTENT_ADDS_SIGNAL (2025 unseen holdout, 4/4 promotion gates passed)",ARCHIVE_CONTEXT_ONLY_NOT_SCORING,False,SHADOW_INTENT_SIGNAL,False,False,False
922458,Lingfield (AW),2026-07-06T17:20:00,Seigneur,9490312,James Fanshawe,0.079992,6,False,False,0,True,CHAMPION_INTENT_SHADOW,"INTENT_ADDS_SIGNAL (2025 unseen holdout, 4/4 promotion gates passed)",ARCHIVE_CONTEXT_ONLY_NOT_SCORING,False,SHADOW_INTENT_SIGNAL,False,False,False
922458,Lingfield (AW),2026-07-06T17:20:00,Ingemar,8144060,Brian Meehan,0.075399,7,False,True,0,True,CHAMPION_INTENT_SHADOW,"INTENT_ADDS_SIGNAL (2025 unseen holdout, 4/4 promotion gates passed)",ARCHIVE_CONTEXT_ONLY_NOT_SCORING,False,SHADOW_INTENT_SIGNAL,False,False,False
922458,Lingfield (AW),2026-07-06T17:20:00,Legally Bay,9490313,Jack Morland,0.073727,8,False,False,0,True,CHAMPION_INTENT_SHADOW,"INTENT_ADDS_SIGNAL (2025 unseen holdout, 4/4 promotion gates passed)",ARCHIVE_CONTEXT_ONLY_NOT_SCORING,False,SHADOW_INTENT_SIGNAL,False,False,False
922458,Lingfield (AW),2026-07-06T17:20:00,Cherringham,9317830,Roger Varian,0.073649,9,False,True,0,True,CHAMPION_INTENT_SHADOW,"INTENT_ADDS_SIGNAL (2025 unseen holdout, 4/4 promotion gates passed)",ARCHIVE_CONTEXT_ONLY_NOT_SCORING,False,SHADOW_INTENT_SIGNAL,False,False,False
922458,Lingfield (AW),2026-07-06T17:20:00,Fiefdom,9254385,S Woods,0.072192,10,False,True,0,True,CHAMPION_INTENT_SHADOW,"INTENT_ADDS_SIGNAL (2025 unseen holdout, 4/4 promotion gates passed)",ARCHIVE_CONTEXT_ONLY_NOT_SCORING,False,SHADOW_INTENT_SIGNAL,False,False,False
922458,Lingfield (AW),2026-07-06T17:20:00,Ivat Ghia,8821448,Mark Usher,0.067539,11,False,True,0,True,CHAMPION_INTENT_SHADOW,"INTENT_ADDS_SIGNAL (2025 unseen holdout, 4/4 promotion gates passed)",ARCHIVE_CONTEXT_ONLY_NOT_SCORING,False,SHADOW_INTENT_SIGNAL,False,False,False
922458,Lingfield (AW),2026-07-06T17:20:00,Santiago Boy,9088392,Charles Hills,0.04314,12,False,True,2,True,CHAMPION_INTENT_SHADOW,"INTENT_ADDS_SIGNAL (2025 unseen holdout, 4/4 promotion gates passed)",ARCHIVE_CONTEXT_ONLY_NOT_SCORING,False,SHADOW_INTENT_SIGNAL,False,False,False
922297,Ayr,2026-07-06T17:30:00,This Rib,8137392,David Loughnane,0.099213,1,True,True,0,True,CHAMPION_INTENT_SHADOW,"INTENT_ADDS_SIGNAL (2025 unseen holdout, 4/4 promotion gates passed)",ARCHIVE_CONTEXT_ONLY_NOT_SCORING,False,SHADOW_INTENT_SIGNAL,False,False,False
922297,Ayr,2026-07-06T17:30:00,Annandale,2951757,Jim Goldie,0.089182,2,False,True,5,True,CHAMPION_INTENT_SHADOW,"INTENT_ADDS_SIGNAL (2025 unseen holdout, 4/4 promotion gates passed)",ARCHIVE_CONTEXT_ONLY_NOT_SCORING,False,SHADOW_INTENT_SIGNAL,False,False,False
922297,Ayr,2026-07-06T17:30:00,Elemental Eye,4924589,Iain Jardine,0.086875,3,False,True,5,True,CHAMPION_INTENT_SHADOW,"INTENT_ADDS_SIGNAL (2025 unseen holdout, 4/4 promotion gates passed)",ARCHIVE_CONTEXT_ONLY_NOT_SCORING,False,SHADOW_INTENT_SIGNAL,False,False,False
922297,Ayr,2026-07-06T17:30:00,La Tosca,8982335,Charlie Johnston,0.084779,4,False,True,3,True,CHAMPION_INTENT_SHADOW,"INTENT_ADDS_SIGNAL (2025 unseen holdout, 4/4 promotion gates passed)",ARCHIVE_CONTEXT_ONLY_NOT_SCORING,False,SHADOW_INTENT_SIGNAL,False,False,False
922297,Ayr,2026-07-06T17:30:00,Idyllic,5403096,Wilf Storey,0.078096,5,False,True,5,True,CHAMPION_INTENT_SHADOW,"INTENT_ADDS_SIGNAL (2025 unseen holdout, 4/4 promotion gates passed)",ARCHIVE_CONTEXT_ONLY_NOT_SCORING,False,SHADOW_INTENT_SIGNAL,False,False,False
922297,Ayr,2026-07-06T17:30:00,Galahad Threepwood,3049001,Ewan Whillans,0.065629,6,False,True,0,True,CHAMPION_INTENT_SHADOW,"INTENT_ADDS_SIGNAL (2025 unseen holdout, 4/4 promotion gates passed)",ARCHIVE_CONTEXT_ONLY_NOT_SCORING,False,SHADOW_INTENT_SIGNAL,False,False,False
922297,Ayr,2026-07-06T17:30:00,Is She Now,5311224,Daragh Bourke,0.064862,7,False,True,0,True,CHAMPION_INTENT_SHADOW,"INTENT_ADDS_SIGNAL (2025 unseen holdout, 4/4 promotion gates passed)",ARCHIVE_CONTEXT_ONLY_NOT_SCORING,False,SHADOW_INTENT_SIGNAL,False,False,False
922297,Ayr,2026-07-06T17:30:00,Aighear,4211312,Jim Goldie,0.05841,8,False,True,0,True,CHAMPION_INTENT_SHADOW,"INTENT_ADDS_SIGNAL (2025 unseen holdout, 4/4 promotion gates passed)",ARCHIVE_CONTEXT_ONLY_NOT_SCORING,False,SHADOW_INTENT_SIGNAL,False,False,False
922297,Ayr,2026-07-06T17:30:00,Ebony Maw,2863059,Ewan Whillans,0.05394,9,False,True,0,True,CHAMPION_INTENT_SHADOW,"INTENT_ADDS_SIGNAL (2025 unseen holdout, 4/4 promotion gates passed)",ARCHIVE_CONTEXT_ONLY_NOT_SCORING,False,SHADOW_INTENT_SIGNAL,False,False,False
924278,Roscommon,2026-07-06T17:48:00,Firebrand,5405222,John J Nallen,0.077152,1,True,False,0,True,CHAMPION_INTENT_SHADOW,"INTENT_ADDS_SIGNAL (2025 unseen holdout, 4/4 promotion gates passed)",ARCHIVE_CONTEXT_ONLY_NOT_SCORING,False,SHADOW_INTENT_SIGNAL,False,False,False
924278,Roscommon,2026-07-06T17:48:00,Cocofred,8455156,Henry De Bromhead,0.074441,2,False,False,0,True,CHAMPION_INTENT_SHADOW,"INTENT_ADDS_SIGNAL (2025 unseen holdout, 4/4 promotion gates passed)",ARCHIVE_CONTEXT_ONLY_NOT_SCORING,False,SHADOW_INTENT_SIGNAL,False,False,False
924278,Roscommon,2026-07-06T17:48:00,Lengaruka,9254259,Mrs Lorna Fowler,0.074441,3,False,False,0,True,CHAMPION_INTENT_SHADOW,"INTENT_ADDS_SIGNAL (2025 unseen holdout, 4/4 promotion gates passed)",ARCHIVE_CONTEXT_ONLY_NOT_SCORING,False,SHADOW_INTENT_SIGNAL,False,False,False
924278,Roscommon,2026-07-06T17:48:00,Glengarriff,5019603,Patrick Downey,0.074441,4,False,False,0,True,CHAMPION_INTENT_SHADOW,"INTENT_ADDS_SIGNAL (2025 unseen holdout, 4/4 promotion gates passed)",ARCHIVE_CONTEXT_ONLY_NOT_SCORING,False,SHADOW_INTENT_SIGNAL,False,False,False
924278,Roscommon,2026-07-06T17:48:00,Tellyouwhat,9254263,Edward P Mitchell,0.074398,5,False,True,0,True,CHAMPION_INTENT_SHADOW,"INTENT_ADDS_SIGNAL (2025 unseen holdout, 4/4 promotion gates passed)",ARCHIVE_CONTEXT_ONLY_NOT_SCORING,False,SHADOW_INTENT_SIGNAL,False,False,False
924278,Roscommon,2026-07-06T17:48:00,Sunny Dude,5248375,D Buckley,0.072831,6,False,True,5,True,CHAMPION_INTENT_SHADOW,"INTENT_ADDS_SIGNAL (2025 unseen holdout, 4/4 promotion gates passed)",ARCHIVE_CONTEXT_ONLY_NOT_SCORING,False,SHADOW_INTENT_SIGNAL,False,False,False
924278,Roscommon,2026-07-06T17:48:00,Finjimk,9055606,Peter John Flood,0.068818,7,False,True,0,True,CHAMPION_INTENT_SHADOW,"INTENT_ADDS_SIGNAL (2025 unseen holdout, 4/4 promotion gates passed)",ARCHIVE_CONTEXT_ONLY_NOT_SCORING,False,SHADOW_INTENT_SIGNAL,False,False,False
924278,Roscommon,2026-07-06T17:48:00,Game Point,6604817,R P Cody,0.067946,8,False,False,0,True,CHAMPION_INTENT_SHADOW,"INTENT_ADDS_SIGNAL (2025 unseen holdout, 4/4 promotion gates passed)",ARCHIVE_CONTEXT_ONLY_NOT_SCORING,False,SHADOW_INTENT_SIGNAL,False,False,False
924278,Roscommon,2026-07-06T17:48:00,Ozark's Walk,7441036,Riceal Dunne,0.067844,9,False,False,0,True,CHAMPION_INTENT_SHADOW,"INTENT_ADDS_SIGNAL (2025 unseen holdout, 4/4 promotion gates passed)",ARCHIVE_CONTEXT_ONLY_NOT_SCORING,False,SHADOW_INTENT_SIGNAL,False,False,False
924278,Roscommon,2026-07-06T17:48:00,Dadou Part Two,8949336,P J Rothwell,0.067399,10,False,True,0,True,CHAMPION_INTENT_SHADOW,"INTENT_ADDS_SIGNAL (2025 unseen holdout, 4/4 promotion gates passed)",ARCHIVE_CONTEXT_ONLY_NOT_SCORING,False,SHADOW_INTENT_SIGNAL,False,False,False
924278,Roscommon,2026-07-06T17:48:00,How's Ellie,8299982,W P Mullins,0.066747,11,False,True,0,True,CHAMPION_INTENT_SHADOW,"INTENT_ADDS_SIGNAL (2025 unseen holdout, 4/4 promotion gates passed)",ARCHIVE_CONTEXT_ONLY_NOT_SCORING,False,SHADOW_INTENT_SIGNAL,False,False,False
924278,Roscommon,2026-07-06T17:48:00,Luker's Tipple,6514086,Gavin Cromwell,0.066567,12,False,False,0,True,CHAMPION_INTENT_SHADOW,"INTENT_ADDS_SIGNAL (2025 unseen holdout, 4/4 promotion gates passed)",ARCHIVE_CONTEXT_ONLY_NOT_SCORING,False,SHADOW_INTENT_SIGNAL,False,False,False
924278,Roscommon,2026-07-06T17:48:00,Pretty Wild,9295539,E Bolger,0.066543,13,False,False,0,True,CHAMPION_INTENT_SHADOW,"INTENT_ADDS_SIGNAL (2025 unseen holdout, 4/4 promotion gates passed)",ARCHIVE_CONTEXT_ONLY_NOT_SCORING,False,SHADOW_INTENT_SIGNAL,False,False,False
924278,Roscommon,2026-07-06T17:48:00,Poetic Parable,9494772,Ross O'Sullivan,0.066543,14,False,False,0,True,CHAMPION_INTENT_SHADOW,"INTENT_ADDS_SIGNAL (2025 unseen holdout, 4/4 promotion gates passed)",ARCHIVE_CONTEXT_ONLY_NOT_SCORING,False,SHADOW_INTENT_SIGNAL,False,False,False
924278,Roscommon,2026-07-06T17:48:00,Astelia,3862918,Peter Fahey,0.041857,15,False,True,5,True,CHAMPION_INTENT_SHADOW,"INTENT_ADDS_SIGNAL (2025 unseen holdout, 4/4 promotion gates passed)",ARCHIVE_CONTEXT_ONLY_NOT_SCORING,False,SHADOW_INTENT_SIGNAL,False,False,False
922461,Lingfield (AW),2026-07-06T17:55:00,Athenian Spirit,7436393,William Knight,0.140163,1,True,True,5,True,CHAMPION_INTENT_SHADOW,"INTENT_ADDS_SIGNAL (2025 unseen holdout, 4/4 promotion gates passed)",ARCHIVE_CONTEXT_ONLY_NOT_SCORING,False,SHADOW_INTENT_SIGNAL,False,False,False
922461,Lingfield (AW),2026-07-06T17:55:00,Fallacious Promise,8304795,John Butler,0.117639,2,False,True,5,True,CHAMPION_INTENT_SHADOW,"INTENT_ADDS_SIGNAL (2025 unseen holdout, 4/4 promotion gates passed)",ARCHIVE_CONTEXT_ONLY_NOT_SCORING,False,SHADOW_INTENT_SIGNAL,False,False,False
922461,Lingfield (AW),2026-07-06T17:55:00,Whazzimo,9088384,James Ferguson,0.104075,3,False,True,0,True,CHAMPION_INTENT_SHADOW,"INTENT_ADDS_SIGNAL (2025 unseen holdout, 4/4 promotion gates passed)",ARCHIVE_CONTEXT_ONLY_NOT_SCORING,False,SHADOW_INTENT_SIGNAL,False,False,False
922461,Lingfield (AW),2026-07-06T17:55:00,Wild Rosie,7970713,Chris Dwyer,0.097263,4,False,True,0,True,CHAMPION_INTENT_SHADOW,"INTENT_ADDS_SIGNAL (2025 unseen holdout, 4/4 promotion gates passed)",ARCHIVE_CONTEXT_ONLY_NOT_SCORING,False,SHADOW_INTENT_SIGNAL,False,False,False
922461,Lingfield (AW),2026-07-06T17:55:00,Action Reaction,7529960,George Boughey,0.090137,5,False,True,5,True,CHAMPION_INTENT_SHADOW,"INTENT_ADDS_SIGNAL (2025 unseen holdout, 4/4 promotion gates passed)",ARCHIVE_CONTEXT_ONLY_NOT_SCORING,False,SHADOW_INTENT_SIGNAL,False,False,False
922461,Lingfield (AW),2026-07-06T17:55:00,Ernie McCrew,9153304,J S Moore,0.070625,6,False,True,2,True,CHAMPION_INTENT_SHADOW,"INTENT_ADDS_SIGNAL (2025 unseen holdout, 4/4 promotion gates passed)",ARCHIVE_CONTEXT_ONLY_NOT_SCORING,False,SHADOW_INTENT_SIGNAL,False,False,False
922461,Lingfield (AW),2026-07-06T17:55:00,Laurasia,7686995,Laura Mongan,0.05613,7,False,True,3,True,CHAMPION_INTENT_SHADOW,"INTENT_ADDS_SIGNAL (2025 unseen holdout, 4/4 promotion gates passed)",ARCHIVE_CONTEXT_ONLY_NOT_SCORING,False,SHADOW_INTENT_SIGNAL,False,False,False
922461,Lingfield (AW),2026-07-06T17:55:00,Moravian,9115732,Gary & Josh Moore,0.024937,8,False,True,2,True,CHAMPION_INTENT_SHADOW,"INTENT_ADDS_SIGNAL (2025 unseen holdout, 4/4 promotion gates passed)",ARCHIVE_CONTEXT_ONLY_NOT_SCORING,False,SHADOW_INTENT_SIGNAL,False,False,False
922461,Lingfield (AW),2026-07-06T17:55:00,Ruiz,7935099,Simon Dow,0.01497,9,False,True,3,True,CHAMPION_INTENT_SHADOW,"INTENT_ADDS_SIGNAL (2025 unseen holdout, 4/4 promotion gates passed)",ARCHIVE_CONTEXT_ONLY_NOT_SCORING,False,SHADOW_INTENT_SIGNAL,False,False,False
922461,Lingfield (AW),2026-07-06T17:55:00,Henfield,7484075,Karen Jewell,0.01249,10,False,True,3,True,CHAMPION_INTENT_SHADOW,"INTENT_ADDS_SIGNAL (2025 unseen holdout, 4/4 promotion gates passed)",ARCHIVE_CONTEXT_ONLY_NOT_SCORING,False,SHADOW_INTENT_SIGNAL,False,False,False
922305,Ripon,2026-07-06T18:09:00,Sovereign Grace,9350220,K R Burke,0.07296,1,True,True,0,True,CHAMPION_INTENT_SHADOW,"INTENT_ADDS_SIGNAL (2025 unseen holdout, 4/4 promotion gates passed)",ARCHIVE_CONTEXT_ONLY_NOT_SCORING,False,SHADOW_INTENT_SIGNAL,False,False,False
922305,Ripon,2026-07-06T18:09:00,Turbo Shandy,9377491,Ivan Furtado,0.072885,2,False,False,0,True,CHAMPION_INTENT_SHADOW,"INTENT_ADDS_SIGNAL (2025 unseen holdout, 4/4 promotion gates passed)",ARCHIVE_CONTEXT_ONLY_NOT_SCORING,False,SHADOW_INTENT_SIGNAL,False,False,False
922305,Ripon,2026-07-06T18:09:00,Halcon,9331770,Tim Easterby,0.071352,3,False,True,0,True,CHAMPION_INTENT_SHADOW,"INTENT_ADDS_SIGNAL (2025 unseen holdout, 4/4 promotion gates passed)",ARCHIVE_CONTEXT_ONLY_NOT_SCORING,False,SHADOW_INTENT_SIGNAL,False,False,False
922305,Ripon,2026-07-06T18:09:00,Lady Rosalind,8688670,William Haggas,0.071214,4,False,True,0,True,CHAMPION_INTENT_SHADOW,"INTENT_ADDS_SIGNAL (2025 unseen holdout, 4/4 promotion gates passed)",ARCHIVE_CONTEXT_ONLY_NOT_SCORING,False,SHADOW_INTENT_SIGNAL,False,False,False
922305,Ripon,2026-07-06T18:09:00,Celita Star,9429283,Alan Brown,0.070099,5,False,True,0,True,CHAMPION_INTENT_SHADOW,"INTENT_ADDS_SIGNAL (2025 unseen holdout, 4/4 promotion gates passed)",ARCHIVE_CONTEXT_ONLY_NOT_SCORING,False,SHADOW_INTENT_SIGNAL,False,False,False
922305,Ripon,2026-07-06T18:09:00,Spark In The Coal,9184991,Ollie Pears,0.069735,6,False,True,0,True,CHAMPION_INTENT_SHADOW,"INTENT_ADDS_SIGNAL (2025 unseen holdout, 4/4 promotion gates passed)",ARCHIVE_CONTEXT_ONLY_NOT_SCORING,False,SHADOW_INTENT_SIGNAL,False,False,False
922305,Ripon,2026-07-06T18:09:00,Travellers Girl,9396323,Roger Fell,0.069134,7,False,True,0,True,CHAMPION_INTENT_SHADOW,"INTENT_ADDS_SIGNAL (2025 unseen holdout, 4/4 promotion gates passed)",ARCHIVE_CONTEXT_ONLY_NOT_SCORING,False,SHADOW_INTENT_SIGNAL,False,False,False
922305,Ripon,2026-07-06T18:09:00,Texting,9419807,Ivan Furtado,0.068935,8,False,False,0,True,CHAMPION_INTENT_SHADOW,"INTENT_ADDS_SIGNAL (2025 unseen holdout, 4/4 promotion gates passed)",ARCHIVE_CONTEXT_ONLY_NOT_SCORING,False,SHADOW_INTENT_SIGNAL,False,False,False
922305,Ripon,2026-07-06T18:09:00,Eleven Eighty Two,9290873,Ben Haslam,0.067639,9,False,True,0,True,CHAMPION_INTENT_SHADOW,"INTENT_ADDS_SIGNAL (2025 unseen holdout, 4/4 promotion gates passed)",ARCHIVE_CONTEXT_ONLY_NOT_SCORING,False,SHADOW_INTENT_SIGNAL,False,False,False
922305,Ripon,2026-07-06T18:09:00,Sweet Iris,9222248,Richard & Peter Fahey,0.065127,10,False,False,0,True,CHAMPION_INTENT_SHADOW,"INTENT_ADDS_SIGNAL (2025 unseen holdout, 4/4 promotion gates passed)",ARCHIVE_CONTEXT_ONLY_NOT_SCORING,False,SHADOW_INTENT_SIGNAL,False,False,False
922305,Ripon,2026-07-06T18:09:00,Thunder Filly,9490327,Richard & Peter Fahey,0.065127,11,False,False,0,True,CHAMPION_INTENT_SHADOW,"INTENT_ADDS_SIGNAL (2025 unseen holdout, 4/4 promotion gates passed)",ARCHIVE_CONTEXT_ONLY_NOT_SCORING,False,SHADOW_INTENT_SIGNAL,False,False,False
922305,Ripon,2026-07-06T18:09:00,Spirit Of Lyra,9490325,William Knight,0.061927,12,False,False,0,True,CHAMPION_INTENT_SHADOW,"INTENT_ADDS_SIGNAL (2025 unseen holdout, 4/4 promotion gates passed)",ARCHIVE_CONTEXT_ONLY_NOT_SCORING,False,SHADOW_INTENT_SIGNAL,False,False,False
922305,Ripon,2026-07-06T18:09:00,Wells Fargo Stage,9153196,Tim Easterby,0.06014,13,False,True,1,True,CHAMPION_INTENT_SHADOW,"INTENT_ADDS_SIGNAL (2025 unseen holdout, 4/4 promotion gates passed)",ARCHIVE_CONTEXT_ONLY_NOT_SCORING,False,SHADOW_INTENT_SIGNAL,False,False,False
924387,Roscommon,2026-07-06T18:18:00,Manoir De Mirande,8344456,Gordon Elliott,0.120108,1,True,True,5,True,CHAMPION_INTENT_SHADOW,"INTENT_ADDS_SIGNAL (2025 unseen holdout, 4/4 promotion gates passed)",ARCHIVE_CONTEXT_ONLY_NOT_SCORING,False,SHADOW_INTENT_SIGNAL,False,False,False
924387,Roscommon,2026-07-06T18:18:00,Carrig Padraig,5881683,Gavin Cromwell,0.083297,2,False,False,0,True,CHAMPION_INTENT_SHADOW,"INTENT_ADDS_SIGNAL (2025 unseen holdout, 4/4 promotion gates passed)",ARCHIVE_CONTEXT_ONLY_NOT_SCORING,False,SHADOW_INTENT_SIGNAL,False,False,False
924387,Roscommon,2026-07-06T18:18:00,World As One,7347771,W P Mullins,0.076863,3,False,False,0,True,CHAMPION_INTENT_SHADOW,"INTENT_ADDS_SIGNAL (2025 unseen holdout, 4/4 promotion gates passed)",ARCHIVE_CONTEXT_ONLY_NOT_SCORING,False,SHADOW_INTENT_SIGNAL,False,False,False
924387,Roscommon,2026-07-06T18:18:00,Sestini,7669942,Brian M McMahon,0.076863,4,False,False,0,True,CHAMPION_INTENT_SHADOW,"INTENT_ADDS_SIGNAL (2025 unseen holdout, 4/4 promotion gates passed)",ARCHIVE_CONTEXT_ONLY_NOT_SCORING,False,SHADOW_INTENT_SIGNAL,False,False,False
924387,Roscommon,2026-07-06T18:18:00,Il Pirata,7525364,Mrs Lorna Fowler,0.076863,5,False,False,0,True,CHAMPION_INTENT_SHADOW,"INTENT_ADDS_SIGNAL (2025 unseen holdout, 4/4 promotion gates passed)",ARCHIVE_CONTEXT_ONLY_NOT_SCORING,False,SHADOW_INTENT_SIGNAL,False,False,False
924387,Roscommon,2026-07-06T18:18:00,Jodoro,7471129,Dermot A McLoughlin,0.076863,6,False,False,0,True,CHAMPION_INTENT_SHADOW,"INTENT_ADDS_SIGNAL (2025 unseen holdout, 4/4 promotion gates passed)",ARCHIVE_CONTEXT_ONLY_NOT_SCORING,False,SHADOW_INTENT_SIGNAL,False,False,False
924387,Roscommon,2026-07-06T18:18:00,Ol Parson,8753800,Maike Magnussen,0.076863,7,False,False,0,True,CHAMPION_INTENT_SHADOW,"INTENT_ADDS_SIGNAL (2025 unseen holdout, 4/4 promotion gates passed)",ARCHIVE_CONTEXT_ONLY_NOT_SCORING,False,SHADOW_INTENT_SIGNAL,False,False,False
924387,Roscommon,2026-07-06T18:18:00,Home By The Sea,8565921,P A Fahy,0.0694,8,False,False,0,True,CHAMPION_INTENT_SHADOW,"INTENT_ADDS_SIGNAL (2025 unseen holdout, 4/4 promotion gates passed)",ARCHIVE_CONTEXT_ONLY_NOT_SCORING,False,SHADOW_INTENT_SIGNAL,False,False,False
924387,Roscommon,2026-07-06T18:18:00,Minella Moon Shine,5884305,John J Nallen,0.06882,9,False,True,0,True,CHAMPION_INTENT_SHADOW,"INTENT_ADDS_SIGNAL (2025 unseen holdout, 4/4 promotion gates passed)",ARCHIVE_CONTEXT_ONLY_NOT_SCORING,False,SHADOW_INTENT_SIGNAL,False,False,False
924387,Roscommon,2026-07-06T18:18:00,Neat As A Pin,9354990,E Bolger,0.068727,10,False,False,0,True,CHAMPION_INTENT_SHADOW,"INTENT_ADDS_SIGNAL (2025 unseen holdout, 4/4 promotion gates passed)",ARCHIVE_CONTEXT_ONLY_NOT_SCORING,False,SHADOW_INTENT_SIGNAL,False,False,False
924387,Roscommon,2026-07-06T18:18:00,Like An Ocean,9490304,Adrian Sexton,0.068727,11,False,False,0,True,CHAMPION_INTENT_SHADOW,"INTENT_ADDS_SIGNAL (2025 unseen holdout, 4/4 promotion gates passed)",ARCHIVE_CONTEXT_ONLY_NOT_SCORING,False,SHADOW_INTENT_SIGNAL,False,False,False
924387,Roscommon,2026-07-06T18:18:00,Humble Berkshire,9295537,Paul John Gilligan,0.068727,12,False,False,0,True,CHAMPION_INTENT_SHADOW,"INTENT_ADDS_SIGNAL (2025 unseen holdout, 4/4 promotion gates passed)",ARCHIVE_CONTEXT_ONLY_NOT_SCORING,False,SHADOW_INTENT_SIGNAL,False,False,False
924387,Roscommon,2026-07-06T18:18:00,Saviour Blu,7935077,M Flannery,0.062476,13,False,False,0,True,CHAMPION_INTENT_SHADOW,"INTENT_ADDS_SIGNAL (2025 unseen holdout, 4/4 promotion gates passed)",ARCHIVE_CONTEXT_ONLY_NOT_SCORING,False,SHADOW_INTENT_SIGNAL,False,False,False
924387,Roscommon,2026-07-06T18:18:00,It's Time To Leave,9227243,Thomas R Hughes,0.058924,14,False,True,1,True,CHAMPION_INTENT_SHADOW,"INTENT_ADDS_SIGNAL (2025 unseen holdout, 4/4 promotion gates passed)",ARCHIVE_CONTEXT_ONLY_NOT_SCORING,False,SHADOW_INTENT_SIGNAL,False,False,False
924398,Lingfield (AW) (GB),2026-07-06T18:25:00,Ghayah (Fr),9472161,Mr Philip Collington,0.181077,1,True,False,0,True,CHAMPION_INTENT_SHADOW,"INTENT_ADDS_SIGNAL (2025 unseen holdout, 4/4 promotion gates passed)",ARCHIVE_CONTEXT_ONLY_NOT_SCORING,False,SHADOW_INTENT_SIGNAL,False,False,False
924398,Lingfield (AW) (GB),2026-07-06T18:25:00,Ashj'Aa (Gb),9512284,Mr Philip Collington,0.179216,2,False,False,0,True,CHAMPION_INTENT_SHADOW,"INTENT_ADDS_SIGNAL (2025 unseen holdout, 4/4 promotion gates passed)",ARCHIVE_CONTEXT_ONLY_NOT_SCORING,False,SHADOW_INTENT_SIGNAL,False,False,False
924398,Lingfield (AW) (GB),2026-07-06T18:25:00,Jeewan (GB),3209584,Barry Brennan,0.172949,3,False,False,0,True,CHAMPION_INTENT_SHADOW,"INTENT_ADDS_SIGNAL (2025 unseen holdout, 4/4 promotion gates passed)",ARCHIVE_CONTEXT_ONLY_NOT_SCORING,False,SHADOW_INTENT_SIGNAL,False,False,False
924398,Lingfield (AW) (GB),2026-07-06T18:25:00,Hibikinada Du Mazet (Fr),6220016,Charlie Wallis,0.163232,4,False,False,0,True,CHAMPION_INTENT_SHADOW,"INTENT_ADDS_SIGNAL (2025 unseen holdout, 4/4 promotion gates passed)",ARCHIVE_CONTEXT_ONLY_NOT_SCORING,False,SHADOW_INTENT_SIGNAL,False,False,False
924398,Lingfield (AW) (GB),2026-07-06T18:25:00,Victoria (Gb),5104141,Mrs Wendy Hassall,0.092984,5,False,False,0,True,CHAMPION_INTENT_SHADOW,"INTENT_ADDS_SIGNAL (2025 unseen holdout, 4/4 promotion gates passed)",ARCHIVE_CONTEXT_ONLY_NOT_SCORING,False,SHADOW_INTENT_SIGNAL,False,False,False
924398,Lingfield (AW) (GB),2026-07-06T18:25:00,Pharitz Lahia (Gb),58961210,Mrs B Aashour,0.047205,6,False,False,0,True,CHAMPION_INTENT_SHADOW,"INTENT_ADDS_SIGNAL (2025 unseen holdout, 4/4 promotion gates passed)",ARCHIVE_CONTEXT_ONLY_NOT_SCORING,False,SHADOW_INTENT_SIGNAL,False,False,False
922466,Wolverhampton (AW),2026-07-06T18:30:00,The Fixer,4967778,Scott Dixon,0.132611,1,True,True,0,True,CHAMPION_INTENT_SHADOW,"INTENT_ADDS_SIGNAL (2025 unseen holdout, 4/4 promotion gates passed)",ARCHIVE_CONTEXT_ONLY_NOT_SCORING,False,SHADOW_INTENT_SIGNAL,False,False,False
922466,Wolverhampton (AW),2026-07-06T18:30:00,South Shore,5045864,Robert Cowell,0.123745,2,False,True,0,True,CHAMPION_INTENT_SHADOW,"INTENT_ADDS_SIGNAL (2025 unseen holdout, 4/4 promotion gates passed)",ARCHIVE_CONTEXT_ONLY_NOT_SCORING,False,SHADOW_INTENT_SIGNAL,False,False,False
922466,Wolverhampton (AW),2026-07-06T18:30:00,Winemaker,4522998,Richard Hughes,0.106651,3,False,True,0,True,CHAMPION_INTENT_SHADOW,"INTENT_ADDS_SIGNAL (2025 unseen holdout, 4/4 promotion gates passed)",ARCHIVE_CONTEXT_ONLY_NOT_SCORING,False,SHADOW_INTENT_SIGNAL,False,False,False
922466,Wolverhampton (AW),2026-07-06T18:30:00,She's A Gift,7195634,John C McConnell,0.105293,4,False,True,0,True,CHAMPION_INTENT_SHADOW,"INTENT_ADDS_SIGNAL (2025 unseen holdout, 4/4 promotion gates passed)",ARCHIVE_CONTEXT_ONLY_NOT_SCORING,False,SHADOW_INTENT_SIGNAL,False,False,False
922466,Wolverhampton (AW),2026-07-06T18:30:00,Brave Bob,6626293,Julie Camacho,0.085674,5,False,True,0,True,CHAMPION_INTENT_SHADOW,"INTENT_ADDS_SIGNAL (2025 unseen holdout, 4/4 promotion gates passed)",ARCHIVE_CONTEXT_ONLY_NOT_SCORING,False,SHADOW_INTENT_SIGNAL,False,False,False
922466,Wolverhampton (AW),2026-07-06T18:30:00,Daley T,4350771,Tony Carroll,0.081749,6,False,True,5,True,CHAMPION_INTENT_SHADOW,"INTENT_ADDS_SIGNAL (2025 unseen holdout, 4/4 promotion gates passed)",ARCHIVE_CONTEXT_ONLY_NOT_SCORING,False,SHADOW_INTENT_SIGNAL,False,False,False
922466,Wolverhampton (AW),2026-07-06T18:30:00,Chiedozie,5101973,Phil McEntee,0.080837,7,False,True,5,True,CHAMPION_INTENT_SHADOW,"INTENT_ADDS_SIGNAL (2025 unseen holdout, 4/4 promotion gates passed)",ARCHIVE_CONTEXT_ONLY_NOT_SCORING,False,SHADOW_INTENT_SIGNAL,False,False,False
922466,Wolverhampton (AW),2026-07-06T18:30:00,Isla Bella,5806696,Joey Ramsden,0.060211,8,False,True,5,True,CHAMPION_INTENT_SHADOW,"INTENT_ADDS_SIGNAL (2025 unseen holdout, 4/4 promotion gates passed)",ARCHIVE_CONTEXT_ONLY_NOT_SCORING,False,SHADOW_INTENT_SIGNAL,False,False,False
922466,Wolverhampton (AW),2026-07-06T18:30:00,Tilsworth Ony Ta,3791406,J R Jenkins,0.048908,9,False,True,5,True,CHAMPION_INTENT_SHADOW,"INTENT_ADDS_SIGNAL (2025 unseen holdout, 4/4 promotion gates passed)",ARCHIVE_CONTEXT_ONLY_NOT_SCORING,False,SHADOW_INTENT_SIGNAL,False,False,False
922304,Ripon,2026-07-06T18:39:00,Dayna,9340085,Ed de Giles,0.16355,1,True,True,0,True,CHAMPION_INTENT_SHADOW,"INTENT_ADDS_SIGNAL (2025 unseen holdout, 4/4 promotion gates passed)",ARCHIVE_CONTEXT_ONLY_NOT_SCORING,False,SHADOW_INTENT_SIGNAL,False,False,False
922304,Ripon,2026-07-06T18:39:00,Alterity,7852224,Charlie Johnston,0.162341,2,False,True,1,True,CHAMPION_INTENT_SHADOW,"INTENT_ADDS_SIGNAL (2025 unseen holdout, 4/4 promotion gates passed)",ARCHIVE_CONTEXT_ONLY_NOT_SCORING,False,SHADOW_INTENT_SIGNAL,False,False,False
922304,Ripon,2026-07-06T18:39:00,Queen's Hame,9490329,William Haggas,0.158494,3,False,False,0,True,CHAMPION_INTENT_SHADOW,"INTENT_ADDS_SIGNAL (2025 unseen holdout, 4/4 promotion gates passed)",ARCHIVE_CONTEXT_ONLY_NOT_SCORING,False,SHADOW_INTENT_SIGNAL,False,False,False
922304,Ripon,2026-07-06T18:39:00,War And Love,6928477,Brian Ellison,0.14944,4,False,True,0,True,CHAMPION_INTENT_SHADOW,"INTENT_ADDS_SIGNAL (2025 unseen holdout, 4/4 promotion gates passed)",ARCHIVE_CONTEXT_ONLY_NOT_SCORING,False,SHADOW_INTENT_SIGNAL,False,False,False
922304,Ripon,2026-07-06T18:39:00,Speckled Brown,8236338,Andi Brown,0.132268,5,False,True,1,True,CHAMPION_INTENT_SHADOW,"INTENT_ADDS_SIGNAL (2025 unseen holdout, 4/4 promotion gates passed)",ARCHIVE_CONTEXT_ONLY_NOT_SCORING,False,SHADOW_INTENT_SIGNAL,False,False,False
924279,Roscommon,2026-07-06T18:48:00,Endless Talking,7404480,Gavin Cromwell,0.324888,1,True,True,5,True,CHAMPION_INTENT_SHADOW,"INTENT_ADDS_SIGNAL (2025 unseen holdout, 4/4 promotion gates passed)",ARCHIVE_CONTEXT_ONLY_NOT_SCORING,False,SHADOW_INTENT_SIGNAL,False,False,False
924279,Roscommon,2026-07-06T18:48:00,Dani Donadoni,7209399,W P Mullins,0.256153,2,False,False,0,True,CHAMPION_INTENT_SHADOW,"INTENT_ADDS_SIGNAL (2025 unseen holdout, 4/4 promotion gates passed)",ARCHIVE_CONTEXT_ONLY_NOT_SCORING,False,SHADOW_INTENT_SIGNAL,False,False,False
924279,Roscommon,2026-07-06T18:48:00,The Store Boy,7404618,Henry De Bromhead,0.196007,3,False,True,5,True,CHAMPION_INTENT_SHADOW,"INTENT_ADDS_SIGNAL (2025 unseen holdout, 4/4 promotion gates passed)",ARCHIVE_CONTEXT_ONLY_NOT_SCORING,False,SHADOW_INTENT_SIGNAL,False,False,False
924279,Roscommon,2026-07-06T18:48:00,Lizzie Twigg,8784170,Gordon Elliott,0.123668,4,False,False,0,True,CHAMPION_INTENT_SHADOW,"INTENT_ADDS_SIGNAL (2025 unseen holdout, 4/4 promotion gates passed)",ARCHIVE_CONTEXT_ONLY_NOT_SCORING,False,SHADOW_INTENT_SIGNAL,False,False,False
924279,Roscommon,2026-07-06T18:48:00,Suresuresure,7592658,John F O'Neill,0.123668,5,False,False,0,True,CHAMPION_INTENT_SHADOW,"INTENT_ADDS_SIGNAL (2025 unseen holdout, 4/4 promotion gates passed)",ARCHIVE_CONTEXT_ONLY_NOT_SCORING,False,SHADOW_INTENT_SIGNAL,False,False,False
924279,Roscommon,2026-07-06T18:48:00,Whoyougonnacall,8106614,John Patrick Ryan,0.12249,6,False,True,1,True,CHAMPION_INTENT_SHADOW,"INTENT_ADDS_SIGNAL (2025 unseen holdout, 4/4 promotion gates passed)",ARCHIVE_CONTEXT_ONLY_NOT_SCORING,False,SHADOW_INTENT_SIGNAL,False,False,False
924279,Roscommon,2026-07-06T18:48:00,Move It On Over,7622812,John F O'Neill,0.013966,7,False,True,5,True,CHAMPION_INTENT_SHADOW,"INTENT_ADDS_SIGNAL (2025 unseen holdout, 4/4 promotion gates passed)",ARCHIVE_CONTEXT_ONLY_NOT_SCORING,False,SHADOW_INTENT_SIGNAL,False,False,False
922462,Wolverhampton (AW),2026-07-06T19:00:00,Roxelina,9115887,Kevin Philippart De Foy,0.1141,1,True,True,0,True,CHAMPION_INTENT_SHADOW,"INTENT_ADDS_SIGNAL (2025 unseen holdout, 4/4 promotion gates passed)",ARCHIVE_CONTEXT_ONLY_NOT_SCORING,False,SHADOW_INTENT_SIGNAL,False,False,False
922462,Wolverhampton (AW),2026-07-06T19:00:00,Delighfully Hot,9326755,James Owen,0.113893,2,False,True,0,True,CHAMPION_INTENT_SHADOW,"INTENT_ADDS_SIGNAL (2025 unseen holdout, 4/4 promotion gates passed)",ARCHIVE_CONTEXT_ONLY_NOT_SCORING,False,SHADOW_INTENT_SIGNAL,False,False,False
922462,Wolverhampton (AW),2026-07-06T19:00:00,Dreams Galore,9312946,Ollie Sangster,0.113119,3,False,True,0,True,CHAMPION_INTENT_SHADOW,"INTENT_ADDS_SIGNAL (2025 unseen holdout, 4/4 promotion gates passed)",ARCHIVE_CONTEXT_ONLY_NOT_SCORING,False,SHADOW_INTENT_SIGNAL,False,False,False
922462,Wolverhampton (AW),2026-07-06T19:00:00,Lola,8881463,Tom Ward,0.113099,4,False,True,0,True,CHAMPION_INTENT_SHADOW,"INTENT_ADDS_SIGNAL (2025 unseen holdout, 4/4 promotion gates passed)",ARCHIVE_CONTEXT_ONLY_NOT_SCORING,False,SHADOW_INTENT_SIGNAL,False,False,False
922462,Wolverhampton (AW),2026-07-06T19:00:00,Enhancing,9276861,Hugo Palmer,0.111894,5,False,True,0,True,CHAMPION_INTENT_SHADOW,"INTENT_ADDS_SIGNAL (2025 unseen holdout, 4/4 promotion gates passed)",ARCHIVE_CONTEXT_ONLY_NOT_SCORING,False,SHADOW_INTENT_SIGNAL,False,False,False
922462,Wolverhampton (AW),2026-07-06T19:00:00,Betty Boop,9451556,Richard Hughes,0.109838,6,False,False,0,True,CHAMPION_INTENT_SHADOW,"INTENT_ADDS_SIGNAL (2025 unseen holdout, 4/4 promotion gates passed)",ARCHIVE_CONTEXT_ONLY_NOT_SCORING,False,SHADOW_INTENT_SIGNAL,False,False,False
922462,Wolverhampton (AW),2026-07-06T19:00:00,Elpeeare,8688542,George Scott,0.109838,7,False,False,0,True,CHAMPION_INTENT_SHADOW,"INTENT_ADDS_SIGNAL (2025 unseen holdout, 4/4 promotion gates passed)",ARCHIVE_CONTEXT_ONLY_NOT_SCORING,False,SHADOW_INTENT_SIGNAL,False,False,False
922462,Wolverhampton (AW),2026-07-06T19:00:00,Charcoal Diva,9179709,D Donovan,0.075565,8,False,True,1,True,CHAMPION_INTENT_SHADOW,"INTENT_ADDS_SIGNAL (2025 unseen holdout, 4/4 promotion gates passed)",ARCHIVE_CONTEXT_ONLY_NOT_SCORING,False,SHADOW_INTENT_SIGNAL,False,False,False
922303,Ripon,2026-07-06T19:09:00,Glorious Kitty,5900738,Michael & David Easterby,0.151154,1,True,True,5,True,CHAMPION_INTENT_SHADOW,"INTENT_ADDS_SIGNAL (2025 unseen holdout, 4/4 promotion gates passed)",ARCHIVE_CONTEXT_ONLY_NOT_SCORING,False,SHADOW_INTENT_SIGNAL,False,False,False
922303,Ripon,2026-07-06T19:09:00,Urban Road,4031638,Alan Brown,0.10467,2,False,True,0,True,CHAMPION_INTENT_SHADOW,"INTENT_ADDS_SIGNAL (2025 unseen holdout, 4/4 promotion gates passed)",ARCHIVE_CONTEXT_ONLY_NOT_SCORING,False,SHADOW_INTENT_SIGNAL,False,False,False
922303,Ripon,2026-07-06T19:09:00,Popeye Doyle,5708744,Jessica Bedi,0.10448,3,False,True,0,True,CHAMPION_INTENT_SHADOW,"INTENT_ADDS_SIGNAL (2025 unseen holdout, 4/4 promotion gates passed)",ARCHIVE_CONTEXT_ONLY_NOT_SCORING,False,SHADOW_INTENT_SIGNAL,False,False,False
922303,Ripon,2026-07-06T19:09:00,Up The Jazz,5034735,Richard & Peter Fahey,0.098605,4,False,False,0,True,CHAMPION_INTENT_SHADOW,"INTENT_ADDS_SIGNAL (2025 unseen holdout, 4/4 promotion gates passed)",ARCHIVE_CONTEXT_ONLY_NOT_SCORING,False,SHADOW_INTENT_SIGNAL,False,False,False
922303,Ripon,2026-07-06T19:09:00,Hopeful Joy,7475650,Mark Walford,0.095081,5,False,False,0,True,CHAMPION_INTENT_SHADOW,"INTENT_ADDS_SIGNAL (2025 unseen holdout, 4/4 promotion gates passed)",ARCHIVE_CONTEXT_ONLY_NOT_SCORING,False,SHADOW_INTENT_SIGNAL,False,False,False
922303,Ripon,2026-07-06T19:09:00,Precious Spartan,6496521,Patrick Neville,0.092996,6,False,True,0,True,CHAMPION_INTENT_SHADOW,"INTENT_ADDS_SIGNAL (2025 unseen holdout, 4/4 promotion gates passed)",ARCHIVE_CONTEXT_ONLY_NOT_SCORING,False,SHADOW_INTENT_SIGNAL,False,False,False
922303,Ripon,2026-07-06T19:09:00,Jesmond Dawn,5073257,Grant Tuer,0.071546,7,False,True,5,True,CHAMPION_INTENT_SHADOW,"INTENT_ADDS_SIGNAL (2025 unseen holdout, 4/4 promotion gates passed)",ARCHIVE_CONTEXT_ONLY_NOT_SCORING,False,SHADOW_INTENT_SIGNAL,False,False,False
922303,Ripon,2026-07-06T19:09:00,Poet's Dawn,1428794,Tim Easterby,0.067944,8,False,True,5,True,CHAMPION_INTENT_SHADOW,"INTENT_ADDS_SIGNAL (2025 unseen holdout, 4/4 promotion gates passed)",ARCHIVE_CONTEXT_ONLY_NOT_SCORING,False,SHADOW_INTENT_SIGNAL,False,False,False
922303,Ripon,2026-07-06T19:09:00,Volenti,3958772,Ben Haslam,0.050368,9,False,True,5,True,CHAMPION_INTENT_SHADOW,"INTENT_ADDS_SIGNAL (2025 unseen holdout, 4/4 promotion gates passed)",ARCHIVE_CONTEXT_ONLY_NOT_SCORING,False,SHADOW_INTENT_SIGNAL,False,False,False
924280,Roscommon,2026-07-06T19:18:00,Whispering Willow,7334537,Gavin Cromwell,0.109191,1,True,True,0,True,CHAMPION_INTENT_SHADOW,"INTENT_ADDS_SIGNAL (2025 unseen holdout, 4/4 promotion gates passed)",ARCHIVE_CONTEXT_ONLY_NOT_SCORING,False,SHADOW_INTENT_SIGNAL,False,False,False
924280,Roscommon,2026-07-06T19:18:00,Goin',6393214,A J Martin,0.10234,2,False,True,5,True,CHAMPION_INTENT_SHADOW,"INTENT_ADDS_SIGNAL (2025 unseen holdout, 4/4 promotion gates passed)",ARCHIVE_CONTEXT_ONLY_NOT_SCORING,False,SHADOW_INTENT_SIGNAL,False,False,False
924280,Roscommon,2026-07-06T19:18:00,Eyeeye,4350732,Paul John Gilligan,0.065693,3,False,True,5,True,CHAMPION_INTENT_SHADOW,"INTENT_ADDS_SIGNAL (2025 unseen holdout, 4/4 promotion gates passed)",ARCHIVE_CONTEXT_ONLY_NOT_SCORING,False,SHADOW_INTENT_SIGNAL,False,False,False
924280,Roscommon,2026-07-06T19:18:00,Annie's Angel,6555358,Adrian McGuinness,0.061953,4,False,False,0,True,CHAMPION_INTENT_SHADOW,"INTENT_ADDS_SIGNAL (2025 unseen holdout, 4/4 promotion gates passed)",ARCHIVE_CONTEXT_ONLY_NOT_SCORING,False,SHADOW_INTENT_SIGNAL,False,False,False
924280,Roscommon,2026-07-06T19:18:00,Walk On Annilog,6894206,Riceal Dunne,0.059542,5,False,False,0,True,CHAMPION_INTENT_SHADOW,"INTENT_ADDS_SIGNAL (2025 unseen holdout, 4/4 promotion gates passed)",ARCHIVE_CONTEXT_ONLY_NOT_SCORING,False,SHADOW_INTENT_SIGNAL,False,False,False
924280,Roscommon,2026-07-06T19:18:00,Slowdownbarney,6010545,Dermot A McLoughlin,0.057803,6,False,True,5,True,CHAMPION_INTENT_SHADOW,"INTENT_ADDS_SIGNAL (2025 unseen holdout, 4/4 promotion gates passed)",ARCHIVE_CONTEXT_ONLY_NOT_SCORING,False,SHADOW_INTENT_SIGNAL,False,False,False
924280,Roscommon,2026-07-06T19:18:00,Cool Summer,6111545,Miss Hilary McLoughlin,0.0542,7,False,True,0,True,CHAMPION_INTENT_SHADOW,"INTENT_ADDS_SIGNAL (2025 unseen holdout, 4/4 promotion gates passed)",ARCHIVE_CONTEXT_ONLY_NOT_SCORING,False,SHADOW_INTENT_SIGNAL,False,False,False
924280,Roscommon,2026-07-06T19:18:00,Victoria Kesia,5357870,John Joseph Hanlon,0.052312,8,False,False,0,True,CHAMPION_INTENT_SHADOW,"INTENT_ADDS_SIGNAL (2025 unseen holdout, 4/4 promotion gates passed)",ARCHIVE_CONTEXT_ONLY_NOT_SCORING,False,SHADOW_INTENT_SIGNAL,False,False,False
924280,Roscommon,2026-07-06T19:18:00,Patty O'Farrell,6803007,Peter Maher,0.050213,9,False,True,0,True,CHAMPION_INTENT_SHADOW,"INTENT_ADDS_SIGNAL (2025 unseen holdout, 4/4 promotion gates passed)",ARCHIVE_CONTEXT_ONLY_NOT_SCORING,False,SHADOW_INTENT_SIGNAL,False,False,False
924280,Roscommon,2026-07-06T19:18:00,Syosset,6350101,John C McConnell,0.049463,10,False,False,0,True,CHAMPION_INTENT_SHADOW,"INTENT_ADDS_SIGNAL (2025 unseen holdout, 4/4 promotion gates passed)",ARCHIVE_CONTEXT_ONLY_NOT_SCORING,False,SHADOW_INTENT_SIGNAL,False,False,False
924280,Roscommon,2026-07-06T19:18:00,Highland Earl,5746467,Liam P Cusack,0.048709,11,False,False,0,True,CHAMPION_INTENT_SHADOW,"INTENT_ADDS_SIGNAL (2025 unseen holdout, 4/4 promotion gates passed)",ARCHIVE_CONTEXT_ONLY_NOT_SCORING,False,SHADOW_INTENT_SIGNAL,False,False,False
924280,Roscommon,2026-07-06T19:18:00,Del Boys Diva,8436932,Shane Crawley,0.048709,12,False,False,0,True,CHAMPION_INTENT_SHADOW,"INTENT_ADDS_SIGNAL (2025 unseen holdout, 4/4 promotion gates passed)",ARCHIVE_CONTEXT_ONLY_NOT_SCORING,False,SHADOW_INTENT_SIGNAL,False,False,False
924280,Roscommon,2026-07-06T19:18:00,Copper Rocker,8370933,Ross O'Sullivan,0.047548,13,False,False,0,True,CHAMPION_INTENT_SHADOW,"INTENT_ADDS_SIGNAL (2025 unseen holdout, 4/4 promotion gates passed)",ARCHIVE_CONTEXT_ONLY_NOT_SCORING,False,SHADOW_INTENT_SIGNAL,False,False,False
924280,Roscommon,2026-07-06T19:18:00,Gentle Annie,8018249,Terence O'Brien,0.042009,14,False,True,4,True,CHAMPION_INTENT_SHADOW,"INTENT_ADDS_SIGNAL (2025 unseen holdout, 4/4 promotion gates passed)",ARCHIVE_CONTEXT_ONLY_NOT_SCORING,False,SHADOW_INTENT_SIGNAL,False,False,False
924280,Roscommon,2026-07-06T19:18:00,Walk Win,7961709,John M Burke,0.035998,15,False,True,4,True,CHAMPION_INTENT_SHADOW,"INTENT_ADDS_SIGNAL (2025 unseen holdout, 4/4 promotion gates passed)",ARCHIVE_CONTEXT_ONLY_NOT_SCORING,False,SHADOW_INTENT_SIGNAL,False,False,False
924280,Roscommon,2026-07-06T19:18:00,Gold Gatewood,7303385,Norman Lee,0.030653,16,False,False,0,True,CHAMPION_INTENT_SHADOW,"INTENT_ADDS_SIGNAL (2025 unseen holdout, 4/4 promotion gates passed)",ARCHIVE_CONTEXT_ONLY_NOT_SCORING,False,SHADOW_INTENT_SIGNAL,False,False,False
924280,Roscommon,2026-07-06T19:18:00,China Grill,9119982,Miss Evanna McCutcheon,0.027198,17,False,True,2,True,CHAMPION_INTENT_SHADOW,"INTENT_ADDS_SIGNAL (2025 unseen holdout, 4/4 promotion gates passed)",ARCHIVE_CONTEXT_ONLY_NOT_SCORING,False,SHADOW_INTENT_SIGNAL,False,False,False
924280,Roscommon,2026-07-06T19:18:00,Urban War,3162612,John Joseph Hanlon,0.026142,18,False,True,5,True,CHAMPION_INTENT_SHADOW,"INTENT_ADDS_SIGNAL (2025 unseen holdout, 4/4 promotion gates passed)",ARCHIVE_CONTEXT_ONLY_NOT_SCORING,False,SHADOW_INTENT_SIGNAL,False,False,False
924280,Roscommon,2026-07-06T19:18:00,Dontdooddson,1391600,Darren Collins,0.006868,19,False,True,5,True,CHAMPION_INTENT_SHADOW,"INTENT_ADDS_SIGNAL (2025 unseen holdout, 4/4 promotion gates passed)",ARCHIVE_CONTEXT_ONLY_NOT_SCORING,False,SHADOW_INTENT_SIGNAL,False,False,False
922463,Wolverhampton (AW),2026-07-06T19:30:00,Moostar,5900723,James Owen,0.146016,1,True,True,5,True,CHAMPION_INTENT_SHADOW,"INTENT_ADDS_SIGNAL (2025 unseen holdout, 4/4 promotion gates passed)",ARCHIVE_CONTEXT_ONLY_NOT_SCORING,False,SHADOW_INTENT_SIGNAL,False,False,False
922463,Wolverhampton (AW),2026-07-06T19:30:00,Tuscan Point,5859153,Adam Kirby,0.098665,2,False,True,21,True,CHAMPION_INTENT_SHADOW,"INTENT_ADDS_SIGNAL (2025 unseen holdout, 4/4 promotion gates passed)",ARCHIVE_CONTEXT_ONLY_NOT_SCORING,False,SHADOW_INTENT_SIGNAL,False,False,False
922463,Wolverhampton (AW),2026-07-06T19:30:00,Daytona Lady,4277869,Ruth Carr,0.083668,3,False,True,0,True,CHAMPION_INTENT_SHADOW,"INTENT_ADDS_SIGNAL (2025 unseen holdout, 4/4 promotion gates passed)",ARCHIVE_CONTEXT_ONLY_NOT_SCORING,False,SHADOW_INTENT_SIGNAL,False,False,False
922463,Wolverhampton (AW),2026-07-06T19:30:00,Dark Kestrel,4498965,Antony Brittain,0.076966,4,False,True,5,True,CHAMPION_INTENT_SHADOW,"INTENT_ADDS_SIGNAL (2025 unseen holdout, 4/4 promotion gates passed)",ARCHIVE_CONTEXT_ONLY_NOT_SCORING,False,SHADOW_INTENT_SIGNAL,False,False,False
922463,Wolverhampton (AW),2026-07-06T19:30:00,Baba Reza,3117997,Julie Camacho,0.075049,5,False,True,5,True,CHAMPION_INTENT_SHADOW,"INTENT_ADDS_SIGNAL (2025 unseen holdout, 4/4 promotion gates passed)",ARCHIVE_CONTEXT_ONLY_NOT_SCORING,False,SHADOW_INTENT_SIGNAL,False,False,False
922463,Wolverhampton (AW),2026-07-06T19:30:00,Dutch Finale,6087960,Stuart Williams,0.074142,6,False,False,0,True,CHAMPION_INTENT_SHADOW,"INTENT_ADDS_SIGNAL (2025 unseen holdout, 4/4 promotion gates passed)",ARCHIVE_CONTEXT_ONLY_NOT_SCORING,False,SHADOW_INTENT_SIGNAL,False,False,False
922463,Wolverhampton (AW),2026-07-06T19:30:00,Maharajas Express,4175539,Ian Williams,0.074,7,False,True,0,True,CHAMPION_INTENT_SHADOW,"INTENT_ADDS_SIGNAL (2025 unseen holdout, 4/4 promotion gates passed)",ARCHIVE_CONTEXT_ONLY_NOT_SCORING,False,SHADOW_INTENT_SIGNAL,False,False,False
922463,Wolverhampton (AW),2026-07-06T19:30:00,Jesse Luc,5311211,Mike Murphy,0.073229,8,False,True,0,True,CHAMPION_INTENT_SHADOW,"INTENT_ADDS_SIGNAL (2025 unseen holdout, 4/4 promotion gates passed)",ARCHIVE_CONTEXT_ONLY_NOT_SCORING,False,SHADOW_INTENT_SIGNAL,False,False,False
922463,Wolverhampton (AW),2026-07-06T19:30:00,Style King,5973536,Chris Dwyer,0.072954,9,False,True,5,True,CHAMPION_INTENT_SHADOW,"INTENT_ADDS_SIGNAL (2025 unseen holdout, 4/4 promotion gates passed)",ARCHIVE_CONTEXT_ONLY_NOT_SCORING,False,SHADOW_INTENT_SIGNAL,False,False,False
922463,Wolverhampton (AW),2026-07-06T19:30:00,Candy Warhol,3677979,Scott Dixon,0.070165,10,False,True,5,True,CHAMPION_INTENT_SHADOW,"INTENT_ADDS_SIGNAL (2025 unseen holdout, 4/4 promotion gates passed)",ARCHIVE_CONTEXT_ONLY_NOT_SCORING,False,SHADOW_INTENT_SIGNAL,False,False,False
922463,Wolverhampton (AW),2026-07-06T19:30:00,Havana Sky,4827082,Ed Dunlop,0.066829,11,False,True,0,True,CHAMPION_INTENT_SHADOW,"INTENT_ADDS_SIGNAL (2025 unseen holdout, 4/4 promotion gates passed)",ARCHIVE_CONTEXT_ONLY_NOT_SCORING,False,SHADOW_INTENT_SIGNAL,False,False,False
922463,Wolverhampton (AW),2026-07-06T19:30:00,Wodao,4245956,Steph Hollinshead,0.065823,12,False,True,0,True,CHAMPION_INTENT_SHADOW,"INTENT_ADDS_SIGNAL (2025 unseen holdout, 4/4 promotion gates passed)",ARCHIVE_CONTEXT_ONLY_NOT_SCORING,False,SHADOW_INTENT_SIGNAL,False,False,False
922302,Ripon,2026-07-06T19:40:00,Reigning Profit,3560256,Ruth Carr,0.143774,1,True,True,72,True,CHAMPION_INTENT_SHADOW,"INTENT_ADDS_SIGNAL (2025 unseen holdout, 4/4 promotion gates passed)",ARCHIVE_CONTEXT_ONLY_NOT_SCORING,False,SHADOW_INTENT_SIGNAL,False,False,False
922302,Ripon,2026-07-06T19:40:00,Tees Aggregates,5903608,Adrian Nicholls,0.132357,2,False,True,5,True,CHAMPION_INTENT_SHADOW,"INTENT_ADDS_SIGNAL (2025 unseen holdout, 4/4 promotion gates passed)",ARCHIVE_CONTEXT_ONLY_NOT_SCORING,False,SHADOW_INTENT_SIGNAL,False,False,False
922302,Ripon,2026-07-06T19:40:00,Goyard,7739787,David O'Meara,0.122262,3,False,False,0,True,CHAMPION_INTENT_SHADOW,"INTENT_ADDS_SIGNAL (2025 unseen holdout, 4/4 promotion gates passed)",ARCHIVE_CONTEXT_ONLY_NOT_SCORING,False,SHADOW_INTENT_SIGNAL,False,False,False
922302,Ripon,2026-07-06T19:40:00,Kodiac Thriller,5154292,Mark Walford,0.116316,4,False,True,0,True,CHAMPION_INTENT_SHADOW,"INTENT_ADDS_SIGNAL (2025 unseen holdout, 4/4 promotion gates passed)",ARCHIVE_CONTEXT_ONLY_NOT_SCORING,False,SHADOW_INTENT_SIGNAL,False,False,False
922302,Ripon,2026-07-06T19:40:00,Vince L'Amour,5134070,Tim Easterby,0.10846,5,False,True,5,True,CHAMPION_INTENT_SHADOW,"INTENT_ADDS_SIGNAL (2025 unseen holdout, 4/4 promotion gates passed)",ARCHIVE_CONTEXT_ONLY_NOT_SCORING,False,SHADOW_INTENT_SIGNAL,False,False,False
922302,Ripon,2026-07-06T19:40:00,Rock Of England,4350766,Paul Midgley,0.093958,6,False,True,5,True,CHAMPION_INTENT_SHADOW,"INTENT_ADDS_SIGNAL (2025 unseen holdout, 4/4 promotion gates passed)",ARCHIVE_CONTEXT_ONLY_NOT_SCORING,False,SHADOW_INTENT_SIGNAL,False,False,False
922302,Ripon,2026-07-06T19:40:00,Canaria Queen,5096521,Tim Easterby,0.092722,7,False,True,5,True,CHAMPION_INTENT_SHADOW,"INTENT_ADDS_SIGNAL (2025 unseen holdout, 4/4 promotion gates passed)",ARCHIVE_CONTEXT_ONLY_NOT_SCORING,False,SHADOW_INTENT_SIGNAL,False,False,False
922302,Ripon,2026-07-06T19:40:00,Mark's Choice,1965311,Gemma Tutty,0.05018,8,False,True,5,True,CHAMPION_INTENT_SHADOW,"INTENT_ADDS_SIGNAL (2025 unseen holdout, 4/4 promotion gates passed)",ARCHIVE_CONTEXT_ONLY_NOT_SCORING,False,SHADOW_INTENT_SIGNAL,False,False,False
922302,Ripon,2026-07-06T19:40:00,South Parade,5123492,Richard & Peter Fahey,0.03697,9,False,True,27,True,CHAMPION_INTENT_SHADOW,"INTENT_ADDS_SIGNAL (2025 unseen holdout, 4/4 promotion gates passed)",ARCHIVE_CONTEXT_ONLY_NOT_SCORING,False,SHADOW_INTENT_SIGNAL,False,False,False
924281,Roscommon,2026-07-06T19:50:00,Western Model,4936855,Andrew Kinirons,0.092579,1,True,True,0,True,CHAMPION_INTENT_SHADOW,"INTENT_ADDS_SIGNAL (2025 unseen holdout, 4/4 promotion gates passed)",ARCHIVE_CONTEXT_ONLY_NOT_SCORING,False,SHADOW_INTENT_SIGNAL,False,False,False
924281,Roscommon,2026-07-06T19:50:00,Double Power,5671297,Ian Patrick Donoghue,0.075363,2,False,False,0,True,CHAMPION_INTENT_SHADOW,"INTENT_ADDS_SIGNAL (2025 unseen holdout, 4/4 promotion gates passed)",ARCHIVE_CONTEXT_ONLY_NOT_SCORING,False,SHADOW_INTENT_SIGNAL,False,False,False
924281,Roscommon,2026-07-06T19:50:00,Where Are You Now,7583025,E Bolger,0.073083,3,False,False,0,True,CHAMPION_INTENT_SHADOW,"INTENT_ADDS_SIGNAL (2025 unseen holdout, 4/4 promotion gates passed)",ARCHIVE_CONTEXT_ONLY_NOT_SCORING,False,SHADOW_INTENT_SIGNAL,False,False,False
924281,Roscommon,2026-07-06T19:50:00,Its Not Over Yet,4942593,Oliver McKiernan,0.069621,4,False,False,0,True,CHAMPION_INTENT_SHADOW,"INTENT_ADDS_SIGNAL (2025 unseen holdout, 4/4 promotion gates passed)",ARCHIVE_CONTEXT_ONLY_NOT_SCORING,False,SHADOW_INTENT_SIGNAL,False,False,False
924281,Roscommon,2026-07-06T19:50:00,Written In My Soul,6701912,E D Delany,0.05773,5,False,True,0,True,CHAMPION_INTENT_SHADOW,"INTENT_ADDS_SIGNAL (2025 unseen holdout, 4/4 promotion gates passed)",ARCHIVE_CONTEXT_ONLY_NOT_SCORING,False,SHADOW_INTENT_SIGNAL,False,False,False
924281,Roscommon,2026-07-06T19:50:00,Mistyburn,7499336,P J Rothwell,0.054294,6,False,True,5,True,CHAMPION_INTENT_SHADOW,"INTENT_ADDS_SIGNAL (2025 unseen holdout, 4/4 promotion gates passed)",ARCHIVE_CONTEXT_ONLY_NOT_SCORING,False,SHADOW_INTENT_SIGNAL,False,False,False
924281,Roscommon,2026-07-06T19:50:00,Woodie Campelltown,7238194,Rosemary Connors,0.049551,7,False,False,0,True,CHAMPION_INTENT_SHADOW,"INTENT_ADDS_SIGNAL (2025 unseen holdout, 4/4 promotion gates passed)",ARCHIVE_CONTEXT_ONLY_NOT_SCORING,False,SHADOW_INTENT_SIGNAL,False,False,False
924281,Roscommon,2026-07-06T19:50:00,Ladies Well,6492178,Andrew Slattery,0.049189,8,False,True,5,True,CHAMPION_INTENT_SHADOW,"INTENT_ADDS_SIGNAL (2025 unseen holdout, 4/4 promotion gates passed)",ARCHIVE_CONTEXT_ONLY_NOT_SCORING,False,SHADOW_INTENT_SIGNAL,False,False,False
924281,Roscommon,2026-07-06T19:50:00,Fair Damsel,3737112,Cian Collins,0.047887,9,False,True,5,True,CHAMPION_INTENT_SHADOW,"INTENT_ADDS_SIGNAL (2025 unseen holdout, 4/4 promotion gates passed)",ARCHIVE_CONTEXT_ONLY_NOT_SCORING,False,SHADOW_INTENT_SIGNAL,False,False,False
924281,Roscommon,2026-07-06T19:50:00,Barryroe Madam,4922443,Terence O'Brien,0.046203,10,False,False,0,True,CHAMPION_INTENT_SHADOW,"INTENT_ADDS_SIGNAL (2025 unseen holdout, 4/4 promotion gates passed)",ARCHIVE_CONTEXT_ONLY_NOT_SCORING,False,SHADOW_INTENT_SIGNAL,False,False,False
924281,Roscommon,2026-07-06T19:50:00,Something Simple,7784961,John Joseph Hanlon,0.045901,11,False,False,0,True,CHAMPION_INTENT_SHADOW,"INTENT_ADDS_SIGNAL (2025 unseen holdout, 4/4 promotion gates passed)",ARCHIVE_CONTEXT_ONLY_NOT_SCORING,False,SHADOW_INTENT_SIGNAL,False,False,False
924281,Roscommon,2026-07-06T19:50:00,Tradonthebay,7020730,Paul John Gilligan,0.045677,12,False,True,5,True,CHAMPION_INTENT_SHADOW,"INTENT_ADDS_SIGNAL (2025 unseen holdout, 4/4 promotion gates passed)",ARCHIVE_CONTEXT_ONLY_NOT_SCORING,False,SHADOW_INTENT_SIGNAL,False,False,False
924281,Roscommon,2026-07-06T19:50:00,Tango Theatre,2536787,John C McConnell,0.041788,13,False,False,0,True,CHAMPION_INTENT_SHADOW,"INTENT_ADDS_SIGNAL (2025 unseen holdout, 4/4 promotion gates passed)",ARCHIVE_CONTEXT_ONLY_NOT_SCORING,False,SHADOW_INTENT_SIGNAL,False,False,False
924281,Roscommon,2026-07-06T19:50:00,Chasing Crowns,6550764,E Sheehy,0.041475,14,False,True,5,True,CHAMPION_INTENT_SHADOW,"INTENT_ADDS_SIGNAL (2025 unseen holdout, 4/4 promotion gates passed)",ARCHIVE_CONTEXT_ONLY_NOT_SCORING,False,SHADOW_INTENT_SIGNAL,False,False,False
924281,Roscommon,2026-07-06T19:50:00,Will It Be You,4292163,Liam P Cusack,0.03042,15,False,False,0,True,CHAMPION_INTENT_SHADOW,"INTENT_ADDS_SIGNAL (2025 unseen holdout, 4/4 promotion gates passed)",ARCHIVE_CONTEXT_ONLY_NOT_SCORING,False,SHADOW_INTENT_SIGNAL,False,False,False
924281,Roscommon,2026-07-06T19:50:00,Moonshine Girl,5848834,Paul John Gilligan,0.029221,16,False,False,0,True,CHAMPION_INTENT_SHADOW,"INTENT_ADDS_SIGNAL (2025 unseen holdout, 4/4 promotion gates passed)",ARCHIVE_CONTEXT_ONLY_NOT_SCORING,False,SHADOW_INTENT_SIGNAL,False,False,False
924281,Roscommon,2026-07-06T19:50:00,Katie's Casper,5504690,Dermot A McLoughlin,0.022091,17,False,True,5,True,CHAMPION_INTENT_SHADOW,"INTENT_ADDS_SIGNAL (2025 unseen holdout, 4/4 promotion gates passed)",ARCHIVE_CONTEXT_ONLY_NOT_SCORING,False,SHADOW_INTENT_SIGNAL,False,False,False
924281,Roscommon,2026-07-06T19:50:00,Queen Kulina,3256724,Eoin Griffin,0.017061,18,False,True,5,True,CHAMPION_INTENT_SHADOW,"INTENT_ADDS_SIGNAL (2025 unseen holdout, 4/4 promotion gates passed)",ARCHIVE_CONTEXT_ONLY_NOT_SCORING,False,SHADOW_INTENT_SIGNAL,False,False,False
924281,Roscommon,2026-07-06T19:50:00,Road To The Weir,4031524,John Neilan,0.014723,19,False,True,5,True,CHAMPION_INTENT_SHADOW,"INTENT_ADDS_SIGNAL (2025 unseen holdout, 4/4 promotion gates passed)",ARCHIVE_CONTEXT_ONLY_NOT_SCORING,False,SHADOW_INTENT_SIGNAL,False,False,False
922465,Wolverhampton (AW),2026-07-06T20:00:00,Karakula Dancer,7020387,James Ferguson,0.103573,1,True,True,5,True,CHAMPION_INTENT_SHADOW,"INTENT_ADDS_SIGNAL (2025 unseen holdout, 4/4 promotion gates passed)",ARCHIVE_CONTEXT_ONLY_NOT_SCORING,False,SHADOW_INTENT_SIGNAL,False,False,False
922465,Wolverhampton (AW),2026-07-06T20:00:00,Safe Harbor,8427608,Marco Botti,0.103181,2,False,True,5,True,CHAMPION_INTENT_SHADOW,"INTENT_ADDS_SIGNAL (2025 unseen holdout, 4/4 promotion gates passed)",ARCHIVE_CONTEXT_ONLY_NOT_SCORING,False,SHADOW_INTENT_SIGNAL,False,False,False
922465,Wolverhampton (AW),2026-07-06T20:00:00,Espanita,8196284,Charlie Johnston,0.085755,3,False,True,5,True,CHAMPION_INTENT_SHADOW,"INTENT_ADDS_SIGNAL (2025 unseen holdout, 4/4 promotion gates passed)",ARCHIVE_CONTEXT_ONLY_NOT_SCORING,False,SHADOW_INTENT_SIGNAL,False,False,False
922465,Wolverhampton (AW),2026-07-06T20:00:00,Lux Aeterna,7436347,Ed Dunlop,0.085709,4,False,True,0,True,CHAMPION_INTENT_SHADOW,"INTENT_ADDS_SIGNAL (2025 unseen holdout, 4/4 promotion gates passed)",ARCHIVE_CONTEXT_ONLY_NOT_SCORING,False,SHADOW_INTENT_SIGNAL,False,False,False
922465,Wolverhampton (AW),2026-07-06T20:00:00,Stella Lucente,8039759,Jack Morland,0.079686,5,False,True,0,True,CHAMPION_INTENT_SHADOW,"INTENT_ADDS_SIGNAL (2025 unseen holdout, 4/4 promotion gates passed)",ARCHIVE_CONTEXT_ONLY_NOT_SCORING,False,SHADOW_INTENT_SIGNAL,False,False,False
922465,Wolverhampton (AW),2026-07-06T20:00:00,Alkumatic Jo Jo,7957278,Ivan Furtado,0.078353,6,False,True,0,True,CHAMPION_INTENT_SHADOW,"INTENT_ADDS_SIGNAL (2025 unseen holdout, 4/4 promotion gates passed)",ARCHIVE_CONTEXT_ONLY_NOT_SCORING,False,SHADOW_INTENT_SIGNAL,False,False,False
922465,Wolverhampton (AW),2026-07-06T20:00:00,Suggy,7204910,Charles Hills,0.075344,7,False,True,0,True,CHAMPION_INTENT_SHADOW,"INTENT_ADDS_SIGNAL (2025 unseen holdout, 4/4 promotion gates passed)",ARCHIVE_CONTEXT_ONLY_NOT_SCORING,False,SHADOW_INTENT_SIGNAL,False,False,False
922465,Wolverhampton (AW),2026-07-06T20:00:00,Charming Doll,7643452,Ismail Mohammed & Jose Santos,0.070775,8,False,False,0,True,CHAMPION_INTENT_SHADOW,"INTENT_ADDS_SIGNAL (2025 unseen holdout, 4/4 promotion gates passed)",ARCHIVE_CONTEXT_ONLY_NOT_SCORING,False,SHADOW_INTENT_SIGNAL,False,False,False
922465,Wolverhampton (AW),2026-07-06T20:00:00,If I Could Dream,7551812,George Scott,0.070459,9,False,True,5,True,CHAMPION_INTENT_SHADOW,"INTENT_ADDS_SIGNAL (2025 unseen holdout, 4/4 promotion gates passed)",ARCHIVE_CONTEXT_ONLY_NOT_SCORING,False,SHADOW_INTENT_SIGNAL,False,False,False
922465,Wolverhampton (AW),2026-07-06T20:00:00,Mayfair Market,7878363,S Woods,0.067218,10,False,True,5,True,CHAMPION_INTENT_SHADOW,"INTENT_ADDS_SIGNAL (2025 unseen holdout, 4/4 promotion gates passed)",ARCHIVE_CONTEXT_ONLY_NOT_SCORING,False,SHADOW_INTENT_SIGNAL,False,False,False
922465,Wolverhampton (AW),2026-07-06T20:00:00,Smartanck,7878365,Antony Brittain,0.063607,11,False,False,0,True,CHAMPION_INTENT_SHADOW,"INTENT_ADDS_SIGNAL (2025 unseen holdout, 4/4 promotion gates passed)",ARCHIVE_CONTEXT_ONLY_NOT_SCORING,False,SHADOW_INTENT_SIGNAL,False,False,False
922465,Wolverhampton (AW),2026-07-06T20:00:00,Snaafy,7657431,David Loughnane,0.057053,12,False,False,0,True,CHAMPION_INTENT_SHADOW,"INTENT_ADDS_SIGNAL (2025 unseen holdout, 4/4 promotion gates passed)",ARCHIVE_CONTEXT_ONLY_NOT_SCORING,False,SHADOW_INTENT_SIGNAL,False,False,False
922465,Wolverhampton (AW),2026-07-06T20:00:00,Horwich,8463837,Ruth Carr,0.049649,13,False,True,5,True,CHAMPION_INTENT_SHADOW,"INTENT_ADDS_SIGNAL (2025 unseen holdout, 4/4 promotion gates passed)",ARCHIVE_CONTEXT_ONLY_NOT_SCORING,False,SHADOW_INTENT_SIGNAL,False,False,False
922306,Ripon,2026-07-06T20:15:00,Vietnorm,8304796,Adrian Paul Keatley,0.243009,1,True,True,5,True,CHAMPION_INTENT_SHADOW,"INTENT_ADDS_SIGNAL (2025 unseen holdout, 4/4 promotion gates passed)",ARCHIVE_CONTEXT_ONLY_NOT_SCORING,False,SHADOW_INTENT_SIGNAL,False,False,False
922306,Ripon,2026-07-06T20:15:00,Picaro,9097219,James Owen,0.125495,2,False,False,0,True,CHAMPION_INTENT_SHADOW,"INTENT_ADDS_SIGNAL (2025 unseen holdout, 4/4 promotion gates passed)",ARCHIVE_CONTEXT_ONLY_NOT_SCORING,False,SHADOW_INTENT_SIGNAL,False,False,False
922306,Ripon,2026-07-06T20:15:00,Keep It Classic,8321644,William Haggas,0.117661,3,False,True,5,True,CHAMPION_INTENT_SHADOW,"INTENT_ADDS_SIGNAL (2025 unseen holdout, 4/4 promotion gates passed)",ARCHIVE_CONTEXT_ONLY_NOT_SCORING,False,SHADOW_INTENT_SIGNAL,False,False,False
922306,Ripon,2026-07-06T20:15:00,Resdev Time,7882530,Michael & David Easterby,0.10626,4,False,True,8,True,CHAMPION_INTENT_SHADOW,"INTENT_ADDS_SIGNAL (2025 unseen holdout, 4/4 promotion gates passed)",ARCHIVE_CONTEXT_ONLY_NOT_SCORING,False,SHADOW_INTENT_SIGNAL,False,False,False
922306,Ripon,2026-07-06T20:15:00,Hansteen,8174724,John & Sean Quinn,0.101276,5,False,True,0,True,CHAMPION_INTENT_SHADOW,"INTENT_ADDS_SIGNAL (2025 unseen holdout, 4/4 promotion gates passed)",ARCHIVE_CONTEXT_ONLY_NOT_SCORING,False,SHADOW_INTENT_SIGNAL,False,False,False
922306,Ripon,2026-07-06T20:15:00,Fairydale,7793622,Tim Easterby,0.096912,6,False,True,6,True,CHAMPION_INTENT_SHADOW,"INTENT_ADDS_SIGNAL (2025 unseen holdout, 4/4 promotion gates passed)",ARCHIVE_CONTEXT_ONLY_NOT_SCORING,False,SHADOW_INTENT_SIGNAL,False,False,False
922306,Ripon,2026-07-06T20:15:00,Riddikulus,8397008,Grant Tuer,0.08909,7,False,True,0,True,CHAMPION_INTENT_SHADOW,"INTENT_ADDS_SIGNAL (2025 unseen holdout, 4/4 promotion gates passed)",ARCHIVE_CONTEXT_ONLY_NOT_SCORING,False,SHADOW_INTENT_SIGNAL,False,False,False
922306,Ripon,2026-07-06T20:15:00,Star Of Emerald,8656400,Edward Bethell,0.061506,8,False,True,3,True,CHAMPION_INTENT_SHADOW,"INTENT_ADDS_SIGNAL (2025 unseen holdout, 4/4 promotion gates passed)",ARCHIVE_CONTEXT_ONLY_NOT_SCORING,False,SHADOW_INTENT_SIGNAL,False,False,False
924282,Roscommon,2026-07-06T20:22:00,Goodgollymissholly,7657441,Gordon Elliott,0.110689,1,True,True,0,True,CHAMPION_INTENT_SHADOW,"INTENT_ADDS_SIGNAL (2025 unseen holdout, 4/4 promotion gates passed)",ARCHIVE_CONTEXT_ONLY_NOT_SCORING,False,SHADOW_INTENT_SIGNAL,False,False,False
924282,Roscommon,2026-07-06T20:22:00,Back In Favour,7529909,Anthony McCann,0.110689,2,False,True,0,True,CHAMPION_INTENT_SHADOW,"INTENT_ADDS_SIGNAL (2025 unseen holdout, 4/4 promotion gates passed)",ARCHIVE_CONTEXT_ONLY_NOT_SCORING,False,SHADOW_INTENT_SIGNAL,False,False,False
924282,Roscommon,2026-07-06T20:22:00,Red Sea Girl,7643436,N Stokes,0.07949,3,False,False,0,True,CHAMPION_INTENT_SHADOW,"INTENT_ADDS_SIGNAL (2025 unseen holdout, 4/4 promotion gates passed)",ARCHIVE_CONTEXT_ONLY_NOT_SCORING,False,SHADOW_INTENT_SIGNAL,False,False,False
924282,Roscommon,2026-07-06T20:22:00,Shuil Solas,9494778,John E & Thomas Kiely,0.07949,4,False,False,0,True,CHAMPION_INTENT_SHADOW,"INTENT_ADDS_SIGNAL (2025 unseen holdout, 4/4 promotion gates passed)",ARCHIVE_CONTEXT_ONLY_NOT_SCORING,False,SHADOW_INTENT_SIGNAL,False,False,False
924282,Roscommon,2026-07-06T20:22:00,Nancy Wheeler,9494777,S Curling,0.07949,5,False,False,0,True,CHAMPION_INTENT_SHADOW,"INTENT_ADDS_SIGNAL (2025 unseen holdout, 4/4 promotion gates passed)",ARCHIVE_CONTEXT_ONLY_NOT_SCORING,False,SHADOW_INTENT_SIGNAL,False,False,False
924282,Roscommon,2026-07-06T20:22:00,Bayswater Bloom,8153111,Miss Evanna McCutcheon,0.07949,6,False,False,0,True,CHAMPION_INTENT_SHADOW,"INTENT_ADDS_SIGNAL (2025 unseen holdout, 4/4 promotion gates passed)",ARCHIVE_CONTEXT_ONLY_NOT_SCORING,False,SHADOW_INTENT_SIGNAL,False,False,False
924282,Roscommon,2026-07-06T20:22:00,Aodha's Arrow,7525304,James Joseph Mangan,0.07949,7,False,False,0,True,CHAMPION_INTENT_SHADOW,"INTENT_ADDS_SIGNAL (2025 unseen holdout, 4/4 promotion gates passed)",ARCHIVE_CONTEXT_ONLY_NOT_SCORING,False,SHADOW_INTENT_SIGNAL,False,False,False
924282,Roscommon,2026-07-06T20:22:00,Fournonblondes,9494774,P J Rothwell,0.07949,8,False,False,0,True,CHAMPION_INTENT_SHADOW,"INTENT_ADDS_SIGNAL (2025 unseen holdout, 4/4 promotion gates passed)",ARCHIVE_CONTEXT_ONLY_NOT_SCORING,False,SHADOW_INTENT_SIGNAL,False,False,False
924282,Roscommon,2026-07-06T20:22:00,Likeyouhaveplenty,9083747,Sean O O'Brien,0.07949,9,False,False,0,True,CHAMPION_INTENT_SHADOW,"INTENT_ADDS_SIGNAL (2025 unseen holdout, 4/4 promotion gates passed)",ARCHIVE_CONTEXT_ONLY_NOT_SCORING,False,SHADOW_INTENT_SIGNAL,False,False,False
924282,Roscommon,2026-07-06T20:22:00,Sheactslikesummer,8079915,Padraig Roche,0.07949,10,False,False,0,True,CHAMPION_INTENT_SHADOW,"INTENT_ADDS_SIGNAL (2025 unseen holdout, 4/4 promotion gates passed)",ARCHIVE_CONTEXT_ONLY_NOT_SCORING,False,SHADOW_INTENT_SIGNAL,False,False,False
924282,Roscommon,2026-07-06T20:22:00,Carleys Lilly,9148098,John Patrick Ryan,0.07949,11,False,False,0,True,CHAMPION_INTENT_SHADOW,"INTENT_ADDS_SIGNAL (2025 unseen holdout, 4/4 promotion gates passed)",ARCHIVE_CONTEXT_ONLY_NOT_SCORING,False,SHADOW_INTENT_SIGNAL,False,False,False
924282,Roscommon,2026-07-06T20:22:00,Eleen Alana,9494773,Eoin Griffin,0.07949,12,False,False,0,True,CHAMPION_INTENT_SHADOW,"INTENT_ADDS_SIGNAL (2025 unseen holdout, 4/4 promotion gates passed)",ARCHIVE_CONTEXT_ONLY_NOT_SCORING,False,SHADOW_INTENT_SIGNAL,False,False,False
924282,Roscommon,2026-07-06T20:22:00,Any News For Me,8392260,V C Ward,0.073342,13,False,False,0,True,CHAMPION_INTENT_SHADOW,"INTENT_ADDS_SIGNAL (2025 unseen holdout, 4/4 promotion gates passed)",ARCHIVE_CONTEXT_ONLY_NOT_SCORING,False,SHADOW_INTENT_SIGNAL,False,False,False
924282,Roscommon,2026-07-06T20:22:00,The Cormick Chick,9494780,Patrick G Kelly,0.073342,14,False,False,0,True,CHAMPION_INTENT_SHADOW,"INTENT_ADDS_SIGNAL (2025 unseen holdout, 4/4 promotion gates passed)",ARCHIVE_CONTEXT_ONLY_NOT_SCORING,False,SHADOW_INTENT_SIGNAL,False,False,False
924282,Roscommon,2026-07-06T20:22:00,Madame Du Berlais,7935090,Terence O'Brien,0.073342,15,False,False,0,True,CHAMPION_INTENT_SHADOW,"INTENT_ADDS_SIGNAL (2025 unseen holdout, 4/4 promotion gates passed)",ARCHIVE_CONTEXT_ONLY_NOT_SCORING,False,SHADOW_INTENT_SIGNAL,False,False,False
924282,Roscommon,2026-07-06T20:22:00,Flowers In Therain,9359965,Edward F Power,0.068385,16,False,False,0,True,CHAMPION_INTENT_SHADOW,"INTENT_ADDS_SIGNAL (2025 unseen holdout, 4/4 promotion gates passed)",ARCHIVE_CONTEXT_ONLY_NOT_SCORING,False,SHADOW_INTENT_SIGNAL,False,False,False
924282,Roscommon,2026-07-06T20:22:00,Ronnie's Rascal,8236370,W P Mullins,0.061449,17,False,False,0,True,CHAMPION_INTENT_SHADOW,"INTENT_ADDS_SIGNAL (2025 unseen holdout, 4/4 promotion gates passed)",ARCHIVE_CONTEXT_ONLY_NOT_SCORING,False,SHADOW_INTENT_SIGNAL,False,False,False
924282,Roscommon,2026-07-06T20:22:00,Gratitudeforgrace,9467493,Gordon Elliott,0.061449,18,False,False,0,True,CHAMPION_INTENT_SHADOW,"INTENT_ADDS_SIGNAL (2025 unseen holdout, 4/4 promotion gates passed)",ARCHIVE_CONTEXT_ONLY_NOT_SCORING,False,SHADOW_INTENT_SIGNAL,False,False,False
924282,Roscommon,2026-07-06T20:22:00,My Girl Rosie,9110907,Ian Patrick Donoghue,0.061449,19,False,False,0,True,CHAMPION_INTENT_SHADOW,"INTENT_ADDS_SIGNAL (2025 unseen holdout, 4/4 promotion gates passed)",ARCHIVE_CONTEXT_ONLY_NOT_SCORING,False,SHADOW_INTENT_SIGNAL,False,False,False
922467,Wolverhampton (AW),2026-07-06T20:30:00,Mythical Isle,6442162,Patrick Morris,0.144538,1,True,True,5,True,CHAMPION_INTENT_SHADOW,"INTENT_ADDS_SIGNAL (2025 unseen holdout, 4/4 promotion gates passed)",ARCHIVE_CONTEXT_ONLY_NOT_SCORING,False,SHADOW_INTENT_SIGNAL,False,False,False
922467,Wolverhampton (AW),2026-07-06T20:30:00,Starakova,7648502,Warren Greatrex,0.100153,2,False,True,5,True,CHAMPION_INTENT_SHADOW,"INTENT_ADDS_SIGNAL (2025 unseen holdout, 4/4 promotion gates passed)",ARCHIVE_CONTEXT_ONLY_NOT_SCORING,False,SHADOW_INTENT_SIGNAL,False,False,False
922467,Wolverhampton (AW),2026-07-06T20:30:00,Lady Delila,4628805,Patrick Morris,0.080546,3,False,True,5,True,CHAMPION_INTENT_SHADOW,"INTENT_ADDS_SIGNAL (2025 unseen holdout, 4/4 promotion gates passed)",ARCHIVE_CONTEXT_ONLY_NOT_SCORING,False,SHADOW_INTENT_SIGNAL,False,False,False
922467,Wolverhampton (AW),2026-07-06T20:30:00,Splinterwood,8515697,Michael Appleby,0.076147,4,False,False,0,True,CHAMPION_INTENT_SHADOW,"INTENT_ADDS_SIGNAL (2025 unseen holdout, 4/4 promotion gates passed)",ARCHIVE_CONTEXT_ONLY_NOT_SCORING,False,SHADOW_INTENT_SIGNAL,False,False,False
922467,Wolverhampton (AW),2026-07-06T20:30:00,Implied Volatility,7551807,Jennie Candlish,0.075145,5,False,False,0,True,CHAMPION_INTENT_SHADOW,"INTENT_ADDS_SIGNAL (2025 unseen holdout, 4/4 promotion gates passed)",ARCHIVE_CONTEXT_ONLY_NOT_SCORING,False,SHADOW_INTENT_SIGNAL,False,False,False
922467,Wolverhampton (AW),2026-07-06T20:30:00,Crown The Future,8001139,Tony Carroll,0.069158,6,False,False,0,True,CHAMPION_INTENT_SHADOW,"INTENT_ADDS_SIGNAL (2025 unseen holdout, 4/4 promotion gates passed)",ARCHIVE_CONTEXT_ONLY_NOT_SCORING,False,SHADOW_INTENT_SIGNAL,False,False,False
922467,Wolverhampton (AW),2026-07-06T20:30:00,Seconds Count,5845673,Dr Richard Newland & Jamie Insole,0.064556,7,False,True,0,True,CHAMPION_INTENT_SHADOW,"INTENT_ADDS_SIGNAL (2025 unseen holdout, 4/4 promotion gates passed)",ARCHIVE_CONTEXT_ONLY_NOT_SCORING,False,SHADOW_INTENT_SIGNAL,False,False,False
922467,Wolverhampton (AW),2026-07-06T20:30:00,Manton Road,6134848,Richard Phillips,0.063594,8,False,True,5,True,CHAMPION_INTENT_SHADOW,"INTENT_ADDS_SIGNAL (2025 unseen holdout, 4/4 promotion gates passed)",ARCHIVE_CONTEXT_ONLY_NOT_SCORING,False,SHADOW_INTENT_SIGNAL,False,False,False
922467,Wolverhampton (AW),2026-07-06T20:30:00,Midnight Media,7970717,William Muir & Chris Grassick,0.060626,9,False,True,5,True,CHAMPION_INTENT_SHADOW,"INTENT_ADDS_SIGNAL (2025 unseen holdout, 4/4 promotion gates passed)",ARCHIVE_CONTEXT_ONLY_NOT_SCORING,False,SHADOW_INTENT_SIGNAL,False,False,False
922467,Wolverhampton (AW),2026-07-06T20:30:00,King Of Speed,3366623,Mark Loughnane,0.059019,10,False,True,0,True,CHAMPION_INTENT_SHADOW,"INTENT_ADDS_SIGNAL (2025 unseen holdout, 4/4 promotion gates passed)",ARCHIVE_CONTEXT_ONLY_NOT_SCORING,False,SHADOW_INTENT_SIGNAL,False,False,False
922467,Wolverhampton (AW),2026-07-06T20:30:00,Celebrating Ethel,4808607,Tony Carroll,0.056568,11,False,True,5,True,CHAMPION_INTENT_SHADOW,"INTENT_ADDS_SIGNAL (2025 unseen holdout, 4/4 promotion gates passed)",ARCHIVE_CONTEXT_ONLY_NOT_SCORING,False,SHADOW_INTENT_SIGNAL,False,False,False
922467,Wolverhampton (AW),2026-07-06T20:30:00,Lhebayeb,3212568,Richard Price,0.050617,12,False,True,0,True,CHAMPION_INTENT_SHADOW,"INTENT_ADDS_SIGNAL (2025 unseen holdout, 4/4 promotion gates passed)",ARCHIVE_CONTEXT_ONLY_NOT_SCORING,False,SHADOW_INTENT_SIGNAL,False,False,False
922467,Wolverhampton (AW),2026-07-06T20:30:00,Will Be King,2117574,John C McConnell,0.04897,13,False,False,0,True,CHAMPION_INTENT_SHADOW,"INTENT_ADDS_SIGNAL (2025 unseen holdout, 4/4 promotion gates passed)",ARCHIVE_CONTEXT_ONLY_NOT_SCORING,False,SHADOW_INTENT_SIGNAL,False,False,False
922307,Ripon,2026-07-06T20:52:00,Northern Tempest,7436440,Michael Dods,0.104158,1,True,True,5,True,CHAMPION_INTENT_SHADOW,"INTENT_ADDS_SIGNAL (2025 unseen holdout, 4/4 promotion gates passed)",ARCHIVE_CONTEXT_ONLY_NOT_SCORING,False,SHADOW_INTENT_SIGNAL,False,False,False
922307,Ripon,2026-07-06T20:52:00,Tie Fighter,7816040,Ed Dunlop,0.103966,2,False,True,5,True,CHAMPION_INTENT_SHADOW,"INTENT_ADDS_SIGNAL (2025 unseen holdout, 4/4 promotion gates passed)",ARCHIVE_CONTEXT_ONLY_NOT_SCORING,False,SHADOW_INTENT_SIGNAL,False,False,False
922307,Ripon,2026-07-06T20:52:00,Hvar,7390866,John & Sean Quinn,0.1021,3,False,True,5,True,CHAMPION_INTENT_SHADOW,"INTENT_ADDS_SIGNAL (2025 unseen holdout, 4/4 promotion gates passed)",ARCHIVE_CONTEXT_ONLY_NOT_SCORING,False,SHADOW_INTENT_SIGNAL,False,False,False
922307,Ripon,2026-07-06T20:52:00,Mare Of London,7020394,Mark Walford,0.099611,4,False,False,0,True,CHAMPION_INTENT_SHADOW,"INTENT_ADDS_SIGNAL (2025 unseen holdout, 4/4 promotion gates passed)",ARCHIVE_CONTEXT_ONLY_NOT_SCORING,False,SHADOW_INTENT_SIGNAL,False,False,False
922307,Ripon,2026-07-06T20:52:00,Brash,8022555,David & Nicola Barron,0.098049,5,False,True,1,True,CHAMPION_INTENT_SHADOW,"INTENT_ADDS_SIGNAL (2025 unseen holdout, 4/4 promotion gates passed)",ARCHIVE_CONTEXT_ONLY_NOT_SCORING,False,SHADOW_INTENT_SIGNAL,False,False,False
922307,Ripon,2026-07-06T20:52:00,Lamlash Bay,8335410,Michael & David Easterby,0.0966,6,False,False,0,True,CHAMPION_INTENT_SHADOW,"INTENT_ADDS_SIGNAL (2025 unseen holdout, 4/4 promotion gates passed)",ARCHIVE_CONTEXT_ONLY_NOT_SCORING,False,SHADOW_INTENT_SIGNAL,False,False,False
922307,Ripon,2026-07-06T20:52:00,Soul Warrior,7856861,Nigel Tinkler,0.093607,7,False,True,0,True,CHAMPION_INTENT_SHADOW,"INTENT_ADDS_SIGNAL (2025 unseen holdout, 4/4 promotion gates passed)",ARCHIVE_CONTEXT_ONLY_NOT_SCORING,False,SHADOW_INTENT_SIGNAL,False,False,False
922307,Ripon,2026-07-06T20:52:00,Havana Oaks,7436380,Ivan Furtado,0.076193,8,False,False,0,True,CHAMPION_INTENT_SHADOW,"INTENT_ADDS_SIGNAL (2025 unseen holdout, 4/4 promotion gates passed)",ARCHIVE_CONTEXT_ONLY_NOT_SCORING,False,SHADOW_INTENT_SIGNAL,False,False,False
922307,Ripon,2026-07-06T20:52:00,Long Shot,8013552,Tim Easterby,0.07163,9,False,True,7,True,CHAMPION_INTENT_SHADOW,"INTENT_ADDS_SIGNAL (2025 unseen holdout, 4/4 promotion gates passed)",ARCHIVE_CONTEXT_ONLY_NOT_SCORING,False,SHADOW_INTENT_SIGNAL,False,False,False
922464,Wolverhampton (AW),2026-07-06T21:00:00,Post Rider,5426860,Oliver Cole,0.113285,1,True,True,5,True,CHAMPION_INTENT_SHADOW,"INTENT_ADDS_SIGNAL (2025 unseen holdout, 4/4 promotion gates passed)",ARCHIVE_CONTEXT_ONLY_NOT_SCORING,False,SHADOW_INTENT_SIGNAL,False,False,False
922464,Wolverhampton (AW),2026-07-06T21:00:00,Barry's Boy,6064638,Denis Coakley,0.090305,2,False,True,5,True,CHAMPION_INTENT_SHADOW,"INTENT_ADDS_SIGNAL (2025 unseen holdout, 4/4 promotion gates passed)",ARCHIVE_CONTEXT_ONLY_NOT_SCORING,False,SHADOW_INTENT_SIGNAL,False,False,False
922464,Wolverhampton (AW),2026-07-06T21:00:00,Galaxy Wonder,7134165,Tony Carroll,0.082274,3,False,True,0,True,CHAMPION_INTENT_SHADOW,"INTENT_ADDS_SIGNAL (2025 unseen holdout, 4/4 promotion gates passed)",ARCHIVE_CONTEXT_ONLY_NOT_SCORING,False,SHADOW_INTENT_SIGNAL,False,False,False
922464,Wolverhampton (AW),2026-07-06T21:00:00,Serious Look,4445402,Thomas Faulkner,0.078486,4,False,True,0,True,CHAMPION_INTENT_SHADOW,"INTENT_ADDS_SIGNAL (2025 unseen holdout, 4/4 promotion gates passed)",ARCHIVE_CONTEXT_ONLY_NOT_SCORING,False,SHADOW_INTENT_SIGNAL,False,False,False
922464,Wolverhampton (AW),2026-07-06T21:00:00,Imola,5254269,Joey Ramsden,0.077514,5,False,True,0,True,CHAMPION_INTENT_SHADOW,"INTENT_ADDS_SIGNAL (2025 unseen holdout, 4/4 promotion gates passed)",ARCHIVE_CONTEXT_ONLY_NOT_SCORING,False,SHADOW_INTENT_SIGNAL,False,False,False
922464,Wolverhampton (AW),2026-07-06T21:00:00,Primo Lara,5315434,Jack Morland,0.076138,6,False,True,5,True,CHAMPION_INTENT_SHADOW,"INTENT_ADDS_SIGNAL (2025 unseen holdout, 4/4 promotion gates passed)",ARCHIVE_CONTEXT_ONLY_NOT_SCORING,False,SHADOW_INTENT_SIGNAL,False,False,False
922464,Wolverhampton (AW),2026-07-06T21:00:00,Sea The Light,7457903,John Butler,0.074584,7,False,False,0,True,CHAMPION_INTENT_SHADOW,"INTENT_ADDS_SIGNAL (2025 unseen holdout, 4/4 promotion gates passed)",ARCHIVE_CONTEXT_ONLY_NOT_SCORING,False,SHADOW_INTENT_SIGNAL,False,False,False
922464,Wolverhampton (AW),2026-07-06T21:00:00,Turku,8196281,Simon & Ed Crisford,0.069639,8,False,False,0,True,CHAMPION_INTENT_SHADOW,"INTENT_ADDS_SIGNAL (2025 unseen holdout, 4/4 promotion gates passed)",ARCHIVE_CONTEXT_ONLY_NOT_SCORING,False,SHADOW_INTENT_SIGNAL,False,False,False
922464,Wolverhampton (AW),2026-07-06T21:00:00,Guitar Solo,8157549,Richard Hannon,0.06198,9,False,True,2,True,CHAMPION_INTENT_SHADOW,"INTENT_ADDS_SIGNAL (2025 unseen holdout, 4/4 promotion gates passed)",ARCHIVE_CONTEXT_ONLY_NOT_SCORING,False,SHADOW_INTENT_SIGNAL,False,False,False
922464,Wolverhampton (AW),2026-07-06T21:00:00,Joseph,6750141,John Butler,0.060324,10,False,False,0,True,CHAMPION_INTENT_SHADOW,"INTENT_ADDS_SIGNAL (2025 unseen holdout, 4/4 promotion gates passed)",ARCHIVE_CONTEXT_ONLY_NOT_SCORING,False,SHADOW_INTENT_SIGNAL,False,False,False
922464,Wolverhampton (AW),2026-07-06T21:00:00,Oman,3142182,Tony Carroll,0.039944,11,False,True,5,True,CHAMPION_INTENT_SHADOW,"INTENT_ADDS_SIGNAL (2025 unseen holdout, 4/4 promotion gates passed)",ARCHIVE_CONTEXT_ONLY_NOT_SCORING,False,SHADOW_INTENT_SIGNAL,False,False,False
922464,Wolverhampton (AW),2026-07-06T21:00:00,Harbour Vision,1562851,Scott Dixon,0.028247,12,False,True,5,True,CHAMPION_INTENT_SHADOW,"INTENT_ADDS_SIGNAL (2025 unseen holdout, 4/4 promotion gates passed)",ARCHIVE_CONTEXT_ONLY_NOT_SCORING,False,SHADOW_INTENT_SIGNAL,False,False,False
