date,course,off_time,race_id,tipster,raw_tipster,horse,is_nap,result,position,sp_dec,pnl,winner,winner_sp
2026-05-17,HAM,3.45,pdf_6b3992a4,SPOTLIGHT,SPOTLIGHT,Mind Those Steps,False,WIN,1,4.5,3.5,Mind Those Steps,4.5
2026-05-17,HAM,4.15,pdf_7dd7acb6,SPOTLIGHT,SPOTLIGHT,Red Spells Danger,False,WIN,1,3.25,2.25,Red Spells Danger,3.25
2026-05-17,HAM,4.45,pdf_dcc698ac,SPOTLIGHT,SPOTLIGHT,Ride The Thunder,False,PLACE,3,3.5,-1.0,Valiancy,2.25
2026-05-17,HAM,5.15,pdf_3a839772,SPOTLIGHT,SPOTLIGHT,Reigning Profit,False,PLACE,2,7.5,-1.0,Vantheman,11.0
2026-05-17,HAM,5.45,pdf_956b71d2,SPOTLIGHT,SPOTLIGHT,Plaid,False,WIN,1,3.0,2.0,Plaid,3.0
2026-05-17,HAM,6.15,pdf_a8d93092,SPOTLIGHT,SPOTLIGHT,Montezuma,False,LOSE,13,4.5,-1.0,Mae Amor,67.0
2026-05-17,HAM,6.45,pdf_cfe427a2,SPOTLIGHT,SPOTLIGHT,Letsbefrank,False,WIN,1,3.5,2.5,Letsbefrank,3.5
2026-05-17,HAM,4.15,pdf_7dd7acb6,RP RATINGS,RP RATINGS (Paul Curtis),Cotai Lights,False,LOSE,11,23.0,-1.0,Red Spells Danger,3.25
2026-05-17,HAM,4.45,pdf_dcc698ac,RP RATINGS,RP RATINGS (Paul Curtis),Ride The Thunder,False,PLACE,3,3.5,-1.0,Valiancy,2.25
2026-05-17,HAM,5.15,pdf_3a839772,RP RATINGS,RP RATINGS (Paul Curtis),Station X,False,LOSE,6,5.5,-1.0,Vantheman,11.0
2026-05-17,HAM,5.45,pdf_956b71d2,RP RATINGS,RP RATINGS (Paul Curtis),Epidavros,False,LOSE,4,6.5,-1.0,Plaid,3.0
2026-05-17,HAM,6.15,pdf_a8d93092,RP RATINGS,RP RATINGS (Paul Curtis),Jonny Concrete,True,PLACE,2,3.5,-1.0,Mae Amor,67.0
2026-05-17,HAM,6.45,pdf_cfe427a2,RP RATINGS,RP RATINGS (Paul Curtis),Letsbefrank,False,WIN,1,3.5,2.5,Letsbefrank,3.5
2026-05-17,HAM,4.15,pdf_7dd7acb6,TOPSPEED,TOPSPEED,Marcellinus,False,PLACE,2,3.75,-1.0,Red Spells Danger,3.25
2026-05-17,HAM,4.45,pdf_dcc698ac,TOPSPEED,TOPSPEED,Savrola,False,LOSE,11,13.0,-1.0,Valiancy,2.25
2026-05-17,HAM,5.15,pdf_3a839772,TOPSPEED,TOPSPEED,Manila Scouse,False,PLACE,3,17.0,-1.0,Vantheman,11.0
2026-05-17,HAM,5.45,pdf_956b71d2,TOPSPEED,TOPSPEED,Dunkeld Dreamer,False,PLACE,2,2.88,-1.0,Plaid,3.0
2026-05-17,HAM,6.15,pdf_a8d93092,TOPSPEED,TOPSPEED,Rock Opera,False,LOSE,4,7.0,-1.0,Mae Amor,67.0
2026-05-17,HAM,6.45,pdf_cfe427a2,TOPSPEED,TOPSPEED,Jaminoz,False,LOSE,5,23.0,-1.0,Letsbefrank,3.5
2026-05-17,HAM,3.45,pdf_6b3992a4,POSTDATA,POSTDATA,Mind Those Steps,False,WIN,1,4.5,3.5,Mind Those Steps,4.5
2026-05-17,HAM,4.15,pdf_7dd7acb6,POSTDATA,POSTDATA,Go Vince Go,False,PLACE,3,11.0,-1.0,Red Spells Danger,3.25
2026-05-17,HAM,4.45,pdf_dcc698ac,POSTDATA,POSTDATA,Trojan Sun,False,LOSE,8,21.0,-1.0,Valiancy,2.25
2026-05-17,HAM,5.15,pdf_3a839772,POSTDATA,POSTDATA,Reigning Profit,False,PLACE,2,7.5,-1.0,Vantheman,11.0
2026-05-17,HAM,5.45,pdf_956b71d2,POSTDATA,POSTDATA,Dunkeld Dreamer,False,PLACE,2,2.88,-1.0,Plaid,3.0
2026-05-17,HAM,6.15,pdf_a8d93092,POSTDATA,POSTDATA,The Good Biscuit,False,LOSE,8,9.5,-1.0,Mae Amor,67.0
2026-05-17,HAM,6.45,pdf_cfe427a2,POSTDATA,POSTDATA,Fast Fred,False,LOSE,8,3.75,-1.0,Letsbefrank,3.5
2026-05-17,HAM,4.15,pdf_7dd7acb6,LAMBOURN (Liam Headd),LAMBOURN (Liam Headd),Gouken,False,LOSE,5,6.5,-1.0,Red Spells Danger,3.25
2026-05-17,HAM,3.45,pdf_6b3992a4,NEWMARKET (David Milnes),NEWMARKET (David Milnes),This Moment,False,PLACE,2,4.33,-1.0,Mind Those Steps,4.5
2026-05-17,HAM,4.15,pdf_7dd7acb6,NEWMARKET (David Milnes),NEWMARKET (David Milnes),Alasrae,True,LOSE,7,23.0,-1.0,Red Spells Danger,3.25
2026-05-17,HAM,4.45,pdf_dcc698ac,NEWMARKET (David Milnes),NEWMARKET (David Milnes),Valiancy,False,WIN,1,2.25,1.25,Valiancy,2.25
2026-05-17,HAM,5.45,pdf_956b71d2,NEWMARKET (David Milnes),NEWMARKET (David Milnes),Plaid,False,WIN,1,3.0,2.0,Plaid,3.0
2026-05-17,HAM,4.15,pdf_7dd7acb6,THE NORTH (Mark Rowntree),THE NORTH (Mark Rowntree),Dandy Breeze,True,LOSE,14,21.0,-1.0,Red Spells Danger,3.25
2026-05-17,HAM,3.45,pdf_6b3992a4,THE TIMES (Rob Wright),THE TIMES (Rob Wright),Mind Those Steps,False,WIN,1,4.5,3.5,Mind Those Steps,4.5
2026-05-17,HAM,4.15,pdf_7dd7acb6,THE TIMES (Rob Wright),THE TIMES (Rob Wright),Red Spells Danger,False,WIN,1,3.25,2.25,Red Spells Danger,3.25
2026-05-17,HAM,4.45,pdf_dcc698ac,THE TIMES (Rob Wright),THE TIMES (Rob Wright),Putapoundinthejar,False,LOSE,7,10.0,-1.0,Valiancy,2.25
2026-05-17,HAM,5.15,pdf_3a839772,THE TIMES (Rob Wright),THE TIMES (Rob Wright),Station X,False,LOSE,6,5.5,-1.0,Vantheman,11.0
2026-05-17,HAM,5.45,pdf_956b71d2,THE TIMES (Rob Wright),THE TIMES (Rob Wright),Dunkeld Dreamer,False,PLACE,2,2.88,-1.0,Plaid,3.0
2026-05-17,HAM,6.15,pdf_a8d93092,THE TIMES (Rob Wright),THE TIMES (Rob Wright),Montezuma,False,LOSE,13,4.5,-1.0,Mae Amor,67.0
2026-05-17,HAM,6.45,pdf_cfe427a2,THE TIMES (Rob Wright),THE TIMES (Rob Wright),L'Eagle Aid,False,DNF,DNF,8.0,0.0,Letsbefrank,3.5
2026-05-17,HAM,3.45,pdf_6b3992a4,TELEGRAPH (Marlborough),TELEGRAPH (Marlborough),Location Location,False,PLACE,3,3.12,-1.0,Mind Those Steps,4.5
2026-05-17,HAM,4.15,pdf_7dd7acb6,TELEGRAPH (Marlborough),TELEGRAPH (Marlborough),Marcellinus,False,PLACE,2,3.75,-1.0,Red Spells Danger,3.25
2026-05-17,HAM,4.45,pdf_dcc698ac,TELEGRAPH (Marlborough),TELEGRAPH (Marlborough),Ghaiyya,False,PLACE,2,11.0,-1.0,Valiancy,2.25
2026-05-17,HAM,5.15,pdf_3a839772,TELEGRAPH (Marlborough),TELEGRAPH (Marlborough),Vince L'Amour,False,LOSE,13,15.0,-1.0,Vantheman,11.0
2026-05-17,HAM,5.45,pdf_956b71d2,TELEGRAPH (Marlborough),TELEGRAPH (Marlborough),Plaid,False,WIN,1,3.0,2.0,Plaid,3.0
2026-05-17,HAM,6.15,pdf_a8d93092,TELEGRAPH (Marlborough),TELEGRAPH (Marlborough),Montezuma,True,LOSE,13,4.5,-1.0,Mae Amor,67.0
2026-05-17,HAM,6.45,pdf_cfe427a2,TELEGRAPH (Marlborough),TELEGRAPH (Marlborough),Secret Force,False,LOSE,4,6.0,-1.0,Letsbefrank,3.5
2026-05-17,HAM,4.15,pdf_7dd7acb6,THE GUARDIAN,THE GUARDIAN,Red Spells Danger,False,WIN,1,3.25,2.25,Red Spells Danger,3.25
2026-05-17,HAM,5.15,pdf_3a839772,DAILY MAIL (Robin Goodfellow),DAILY MAIL (Robin Goodfellow),Jordan Electrics,False,LOSE,9,5.5,-1.0,Vantheman,11.0
2026-05-17,HAM,3.45,pdf_6b3992a4,D EXPRESS (Melissa Jones),D EXPRESS (Melissa Jones),Mind Those Steps,False,WIN,1,4.5,3.5,Mind Those Steps,4.5
2026-05-17,HAM,4.15,pdf_7dd7acb6,D EXPRESS (Melissa Jones),D EXPRESS (Melissa Jones),Red Spells Danger,False,WIN,1,3.25,2.25,Red Spells Danger,3.25
2026-05-17,HAM,4.45,pdf_dcc698ac,D EXPRESS (Melissa Jones),D EXPRESS (Melissa Jones),Valiancy,False,WIN,1,2.25,1.25,Valiancy,2.25
2026-05-17,HAM,5.15,pdf_3a839772,D EXPRESS (Melissa Jones),D EXPRESS (Melissa Jones),Alpha Magic,True,LOSE,8,13.0,-1.0,Vantheman,11.0
2026-05-17,HAM,5.45,pdf_956b71d2,D EXPRESS (Melissa Jones),D EXPRESS (Melissa Jones),Plaid,False,WIN,1,3.0,2.0,Plaid,3.0
2026-05-17,HAM,6.15,pdf_a8d93092,D EXPRESS (Melissa Jones),D EXPRESS (Melissa Jones),Montezuma,False,LOSE,13,4.5,-1.0,Mae Amor,67.0
2026-05-17,HAM,6.45,pdf_cfe427a2,D EXPRESS (Melissa Jones),D EXPRESS (Melissa Jones),Sure And Stedfast,False,PLACE,3,15.0,-1.0,Letsbefrank,3.5
2026-05-17,HAM,3.45,pdf_6b3992a4,DAILY MIRROR (Newsboy),DAILY MIRROR (Newsboy),This Moment,False,PLACE,2,4.33,-1.0,Mind Those Steps,4.5
2026-05-17,HAM,4.15,pdf_7dd7acb6,DAILY MIRROR (Newsboy),DAILY MIRROR (Newsboy),Go Vince Go,False,PLACE,3,11.0,-1.0,Red Spells Danger,3.25
2026-05-17,HAM,4.45,pdf_dcc698ac,DAILY MIRROR (Newsboy),DAILY MIRROR (Newsboy),Ghaiyya,False,PLACE,2,11.0,-1.0,Valiancy,2.25
2026-05-17,HAM,5.15,pdf_3a839772,DAILY MIRROR (Newsboy),DAILY MIRROR (Newsboy),Jordan Electrics,False,LOSE,9,5.5,-1.0,Vantheman,11.0
2026-05-17,HAM,5.45,pdf_956b71d2,DAILY MIRROR (Newsboy),DAILY MIRROR (Newsboy),Plaid,False,WIN,1,3.0,2.0,Plaid,3.0
2026-05-17,HAM,6.15,pdf_a8d93092,DAILY MIRROR (Newsboy),DAILY MIRROR (Newsboy),Aberama Gold,False,LOSE,11,21.0,-1.0,Mae Amor,67.0
2026-05-17,HAM,6.45,pdf_cfe427a2,DAILY MIRROR (Newsboy),DAILY MIRROR (Newsboy),Fast Fred,False,LOSE,8,3.75,-1.0,Letsbefrank,3.5
2026-05-17,HAM,3.45,pdf_6b3992a4,THE SUN (Templegate),THE SUN (Templegate),Mind Those Steps,False,WIN,1,4.5,3.5,Mind Those Steps,4.5
2026-05-17,HAM,4.15,pdf_7dd7acb6,THE SUN (Templegate),THE SUN (Templegate),Mo Of Cairo,False,LOSE,6,9.0,-1.0,Red Spells Danger,3.25
2026-05-17,HAM,4.45,pdf_dcc698ac,THE SUN (Templegate),THE SUN (Templegate),Valiancy,False,WIN,1,2.25,1.25,Valiancy,2.25
2026-05-17,HAM,5.15,pdf_3a839772,THE SUN (Templegate),THE SUN (Templegate),Jordan Electrics,False,LOSE,9,5.5,-1.0,Vantheman,11.0
2026-05-17,HAM,5.45,pdf_956b71d2,THE SUN (Templegate),THE SUN (Templegate),Plaid,False,WIN,1,3.0,2.0,Plaid,3.0
2026-05-17,HAM,6.15,pdf_a8d93092,THE SUN (Templegate),THE SUN (Templegate),Jonny Concrete,False,PLACE,2,3.5,-1.0,Mae Amor,67.0
2026-05-17,HAM,6.45,pdf_cfe427a2,THE SUN (Templegate),THE SUN (Templegate),Letsbefrank,False,WIN,1,3.5,2.5,Letsbefrank,3.5
2026-05-17,HAM,3.45,pdf_6b3992a4,THE STAR (Jason Heavey),THE STAR (Jason Heavey),Location Location,False,PLACE,3,3.12,-1.0,Mind Those Steps,4.5
2026-05-17,HAM,4.15,pdf_7dd7acb6,THE STAR (Jason Heavey),THE STAR (Jason Heavey),Alasrae,False,LOSE,7,23.0,-1.0,Red Spells Danger,3.25
2026-05-17,HAM,4.45,pdf_dcc698ac,THE STAR (Jason Heavey),THE STAR (Jason Heavey),Valiancy,False,WIN,1,2.25,1.25,Valiancy,2.25
2026-05-17,HAM,5.15,pdf_3a839772,THE STAR (Jason Heavey),THE STAR (Jason Heavey),Woohoo,False,LOSE,4,10.0,-1.0,Vantheman,11.0
2026-05-17,HAM,5.45,pdf_956b71d2,THE STAR (Jason Heavey),THE STAR (Jason Heavey),Plaid,False,WIN,1,3.0,2.0,Plaid,3.0
2026-05-17,HAM,6.15,pdf_a8d93092,THE STAR (Jason Heavey),THE STAR (Jason Heavey),Montezuma,False,LOSE,13,4.5,-1.0,Mae Amor,67.0
2026-05-17,HAM,6.45,pdf_cfe427a2,THE STAR (Jason Heavey),THE STAR (Jason Heavey),Krissy,True,PLACE,2,4.33,-1.0,Letsbefrank,3.5
2026-05-17,HAM,3.45,pdf_6b3992a4,DAILY RECORD (Garry Owen),DAILY RECORD (Garry Owen),This Moment,False,PLACE,2,4.33,-1.0,Mind Those Steps,4.5
2026-05-17,HAM,4.15,pdf_7dd7acb6,DAILY RECORD (Garry Owen),DAILY RECORD (Garry Owen),Red Spells Danger,False,WIN,1,3.25,2.25,Red Spells Danger,3.25
2026-05-17,HAM,4.45,pdf_dcc698ac,DAILY RECORD (Garry Owen),DAILY RECORD (Garry Owen),Ghaiyya,True,PLACE,2,11.0,-1.0,Valiancy,2.25
2026-05-17,HAM,5.15,pdf_3a839772,DAILY RECORD (Garry Owen),DAILY RECORD (Garry Owen),Station X,False,LOSE,6,5.5,-1.0,Vantheman,11.0
2026-05-17,HAM,5.45,pdf_956b71d2,DAILY RECORD (Garry Owen),DAILY RECORD (Garry Owen),Seren Star,False,PLACE,3,6.0,-1.0,Plaid,3.0
2026-05-17,HAM,6.15,pdf_a8d93092,DAILY RECORD (Garry Owen),DAILY RECORD (Garry Owen),Jonny Concrete,False,PLACE,2,3.5,-1.0,Mae Amor,67.0
2026-05-17,HAM,6.45,pdf_cfe427a2,DAILY RECORD (Garry Owen),DAILY RECORD (Garry Owen),Letsbefrank,False,WIN,1,3.5,2.5,Letsbefrank,3.5
2026-05-17,Naas,1.56,pdf_27854d10,SPOTLIGHT,SPOTLIGHT,Shaftesbury Avenue,False,LOSE,6,3.0,-1.0,Bobby Mcgee,4.0
2026-05-17,Naas,2.26,pdf_9d21497c,SPOTLIGHT,SPOTLIGHT,Far From Dandy,False,PLACE,2,4.33,-1.0,Jagged Edge,11.0
2026-05-17,Naas,2.56,pdf_c29ed256,SPOTLIGHT,SPOTLIGHT,Star Prospect,False,PLACE,3,1.67,-1.0,Your Song,26.0
2026-05-17,Naas,3.26,pdf_157b036e,SPOTLIGHT,SPOTLIGHT,Solana Beach,False,LOSE,4,7.0,-1.0,Totally Puzzled,51.0
2026-05-17,Naas,3.56,pdf_b6cd7d6d,SPOTLIGHT,SPOTLIGHT,Expanded,False,PLACE,2,3.25,-1.0,Wannabe Royal,34.0
2026-05-17,Naas,4.26,pdf_0cf7aa56,SPOTLIGHT,SPOTLIGHT,Victorious,False,WIN,1,1.91,0.91,Victorious,1.91
2026-05-17,Naas,4.56,pdf_d48c083a,SPOTLIGHT,SPOTLIGHT,Charles Darwin,False,LOSE,8,2.0,-1.0,Havana Anna,3.25
2026-05-17,Naas,5.26,pdf_300b1896,SPOTLIGHT,SPOTLIGHT,Mission Central,False,WIN,1,2.25,1.25,Mission Central,2.25
2026-05-17,Naas,1.56,pdf_27854d10,RP RATINGS,RP RATINGS (IRE) (Ainsley Scorah),Bobby McGee,False,WIN,1,4.0,3.0,Bobby Mcgee,4.0
2026-05-17,Naas,2.26,pdf_9d21497c,RP RATINGS,RP RATINGS (IRE) (Ainsley Scorah),Booyea,False,LOSE,5,6.0,-1.0,Jagged Edge,11.0
2026-05-17,Naas,2.56,pdf_c29ed256,RP RATINGS,RP RATINGS (IRE) (Ainsley Scorah),What A Girl Wants,False,PLACE,2,4.0,-1.0,Your Song,26.0
2026-05-17,Naas,3.26,pdf_157b036e,RP RATINGS,RP RATINGS (IRE) (Ainsley Scorah),Solana Beach,False,LOSE,4,7.0,-1.0,Totally Puzzled,51.0
2026-05-17,Naas,3.56,pdf_b6cd7d6d,RP RATINGS,RP RATINGS (IRE) (Ainsley Scorah),Native Warrior,False,LOSE,7,2.62,-1.0,Wannabe Royal,34.0
2026-05-17,Naas,4.26,pdf_0cf7aa56,RP RATINGS,RP RATINGS (IRE) (Ainsley Scorah),Velozee,False,LOSE,4,2.75,-1.0,Victorious,1.91
2026-05-17,Naas,4.56,pdf_d48c083a,RP RATINGS,RP RATINGS (IRE) (Ainsley Scorah),Royal Bay Cen,False,LOSE,4,8.0,-1.0,Havana Anna,3.25
2026-05-17,Naas,5.26,pdf_300b1896,RP RATINGS,RP RATINGS (IRE) (Ainsley Scorah),Mission Central,False,WIN,1,2.25,1.25,Mission Central,2.25
2026-05-17,Naas,1.56,pdf_27854d10,RP RATINGS,RP RATINGS (IRE) (Jonathan,McGee,False,WIN,1,4.0,3.0,Bobby Mcgee,4.0
2026-05-17,Naas,1.56,pdf_27854d10,TOPSPEED,TOPSPEED,Bobby McGee,False,WIN,1,4.0,3.0,Bobby Mcgee,4.0
2026-05-17,Naas,2.26,pdf_9d21497c,TOPSPEED,TOPSPEED,Glory To Be,False,LOSE,9,13.0,-1.0,Jagged Edge,11.0
2026-05-17,Naas,3.56,pdf_b6cd7d6d,TOPSPEED,TOPSPEED,Rahmi,False,LOSE,8,17.0,-1.0,Wannabe Royal,34.0
2026-05-17,Naas,4.26,pdf_0cf7aa56,TOPSPEED,TOPSPEED,Vollering,False,LOSE,5,15.0,-1.0,Victorious,1.91
2026-05-17,Naas,4.56,pdf_d48c083a,TOPSPEED,TOPSPEED,Havana Anna,False,WIN,1,3.25,2.25,Havana Anna,3.25
2026-05-17,Naas,5.26,pdf_300b1896,TOPSPEED,TOPSPEED,Mission Central,False,WIN,1,2.25,1.25,Mission Central,2.25
2026-05-17,Naas,1.56,pdf_27854d10,POSTDATA,POSTDATA,Port Ferdinand,False,LOSE,4,8.5,-1.0,Bobby Mcgee,4.0
2026-05-17,Naas,2.26,pdf_9d21497c,POSTDATA,POSTDATA,Fast Tara,False,PLACE,3,9.0,-1.0,Jagged Edge,11.0
2026-05-17,Naas,2.56,pdf_c29ed256,POSTDATA,POSTDATA,What A Girl Wants,False,PLACE,2,4.0,-1.0,Your Song,26.0
2026-05-17,Naas,3.26,pdf_157b036e,POSTDATA,POSTDATA,Solana Beach,False,LOSE,4,7.0,-1.0,Totally Puzzled,51.0
2026-05-17,Naas,3.56,pdf_b6cd7d6d,POSTDATA,POSTDATA,King Cuan,False,DNF,DNF,6.5,0.0,Wannabe Royal,34.0
2026-05-17,Naas,4.26,pdf_0cf7aa56,POSTDATA,POSTDATA,Velozee,False,LOSE,4,2.75,-1.0,Victorious,1.91
2026-05-17,Naas,4.56,pdf_d48c083a,POSTDATA,POSTDATA,Royal Bay Cen,False,LOSE,4,8.0,-1.0,Havana Anna,3.25
2026-05-17,Naas,5.26,pdf_300b1896,POSTDATA,POSTDATA,Mission Central,False,WIN,1,2.25,1.25,Mission Central,2.25
2026-05-17,Naas,1.56,pdf_27854d10,THE IRISH SUN,THE IRISH SUN,Shaftesbury Avenue,False,LOSE,6,3.0,-1.0,Bobby Mcgee,4.0
2026-05-17,Naas,2.26,pdf_9d21497c,THE IRISH SUN,THE IRISH SUN,Booyea,True,LOSE,5,6.0,-1.0,Jagged Edge,11.0
2026-05-17,Naas,2.56,pdf_c29ed256,THE IRISH SUN,THE IRISH SUN,Star Prospect,False,PLACE,3,1.67,-1.0,Your Song,26.0
2026-05-17,Naas,3.26,pdf_157b036e,THE IRISH SUN,THE IRISH SUN,Elmakaya,False,PLACE,2,3.5,-1.0,Totally Puzzled,51.0
2026-05-17,Naas,3.56,pdf_b6cd7d6d,THE IRISH SUN,THE IRISH SUN,Native Warrior,False,LOSE,7,2.62,-1.0,Wannabe Royal,34.0
2026-05-17,Naas,4.26,pdf_0cf7aa56,THE IRISH SUN,THE IRISH SUN,Dancing Destiny,False,PLACE,3,21.0,-1.0,Victorious,1.91
2026-05-17,Naas,4.56,pdf_d48c083a,THE IRISH SUN,THE IRISH SUN,Kindergarten,False,LOSE,6,21.0,-1.0,Havana Anna,3.25
2026-05-17,Naas,5.26,pdf_300b1896,THE IRISH SUN,THE IRISH SUN,Likedbymike,False,LOSE,4,8.0,-1.0,Mission Central,2.25
2026-05-17,RIP,2.17,pdf_4204c21c,SPOTLIGHT,SPOTLIGHT,Scottish Dancer,False,PLACE,2,4.0,-1.0,Trojan Soldier,5.0
2026-05-17,RIP,2.47,pdf_e3ffcb4c,SPOTLIGHT,SPOTLIGHT,Bai Tong,False,PLACE,2,1.73,-1.0,The Can Can Queen,7.0
2026-05-17,RIP,3.17,pdf_baf0ee46,SPOTLIGHT,SPOTLIGHT,Finlaggan,False,LOSE,7,2.38,-1.0,Poet'S Dawn,8.5
2026-05-17,RIP,3.50,pdf_a9f63963,SPOTLIGHT,SPOTLIGHT,Shallow,False,PLACE,3,4.5,-1.0,Beaujolais Nouveau,12.0
2026-05-17,RIP,4.20,pdf_f1e7bce4,SPOTLIGHT,SPOTLIGHT,Zen Diva,False,WIN,1,1.8,0.8,Zen Diva,1.8
2026-05-17,RIP,4.50,pdf_94aff569,SPOTLIGHT,SPOTLIGHT,Oilisa,False,LOSE,10,4.5,-1.0,Penny Ghent,29.0
2026-05-17,RIP,5.20,pdf_2412430c,SPOTLIGHT,SPOTLIGHT,Hares Bredth,False,LOSE,7,4.5,-1.0,Gunalt Wavelength,7.0
2026-05-17,RIP,5.50,pdf_d8c0d5a3,SPOTLIGHT,SPOTLIGHT,Call Me By My Name,False,LOSE,8,9.5,-1.0,Solar Cooper,13.0
2026-05-17,RIP,2.17,pdf_4204c21c,RP RATINGS,RP RATINGS (Paul Curtis),Rupert The Prince,False,LOSE,4,4.5,-1.0,Trojan Soldier,5.0
2026-05-17,RIP,3.17,pdf_baf0ee46,RP RATINGS,RP RATINGS (Paul Curtis),Poet's Dawn,False,WIN,1,8.5,7.5,Poet'S Dawn,8.5
2026-05-17,RIP,3.50,pdf_a9f63963,RP RATINGS,RP RATINGS (Paul Curtis),Shallow,False,PLACE,3,4.5,-1.0,Beaujolais Nouveau,12.0
2026-05-17,RIP,4.50,pdf_94aff569,RP RATINGS,RP RATINGS (Paul Curtis),Far Ahead,False,LOSE,11,7.5,-1.0,Penny Ghent,29.0
2026-05-17,RIP,5.20,pdf_2412430c,RP RATINGS,RP RATINGS (Paul Curtis),Pivotal Terms,False,LOSE,6,5.5,-1.0,Gunalt Wavelength,7.0
2026-05-17,RIP,5.50,pdf_d8c0d5a3,RP RATINGS,RP RATINGS (Paul Curtis),I'm Dan Dare,False,LOSE,5,3.25,-1.0,Solar Cooper,13.0
2026-05-17,RIP,3.50,pdf_a9f63963,TOPSPEED,TOPSPEED,Lebron Power,False,LOSE,5,19.0,-1.0,Beaujolais Nouveau,12.0
2026-05-17,RIP,2.17,pdf_4204c21c,POSTDATA,POSTDATA,No More Bolero,False,LOSE,6,3.75,-1.0,Trojan Soldier,5.0
2026-05-17,RIP,2.47,pdf_e3ffcb4c,POSTDATA,POSTDATA,Crimson Blaze,False,LOSE,8,13.0,-1.0,The Can Can Queen,7.0
2026-05-17,RIP,3.17,pdf_baf0ee46,POSTDATA,POSTDATA,Poet's Dawn,False,WIN,1,8.5,7.5,Poet'S Dawn,8.5
2026-05-17,RIP,3.50,pdf_a9f63963,POSTDATA,POSTDATA,Shallow,False,PLACE,3,4.5,-1.0,Beaujolais Nouveau,12.0
2026-05-17,RIP,4.20,pdf_f1e7bce4,POSTDATA,POSTDATA,Zen Diva,False,WIN,1,1.8,0.8,Zen Diva,1.8
2026-05-17,RIP,4.50,pdf_94aff569,POSTDATA,POSTDATA,Barleybrown,False,LOSE,6,7.5,-1.0,Penny Ghent,29.0
2026-05-17,RIP,5.20,pdf_2412430c,POSTDATA,POSTDATA,Simba's Pride,True,PLACE,2,3.5,-1.0,Gunalt Wavelength,7.0
2026-05-17,RIP,5.50,pdf_d8c0d5a3,POSTDATA,POSTDATA,Battenburg Belle,False,PLACE,2,8.0,-1.0,Solar Cooper,13.0
2026-05-17,RIP,2.47,pdf_e3ffcb4c,LAMBOURN (Liam Headd),LAMBOURN (Liam Headd),Crimson Blaze,False,LOSE,8,13.0,-1.0,The Can Can Queen,7.0
2026-05-17,RIP,2.17,pdf_4204c21c,NEWMARKET (David Milnes),NEWMARKET (David Milnes),No More Bolero,False,LOSE,6,3.75,-1.0,Trojan Soldier,5.0
2026-05-17,RIP,2.47,pdf_e3ffcb4c,NEWMARKET (David Milnes),NEWMARKET (David Milnes),Tricky Jenny,False,LOSE,6,9.0,-1.0,The Can Can Queen,7.0
2026-05-17,RIP,3.50,pdf_a9f63963,NEWMARKET (David Milnes),NEWMARKET (David Milnes),Shallow,False,PLACE,3,4.5,-1.0,Beaujolais Nouveau,12.0
2026-05-17,RIP,2.17,pdf_4204c21c,THE TIMES (Rob Wright),THE TIMES (Rob Wright),Trojan Soldier,False,WIN,1,5.0,4.0,Trojan Soldier,5.0
2026-05-17,RIP,2.47,pdf_e3ffcb4c,THE TIMES (Rob Wright),THE TIMES (Rob Wright),Bai Tong,False,PLACE,2,1.73,-1.0,The Can Can Queen,7.0
2026-05-17,RIP,3.17,pdf_baf0ee46,THE TIMES (Rob Wright),THE TIMES (Rob Wright),Finlaggan,False,LOSE,7,2.38,-1.0,Poet'S Dawn,8.5
2026-05-17,RIP,3.50,pdf_a9f63963,THE TIMES (Rob Wright),THE TIMES (Rob Wright),Anaisa,False,LOSE,4,6.0,-1.0,Beaujolais Nouveau,12.0
2026-05-17,RIP,4.20,pdf_f1e7bce4,THE TIMES (Rob Wright),THE TIMES (Rob Wright),Zen Diva,False,WIN,1,1.8,0.8,Zen Diva,1.8
2026-05-17,RIP,4.50,pdf_94aff569,THE TIMES (Rob Wright),THE TIMES (Rob Wright),Oilisa,False,LOSE,10,4.5,-1.0,Penny Ghent,29.0
2026-05-17,RIP,5.20,pdf_2412430c,THE TIMES (Rob Wright),THE TIMES (Rob Wright),Ellie's de Vega,False,LOSE,4,6.0,-1.0,Gunalt Wavelength,7.0
2026-05-17,RIP,5.50,pdf_d8c0d5a3,THE TIMES (Rob Wright),THE TIMES (Rob Wright),I'm Dan Dare,False,LOSE,5,3.25,-1.0,Solar Cooper,13.0
2026-05-17,RIP,2.17,pdf_4204c21c,TELEGRAPH (Marlborough),TELEGRAPH (Marlborough),Scottish Dancer,False,PLACE,2,4.0,-1.0,Trojan Soldier,5.0
2026-05-17,RIP,2.47,pdf_e3ffcb4c,TELEGRAPH (Marlborough),TELEGRAPH (Marlborough),Bai Tong,False,PLACE,2,1.73,-1.0,The Can Can Queen,7.0
2026-05-17,RIP,3.17,pdf_baf0ee46,TELEGRAPH (Marlborough),TELEGRAPH (Marlborough),Spirit Catcher,False,PLACE,2,5.5,-1.0,Poet'S Dawn,8.5
2026-05-17,RIP,3.50,pdf_a9f63963,TELEGRAPH (Marlborough),TELEGRAPH (Marlborough),Alpine Girl,False,LOSE,7,12.0,-1.0,Beaujolais Nouveau,12.0
2026-05-17,RIP,4.20,pdf_f1e7bce4,TELEGRAPH (Marlborough),TELEGRAPH (Marlborough),Zen Diva,False,WIN,1,1.8,0.8,Zen Diva,1.8
2026-05-17,RIP,4.50,pdf_94aff569,TELEGRAPH (Marlborough),TELEGRAPH (Marlborough),Arranmore,False,LOSE,5,13.0,-1.0,Penny Ghent,29.0
2026-05-17,RIP,5.20,pdf_2412430c,TELEGRAPH (Marlborough),TELEGRAPH (Marlborough),Simba's Pride,False,PLACE,2,3.5,-1.0,Gunalt Wavelength,7.0
2026-05-17,RIP,5.50,pdf_d8c0d5a3,TELEGRAPH (Marlborough),TELEGRAPH (Marlborough),I'm Dan Dare,False,LOSE,5,3.25,-1.0,Solar Cooper,13.0
2026-05-17,RIP,2.17,pdf_4204c21c,D EXPRESS (Melissa Jones),D EXPRESS (Melissa Jones),Rupert The Prince,False,LOSE,4,4.5,-1.0,Trojan Soldier,5.0
2026-05-17,RIP,2.47,pdf_e3ffcb4c,D EXPRESS (Melissa Jones),D EXPRESS (Melissa Jones),Bai Tong,False,PLACE,2,1.73,-1.0,The Can Can Queen,7.0
2026-05-17,RIP,3.17,pdf_baf0ee46,D EXPRESS (Melissa Jones),D EXPRESS (Melissa Jones),Speechman,False,LOSE,9,26.0,-1.0,Poet'S Dawn,8.5
2026-05-17,RIP,3.50,pdf_a9f63963,D EXPRESS (Melissa Jones),D EXPRESS (Melissa Jones),Shallow,False,PLACE,3,4.5,-1.0,Beaujolais Nouveau,12.0
2026-05-17,RIP,4.20,pdf_f1e7bce4,D EXPRESS (Melissa Jones),D EXPRESS (Melissa Jones),Black Orchid,False,PLACE,2,2.75,-1.0,Zen Diva,1.8
2026-05-17,RIP,4.50,pdf_94aff569,D EXPRESS (Melissa Jones),D EXPRESS (Melissa Jones),Far Ahead,False,LOSE,11,7.5,-1.0,Penny Ghent,29.0
2026-05-17,RIP,5.20,pdf_2412430c,D EXPRESS (Melissa Jones),D EXPRESS (Melissa Jones),Ellie's de Vega,False,LOSE,4,6.0,-1.0,Gunalt Wavelength,7.0
2026-05-17,RIP,5.50,pdf_d8c0d5a3,D EXPRESS (Melissa Jones),D EXPRESS (Melissa Jones),Maynora,False,LOSE,4,3.75,-1.0,Solar Cooper,13.0
2026-05-17,RIP,2.17,pdf_4204c21c,DAILY MIRROR (Newsboy),DAILY MIRROR (Newsboy),No More Bolero,False,LOSE,6,3.75,-1.0,Trojan Soldier,5.0
2026-05-17,RIP,2.47,pdf_e3ffcb4c,DAILY MIRROR (Newsboy),DAILY MIRROR (Newsboy),Bai Tong,False,PLACE,2,1.73,-1.0,The Can Can Queen,7.0
2026-05-17,RIP,3.17,pdf_baf0ee46,DAILY MIRROR (Newsboy),DAILY MIRROR (Newsboy),Finlaggan,False,LOSE,7,2.38,-1.0,Poet'S Dawn,8.5
2026-05-17,RIP,3.50,pdf_a9f63963,DAILY MIRROR (Newsboy),DAILY MIRROR (Newsboy),Alpine Girl,False,LOSE,7,12.0,-1.0,Beaujolais Nouveau,12.0
2026-05-17,RIP,4.20,pdf_f1e7bce4,DAILY MIRROR (Newsboy),DAILY MIRROR (Newsboy),Zen Diva,False,WIN,1,1.8,0.8,Zen Diva,1.8
2026-05-17,RIP,4.50,pdf_94aff569,DAILY MIRROR (Newsboy),DAILY MIRROR (Newsboy),Woodleigh,False,PLACE,2,6.0,-1.0,Penny Ghent,29.0
2026-05-17,RIP,5.20,pdf_2412430c,DAILY MIRROR (Newsboy),DAILY MIRROR (Newsboy),Pivotal Terms,True,LOSE,6,5.5,-1.0,Gunalt Wavelength,7.0
2026-05-17,RIP,5.50,pdf_d8c0d5a3,DAILY MIRROR (Newsboy),DAILY MIRROR (Newsboy),Maynora,False,LOSE,4,3.75,-1.0,Solar Cooper,13.0
2026-05-17,RIP,2.17,pdf_4204c21c,THE SUN (Templegate),THE SUN (Templegate),No More Bolero,False,LOSE,6,3.75,-1.0,Trojan Soldier,5.0
2026-05-17,RIP,2.47,pdf_e3ffcb4c,THE SUN (Templegate),THE SUN (Templegate),Bai Tong,False,PLACE,2,1.73,-1.0,The Can Can Queen,7.0
2026-05-17,RIP,3.17,pdf_baf0ee46,THE SUN (Templegate),THE SUN (Templegate),Bearwith,False,LOSE,4,5.0,-1.0,Poet'S Dawn,8.5
2026-05-17,RIP,3.50,pdf_a9f63963,THE SUN (Templegate),THE SUN (Templegate),Powdering,False,LOSE,6,9.5,-1.0,Beaujolais Nouveau,12.0
2026-05-17,RIP,4.20,pdf_f1e7bce4,THE SUN (Templegate),THE SUN (Templegate),Zen Diva,False,WIN,1,1.8,0.8,Zen Diva,1.8
2026-05-17,RIP,4.50,pdf_94aff569,THE SUN (Templegate),THE SUN (Templegate),Arranmore,False,LOSE,5,13.0,-1.0,Penny Ghent,29.0
2026-05-17,RIP,5.20,pdf_2412430c,THE SUN (Templegate),THE SUN (Templegate),Simba's Pride,False,PLACE,2,3.5,-1.0,Gunalt Wavelength,7.0
2026-05-17,RIP,5.50,pdf_d8c0d5a3,THE SUN (Templegate),THE SUN (Templegate),Maynora,False,LOSE,4,3.75,-1.0,Solar Cooper,13.0
2026-05-17,RIP,2.17,pdf_4204c21c,THE STAR (Jason Heavey),THE STAR (Jason Heavey),Rupert The Prince,False,LOSE,4,4.5,-1.0,Trojan Soldier,5.0
2026-05-17,RIP,2.47,pdf_e3ffcb4c,THE STAR (Jason Heavey),THE STAR (Jason Heavey),Bai Tong,False,PLACE,2,1.73,-1.0,The Can Can Queen,7.0
2026-05-17,RIP,3.17,pdf_baf0ee46,THE STAR (Jason Heavey),THE STAR (Jason Heavey),Tiberio Force,False,LOSE,6,23.0,-1.0,Poet'S Dawn,8.5
2026-05-17,RIP,3.50,pdf_a9f63963,THE STAR (Jason Heavey),THE STAR (Jason Heavey),Alpine Girl,False,LOSE,7,12.0,-1.0,Beaujolais Nouveau,12.0
2026-05-17,RIP,4.20,pdf_f1e7bce4,THE STAR (Jason Heavey),THE STAR (Jason Heavey),Zen Diva,False,WIN,1,1.8,0.8,Zen Diva,1.8
2026-05-17,RIP,4.50,pdf_94aff569,THE STAR (Jason Heavey),THE STAR (Jason Heavey),Little Ted,False,LOSE,12,9.5,-1.0,Penny Ghent,29.0
2026-05-17,RIP,5.20,pdf_2412430c,THE STAR (Jason Heavey),THE STAR (Jason Heavey),Ellie's de Vega,False,LOSE,4,6.0,-1.0,Gunalt Wavelength,7.0
2026-05-17,RIP,5.50,pdf_d8c0d5a3,THE STAR (Jason Heavey),THE STAR (Jason Heavey),I'm Dan Dare,False,LOSE,5,3.25,-1.0,Solar Cooper,13.0
2026-05-17,RIP,2.17,pdf_4204c21c,DAILY RECORD (Garry Owen),DAILY RECORD (Garry Owen),No More Bolero,False,LOSE,6,3.75,-1.0,Trojan Soldier,5.0
2026-05-17,RIP,2.47,pdf_e3ffcb4c,DAILY RECORD (Garry Owen),DAILY RECORD (Garry Owen),The Can Can,False,WIN,1,7.0,6.0,The Can Can Queen,7.0
2026-05-17,RIP,3.17,pdf_baf0ee46,DAILY RECORD (Garry Owen),DAILY RECORD (Garry Owen),Queen Finlaggan,False,LOSE,7,2.38,-1.0,Poet'S Dawn,8.5
2026-05-17,RIP,3.50,pdf_a9f63963,DAILY RECORD (Garry Owen),DAILY RECORD (Garry Owen),Alpine Girl,False,LOSE,7,12.0,-1.0,Beaujolais Nouveau,12.0
2026-05-17,RIP,4.20,pdf_f1e7bce4,DAILY RECORD (Garry Owen),DAILY RECORD (Garry Owen),Zen Diva,False,WIN,1,1.8,0.8,Zen Diva,1.8
2026-05-17,RIP,4.50,pdf_94aff569,DAILY RECORD (Garry Owen),DAILY RECORD (Garry Owen),Arranmore,False,LOSE,5,13.0,-1.0,Penny Ghent,29.0
2026-05-17,RIP,5.20,pdf_2412430c,DAILY RECORD (Garry Owen),DAILY RECORD (Garry Owen),Simba's Pride,False,PLACE,2,3.5,-1.0,Gunalt Wavelength,7.0
2026-05-17,RIP,5.50,pdf_d8c0d5a3,DAILY RECORD (Garry Owen),DAILY RECORD (Garry Owen),I'm Dan Dare,False,LOSE,5,3.25,-1.0,Solar Cooper,13.0
2026-05-17,Stratford,2.35,pdf_ad87ad31,SPOTLIGHT,SPOTLIGHT,Our Guide,False,WIN,1,1.3,0.3,Our Guide,1.3
2026-05-17,Stratford,3.05,pdf_53a7b477,SPOTLIGHT,SPOTLIGHT,Captain Cool,False,WIN,1,3.0,2.0,Captain Cool,3.0
2026-05-17,Stratford,3.35,pdf_3e8b9d3a,SPOTLIGHT,SPOTLIGHT,Jena d'Oudairies,False,WIN,1,2.75,1.75,Jena D'Oudairies,2.75
2026-05-17,Stratford,4.05,pdf_23002736,SPOTLIGHT,SPOTLIGHT,A Little Something,False,WIN,1,1.62,0.62,A Little Something,1.62
2026-05-17,Stratford,4.35,pdf_dbef2381,SPOTLIGHT,SPOTLIGHT,Frank Stamper,False,LOSE,6,3.0,-1.0,Prettylady,23.0
2026-05-17,Stratford,5.05,pdf_e4430b35,SPOTLIGHT,SPOTLIGHT,Okavango Delta,False,DNF,DNF,8.0,0.0,Bagheera Ginge,10.0
2026-05-17,Stratford,5.35,pdf_29ede0d6,SPOTLIGHT,SPOTLIGHT,Mac's Max,False,LOSE,5,3.0,-1.0,Bound For Glory,2.38
2026-05-17,Stratford,2.35,pdf_ad87ad31,RP RATINGS,RP RATINGS (Steve Mason),Ka Mate Du Brivet,False,PLACE,2,5.0,-1.0,Our Guide,1.3
2026-05-17,Stratford,3.05,pdf_53a7b477,RP RATINGS,RP RATINGS (Steve Mason),Cawthorne Cracker,False,LOSE,5,4.0,-1.0,Captain Cool,3.0
2026-05-17,Stratford,3.35,pdf_3e8b9d3a,RP RATINGS,RP RATINGS (Steve Mason),Jena d'Oudairies,False,WIN,1,2.75,1.75,Jena D'Oudairies,2.75
2026-05-17,Stratford,4.05,pdf_23002736,RP RATINGS,RP RATINGS (Steve Mason),A Little Something,False,WIN,1,1.62,0.62,A Little Something,1.62
2026-05-17,Stratford,4.35,pdf_dbef2381,RP RATINGS,RP RATINGS (Steve Mason),Frank Stamper,False,LOSE,6,3.0,-1.0,Prettylady,23.0
2026-05-17,Stratford,5.05,pdf_e4430b35,RP RATINGS,RP RATINGS (Steve Mason),King Roly,False,DNF,DNF,3.0,0.0,Bagheera Ginge,10.0
2026-05-17,Stratford,5.35,pdf_29ede0d6,RP RATINGS,RP RATINGS (Steve Mason),Lightsoutandaway,False,LOSE,4,3.5,-1.0,Bound For Glory,2.38
2026-05-17,Stratford,3.05,pdf_53a7b477,TOPSPEED,TOPSPEED,Cawthorne Cracker,False,LOSE,5,4.0,-1.0,Captain Cool,3.0
2026-05-17,Stratford,3.35,pdf_3e8b9d3a,TOPSPEED,TOPSPEED,Mahon Falls,False,PLACE,3,9.0,-1.0,Jena D'Oudairies,2.75
2026-05-17,Stratford,4.05,pdf_23002736,TOPSPEED,TOPSPEED,Miss Fedora,False,DNF,DNF,9.0,0.0,A Little Something,1.62
2026-05-17,Stratford,5.05,pdf_e4430b35,TOPSPEED,TOPSPEED,Tapley,False,LOSE,4,2.5,-1.0,Bagheera Ginge,10.0
2026-05-17,Stratford,2.35,pdf_ad87ad31,POSTDATA,POSTDATA,Our Guide,False,WIN,1,1.3,0.3,Our Guide,1.3
2026-05-17,Stratford,3.05,pdf_53a7b477,POSTDATA,POSTDATA,Cawthorne Cracker,False,LOSE,5,4.0,-1.0,Captain Cool,3.0
2026-05-17,Stratford,3.35,pdf_3e8b9d3a,POSTDATA,POSTDATA,Jena d'Oudairies,False,WIN,1,2.75,1.75,Jena D'Oudairies,2.75
2026-05-17,Stratford,4.05,pdf_23002736,POSTDATA,POSTDATA,A Little Something,False,WIN,1,1.62,0.62,A Little Something,1.62
2026-05-17,Stratford,4.35,pdf_dbef2381,POSTDATA,POSTDATA,Frank Stamper,False,LOSE,6,3.0,-1.0,Prettylady,23.0
2026-05-17,Stratford,5.05,pdf_e4430b35,POSTDATA,POSTDATA,Tapley,False,LOSE,4,2.5,-1.0,Bagheera Ginge,10.0
2026-05-17,Stratford,5.35,pdf_29ede0d6,POSTDATA,POSTDATA,Bound For Glory,False,WIN,1,2.38,1.38,Bound For Glory,2.38
2026-05-17,Stratford,2.35,pdf_ad87ad31,LAMBOURN (Liam Headd),LAMBOURN (Liam Headd),Ka Mate Du Brivet,False,PLACE,2,5.0,-1.0,Our Guide,1.3
2026-05-17,Stratford,3.05,pdf_53a7b477,LAMBOURN (Liam Headd),LAMBOURN (Liam Headd),Alba Crus,False,DNF,DNF,13.0,0.0,Captain Cool,3.0
2026-05-17,Stratford,4.35,pdf_dbef2381,LAMBOURN (Liam Headd),LAMBOURN (Liam Headd),Frank Stamper,False,LOSE,6,3.0,-1.0,Prettylady,23.0
2026-05-17,Stratford,2.35,pdf_ad87ad31,WEST COUNTRY (Liam Watson),WEST COUNTRY (Liam Watson),Granite Sands,False,PLACE,3,13.0,-1.0,Our Guide,1.3
2026-05-17,Stratford,3.05,pdf_53a7b477,WEST COUNTRY (Liam Watson),WEST COUNTRY (Liam Watson),Miss Denver,False,LOSE,4,13.0,-1.0,Captain Cool,3.0
2026-05-17,Stratford,3.35,pdf_3e8b9d3a,WEST COUNTRY (Liam Watson),WEST COUNTRY (Liam Watson),Jena d'Oudairies,True,WIN,1,2.75,1.75,Jena D'Oudairies,2.75
2026-05-17,Stratford,4.05,pdf_23002736,WEST COUNTRY (Liam Watson),WEST COUNTRY (Liam Watson),Pure Seduction,False,PLACE,2,6.0,-1.0,A Little Something,1.62
2026-05-17,Stratford,4.35,pdf_dbef2381,WEST COUNTRY (Liam Watson),WEST COUNTRY (Liam Watson),Trooper,False,LOSE,5,19.0,-1.0,Prettylady,23.0
2026-05-17,Stratford,5.05,pdf_e4430b35,WEST COUNTRY (Liam Watson),WEST COUNTRY (Liam Watson),Bagheera Ginge,False,WIN,1,10.0,9.0,Bagheera Ginge,10.0
2026-05-17,Stratford,5.35,pdf_29ede0d6,WEST COUNTRY (Liam Watson),WEST COUNTRY (Liam Watson),Angel Of My Dreams,False,PLACE,2,17.0,-1.0,Bound For Glory,2.38
2026-05-17,Stratford,2.35,pdf_ad87ad31,THE TIMES (Rob Wright),THE TIMES (Rob Wright),Our Guide,False,WIN,1,1.3,0.3,Our Guide,1.3
2026-05-17,Stratford,3.05,pdf_53a7b477,THE TIMES (Rob Wright),THE TIMES (Rob Wright),Miss Denver,False,LOSE,4,13.0,-1.0,Captain Cool,3.0
2026-05-17,Stratford,3.35,pdf_3e8b9d3a,THE TIMES (Rob Wright),THE TIMES (Rob Wright),Jena d'Oudairies,False,WIN,1,2.75,1.75,Jena D'Oudairies,2.75
2026-05-17,Stratford,4.05,pdf_23002736,THE TIMES (Rob Wright),THE TIMES (Rob Wright),A Little Something,False,WIN,1,1.62,0.62,A Little Something,1.62
2026-05-17,Stratford,4.35,pdf_dbef2381,THE TIMES (Rob Wright),THE TIMES (Rob Wright),Galactic Jack,False,PLACE,3,3.25,-1.0,Prettylady,23.0
2026-05-17,Stratford,5.05,pdf_e4430b35,THE TIMES (Rob Wright),THE TIMES (Rob Wright),King Roly,False,DNF,DNF,3.0,0.0,Bagheera Ginge,10.0
2026-05-17,Stratford,5.35,pdf_29ede0d6,THE TIMES (Rob Wright),THE TIMES (Rob Wright),Scotto,False,DNF,DNF,3.5,0.0,Bound For Glory,2.38
2026-05-17,Stratford,2.35,pdf_ad87ad31,TELEGRAPH (Marlborough),TELEGRAPH (Marlborough),Our Guide,False,WIN,1,1.3,0.3,Our Guide,1.3
2026-05-17,Stratford,3.05,pdf_53a7b477,TELEGRAPH (Marlborough),TELEGRAPH (Marlborough),Cawthorne Cracker,False,LOSE,5,4.0,-1.0,Captain Cool,3.0
2026-05-17,Stratford,3.35,pdf_3e8b9d3a,TELEGRAPH (Marlborough),TELEGRAPH (Marlborough),Jena d'Oudairies,False,WIN,1,2.75,1.75,Jena D'Oudairies,2.75
2026-05-17,Stratford,4.05,pdf_23002736,TELEGRAPH (Marlborough),TELEGRAPH (Marlborough),Miss Fedora,False,DNF,DNF,9.0,0.0,A Little Something,1.62
2026-05-17,Stratford,4.35,pdf_dbef2381,TELEGRAPH (Marlborough),TELEGRAPH (Marlborough),A Good Yomp,False,DNF,DNF,3.75,0.0,Prettylady,23.0
2026-05-17,Stratford,5.05,pdf_e4430b35,TELEGRAPH (Marlborough),TELEGRAPH (Marlborough),Arrycan,False,PLACE,3,7.5,-1.0,Bagheera Ginge,10.0
2026-05-17,Stratford,5.35,pdf_29ede0d6,TELEGRAPH (Marlborough),TELEGRAPH (Marlborough),Lightsoutandaway,False,LOSE,4,3.5,-1.0,Bound For Glory,2.38
2026-05-17,Stratford,2.35,pdf_ad87ad31,D EXPRESS (Melissa Jones),D EXPRESS (Melissa Jones),Our Guide,False,WIN,1,1.3,0.3,Our Guide,1.3
2026-05-17,Stratford,3.05,pdf_53a7b477,D EXPRESS (Melissa Jones),D EXPRESS (Melissa Jones),Captain Cool,False,WIN,1,3.0,2.0,Captain Cool,3.0
2026-05-17,Stratford,3.35,pdf_3e8b9d3a,D EXPRESS (Melissa Jones),D EXPRESS (Melissa Jones),Jena d'Oudairies,False,WIN,1,2.75,1.75,Jena D'Oudairies,2.75
2026-05-17,Stratford,4.05,pdf_23002736,D EXPRESS (Melissa Jones),D EXPRESS (Melissa Jones),A Little Something,False,WIN,1,1.62,0.62,A Little Something,1.62
2026-05-17,Stratford,4.35,pdf_dbef2381,D EXPRESS (Melissa Jones),D EXPRESS (Melissa Jones),Trooper,False,LOSE,5,19.0,-1.0,Prettylady,23.0
2026-05-17,Stratford,5.05,pdf_e4430b35,D EXPRESS (Melissa Jones),D EXPRESS (Melissa Jones),Okavango Delta,False,DNF,DNF,8.0,0.0,Bagheera Ginge,10.0
2026-05-17,Stratford,5.35,pdf_29ede0d6,D EXPRESS (Melissa Jones),D EXPRESS (Melissa Jones),Scotto,False,DNF,DNF,3.5,0.0,Bound For Glory,2.38
2026-05-17,Stratford,2.35,pdf_ad87ad31,DAILY MIRROR (Newsboy),DAILY MIRROR (Newsboy),Our Guide,False,WIN,1,1.3,0.3,Our Guide,1.3
2026-05-17,Stratford,3.05,pdf_53a7b477,DAILY MIRROR (Newsboy),DAILY MIRROR (Newsboy),Cawthorne Cracker,False,LOSE,5,4.0,-1.0,Captain Cool,3.0
2026-05-17,Stratford,3.35,pdf_3e8b9d3a,DAILY MIRROR (Newsboy),DAILY MIRROR (Newsboy),Jena d'Oudairies,False,WIN,1,2.75,1.75,Jena D'Oudairies,2.75
2026-05-17,Stratford,4.05,pdf_23002736,DAILY MIRROR (Newsboy),DAILY MIRROR (Newsboy),A Little Something,False,WIN,1,1.62,0.62,A Little Something,1.62
2026-05-17,Stratford,4.35,pdf_dbef2381,DAILY MIRROR (Newsboy),DAILY MIRROR (Newsboy),Frank Stamper,False,LOSE,6,3.0,-1.0,Prettylady,23.0
2026-05-17,Stratford,5.05,pdf_e4430b35,DAILY MIRROR (Newsboy),DAILY MIRROR (Newsboy),Diplomatic Ash,False,DNF,DNF,5.0,0.0,Bagheera Ginge,10.0
2026-05-17,Stratford,5.35,pdf_29ede0d6,DAILY MIRROR (Newsboy),DAILY MIRROR (Newsboy),Scotto,False,DNF,DNF,3.5,0.0,Bound For Glory,2.38
2026-05-17,Stratford,2.35,pdf_ad87ad31,THE SUN (Templegate),THE SUN (Templegate),Our Guide,False,WIN,1,1.3,0.3,Our Guide,1.3
2026-05-17,Stratford,3.05,pdf_53a7b477,THE SUN (Templegate),THE SUN (Templegate),Whatyouwaitingfor,False,PLACE,3,4.33,-1.0,Captain Cool,3.0
2026-05-17,Stratford,3.35,pdf_3e8b9d3a,THE SUN (Templegate),THE SUN (Templegate),All Inn Hand,False,DNF,DNF,3.0,0.0,Jena D'Oudairies,2.75
2026-05-17,Stratford,4.05,pdf_23002736,THE SUN (Templegate),THE SUN (Templegate),Little Wren,False,DNF,DNF,3.5,0.0,A Little Something,1.62
2026-05-17,Stratford,4.35,pdf_dbef2381,THE SUN (Templegate),THE SUN (Templegate),Frank Stamper,False,LOSE,6,3.0,-1.0,Prettylady,23.0
2026-05-17,Stratford,5.05,pdf_e4430b35,THE SUN (Templegate),THE SUN (Templegate),Tapley,False,LOSE,4,2.5,-1.0,Bagheera Ginge,10.0
2026-05-17,Stratford,5.35,pdf_29ede0d6,THE SUN (Templegate),THE SUN (Templegate),Scotto,False,DNF,DNF,3.5,0.0,Bound For Glory,2.38
2026-05-17,Stratford,2.35,pdf_ad87ad31,THE STAR (Jason Heavey),THE STAR (Jason Heavey),Our Guide,False,WIN,1,1.3,0.3,Our Guide,1.3
2026-05-17,Stratford,3.05,pdf_53a7b477,THE STAR (Jason Heavey),THE STAR (Jason Heavey),Miss Denver,False,LOSE,4,13.0,-1.0,Captain Cool,3.0
2026-05-17,Stratford,3.35,pdf_3e8b9d3a,THE STAR (Jason Heavey),THE STAR (Jason Heavey),Jena d'Oudairies,False,WIN,1,2.75,1.75,Jena D'Oudairies,2.75
2026-05-17,Stratford,4.05,pdf_23002736,THE STAR (Jason Heavey),THE STAR (Jason Heavey),A Little Something,False,WIN,1,1.62,0.62,A Little Something,1.62
2026-05-17,Stratford,4.35,pdf_dbef2381,THE STAR (Jason Heavey),THE STAR (Jason Heavey),Galactic Jack,False,PLACE,3,3.25,-1.0,Prettylady,23.0
2026-05-17,Stratford,5.05,pdf_e4430b35,THE STAR (Jason Heavey),THE STAR (Jason Heavey),Bagheera Ginge,False,WIN,1,10.0,9.0,Bagheera Ginge,10.0
2026-05-17,Stratford,5.35,pdf_29ede0d6,THE STAR (Jason Heavey),THE STAR (Jason Heavey),Scotto,False,DNF,DNF,3.5,0.0,Bound For Glory,2.38
2026-05-17,Stratford,2.35,pdf_ad87ad31,DAILY RECORD (Garry Owen),DAILY RECORD (Garry Owen),Ka Mate Du Brivet,False,PLACE,2,5.0,-1.0,Our Guide,1.3
2026-05-17,Stratford,3.05,pdf_53a7b477,DAILY RECORD (Garry Owen),DAILY RECORD (Garry Owen),Cawthorne Cracker,False,LOSE,5,4.0,-1.0,Captain Cool,3.0
2026-05-17,Stratford,3.35,pdf_3e8b9d3a,DAILY RECORD (Garry Owen),DAILY RECORD (Garry Owen),Jena d'Oudairies,False,WIN,1,2.75,1.75,Jena D'Oudairies,2.75
2026-05-17,Stratford,4.05,pdf_23002736,DAILY RECORD (Garry Owen),DAILY RECORD (Garry Owen),A Little Something,False,WIN,1,1.62,0.62,A Little Something,1.62
2026-05-17,Stratford,4.35,pdf_dbef2381,DAILY RECORD (Garry Owen),DAILY RECORD (Garry Owen),Frank Stamper,False,LOSE,6,3.0,-1.0,Prettylady,23.0
2026-05-17,Stratford,5.05,pdf_e4430b35,DAILY RECORD (Garry Owen),DAILY RECORD (Garry Owen),Diplomatic Ash,False,DNF,DNF,5.0,0.0,Bagheera Ginge,10.0
2026-05-17,Stratford,5.35,pdf_29ede0d6,DAILY RECORD (Garry Owen),DAILY RECORD (Garry Owen),Scotto,False,DNF,DNF,3.5,0.0,Bound For Glory,2.38
2026-05-18,Carlisle,2.00,,SPOTLIGHT,SPOTLIGHT,Wild Blossom,False,UNMATCHED,,,0.0,,
2026-05-18,Carlisle,2.30,2026-05-18_CRL_230,SPOTLIGHT,SPOTLIGHT,Dc Cogent,False,LOSE,6,5.0,-1.0,Harb,12.0
2026-05-18,Carlisle,3.00,2026-05-18_CRL_300,SPOTLIGHT,SPOTLIGHT,Ran Amok,False,LOSE,5,6.0,-1.0,Call Me Betty,11.0
2026-05-18,Carlisle,3.30,2026-05-18_CRL_330,SPOTLIGHT,SPOTLIGHT,As Fast As Wind,True,PLACE,3,4.0,-1.0,Loki,6.5
2026-05-18,Carlisle,4.00,,SPOTLIGHT,SPOTLIGHT,Lunar Melody,False,UNMATCHED,,,0.0,,
2026-05-18,Carlisle,4.35,2026-05-18_CRL_435,SPOTLIGHT,SPOTLIGHT,Thankfully Simmy,False,LOSE,6,7.0,-1.0,Mereside Princess,4.5
2026-05-18,Carlisle,5.10,2026-05-18_CRL_510,SPOTLIGHT,SPOTLIGHT,Native Instinct,False,LOSE,6,2.75,-1.0,They All Know Me,12.0
2026-05-18,Carlisle,2.00,,RP RATINGS,RP RATINGS (Paul Curtis),Crownbreaker,False,UNMATCHED,,,0.0,,
2026-05-18,Carlisle,2.30,2026-05-18_CRL_230,RP RATINGS,RP RATINGS (Paul Curtis),Blue Lakota,False,LOSE,10,8.0,-1.0,Harb,12.0
2026-05-18,Carlisle,3.00,2026-05-18_CRL_300,RP RATINGS,RP RATINGS (Paul Curtis),Raft Up,False,LOSE,4,6.0,-1.0,Call Me Betty,11.0
2026-05-18,Carlisle,3.30,2026-05-18_CRL_330,RP RATINGS,RP RATINGS (Paul Curtis),Loki,False,WIN,1,6.5,5.5,Loki,6.5
2026-05-18,Carlisle,4.00,,RP RATINGS,RP RATINGS (Paul Curtis),Lunar Melody,False,UNMATCHED,,,0.0,,
2026-05-18,Carlisle,4.35,2026-05-18_CRL_435,RP RATINGS,RP RATINGS (Paul Curtis),Thankfully Simmy,False,LOSE,6,7.0,-1.0,Mereside Princess,4.5
2026-05-18,Carlisle,5.10,2026-05-18_CRL_510,RP RATINGS,RP RATINGS (Paul Curtis),Native Instinct,True,LOSE,6,2.75,-1.0,They All Know Me,12.0
2026-05-18,Carlisle,2.00,,TOPSPEED,TOPSPEED,Crownbreaker,False,UNMATCHED,,,0.0,,
2026-05-18,Carlisle,2.30,2026-05-18_CRL_230,TOPSPEED,TOPSPEED,Imperial Guard,False,LOSE,8,6.5,-1.0,Harb,12.0
2026-05-18,Carlisle,3.00,2026-05-18_CRL_300,TOPSPEED,TOPSPEED,Impressor,False,LOSE,6,12.0,-1.0,Call Me Betty,11.0
2026-05-18,Carlisle,3.30,2026-05-18_CRL_330,TOPSPEED,TOPSPEED,Billy No Mates,False,LOSE,4,15.0,-1.0,Loki,6.5
2026-05-18,Carlisle,5.10,2026-05-18_CRL_510,TOPSPEED,TOPSPEED,Native Instinct,False,LOSE,6,2.75,-1.0,They All Know Me,12.0
2026-05-18,Carlisle,2.00,,POSTDATA,POSTDATA,Crownbreaker,False,UNMATCHED,,,0.0,,
2026-05-18,Carlisle,2.30,2026-05-18_CRL_230,POSTDATA,POSTDATA,Blue Lakota,False,LOSE,10,8.0,-1.0,Harb,12.0
2026-05-18,Carlisle,3.00,2026-05-18_CRL_300,POSTDATA,POSTDATA,Impressor,False,LOSE,6,12.0,-1.0,Call Me Betty,11.0
2026-05-18,Carlisle,3.30,2026-05-18_CRL_330,POSTDATA,POSTDATA,Charlie Darling,False,LOSE,6,11.0,-1.0,Loki,6.5
2026-05-18,Carlisle,4.00,,POSTDATA,POSTDATA,Wezzeer,False,UNMATCHED,,,0.0,,
2026-05-18,Carlisle,4.35,2026-05-18_CRL_435,POSTDATA,POSTDATA,Mereside Princess,False,WIN,1,4.5,3.5,Mereside Princess,4.5
2026-05-18,Carlisle,5.10,2026-05-18_CRL_510,POSTDATA,POSTDATA,Vince Le Prince,False,LOSE,5,9.0,-1.0,They All Know Me,12.0
2026-05-18,Carlisle,2.00,,NEWMARKET (David Milnes),NEWMARKET (David Milnes),Crownbreaker,True,UNMATCHED,,,0.0,,
2026-05-18,Carlisle,4.00,,NEWMARKET (David Milnes),NEWMARKET (David Milnes),Wezzeer,False,UNMATCHED,,,0.0,,
2026-05-18,Carlisle,2.00,,THE TIMES (Rob Wright),THE TIMES (Rob Wright),Crownbreaker,False,UNMATCHED,,,0.0,,
2026-05-18,Carlisle,2.30,2026-05-18_CRL_230,THE TIMES (Rob Wright),THE TIMES (Rob Wright),Blue Lakota,False,LOSE,10,8.0,-1.0,Harb,12.0
2026-05-18,Carlisle,3.00,2026-05-18_CRL_300,THE TIMES (Rob Wright),THE TIMES (Rob Wright),Raft Up,False,LOSE,4,6.0,-1.0,Call Me Betty,11.0
2026-05-18,Carlisle,3.30,2026-05-18_CRL_330,THE TIMES (Rob Wright),THE TIMES (Rob Wright),Lord,False,LOSE,7,7.0,-1.0,Loki,6.5
2026-05-18,Carlisle,4.00,,THE TIMES (Rob Wright),THE TIMES (Rob Wright),Lunar Melody,False,UNMATCHED,,,0.0,,
2026-05-18,Carlisle,4.35,2026-05-18_CRL_435,THE TIMES (Rob Wright),THE TIMES (Rob Wright),Hatamoto,False,PLACE,2,2.62,-1.0,Mereside Princess,4.5
2026-05-18,Carlisle,5.10,2026-05-18_CRL_510,THE TIMES (Rob Wright),THE TIMES (Rob Wright),Green Pursuit,False,PLACE,3,5.0,-1.0,They All Know Me,12.0
2026-05-18,Carlisle,2.00,,TELEGRAPH (Marlborough),TELEGRAPH (Marlborough),Wild Blossom,False,UNMATCHED,,,0.0,,
2026-05-18,Carlisle,2.30,2026-05-18_CRL_230,TELEGRAPH (Marlborough),TELEGRAPH (Marlborough),Fierce,False,PLACE,2,6.5,-1.0,Harb,12.0
2026-05-18,Carlisle,3.00,2026-05-18_CRL_300,TELEGRAPH (Marlborough),TELEGRAPH (Marlborough),Magic Boy,False,DNF,DNF,6.0,0.0,Call Me Betty,11.0
2026-05-18,Carlisle,3.30,2026-05-18_CRL_330,TELEGRAPH (Marlborough),TELEGRAPH (Marlborough),As Fast As Wind,False,PLACE,3,4.0,-1.0,Loki,6.5
2026-05-18,Carlisle,4.00,,TELEGRAPH (Marlborough),TELEGRAPH (Marlborough),Lunar Melody,False,UNMATCHED,,,0.0,,
2026-05-18,Carlisle,4.35,2026-05-18_CRL_435,TELEGRAPH (Marlborough),TELEGRAPH (Marlborough),Too Darn Spicy,False,LOSE,5,23.0,-1.0,Mereside Princess,4.5
2026-05-18,Carlisle,5.10,2026-05-18_CRL_510,TELEGRAPH (Marlborough),TELEGRAPH (Marlborough),Native Instinct,False,LOSE,6,2.75,-1.0,They All Know Me,12.0
2026-05-18,Carlisle,2.00,,THE GUARDIAN,THE GUARDIAN,Crownbreaker,False,UNMATCHED,,,0.0,,
2026-05-18,Carlisle,2.30,2026-05-18_CRL_230,THE GUARDIAN,THE GUARDIAN,Wen Moon,False,PLACE,3,5.5,-1.0,Harb,12.0
2026-05-18,Carlisle,3.00,2026-05-18_CRL_300,THE GUARDIAN,THE GUARDIAN,Iris Dancer 1,False,LOSE,10,7.0,-1.0,Call Me Betty,11.0
2026-05-18,Carlisle,3.30,2026-05-18_CRL_330,THE GUARDIAN,THE GUARDIAN,As Fast As Wind,False,PLACE,3,4.0,-1.0,Loki,6.5
2026-05-18,Carlisle,4.00,,THE GUARDIAN,THE GUARDIAN,Lunar Melody,False,UNMATCHED,,,0.0,,
2026-05-18,Carlisle,4.35,2026-05-18_CRL_435,THE GUARDIAN,THE GUARDIAN,Smoker Bellamy,False,LOSE,7,6.5,-1.0,Mereside Princess,4.5
2026-05-18,Carlisle,5.10,2026-05-18_CRL_510,THE GUARDIAN,THE GUARDIAN,Native Instinct,False,LOSE,6,2.75,-1.0,They All Know Me,12.0
2026-05-18,Carlisle,2.00,,DAILY MAIL (Robin Goodfellow),DAILY MAIL (Robin Goodfellow),Crownbreaker,False,UNMATCHED,,,0.0,,
2026-05-18,Carlisle,2.30,2026-05-18_CRL_230,DAILY MAIL (Robin Goodfellow),DAILY MAIL (Robin Goodfellow),Speeding Bullet,False,LOSE,7,12.0,-1.0,Harb,12.0
2026-05-18,Carlisle,3.00,2026-05-18_CRL_300,DAILY MAIL (Robin Goodfellow),DAILY MAIL (Robin Goodfellow),Call Me Betty 1,False,WIN,1,11.0,10.0,Call Me Betty,11.0
2026-05-18,Carlisle,3.30,2026-05-18_CRL_330,DAILY MAIL (Robin Goodfellow),DAILY MAIL (Robin Goodfellow),As Fast As Wind,False,PLACE,3,4.0,-1.0,Loki,6.5
2026-05-18,Carlisle,4.00,,DAILY MAIL (Robin Goodfellow),DAILY MAIL (Robin Goodfellow),Lunar Melody,False,UNMATCHED,,,0.0,,
2026-05-18,Carlisle,4.35,2026-05-18_CRL_435,DAILY MAIL (Robin Goodfellow),DAILY MAIL (Robin Goodfellow),Mereside Princess,False,WIN,1,4.5,3.5,Mereside Princess,4.5
2026-05-18,Carlisle,5.10,2026-05-18_CRL_510,DAILY MAIL (Robin Goodfellow),DAILY MAIL (Robin Goodfellow),Native Instinct,False,LOSE,6,2.75,-1.0,They All Know Me,12.0
2026-05-18,Carlisle,2.00,,D EXPRESS (Melissa Jones),D EXPRESS (Melissa Jones),Wild Blossom,False,UNMATCHED,,,0.0,,
2026-05-18,Carlisle,2.30,2026-05-18_CRL_230,D EXPRESS (Melissa Jones),D EXPRESS (Melissa Jones),Fierce,False,PLACE,2,6.5,-1.0,Harb,12.0
2026-05-18,Carlisle,3.00,2026-05-18_CRL_300,D EXPRESS (Melissa Jones),D EXPRESS (Melissa Jones),Fan Mail,False,PLACE,2,8.0,-1.0,Call Me Betty,11.0
2026-05-18,Carlisle,3.30,2026-05-18_CRL_330,D EXPRESS (Melissa Jones),D EXPRESS (Melissa Jones),Loki,False,WIN,1,6.5,5.5,Loki,6.5
2026-05-18,Carlisle,4.00,,D EXPRESS (Melissa Jones),D EXPRESS (Melissa Jones),Wezzeer,False,UNMATCHED,,,0.0,,
2026-05-18,Carlisle,4.35,2026-05-18_CRL_435,D EXPRESS (Melissa Jones),D EXPRESS (Melissa Jones),Hatamoto,False,PLACE,2,2.62,-1.0,Mereside Princess,4.5
2026-05-18,Carlisle,5.10,2026-05-18_CRL_510,D EXPRESS (Melissa Jones),D EXPRESS (Melissa Jones),Judicature,False,PLACE,2,15.0,-1.0,They All Know Me,12.0
2026-05-18,Carlisle,2.00,,DAILY MIRROR (Newsboy),DAILY MIRROR (Newsboy),Crownbreaker,False,UNMATCHED,,,0.0,,
2026-05-18,Carlisle,2.30,2026-05-18_CRL_230,DAILY MIRROR (Newsboy),DAILY MIRROR (Newsboy),Blue Lakota,False,LOSE,10,8.0,-1.0,Harb,12.0
2026-05-18,Carlisle,3.00,2026-05-18_CRL_300,DAILY MIRROR (Newsboy),DAILY MIRROR (Newsboy),Ran Amok,False,LOSE,5,6.0,-1.0,Call Me Betty,11.0
2026-05-18,Carlisle,3.30,2026-05-18_CRL_330,DAILY MIRROR (Newsboy),DAILY MIRROR (Newsboy),As Fast As Wind,False,PLACE,3,4.0,-1.0,Loki,6.5
2026-05-18,Carlisle,4.00,,DAILY MIRROR (Newsboy),DAILY MIRROR (Newsboy),Lunar Melody,False,UNMATCHED,,,0.0,,
2026-05-18,Carlisle,4.35,2026-05-18_CRL_435,DAILY MIRROR (Newsboy),DAILY MIRROR (Newsboy),Mereside Princess,False,WIN,1,4.5,3.5,Mereside Princess,4.5
2026-05-18,Carlisle,5.10,2026-05-18_CRL_510,DAILY MIRROR (Newsboy),DAILY MIRROR (Newsboy),Native Instinct,True,LOSE,6,2.75,-1.0,They All Know Me,12.0
2026-05-18,Carlisle,2.00,,THE SUN (Templegate),THE SUN (Templegate),Crownbreaker,False,UNMATCHED,,,0.0,,
2026-05-18,Carlisle,2.30,2026-05-18_CRL_230,THE SUN (Templegate),THE SUN (Templegate),Dc Cogent,False,LOSE,6,5.0,-1.0,Harb,12.0
2026-05-18,Carlisle,3.00,2026-05-18_CRL_300,THE SUN (Templegate),THE SUN (Templegate),Mr Dreamseller,False,LOSE,7,9.5,-1.0,Call Me Betty,11.0
2026-05-18,Carlisle,3.30,2026-05-18_CRL_330,THE SUN (Templegate),THE SUN (Templegate),Ashdown Forest 1,False,LOSE,9,17.0,-1.0,Loki,6.5
2026-05-18,Carlisle,4.00,,THE SUN (Templegate),THE SUN (Templegate),Lunar Melody,False,UNMATCHED,,,0.0,,
2026-05-18,Carlisle,4.35,2026-05-18_CRL_435,THE SUN (Templegate),THE SUN (Templegate),Mereside Princess,False,WIN,1,4.5,3.5,Mereside Princess,4.5
2026-05-18,Carlisle,5.10,2026-05-18_CRL_510,THE SUN (Templegate),THE SUN (Templegate),Native Instinct,False,LOSE,6,2.75,-1.0,They All Know Me,12.0
2026-05-18,Carlisle,2.00,,THE STAR (Jason Heavey),THE STAR (Jason Heavey),Crownbreaker,False,UNMATCHED,,,0.0,,
2026-05-18,Carlisle,2.30,2026-05-18_CRL_230,THE STAR (Jason Heavey),THE STAR (Jason Heavey),Hurt You Never,False,LOSE,9,13.0,-1.0,Harb,12.0
2026-05-18,Carlisle,3.00,2026-05-18_CRL_300,THE STAR (Jason Heavey),THE STAR (Jason Heavey),Surprised,False,PLACE,3,26.0,-1.0,Call Me Betty,11.0
2026-05-18,Carlisle,3.30,2026-05-18_CRL_330,THE STAR (Jason Heavey),THE STAR (Jason Heavey),Cascade Hall,False,PLACE,2,3.5,-1.0,Loki,6.5
2026-05-18,Carlisle,4.00,,THE STAR (Jason Heavey),THE STAR (Jason Heavey),Lunar Melody,False,UNMATCHED,,,0.0,,
2026-05-18,Carlisle,4.35,2026-05-18_CRL_435,THE STAR (Jason Heavey),THE STAR (Jason Heavey),Cobalt Comet,False,PLACE,3,9.5,-1.0,Mereside Princess,4.5
2026-05-18,Carlisle,5.10,2026-05-18_CRL_510,THE STAR (Jason Heavey),THE STAR (Jason Heavey),Native Instinct,False,LOSE,6,2.75,-1.0,They All Know Me,12.0
2026-05-18,Carlisle,2.00,,DAILY RECORD (Garry Owen),DAILY RECORD (Garry Owen),Crownbreaker,False,UNMATCHED,,,0.0,,
2026-05-18,Carlisle,2.30,2026-05-18_CRL_230,DAILY RECORD (Garry Owen),DAILY RECORD (Garry Owen),Keldeo,False,LOSE,4,9.0,-1.0,Harb,12.0
2026-05-18,Carlisle,3.00,2026-05-18_CRL_300,DAILY RECORD (Garry Owen),DAILY RECORD (Garry Owen),Raft Up,False,LOSE,4,6.0,-1.0,Call Me Betty,11.0
2026-05-18,Carlisle,3.30,2026-05-18_CRL_330,DAILY RECORD (Garry Owen),DAILY RECORD (Garry Owen),Lord,False,LOSE,7,7.0,-1.0,Loki,6.5
2026-05-18,Carlisle,4.00,,DAILY RECORD (Garry Owen),DAILY RECORD (Garry Owen),Lunar Melody,False,UNMATCHED,,,0.0,,
2026-05-18,Carlisle,4.35,2026-05-18_CRL_435,DAILY RECORD (Garry Owen),DAILY RECORD (Garry Owen),Mereside Princess,False,WIN,1,4.5,3.5,Mereside Princess,4.5
2026-05-18,Carlisle,5.10,2026-05-18_CRL_510,DAILY RECORD (Garry Owen),DAILY RECORD (Garry Owen),Native Instinct Page,False,LOSE,6,2.75,-1.0,They All Know Me,12.0
2026-05-18,Lingfield,2.20,2026-05-18_Lingfield_220,SPOTLIGHT,SPOTLIGHT,Dancing Tiger,False,PLACE,2,4.0,-1.0,King'S Hand,5.5
2026-05-18,Lingfield,2.50,2026-05-18_Lingfield_250,SPOTLIGHT,SPOTLIGHT,Charles Morin,False,LOSE,10,6.5,-1.0,Rogue Empire,5.0
2026-05-18,Lingfield,3.20,,SPOTLIGHT,SPOTLIGHT,Notable Dream,False,UNMATCHED,,,0.0,,
2026-05-18,Lingfield,3.50,,SPOTLIGHT,SPOTLIGHT,Behike,False,UNMATCHED,,,0.0,,
2026-05-18,Lingfield,4.22,2026-05-18_Lingfield_422,SPOTLIGHT,SPOTLIGHT,Travel Agent,True,PLACE,2,8.5,-1.0,Twilight Jet,2.38
2026-05-18,Lingfield,4.57,2026-05-18_Lingfield_457,SPOTLIGHT,SPOTLIGHT,Adalida,False,WIN,1,3.0,2.0,Adalida,3.0
2026-05-18,Lingfield,2.20,2026-05-18_Lingfield_220,RP RATINGS,RP RATINGS (Paul Curtis),Lara,False,LOSE,6,7.5,-1.0,King'S Hand,5.5
2026-05-18,Lingfield,2.50,2026-05-18_Lingfield_250,RP RATINGS,RP RATINGS (Paul Curtis),Balgowan,False,PLACE,2,3.25,-1.0,Rogue Empire,5.0
2026-05-18,Lingfield,3.50,,RP RATINGS,RP RATINGS (Paul Curtis),Behike,False,UNMATCHED,,,0.0,,
2026-05-18,Lingfield,4.22,2026-05-18_Lingfield_422,RP RATINGS,RP RATINGS (Paul Curtis),Invincible Speed,False,DNF,DNF,9.0,0.0,Twilight Jet,2.38
2026-05-18,Lingfield,4.57,2026-05-18_Lingfield_457,RP RATINGS,RP RATINGS (Paul Curtis),Tie Fighter,False,DNF,DNF,11.0,0.0,Adalida,3.0
2026-05-18,Lingfield,4.22,2026-05-18_Lingfield_422,TOPSPEED,TOPSPEED,Hedge Fund,False,DNF,DNF,17.0,0.0,Twilight Jet,2.38
2026-05-18,Lingfield,2.20,2026-05-18_Lingfield_220,POSTDATA,POSTDATA,Dancing Tiger,False,PLACE,2,4.0,-1.0,King'S Hand,5.5
2026-05-18,Lingfield,2.50,2026-05-18_Lingfield_250,POSTDATA,POSTDATA,Balgowan,False,PLACE,2,3.25,-1.0,Rogue Empire,5.0
2026-05-18,Lingfield,3.20,,POSTDATA,POSTDATA,Notable Dream,False,UNMATCHED,,,0.0,,
2026-05-18,Lingfield,3.50,,POSTDATA,POSTDATA,Behike,False,UNMATCHED,,,0.0,,
2026-05-18,Lingfield,4.22,2026-05-18_Lingfield_422,POSTDATA,POSTDATA,Invincible Speed,False,DNF,DNF,9.0,0.0,Twilight Jet,2.38
2026-05-18,Lingfield,4.57,2026-05-18_Lingfield_457,POSTDATA,POSTDATA,Enter Sandman,False,DNF,DNF,4.0,0.0,Adalida,3.0
2026-05-18,Lingfield,2.20,2026-05-18_Lingfield_220,LAMBOURN (Liam Headd),LAMBOURN (Liam Headd),Dancing Tiger,False,PLACE,2,4.0,-1.0,King'S Hand,5.5
2026-05-18,Lingfield,2.50,2026-05-18_Lingfield_250,LAMBOURN (Liam Headd),LAMBOURN (Liam Headd),Rogue Empire,False,WIN,1,5.0,4.0,Rogue Empire,5.0
2026-05-18,Lingfield,3.50,,LAMBOURN (Liam Headd),LAMBOURN (Liam Headd),Ray Mon Dough,False,UNMATCHED,,,0.0,,
2026-05-18,Lingfield,4.22,2026-05-18_Lingfield_422,LAMBOURN (Liam Headd),LAMBOURN (Liam Headd),Whenthedealinsdone,False,LOSE,5,7.0,-1.0,Twilight Jet,2.38
2026-05-18,Lingfield,2.20,2026-05-18_Lingfield_220,NEWMARKET (David Milnes),NEWMARKET (David Milnes),King's Hand,False,WIN,1,5.5,4.5,King'S Hand,5.5
2026-05-18,Lingfield,2.50,2026-05-18_Lingfield_250,NEWMARKET (David Milnes),NEWMARKET (David Milnes),Smokey Malone,False,LOSE,4,13.0,-1.0,Rogue Empire,5.0
2026-05-18,Lingfield,3.20,,NEWMARKET (David Milnes),NEWMARKET (David Milnes),Encounter,False,UNMATCHED,,,0.0,,
2026-05-18,Lingfield,3.50,,NEWMARKET (David Milnes),NEWMARKET (David Milnes),Behike,False,UNMATCHED,,,0.0,,
2026-05-18,Lingfield,4.22,2026-05-18_Lingfield_422,NEWMARKET (David Milnes),NEWMARKET (David Milnes),Travel Agent,False,PLACE,2,8.5,-1.0,Twilight Jet,2.38
2026-05-18,Lingfield,4.57,2026-05-18_Lingfield_457,NEWMARKET (David Milnes),NEWMARKET (David Milnes),Tie Fighter,False,DNF,DNF,11.0,0.0,Adalida,3.0
2026-05-18,Lingfield,2.20,2026-05-18_Lingfield_220,THE TIMES (Rob Wright),THE TIMES (Rob Wright),Dancing Tiger,False,PLACE,2,4.0,-1.0,King'S Hand,5.5
2026-05-18,Lingfield,2.50,2026-05-18_Lingfield_250,THE TIMES (Rob Wright),THE TIMES (Rob Wright),Balgowan,False,PLACE,2,3.25,-1.0,Rogue Empire,5.0
2026-05-18,Lingfield,3.20,,THE TIMES (Rob Wright),THE TIMES (Rob Wright),Notable Dream,False,UNMATCHED,,,0.0,,
2026-05-18,Lingfield,3.50,,THE TIMES (Rob Wright),THE TIMES (Rob Wright),Ray Mon Dough,False,UNMATCHED,,,0.0,,
2026-05-18,Lingfield,4.22,2026-05-18_Lingfield_422,THE TIMES (Rob Wright),THE TIMES (Rob Wright),Spendmore Lane,False,PLACE,3,12.0,-1.0,Twilight Jet,2.38
2026-05-18,Lingfield,4.57,2026-05-18_Lingfield_457,THE TIMES (Rob Wright),THE TIMES (Rob Wright),Tie Fighter,False,DNF,DNF,11.0,0.0,Adalida,3.0
2026-05-18,Lingfield,2.20,2026-05-18_Lingfield_220,TELEGRAPH (Marlborough),TELEGRAPH (Marlborough),Celestias Comet,False,LOSE,5,7.5,-1.0,King'S Hand,5.5
2026-05-18,Lingfield,2.50,2026-05-18_Lingfield_250,TELEGRAPH (Marlborough),TELEGRAPH (Marlborough),Balgowan,False,PLACE,2,3.25,-1.0,Rogue Empire,5.0
2026-05-18,Lingfield,3.20,,TELEGRAPH (Marlborough),TELEGRAPH (Marlborough),Rafe's Da Man,False,UNMATCHED,,,0.0,,
2026-05-18,Lingfield,3.50,,TELEGRAPH (Marlborough),TELEGRAPH (Marlborough),Ray Mon Dough,False,UNMATCHED,,,0.0,,
2026-05-18,Lingfield,4.22,2026-05-18_Lingfield_422,TELEGRAPH (Marlborough),TELEGRAPH (Marlborough),Travel Agent,False,PLACE,2,8.5,-1.0,Twilight Jet,2.38
2026-05-18,Lingfield,4.57,2026-05-18_Lingfield_457,TELEGRAPH (Marlborough),TELEGRAPH (Marlborough),Tie Fighter,False,DNF,DNF,11.0,0.0,Adalida,3.0
2026-05-18,Lingfield,2.20,2026-05-18_Lingfield_220,THE GUARDIAN,THE GUARDIAN,Dancing Tiger,False,PLACE,2,4.0,-1.0,King'S Hand,5.5
2026-05-18,Lingfield,2.50,2026-05-18_Lingfield_250,THE GUARDIAN,THE GUARDIAN,Charles Morin,False,LOSE,10,6.5,-1.0,Rogue Empire,5.0
2026-05-18,Lingfield,3.20,,THE GUARDIAN,THE GUARDIAN,Notable Dream,False,UNMATCHED,,,0.0,,
2026-05-18,Lingfield,3.50,,THE GUARDIAN,THE GUARDIAN,Behike,False,UNMATCHED,,,0.0,,
2026-05-18,Lingfield,4.22,2026-05-18_Lingfield_422,THE GUARDIAN,THE GUARDIAN,Profit Street,False,LOSE,7,7.0,-1.0,Twilight Jet,2.38
2026-05-18,Lingfield,4.57,2026-05-18_Lingfield_457,THE GUARDIAN,THE GUARDIAN,Life After Love,False,PLACE,3,8.0,-1.0,Adalida,3.0
2026-05-18,Lingfield,2.20,2026-05-18_Lingfield_220,DAILY MAIL (Robin Goodfellow),DAILY MAIL (Robin Goodfellow),Dancing Tiger,False,PLACE,2,4.0,-1.0,King'S Hand,5.5
2026-05-18,Lingfield,2.50,2026-05-18_Lingfield_250,DAILY MAIL (Robin Goodfellow),DAILY MAIL (Robin Goodfellow),Regally Blonde,False,LOSE,5,11.0,-1.0,Rogue Empire,5.0
2026-05-18,Lingfield,3.20,,DAILY MAIL (Robin Goodfellow),DAILY MAIL (Robin Goodfellow),Notable Dream,False,UNMATCHED,,,0.0,,
2026-05-18,Lingfield,3.50,,DAILY MAIL (Robin Goodfellow),DAILY MAIL (Robin Goodfellow),Railwayman,False,UNMATCHED,,,0.0,,
2026-05-18,Lingfield,4.22,2026-05-18_Lingfield_422,DAILY MAIL (Robin Goodfellow),DAILY MAIL (Robin Goodfellow),No Return,False,LOSE,4,6.5,-1.0,Twilight Jet,2.38
2026-05-18,Lingfield,4.57,2026-05-18_Lingfield_457,DAILY MAIL (Robin Goodfellow),DAILY MAIL (Robin Goodfellow),Red Snapper,False,PLACE,2,2.5,-1.0,Adalida,3.0
2026-05-18,Lingfield,2.20,2026-05-18_Lingfield_220,D EXPRESS (Melissa Jones),D EXPRESS (Melissa Jones),Panama Black,False,LOSE,8,19.0,-1.0,King'S Hand,5.5
2026-05-18,Lingfield,2.50,2026-05-18_Lingfield_250,D EXPRESS (Melissa Jones),D EXPRESS (Melissa Jones),Balgowan,False,PLACE,2,3.25,-1.0,Rogue Empire,5.0
2026-05-18,Lingfield,3.20,,D EXPRESS (Melissa Jones),D EXPRESS (Melissa Jones),Encounter,False,UNMATCHED,,,0.0,,
2026-05-18,Lingfield,3.50,,D EXPRESS (Melissa Jones),D EXPRESS (Melissa Jones),Behike,True,UNMATCHED,,,0.0,,
2026-05-18,Lingfield,4.22,2026-05-18_Lingfield_422,D EXPRESS (Melissa Jones),D EXPRESS (Melissa Jones),Twilight Jet,False,WIN,1,2.38,1.38,Twilight Jet,2.38
2026-05-18,Lingfield,4.57,2026-05-18_Lingfield_457,D EXPRESS (Melissa Jones),D EXPRESS (Melissa Jones),Life After Love,False,PLACE,3,8.0,-1.0,Adalida,3.0
2026-05-18,Lingfield,2.20,2026-05-18_Lingfield_220,DAILY MIRROR (Newsboy),DAILY MIRROR (Newsboy),Dancing Tiger,False,PLACE,2,4.0,-1.0,King'S Hand,5.5
2026-05-18,Lingfield,2.50,2026-05-18_Lingfield_250,DAILY MIRROR (Newsboy),DAILY MIRROR (Newsboy),Balgowan,False,PLACE,2,3.25,-1.0,Rogue Empire,5.0
2026-05-18,Lingfield,3.20,,DAILY MIRROR (Newsboy),DAILY MIRROR (Newsboy),Notable Dream,False,UNMATCHED,,,0.0,,
2026-05-18,Lingfield,3.50,,DAILY MIRROR (Newsboy),DAILY MIRROR (Newsboy),Behike,False,UNMATCHED,,,0.0,,
2026-05-18,Lingfield,4.22,2026-05-18_Lingfield_422,DAILY MIRROR (Newsboy),DAILY MIRROR (Newsboy),Invincible Speed,False,DNF,DNF,9.0,0.0,Twilight Jet,2.38
2026-05-18,Lingfield,4.57,2026-05-18_Lingfield_457,DAILY MIRROR (Newsboy),DAILY MIRROR (Newsboy),Tie Fighter,False,DNF,DNF,11.0,0.0,Adalida,3.0
2026-05-18,Lingfield,2.20,2026-05-18_Lingfield_220,THE SUN (Templegate),THE SUN (Templegate),Dancing Tiger,False,PLACE,2,4.0,-1.0,King'S Hand,5.5
2026-05-18,Lingfield,2.50,2026-05-18_Lingfield_250,THE SUN (Templegate),THE SUN (Templegate),Balgowan,False,PLACE,2,3.25,-1.0,Rogue Empire,5.0
2026-05-18,Lingfield,3.20,,THE SUN (Templegate),THE SUN (Templegate),Notable Dream,False,UNMATCHED,,,0.0,,
2026-05-18,Lingfield,3.50,,THE SUN (Templegate),THE SUN (Templegate),Behike,True,UNMATCHED,,,0.0,,
2026-05-18,Lingfield,4.22,2026-05-18_Lingfield_422,THE SUN (Templegate),THE SUN (Templegate),Hedge Fund,False,DNF,DNF,17.0,0.0,Twilight Jet,2.38
2026-05-18,Lingfield,4.57,2026-05-18_Lingfield_457,THE SUN (Templegate),THE SUN (Templegate),Adalida,False,WIN,1,3.0,2.0,Adalida,3.0
2026-05-18,Lingfield,2.20,2026-05-18_Lingfield_220,THE STAR (Jason Heavey),THE STAR (Jason Heavey),Dancing Tiger,False,PLACE,2,4.0,-1.0,King'S Hand,5.5
2026-05-18,Lingfield,2.50,2026-05-18_Lingfield_250,THE STAR (Jason Heavey),THE STAR (Jason Heavey),Balgowan,False,PLACE,2,3.25,-1.0,Rogue Empire,5.0
2026-05-18,Lingfield,3.20,,THE STAR (Jason Heavey),THE STAR (Jason Heavey),Encounter,False,UNMATCHED,,,0.0,,
2026-05-18,Lingfield,3.50,,THE STAR (Jason Heavey),THE STAR (Jason Heavey),Railwayman,False,UNMATCHED,,,0.0,,
2026-05-18,Lingfield,4.22,2026-05-18_Lingfield_422,THE STAR (Jason Heavey),THE STAR (Jason Heavey),Travel Agent,False,PLACE,2,8.5,-1.0,Twilight Jet,2.38
2026-05-18,Lingfield,4.57,2026-05-18_Lingfield_457,THE STAR (Jason Heavey),THE STAR (Jason Heavey),Life After Love,False,PLACE,3,8.0,-1.0,Adalida,3.0
2026-05-18,Lingfield,2.20,2026-05-18_Lingfield_220,DAILY RECORD (Garry Owen),DAILY RECORD (Garry Owen),Premier,False,LOSE,7,10.0,-1.0,King'S Hand,5.5
2026-05-18,Lingfield,2.50,2026-05-18_Lingfield_250,DAILY RECORD (Garry Owen),DAILY RECORD (Garry Owen),Charles Morin,False,LOSE,10,6.5,-1.0,Rogue Empire,5.0
2026-05-18,Lingfield,3.20,,DAILY RECORD (Garry Owen),DAILY RECORD (Garry Owen),Notable Dream,False,UNMATCHED,,,0.0,,
2026-05-18,Lingfield,3.50,,DAILY RECORD (Garry Owen),DAILY RECORD (Garry Owen),Railwayman,False,UNMATCHED,,,0.0,,
2026-05-18,Lingfield,4.22,2026-05-18_Lingfield_422,DAILY RECORD (Garry Owen),DAILY RECORD (Garry Owen),Spendmore Lane,False,PLACE,3,12.0,-1.0,Twilight Jet,2.38
2026-05-18,Lingfield,4.57,2026-05-18_Lingfield_457,DAILY RECORD (Garry Owen),DAILY RECORD (Garry Owen),Enter Sandman Page,False,DNF,DNF,4.0,0.0,Adalida,3.0
2026-05-18,Redcar,1.40,,SPOTLIGHT,SPOTLIGHT,Kodiak Breeze,False,UNMATCHED,,,0.0,,
2026-05-18,Redcar,2.10,,SPOTLIGHT,SPOTLIGHT,Revels,False,UNMATCHED,,,0.0,,
2026-05-18,Redcar,2.40,2026-05-18_Redcar_240,SPOTLIGHT,SPOTLIGHT,Kiss Me My Love,True,WIN,1,4.5,3.5,Kiss Me My Love,4.5
2026-05-18,Redcar,3.10,2026-05-18_Redcar_310,SPOTLIGHT,SPOTLIGHT,Clocker,False,DNF,DNF,8.0,0.0,Ammoony,2.38
2026-05-18,Redcar,3.40,2026-05-18_Redcar_340,SPOTLIGHT,SPOTLIGHT,Glory Hyde,False,WIN,1,3.75,2.75,Glory Hyde,3.75
2026-05-18,Redcar,4.10,2026-05-18_Redcar_410,SPOTLIGHT,SPOTLIGHT,Full Gas,False,LOSE,7,7.5,-1.0,Maximum Velocity,11.0
2026-05-18,Redcar,4.43,2026-05-18_Redcar_443,SPOTLIGHT,SPOTLIGHT,Black Rock Beauty,False,WIN,1,9.5,8.5,Black Rock Beauty,9.5
2026-05-18,Redcar,2.40,2026-05-18_Redcar_240,RP RATINGS,RP RATINGS (Paul Curtis),Up The Jazz,False,LOSE,6,4.5,-1.0,Kiss Me My Love,4.5
2026-05-18,Redcar,3.10,2026-05-18_Redcar_310,RP RATINGS,RP RATINGS (Paul Curtis),Ammoony,False,WIN,1,2.38,1.38,Ammoony,2.38
2026-05-18,Redcar,3.40,2026-05-18_Redcar_340,RP RATINGS,RP RATINGS (Paul Curtis),Taygar,False,PLACE,2,8.0,-1.0,Glory Hyde,3.75
2026-05-18,Redcar,4.10,2026-05-18_Redcar_410,RP RATINGS,RP RATINGS (Paul Curtis),Full Gas,False,LOSE,7,7.5,-1.0,Maximum Velocity,11.0
2026-05-18,Redcar,4.43,2026-05-18_Redcar_443,RP RATINGS,RP RATINGS (Paul Curtis),Realistic Dream,False,LOSE,9,11.0,-1.0,Black Rock Beauty,9.5
2026-05-18,Redcar,2.40,2026-05-18_Redcar_240,TOPSPEED,TOPSPEED,Chuzzlewit,False,DNF,DNF,21.0,0.0,Kiss Me My Love,4.5
2026-05-18,Redcar,1.40,,POSTDATA,POSTDATA,Kodiak Breeze,False,UNMATCHED,,,0.0,,
2026-05-18,Redcar,2.10,,POSTDATA,POSTDATA,Revels,False,UNMATCHED,,,0.0,,
2026-05-18,Redcar,2.40,2026-05-18_Redcar_240,POSTDATA,POSTDATA,Up The Jazz,False,LOSE,6,4.5,-1.0,Kiss Me My Love,4.5
2026-05-18,Redcar,3.10,2026-05-18_Redcar_310,POSTDATA,POSTDATA,Princess Niyla,False,PLACE,3,4.33,-1.0,Ammoony,2.38
2026-05-18,Redcar,3.40,2026-05-18_Redcar_340,POSTDATA,POSTDATA,Get Up Everybody,False,LOSE,4,5.0,-1.0,Glory Hyde,3.75
2026-05-18,Redcar,4.10,2026-05-18_Redcar_410,POSTDATA,POSTDATA,Harswell River,False,PLACE,3,6.0,-1.0,Maximum Velocity,11.0
2026-05-18,Redcar,4.43,2026-05-18_Redcar_443,POSTDATA,POSTDATA,Long Shot,False,PLACE,2,3.75,-1.0,Black Rock Beauty,9.5
2026-05-18,Redcar,1.40,,NEWMARKET (David Milnes),NEWMARKET (David Milnes),C'Est Lui,False,UNMATCHED,,,0.0,,
2026-05-18,Redcar,3.10,2026-05-18_Redcar_310,NEWMARKET (David Milnes),NEWMARKET (David Milnes),Ammoony,False,WIN,1,2.38,1.38,Ammoony,2.38
2026-05-18,Redcar,4.10,2026-05-18_Redcar_410,NEWMARKET (David Milnes),NEWMARKET (David Milnes),Perfect Ruler,False,LOSE,5,4.0,-1.0,Maximum Velocity,11.0
2026-05-18,Redcar,4.43,2026-05-18_Redcar_443,THE NORTH (Colin Russell),THE NORTH (Colin Russell),Long Shot,True,PLACE,2,3.75,-1.0,Black Rock Beauty,9.5
2026-05-18,Redcar,1.40,,THE TIMES (Rob Wright),THE TIMES (Rob Wright),Kodiak Breeze,False,UNMATCHED,,,0.0,,
2026-05-18,Redcar,2.10,,THE TIMES (Rob Wright),THE TIMES (Rob Wright),Sword Salute,False,UNMATCHED,,,0.0,,
2026-05-18,Redcar,2.40,2026-05-18_Redcar_240,THE TIMES (Rob Wright),THE TIMES (Rob Wright),Straight A,False,PLACE,2,9.0,-1.0,Kiss Me My Love,4.5
2026-05-18,Redcar,3.10,2026-05-18_Redcar_310,THE TIMES (Rob Wright),THE TIMES (Rob Wright),Ammoony,False,WIN,1,2.38,1.38,Ammoony,2.38
2026-05-18,Redcar,3.40,2026-05-18_Redcar_340,THE TIMES (Rob Wright),THE TIMES (Rob Wright),Taygar,False,PLACE,2,8.0,-1.0,Glory Hyde,3.75
2026-05-18,Redcar,4.10,2026-05-18_Redcar_410,THE TIMES (Rob Wright),THE TIMES (Rob Wright),Full Gas,False,LOSE,7,7.5,-1.0,Maximum Velocity,11.0
2026-05-18,Redcar,4.43,2026-05-18_Redcar_443,THE TIMES (Rob Wright),THE TIMES (Rob Wright),Maybe Soon,False,LOSE,8,7.0,-1.0,Black Rock Beauty,9.5
2026-05-18,Redcar,1.40,,TELEGRAPH (Marlborough),TELEGRAPH (Marlborough),Kodiak Breeze,False,UNMATCHED,,,0.0,,
2026-05-18,Redcar,2.10,,TELEGRAPH (Marlborough),TELEGRAPH (Marlborough),Revels,False,UNMATCHED,,,0.0,,
2026-05-18,Redcar,2.40,2026-05-18_Redcar_240,TELEGRAPH (Marlborough),TELEGRAPH (Marlborough),We've Got This,False,LOSE,5,13.0,-1.0,Kiss Me My Love,4.5
2026-05-18,Redcar,3.10,2026-05-18_Redcar_310,TELEGRAPH (Marlborough),TELEGRAPH (Marlborough),Ammoony,False,WIN,1,2.38,1.38,Ammoony,2.38
2026-05-18,Redcar,3.40,2026-05-18_Redcar_340,TELEGRAPH (Marlborough),TELEGRAPH (Marlborough),Taygar,False,PLACE,2,8.0,-1.0,Glory Hyde,3.75
2026-05-18,Redcar,4.10,2026-05-18_Redcar_410,TELEGRAPH (Marlborough),TELEGRAPH (Marlborough),Perfect Ruler,False,LOSE,5,4.0,-1.0,Maximum Velocity,11.0
2026-05-18,Redcar,4.43,2026-05-18_Redcar_443,TELEGRAPH (Marlborough),TELEGRAPH (Marlborough),Twilight Dawn,False,PLACE,3,4.0,-1.0,Black Rock Beauty,9.5
2026-05-18,Redcar,1.40,,THE GUARDIAN,THE GUARDIAN,Eighteenth Smiles,False,UNMATCHED,,,0.0,,
2026-05-18,Redcar,2.10,,THE GUARDIAN,THE GUARDIAN,Revels,False,UNMATCHED,,,0.0,,
2026-05-18,Redcar,2.40,2026-05-18_Redcar_240,THE GUARDIAN,THE GUARDIAN,The Sweet Escape,False,LOSE,4,6.0,-1.0,Kiss Me My Love,4.5
2026-05-18,Redcar,3.10,2026-05-18_Redcar_310,THE GUARDIAN,THE GUARDIAN,Fanciulla Del West,False,PLACE,2,5.5,-1.0,Ammoony,2.38
2026-05-18,Redcar,3.40,2026-05-18_Redcar_340,THE GUARDIAN,THE GUARDIAN,One Of Our Own,False,LOSE,6,8.0,-1.0,Glory Hyde,3.75
2026-05-18,Redcar,4.10,2026-05-18_Redcar_410,THE GUARDIAN,THE GUARDIAN,Full Gas,False,LOSE,7,7.5,-1.0,Maximum Velocity,11.0
2026-05-18,Redcar,4.43,2026-05-18_Redcar_443,THE GUARDIAN,THE GUARDIAN,Long Shot,False,PLACE,2,3.75,-1.0,Black Rock Beauty,9.5
2026-05-18,Redcar,1.40,,DAILY MAIL (Robin Goodfellow),DAILY MAIL (Robin Goodfellow),Kodiak Breeze,False,UNMATCHED,,,0.0,,
2026-05-18,Redcar,2.10,,DAILY MAIL (Robin Goodfellow),DAILY MAIL (Robin Goodfellow),Revels,False,UNMATCHED,,,0.0,,
2026-05-18,Redcar,2.40,2026-05-18_Redcar_240,DAILY MAIL (Robin Goodfellow),DAILY MAIL (Robin Goodfellow),We've Got This,False,LOSE,5,13.0,-1.0,Kiss Me My Love,4.5
2026-05-18,Redcar,3.10,2026-05-18_Redcar_310,DAILY MAIL (Robin Goodfellow),DAILY MAIL (Robin Goodfellow),Fanciulla Del West,False,PLACE,2,5.5,-1.0,Ammoony,2.38
2026-05-18,Redcar,3.40,2026-05-18_Redcar_340,DAILY MAIL (Robin Goodfellow),DAILY MAIL (Robin Goodfellow),Glory Hyde,False,WIN,1,3.75,2.75,Glory Hyde,3.75
2026-05-18,Redcar,4.10,2026-05-18_Redcar_410,DAILY MAIL (Robin Goodfellow),DAILY MAIL (Robin Goodfellow),Forever Twenty,False,LOSE,6,4.5,-1.0,Maximum Velocity,11.0
2026-05-18,Redcar,4.43,2026-05-18_Redcar_443,DAILY MAIL (Robin Goodfellow),DAILY MAIL (Robin Goodfellow),Truly Special,False,LOSE,6,17.0,-1.0,Black Rock Beauty,9.5
2026-05-18,Redcar,1.40,,D EXPRESS (Melissa Jones),D EXPRESS (Melissa Jones),Eighteenth Smiles,False,UNMATCHED,,,0.0,,
2026-05-18,Redcar,2.10,,D EXPRESS (Melissa Jones),D EXPRESS (Melissa Jones),Revels,False,UNMATCHED,,,0.0,,
2026-05-18,Redcar,2.40,2026-05-18_Redcar_240,D EXPRESS (Melissa Jones),D EXPRESS (Melissa Jones),Up The Jazz,False,LOSE,6,4.5,-1.0,Kiss Me My Love,4.5
2026-05-18,Redcar,3.10,2026-05-18_Redcar_310,D EXPRESS (Melissa Jones),D EXPRESS (Melissa Jones),Ammoony,False,WIN,1,2.38,1.38,Ammoony,2.38
2026-05-18,Redcar,3.40,2026-05-18_Redcar_340,D EXPRESS (Melissa Jones),D EXPRESS (Melissa Jones),Glory Hyde,False,WIN,1,3.75,2.75,Glory Hyde,3.75
2026-05-18,Redcar,4.10,2026-05-18_Redcar_410,D EXPRESS (Melissa Jones),D EXPRESS (Melissa Jones),Perfect Ruler,False,LOSE,5,4.0,-1.0,Maximum Velocity,11.0
2026-05-18,Redcar,4.43,2026-05-18_Redcar_443,D EXPRESS (Melissa Jones),D EXPRESS (Melissa Jones),Twilight Dawn,False,PLACE,3,4.0,-1.0,Black Rock Beauty,9.5
2026-05-18,Redcar,1.40,,DAILY MIRROR (Newsboy),DAILY MIRROR (Newsboy),Kodiak Breeze,False,UNMATCHED,,,0.0,,
2026-05-18,Redcar,2.10,,DAILY MIRROR (Newsboy),DAILY MIRROR (Newsboy),Sword Salute,False,UNMATCHED,,,0.0,,
2026-05-18,Redcar,2.40,2026-05-18_Redcar_240,DAILY MIRROR (Newsboy),DAILY MIRROR (Newsboy),Up The Jazz,False,LOSE,6,4.5,-1.0,Kiss Me My Love,4.5
2026-05-18,Redcar,3.10,2026-05-18_Redcar_310,DAILY MIRROR (Newsboy),DAILY MIRROR (Newsboy),Fire Eyes,False,LOSE,5,10.0,-1.0,Ammoony,2.38
2026-05-18,Redcar,3.40,2026-05-18_Redcar_340,DAILY MIRROR (Newsboy),DAILY MIRROR (Newsboy),One Of Our Own,False,LOSE,6,8.0,-1.0,Glory Hyde,3.75
2026-05-18,Redcar,4.10,2026-05-18_Redcar_410,DAILY MIRROR (Newsboy),DAILY MIRROR (Newsboy),Perfect Ruler,False,LOSE,5,4.0,-1.0,Maximum Velocity,11.0
2026-05-18,Redcar,4.43,2026-05-18_Redcar_443,DAILY MIRROR (Newsboy),DAILY MIRROR (Newsboy),Secret Testimony,False,LOSE,7,6.5,-1.0,Black Rock Beauty,9.5
2026-05-18,Redcar,1.40,,THE SUN (Templegate),THE SUN (Templegate),Kodiak Breeze,False,UNMATCHED,,,0.0,,
2026-05-18,Redcar,2.10,,THE SUN (Templegate),THE SUN (Templegate),Sword Salute,False,UNMATCHED,,,0.0,,
2026-05-18,Redcar,2.40,2026-05-18_Redcar_240,THE SUN (Templegate),THE SUN (Templegate),Up The Jazz,False,LOSE,6,4.5,-1.0,Kiss Me My Love,4.5
2026-05-18,Redcar,3.10,2026-05-18_Redcar_310,THE SUN (Templegate),THE SUN (Templegate),Ammoony,True,WIN,1,2.38,1.38,Ammoony,2.38
2026-05-18,Redcar,3.40,2026-05-18_Redcar_340,THE SUN (Templegate),THE SUN (Templegate),Taygar,False,PLACE,2,8.0,-1.0,Glory Hyde,3.75
2026-05-18,Redcar,4.10,2026-05-18_Redcar_410,THE SUN (Templegate),THE SUN (Templegate),Harswell River,False,PLACE,3,6.0,-1.0,Maximum Velocity,11.0
2026-05-18,Redcar,4.43,2026-05-18_Redcar_443,THE SUN (Templegate),THE SUN (Templegate),Twilight Dawn,False,PLACE,3,4.0,-1.0,Black Rock Beauty,9.5
2026-05-18,Redcar,1.40,,THE STAR (Jason Heavey),THE STAR (Jason Heavey),Kodiak Breeze,False,UNMATCHED,,,0.0,,
2026-05-18,Redcar,2.10,,THE STAR (Jason Heavey),THE STAR (Jason Heavey),Revels,False,UNMATCHED,,,0.0,,
2026-05-18,Redcar,2.40,2026-05-18_Redcar_240,THE STAR (Jason Heavey),THE STAR (Jason Heavey),Thats My Boy Luke,False,LOSE,7,11.0,-1.0,Kiss Me My Love,4.5
2026-05-18,Redcar,3.10,2026-05-18_Redcar_310,THE STAR (Jason Heavey),THE STAR (Jason Heavey),Fanciulla Del West,False,PLACE,2,5.5,-1.0,Ammoony,2.38
2026-05-18,Redcar,3.40,2026-05-18_Redcar_340,THE STAR (Jason Heavey),THE STAR (Jason Heavey),One Of Our Own,False,LOSE,6,8.0,-1.0,Glory Hyde,3.75
2026-05-18,Redcar,4.10,2026-05-18_Redcar_410,THE STAR (Jason Heavey),THE STAR (Jason Heavey),Full Gas,True,LOSE,7,7.5,-1.0,Maximum Velocity,11.0
2026-05-18,Redcar,4.43,2026-05-18_Redcar_443,THE STAR (Jason Heavey),THE STAR (Jason Heavey),Realistic Dream,False,LOSE,9,11.0,-1.0,Black Rock Beauty,9.5
2026-05-18,Redcar,1.40,,DAILY RECORD (Garry Owen),DAILY RECORD (Garry Owen),Kodiak Breeze,False,UNMATCHED,,,0.0,,
2026-05-18,Redcar,2.10,,DAILY RECORD (Garry Owen),DAILY RECORD (Garry Owen),Sword Salute,False,UNMATCHED,,,0.0,,
2026-05-18,Redcar,2.40,2026-05-18_Redcar_240,DAILY RECORD (Garry Owen),DAILY RECORD (Garry Owen),Kiss Me My Love,False,WIN,1,4.5,3.5,Kiss Me My Love,4.5
2026-05-18,Redcar,3.10,2026-05-18_Redcar_310,DAILY RECORD (Garry Owen),DAILY RECORD (Garry Owen),Fanciulla Del West,True,PLACE,2,5.5,-1.0,Ammoony,2.38
2026-05-18,Redcar,3.40,2026-05-18_Redcar_340,DAILY RECORD (Garry Owen),DAILY RECORD (Garry Owen),Taygar,False,PLACE,2,8.0,-1.0,Glory Hyde,3.75
2026-05-18,Redcar,4.10,2026-05-18_Redcar_410,DAILY RECORD (Garry Owen),DAILY RECORD (Garry Owen),Perfect Ruler,False,LOSE,5,4.0,-1.0,Maximum Velocity,11.0
2026-05-18,Redcar,4.43,2026-05-18_Redcar_443,DAILY RECORD (Garry Owen),DAILY RECORD (Garry Owen),Long Shot Page,False,PLACE,2,3.75,-1.0,Black Rock Beauty,9.5
2026-05-18,Roscommon,4.50,2026-05-18_ROS_450,SPOTLIGHT,SPOTLIGHT,Mo Anam Chara,False,WIN,1,2.2,1.2,Mo Anam Chara,2.2
2026-05-18,Roscommon,5.20,,SPOTLIGHT,SPOTLIGHT,Arizona Raider,False,UNMATCHED,,,0.0,,
2026-05-18,Roscommon,5.50,2026-05-18_ROS_550,SPOTLIGHT,SPOTLIGHT,Royal Impact,False,LOSE,6,4.0,-1.0,Thrifty Of Digby,12.0
2026-05-18,Roscommon,6.20,2026-05-18_ROS_620,SPOTLIGHT,SPOTLIGHT,Karrygrant,False,LOSE,4,2.5,-1.0,Huff'N'Puff,4.33
2026-05-18,Roscommon,6.50,2026-05-18_ROS_650,SPOTLIGHT,SPOTLIGHT,Kilcrea Rock,True,LOSE,5,4.33,-1.0,Sir Jeremy,4.5
2026-05-18,Roscommon,7.20,2026-05-18_ROS_720,SPOTLIGHT,SPOTLIGHT,Admiral Will Brown,False,LOSE,7,6.0,-1.0,Adel,12.0
2026-05-18,Roscommon,7.50,2026-05-18_ROS_750,SPOTLIGHT,SPOTLIGHT,Amplitude,False,PLACE,3,10.0,-1.0,Superficial,5.0
2026-05-18,Roscommon,8.20,2026-05-18_ROS_820,SPOTLIGHT,SPOTLIGHT,Sayidah New Bay,False,LOSE,8,9.0,-1.0,Miss Australie,7.0
2026-05-18,Roscommon,4.50,2026-05-18_ROS_450,RP RATINGS,RP RATINGS (Paul Curtis),Funk,False,LOSE,4,4.5,-1.0,Mo Anam Chara,2.2
2026-05-18,Roscommon,5.50,2026-05-18_ROS_550,RP RATINGS,RP RATINGS (Paul Curtis),Thrifty Of Digby,False,WIN,1,12.0,11.0,Thrifty Of Digby,12.0
2026-05-18,Roscommon,6.20,2026-05-18_ROS_620,RP RATINGS,RP RATINGS (Paul Curtis),Huff'n'puff,False,WIN,1,4.33,3.33,Huff'N'Puff,4.33
2026-05-18,Roscommon,6.50,2026-05-18_ROS_650,RP RATINGS,RP RATINGS (Paul Curtis),Queen Lioness,False,LOSE,4,11.0,-1.0,Sir Jeremy,4.5
2026-05-18,Roscommon,7.20,2026-05-18_ROS_720,RP RATINGS,RP RATINGS (Paul Curtis),Wipeawayyourtears,False,PLACE,3,13.0,-1.0,Adel,12.0
2026-05-18,Roscommon,7.50,2026-05-18_ROS_750,RP RATINGS,RP RATINGS (Paul Curtis),Radar Ahead,False,LOSE,7,12.0,-1.0,Superficial,5.0
2026-05-18,Roscommon,8.20,2026-05-18_ROS_820,RP RATINGS,RP RATINGS (Paul Curtis),Miss Australie,False,WIN,1,7.0,6.0,Miss Australie,7.0
2026-05-18,Roscommon,5.50,2026-05-18_ROS_550,TOPSPEED,TOPSPEED,Irish Rumour,False,LOSE,15,13.0,-1.0,Thrifty Of Digby,12.0
2026-05-18,Roscommon,6.50,2026-05-18_ROS_650,TOPSPEED,TOPSPEED,Electric Beauty,False,PLACE,2,7.5,-1.0,Sir Jeremy,4.5
2026-05-18,Roscommon,4.50,2026-05-18_ROS_450,POSTDATA,POSTDATA,Star Of Beauty,False,PLACE,2,3.5,-1.0,Mo Anam Chara,2.2
2026-05-18,Roscommon,5.20,,POSTDATA,POSTDATA,Arizona Raider,False,UNMATCHED,,,0.0,,
2026-05-18,Roscommon,5.50,2026-05-18_ROS_550,POSTDATA,POSTDATA,Bucaneer's Spirit,False,PLACE,3,5.5,-1.0,Thrifty Of Digby,12.0
2026-05-18,Roscommon,6.20,2026-05-18_ROS_620,POSTDATA,POSTDATA,Karrygrant,False,LOSE,4,2.5,-1.0,Huff'N'Puff,4.33
2026-05-18,Roscommon,6.50,2026-05-18_ROS_650,POSTDATA,POSTDATA,Rising Sky,False,DNF,DNF,17.0,0.0,Sir Jeremy,4.5
2026-05-18,Roscommon,7.20,2026-05-18_ROS_720,POSTDATA,POSTDATA,Sea Of Dubka,False,LOSE,5,5.0,-1.0,Adel,12.0
2026-05-18,Roscommon,7.50,2026-05-18_ROS_750,POSTDATA,POSTDATA,Silent Guardian,False,LOSE,6,26.0,-1.0,Superficial,5.0
2026-05-18,Roscommon,8.20,2026-05-18_ROS_820,POSTDATA,POSTDATA,Cuckaloo Hill,False,LOSE,11,11.0,-1.0,Miss Australie,7.0
2026-05-18,Roscommon,4.50,2026-05-18_ROS_450,THE IRISH SUN,THE IRISH SUN,Cosmic Funk,False,LOSE,4,4.5,-1.0,Mo Anam Chara,2.2
2026-05-18,Roscommon,5.20,,THE IRISH SUN,THE IRISH SUN,Sea Of Rain,False,UNMATCHED,,,0.0,,
2026-05-18,Roscommon,5.50,2026-05-18_ROS_550,THE IRISH SUN,THE IRISH SUN,Thrifty Of Digby,True,WIN,1,12.0,11.0,Thrifty Of Digby,12.0
2026-05-18,Roscommon,6.20,2026-05-18_ROS_620,THE IRISH SUN,THE IRISH SUN,Zelani,False,DNF,DNF,11.0,0.0,Huff'N'Puff,4.33
2026-05-18,Roscommon,6.50,2026-05-18_ROS_650,THE IRISH SUN,THE IRISH SUN,Kilcrea Rock,False,LOSE,5,4.33,-1.0,Sir Jeremy,4.5
2026-05-18,Roscommon,7.20,2026-05-18_ROS_720,THE IRISH SUN,THE IRISH SUN,Musashi 1,False,LOSE,12,3.25,-1.0,Adel,12.0
2026-05-18,Roscommon,7.50,2026-05-18_ROS_750,THE IRISH SUN,THE IRISH SUN,Obscenity,False,PLACE,2,2.1,-1.0,Superficial,5.0
2026-05-18,Roscommon,8.20,2026-05-18_ROS_820,THE IRISH SUN,THE IRISH SUN,Deluca Chop Page,False,PLACE,2,7.0,-1.0,Miss Australie,7.0
2026-05-18,Windsor,5.05,,SPOTLIGHT,SPOTLIGHT,Concert Pitch,False,UNMATCHED,,,0.0,,
2026-05-18,Windsor,5.40,2026-05-18_Windsor_540,SPOTLIGHT,SPOTLIGHT,Regal Envoy,True,PLACE,2,8.5,-1.0,Redorange,2.38
2026-05-18,Windsor,6.10,,SPOTLIGHT,SPOTLIGHT,Chimes Of Thunder,False,UNMATCHED,,,0.0,,
2026-05-18,Windsor,6.40,2026-05-18_Windsor_640,SPOTLIGHT,SPOTLIGHT,Sandscreendeliverd,False,LOSE,5,5.0,-1.0,Lequinto,4.33
2026-05-18,Windsor,7.10,2026-05-18_Windsor_710,SPOTLIGHT,SPOTLIGHT,Any Which Way,False,PLACE,2,4.0,-1.0,Morbeh,3.25
2026-05-18,Windsor,7.40,2026-05-18_Windsor_740,SPOTLIGHT,SPOTLIGHT,Naval Command,False,LOSE,6,2.88,-1.0,Wisper,6.5
2026-05-18,Windsor,8.10,2026-05-18_Windsor_810,SPOTLIGHT,SPOTLIGHT,Madman,False,LOSE,9,7.5,-1.0,Yachtsman,13.0
2026-05-18,Windsor,5.05,,RP RATINGS,RP RATINGS (Paul Curtis),Bee In Profit,False,UNMATCHED,,,0.0,,
2026-05-18,Windsor,5.40,2026-05-18_Windsor_540,RP RATINGS,RP RATINGS (Paul Curtis),Regal Envoy,False,PLACE,2,8.5,-1.0,Redorange,2.38
2026-05-18,Windsor,6.40,2026-05-18_Windsor_640,RP RATINGS,RP RATINGS (Paul Curtis),Sandscreendeliverd,False,LOSE,5,5.0,-1.0,Lequinto,4.33
2026-05-18,Windsor,7.10,2026-05-18_Windsor_710,RP RATINGS,RP RATINGS (Paul Curtis),Any Which Way,False,PLACE,2,4.0,-1.0,Morbeh,3.25
2026-05-18,Windsor,7.40,2026-05-18_Windsor_740,RP RATINGS,RP RATINGS (Paul Curtis),Wisper,False,WIN,1,6.5,5.5,Wisper,6.5
2026-05-18,Windsor,8.10,2026-05-18_Windsor_810,RP RATINGS,RP RATINGS (Paul Curtis),Marra Donna,False,LOSE,5,7.5,-1.0,Yachtsman,13.0
2026-05-18,Windsor,5.40,2026-05-18_Windsor_540,TOPSPEED,TOPSPEED,All Ways Glamorous,False,LOSE,9,9.0,-1.0,Redorange,2.38
2026-05-18,Windsor,6.40,2026-05-18_Windsor_640,TOPSPEED,TOPSPEED,Rogue Bullet,False,DNF,DNF,15.0,0.0,Lequinto,4.33
2026-05-18,Windsor,7.10,2026-05-18_Windsor_710,TOPSPEED,TOPSPEED,Any Which Way,False,PLACE,2,4.0,-1.0,Morbeh,3.25
2026-05-18,Windsor,7.40,2026-05-18_Windsor_740,TOPSPEED,TOPSPEED,Wisper,False,WIN,1,6.5,5.5,Wisper,6.5
2026-05-18,Windsor,5.05,,POSTDATA,POSTDATA,Concert Pitch,False,UNMATCHED,,,0.0,,
2026-05-18,Windsor,5.40,2026-05-18_Windsor_540,POSTDATA,POSTDATA,Desert Cop,False,DNF,DNF,21.0,0.0,Redorange,2.38
2026-05-18,Windsor,6.10,,POSTDATA,POSTDATA,Withtearsinmyeyes,False,UNMATCHED,,,0.0,,
2026-05-18,Windsor,6.40,2026-05-18_Windsor_640,POSTDATA,POSTDATA,Sandscreendeliverd,False,LOSE,5,5.0,-1.0,Lequinto,4.33
2026-05-18,Windsor,7.10,2026-05-18_Windsor_710,POSTDATA,POSTDATA,Any Which Way,False,PLACE,2,4.0,-1.0,Morbeh,3.25
2026-05-18,Windsor,7.40,2026-05-18_Windsor_740,POSTDATA,POSTDATA,Due To Henry,True,LOSE,5,4.33,-1.0,Wisper,6.5
2026-05-18,Windsor,8.10,2026-05-18_Windsor_810,POSTDATA,POSTDATA,Marra Donna,False,LOSE,5,7.5,-1.0,Yachtsman,13.0
2026-05-18,Windsor,5.05,,LAMBOURN (Liam Headd),LAMBOURN (Liam Headd),Better Nature,False,UNMATCHED,,,0.0,,
2026-05-18,Windsor,6.10,,LAMBOURN (Liam Headd),LAMBOURN (Liam Headd),Withtearsinmyeyes,True,UNMATCHED,,,0.0,,
2026-05-18,Windsor,6.40,2026-05-18_Windsor_640,LAMBOURN (Liam Headd),LAMBOURN (Liam Headd),Sarafina Mshairi,False,LOSE,9,12.0,-1.0,Lequinto,4.33
2026-05-18,Windsor,7.10,2026-05-18_Windsor_710,LAMBOURN (Liam Headd),LAMBOURN (Liam Headd),King Of Berkshire,False,PLACE,3,3.25,-1.0,Morbeh,3.25
2026-05-18,Windsor,5.05,,NEWMARKET (David Milnes),NEWMARKET (David Milnes),Celtic Charioteer,False,UNMATCHED,,,0.0,,
2026-05-18,Windsor,5.40,2026-05-18_Windsor_540,NEWMARKET (David Milnes),NEWMARKET (David Milnes),Adrestia,False,LOSE,7,7.0,-1.0,Redorange,2.38
2026-05-18,Windsor,6.10,,NEWMARKET (David Milnes),NEWMARKET (David Milnes),Chimes Of Thunder,False,UNMATCHED,,,0.0,,
2026-05-18,Windsor,6.40,2026-05-18_Windsor_640,NEWMARKET (David Milnes),NEWMARKET (David Milnes),Al Barez,False,PLACE,3,8.5,-1.0,Lequinto,4.33
2026-05-18,Windsor,7.10,2026-05-18_Windsor_710,NEWMARKET (David Milnes),NEWMARKET (David Milnes),Any Which Way,False,PLACE,2,4.0,-1.0,Morbeh,3.25
2026-05-18,Windsor,7.40,2026-05-18_Windsor_740,NEWMARKET (David Milnes),NEWMARKET (David Milnes),Siouxfonic,False,DNF,DNF,7.0,0.0,Wisper,6.5
2026-05-18,Windsor,8.10,2026-05-18_Windsor_810,NEWMARKET (David Milnes),NEWMARKET (David Milnes),Rosieisme Darling,False,PLACE,3,8.5,-1.0,Yachtsman,13.0
2026-05-18,Windsor,5.40,2026-05-18_Windsor_540,WEST COUNTRY (Liam Watson),WEST COUNTRY (Liam Watson),All Ways Glamorous,True,LOSE,9,9.0,-1.0,Redorange,2.38
2026-05-18,Windsor,6.40,2026-05-18_Windsor_640,WEST COUNTRY (Liam Watson),WEST COUNTRY (Liam Watson),Jax Edge,False,LOSE,6,8.0,-1.0,Lequinto,4.33
2026-05-18,Windsor,8.10,2026-05-18_Windsor_810,WEST COUNTRY (Liam Watson),WEST COUNTRY (Liam Watson),Arvana Belle,False,LOSE,11,17.0,-1.0,Yachtsman,13.0
2026-05-18,Windsor,5.05,,THE TIMES (Rob Wright),THE TIMES (Rob Wright),Concert Pitch,False,UNMATCHED,,,0.0,,
2026-05-18,Windsor,5.40,2026-05-18_Windsor_540,THE TIMES (Rob Wright),THE TIMES (Rob Wright),Adrestia,False,LOSE,7,7.0,-1.0,Redorange,2.38
2026-05-18,Windsor,6.10,,THE TIMES (Rob Wright),THE TIMES (Rob Wright),Tahalel,False,UNMATCHED,,,0.0,,
2026-05-18,Windsor,6.40,2026-05-18_Windsor_640,THE TIMES (Rob Wright),THE TIMES (Rob Wright),Rogue Bullet,False,DNF,DNF,15.0,0.0,Lequinto,4.33
2026-05-18,Windsor,7.10,2026-05-18_Windsor_710,THE TIMES (Rob Wright),THE TIMES (Rob Wright),Any Which Way,True,PLACE,2,4.0,-1.0,Morbeh,3.25
2026-05-18,Windsor,7.40,2026-05-18_Windsor_740,THE TIMES (Rob Wright),THE TIMES (Rob Wright),Wisper,False,WIN,1,6.5,5.5,Wisper,6.5
2026-05-18,Windsor,8.10,2026-05-18_Windsor_810,THE TIMES (Rob Wright),THE TIMES (Rob Wright),Chelio,False,LOSE,8,5.5,-1.0,Yachtsman,13.0
2026-05-18,Windsor,5.05,,TELEGRAPH (Marlborough),TELEGRAPH (Marlborough),Kach Above,False,UNMATCHED,,,0.0,,
2026-05-18,Windsor,5.40,2026-05-18_Windsor_540,TELEGRAPH (Marlborough),TELEGRAPH (Marlborough),Redorange 5,False,WIN,1,2.38,1.38,Redorange,2.38
2026-05-18,Windsor,6.10,,TELEGRAPH (Marlborough),TELEGRAPH (Marlborough),Tahalel,False,UNMATCHED,,,0.0,,
2026-05-18,Windsor,6.40,2026-05-18_Windsor_640,TELEGRAPH (Marlborough),TELEGRAPH (Marlborough),Rogue Bullet,False,DNF,DNF,15.0,0.0,Lequinto,4.33
2026-05-18,Windsor,7.10,2026-05-18_Windsor_710,TELEGRAPH (Marlborough),TELEGRAPH (Marlborough),King Of Berkshire,True,PLACE,3,3.25,-1.0,Morbeh,3.25
2026-05-18,Windsor,7.40,2026-05-18_Windsor_740,TELEGRAPH (Marlborough),TELEGRAPH (Marlborough),Son Of Man,False,PLACE,3,5.5,-1.0,Wisper,6.5
2026-05-18,Windsor,8.10,2026-05-18_Windsor_810,TELEGRAPH (Marlborough),TELEGRAPH (Marlborough),Marra Donna,False,LOSE,5,7.5,-1.0,Yachtsman,13.0
2026-05-18,Windsor,5.05,,THE GUARDIAN,THE GUARDIAN,Tina Fromtransport,False,UNMATCHED,,,0.0,,
2026-05-18,Windsor,5.40,2026-05-18_Windsor_540,THE GUARDIAN,THE GUARDIAN,Adrestia,True,LOSE,7,7.0,-1.0,Redorange,2.38
2026-05-18,Windsor,6.10,,THE GUARDIAN,THE GUARDIAN,Tahalel,False,UNMATCHED,,,0.0,,
2026-05-18,Windsor,6.40,2026-05-18_Windsor_640,THE GUARDIAN,THE GUARDIAN,Jax Edge,False,LOSE,6,8.0,-1.0,Lequinto,4.33
2026-05-18,Windsor,7.10,2026-05-18_Windsor_710,THE GUARDIAN,THE GUARDIAN,King Of Berkshire,False,PLACE,3,3.25,-1.0,Morbeh,3.25
2026-05-18,Windsor,7.40,2026-05-18_Windsor_740,THE GUARDIAN,THE GUARDIAN,Son Of Man,False,PLACE,3,5.5,-1.0,Wisper,6.5
2026-05-18,Windsor,8.10,2026-05-18_Windsor_810,THE GUARDIAN,THE GUARDIAN,Cape Toronada,False,PLACE,2,3.5,-1.0,Yachtsman,13.0
2026-05-18,Windsor,5.05,,DAILY MAIL (Robin Goodfellow),DAILY MAIL (Robin Goodfellow),Thunder,False,UNMATCHED,,,0.0,,
2026-05-18,Windsor,5.40,2026-05-18_Windsor_540,DAILY MAIL (Robin Goodfellow),DAILY MAIL (Robin Goodfellow),Regal Envoy,True,PLACE,2,8.5,-1.0,Redorange,2.38
2026-05-18,Windsor,6.10,,DAILY MAIL (Robin Goodfellow),DAILY MAIL (Robin Goodfellow),Tahalel,False,UNMATCHED,,,0.0,,
2026-05-18,Windsor,6.40,2026-05-18_Windsor_640,DAILY MAIL (Robin Goodfellow),DAILY MAIL (Robin Goodfellow),Lequinto,False,WIN,1,4.33,3.33,Lequinto,4.33
2026-05-18,Windsor,7.10,2026-05-18_Windsor_710,DAILY MAIL (Robin Goodfellow),DAILY MAIL (Robin Goodfellow),Any Which Way,False,PLACE,2,4.0,-1.0,Morbeh,3.25
2026-05-18,Windsor,7.40,2026-05-18_Windsor_740,DAILY MAIL (Robin Goodfellow),DAILY MAIL (Robin Goodfellow),Son Of Man,False,PLACE,3,5.5,-1.0,Wisper,6.5
2026-05-18,Windsor,8.10,2026-05-18_Windsor_810,DAILY MAIL (Robin Goodfellow),DAILY MAIL (Robin Goodfellow),My Dad Tom,False,LOSE,6,12.0,-1.0,Yachtsman,13.0
2026-05-18,Windsor,5.05,,D EXPRESS (Melissa Jones),D EXPRESS (Melissa Jones),Thunder,False,UNMATCHED,,,0.0,,
2026-05-18,Windsor,5.40,2026-05-18_Windsor_540,D EXPRESS (Melissa Jones),D EXPRESS (Melissa Jones),Redorange,False,WIN,1,2.38,1.38,Redorange,2.38
2026-05-18,Windsor,6.10,,D EXPRESS (Melissa Jones),D EXPRESS (Melissa Jones),Chimes Of Thunder,False,UNMATCHED,,,0.0,,
2026-05-18,Windsor,6.40,2026-05-18_Windsor_640,D EXPRESS (Melissa Jones),D EXPRESS (Melissa Jones),Rogue Bullet,False,DNF,DNF,15.0,0.0,Lequinto,4.33
2026-05-18,Windsor,7.10,2026-05-18_Windsor_710,D EXPRESS (Melissa Jones),D EXPRESS (Melissa Jones),Wardlaw,False,LOSE,5,15.0,-1.0,Morbeh,3.25
2026-05-18,Windsor,7.40,2026-05-18_Windsor_740,D EXPRESS (Melissa Jones),D EXPRESS (Melissa Jones),Due To Henry,False,LOSE,5,4.33,-1.0,Wisper,6.5
2026-05-18,Windsor,8.10,2026-05-18_Windsor_810,D EXPRESS (Melissa Jones),D EXPRESS (Melissa Jones),My Dad Tom,True,LOSE,6,12.0,-1.0,Yachtsman,13.0
2026-05-18,Windsor,5.05,,DAILY MIRROR (Newsboy),DAILY MIRROR (Newsboy),Bee In Profit,False,UNMATCHED,,,0.0,,
2026-05-18,Windsor,5.40,2026-05-18_Windsor_540,DAILY MIRROR (Newsboy),DAILY MIRROR (Newsboy),Redorange,False,WIN,1,2.38,1.38,Redorange,2.38
2026-05-18,Windsor,6.10,,DAILY MIRROR (Newsboy),DAILY MIRROR (Newsboy),Chimes Of Thunder,False,UNMATCHED,,,0.0,,
2026-05-18,Windsor,6.40,2026-05-18_Windsor_640,DAILY MIRROR (Newsboy),DAILY MIRROR (Newsboy),Sandscreendeliverd,False,LOSE,5,5.0,-1.0,Lequinto,4.33
2026-05-18,Windsor,7.10,2026-05-18_Windsor_710,DAILY MIRROR (Newsboy),DAILY MIRROR (Newsboy),Any Which Way,False,PLACE,2,4.0,-1.0,Morbeh,3.25
2026-05-18,Windsor,7.40,2026-05-18_Windsor_740,DAILY MIRROR (Newsboy),DAILY MIRROR (Newsboy),Due To Henry,False,LOSE,5,4.33,-1.0,Wisper,6.5
2026-05-18,Windsor,8.10,2026-05-18_Windsor_810,DAILY MIRROR (Newsboy),DAILY MIRROR (Newsboy),Cape Toronada,False,PLACE,2,3.5,-1.0,Yachtsman,13.0
2026-05-18,Windsor,5.05,,THE SUN (Templegate),THE SUN (Templegate),Fromtransport,False,UNMATCHED,,,0.0,,
2026-05-18,Windsor,5.40,2026-05-18_Windsor_540,THE SUN (Templegate),THE SUN (Templegate),Redorange,False,WIN,1,2.38,1.38,Redorange,2.38
2026-05-18,Windsor,6.10,,THE SUN (Templegate),THE SUN (Templegate),Tahalel,False,UNMATCHED,,,0.0,,
2026-05-18,Windsor,6.40,2026-05-18_Windsor_640,THE SUN (Templegate),THE SUN (Templegate),Rogue Bullet,False,DNF,DNF,15.0,0.0,Lequinto,4.33
2026-05-18,Windsor,7.10,2026-05-18_Windsor_710,THE SUN (Templegate),THE SUN (Templegate),Any Which Way,False,PLACE,2,4.0,-1.0,Morbeh,3.25
2026-05-18,Windsor,7.40,2026-05-18_Windsor_740,THE SUN (Templegate),THE SUN (Templegate),Son Of Man,False,PLACE,3,5.5,-1.0,Wisper,6.5
2026-05-18,Windsor,8.10,2026-05-18_Windsor_810,THE SUN (Templegate),THE SUN (Templegate),Cape Toronada,False,PLACE,2,3.5,-1.0,Yachtsman,13.0
2026-05-18,Windsor,5.05,,THE STAR (Jason Heavey),THE STAR (Jason Heavey),Pitch,False,UNMATCHED,,,0.0,,
2026-05-18,Windsor,5.40,2026-05-18_Windsor_540,THE STAR (Jason Heavey),THE STAR (Jason Heavey),Redorange,False,WIN,1,2.38,1.38,Redorange,2.38
2026-05-18,Windsor,6.10,,THE STAR (Jason Heavey),THE STAR (Jason Heavey),Chimes Of Thunder,False,UNMATCHED,,,0.0,,
2026-05-18,Windsor,6.40,2026-05-18_Windsor_640,THE STAR (Jason Heavey),THE STAR (Jason Heavey),Sandscreendeliverd,False,LOSE,5,5.0,-1.0,Lequinto,4.33
2026-05-18,Windsor,7.10,2026-05-18_Windsor_710,THE STAR (Jason Heavey),THE STAR (Jason Heavey),King Of Berkshire,False,PLACE,3,3.25,-1.0,Morbeh,3.25
2026-05-18,Windsor,7.40,2026-05-18_Windsor_740,THE STAR (Jason Heavey),THE STAR (Jason Heavey),Wisper,False,WIN,1,6.5,5.5,Wisper,6.5
2026-05-18,Windsor,8.10,2026-05-18_Windsor_810,THE STAR (Jason Heavey),THE STAR (Jason Heavey),Arvana Belle,False,LOSE,11,17.0,-1.0,Yachtsman,13.0
2026-05-18,Windsor,5.05,,DAILY RECORD (Garry Owen),DAILY RECORD (Garry Owen),Pitch,False,UNMATCHED,,,0.0,,
2026-05-18,Windsor,5.40,2026-05-18_Windsor_540,DAILY RECORD (Garry Owen),DAILY RECORD (Garry Owen),Regal Envoy,False,PLACE,2,8.5,-1.0,Redorange,2.38
2026-05-18,Windsor,6.10,,DAILY RECORD (Garry Owen),DAILY RECORD (Garry Owen),Withtearsinmyeyes,False,UNMATCHED,,,0.0,,
2026-05-18,Windsor,6.40,2026-05-18_Windsor_640,DAILY RECORD (Garry Owen),DAILY RECORD (Garry Owen),Sandscreendeliverd,False,LOSE,5,5.0,-1.0,Lequinto,4.33
2026-05-18,Windsor,7.10,2026-05-18_Windsor_710,DAILY RECORD (Garry Owen),DAILY RECORD (Garry Owen),King Of Berkshire,False,PLACE,3,3.25,-1.0,Morbeh,3.25
2026-05-18,Windsor,7.40,2026-05-18_Windsor_740,DAILY RECORD (Garry Owen),DAILY RECORD (Garry Owen),Due To Henry,False,LOSE,5,4.33,-1.0,Wisper,6.5
2026-05-18,Windsor,8.10,2026-05-18_Windsor_810,DAILY RECORD (Garry Owen),DAILY RECORD (Garry Owen),Nzuri Page,False,LOSE,10,26.0,-1.0,Yachtsman,13.0
2026-05-18,Wolverhampton,6.00,2026-05-18_Wolverhampton_600,SPOTLIGHT,SPOTLIGHT,Magna,False,PLACE,3,3.25,-1.0,Midnight Call,2.75
2026-05-18,Wolverhampton,6.30,,SPOTLIGHT,SPOTLIGHT,American Psycho,False,UNMATCHED,,,0.0,,
2026-05-18,Wolverhampton,7.00,,SPOTLIGHT,SPOTLIGHT,Mountain Cat,False,UNMATCHED,,,0.0,,
2026-05-18,Wolverhampton,7.30,2026-05-18_Wolverhampton_730,SPOTLIGHT,SPOTLIGHT,Symbol Of Majesty,False,LOSE,5,2.2,-1.0,Estissa,8.5
2026-05-18,Wolverhampton,8.00,2026-05-18_Wolverhampton_800,SPOTLIGHT,SPOTLIGHT,Karakula,True,PLACE,2,4.33,-1.0,Bizou,3.75
2026-05-18,Wolverhampton,8.30,2026-05-18_Wolverhampton_830,SPOTLIGHT,SPOTLIGHT,Court Of Stars,False,PLACE,2,2.5,-1.0,Espona Bay,11.0
2026-05-18,Wolverhampton,9.00,2026-05-18_Wolverhampton_900,SPOTLIGHT,SPOTLIGHT,Desert Belle,False,LOSE,4,2.5,-1.0,Kelly Burn,2.75
2026-05-18,Wolverhampton,6.00,2026-05-18_Wolverhampton_600,RP RATINGS,RP RATINGS (Paul Curtis),Magna,False,PLACE,3,3.25,-1.0,Midnight Call,2.75
2026-05-18,Wolverhampton,6.30,,RP RATINGS,RP RATINGS (Paul Curtis),Undercover Affair,False,UNMATCHED,,,0.0,,
2026-05-18,Wolverhampton,7.00,,RP RATINGS,RP RATINGS (Paul Curtis),Mountain Cat,False,UNMATCHED,,,0.0,,
2026-05-18,Wolverhampton,7.30,2026-05-18_Wolverhampton_730,RP RATINGS,RP RATINGS (Paul Curtis),City Queen,False,PLACE,3,2.62,-1.0,Estissa,8.5
2026-05-18,Wolverhampton,8.00,2026-05-18_Wolverhampton_800,RP RATINGS,RP RATINGS (Paul Curtis),Stipulation,False,LOSE,8,12.0,-1.0,Bizou,3.75
2026-05-18,Wolverhampton,8.30,2026-05-18_Wolverhampton_830,RP RATINGS,RP RATINGS (Paul Curtis),Court Of Stars,False,PLACE,2,2.5,-1.0,Espona Bay,11.0
2026-05-18,Wolverhampton,9.00,2026-05-18_Wolverhampton_900,RP RATINGS,RP RATINGS (Paul Curtis),Kelly Burn,False,WIN,1,2.75,1.75,Kelly Burn,2.75
2026-05-18,Wolverhampton,7.30,2026-05-18_Wolverhampton_730,TOPSPEED,TOPSPEED,Lyra Lea,False,LOSE,4,26.0,-1.0,Estissa,8.5
2026-05-18,Wolverhampton,6.00,2026-05-18_Wolverhampton_600,POSTDATA,POSTDATA,Magna,False,PLACE,3,3.25,-1.0,Midnight Call,2.75
2026-05-18,Wolverhampton,6.30,,POSTDATA,POSTDATA,Agamemnon,False,UNMATCHED,,,0.0,,
2026-05-18,Wolverhampton,7.00,,POSTDATA,POSTDATA,Mountain Cat,False,UNMATCHED,,,0.0,,
2026-05-18,Wolverhampton,7.30,2026-05-18_Wolverhampton_730,POSTDATA,POSTDATA,Symbol Of Majesty,False,LOSE,5,2.2,-1.0,Estissa,8.5
2026-05-18,Wolverhampton,8.00,2026-05-18_Wolverhampton_800,POSTDATA,POSTDATA,The Ubermensch,False,LOSE,4,6.5,-1.0,Bizou,3.75
2026-05-18,Wolverhampton,8.30,2026-05-18_Wolverhampton_830,POSTDATA,POSTDATA,Horwich,False,LOSE,4,23.0,-1.0,Espona Bay,11.0
2026-05-18,Wolverhampton,9.00,2026-05-18_Wolverhampton_900,POSTDATA,POSTDATA,Kelly Burn,False,WIN,1,2.75,1.75,Kelly Burn,2.75
2026-05-18,Wolverhampton,6.30,,NEWMARKET (David Milnes),NEWMARKET (David Milnes),Bill The Bull,False,UNMATCHED,,,0.0,,
2026-05-18,Wolverhampton,7.00,,NEWMARKET (David Milnes),NEWMARKET (David Milnes),Mountain Cat,False,UNMATCHED,,,0.0,,
2026-05-18,Wolverhampton,7.30,2026-05-18_Wolverhampton_730,NEWMARKET (David Milnes),NEWMARKET (David Milnes),Symbol Of Majesty,False,LOSE,5,2.2,-1.0,Estissa,8.5
2026-05-18,Wolverhampton,8.00,2026-05-18_Wolverhampton_800,NEWMARKET (David Milnes),NEWMARKET (David Milnes),The Ubermensch,False,LOSE,4,6.5,-1.0,Bizou,3.75
2026-05-18,Wolverhampton,8.30,2026-05-18_Wolverhampton_830,NEWMARKET (David Milnes),NEWMARKET (David Milnes),Seeing Stars,False,PLACE,3,4.0,-1.0,Espona Bay,11.0
2026-05-18,Wolverhampton,9.00,2026-05-18_Wolverhampton_900,NEWMARKET (David Milnes),NEWMARKET (David Milnes),Desert Belle,False,LOSE,4,2.5,-1.0,Kelly Burn,2.75
2026-05-18,Wolverhampton,7.30,2026-05-18_Wolverhampton_730,WEST COUNTRY (Liam Watson),WEST COUNTRY (Liam Watson),Lyra Lea,False,LOSE,4,26.0,-1.0,Estissa,8.5
2026-05-18,Wolverhampton,6.00,2026-05-18_Wolverhampton_600,THE TIMES (Rob Wright),THE TIMES (Rob Wright),Smooth Silesie,False,LOSE,7,21.0,-1.0,Midnight Call,2.75
2026-05-18,Wolverhampton,6.30,,THE TIMES (Rob Wright),THE TIMES (Rob Wright),Bill The Bull,False,UNMATCHED,,,0.0,,
2026-05-18,Wolverhampton,7.00,,THE TIMES (Rob Wright),THE TIMES (Rob Wright),Mountain Cat,False,UNMATCHED,,,0.0,,
2026-05-18,Wolverhampton,7.30,2026-05-18_Wolverhampton_730,THE TIMES (Rob Wright),THE TIMES (Rob Wright),Symbol Of Majesty,False,LOSE,5,2.2,-1.0,Estissa,8.5
2026-05-18,Wolverhampton,8.00,2026-05-18_Wolverhampton_800,THE TIMES (Rob Wright),THE TIMES (Rob Wright),The Ubermensch,False,LOSE,4,6.5,-1.0,Bizou,3.75
2026-05-18,Wolverhampton,8.30,2026-05-18_Wolverhampton_830,THE TIMES (Rob Wright),THE TIMES (Rob Wright),Court Of Stars,False,PLACE,2,2.5,-1.0,Espona Bay,11.0
2026-05-18,Wolverhampton,9.00,2026-05-18_Wolverhampton_900,THE TIMES (Rob Wright),THE TIMES (Rob Wright),Kelly Burn,False,WIN,1,2.75,1.75,Kelly Burn,2.75
2026-05-18,Wolverhampton,6.00,2026-05-18_Wolverhampton_600,TELEGRAPH (Marlborough),TELEGRAPH (Marlborough),Magna,False,PLACE,3,3.25,-1.0,Midnight Call,2.75
2026-05-18,Wolverhampton,6.30,,TELEGRAPH (Marlborough),TELEGRAPH (Marlborough),Agamemnon,False,UNMATCHED,,,0.0,,
2026-05-18,Wolverhampton,7.00,,TELEGRAPH (Marlborough),TELEGRAPH (Marlborough),Mountain Cat,False,UNMATCHED,,,0.0,,
2026-05-18,Wolverhampton,7.30,2026-05-18_Wolverhampton_730,TELEGRAPH (Marlborough),TELEGRAPH (Marlborough),Estissa,False,WIN,1,8.5,7.5,Estissa,8.5
2026-05-18,Wolverhampton,8.00,2026-05-18_Wolverhampton_800,TELEGRAPH (Marlborough),TELEGRAPH (Marlborough),Karakula,False,PLACE,2,4.33,-1.0,Bizou,3.75
2026-05-18,Wolverhampton,8.30,2026-05-18_Wolverhampton_830,TELEGRAPH (Marlborough),TELEGRAPH (Marlborough),Seeing Stars,False,PLACE,3,4.0,-1.0,Espona Bay,11.0
2026-05-18,Wolverhampton,9.00,2026-05-18_Wolverhampton_900,TELEGRAPH (Marlborough),TELEGRAPH (Marlborough),Kelly Burn,False,WIN,1,2.75,1.75,Kelly Burn,2.75
2026-05-18,Wolverhampton,6.00,2026-05-18_Wolverhampton_600,THE GUARDIAN,THE GUARDIAN,Magna,False,PLACE,3,3.25,-1.0,Midnight Call,2.75
2026-05-18,Wolverhampton,6.30,,THE GUARDIAN,THE GUARDIAN,Bill The Bull,False,UNMATCHED,,,0.0,,
2026-05-18,Wolverhampton,7.00,,THE GUARDIAN,THE GUARDIAN,Mountain Cat,False,UNMATCHED,,,0.0,,
2026-05-18,Wolverhampton,7.30,2026-05-18_Wolverhampton_730,THE GUARDIAN,THE GUARDIAN,City Queen,False,PLACE,3,2.62,-1.0,Estissa,8.5
2026-05-18,Wolverhampton,8.00,2026-05-18_Wolverhampton_800,THE GUARDIAN,THE GUARDIAN,Age Of Baroque,False,LOSE,5,15.0,-1.0,Bizou,3.75
2026-05-18,Wolverhampton,8.30,2026-05-18_Wolverhampton_830,THE GUARDIAN,THE GUARDIAN,Court Of Stars,False,PLACE,2,2.5,-1.0,Espona Bay,11.0
2026-05-18,Wolverhampton,9.00,2026-05-18_Wolverhampton_900,THE GUARDIAN,THE GUARDIAN,Kelly Burn,False,WIN,1,2.75,1.75,Kelly Burn,2.75
2026-05-18,Wolverhampton,6.00,2026-05-18_Wolverhampton_600,DAILY MAIL (Robin Goodfellow),DAILY MAIL (Robin Goodfellow),Magna,False,PLACE,3,3.25,-1.0,Midnight Call,2.75
2026-05-18,Wolverhampton,6.30,,DAILY MAIL (Robin Goodfellow),DAILY MAIL (Robin Goodfellow),American Psycho,False,UNMATCHED,,,0.0,,
2026-05-18,Wolverhampton,7.00,,DAILY MAIL (Robin Goodfellow),DAILY MAIL (Robin Goodfellow),Mountain Cat,False,UNMATCHED,,,0.0,,
2026-05-18,Wolverhampton,7.30,2026-05-18_Wolverhampton_730,DAILY MAIL (Robin Goodfellow),DAILY MAIL (Robin Goodfellow),Symbol Of Majesty,False,LOSE,5,2.2,-1.0,Estissa,8.5
2026-05-18,Wolverhampton,8.00,2026-05-18_Wolverhampton_800,DAILY MAIL (Robin Goodfellow),DAILY MAIL (Robin Goodfellow),Bizou,False,WIN,1,3.75,2.75,Bizou,3.75
2026-05-18,Wolverhampton,8.30,2026-05-18_Wolverhampton_830,DAILY MAIL (Robin Goodfellow),DAILY MAIL (Robin Goodfellow),Seeing Stars,False,PLACE,3,4.0,-1.0,Espona Bay,11.0
2026-05-18,Wolverhampton,9.00,2026-05-18_Wolverhampton_900,DAILY MAIL (Robin Goodfellow),DAILY MAIL (Robin Goodfellow),Desert Belle,False,LOSE,4,2.5,-1.0,Kelly Burn,2.75
2026-05-18,Wolverhampton,6.00,2026-05-18_Wolverhampton_600,D EXPRESS (Melissa Jones),D EXPRESS (Melissa Jones),Magna,False,PLACE,3,3.25,-1.0,Midnight Call,2.75
2026-05-18,Wolverhampton,6.30,,D EXPRESS (Melissa Jones),D EXPRESS (Melissa Jones),American Psycho,False,UNMATCHED,,,0.0,,
2026-05-18,Wolverhampton,7.00,,D EXPRESS (Melissa Jones),D EXPRESS (Melissa Jones),Mountain Cat,False,UNMATCHED,,,0.0,,
2026-05-18,Wolverhampton,7.30,2026-05-18_Wolverhampton_730,D EXPRESS (Melissa Jones),D EXPRESS (Melissa Jones),Symbol Of Majesty,False,LOSE,5,2.2,-1.0,Estissa,8.5
2026-05-18,Wolverhampton,8.00,2026-05-18_Wolverhampton_800,D EXPRESS (Melissa Jones),D EXPRESS (Melissa Jones),The Ubermensch,False,LOSE,4,6.5,-1.0,Bizou,3.75
2026-05-18,Wolverhampton,8.30,2026-05-18_Wolverhampton_830,D EXPRESS (Melissa Jones),D EXPRESS (Melissa Jones),Seeing Stars,False,PLACE,3,4.0,-1.0,Espona Bay,11.0
2026-05-18,Wolverhampton,9.00,2026-05-18_Wolverhampton_900,D EXPRESS (Melissa Jones),D EXPRESS (Melissa Jones),Desert Belle,False,LOSE,4,2.5,-1.0,Kelly Burn,2.75
2026-05-18,Wolverhampton,6.00,2026-05-18_Wolverhampton_600,DAILY MIRROR (Newsboy),DAILY MIRROR (Newsboy),Magna,False,PLACE,3,3.25,-1.0,Midnight Call,2.75
2026-05-18,Wolverhampton,6.30,,DAILY MIRROR (Newsboy),DAILY MIRROR (Newsboy),Undercover Affair,False,UNMATCHED,,,0.0,,
2026-05-18,Wolverhampton,7.00,,DAILY MIRROR (Newsboy),DAILY MIRROR (Newsboy),Mountain Cat,False,UNMATCHED,,,0.0,,
2026-05-18,Wolverhampton,7.30,2026-05-18_Wolverhampton_730,DAILY MIRROR (Newsboy),DAILY MIRROR (Newsboy),City Queen,False,PLACE,3,2.62,-1.0,Estissa,8.5
2026-05-18,Wolverhampton,8.00,2026-05-18_Wolverhampton_800,DAILY MIRROR (Newsboy),DAILY MIRROR (Newsboy),Bizou,False,WIN,1,3.75,2.75,Bizou,3.75
2026-05-18,Wolverhampton,8.30,2026-05-18_Wolverhampton_830,DAILY MIRROR (Newsboy),DAILY MIRROR (Newsboy),Seeing Stars,False,PLACE,3,4.0,-1.0,Espona Bay,11.0
2026-05-18,Wolverhampton,9.00,2026-05-18_Wolverhampton_900,DAILY MIRROR (Newsboy),DAILY MIRROR (Newsboy),Desert Belle,False,LOSE,4,2.5,-1.0,Kelly Burn,2.75
2026-05-18,Wolverhampton,6.00,2026-05-18_Wolverhampton_600,THE SUN (Templegate),THE SUN (Templegate),Magna,False,PLACE,3,3.25,-1.0,Midnight Call,2.75
2026-05-18,Wolverhampton,6.30,,THE SUN (Templegate),THE SUN (Templegate),Agamemnon,False,UNMATCHED,,,0.0,,
2026-05-18,Wolverhampton,7.00,,THE SUN (Templegate),THE SUN (Templegate),Mountain Cat,False,UNMATCHED,,,0.0,,
2026-05-18,Wolverhampton,7.30,2026-05-18_Wolverhampton_730,THE SUN (Templegate),THE SUN (Templegate),Symbol Of Majesty,False,LOSE,5,2.2,-1.0,Estissa,8.5
2026-05-18,Wolverhampton,8.00,2026-05-18_Wolverhampton_800,THE SUN (Templegate),THE SUN (Templegate),The Ubermensch,False,LOSE,4,6.5,-1.0,Bizou,3.75
2026-05-18,Wolverhampton,8.30,2026-05-18_Wolverhampton_830,THE SUN (Templegate),THE SUN (Templegate),Perfect Location,False,LOSE,7,17.0,-1.0,Espona Bay,11.0
2026-05-18,Wolverhampton,9.00,2026-05-18_Wolverhampton_900,THE SUN (Templegate),THE SUN (Templegate),Kelly Burn,False,WIN,1,2.75,1.75,Kelly Burn,2.75
2026-05-18,Wolverhampton,6.00,2026-05-18_Wolverhampton_600,THE STAR (Jason Heavey),THE STAR (Jason Heavey),Magna,False,PLACE,3,3.25,-1.0,Midnight Call,2.75
2026-05-18,Wolverhampton,6.30,,THE STAR (Jason Heavey),THE STAR (Jason Heavey),Agamemnon,False,UNMATCHED,,,0.0,,
2026-05-18,Wolverhampton,7.00,,THE STAR (Jason Heavey),THE STAR (Jason Heavey),Mountain Cat,False,UNMATCHED,,,0.0,,
2026-05-18,Wolverhampton,7.30,2026-05-18_Wolverhampton_730,THE STAR (Jason Heavey),THE STAR (Jason Heavey),Silken Bay,False,LOSE,6,21.0,-1.0,Estissa,8.5
2026-05-18,Wolverhampton,8.00,2026-05-18_Wolverhampton_800,THE STAR (Jason Heavey),THE STAR (Jason Heavey),Dingwall,False,LOSE,7,6.5,-1.0,Bizou,3.75
2026-05-18,Wolverhampton,8.30,2026-05-18_Wolverhampton_830,THE STAR (Jason Heavey),THE STAR (Jason Heavey),The Anthony Gover,False,LOSE,6,13.0,-1.0,Espona Bay,11.0
2026-05-18,Wolverhampton,9.00,2026-05-18_Wolverhampton_900,THE STAR (Jason Heavey),THE STAR (Jason Heavey),Desert Belle,False,LOSE,4,2.5,-1.0,Kelly Burn,2.75
2026-05-18,Wolverhampton,6.00,2026-05-18_Wolverhampton_600,DAILY RECORD (Garry Owen),DAILY RECORD (Garry Owen),Magna,False,PLACE,3,3.25,-1.0,Midnight Call,2.75
2026-05-18,Wolverhampton,6.30,,DAILY RECORD (Garry Owen),DAILY RECORD (Garry Owen),American Psycho,False,UNMATCHED,,,0.0,,
2026-05-18,Wolverhampton,7.00,,DAILY RECORD (Garry Owen),DAILY RECORD (Garry Owen),Rogue Defence,False,UNMATCHED,,,0.0,,
2026-05-18,Wolverhampton,7.30,2026-05-18_Wolverhampton_730,DAILY RECORD (Garry Owen),DAILY RECORD (Garry Owen),Estissa,False,WIN,1,8.5,7.5,Estissa,8.5
2026-05-18,Wolverhampton,8.00,2026-05-18_Wolverhampton_800,DAILY RECORD (Garry Owen),DAILY RECORD (Garry Owen),Karakula,False,PLACE,2,4.33,-1.0,Bizou,3.75
2026-05-18,Wolverhampton,8.30,2026-05-18_Wolverhampton_830,DAILY RECORD (Garry Owen),DAILY RECORD (Garry Owen),Seeing Stars,False,PLACE,3,4.0,-1.0,Espona Bay,11.0
2026-05-18,Wolverhampton,9.00,2026-05-18_Wolverhampton_900,DAILY RECORD (Garry Owen),DAILY RECORD (Garry Owen),Desert Belle Page,False,LOSE,4,2.5,-1.0,Kelly Burn,2.75
2026-05-19,Cork,4.40,,SPOTLIGHT,SPOTLIGHT,Belle Of The Ball,False,UNMATCHED,,,0.0,,
2026-05-19,Cork,5.12,2026-05-19_Cork_512,SPOTLIGHT,SPOTLIGHT,Bad Boy Rizz,False,PLACE,3,4.0,-1.0,Allsortz,7.0
2026-05-19,Cork,5.42,2026-05-19_Cork_542,SPOTLIGHT,SPOTLIGHT,Whatswrongnow,False,PLACE,2,4.33,-1.0,Jordan Breeze,4.0
2026-05-19,Cork,6.12,,SPOTLIGHT,SPOTLIGHT,Hanney Boy,False,UNMATCHED,,,0.0,,
2026-05-19,Cork,6.42,,SPOTLIGHT,SPOTLIGHT,Al Haarith,False,UNMATCHED,,,0.0,,
2026-05-19,Cork,7.12,2026-05-19_Cork_712,SPOTLIGHT,SPOTLIGHT,Goal Exceeded,False,PLACE,3,4.0,-1.0,L L Koulsty,4.5
2026-05-19,Cork,7.42,2026-05-19_Cork_742,SPOTLIGHT,SPOTLIGHT,Sangreal,True,PLACE,3,2.88,-1.0,Carmel'S Phoenix,6.0
2026-05-19,Cork,8.12,2026-05-19_Cork_812,SPOTLIGHT,SPOTLIGHT,Khormor Syd,False,DNF,DNF,5.0,0.0,Deuteronomy,23.0
2026-05-19,Cork,4.40,,RP RATINGS,RP RATINGS (Paul Curtis),Bear,False,UNMATCHED,,,0.0,,
2026-05-19,Cork,5.12,2026-05-19_Cork_512,RP RATINGS,RP RATINGS (Paul Curtis),Allsortz,False,WIN,1,7.0,6.0,Allsortz,7.0
2026-05-19,Cork,5.42,2026-05-19_Cork_542,RP RATINGS,RP RATINGS (Paul Curtis),Steel Magnolia,False,PLACE,3,4.33,-1.0,Jordan Breeze,4.0
2026-05-19,Cork,6.42,,RP RATINGS,RP RATINGS (Paul Curtis),Al Haarith,False,UNMATCHED,,,0.0,,
2026-05-19,Cork,7.12,2026-05-19_Cork_712,RP RATINGS,RP RATINGS (Paul Curtis),Gleneagle Bay,False,LOSE,5,4.0,-1.0,L L Koulsty,4.5
2026-05-19,Cork,8.12,2026-05-19_Cork_812,RP RATINGS,RP RATINGS (Paul Curtis),Hosanna Power,False,LOSE,7,5.5,-1.0,Deuteronomy,23.0
2026-05-19,Cork,4.40,,TOPSPEED,TOPSPEED,Alaskan Bear,False,UNMATCHED,,,0.0,,
2026-05-19,Cork,5.12,2026-05-19_Cork_512,TOPSPEED,TOPSPEED,Bad Boy Rizz,False,PLACE,3,4.0,-1.0,Allsortz,7.0
2026-05-19,Cork,6.42,,TOPSPEED,TOPSPEED,Al Haarith,False,UNMATCHED,,,0.0,,
2026-05-19,Cork,7.12,2026-05-19_Cork_712,TOPSPEED,TOPSPEED,Goal Exceeded,False,PLACE,3,4.0,-1.0,L L Koulsty,4.5
2026-05-19,Cork,4.40,,POSTDATA,POSTDATA,Belle Of The Ball,False,UNMATCHED,,,0.0,,
2026-05-19,Cork,5.12,2026-05-19_Cork_512,POSTDATA,POSTDATA,Bad Boy Rizz,False,PLACE,3,4.0,-1.0,Allsortz,7.0
2026-05-19,Cork,5.42,2026-05-19_Cork_542,POSTDATA,POSTDATA,Jered Maddox,False,DNF,DNF,15.0,0.0,Jordan Breeze,4.0
2026-05-19,Cork,6.12,,POSTDATA,POSTDATA,Star Glory,False,UNMATCHED,,,0.0,,
2026-05-19,Cork,6.42,,POSTDATA,POSTDATA,Al Haarith,False,UNMATCHED,,,0.0,,
2026-05-19,Cork,7.12,2026-05-19_Cork_712,POSTDATA,POSTDATA,Goal Exceeded,False,PLACE,3,4.0,-1.0,L L Koulsty,4.5
2026-05-19,Cork,7.42,2026-05-19_Cork_742,POSTDATA,POSTDATA,Sangreal,False,PLACE,3,2.88,-1.0,Carmel'S Phoenix,6.0
2026-05-19,Cork,8.12,2026-05-19_Cork_812,POSTDATA,POSTDATA,Starting Monday,False,LOSE,5,13.0,-1.0,Deuteronomy,23.0
2026-05-19,Cork,4.40,,THE IRISH SUN,THE IRISH SUN,Belle Of The Ball,False,UNMATCHED,,,0.0,,
2026-05-19,Cork,5.12,2026-05-19_Cork_512,THE IRISH SUN,THE IRISH SUN,Fox In Flight,False,LOSE,8,23.0,-1.0,Allsortz,7.0
2026-05-19,Cork,5.42,2026-05-19_Cork_542,THE IRISH SUN,THE IRISH SUN,Kilmood Susan 1,False,LOSE,7,9.0,-1.0,Jordan Breeze,4.0
2026-05-19,Cork,6.12,,THE IRISH SUN,THE IRISH SUN,Switching Sides,False,UNMATCHED,,,0.0,,
2026-05-19,Cork,6.42,,THE IRISH SUN,THE IRISH SUN,Sioux The Boss,False,UNMATCHED,,,0.0,,
2026-05-19,Cork,7.12,2026-05-19_Cork_712,THE IRISH SUN,THE IRISH SUN,Goal Exceeded,False,PLACE,3,4.0,-1.0,L L Koulsty,4.5
2026-05-19,Cork,7.42,2026-05-19_Cork_742,THE IRISH SUN,THE IRISH SUN,Werifesteria,False,DNF,DNF,9.0,0.0,Carmel'S Phoenix,6.0
2026-05-19,Cork,8.12,2026-05-19_Cork_812,THE IRISH SUN,THE IRISH SUN,Red Veil Page,True,LOSE,13,41.0,-1.0,Deuteronomy,23.0
2026-05-19,Hexham,5.50,2026-05-19_Hexham_550,SPOTLIGHT,SPOTLIGHT,My Boy Christy,True,PLACE,3,2.38,-1.0,Jeteye,13.0
2026-05-19,Hexham,6.20,2026-05-19_Hexham_620,SPOTLIGHT,SPOTLIGHT,Conquer The Breeze,False,WIN,1,1.67,0.67,Conquer The Breeze,1.67
2026-05-19,Hexham,6.50,2026-05-19_Hexham_650,SPOTLIGHT,SPOTLIGHT,Scairp Dubh,False,PLACE,3,2.2,-1.0,Passengerontheship,5.5
2026-05-19,Hexham,7.20,2026-05-19_Hexham_720,SPOTLIGHT,SPOTLIGHT,Katie's Melody,False,DNF,DNF,2.5,0.0,West Lawn,11.0
2026-05-19,Hexham,7.50,,SPOTLIGHT,SPOTLIGHT,Passing Diamond,False,UNMATCHED,,,0.0,,
2026-05-19,Hexham,8.20,2026-05-19_Hexham_820,SPOTLIGHT,SPOTLIGHT,Thewoodcorner,False,DNF,DNF,2.0,0.0,Banderas,12.0
2026-05-19,Hexham,8.50,2026-05-19_Hexham_850,SPOTLIGHT,SPOTLIGHT,Fine Point,False,WIN,1,4.5,3.5,Fine Point,4.5
2026-05-19,Hexham,5.50,2026-05-19_Hexham_550,RP RATINGS,RP RATINGS (Paul Curtis),Shighness,False,DNF,DNF,17.0,0.0,Jeteye,13.0
2026-05-19,Hexham,6.20,2026-05-19_Hexham_620,RP RATINGS,RP RATINGS (Paul Curtis),Conquer The Breeze,False,WIN,1,1.67,0.67,Conquer The Breeze,1.67
2026-05-19,Hexham,6.50,2026-05-19_Hexham_650,RP RATINGS,RP RATINGS (Paul Curtis),Scairp Dubh,False,PLACE,3,2.2,-1.0,Passengerontheship,5.5
2026-05-19,Hexham,7.20,2026-05-19_Hexham_720,RP RATINGS,RP RATINGS (Paul Curtis),Milan Milos,False,DNF,DNF,5.0,0.0,West Lawn,11.0
2026-05-19,Hexham,8.20,2026-05-19_Hexham_820,RP RATINGS,RP RATINGS (Paul Curtis),Thewoodcorner,False,DNF,DNF,2.0,0.0,Banderas,12.0
2026-05-19,Hexham,8.50,2026-05-19_Hexham_850,RP RATINGS,RP RATINGS (Paul Curtis),Malangen,False,PLACE,3,4.33,-1.0,Fine Point,4.5
2026-05-19,Hexham,5.50,2026-05-19_Hexham_550,TOPSPEED,TOPSPEED,Jeteye,False,WIN,1,13.0,12.0,Jeteye,13.0
2026-05-19,Hexham,6.20,2026-05-19_Hexham_620,TOPSPEED,TOPSPEED,Chapel Green,False,DNF,DNF,6.0,0.0,Conquer The Breeze,1.67
2026-05-19,Hexham,7.20,2026-05-19_Hexham_720,TOPSPEED,TOPSPEED,Milan Milos,False,DNF,DNF,5.0,0.0,West Lawn,11.0
2026-05-19,Hexham,7.50,,TOPSPEED,TOPSPEED,Passing Diamond,False,UNMATCHED,,,0.0,,
2026-05-19,Hexham,8.20,2026-05-19_Hexham_820,TOPSPEED,TOPSPEED,Divilabother,False,LOSE,6,6.0,-1.0,Banderas,12.0
2026-05-19,Hexham,5.50,2026-05-19_Hexham_550,POSTDATA,POSTDATA,Jeteye,False,WIN,1,13.0,12.0,Jeteye,13.0
2026-05-19,Hexham,6.20,2026-05-19_Hexham_620,POSTDATA,POSTDATA,Conquer The Breeze,False,WIN,1,1.67,0.67,Conquer The Breeze,1.67
2026-05-19,Hexham,6.50,2026-05-19_Hexham_650,POSTDATA,POSTDATA,Scairp Dubh,False,PLACE,3,2.2,-1.0,Passengerontheship,5.5
2026-05-19,Hexham,7.20,2026-05-19_Hexham_720,POSTDATA,POSTDATA,Killybegs Jet Lady,False,DNF,DNF,6.0,0.0,West Lawn,11.0
2026-05-19,Hexham,7.50,,POSTDATA,POSTDATA,Passing Diamond,False,UNMATCHED,,,0.0,,
2026-05-19,Hexham,8.20,2026-05-19_Hexham_820,POSTDATA,POSTDATA,Sunset Hill,False,PLACE,3,6.5,-1.0,Banderas,12.0
2026-05-19,Hexham,8.50,2026-05-19_Hexham_850,POSTDATA,POSTDATA,Fine Point,False,WIN,1,4.5,3.5,Fine Point,4.5
2026-05-19,Hexham,5.50,2026-05-19_Hexham_550,WEST COUNTRY (Liam Watson),WEST COUNTRY (Liam Watson),Watchoutitscookie,False,LOSE,7,7.5,-1.0,Jeteye,13.0
2026-05-19,Hexham,5.50,2026-05-19_Hexham_550,THE TIMES (Rob Wright),THE TIMES (Rob Wright),My Boy Christy,False,PLACE,3,2.38,-1.0,Jeteye,13.0
2026-05-19,Hexham,6.20,2026-05-19_Hexham_620,THE TIMES (Rob Wright),THE TIMES (Rob Wright),Conquer The Breeze,False,WIN,1,1.67,0.67,Conquer The Breeze,1.67
2026-05-19,Hexham,6.50,2026-05-19_Hexham_650,THE TIMES (Rob Wright),THE TIMES (Rob Wright),Scairp Dubh,False,PLACE,3,2.2,-1.0,Passengerontheship,5.5
2026-05-19,Hexham,7.20,2026-05-19_Hexham_720,THE TIMES (Rob Wright),THE TIMES (Rob Wright),Killybegs Jet Lady,False,DNF,DNF,6.0,0.0,West Lawn,11.0
2026-05-19,Hexham,7.50,,THE TIMES (Rob Wright),THE TIMES (Rob Wright),Bold Step,False,UNMATCHED,,,0.0,,
2026-05-19,Hexham,8.20,2026-05-19_Hexham_820,THE TIMES (Rob Wright),THE TIMES (Rob Wright),Double Digits,False,DNF,DNF,9.0,0.0,Banderas,12.0
2026-05-19,Hexham,8.50,2026-05-19_Hexham_850,THE TIMES (Rob Wright),THE TIMES (Rob Wright),Fairly Fulling,False,DNF,DNF,5.0,0.0,Fine Point,4.5
2026-05-19,Hexham,5.50,2026-05-19_Hexham_550,TELEGRAPH (Marlborough),TELEGRAPH (Marlborough),Jeteye,False,WIN,1,13.0,12.0,Jeteye,13.0
2026-05-19,Hexham,6.20,2026-05-19_Hexham_620,TELEGRAPH (Marlborough),TELEGRAPH (Marlborough),Chapel Green,False,DNF,DNF,6.0,0.0,Conquer The Breeze,1.67
2026-05-19,Hexham,6.50,2026-05-19_Hexham_650,TELEGRAPH (Marlborough),TELEGRAPH (Marlborough),Scairp Dubh,False,PLACE,3,2.2,-1.0,Passengerontheship,5.5
2026-05-19,Hexham,7.20,2026-05-19_Hexham_720,TELEGRAPH (Marlborough),TELEGRAPH (Marlborough),Dr Shirocco,False,LOSE,4,4.0,-1.0,West Lawn,11.0
2026-05-19,Hexham,7.50,,TELEGRAPH (Marlborough),TELEGRAPH (Marlborough),Passing Diamond,False,UNMATCHED,,,0.0,,
2026-05-19,Hexham,8.20,2026-05-19_Hexham_820,TELEGRAPH (Marlborough),TELEGRAPH (Marlborough),Thewoodcorner,False,DNF,DNF,2.0,0.0,Banderas,12.0
2026-05-19,Hexham,8.50,2026-05-19_Hexham_850,TELEGRAPH (Marlborough),TELEGRAPH (Marlborough),Western Soldier,False,LOSE,4,11.0,-1.0,Fine Point,4.5
2026-05-19,Hexham,5.50,2026-05-19_Hexham_550,THE GUARDIAN,THE GUARDIAN,My Boy Christy,False,PLACE,3,2.38,-1.0,Jeteye,13.0
2026-05-19,Hexham,6.20,2026-05-19_Hexham_620,THE GUARDIAN,THE GUARDIAN,Conquer The Breeze,False,WIN,1,1.67,0.67,Conquer The Breeze,1.67
2026-05-19,Hexham,6.50,2026-05-19_Hexham_650,THE GUARDIAN,THE GUARDIAN,Scairp Dubh,False,PLACE,3,2.2,-1.0,Passengerontheship,5.5
2026-05-19,Hexham,7.20,2026-05-19_Hexham_720,THE GUARDIAN,THE GUARDIAN,Killybegs Jet Lady,False,DNF,DNF,6.0,0.0,West Lawn,11.0
2026-05-19,Hexham,7.50,,THE GUARDIAN,THE GUARDIAN,Passing Diamond,False,UNMATCHED,,,0.0,,
2026-05-19,Hexham,8.20,2026-05-19_Hexham_820,THE GUARDIAN,THE GUARDIAN,Thewoodcorner,False,DNF,DNF,2.0,0.0,Banderas,12.0
2026-05-19,Hexham,8.50,2026-05-19_Hexham_850,THE GUARDIAN,THE GUARDIAN,Fine Point,False,WIN,1,4.5,3.5,Fine Point,4.5
2026-05-19,Hexham,5.50,2026-05-19_Hexham_550,DAILY MAIL (Robin Goodfellow),DAILY MAIL (Robin Goodfellow),My Boy Christy,False,PLACE,3,2.38,-1.0,Jeteye,13.0
2026-05-19,Hexham,6.20,2026-05-19_Hexham_620,DAILY MAIL (Robin Goodfellow),DAILY MAIL (Robin Goodfellow),Dream Jet,False,PLACE,3,5.0,-1.0,Conquer The Breeze,1.67
2026-05-19,Hexham,6.50,2026-05-19_Hexham_650,DAILY MAIL (Robin Goodfellow),DAILY MAIL (Robin Goodfellow),Scairp Dubh,False,PLACE,3,2.2,-1.0,Passengerontheship,5.5
2026-05-19,Hexham,7.20,2026-05-19_Hexham_720,DAILY MAIL (Robin Goodfellow),DAILY MAIL (Robin Goodfellow),Katie's Melody,False,DNF,DNF,2.5,0.0,West Lawn,11.0
2026-05-19,Hexham,7.50,,DAILY MAIL (Robin Goodfellow),DAILY MAIL (Robin Goodfellow),Mister St Eloi,False,UNMATCHED,,,0.0,,
2026-05-19,Hexham,8.20,2026-05-19_Hexham_820,DAILY MAIL (Robin Goodfellow),DAILY MAIL (Robin Goodfellow),Terrorise,False,DNF,DNF,13.0,0.0,Banderas,12.0
2026-05-19,Hexham,8.50,2026-05-19_Hexham_850,DAILY MAIL (Robin Goodfellow),DAILY MAIL (Robin Goodfellow),Malangen,False,PLACE,3,4.33,-1.0,Fine Point,4.5
2026-05-19,Hexham,5.50,2026-05-19_Hexham_550,D EXPRESS (Melissa Jones),D EXPRESS (Melissa Jones),Seeyainthesuninn,False,DNF,DNF,12.0,0.0,Jeteye,13.0
2026-05-19,Hexham,6.20,2026-05-19_Hexham_620,D EXPRESS (Melissa Jones),D EXPRESS (Melissa Jones),Conquer The Breeze,False,WIN,1,1.67,0.67,Conquer The Breeze,1.67
2026-05-19,Hexham,6.50,2026-05-19_Hexham_650,D EXPRESS (Melissa Jones),D EXPRESS (Melissa Jones),Scairp Dubh,False,PLACE,3,2.2,-1.0,Passengerontheship,5.5
2026-05-19,Hexham,7.20,2026-05-19_Hexham_720,D EXPRESS (Melissa Jones),D EXPRESS (Melissa Jones),Kells Priory,False,DNF,DNF,9.0,0.0,West Lawn,11.0
2026-05-19,Hexham,7.50,,D EXPRESS (Melissa Jones),D EXPRESS (Melissa Jones),Bold Step,False,UNMATCHED,,,0.0,,
2026-05-19,Hexham,8.20,2026-05-19_Hexham_820,D EXPRESS (Melissa Jones),D EXPRESS (Melissa Jones),Thewoodcorner,False,DNF,DNF,2.0,0.0,Banderas,12.0
2026-05-19,Hexham,8.50,2026-05-19_Hexham_850,D EXPRESS (Melissa Jones),D EXPRESS (Melissa Jones),Western Soldier,False,LOSE,4,11.0,-1.0,Fine Point,4.5
2026-05-19,Hexham,5.50,2026-05-19_Hexham_550,DAILY MIRROR (Newsboy),DAILY MIRROR (Newsboy),My Boy Christy,False,PLACE,3,2.38,-1.0,Jeteye,13.0
2026-05-19,Hexham,6.20,2026-05-19_Hexham_620,DAILY MIRROR (Newsboy),DAILY MIRROR (Newsboy),Conquer The Breeze,False,WIN,1,1.67,0.67,Conquer The Breeze,1.67
2026-05-19,Hexham,6.50,2026-05-19_Hexham_650,DAILY MIRROR (Newsboy),DAILY MIRROR (Newsboy),Scairp Dubh,False,PLACE,3,2.2,-1.0,Passengerontheship,5.5
2026-05-19,Hexham,7.20,2026-05-19_Hexham_720,DAILY MIRROR (Newsboy),DAILY MIRROR (Newsboy),Katie's Melody,False,DNF,DNF,2.5,0.0,West Lawn,11.0
2026-05-19,Hexham,7.50,,DAILY MIRROR (Newsboy),DAILY MIRROR (Newsboy),Bold Step,False,UNMATCHED,,,0.0,,
2026-05-19,Hexham,8.20,2026-05-19_Hexham_820,DAILY MIRROR (Newsboy),DAILY MIRROR (Newsboy),Thewoodcorner,False,DNF,DNF,2.0,0.0,Banderas,12.0
2026-05-19,Hexham,8.50,2026-05-19_Hexham_850,DAILY MIRROR (Newsboy),DAILY MIRROR (Newsboy),Justus,False,PLACE,2,7.0,-1.0,Fine Point,4.5
2026-05-19,Hexham,5.50,2026-05-19_Hexham_550,THE SUN (Templegate),THE SUN (Templegate),My Boy Christy,False,PLACE,3,2.38,-1.0,Jeteye,13.0
2026-05-19,Hexham,6.20,2026-05-19_Hexham_620,THE SUN (Templegate),THE SUN (Templegate),Conquer The Breeze,False,WIN,1,1.67,0.67,Conquer The Breeze,1.67
2026-05-19,Hexham,6.50,2026-05-19_Hexham_650,THE SUN (Templegate),THE SUN (Templegate),Scairp Dubh,False,PLACE,3,2.2,-1.0,Passengerontheship,5.5
2026-05-19,Hexham,7.20,2026-05-19_Hexham_720,THE SUN (Templegate),THE SUN (Templegate),Killybegs Jet Lady,False,DNF,DNF,6.0,0.0,West Lawn,11.0
2026-05-19,Hexham,7.50,,THE SUN (Templegate),THE SUN (Templegate),Passing Diamond,False,UNMATCHED,,,0.0,,
2026-05-19,Hexham,8.20,2026-05-19_Hexham_820,THE SUN (Templegate),THE SUN (Templegate),Thewoodcorner,False,DNF,DNF,2.0,0.0,Banderas,12.0
2026-05-19,Hexham,8.50,2026-05-19_Hexham_850,THE SUN (Templegate),THE SUN (Templegate),Fine Point,False,WIN,1,4.5,3.5,Fine Point,4.5
2026-05-19,Hexham,5.50,2026-05-19_Hexham_550,THE STAR (Jason Heavey),THE STAR (Jason Heavey),My Boy Christy,False,PLACE,3,2.38,-1.0,Jeteye,13.0
2026-05-19,Hexham,6.20,2026-05-19_Hexham_620,THE STAR (Jason Heavey),THE STAR (Jason Heavey),Conquer The Breeze,False,WIN,1,1.67,0.67,Conquer The Breeze,1.67
2026-05-19,Hexham,6.50,2026-05-19_Hexham_650,THE STAR (Jason Heavey),THE STAR (Jason Heavey),Scairp Dubh,False,PLACE,3,2.2,-1.0,Passengerontheship,5.5
2026-05-19,Hexham,7.20,2026-05-19_Hexham_720,THE STAR (Jason Heavey),THE STAR (Jason Heavey),Killybegs Jet Lady,False,DNF,DNF,6.0,0.0,West Lawn,11.0
2026-05-19,Hexham,7.50,,THE STAR (Jason Heavey),THE STAR (Jason Heavey),Mister St Eloi,False,UNMATCHED,,,0.0,,
2026-05-19,Hexham,8.20,2026-05-19_Hexham_820,THE STAR (Jason Heavey),THE STAR (Jason Heavey),Red Cadillac,False,LOSE,8,13.0,-1.0,Banderas,12.0
2026-05-19,Hexham,8.50,2026-05-19_Hexham_850,THE STAR (Jason Heavey),THE STAR (Jason Heavey),Fairly Fulling,False,DNF,DNF,5.0,0.0,Fine Point,4.5
2026-05-19,Hexham,5.50,2026-05-19_Hexham_550,DAILY RECORD (Garry Owen),DAILY RECORD (Garry Owen),My Boy Christy,False,PLACE,3,2.38,-1.0,Jeteye,13.0
2026-05-19,Hexham,6.20,2026-05-19_Hexham_620,DAILY RECORD (Garry Owen),DAILY RECORD (Garry Owen),Conquer The Breeze,False,WIN,1,1.67,0.67,Conquer The Breeze,1.67
2026-05-19,Hexham,6.50,2026-05-19_Hexham_650,DAILY RECORD (Garry Owen),DAILY RECORD (Garry Owen),Scairp Dubh,False,PLACE,3,2.2,-1.0,Passengerontheship,5.5
2026-05-19,Hexham,7.20,2026-05-19_Hexham_720,DAILY RECORD (Garry Owen),DAILY RECORD (Garry Owen),Milan Milos,False,DNF,DNF,5.0,0.0,West Lawn,11.0
2026-05-19,Hexham,7.50,,DAILY RECORD (Garry Owen),DAILY RECORD (Garry Owen),Bold Step,False,UNMATCHED,,,0.0,,
2026-05-19,Hexham,8.20,2026-05-19_Hexham_820,DAILY RECORD (Garry Owen),DAILY RECORD (Garry Owen),Thewoodcorner,False,DNF,DNF,2.0,0.0,Banderas,12.0
2026-05-19,Hexham,8.50,2026-05-19_Hexham_850,DAILY RECORD (Garry Owen),DAILY RECORD (Garry Owen),Fairly Fulling Page,False,DNF,DNF,5.0,0.0,Fine Point,4.5
2026-05-19,Huntingdon,6.00,,SPOTLIGHT,SPOTLIGHT,Edelak,False,UNMATCHED,,,0.0,,
2026-05-19,Huntingdon,6.30,2026-05-19_Huntingdon_630,SPOTLIGHT,SPOTLIGHT,Jack Doyen,False,WIN,1,3.75,2.75,Jack Doyen,3.75
2026-05-19,Huntingdon,7.00,2026-05-19_Huntingdon_700,SPOTLIGHT,SPOTLIGHT,Miracles Do Happen,True,LOSE,8,4.33,-1.0,Ride Like A Girl,4.0
2026-05-19,Huntingdon,7.30,2026-05-19_Huntingdon_730,SPOTLIGHT,SPOTLIGHT,Ballintubber Boy,False,LOSE,6,6.5,-1.0,Sunray Shadow,2.5
2026-05-19,Huntingdon,8.00,2026-05-19_Huntingdon_800,SPOTLIGHT,SPOTLIGHT,Ice Jet,False,WIN,1,1.3,0.3,Ice Jet,1.3
2026-05-19,Huntingdon,8.30,,SPOTLIGHT,SPOTLIGHT,Whats The Solution,False,UNMATCHED,,,0.0,,
2026-05-19,Huntingdon,6.30,2026-05-19_Huntingdon_630,RP RATINGS,RP RATINGS (Paul Curtis),Kapamazov,False,PLACE,3,3.0,-1.0,Jack Doyen,3.75
2026-05-19,Huntingdon,7.00,2026-05-19_Huntingdon_700,RP RATINGS,RP RATINGS (Paul Curtis),Callin Baton Rouge,False,PLACE,3,4.5,-1.0,Ride Like A Girl,4.0
2026-05-19,Huntingdon,7.30,2026-05-19_Huntingdon_730,RP RATINGS,RP RATINGS (Paul Curtis),Ballintubber Boy,False,LOSE,6,6.5,-1.0,Sunray Shadow,2.5
2026-05-19,Huntingdon,8.00,2026-05-19_Huntingdon_800,RP RATINGS,RP RATINGS (Paul Curtis),Ice Jet,False,WIN,1,1.3,0.3,Ice Jet,1.3
2026-05-19,Huntingdon,8.30,,RP RATINGS,RP RATINGS (Paul Curtis),Whats The Solution,False,UNMATCHED,,,0.0,,
2026-05-19,Huntingdon,7.30,2026-05-19_Huntingdon_730,TOPSPEED,TOPSPEED,Ballintubber Boy,False,LOSE,6,6.5,-1.0,Sunray Shadow,2.5
2026-05-19,Huntingdon,8.00,2026-05-19_Huntingdon_800,TOPSPEED,TOPSPEED,Ice Jet,False,WIN,1,1.3,0.3,Ice Jet,1.3
2026-05-19,Huntingdon,8.30,,TOPSPEED,TOPSPEED,Whats The Solution,False,UNMATCHED,,,0.0,,
2026-05-19,Huntingdon,6.00,,POSTDATA,POSTDATA,Edelak,False,UNMATCHED,,,0.0,,
2026-05-19,Huntingdon,6.30,2026-05-19_Huntingdon_630,POSTDATA,POSTDATA,Jack Doyen,False,WIN,1,3.75,2.75,Jack Doyen,3.75
2026-05-19,Huntingdon,7.00,2026-05-19_Huntingdon_700,POSTDATA,POSTDATA,Callin Baton Rouge,False,PLACE,3,4.5,-1.0,Ride Like A Girl,4.0
2026-05-19,Huntingdon,7.30,2026-05-19_Huntingdon_730,POSTDATA,POSTDATA,Tiger Orchid,False,PLACE,3,7.5,-1.0,Sunray Shadow,2.5
2026-05-19,Huntingdon,8.00,2026-05-19_Huntingdon_800,POSTDATA,POSTDATA,Ice Jet,False,WIN,1,1.3,0.3,Ice Jet,1.3
2026-05-19,Huntingdon,8.30,,POSTDATA,POSTDATA,Whats The Solution,False,UNMATCHED,,,0.0,,
2026-05-19,Huntingdon,6.00,,LAMBOURN (Liam Headd),LAMBOURN (Liam Headd),Garde My Guinness,False,UNMATCHED,,,0.0,,
2026-05-19,Huntingdon,7.00,2026-05-19_Huntingdon_700,LAMBOURN (Liam Headd),LAMBOURN (Liam Headd),Ride Like A Girl,False,WIN,1,4.0,3.0,Ride Like A Girl,4.0
2026-05-19,Huntingdon,6.00,,WEST COUNTRY (Liam Watson),WEST COUNTRY (Liam Watson),Backer Bilk,True,UNMATCHED,,,0.0,,
2026-05-19,Huntingdon,7.00,2026-05-19_Huntingdon_700,WEST COUNTRY (Liam Watson),WEST COUNTRY (Liam Watson),Eastern Shores,False,LOSE,7,15.0,-1.0,Ride Like A Girl,4.0
2026-05-19,Huntingdon,7.30,2026-05-19_Huntingdon_730,WEST COUNTRY (Liam Watson),WEST COUNTRY (Liam Watson),Kitty Foyle,False,PLACE,2,4.33,-1.0,Sunray Shadow,2.5
2026-05-19,Huntingdon,8.00,2026-05-19_Huntingdon_800,WEST COUNTRY (Liam Watson),WEST COUNTRY (Liam Watson),American Trio,False,PLACE,2,6.5,-1.0,Ice Jet,1.3
2026-05-19,Huntingdon,6.00,,THE TIMES (Rob Wright),THE TIMES (Rob Wright),Edelak,False,UNMATCHED,,,0.0,,
2026-05-19,Huntingdon,6.30,2026-05-19_Huntingdon_630,THE TIMES (Rob Wright),THE TIMES (Rob Wright),Cloudy Wednesday,False,PLACE,2,2.75,-1.0,Jack Doyen,3.75
2026-05-19,Huntingdon,7.00,2026-05-19_Huntingdon_700,THE TIMES (Rob Wright),THE TIMES (Rob Wright),Alibey,False,PLACE,2,6.0,-1.0,Ride Like A Girl,4.0
2026-05-19,Huntingdon,7.30,2026-05-19_Huntingdon_730,THE TIMES (Rob Wright),THE TIMES (Rob Wright),Alien Storm,False,DNF,DNF,13.0,0.0,Sunray Shadow,2.5
2026-05-19,Huntingdon,8.00,2026-05-19_Huntingdon_800,THE TIMES (Rob Wright),THE TIMES (Rob Wright),Ice Jet,False,WIN,1,1.3,0.3,Ice Jet,1.3
2026-05-19,Huntingdon,8.30,,THE TIMES (Rob Wright),THE TIMES (Rob Wright),On Lovers Walk,False,UNMATCHED,,,0.0,,
2026-05-19,Huntingdon,6.00,,TELEGRAPH (Marlborough),TELEGRAPH (Marlborough),Garde My Guinness,False,UNMATCHED,,,0.0,,
2026-05-19,Huntingdon,6.30,2026-05-19_Huntingdon_630,TELEGRAPH (Marlborough),TELEGRAPH (Marlborough),Cloudy Wednesday,False,PLACE,2,2.75,-1.0,Jack Doyen,3.75
2026-05-19,Huntingdon,7.00,2026-05-19_Huntingdon_700,TELEGRAPH (Marlborough),TELEGRAPH (Marlborough),Miracles Do Happen,False,LOSE,8,4.33,-1.0,Ride Like A Girl,4.0
2026-05-19,Huntingdon,7.30,2026-05-19_Huntingdon_730,TELEGRAPH (Marlborough),TELEGRAPH (Marlborough),Tiger Orchid,False,PLACE,3,7.5,-1.0,Sunray Shadow,2.5
2026-05-19,Huntingdon,8.00,2026-05-19_Huntingdon_800,TELEGRAPH (Marlborough),TELEGRAPH (Marlborough),Ice Jet,False,WIN,1,1.3,0.3,Ice Jet,1.3
2026-05-19,Huntingdon,8.30,,TELEGRAPH (Marlborough),TELEGRAPH (Marlborough),Surprise Attack,False,UNMATCHED,,,0.0,,
2026-05-19,Huntingdon,6.00,,THE GUARDIAN,THE GUARDIAN,Edelak,False,UNMATCHED,,,0.0,,
2026-05-19,Huntingdon,6.30,2026-05-19_Huntingdon_630,THE GUARDIAN,THE GUARDIAN,Cloudy Wednesday,False,PLACE,2,2.75,-1.0,Jack Doyen,3.75
2026-05-19,Huntingdon,7.00,2026-05-19_Huntingdon_700,THE GUARDIAN,THE GUARDIAN,Alibey,False,PLACE,2,6.0,-1.0,Ride Like A Girl,4.0
2026-05-19,Huntingdon,7.30,2026-05-19_Huntingdon_730,THE GUARDIAN,THE GUARDIAN,Sunray Shadow,False,WIN,1,2.5,1.5,Sunray Shadow,2.5
2026-05-19,Huntingdon,8.00,2026-05-19_Huntingdon_800,THE GUARDIAN,THE GUARDIAN,Ice Jet,False,WIN,1,1.3,0.3,Ice Jet,1.3
2026-05-19,Huntingdon,8.30,,THE GUARDIAN,THE GUARDIAN,Kandor,False,UNMATCHED,,,0.0,,
2026-05-19,Huntingdon,6.00,,DAILY MAIL (Robin Goodfellow),DAILY MAIL (Robin Goodfellow),Edelak,False,UNMATCHED,,,0.0,,
2026-05-19,Huntingdon,6.30,2026-05-19_Huntingdon_630,DAILY MAIL (Robin Goodfellow),DAILY MAIL (Robin Goodfellow),Cloudy Wednesday,False,PLACE,2,2.75,-1.0,Jack Doyen,3.75
2026-05-19,Huntingdon,7.00,2026-05-19_Huntingdon_700,DAILY MAIL (Robin Goodfellow),DAILY MAIL (Robin Goodfellow),Ride Like A Girl,False,WIN,1,4.0,3.0,Ride Like A Girl,4.0
2026-05-19,Huntingdon,7.30,2026-05-19_Huntingdon_730,DAILY MAIL (Robin Goodfellow),DAILY MAIL (Robin Goodfellow),Ballintubber Boy,False,LOSE,6,6.5,-1.0,Sunray Shadow,2.5
2026-05-19,Huntingdon,8.00,2026-05-19_Huntingdon_800,DAILY MAIL (Robin Goodfellow),DAILY MAIL (Robin Goodfellow),Ice Jet,False,WIN,1,1.3,0.3,Ice Jet,1.3
2026-05-19,Huntingdon,8.30,,DAILY MAIL (Robin Goodfellow),DAILY MAIL (Robin Goodfellow),Kandor,False,UNMATCHED,,,0.0,,
2026-05-19,Huntingdon,6.00,,D EXPRESS (Melissa Jones),D EXPRESS (Melissa Jones),Edelak,False,UNMATCHED,,,0.0,,
2026-05-19,Huntingdon,6.30,2026-05-19_Huntingdon_630,D EXPRESS (Melissa Jones),D EXPRESS (Melissa Jones),Cloudy Wednesday,False,PLACE,2,2.75,-1.0,Jack Doyen,3.75
2026-05-19,Huntingdon,7.00,2026-05-19_Huntingdon_700,D EXPRESS (Melissa Jones),D EXPRESS (Melissa Jones),Ride Like A Girl,False,WIN,1,4.0,3.0,Ride Like A Girl,4.0
2026-05-19,Huntingdon,7.30,2026-05-19_Huntingdon_730,D EXPRESS (Melissa Jones),D EXPRESS (Melissa Jones),Sunray Shadow,False,WIN,1,2.5,1.5,Sunray Shadow,2.5
2026-05-19,Huntingdon,8.00,2026-05-19_Huntingdon_800,D EXPRESS (Melissa Jones),D EXPRESS (Melissa Jones),Ice Jet,True,WIN,1,1.3,0.3,Ice Jet,1.3
2026-05-19,Huntingdon,8.30,,D EXPRESS (Melissa Jones),D EXPRESS (Melissa Jones),Whats The Solution,False,UNMATCHED,,,0.0,,
2026-05-19,Huntingdon,6.00,,DAILY MIRROR (Newsboy),DAILY MIRROR (Newsboy),Edelak,False,UNMATCHED,,,0.0,,
2026-05-19,Huntingdon,6.30,2026-05-19_Huntingdon_630,DAILY MIRROR (Newsboy),DAILY MIRROR (Newsboy),Cloudy Wednesday,False,PLACE,2,2.75,-1.0,Jack Doyen,3.75
2026-05-19,Huntingdon,7.00,2026-05-19_Huntingdon_700,DAILY MIRROR (Newsboy),DAILY MIRROR (Newsboy),Ride Like A Girl,False,WIN,1,4.0,3.0,Ride Like A Girl,4.0
2026-05-19,Huntingdon,7.30,2026-05-19_Huntingdon_730,DAILY MIRROR (Newsboy),DAILY MIRROR (Newsboy),Ballintubber Boy,False,LOSE,6,6.5,-1.0,Sunray Shadow,2.5
2026-05-19,Huntingdon,8.00,2026-05-19_Huntingdon_800,DAILY MIRROR (Newsboy),DAILY MIRROR (Newsboy),Ice Jet,False,WIN,1,1.3,0.3,Ice Jet,1.3
2026-05-19,Huntingdon,8.30,,DAILY MIRROR (Newsboy),DAILY MIRROR (Newsboy),On Lovers Walk,False,UNMATCHED,,,0.0,,
2026-05-19,Huntingdon,6.00,,THE SUN (Templegate),THE SUN (Templegate),Edelak,False,UNMATCHED,,,0.0,,
2026-05-19,Huntingdon,6.30,2026-05-19_Huntingdon_630,THE SUN (Templegate),THE SUN (Templegate),Cloudy Wednesday,False,PLACE,2,2.75,-1.0,Jack Doyen,3.75
2026-05-19,Huntingdon,7.00,2026-05-19_Huntingdon_700,THE SUN (Templegate),THE SUN (Templegate),Miracles Do Happen,False,LOSE,8,4.33,-1.0,Ride Like A Girl,4.0
2026-05-19,Huntingdon,7.30,2026-05-19_Huntingdon_730,THE SUN (Templegate),THE SUN (Templegate),Ballintubber Boy,False,LOSE,6,6.5,-1.0,Sunray Shadow,2.5
2026-05-19,Huntingdon,8.00,2026-05-19_Huntingdon_800,THE SUN (Templegate),THE SUN (Templegate),Ice Jet,False,WIN,1,1.3,0.3,Ice Jet,1.3
2026-05-19,Huntingdon,8.30,,THE SUN (Templegate),THE SUN (Templegate),Kandor,False,UNMATCHED,,,0.0,,
2026-05-19,Huntingdon,6.00,,THE STAR (Jason Heavey),THE STAR (Jason Heavey),Edelak,False,UNMATCHED,,,0.0,,
2026-05-19,Huntingdon,6.30,2026-05-19_Huntingdon_630,THE STAR (Jason Heavey),THE STAR (Jason Heavey),Chateau Du Lys,False,LOSE,5,19.0,-1.0,Jack Doyen,3.75
2026-05-19,Huntingdon,7.00,2026-05-19_Huntingdon_700,THE STAR (Jason Heavey),THE STAR (Jason Heavey),Miracles Do Happen,False,LOSE,8,4.33,-1.0,Ride Like A Girl,4.0
2026-05-19,Huntingdon,7.30,2026-05-19_Huntingdon_730,THE STAR (Jason Heavey),THE STAR (Jason Heavey),Ballintubber Boy,False,LOSE,6,6.5,-1.0,Sunray Shadow,2.5
2026-05-19,Huntingdon,8.00,2026-05-19_Huntingdon_800,THE STAR (Jason Heavey),THE STAR (Jason Heavey),Ice Jet,False,WIN,1,1.3,0.3,Ice Jet,1.3
2026-05-19,Huntingdon,8.30,,THE STAR (Jason Heavey),THE STAR (Jason Heavey),Kandor,False,UNMATCHED,,,0.0,,
2026-05-19,Huntingdon,6.00,,DAILY RECORD (Garry Owen),DAILY RECORD (Garry Owen),Edelak,False,UNMATCHED,,,0.0,,
2026-05-19,Huntingdon,6.30,2026-05-19_Huntingdon_630,DAILY RECORD (Garry Owen),DAILY RECORD (Garry Owen),Jack Doyen,False,WIN,1,3.75,2.75,Jack Doyen,3.75
2026-05-19,Huntingdon,7.00,2026-05-19_Huntingdon_700,DAILY RECORD (Garry Owen),DAILY RECORD (Garry Owen),Alibey,False,PLACE,2,6.0,-1.0,Ride Like A Girl,4.0
2026-05-19,Huntingdon,7.30,2026-05-19_Huntingdon_730,DAILY RECORD (Garry Owen),DAILY RECORD (Garry Owen),Thank You Ma'am,False,LOSE,4,7.0,-1.0,Sunray Shadow,2.5
2026-05-19,Huntingdon,8.00,2026-05-19_Huntingdon_800,DAILY RECORD (Garry Owen),DAILY RECORD (Garry Owen),Ice Jet,False,WIN,1,1.3,0.3,Ice Jet,1.3
2026-05-19,Huntingdon,8.30,,DAILY RECORD (Garry Owen),DAILY RECORD (Garry Owen),Kandor Page,False,UNMATCHED,,,0.0,,
2026-05-19,Lingfield,2.10,2026-05-19_Lingfield_210,SPOTLIGHT,SPOTLIGHT,Hengest,True,WIN,1,1.83,0.83,Hengest,1.83
2026-05-19,Lingfield,2.40,2026-05-19_Lingfield_240,SPOTLIGHT,SPOTLIGHT,Vidmiyr,False,WIN,1,1.33,0.33,Vidmiyr,1.33
2026-05-19,Lingfield,3.10,2026-05-19_Lingfield_310,SPOTLIGHT,SPOTLIGHT,Whiteley Way,False,WIN,1,5.5,4.5,Whiteley Way,5.5
2026-05-19,Lingfield,3.40,2026-05-19_Lingfield_340,SPOTLIGHT,SPOTLIGHT,No Gain,False,WIN,1,1.73,0.73,No Gain,1.73
2026-05-19,Lingfield,4.10,2026-05-19_Lingfield_410,SPOTLIGHT,SPOTLIGHT,Based,False,LOSE,7,3.75,-1.0,Thanos,3.75
2026-05-19,Lingfield,4.45,2026-05-19_Lingfield_445,SPOTLIGHT,SPOTLIGHT,Reidh,False,LOSE,9,6.0,-1.0,Tronido,4.33
2026-05-19,Lingfield,5.20,2026-05-19_Lingfield_520,SPOTLIGHT,SPOTLIGHT,My Mate Kev,False,LOSE,7,2.5,-1.0,My Boy Harry,8.5
2026-05-19,Lingfield,5.55,2026-05-19_Lingfield_555,SPOTLIGHT,SPOTLIGHT,Cameley Days,False,PLACE,2,2.38,-1.0,Silky Robin,6.0
2026-05-19,Lingfield,2.10,2026-05-19_Lingfield_210,RP RATINGS,RP RATINGS (Paul Curtis),Hengest,True,WIN,1,1.83,0.83,Hengest,1.83
2026-05-19,Lingfield,2.40,2026-05-19_Lingfield_240,RP RATINGS,RP RATINGS (Paul Curtis),Vidmiyr,False,WIN,1,1.33,0.33,Vidmiyr,1.33
2026-05-19,Lingfield,3.10,2026-05-19_Lingfield_310,RP RATINGS,RP RATINGS (Paul Curtis),Whiteley Way,False,WIN,1,5.5,4.5,Whiteley Way,5.5
2026-05-19,Lingfield,3.40,2026-05-19_Lingfield_340,RP RATINGS,RP RATINGS (Paul Curtis),Joycean Way,False,LOSE,8,19.0,-1.0,No Gain,1.73
2026-05-19,Lingfield,4.10,2026-05-19_Lingfield_410,RP RATINGS,RP RATINGS (Paul Curtis),Based,False,LOSE,7,3.75,-1.0,Thanos,3.75
2026-05-19,Lingfield,4.45,2026-05-19_Lingfield_445,RP RATINGS,RP RATINGS (Paul Curtis),Reidh,False,LOSE,9,6.0,-1.0,Tronido,4.33
2026-05-19,Lingfield,5.20,2026-05-19_Lingfield_520,RP RATINGS,RP RATINGS (Paul Curtis),My Boy Harry,False,WIN,1,8.5,7.5,My Boy Harry,8.5
2026-05-19,Lingfield,5.55,2026-05-19_Lingfield_555,RP RATINGS,RP RATINGS (Paul Curtis),Cameley Days,False,PLACE,2,2.38,-1.0,Silky Robin,6.0
2026-05-19,Lingfield,4.45,2026-05-19_Lingfield_445,TOPSPEED,TOPSPEED,Reidh,False,LOSE,9,6.0,-1.0,Tronido,4.33
2026-05-19,Lingfield,5.20,2026-05-19_Lingfield_520,TOPSPEED,TOPSPEED,Beau Jardine,False,LOSE,4,12.0,-1.0,My Boy Harry,8.5
2026-05-19,Lingfield,2.10,2026-05-19_Lingfield_210,POSTDATA,POSTDATA,Pleasant Man,False,LOSE,7,8.5,-1.0,Hengest,1.83
2026-05-19,Lingfield,2.40,2026-05-19_Lingfield_240,POSTDATA,POSTDATA,Vidmiyr,False,WIN,1,1.33,0.33,Vidmiyr,1.33
2026-05-19,Lingfield,3.10,2026-05-19_Lingfield_310,POSTDATA,POSTDATA,Man Is King,False,LOSE,4,4.0,-1.0,Whiteley Way,5.5
2026-05-19,Lingfield,3.40,2026-05-19_Lingfield_340,POSTDATA,POSTDATA,No Gain,False,WIN,1,1.73,0.73,No Gain,1.73
2026-05-19,Lingfield,4.10,2026-05-19_Lingfield_410,POSTDATA,POSTDATA,Based,False,LOSE,7,3.75,-1.0,Thanos,3.75
2026-05-19,Lingfield,4.45,2026-05-19_Lingfield_445,POSTDATA,POSTDATA,Francisco,False,LOSE,6,6.5,-1.0,Tronido,4.33
2026-05-19,Lingfield,5.20,2026-05-19_Lingfield_520,POSTDATA,POSTDATA,Giant,False,LOSE,10,4.33,-1.0,My Boy Harry,8.5
2026-05-19,Lingfield,5.55,2026-05-19_Lingfield_555,POSTDATA,POSTDATA,Desdemona,False,DNF,DNF,15.0,0.0,Silky Robin,6.0
2026-05-19,Lingfield,2.10,2026-05-19_Lingfield_210,NEWMARKET (David Milnes),NEWMARKET (David Milnes),Hengest,False,WIN,1,1.83,0.83,Hengest,1.83
2026-05-19,Lingfield,2.40,2026-05-19_Lingfield_240,NEWMARKET (David Milnes),NEWMARKET (David Milnes),Fiefdom,False,LOSE,6,17.0,-1.0,Vidmiyr,1.33
2026-05-19,Lingfield,3.10,2026-05-19_Lingfield_310,NEWMARKET (David Milnes),NEWMARKET (David Milnes),Heer's Sadie,False,LOSE,6,23.0,-1.0,Whiteley Way,5.5
2026-05-19,Lingfield,3.40,2026-05-19_Lingfield_340,NEWMARKET (David Milnes),NEWMARKET (David Milnes),No Gain,False,WIN,1,1.73,0.73,No Gain,1.73
2026-05-19,Lingfield,4.10,2026-05-19_Lingfield_410,NEWMARKET (David Milnes),NEWMARKET (David Milnes),Lordsbridge Bay,False,LOSE,10,13.0,-1.0,Thanos,3.75
2026-05-19,Lingfield,4.45,2026-05-19_Lingfield_445,NEWMARKET (David Milnes),NEWMARKET (David Milnes),King Of War,False,DNF,DNF,11.0,0.0,Tronido,4.33
2026-05-19,Lingfield,5.20,2026-05-19_Lingfield_520,NEWMARKET (David Milnes),NEWMARKET (David Milnes),Regal Guest,False,DNF,DNF,21.0,0.0,My Boy Harry,8.5
2026-05-19,Lingfield,5.55,2026-05-19_Lingfield_555,NEWMARKET (David Milnes),NEWMARKET (David Milnes),Cameley Days,False,PLACE,2,2.38,-1.0,Silky Robin,6.0
2026-05-19,Lingfield,2.10,2026-05-19_Lingfield_210,THE TIMES (Rob Wright),THE TIMES (Rob Wright),Hengest,True,WIN,1,1.83,0.83,Hengest,1.83
2026-05-19,Lingfield,2.40,2026-05-19_Lingfield_240,THE TIMES (Rob Wright),THE TIMES (Rob Wright),Vidmiyr,False,WIN,1,1.33,0.33,Vidmiyr,1.33
2026-05-19,Lingfield,3.10,2026-05-19_Lingfield_310,THE TIMES (Rob Wright),THE TIMES (Rob Wright),Man Is King,False,LOSE,4,4.0,-1.0,Whiteley Way,5.5
2026-05-19,Lingfield,3.40,2026-05-19_Lingfield_340,THE TIMES (Rob Wright),THE TIMES (Rob Wright),No Gain,False,WIN,1,1.73,0.73,No Gain,1.73
2026-05-19,Lingfield,4.10,2026-05-19_Lingfield_410,THE TIMES (Rob Wright),THE TIMES (Rob Wright),Lordsbridge Bay,False,LOSE,10,13.0,-1.0,Thanos,3.75
2026-05-19,Lingfield,4.45,2026-05-19_Lingfield_445,THE TIMES (Rob Wright),THE TIMES (Rob Wright),Call Glory,False,LOSE,5,4.5,-1.0,Tronido,4.33
2026-05-19,Lingfield,5.20,2026-05-19_Lingfield_520,THE TIMES (Rob Wright),THE TIMES (Rob Wright),My Boy Harry,False,WIN,1,8.5,7.5,My Boy Harry,8.5
2026-05-19,Lingfield,5.55,2026-05-19_Lingfield_555,THE TIMES (Rob Wright),THE TIMES (Rob Wright),Cabeza De Llave,False,LOSE,5,13.0,-1.0,Silky Robin,6.0
2026-05-19,Lingfield,2.10,2026-05-19_Lingfield_210,TELEGRAPH (Marlborough),TELEGRAPH (Marlborough),Further Measure,False,LOSE,4,7.5,-1.0,Hengest,1.83
2026-05-19,Lingfield,2.40,2026-05-19_Lingfield_240,TELEGRAPH (Marlborough),TELEGRAPH (Marlborough),Spirit Of Albion,False,LOSE,8,4.5,-1.0,Vidmiyr,1.33
2026-05-19,Lingfield,3.10,2026-05-19_Lingfield_310,TELEGRAPH (Marlborough),TELEGRAPH (Marlborough),Grand Citadel,False,PLACE,2,4.0,-1.0,Whiteley Way,5.5
2026-05-19,Lingfield,3.40,2026-05-19_Lingfield_340,TELEGRAPH (Marlborough),TELEGRAPH (Marlborough),Raqraaq,False,LOSE,12,17.0,-1.0,No Gain,1.73
2026-05-19,Lingfield,4.10,2026-05-19_Lingfield_410,TELEGRAPH (Marlborough),TELEGRAPH (Marlborough),Thanos,False,WIN,1,3.75,2.75,Thanos,3.75
2026-05-19,Lingfield,4.45,2026-05-19_Lingfield_445,TELEGRAPH (Marlborough),TELEGRAPH (Marlborough),Play Me,False,LOSE,4,6.0,-1.0,Tronido,4.33
2026-05-19,Lingfield,5.20,2026-05-19_Lingfield_520,TELEGRAPH (Marlborough),TELEGRAPH (Marlborough),Giant,False,LOSE,10,4.33,-1.0,My Boy Harry,8.5
2026-05-19,Lingfield,5.55,2026-05-19_Lingfield_555,TELEGRAPH (Marlborough),TELEGRAPH (Marlborough),Call Time,False,DNF,DNF,13.0,0.0,Silky Robin,6.0
2026-05-19,Lingfield,2.10,2026-05-19_Lingfield_210,THE GUARDIAN,THE GUARDIAN,Hengest,False,WIN,1,1.83,0.83,Hengest,1.83
2026-05-19,Lingfield,2.40,2026-05-19_Lingfield_240,THE GUARDIAN,THE GUARDIAN,Vidmiyr,False,WIN,1,1.33,0.33,Vidmiyr,1.33
2026-05-19,Lingfield,3.10,2026-05-19_Lingfield_310,THE GUARDIAN,THE GUARDIAN,Man Is King,False,LOSE,4,4.0,-1.0,Whiteley Way,5.5
2026-05-19,Lingfield,3.40,2026-05-19_Lingfield_340,THE GUARDIAN,THE GUARDIAN,No Gain,True,WIN,1,1.73,0.73,No Gain,1.73
2026-05-19,Lingfield,4.10,2026-05-19_Lingfield_410,THE GUARDIAN,THE GUARDIAN,Thanos,False,WIN,1,3.75,2.75,Thanos,3.75
2026-05-19,Lingfield,4.45,2026-05-19_Lingfield_445,THE GUARDIAN,THE GUARDIAN,Call Glory,False,LOSE,5,4.5,-1.0,Tronido,4.33
2026-05-19,Lingfield,5.20,2026-05-19_Lingfield_520,THE GUARDIAN,THE GUARDIAN,My Mate Kev,False,LOSE,7,2.5,-1.0,My Boy Harry,8.5
2026-05-19,Lingfield,5.55,2026-05-19_Lingfield_555,THE GUARDIAN,THE GUARDIAN,Cameley Days,False,PLACE,2,2.38,-1.0,Silky Robin,6.0
2026-05-19,Lingfield,2.10,2026-05-19_Lingfield_210,DAILY MAIL (Robin Goodfellow),DAILY MAIL (Robin Goodfellow),Hengest,False,WIN,1,1.83,0.83,Hengest,1.83
2026-05-19,Lingfield,2.40,2026-05-19_Lingfield_240,DAILY MAIL (Robin Goodfellow),DAILY MAIL (Robin Goodfellow),Vidmiyr,False,WIN,1,1.33,0.33,Vidmiyr,1.33
2026-05-19,Lingfield,3.10,2026-05-19_Lingfield_310,DAILY MAIL (Robin Goodfellow),DAILY MAIL (Robin Goodfellow),Mr Fustic,False,LOSE,5,9.0,-1.0,Whiteley Way,5.5
2026-05-19,Lingfield,3.40,2026-05-19_Lingfield_340,DAILY MAIL (Robin Goodfellow),DAILY MAIL (Robin Goodfellow),Bear To Dream,False,LOSE,6,13.0,-1.0,No Gain,1.73
2026-05-19,Lingfield,4.10,2026-05-19_Lingfield_410,DAILY MAIL (Robin Goodfellow),DAILY MAIL (Robin Goodfellow),Based,False,LOSE,7,3.75,-1.0,Thanos,3.75
2026-05-19,Lingfield,4.45,2026-05-19_Lingfield_445,DAILY MAIL (Robin Goodfellow),DAILY MAIL (Robin Goodfellow),Tronido,False,WIN,1,4.33,3.33,Tronido,4.33
2026-05-19,Lingfield,5.20,2026-05-19_Lingfield_520,DAILY MAIL (Robin Goodfellow),DAILY MAIL (Robin Goodfellow),Regal Guest,True,DNF,DNF,21.0,0.0,My Boy Harry,8.5
2026-05-19,Lingfield,5.55,2026-05-19_Lingfield_555,DAILY MAIL (Robin Goodfellow),DAILY MAIL (Robin Goodfellow),Level Up,False,PLACE,3,9.5,-1.0,Silky Robin,6.0
2026-05-19,Lingfield,2.10,2026-05-19_Lingfield_210,D EXPRESS (Melissa Jones),D EXPRESS (Melissa Jones),Hengest,False,WIN,1,1.83,0.83,Hengest,1.83
2026-05-19,Lingfield,2.40,2026-05-19_Lingfield_240,D EXPRESS (Melissa Jones),D EXPRESS (Melissa Jones),Vidmiyr,False,WIN,1,1.33,0.33,Vidmiyr,1.33
2026-05-19,Lingfield,3.10,2026-05-19_Lingfield_310,D EXPRESS (Melissa Jones),D EXPRESS (Melissa Jones),Letsbeatsepsis,False,PLACE,3,23.0,-1.0,Whiteley Way,5.5
2026-05-19,Lingfield,3.40,2026-05-19_Lingfield_340,D EXPRESS (Melissa Jones),D EXPRESS (Melissa Jones),Turpin,False,LOSE,7,6.5,-1.0,No Gain,1.73
2026-05-19,Lingfield,4.10,2026-05-19_Lingfield_410,D EXPRESS (Melissa Jones),D EXPRESS (Melissa Jones),Based,False,LOSE,7,3.75,-1.0,Thanos,3.75
2026-05-19,Lingfield,4.45,2026-05-19_Lingfield_445,D EXPRESS (Melissa Jones),D EXPRESS (Melissa Jones),Play Me,False,LOSE,4,6.0,-1.0,Tronido,4.33
2026-05-19,Lingfield,5.20,2026-05-19_Lingfield_520,D EXPRESS (Melissa Jones),D EXPRESS (Melissa Jones),My Boy Harry,False,WIN,1,8.5,7.5,My Boy Harry,8.5
2026-05-19,Lingfield,5.55,2026-05-19_Lingfield_555,D EXPRESS (Melissa Jones),D EXPRESS (Melissa Jones),Teardrops,False,LOSE,8,6.5,-1.0,Silky Robin,6.0
2026-05-19,Lingfield,2.10,2026-05-19_Lingfield_210,DAILY MIRROR (Newsboy),DAILY MIRROR (Newsboy),Hengest,False,WIN,1,1.83,0.83,Hengest,1.83
2026-05-19,Lingfield,2.40,2026-05-19_Lingfield_240,DAILY MIRROR (Newsboy),DAILY MIRROR (Newsboy),Vidmiyr,False,WIN,1,1.33,0.33,Vidmiyr,1.33
2026-05-19,Lingfield,3.10,2026-05-19_Lingfield_310,DAILY MIRROR (Newsboy),DAILY MIRROR (Newsboy),Whiteley Way,False,WIN,1,5.5,4.5,Whiteley Way,5.5
2026-05-19,Lingfield,3.40,2026-05-19_Lingfield_340,DAILY MIRROR (Newsboy),DAILY MIRROR (Newsboy),No Gain,False,WIN,1,1.73,0.73,No Gain,1.73
2026-05-19,Lingfield,4.10,2026-05-19_Lingfield_410,DAILY MIRROR (Newsboy),DAILY MIRROR (Newsboy),Thanos,False,WIN,1,3.75,2.75,Thanos,3.75
2026-05-19,Lingfield,4.45,2026-05-19_Lingfield_445,DAILY MIRROR (Newsboy),DAILY MIRROR (Newsboy),Bated Breeze,False,DNF,DNF,7.0,0.0,Tronido,4.33
2026-05-19,Lingfield,5.20,2026-05-19_Lingfield_520,DAILY MIRROR (Newsboy),DAILY MIRROR (Newsboy),My Mate Kev,False,LOSE,7,2.5,-1.0,My Boy Harry,8.5
2026-05-19,Lingfield,5.55,2026-05-19_Lingfield_555,DAILY MIRROR (Newsboy),DAILY MIRROR (Newsboy),Level Up,False,PLACE,3,9.5,-1.0,Silky Robin,6.0
2026-05-19,Lingfield,2.10,2026-05-19_Lingfield_210,THE SUN (Templegate),THE SUN (Templegate),Hengest,True,WIN,1,1.83,0.83,Hengest,1.83
2026-05-19,Lingfield,2.40,2026-05-19_Lingfield_240,THE SUN (Templegate),THE SUN (Templegate),Vidmiyr,False,WIN,1,1.33,0.33,Vidmiyr,1.33
2026-05-19,Lingfield,3.10,2026-05-19_Lingfield_310,THE SUN (Templegate),THE SUN (Templegate),Up The Anti,False,DNF,DNF,8.5,0.0,Whiteley Way,5.5
2026-05-19,Lingfield,3.40,2026-05-19_Lingfield_340,THE SUN (Templegate),THE SUN (Templegate),No Gain,False,WIN,1,1.73,0.73,No Gain,1.73
2026-05-19,Lingfield,4.10,2026-05-19_Lingfield_410,THE SUN (Templegate),THE SUN (Templegate),Thanos,False,WIN,1,3.75,2.75,Thanos,3.75
2026-05-19,Lingfield,4.45,2026-05-19_Lingfield_445,THE SUN (Templegate),THE SUN (Templegate),Call Glory,False,LOSE,5,4.5,-1.0,Tronido,4.33
2026-05-19,Lingfield,5.20,2026-05-19_Lingfield_520,THE SUN (Templegate),THE SUN (Templegate),My Boy Harry,False,WIN,1,8.5,7.5,My Boy Harry,8.5
2026-05-19,Lingfield,5.55,2026-05-19_Lingfield_555,THE SUN (Templegate),THE SUN (Templegate),Faustus,False,LOSE,7,5.5,-1.0,Silky Robin,6.0
2026-05-19,Lingfield,2.10,2026-05-19_Lingfield_210,THE STAR (Jason Heavey),THE STAR (Jason Heavey),Hengest,False,WIN,1,1.83,0.83,Hengest,1.83
2026-05-19,Lingfield,2.40,2026-05-19_Lingfield_240,THE STAR (Jason Heavey),THE STAR (Jason Heavey),Vidmiyr,False,WIN,1,1.33,0.33,Vidmiyr,1.33
2026-05-19,Lingfield,3.10,2026-05-19_Lingfield_310,THE STAR (Jason Heavey),THE STAR (Jason Heavey),Man Is King,False,LOSE,4,4.0,-1.0,Whiteley Way,5.5
2026-05-19,Lingfield,3.40,2026-05-19_Lingfield_340,THE STAR (Jason Heavey),THE STAR (Jason Heavey),No Gain,False,WIN,1,1.73,0.73,No Gain,1.73
2026-05-19,Lingfield,4.10,2026-05-19_Lingfield_410,THE STAR (Jason Heavey),THE STAR (Jason Heavey),Poetic Grace,False,PLACE,3,6.0,-1.0,Thanos,3.75
2026-05-19,Lingfield,4.45,2026-05-19_Lingfield_445,THE STAR (Jason Heavey),THE STAR (Jason Heavey),Lunanova,False,LOSE,7,41.0,-1.0,Tronido,4.33
2026-05-19,Lingfield,5.20,2026-05-19_Lingfield_520,THE STAR (Jason Heavey),THE STAR (Jason Heavey),My Mate Kev,False,LOSE,7,2.5,-1.0,My Boy Harry,8.5
2026-05-19,Lingfield,5.55,2026-05-19_Lingfield_555,THE STAR (Jason Heavey),THE STAR (Jason Heavey),Cameley Days,True,PLACE,2,2.38,-1.0,Silky Robin,6.0
2026-05-19,Lingfield,2.10,2026-05-19_Lingfield_210,DAILY RECORD (Garry Owen),DAILY RECORD (Garry Owen),Hengest,False,WIN,1,1.83,0.83,Hengest,1.83
2026-05-19,Lingfield,2.40,2026-05-19_Lingfield_240,DAILY RECORD (Garry Owen),DAILY RECORD (Garry Owen),Vidmiyr,False,WIN,1,1.33,0.33,Vidmiyr,1.33
2026-05-19,Lingfield,3.10,2026-05-19_Lingfield_310,DAILY RECORD (Garry Owen),DAILY RECORD (Garry Owen),Man Is King,False,LOSE,4,4.0,-1.0,Whiteley Way,5.5
2026-05-19,Lingfield,3.40,2026-05-19_Lingfield_340,DAILY RECORD (Garry Owen),DAILY RECORD (Garry Owen),No Gain,False,WIN,1,1.73,0.73,No Gain,1.73
2026-05-19,Lingfield,4.10,2026-05-19_Lingfield_410,DAILY RECORD (Garry Owen),DAILY RECORD (Garry Owen),Thanos,False,WIN,1,3.75,2.75,Thanos,3.75
2026-05-19,Lingfield,4.45,2026-05-19_Lingfield_445,DAILY RECORD (Garry Owen),DAILY RECORD (Garry Owen),Francisco,False,LOSE,6,6.5,-1.0,Tronido,4.33
2026-05-19,Lingfield,5.20,2026-05-19_Lingfield_520,DAILY RECORD (Garry Owen),DAILY RECORD (Garry Owen),Twitch,False,LOSE,5,10.0,-1.0,My Boy Harry,8.5
2026-05-19,Lingfield,5.55,2026-05-19_Lingfield_555,DAILY RECORD (Garry Owen),DAILY RECORD (Garry Owen),Harry Brown Page,False,DNF,DNF,6.0,0.0,Silky Robin,6.0
2026-05-19,Newcastle,2.30,2026-05-19_Newcastle_230,SPOTLIGHT,SPOTLIGHT,Edwardtheninth,False,WIN,1,2.5,1.5,Edwardtheninth,2.5
2026-05-19,Newcastle,3.00,,SPOTLIGHT,SPOTLIGHT,Littlecote,False,UNMATCHED,,,0.0,,
2026-05-19,Newcastle,3.30,,SPOTLIGHT,SPOTLIGHT,Martial Order,False,UNMATCHED,,,0.0,,
2026-05-19,Newcastle,4.00,,SPOTLIGHT,SPOTLIGHT,Gold Digger,False,UNMATCHED,,,0.0,,
2026-05-19,Newcastle,4.35,2026-05-19_Newcastle_435,SPOTLIGHT,SPOTLIGHT,Oasis Cover,True,LOSE,10,5.0,-1.0,Houndhill,4.0
2026-05-19,Newcastle,5.05,2026-05-19_Newcastle_505,SPOTLIGHT,SPOTLIGHT,Annie Edson Taylor,False,LOSE,6,7.5,-1.0,Fizzy Cristal,12.0
2026-05-19,Newcastle,5.35,2026-05-19_Newcastle_535,SPOTLIGHT,SPOTLIGHT,King's School,False,WIN,1,6.0,5.0,King'S School,6.0
2026-05-19,Newcastle,3.00,,RP RATINGS,RP RATINGS (Paul Curtis),Littlecote,False,UNMATCHED,,,0.0,,
2026-05-19,Newcastle,4.00,,RP RATINGS,RP RATINGS (Paul Curtis),Gold Digger,False,UNMATCHED,,,0.0,,
2026-05-19,Newcastle,4.35,2026-05-19_Newcastle_435,RP RATINGS,RP RATINGS (Paul Curtis),Golden Havana,False,PLACE,3,8.0,-1.0,Houndhill,4.0
2026-05-19,Newcastle,5.05,2026-05-19_Newcastle_505,RP RATINGS,RP RATINGS (Paul Curtis),Hen Party,False,PLACE,2,3.75,-1.0,Fizzy Cristal,12.0
2026-05-19,Newcastle,5.35,2026-05-19_Newcastle_535,RP RATINGS,RP RATINGS (Paul Curtis),Criminal Shore,False,LOSE,4,9.5,-1.0,King'S School,6.0
2026-05-19,Newcastle,2.30,2026-05-19_Newcastle_230,RP RATINGS,RP RATINGS (Paul Curtis),Edwardtheninth,False,WIN,1,2.5,1.5,Edwardtheninth,2.5
2026-05-19,Newcastle,5.35,2026-05-19_Newcastle_535,TOPSPEED,TOPSPEED,Criminal Shore,False,LOSE,4,9.5,-1.0,King'S School,6.0
2026-05-19,Newcastle,2.30,2026-05-19_Newcastle_230,POSTDATA,POSTDATA,Star Of Jupiter,False,LOSE,5,5.5,-1.0,Edwardtheninth,2.5
2026-05-19,Newcastle,3.00,,POSTDATA,POSTDATA,Littlecote,False,UNMATCHED,,,0.0,,
2026-05-19,Newcastle,3.30,,POSTDATA,POSTDATA,Caeruleus,False,UNMATCHED,,,0.0,,
2026-05-19,Newcastle,4.00,,POSTDATA,POSTDATA,Zain Primus,False,UNMATCHED,,,0.0,,
2026-05-19,Newcastle,4.35,2026-05-19_Newcastle_435,POSTDATA,POSTDATA,Golden Havana,False,PLACE,3,8.0,-1.0,Houndhill,4.0
2026-05-19,Newcastle,5.05,2026-05-19_Newcastle_505,POSTDATA,POSTDATA,Annie Edson Taylor,True,LOSE,6,7.5,-1.0,Fizzy Cristal,12.0
2026-05-19,Newcastle,5.35,2026-05-19_Newcastle_535,POSTDATA,POSTDATA,King's School,False,WIN,1,6.0,5.0,King'S School,6.0
2026-05-19,Newcastle,3.00,,NEWMARKET (David Milnes),NEWMARKET (David Milnes),Maneater,False,UNMATCHED,,,0.0,,
2026-05-19,Newcastle,3.30,,NEWMARKET (David Milnes),NEWMARKET (David Milnes),Caeruleus,False,UNMATCHED,,,0.0,,
2026-05-19,Newcastle,4.00,,NEWMARKET (David Milnes),NEWMARKET (David Milnes),Gold Digger,True,UNMATCHED,,,0.0,,
2026-05-19,Newcastle,4.35,2026-05-19_Newcastle_435,NEWMARKET (David Milnes),NEWMARKET (David Milnes),Zoustar Dreams,False,LOSE,7,7.5,-1.0,Houndhill,4.0
2026-05-19,Newcastle,5.05,2026-05-19_Newcastle_505,NEWMARKET (David Milnes),NEWMARKET (David Milnes),Hen Party,False,PLACE,2,3.75,-1.0,Fizzy Cristal,12.0
2026-05-19,Newcastle,5.35,2026-05-19_Newcastle_535,NEWMARKET (David Milnes),NEWMARKET (David Milnes),Atmosphere,False,DNF,DNF,5.0,0.0,King'S School,6.0
2026-05-19,Newcastle,4.35,2026-05-19_Newcastle_435,THE NORTH (Colin Russell),THE NORTH (Colin Russell),Golden Havana,True,PLACE,3,8.0,-1.0,Houndhill,4.0
2026-05-19,Newcastle,2.30,2026-05-19_Newcastle_230,THE TIMES (Rob Wright),THE TIMES (Rob Wright),Lady Phoebe,False,LOSE,4,4.0,-1.0,Edwardtheninth,2.5
2026-05-19,Newcastle,3.00,,THE TIMES (Rob Wright),THE TIMES (Rob Wright),Maneater,False,UNMATCHED,,,0.0,,
2026-05-19,Newcastle,3.30,,THE TIMES (Rob Wright),THE TIMES (Rob Wright),Big Cigar,False,UNMATCHED,,,0.0,,
2026-05-19,Newcastle,4.00,,THE TIMES (Rob Wright),THE TIMES (Rob Wright),Spaceman,False,UNMATCHED,,,0.0,,
2026-05-19,Newcastle,4.35,2026-05-19_Newcastle_435,THE TIMES (Rob Wright),THE TIMES (Rob Wright),Oasis Cover,False,LOSE,10,5.0,-1.0,Houndhill,4.0
2026-05-19,Newcastle,5.05,2026-05-19_Newcastle_505,THE TIMES (Rob Wright),THE TIMES (Rob Wright),Hen Party,False,PLACE,2,3.75,-1.0,Fizzy Cristal,12.0
2026-05-19,Newcastle,5.35,2026-05-19_Newcastle_535,THE TIMES (Rob Wright),THE TIMES (Rob Wright),Atmosphere,False,DNF,DNF,5.0,0.0,King'S School,6.0
2026-05-19,Newcastle,2.30,2026-05-19_Newcastle_230,TELEGRAPH (Marlborough),TELEGRAPH (Marlborough),Angelardo,False,PLACE,2,6.0,-1.0,Edwardtheninth,2.5
2026-05-19,Newcastle,3.00,,TELEGRAPH (Marlborough),TELEGRAPH (Marlborough),Littlecote,False,UNMATCHED,,,0.0,,
2026-05-19,Newcastle,3.30,,TELEGRAPH (Marlborough),TELEGRAPH (Marlborough),Big Cigar,False,UNMATCHED,,,0.0,,
2026-05-19,Newcastle,4.00,,TELEGRAPH (Marlborough),TELEGRAPH (Marlborough),Gold Digger,False,UNMATCHED,,,0.0,,
2026-05-19,Newcastle,4.35,2026-05-19_Newcastle_435,TELEGRAPH (Marlborough),TELEGRAPH (Marlborough),Oasis Cover,False,LOSE,10,5.0,-1.0,Houndhill,4.0
2026-05-19,Newcastle,5.05,2026-05-19_Newcastle_505,TELEGRAPH (Marlborough),TELEGRAPH (Marlborough),Concert,True,PLACE,3,2.62,-1.0,Fizzy Cristal,12.0
2026-05-19,Newcastle,5.35,2026-05-19_Newcastle_535,TELEGRAPH (Marlborough),TELEGRAPH (Marlborough),Lord Capulet 4,False,PLACE,2,2.62,-1.0,King'S School,6.0
2026-05-19,Newcastle,2.30,2026-05-19_Newcastle_230,THE GUARDIAN,THE GUARDIAN,Phoebe,False,LOSE,4,4.0,-1.0,Edwardtheninth,2.5
2026-05-19,Newcastle,3.00,,THE GUARDIAN,THE GUARDIAN,Littlecote,False,UNMATCHED,,,0.0,,
2026-05-19,Newcastle,3.30,,THE GUARDIAN,THE GUARDIAN,Real Trouble,False,UNMATCHED,,,0.0,,
2026-05-19,Newcastle,4.00,,THE GUARDIAN,THE GUARDIAN,Zain Primus,False,UNMATCHED,,,0.0,,
2026-05-19,Newcastle,4.35,2026-05-19_Newcastle_435,THE GUARDIAN,THE GUARDIAN,Oasis Cover,False,LOSE,10,5.0,-1.0,Houndhill,4.0
2026-05-19,Newcastle,5.05,2026-05-19_Newcastle_505,THE GUARDIAN,THE GUARDIAN,Concert,False,PLACE,3,2.62,-1.0,Fizzy Cristal,12.0
2026-05-19,Newcastle,5.35,2026-05-19_Newcastle_535,THE GUARDIAN,THE GUARDIAN,King's School,False,WIN,1,6.0,5.0,King'S School,6.0
2026-05-19,Newcastle,2.30,2026-05-19_Newcastle_230,DAILY MAIL (Robin Goodfellow),DAILY MAIL (Robin Goodfellow),Phoebe,False,LOSE,4,4.0,-1.0,Edwardtheninth,2.5
2026-05-19,Newcastle,3.00,,DAILY MAIL (Robin Goodfellow),DAILY MAIL (Robin Goodfellow),Hello Friend,False,UNMATCHED,,,0.0,,
2026-05-19,Newcastle,3.30,,DAILY MAIL (Robin Goodfellow),DAILY MAIL (Robin Goodfellow),Martial Order,False,UNMATCHED,,,0.0,,
2026-05-19,Newcastle,4.00,,DAILY MAIL (Robin Goodfellow),DAILY MAIL (Robin Goodfellow),Gold Digger,False,UNMATCHED,,,0.0,,
2026-05-19,Newcastle,4.35,2026-05-19_Newcastle_435,DAILY MAIL (Robin Goodfellow),DAILY MAIL (Robin Goodfellow),Golden Havana,False,PLACE,3,8.0,-1.0,Houndhill,4.0
2026-05-19,Newcastle,5.05,2026-05-19_Newcastle_505,DAILY MAIL (Robin Goodfellow),DAILY MAIL (Robin Goodfellow),Tashi Delek,False,LOSE,5,10.0,-1.0,Fizzy Cristal,12.0
2026-05-19,Newcastle,5.35,2026-05-19_Newcastle_535,DAILY MAIL (Robin Goodfellow),DAILY MAIL (Robin Goodfellow),The Green Man,False,PLACE,3,4.5,-1.0,King'S School,6.0
2026-05-19,Newcastle,2.30,2026-05-19_Newcastle_230,D EXPRESS (Melissa Jones),D EXPRESS (Melissa Jones),Phoebe,False,LOSE,4,4.0,-1.0,Edwardtheninth,2.5
2026-05-19,Newcastle,3.00,,D EXPRESS (Melissa Jones),D EXPRESS (Melissa Jones),Hello Friend,False,UNMATCHED,,,0.0,,
2026-05-19,Newcastle,3.30,,D EXPRESS (Melissa Jones),D EXPRESS (Melissa Jones),Lehbab Prince,False,UNMATCHED,,,0.0,,
2026-05-19,Newcastle,4.00,,D EXPRESS (Melissa Jones),D EXPRESS (Melissa Jones),Zain Primus,False,UNMATCHED,,,0.0,,
2026-05-19,Newcastle,4.35,2026-05-19_Newcastle_435,D EXPRESS (Melissa Jones),D EXPRESS (Melissa Jones),Ryefield,False,LOSE,8,15.0,-1.0,Houndhill,4.0
2026-05-19,Newcastle,5.05,2026-05-19_Newcastle_505,D EXPRESS (Melissa Jones),D EXPRESS (Melissa Jones),Hen Party,False,PLACE,2,3.75,-1.0,Fizzy Cristal,12.0
2026-05-19,Newcastle,5.35,2026-05-19_Newcastle_535,D EXPRESS (Melissa Jones),D EXPRESS (Melissa Jones),Atmosphere,False,DNF,DNF,5.0,0.0,King'S School,6.0
2026-05-19,Newcastle,3.00,,DAILY MIRROR (Newsboy),DAILY MIRROR (Newsboy),Littlecote,False,UNMATCHED,,,0.0,,
2026-05-19,Newcastle,3.30,,DAILY MIRROR (Newsboy),DAILY MIRROR (Newsboy),Martial Order,False,UNMATCHED,,,0.0,,
2026-05-19,Newcastle,4.00,,DAILY MIRROR (Newsboy),DAILY MIRROR (Newsboy),Spaceman,False,UNMATCHED,,,0.0,,
2026-05-19,Newcastle,4.35,2026-05-19_Newcastle_435,DAILY MIRROR (Newsboy),DAILY MIRROR (Newsboy),Golden Havana,False,PLACE,3,8.0,-1.0,Houndhill,4.0
2026-05-19,Newcastle,5.05,2026-05-19_Newcastle_505,DAILY MIRROR (Newsboy),DAILY MIRROR (Newsboy),Hen Party,False,PLACE,2,3.75,-1.0,Fizzy Cristal,12.0
2026-05-19,Newcastle,5.35,2026-05-19_Newcastle_535,DAILY MIRROR (Newsboy),DAILY MIRROR (Newsboy),Lord Capulet,True,PLACE,2,2.62,-1.0,King'S School,6.0
2026-05-19,Newcastle,2.30,2026-05-19_Newcastle_230,THE SUN (Templegate),THE SUN (Templegate),Phoebe,False,LOSE,4,4.0,-1.0,Edwardtheninth,2.5
2026-05-19,Newcastle,3.00,,THE SUN (Templegate),THE SUN (Templegate),Littlecote,False,UNMATCHED,,,0.0,,
2026-05-19,Newcastle,3.30,,THE SUN (Templegate),THE SUN (Templegate),Real Trouble,False,UNMATCHED,,,0.0,,
2026-05-19,Newcastle,4.00,,THE SUN (Templegate),THE SUN (Templegate),Zain Primus,False,UNMATCHED,,,0.0,,
2026-05-19,Newcastle,4.35,2026-05-19_Newcastle_435,THE SUN (Templegate),THE SUN (Templegate),Oasis Cover,False,LOSE,10,5.0,-1.0,Houndhill,4.0
2026-05-19,Newcastle,5.05,2026-05-19_Newcastle_505,THE SUN (Templegate),THE SUN (Templegate),Annie Edson Taylor,False,LOSE,6,7.5,-1.0,Fizzy Cristal,12.0
2026-05-19,Newcastle,5.35,2026-05-19_Newcastle_535,THE SUN (Templegate),THE SUN (Templegate),Lord Capulet,False,PLACE,2,2.62,-1.0,King'S School,6.0
2026-05-19,Newcastle,3.00,,THE STAR (Jason Heavey),THE STAR (Jason Heavey),Ticker Tape,False,UNMATCHED,,,0.0,,
2026-05-19,Newcastle,3.30,,THE STAR (Jason Heavey),THE STAR (Jason Heavey),Martial Order,False,UNMATCHED,,,0.0,,
2026-05-19,Newcastle,4.00,,THE STAR (Jason Heavey),THE STAR (Jason Heavey),Spaceman,False,UNMATCHED,,,0.0,,
2026-05-19,Newcastle,4.35,2026-05-19_Newcastle_435,THE STAR (Jason Heavey),THE STAR (Jason Heavey),Oasis Cover,False,LOSE,10,5.0,-1.0,Houndhill,4.0
2026-05-19,Newcastle,5.05,2026-05-19_Newcastle_505,THE STAR (Jason Heavey),THE STAR (Jason Heavey),Fizzy Cristal,False,WIN,1,12.0,11.0,Fizzy Cristal,12.0
2026-05-19,Newcastle,5.35,2026-05-19_Newcastle_535,THE STAR (Jason Heavey),THE STAR (Jason Heavey),Palmarian,False,LOSE,8,21.0,-1.0,King'S School,6.0
2026-05-19,Newcastle,2.30,2026-05-19_Newcastle_230,DAILY RECORD (Garry Owen),DAILY RECORD (Garry Owen),Of Jupiter,False,LOSE,5,5.5,-1.0,Edwardtheninth,2.5
2026-05-19,Newcastle,3.00,,DAILY RECORD (Garry Owen),DAILY RECORD (Garry Owen),Littlecote,False,UNMATCHED,,,0.0,,
2026-05-19,Newcastle,3.30,,DAILY RECORD (Garry Owen),DAILY RECORD (Garry Owen),Martial Order,False,UNMATCHED,,,0.0,,
2026-05-19,Newcastle,4.00,,DAILY RECORD (Garry Owen),DAILY RECORD (Garry Owen),Spaceman,False,UNMATCHED,,,0.0,,
2026-05-19,Newcastle,4.35,2026-05-19_Newcastle_435,DAILY RECORD (Garry Owen),DAILY RECORD (Garry Owen),Golden Havana,False,PLACE,3,8.0,-1.0,Houndhill,4.0
2026-05-19,Newcastle,5.05,2026-05-19_Newcastle_505,DAILY RECORD (Garry Owen),DAILY RECORD (Garry Owen),Fizzy Cristal,False,WIN,1,12.0,11.0,Fizzy Cristal,12.0
2026-05-19,Newcastle,5.35,2026-05-19_Newcastle_535,DAILY RECORD (Garry Owen),DAILY RECORD (Garry Owen),Lord Capulet Page,False,PLACE,2,2.62,-1.0,King'S School,6.0
2026-05-19,Nottingham,2.20,,SPOTLIGHT,SPOTLIGHT,Adamlyi,False,UNMATCHED,,,0.0,,
2026-05-19,Nottingham,2.50,,SPOTLIGHT,SPOTLIGHT,Bay Royale,False,UNMATCHED,,,0.0,,
2026-05-19,Nottingham,3.20,2026-05-19_Nottingham_320,SPOTLIGHT,SPOTLIGHT,Sports Day,False,LOSE,6,3.75,-1.0,Mohaab,10.0
2026-05-19,Nottingham,3.50,2026-05-19_Nottingham_350,SPOTLIGHT,SPOTLIGHT,Capichera,True,PLACE,2,3.75,-1.0,Rosa Inglesa,4.0
2026-05-19,Nottingham,4.20,2026-05-19_Nottingham_420,SPOTLIGHT,SPOTLIGHT,Porth Eilian,False,DNF,DNF,11.0,0.0,Wondrous Light,5.0
2026-05-19,Nottingham,4.55,2026-05-19_Nottingham_455,SPOTLIGHT,SPOTLIGHT,Irish Dancer,False,DNF,DNF,4.0,0.0,Sonic Si,3.75
2026-05-19,Nottingham,3.20,2026-05-19_Nottingham_320,RP RATINGS,RP RATINGS (Paul Curtis),Sports Day,False,LOSE,6,3.75,-1.0,Mohaab,10.0
2026-05-19,Nottingham,3.50,2026-05-19_Nottingham_350,RP RATINGS,RP RATINGS (Paul Curtis),Capichera,False,PLACE,2,3.75,-1.0,Rosa Inglesa,4.0
2026-05-19,Nottingham,4.20,2026-05-19_Nottingham_420,RP RATINGS,RP RATINGS (Paul Curtis),Wondrous Light,False,WIN,1,5.0,4.0,Wondrous Light,5.0
2026-05-19,Nottingham,4.55,2026-05-19_Nottingham_455,RP RATINGS,RP RATINGS (Paul Curtis),Sonic Si,False,WIN,1,3.75,2.75,Sonic Si,3.75
2026-05-19,Nottingham,2.20,,TOPSPEED,TOPSPEED,Mountain,False,UNMATCHED,,,0.0,,
2026-05-19,Nottingham,3.50,2026-05-19_Nottingham_350,TOPSPEED,TOPSPEED,Chapter,False,LOSE,6,11.0,-1.0,Rosa Inglesa,4.0
2026-05-19,Nottingham,2.20,,POSTDATA,POSTDATA,Adamlyi,False,UNMATCHED,,,0.0,,
2026-05-19,Nottingham,2.50,,POSTDATA,POSTDATA,Bay Royale,False,UNMATCHED,,,0.0,,
2026-05-19,Nottingham,3.20,2026-05-19_Nottingham_320,POSTDATA,POSTDATA,Sports Day,False,LOSE,6,3.75,-1.0,Mohaab,10.0
2026-05-19,Nottingham,3.50,2026-05-19_Nottingham_350,POSTDATA,POSTDATA,Capichera,False,PLACE,2,3.75,-1.0,Rosa Inglesa,4.0
2026-05-19,Nottingham,4.20,2026-05-19_Nottingham_420,POSTDATA,POSTDATA,Wondrous Light,False,WIN,1,5.0,4.0,Wondrous Light,5.0
2026-05-19,Nottingham,4.55,2026-05-19_Nottingham_455,POSTDATA,POSTDATA,Irish Dancer,False,DNF,DNF,4.0,0.0,Sonic Si,3.75
2026-05-19,Nottingham,2.50,,LAMBOURN (Liam Headd),LAMBOURN (Liam Headd),Liam Mera Kai,False,UNMATCHED,,,0.0,,
2026-05-19,Nottingham,3.20,2026-05-19_Nottingham_320,LAMBOURN (Liam Headd),LAMBOURN (Liam Headd),Grindleton,False,PLACE,2,7.5,-1.0,Mohaab,10.0
2026-05-19,Nottingham,3.50,2026-05-19_Nottingham_350,LAMBOURN (Liam Headd),LAMBOURN (Liam Headd),Capichera,True,PLACE,2,3.75,-1.0,Rosa Inglesa,4.0
2026-05-19,Nottingham,4.20,2026-05-19_Nottingham_420,LAMBOURN (Liam Headd),LAMBOURN (Liam Headd),Ziata,False,LOSE,5,5.5,-1.0,Wondrous Light,5.0
2026-05-19,Nottingham,2.20,,NEWMARKET (David Milnes),NEWMARKET (David Milnes),Runman,False,UNMATCHED,,,0.0,,
2026-05-19,Nottingham,2.50,,NEWMARKET (David Milnes),NEWMARKET (David Milnes),Knights Charge,False,UNMATCHED,,,0.0,,
2026-05-19,Nottingham,3.20,2026-05-19_Nottingham_320,NEWMARKET (David Milnes),NEWMARKET (David Milnes),Sports Day,False,LOSE,6,3.75,-1.0,Mohaab,10.0
2026-05-19,Nottingham,3.50,2026-05-19_Nottingham_350,NEWMARKET (David Milnes),NEWMARKET (David Milnes),Runswick,False,PLACE,3,10.0,-1.0,Rosa Inglesa,4.0
2026-05-19,Nottingham,4.20,2026-05-19_Nottingham_420,NEWMARKET (David Milnes),NEWMARKET (David Milnes),Saliko,False,LOSE,9,15.0,-1.0,Wondrous Light,5.0
2026-05-19,Nottingham,4.55,2026-05-19_Nottingham_455,NEWMARKET (David Milnes),NEWMARKET (David Milnes),Chasing Gold,False,DNF,DNF,15.0,0.0,Sonic Si,3.75
2026-05-19,Nottingham,4.55,2026-05-19_Nottingham_455,WEST COUNTRY (Liam Watson),WEST COUNTRY (Liam Watson),Diamondsinthesand,False,LOSE,7,15.0,-1.0,Sonic Si,3.75
2026-05-19,Nottingham,2.50,,THE TIMES (Rob Wright),THE TIMES (Rob Wright),Bay Royale,False,UNMATCHED,,,0.0,,
2026-05-19,Nottingham,3.20,2026-05-19_Nottingham_320,THE TIMES (Rob Wright),THE TIMES (Rob Wright),Houndswood Willow,False,LOSE,11,6.5,-1.0,Mohaab,10.0
2026-05-19,Nottingham,3.50,2026-05-19_Nottingham_350,THE TIMES (Rob Wright),THE TIMES (Rob Wright),Chapter,False,LOSE,6,11.0,-1.0,Rosa Inglesa,4.0
2026-05-19,Nottingham,4.20,2026-05-19_Nottingham_420,THE TIMES (Rob Wright),THE TIMES (Rob Wright),Jamie Sommers,False,LOSE,11,6.0,-1.0,Wondrous Light,5.0
2026-05-19,Nottingham,4.55,2026-05-19_Nottingham_455,THE TIMES (Rob Wright),THE TIMES (Rob Wright),Sonic Si,False,WIN,1,3.75,2.75,Sonic Si,3.75
2026-05-19,Nottingham,2.50,,TELEGRAPH (Marlborough),TELEGRAPH (Marlborough),Knights Charge,False,UNMATCHED,,,0.0,,
2026-05-19,Nottingham,3.20,2026-05-19_Nottingham_320,TELEGRAPH (Marlborough),TELEGRAPH (Marlborough),Grindleton,False,PLACE,2,7.5,-1.0,Mohaab,10.0
2026-05-19,Nottingham,3.50,2026-05-19_Nottingham_350,TELEGRAPH (Marlborough),TELEGRAPH (Marlborough),Runswick,False,PLACE,3,10.0,-1.0,Rosa Inglesa,4.0
2026-05-19,Nottingham,4.20,2026-05-19_Nottingham_420,TELEGRAPH (Marlborough),TELEGRAPH (Marlborough),Porth Eilian,False,DNF,DNF,11.0,0.0,Wondrous Light,5.0
2026-05-19,Nottingham,4.55,2026-05-19_Nottingham_455,TELEGRAPH (Marlborough),TELEGRAPH (Marlborough),Masterclass,False,LOSE,4,3.0,-1.0,Sonic Si,3.75
2026-05-19,Nottingham,2.50,,THE GUARDIAN,THE GUARDIAN,Outflank,False,UNMATCHED,,,0.0,,
2026-05-19,Nottingham,3.20,2026-05-19_Nottingham_320,THE GUARDIAN,THE GUARDIAN,Sports Day,False,LOSE,6,3.75,-1.0,Mohaab,10.0
2026-05-19,Nottingham,3.50,2026-05-19_Nottingham_350,THE GUARDIAN,THE GUARDIAN,Domination,False,LOSE,4,9.0,-1.0,Rosa Inglesa,4.0
2026-05-19,Nottingham,4.20,2026-05-19_Nottingham_420,THE GUARDIAN,THE GUARDIAN,Porth Eilian,False,DNF,DNF,11.0,0.0,Wondrous Light,5.0
2026-05-19,Nottingham,4.55,2026-05-19_Nottingham_455,THE GUARDIAN,THE GUARDIAN,Barmyblade,False,LOSE,12,8.5,-1.0,Sonic Si,3.75
2026-05-19,Nottingham,2.20,,DAILY MAIL (Robin Goodfellow),DAILY MAIL (Robin Goodfellow),Adamlyi,False,UNMATCHED,,,0.0,,
2026-05-19,Nottingham,2.50,,DAILY MAIL (Robin Goodfellow),DAILY MAIL (Robin Goodfellow),Cloud Forest,False,UNMATCHED,,,0.0,,
2026-05-19,Nottingham,3.20,2026-05-19_Nottingham_320,DAILY MAIL (Robin Goodfellow),DAILY MAIL (Robin Goodfellow),Stepanov,False,PLACE,3,5.0,-1.0,Mohaab,10.0
2026-05-19,Nottingham,3.50,2026-05-19_Nottingham_350,DAILY MAIL (Robin Goodfellow),DAILY MAIL (Robin Goodfellow),North Force,False,LOSE,8,4.33,-1.0,Rosa Inglesa,4.0
2026-05-19,Nottingham,4.20,2026-05-19_Nottingham_420,DAILY MAIL (Robin Goodfellow),DAILY MAIL (Robin Goodfellow),Ziata,False,LOSE,5,5.5,-1.0,Wondrous Light,5.0
2026-05-19,Nottingham,4.55,2026-05-19_Nottingham_455,DAILY MAIL (Robin Goodfellow),DAILY MAIL (Robin Goodfellow),Irish Dancer,False,DNF,DNF,4.0,0.0,Sonic Si,3.75
2026-05-19,Nottingham,2.20,,D EXPRESS (Melissa Jones),D EXPRESS (Melissa Jones),Moreedd,False,UNMATCHED,,,0.0,,
2026-05-19,Nottingham,2.50,,D EXPRESS (Melissa Jones),D EXPRESS (Melissa Jones),Cloud Forest,False,UNMATCHED,,,0.0,,
2026-05-19,Nottingham,3.20,2026-05-19_Nottingham_320,D EXPRESS (Melissa Jones),D EXPRESS (Melissa Jones),Aurelune,False,LOSE,7,17.0,-1.0,Mohaab,10.0
2026-05-19,Nottingham,3.50,2026-05-19_Nottingham_350,D EXPRESS (Melissa Jones),D EXPRESS (Melissa Jones),Rosa Inglesa,False,WIN,1,4.0,3.0,Rosa Inglesa,4.0
2026-05-19,Nottingham,4.20,2026-05-19_Nottingham_420,D EXPRESS (Melissa Jones),D EXPRESS (Melissa Jones),Porth Eilian,False,DNF,DNF,11.0,0.0,Wondrous Light,5.0
2026-05-19,Nottingham,4.55,2026-05-19_Nottingham_455,D EXPRESS (Melissa Jones),D EXPRESS (Melissa Jones),Masterclass,False,LOSE,4,3.0,-1.0,Sonic Si,3.75
2026-05-19,Nottingham,2.20,,DAILY MIRROR (Newsboy),DAILY MIRROR (Newsboy),Runman,False,UNMATCHED,,,0.0,,
2026-05-19,Nottingham,2.50,,DAILY MIRROR (Newsboy),DAILY MIRROR (Newsboy),Knights Charge,False,UNMATCHED,,,0.0,,
2026-05-19,Nottingham,3.20,2026-05-19_Nottingham_320,DAILY MIRROR (Newsboy),DAILY MIRROR (Newsboy),Sports Day,False,LOSE,6,3.75,-1.0,Mohaab,10.0
2026-05-19,Nottingham,3.50,2026-05-19_Nottingham_350,DAILY MIRROR (Newsboy),DAILY MIRROR (Newsboy),North Force,False,LOSE,8,4.33,-1.0,Rosa Inglesa,4.0
2026-05-19,Nottingham,4.20,2026-05-19_Nottingham_420,DAILY MIRROR (Newsboy),DAILY MIRROR (Newsboy),Wondrous Light,False,WIN,1,5.0,4.0,Wondrous Light,5.0
2026-05-19,Nottingham,4.55,2026-05-19_Nottingham_455,DAILY MIRROR (Newsboy),DAILY MIRROR (Newsboy),Irish Dancer,False,DNF,DNF,4.0,0.0,Sonic Si,3.75
2026-05-19,Nottingham,2.20,,THE SUN (Templegate),THE SUN (Templegate),Adamlyi,False,UNMATCHED,,,0.0,,
2026-05-19,Nottingham,2.50,,THE SUN (Templegate),THE SUN (Templegate),Knights Charge,False,UNMATCHED,,,0.0,,
2026-05-19,Nottingham,3.20,2026-05-19_Nottingham_320,THE SUN (Templegate),THE SUN (Templegate),Sports Day,False,LOSE,6,3.75,-1.0,Mohaab,10.0
2026-05-19,Nottingham,3.50,2026-05-19_Nottingham_350,THE SUN (Templegate),THE SUN (Templegate),North Force,False,LOSE,8,4.33,-1.0,Rosa Inglesa,4.0
2026-05-19,Nottingham,4.20,2026-05-19_Nottingham_420,THE SUN (Templegate),THE SUN (Templegate),Jamie Sommers,False,LOSE,11,6.0,-1.0,Wondrous Light,5.0
2026-05-19,Nottingham,4.55,2026-05-19_Nottingham_455,THE SUN (Templegate),THE SUN (Templegate),Irish Dancer,False,DNF,DNF,4.0,0.0,Sonic Si,3.75
2026-05-19,Nottingham,2.20,,THE STAR (Jason Heavey),THE STAR (Jason Heavey),Atlas Mountain,False,UNMATCHED,,,0.0,,
2026-05-19,Nottingham,2.50,,THE STAR (Jason Heavey),THE STAR (Jason Heavey),Bay Royale,False,UNMATCHED,,,0.0,,
2026-05-19,Nottingham,3.20,2026-05-19_Nottingham_320,THE STAR (Jason Heavey),THE STAR (Jason Heavey),Sports Day,False,LOSE,6,3.75,-1.0,Mohaab,10.0
2026-05-19,Nottingham,3.50,2026-05-19_Nottingham_350,THE STAR (Jason Heavey),THE STAR (Jason Heavey),Domination,False,LOSE,4,9.0,-1.0,Rosa Inglesa,4.0
2026-05-19,Nottingham,4.20,2026-05-19_Nottingham_420,THE STAR (Jason Heavey),THE STAR (Jason Heavey),Wondrous Light,False,WIN,1,5.0,4.0,Wondrous Light,5.0
2026-05-19,Nottingham,4.55,2026-05-19_Nottingham_455,THE STAR (Jason Heavey),THE STAR (Jason Heavey),Sonic Si,False,WIN,1,3.75,2.75,Sonic Si,3.75
2026-05-19,Nottingham,2.20,,DAILY RECORD (Garry Owen),DAILY RECORD (Garry Owen),Adamlyi,False,UNMATCHED,,,0.0,,
2026-05-19,Nottingham,2.50,,DAILY RECORD (Garry Owen),DAILY RECORD (Garry Owen),Bay Royale,False,UNMATCHED,,,0.0,,
2026-05-19,Nottingham,3.20,2026-05-19_Nottingham_320,DAILY RECORD (Garry Owen),DAILY RECORD (Garry Owen),Sports Day,False,LOSE,6,3.75,-1.0,Mohaab,10.0
2026-05-19,Nottingham,3.50,2026-05-19_Nottingham_350,DAILY RECORD (Garry Owen),DAILY RECORD (Garry Owen),North Force,True,LOSE,8,4.33,-1.0,Rosa Inglesa,4.0
2026-05-19,Nottingham,4.20,2026-05-19_Nottingham_420,DAILY RECORD (Garry Owen),DAILY RECORD (Garry Owen),Ziata,False,LOSE,5,5.5,-1.0,Wondrous Light,5.0
2026-05-19,Nottingham,4.55,2026-05-19_Nottingham_455,DAILY RECORD (Garry Owen),DAILY RECORD (Garry Owen),Irish Dancer Page,False,DNF,DNF,4.0,0.0,Sonic Si,3.75
2026-05-20,Ayr,1.42,rp_AYR_20260520_1.42,SPOTLIGHT,SPOTLIGHT,Ruler's Pride,False,WIN,1,1.3,0.3,Ruler's Pride,1.3
2026-05-20,Ayr,2.12,rp_AYR_20260520_2.12,SPOTLIGHT,SPOTLIGHT,Wee Mary,False,LOSE,,,-1.0,Jet Warrior,7.5
2026-05-20,Ayr,2.42,rp_AYR_20260520_2.42,SPOTLIGHT,SPOTLIGHT,Pearl Eye,False,LOSE,,,-1.0,Footwork,5.0
2026-05-20,Ayr,3.12,rp_AYR_20260520_3.12,SPOTLIGHT,SPOTLIGHT,Thunderstorm Katie,True,PLACE,2,2.1,-1.0,Military Girl,3.25
2026-05-20,Ayr,3.42,rp_AYR_20260520_3.42,SPOTLIGHT,SPOTLIGHT,Return To Unit,False,LOSE,,,-1.0,Geo,13.0
2026-05-20,Ayr,4.12,rp_AYR_20260520_4.12,SPOTLIGHT,SPOTLIGHT,Royal Blaze,False,LOSE,,,-1.0,Roaring Ralph,5.5
2026-05-20,Ayr,4.42,rp_AYR_20260520_4.42,SPOTLIGHT,SPOTLIGHT,Great,False,LOSE,,,-1.0,Native Honey,5.0
2026-05-20,Ayr,5.15,rp_AYR_20260520_5.15,SPOTLIGHT,SPOTLIGHT,Wolf Of Badenoch,False,PLACE,3,2.38,-1.0,Glorious Kitty,5.5
2026-05-20,Ayr,2.12,rp_AYR_20260520_2.12,RP RATINGS,RP RATINGS (Paul Curtis),Classy Clarets,False,PLACE,3,3.0,-1.0,Jet Warrior,7.5
2026-05-20,Ayr,2.42,rp_AYR_20260520_2.42,RP RATINGS,RP RATINGS (Paul Curtis),Pearl Eye,True,LOSE,,,-1.0,Footwork,5.0
2026-05-20,Ayr,3.12,rp_AYR_20260520_3.12,RP RATINGS,RP RATINGS (Paul Curtis),Military Girl,False,WIN,1,3.25,2.25,Military Girl,3.25
2026-05-20,Ayr,3.42,rp_AYR_20260520_3.42,RP RATINGS,RP RATINGS (Paul Curtis),Sir Paul Ramsey,False,LOSE,,,-1.0,Geo,13.0
2026-05-20,Ayr,4.12,rp_AYR_20260520_4.12,RP RATINGS,RP RATINGS (Paul Curtis),Kelpie Grey,False,LOSE,,,-1.0,Roaring Ralph,5.5
2026-05-20,Ayr,4.42,rp_AYR_20260520_4.42,RP RATINGS,RP RATINGS (Paul Curtis),Tattie Bogle,False,PLACE,2,4.5,-1.0,Native Honey,5.0
2026-05-20,Ayr,5.15,rp_AYR_20260520_5.15,RP RATINGS,RP RATINGS (Paul Curtis),Wolf Of Badenoch,False,PLACE,3,2.38,-1.0,Glorious Kitty,5.5
2026-05-20,Ayr,2.42,rp_AYR_20260520_2.42,TOPSPEED,TOPSPEED,Pearl Eye,False,LOSE,,,-1.0,Footwork,5.0
2026-05-20,Ayr,3.42,rp_AYR_20260520_3.42,TOPSPEED,TOPSPEED,Penelope's Sister,False,LOSE,,,-1.0,Geo,13.0
2026-05-20,Ayr,4.12,rp_AYR_20260520_4.12,TOPSPEED,TOPSPEED,Kelpie Grey,False,LOSE,,,-1.0,Roaring Ralph,5.5
2026-05-20,Ayr,4.42,rp_AYR_20260520_4.42,TOPSPEED,TOPSPEED,Rwenearlytheredad,False,LOSE,,,-1.0,Native Honey,5.0
2026-05-20,Ayr,1.42,rp_AYR_20260520_1.42,POSTDATA,POSTDATA,Quiet Soul,False,LOSE,,,-1.0,Ruler's Pride,1.3
2026-05-20,Ayr,2.12,rp_AYR_20260520_2.12,POSTDATA,POSTDATA,Classy Clarets,False,PLACE,3,3.0,-1.0,Jet Warrior,7.5
2026-05-20,Ayr,2.42,rp_AYR_20260520_2.42,POSTDATA,POSTDATA,Pearl Eye,False,LOSE,,,-1.0,Footwork,5.0
2026-05-20,Ayr,3.12,rp_AYR_20260520_3.12,POSTDATA,POSTDATA,Thunderstorm Katie,False,PLACE,2,2.1,-1.0,Military Girl,3.25
2026-05-20,Ayr,3.42,rp_AYR_20260520_3.42,POSTDATA,POSTDATA,Hale End,False,PLACE,2,2.88,-1.0,Geo,13.0
2026-05-20,Ayr,4.12,rp_AYR_20260520_4.12,POSTDATA,POSTDATA,Kelpie Grey,False,LOSE,,,-1.0,Roaring Ralph,5.5
2026-05-20,Ayr,4.42,rp_AYR_20260520_4.42,POSTDATA,POSTDATA,Habrdi,False,PLACE,3,9.5,-1.0,Native Honey,5.0
2026-05-20,Ayr,5.15,rp_AYR_20260520_5.15,POSTDATA,POSTDATA,Mwafaq,False,PLACE,2,5.5,-1.0,Glorious Kitty,5.5
2026-05-20,Ayr,3.42,rp_AYR_20260520_3.42,NEWMARKET (David Milnes),NEWMARKET (David Milnes),Return To Unit,False,LOSE,,,-1.0,Geo,13.0
2026-05-20,Ayr,5.15,rp_AYR_20260520_5.15,THE NORTH (Colin Russell),THE NORTH (Colin Russell),Tap Dancer,True,LOSE,,,-1.0,Glorious Kitty,5.5
2026-05-20,Ayr,1.42,rp_AYR_20260520_1.42,THE TIMES (Rob Wright),THE TIMES (Rob Wright),Ruler's Pride,False,WIN,1,1.3,0.3,Ruler's Pride,1.3
2026-05-20,Ayr,2.12,rp_AYR_20260520_2.12,THE TIMES (Rob Wright),THE TIMES (Rob Wright),Summerstorms Dream,False,LOSE,,,-1.0,Jet Warrior,7.5
2026-05-20,Ayr,2.42,rp_AYR_20260520_2.42,THE TIMES (Rob Wright),THE TIMES (Rob Wright),2Candonomore,False,PLACE,3,6.0,-1.0,Footwork,5.0
2026-05-20,Ayr,3.12,rp_AYR_20260520_3.12,THE TIMES (Rob Wright),THE TIMES (Rob Wright),Donald,False,LOSE,,,-1.0,Military Girl,3.25
2026-05-20,Ayr,3.42,rp_AYR_20260520_3.42,THE TIMES (Rob Wright),THE TIMES (Rob Wright),Hale End,False,PLACE,2,2.88,-1.0,Geo,13.0
2026-05-20,Ayr,4.12,rp_AYR_20260520_4.12,THE TIMES (Rob Wright),THE TIMES (Rob Wright),Al Muqdad,False,PLACE,3,5.5,-1.0,Roaring Ralph,5.5
2026-05-20,Ayr,4.42,rp_AYR_20260520_4.42,THE TIMES (Rob Wright),THE TIMES (Rob Wright),Great,False,LOSE,,,-1.0,Native Honey,5.0
2026-05-20,Ayr,5.15,rp_AYR_20260520_5.15,THE TIMES (Rob Wright),THE TIMES (Rob Wright),Wolf Of Badenoch,False,PLACE,3,2.38,-1.0,Glorious Kitty,5.5
2026-05-20,Ayr,1.42,rp_AYR_20260520_1.42,TELEGRAPH (Marlborough),TELEGRAPH (Marlborough),Ruler's Pride,False,WIN,1,1.3,0.3,Ruler's Pride,1.3
2026-05-20,Ayr,2.12,rp_AYR_20260520_2.12,TELEGRAPH (Marlborough),TELEGRAPH (Marlborough),Doon The Glen,False,PLACE,2,11.0,-1.0,Jet Warrior,7.5
2026-05-20,Ayr,2.42,rp_AYR_20260520_2.42,TELEGRAPH (Marlborough),TELEGRAPH (Marlborough),Footwork,False,WIN,1,5.0,4.0,Footwork,5.0
2026-05-20,Ayr,3.12,rp_AYR_20260520_3.12,TELEGRAPH (Marlborough),TELEGRAPH (Marlborough),Military Girl,False,WIN,1,3.25,2.25,Military Girl,3.25
2026-05-20,Ayr,3.42,rp_AYR_20260520_3.42,TELEGRAPH (Marlborough),TELEGRAPH (Marlborough),Kaleido,False,LOSE,,,-1.0,Geo,13.0
2026-05-20,Ayr,4.12,rp_AYR_20260520_4.12,TELEGRAPH (Marlborough),TELEGRAPH (Marlborough),Kelpie Grey,False,LOSE,,,-1.0,Roaring Ralph,5.5
2026-05-20,Ayr,4.42,rp_AYR_20260520_4.42,TELEGRAPH (Marlborough),TELEGRAPH (Marlborough),Habrdi,False,PLACE,3,9.5,-1.0,Native Honey,5.0
2026-05-20,Ayr,5.15,rp_AYR_20260520_5.15,TELEGRAPH (Marlborough),TELEGRAPH (Marlborough),Wolf Of Badenoch,False,PLACE,3,2.38,-1.0,Glorious Kitty,5.5
2026-05-20,Ayr,1.42,rp_AYR_20260520_1.42,THE GUARDIAN,THE GUARDIAN,Quiet Soul,False,LOSE,,,-1.0,Ruler's Pride,1.3
2026-05-20,Ayr,2.12,rp_AYR_20260520_2.12,THE GUARDIAN,THE GUARDIAN,Classy Clarets,False,PLACE,3,3.0,-1.0,Jet Warrior,7.5
2026-05-20,Ayr,2.42,rp_AYR_20260520_2.42,THE GUARDIAN,THE GUARDIAN,Candonomore,False,PLACE,3,6.0,-1.0,Footwork,5.0
2026-05-20,Ayr,3.12,rp_AYR_20260520_3.12,THE GUARDIAN,THE GUARDIAN,Thunderstorm Katie,False,PLACE,2,2.1,-1.0,Military Girl,3.25
2026-05-20,Ayr,3.42,rp_AYR_20260520_3.42,THE GUARDIAN,THE GUARDIAN,Hale End,False,PLACE,2,2.88,-1.0,Geo,13.0
2026-05-20,Ayr,4.12,rp_AYR_20260520_4.12,THE GUARDIAN,THE GUARDIAN,Royal Blaze,False,LOSE,,,-1.0,Roaring Ralph,5.5
2026-05-20,Ayr,4.42,rp_AYR_20260520_4.42,THE GUARDIAN,THE GUARDIAN,Native Honey,False,WIN,1,5.0,4.0,Native Honey,5.0
2026-05-20,Ayr,5.15,rp_AYR_20260520_5.15,THE GUARDIAN,THE GUARDIAN,Tap Dancer,False,LOSE,,,-1.0,Glorious Kitty,5.5
2026-05-20,Ayr,1.42,rp_AYR_20260520_1.42,DAILY MAIL (Robin Goodfellow),DAILY MAIL (Robin Goodfellow),Ruler's Pride,False,WIN,1,1.3,0.3,Ruler's Pride,1.3
2026-05-20,Ayr,2.12,rp_AYR_20260520_2.12,DAILY MAIL (Robin Goodfellow),DAILY MAIL (Robin Goodfellow),Classy Clarets,False,PLACE,3,3.0,-1.0,Jet Warrior,7.5
2026-05-20,Ayr,2.42,rp_AYR_20260520_2.42,DAILY MAIL (Robin Goodfellow),DAILY MAIL (Robin Goodfellow),Pearl Eye,False,LOSE,,,-1.0,Footwork,5.0
2026-05-20,Ayr,3.12,rp_AYR_20260520_3.12,DAILY MAIL (Robin Goodfellow),DAILY MAIL (Robin Goodfellow),Classy Al,False,LOSE,,,-1.0,Military Girl,3.25
2026-05-20,Ayr,3.42,rp_AYR_20260520_3.42,DAILY MAIL (Robin Goodfellow),DAILY MAIL (Robin Goodfellow),Garden Oasis,False,PLACE,3,17.0,-1.0,Geo,13.0
2026-05-20,Ayr,4.12,rp_AYR_20260520_4.12,DAILY MAIL (Robin Goodfellow),DAILY MAIL (Robin Goodfellow),Kelpie Grey,False,LOSE,,,-1.0,Roaring Ralph,5.5
2026-05-20,Ayr,4.42,rp_AYR_20260520_4.42,DAILY MAIL (Robin Goodfellow),DAILY MAIL (Robin Goodfellow),Native Honey,False,WIN,1,5.0,4.0,Native Honey,5.0
2026-05-20,Ayr,5.15,rp_AYR_20260520_5.15,DAILY MAIL (Robin Goodfellow),DAILY MAIL (Robin Goodfellow),Glorious Kitty,False,WIN,1,5.5,4.5,Glorious Kitty,5.5
2026-05-20,Ayr,1.42,rp_AYR_20260520_1.42,D EXPRESS (Melissa Jones),D EXPRESS (Melissa Jones),Ruler's Pride,False,WIN,1,1.3,0.3,Ruler's Pride,1.3
2026-05-20,Ayr,2.12,rp_AYR_20260520_2.12,D EXPRESS (Melissa Jones),D EXPRESS (Melissa Jones),Doon The Glen,False,PLACE,2,11.0,-1.0,Jet Warrior,7.5
2026-05-20,Ayr,2.42,rp_AYR_20260520_2.42,D EXPRESS (Melissa Jones),D EXPRESS (Melissa Jones),Candonomore,False,PLACE,3,6.0,-1.0,Footwork,5.0
2026-05-20,Ayr,3.12,rp_AYR_20260520_3.12,D EXPRESS (Melissa Jones),D EXPRESS (Melissa Jones),Thunderstorm Katie,False,PLACE,2,2.1,-1.0,Military Girl,3.25
2026-05-20,Ayr,3.42,rp_AYR_20260520_3.42,D EXPRESS (Melissa Jones),D EXPRESS (Melissa Jones),Return To Unit,False,LOSE,,,-1.0,Geo,13.0
2026-05-20,Ayr,4.12,rp_AYR_20260520_4.12,D EXPRESS (Melissa Jones),D EXPRESS (Melissa Jones),Al Muqdad,True,PLACE,3,5.5,-1.0,Roaring Ralph,5.5
2026-05-20,Ayr,4.42,rp_AYR_20260520_4.42,D EXPRESS (Melissa Jones),D EXPRESS (Melissa Jones),Great,False,LOSE,,,-1.0,Native Honey,5.0
2026-05-20,Ayr,5.15,rp_AYR_20260520_5.15,D EXPRESS (Melissa Jones),D EXPRESS (Melissa Jones),Wolf Of Badenoch,False,PLACE,3,2.38,-1.0,Glorious Kitty,5.5
2026-05-20,Ayr,1.42,rp_AYR_20260520_1.42,DAILY MIRROR (Newsboy),DAILY MIRROR (Newsboy),Ruler's Pride,False,WIN,1,1.3,0.3,Ruler's Pride,1.3
2026-05-20,Ayr,2.12,rp_AYR_20260520_2.12,DAILY MIRROR (Newsboy),DAILY MIRROR (Newsboy),Classy Clarets,False,PLACE,3,3.0,-1.0,Jet Warrior,7.5
2026-05-20,Ayr,2.42,rp_AYR_20260520_2.42,DAILY MIRROR (Newsboy),DAILY MIRROR (Newsboy),Cisco Disco,False,LOSE,,,-1.0,Footwork,5.0
2026-05-20,Ayr,3.12,rp_AYR_20260520_3.12,DAILY MIRROR (Newsboy),DAILY MIRROR (Newsboy),Hi Lord,False,LOSE,,,-1.0,Military Girl,3.25
2026-05-20,Ayr,3.42,rp_AYR_20260520_3.42,DAILY MIRROR (Newsboy),DAILY MIRROR (Newsboy),Return To Unit,False,LOSE,,,-1.0,Geo,13.0
2026-05-20,Ayr,4.12,rp_AYR_20260520_4.12,DAILY MIRROR (Newsboy),DAILY MIRROR (Newsboy),Kelpie Grey,False,LOSE,,,-1.0,Roaring Ralph,5.5
2026-05-20,Ayr,4.42,rp_AYR_20260520_4.42,DAILY MIRROR (Newsboy),DAILY MIRROR (Newsboy),Tattie Bogle,False,PLACE,2,4.5,-1.0,Native Honey,5.0
2026-05-20,Ayr,5.15,rp_AYR_20260520_5.15,DAILY MIRROR (Newsboy),DAILY MIRROR (Newsboy),Wolf Of Badenoch,False,PLACE,3,2.38,-1.0,Glorious Kitty,5.5
2026-05-20,Ayr,1.42,rp_AYR_20260520_1.42,THE SUN (Templegate),THE SUN (Templegate),Quiet Soul,False,LOSE,,,-1.0,Ruler's Pride,1.3
2026-05-20,Ayr,2.12,rp_AYR_20260520_2.12,THE SUN (Templegate),THE SUN (Templegate),Summerstorms Dream,False,LOSE,,,-1.0,Jet Warrior,7.5
2026-05-20,Ayr,2.42,rp_AYR_20260520_2.42,THE SUN (Templegate),THE SUN (Templegate),Pearl Eye,True,LOSE,,,-1.0,Footwork,5.0
2026-05-20,Ayr,3.12,rp_AYR_20260520_3.12,THE SUN (Templegate),THE SUN (Templegate),Hi Lord,False,LOSE,,,-1.0,Military Girl,3.25
2026-05-20,Ayr,3.42,rp_AYR_20260520_3.42,THE SUN (Templegate),THE SUN (Templegate),Hale End,False,PLACE,2,2.88,-1.0,Geo,13.0
2026-05-20,Ayr,4.12,rp_AYR_20260520_4.12,THE SUN (Templegate),THE SUN (Templegate),Novak,False,PLACE,2,12.0,-1.0,Roaring Ralph,5.5
2026-05-20,Ayr,4.42,rp_AYR_20260520_4.42,THE SUN (Templegate),THE SUN (Templegate),Tattie Bogle,False,PLACE,2,4.5,-1.0,Native Honey,5.0
2026-05-20,Ayr,5.15,rp_AYR_20260520_5.15,THE SUN (Templegate),THE SUN (Templegate),Wolf Of Badenoch,False,PLACE,3,2.38,-1.0,Glorious Kitty,5.5
2026-05-20,Ayr,1.42,rp_AYR_20260520_1.42,THE STAR (Jason Heavey),THE STAR (Jason Heavey),Ruler's Pride,False,WIN,1,1.3,0.3,Ruler's Pride,1.3
2026-05-20,Ayr,2.12,rp_AYR_20260520_2.12,THE STAR (Jason Heavey),THE STAR (Jason Heavey),Doon The Glen,False,PLACE,2,11.0,-1.0,Jet Warrior,7.5
2026-05-20,Ayr,2.42,rp_AYR_20260520_2.42,THE STAR (Jason Heavey),THE STAR (Jason Heavey),Candonomore,False,PLACE,3,6.0,-1.0,Footwork,5.0
2026-05-20,Ayr,3.12,rp_AYR_20260520_3.12,THE STAR (Jason Heavey),THE STAR (Jason Heavey),Thunderstorm Katie,True,PLACE,2,2.1,-1.0,Military Girl,3.25
2026-05-20,Ayr,3.42,rp_AYR_20260520_3.42,THE STAR (Jason Heavey),THE STAR (Jason Heavey),Return To Unit,False,LOSE,,,-1.0,Geo,13.0
2026-05-20,Ayr,4.12,rp_AYR_20260520_4.12,THE STAR (Jason Heavey),THE STAR (Jason Heavey),Maui Breeze,False,LOSE,,,-1.0,Roaring Ralph,5.5
2026-05-20,Ayr,4.42,rp_AYR_20260520_4.42,THE STAR (Jason Heavey),THE STAR (Jason Heavey),Native Honey,False,WIN,1,5.0,4.0,Native Honey,5.0
2026-05-20,Ayr,5.15,rp_AYR_20260520_5.15,THE STAR (Jason Heavey),THE STAR (Jason Heavey),Mwafaq,False,PLACE,2,5.5,-1.0,Glorious Kitty,5.5
2026-05-20,Ayr,1.42,rp_AYR_20260520_1.42,DAILY RECORD (Garry Owen),DAILY RECORD (Garry Owen),Ruler's Pride,False,WIN,1,1.3,0.3,Ruler's Pride,1.3
2026-05-20,Ayr,2.12,rp_AYR_20260520_2.12,DAILY RECORD (Garry Owen),DAILY RECORD (Garry Owen),Classy Clarets,False,PLACE,3,3.0,-1.0,Jet Warrior,7.5
2026-05-20,Ayr,2.42,rp_AYR_20260520_2.42,DAILY RECORD (Garry Owen),DAILY RECORD (Garry Owen),Candonomore,False,PLACE,3,6.0,-1.0,Footwork,5.0
2026-05-20,Ayr,3.12,rp_AYR_20260520_3.12,DAILY RECORD (Garry Owen),DAILY RECORD (Garry Owen),Thunderstorm Katie,False,PLACE,2,2.1,-1.0,Military Girl,3.25
2026-05-20,Ayr,3.42,rp_AYR_20260520_3.42,DAILY RECORD (Garry Owen),DAILY RECORD (Garry Owen),Return To Unit,True,LOSE,,,-1.0,Geo,13.0
2026-05-20,Ayr,4.12,rp_AYR_20260520_4.12,DAILY RECORD (Garry Owen),DAILY RECORD (Garry Owen),Kelpie Grey,False,LOSE,,,-1.0,Roaring Ralph,5.5
2026-05-20,Ayr,4.42,rp_AYR_20260520_4.42,DAILY RECORD (Garry Owen),DAILY RECORD (Garry Owen),Habrdi,False,PLACE,3,9.5,-1.0,Native Honey,5.0
2026-05-20,Ayr,5.15,rp_AYR_20260520_5.15,DAILY RECORD (Garry Owen),DAILY RECORD (Garry Owen),Wolf Of Badenoch Page,False,PLACE,3,2.38,-1.0,Glorious Kitty,5.5
2026-05-20,Ffos Las,2.50,rp_FFO_20260520_2.50,SPOTLIGHT,SPOTLIGHT,Red Rubio,True,PLACE,2,2.62,-1.0,October Hill,11.0
2026-05-20,Ffos Las,3.20,rp_FFO_20260520_3.20,SPOTLIGHT,SPOTLIGHT,One Knight,False,LOSE,,,-1.0,The Flaggy Shore,2.5
2026-05-20,Ffos Las,3.50,rp_FFO_20260520_3.50,SPOTLIGHT,SPOTLIGHT,Good Girl Rachel,False,LOSE,,,-1.0,Green Asset,6.5
2026-05-20,Ffos Las,4.20,rp_FFO_20260520_4.20,SPOTLIGHT,SPOTLIGHT,Loki's Mischief,False,WIN,1,2.75,1.75,Loki's Mischief,2.75
2026-05-20,Ffos Las,4.50,rp_FFO_20260520_4.50,SPOTLIGHT,SPOTLIGHT,Bridget Mary,False,LOSE,,,-1.0,Lynsey Larue,10.0
2026-05-20,Ffos Las,5.22,rp_FFO_20260520_5.22,SPOTLIGHT,SPOTLIGHT,Forest Spirit,False,PLACE,2,3.75,-1.0,Kates Choice,5.0
2026-05-20,Ffos Las,3.20,rp_FFO_20260520_3.20,RP RATINGS,RP RATINGS (Paul Curtis),One Knight,False,LOSE,,,-1.0,The Flaggy Shore,2.5
2026-05-20,Ffos Las,3.50,rp_FFO_20260520_3.50,RP RATINGS,RP RATINGS (Paul Curtis),Glenmuick,False,LOSE,,,-1.0,Green Asset,6.5
2026-05-20,Ffos Las,4.20,rp_FFO_20260520_4.20,RP RATINGS,RP RATINGS (Paul Curtis),Loki's Mischief,False,WIN,1,2.75,1.75,Loki's Mischief,2.75
2026-05-20,Ffos Las,4.50,rp_FFO_20260520_4.50,RP RATINGS,RP RATINGS (Paul Curtis),Bridget Mary,False,LOSE,,,-1.0,Lynsey Larue,10.0
2026-05-20,Ffos Las,5.22,rp_FFO_20260520_5.22,RP RATINGS,RP RATINGS (Paul Curtis),Mystical Mabel,False,LOSE,,,-1.0,Kates Choice,5.0
2026-05-20,Ffos Las,4.20,rp_FFO_20260520_4.20,TOPSPEED,TOPSPEED,Loki's Mischief,False,WIN,1,2.75,1.75,Loki's Mischief,2.75
2026-05-20,Ffos Las,4.50,rp_FFO_20260520_4.50,TOPSPEED,TOPSPEED,Shesupincourt,False,LOSE,,,-1.0,Lynsey Larue,10.0
2026-05-20,Ffos Las,2.50,rp_FFO_20260520_2.50,POSTDATA,POSTDATA,Lion Of The Desert,False,LOSE,,,-1.0,October Hill,11.0
2026-05-20,Ffos Las,3.20,rp_FFO_20260520_3.20,POSTDATA,POSTDATA,One Knight,False,LOSE,,,-1.0,The Flaggy Shore,2.5
2026-05-20,Ffos Las,3.50,rp_FFO_20260520_3.50,POSTDATA,POSTDATA,Glenmuick,False,LOSE,,,-1.0,Green Asset,6.5
2026-05-20,Ffos Las,4.20,rp_FFO_20260520_4.20,POSTDATA,POSTDATA,Jack's Jury,False,LOSE,,,-1.0,Loki's Mischief,2.75
2026-05-20,Ffos Las,4.50,rp_FFO_20260520_4.50,POSTDATA,POSTDATA,O'Grady's Hill,False,LOSE,,,-1.0,Lynsey Larue,10.0
2026-05-20,Ffos Las,5.22,rp_FFO_20260520_5.22,POSTDATA,POSTDATA,Forest Spirit,False,PLACE,2,3.75,-1.0,Kates Choice,5.0
2026-05-20,Ffos Las,2.50,rp_FFO_20260520_2.50,WEST COUNTRY (Liam Watson),WEST COUNTRY (Liam Watson),Lion Of The Desert,True,LOSE,,,-1.0,October Hill,11.0
2026-05-20,Ffos Las,3.50,rp_FFO_20260520_3.50,WEST COUNTRY (Liam Watson),WEST COUNTRY (Liam Watson),Hard Stare,False,PLACE,3,4.33,-1.0,Green Asset,6.5
2026-05-20,Ffos Las,4.20,rp_FFO_20260520_4.20,WEST COUNTRY (Liam Watson),WEST COUNTRY (Liam Watson),Hell Hound,False,LOSE,,,-1.0,Loki's Mischief,2.75
2026-05-20,Ffos Las,4.50,rp_FFO_20260520_4.50,WEST COUNTRY (Liam Watson),WEST COUNTRY (Liam Watson),Just A Memory,False,PLACE,2,13.0,-1.0,Lynsey Larue,10.0
2026-05-20,Ffos Las,5.22,rp_FFO_20260520_5.22,WEST COUNTRY (Liam Watson),WEST COUNTRY (Liam Watson),Miss Tiara,False,LOSE,,,-1.0,Kates Choice,5.0
2026-05-20,Ffos Las,2.50,rp_FFO_20260520_2.50,THE TIMES (Rob Wright),THE TIMES (Rob Wright),Rubio,False,PLACE,2,2.62,-1.0,October Hill,11.0
2026-05-20,Ffos Las,3.20,rp_FFO_20260520_3.20,THE TIMES (Rob Wright),THE TIMES (Rob Wright),The Flaggy Shore,False,WIN,1,2.5,1.5,The Flaggy Shore,2.5
2026-05-20,Ffos Las,3.50,rp_FFO_20260520_3.50,THE TIMES (Rob Wright),THE TIMES (Rob Wright),Glenmuick,False,LOSE,,,-1.0,Green Asset,6.5
2026-05-20,Ffos Las,4.20,rp_FFO_20260520_4.20,THE TIMES (Rob Wright),THE TIMES (Rob Wright),Jack's Jury,False,LOSE,,,-1.0,Loki's Mischief,2.75
2026-05-20,Ffos Las,4.50,rp_FFO_20260520_4.50,THE TIMES (Rob Wright),THE TIMES (Rob Wright),Lynsey Larue,False,WIN,1,10.0,9.0,Lynsey Larue,10.0
2026-05-20,Ffos Las,5.22,rp_FFO_20260520_5.22,THE TIMES (Rob Wright),THE TIMES (Rob Wright),Mystical Mabel,False,LOSE,,,-1.0,Kates Choice,5.0
2026-05-20,Ffos Las,2.50,rp_FFO_20260520_2.50,TELEGRAPH (Marlborough),TELEGRAPH (Marlborough),Of The Desert,False,LOSE,,,-1.0,October Hill,11.0
2026-05-20,Ffos Las,3.20,rp_FFO_20260520_3.20,TELEGRAPH (Marlborough),TELEGRAPH (Marlborough),Fiskardo,False,PLACE,2,5.0,-1.0,The Flaggy Shore,2.5
2026-05-20,Ffos Las,3.50,rp_FFO_20260520_3.50,TELEGRAPH (Marlborough),TELEGRAPH (Marlborough),Poet's Muse,False,LOSE,,,-1.0,Green Asset,6.5
2026-05-20,Ffos Las,4.20,rp_FFO_20260520_4.20,TELEGRAPH (Marlborough),TELEGRAPH (Marlborough),Hell Hound,False,LOSE,,,-1.0,Loki's Mischief,2.75
2026-05-20,Ffos Las,4.50,rp_FFO_20260520_4.50,TELEGRAPH (Marlborough),TELEGRAPH (Marlborough),Bridget Mary,False,LOSE,,,-1.0,Lynsey Larue,10.0
2026-05-20,Ffos Las,5.22,rp_FFO_20260520_5.22,TELEGRAPH (Marlborough),TELEGRAPH (Marlborough),Mystical Mabel,False,LOSE,,,-1.0,Kates Choice,5.0
2026-05-20,Ffos Las,2.50,rp_FFO_20260520_2.50,THE GUARDIAN,THE GUARDIAN,Rubio,False,PLACE,2,2.62,-1.0,October Hill,11.0
2026-05-20,Ffos Las,3.20,rp_FFO_20260520_3.20,THE GUARDIAN,THE GUARDIAN,Fiskardo,False,PLACE,2,5.0,-1.0,The Flaggy Shore,2.5
2026-05-20,Ffos Las,3.50,rp_FFO_20260520_3.50,THE GUARDIAN,THE GUARDIAN,Green Asset,False,WIN,1,6.5,5.5,Green Asset,6.5
2026-05-20,Ffos Las,4.20,rp_FFO_20260520_4.20,THE GUARDIAN,THE GUARDIAN,Loki's Mischief,False,WIN,1,2.75,1.75,Loki's Mischief,2.75
2026-05-20,Ffos Las,4.50,rp_FFO_20260520_4.50,THE GUARDIAN,THE GUARDIAN,Bridget Mary,False,LOSE,,,-1.0,Lynsey Larue,10.0
2026-05-20,Ffos Las,5.22,rp_FFO_20260520_5.22,THE GUARDIAN,THE GUARDIAN,Mystical Mabel,False,LOSE,,,-1.0,Kates Choice,5.0
2026-05-20,Ffos Las,2.50,rp_FFO_20260520_2.50,DAILY MAIL (Robin Goodfellow),DAILY MAIL (Robin Goodfellow),Leaf,False,LOSE,,,-1.0,October Hill,11.0
2026-05-20,Ffos Las,3.20,rp_FFO_20260520_3.20,DAILY MAIL (Robin Goodfellow),DAILY MAIL (Robin Goodfellow),One Knight,False,LOSE,,,-1.0,The Flaggy Shore,2.5
2026-05-20,Ffos Las,3.50,rp_FFO_20260520_3.50,DAILY MAIL (Robin Goodfellow),DAILY MAIL (Robin Goodfellow),Poet's Muse,False,LOSE,,,-1.0,Green Asset,6.5
2026-05-20,Ffos Las,4.20,rp_FFO_20260520_4.20,DAILY MAIL (Robin Goodfellow),DAILY MAIL (Robin Goodfellow),Loki's Mischief,False,WIN,1,2.75,1.75,Loki's Mischief,2.75
2026-05-20,Ffos Las,4.50,rp_FFO_20260520_4.50,DAILY MAIL (Robin Goodfellow),DAILY MAIL (Robin Goodfellow),Bridget Mary,False,LOSE,,,-1.0,Lynsey Larue,10.0
2026-05-20,Ffos Las,5.22,rp_FFO_20260520_5.22,DAILY MAIL (Robin Goodfellow),DAILY MAIL (Robin Goodfellow),Forest Spirit,False,PLACE,2,3.75,-1.0,Kates Choice,5.0
2026-05-20,Ffos Las,2.50,rp_FFO_20260520_2.50,D EXPRESS (Melissa Jones),D EXPRESS (Melissa Jones),Leaf,False,LOSE,,,-1.0,October Hill,11.0
2026-05-20,Ffos Las,3.20,rp_FFO_20260520_3.20,D EXPRESS (Melissa Jones),D EXPRESS (Melissa Jones),The Flaggy Shore,False,WIN,1,2.5,1.5,The Flaggy Shore,2.5
2026-05-20,Ffos Las,3.50,rp_FFO_20260520_3.50,D EXPRESS (Melissa Jones),D EXPRESS (Melissa Jones),Hard Stare,False,PLACE,3,4.33,-1.0,Green Asset,6.5
2026-05-20,Ffos Las,4.20,rp_FFO_20260520_4.20,D EXPRESS (Melissa Jones),D EXPRESS (Melissa Jones),Loki's Mischief,False,WIN,1,2.75,1.75,Loki's Mischief,2.75
2026-05-20,Ffos Las,4.50,rp_FFO_20260520_4.50,D EXPRESS (Melissa Jones),D EXPRESS (Melissa Jones),Bridget Mary,False,LOSE,,,-1.0,Lynsey Larue,10.0
2026-05-20,Ffos Las,5.22,rp_FFO_20260520_5.22,D EXPRESS (Melissa Jones),D EXPRESS (Melissa Jones),Freddiemissmolli,False,LOSE,,,-1.0,Kates Choice,5.0
2026-05-20,Ffos Las,2.50,rp_FFO_20260520_2.50,DAILY MIRROR (Newsboy),DAILY MIRROR (Newsboy),Of The Desert,False,LOSE,,,-1.0,October Hill,11.0
2026-05-20,Ffos Las,3.20,rp_FFO_20260520_3.20,DAILY MIRROR (Newsboy),DAILY MIRROR (Newsboy),Fiskardo,False,PLACE,2,5.0,-1.0,The Flaggy Shore,2.5
2026-05-20,Ffos Las,3.50,rp_FFO_20260520_3.50,DAILY MIRROR (Newsboy),DAILY MIRROR (Newsboy),Green Asset,False,WIN,1,6.5,5.5,Green Asset,6.5
2026-05-20,Ffos Las,4.20,rp_FFO_20260520_4.20,DAILY MIRROR (Newsboy),DAILY MIRROR (Newsboy),Hell Hound,False,LOSE,,,-1.0,Loki's Mischief,2.75
2026-05-20,Ffos Las,4.50,rp_FFO_20260520_4.50,DAILY MIRROR (Newsboy),DAILY MIRROR (Newsboy),Bridget Mary,False,LOSE,,,-1.0,Lynsey Larue,10.0
2026-05-20,Ffos Las,5.22,rp_FFO_20260520_5.22,DAILY MIRROR (Newsboy),DAILY MIRROR (Newsboy),Forest Spirit,False,PLACE,2,3.75,-1.0,Kates Choice,5.0
2026-05-20,Ffos Las,2.50,rp_FFO_20260520_2.50,THE SUN (Templegate),THE SUN (Templegate),Leaf,False,LOSE,,,-1.0,October Hill,11.0
2026-05-20,Ffos Las,3.20,rp_FFO_20260520_3.20,THE SUN (Templegate),THE SUN (Templegate),Fiskardo,False,PLACE,2,5.0,-1.0,The Flaggy Shore,2.5
2026-05-20,Ffos Las,3.50,rp_FFO_20260520_3.50,THE SUN (Templegate),THE SUN (Templegate),Green Asset,False,WIN,1,6.5,5.5,Green Asset,6.5
2026-05-20,Ffos Las,4.20,rp_FFO_20260520_4.20,THE SUN (Templegate),THE SUN (Templegate),Loki's Mischief,False,WIN,1,2.75,1.75,Loki's Mischief,2.75
2026-05-20,Ffos Las,4.50,rp_FFO_20260520_4.50,THE SUN (Templegate),THE SUN (Templegate),Bridget Mary,False,LOSE,,,-1.0,Lynsey Larue,10.0
2026-05-20,Ffos Las,5.22,rp_FFO_20260520_5.22,THE SUN (Templegate),THE SUN (Templegate),Miss Tiara,False,LOSE,,,-1.0,Kates Choice,5.0
2026-05-20,Ffos Las,2.50,rp_FFO_20260520_2.50,THE STAR (Jason Heavey),THE STAR (Jason Heavey),Of The Desert,False,LOSE,,,-1.0,October Hill,11.0
2026-05-20,Ffos Las,3.20,rp_FFO_20260520_3.20,THE STAR (Jason Heavey),THE STAR (Jason Heavey),Fiskardo,False,PLACE,2,5.0,-1.0,The Flaggy Shore,2.5
2026-05-20,Ffos Las,3.50,rp_FFO_20260520_3.50,THE STAR (Jason Heavey),THE STAR (Jason Heavey),Blackacre,False,LOSE,,,-1.0,Green Asset,6.5
2026-05-20,Ffos Las,4.20,rp_FFO_20260520_4.20,THE STAR (Jason Heavey),THE STAR (Jason Heavey),Loki's Mischief,False,WIN,1,2.75,1.75,Loki's Mischief,2.75
2026-05-20,Ffos Las,4.50,rp_FFO_20260520_4.50,THE STAR (Jason Heavey),THE STAR (Jason Heavey),Lynsey Larue,False,WIN,1,10.0,9.0,Lynsey Larue,10.0
2026-05-20,Ffos Las,5.22,rp_FFO_20260520_5.22,THE STAR (Jason Heavey),THE STAR (Jason Heavey),Kates Choice,False,WIN,1,5.0,4.0,Kates Choice,5.0
2026-05-20,Ffos Las,2.50,rp_FFO_20260520_2.50,DAILY RECORD (Garry Owen),DAILY RECORD (Garry Owen),Of The Desert,False,LOSE,,,-1.0,October Hill,11.0
2026-05-20,Ffos Las,3.20,rp_FFO_20260520_3.20,DAILY RECORD (Garry Owen),DAILY RECORD (Garry Owen),Fiskardo,False,PLACE,2,5.0,-1.0,The Flaggy Shore,2.5
2026-05-20,Ffos Las,3.50,rp_FFO_20260520_3.50,DAILY RECORD (Garry Owen),DAILY RECORD (Garry Owen),Glenmuick,False,LOSE,,,-1.0,Green Asset,6.5
2026-05-20,Ffos Las,4.20,rp_FFO_20260520_4.20,DAILY RECORD (Garry Owen),DAILY RECORD (Garry Owen),Loki's Mischief,False,WIN,1,2.75,1.75,Loki's Mischief,2.75
2026-05-20,Ffos Las,4.50,rp_FFO_20260520_4.50,DAILY RECORD (Garry Owen),DAILY RECORD (Garry Owen),Bridget Mary,False,LOSE,,,-1.0,Lynsey Larue,10.0
2026-05-20,Ffos Las,5.22,rp_FFO_20260520_5.22,DAILY RECORD (Garry Owen),DAILY RECORD (Garry Owen),Forest Spirit Page,False,PLACE,2,3.75,-1.0,Kates Choice,5.0
2026-05-20,Gowran Park,5.10,rp_GOW_20260520_5.10,SPOTLIGHT,SPOTLIGHT,Independent Expert,False,LOSE,,,-1.0,Gloriously Glam,5.5
2026-05-20,Gowran Park,5.45,rp_GOW_20260520_5.45,SPOTLIGHT,SPOTLIGHT,Fleur De Provence,False,PLACE,2,3.75,-1.0,Sanctijude,2.75
2026-05-20,Gowran Park,6.20,rp_GOW_20260520_6.20,SPOTLIGHT,SPOTLIGHT,Big Cypress,False,PLACE,3,5.0,-1.0,Rolltight,2.1
2026-05-20,Gowran Park,6.50,rp_GOW_20260520_6.50,SPOTLIGHT,SPOTLIGHT,Alto Sax,False,LOSE,4,3.75,-1.0,Ballymagreehan,5.0
2026-05-20,Gowran Park,7.20,rp_GOW_20260520_7.20,SPOTLIGHT,SPOTLIGHT,Sparan Nua,False,WIN,1,3.0,2.0,Sparan Nua,3.0
2026-05-20,Gowran Park,7.50,rp_GOW_20260520_7.50,SPOTLIGHT,SPOTLIGHT,Celtic Druid,False,LOSE,,,-1.0,Earthsong,5.5
2026-05-20,Gowran Park,8.20,,SPOTLIGHT,SPOTLIGHT,Mephisto,True,UNMATCHED,,,0.0,,
2026-05-20,Gowran Park,5.10,rp_GOW_20260520_5.10,RP RATINGS,RP RATINGS (Paul Curtis),Expert,False,LOSE,,,-1.0,Gloriously Glam,5.5
2026-05-20,Gowran Park,5.45,rp_GOW_20260520_5.45,RP RATINGS,RP RATINGS (Paul Curtis),Fleur De Provence,False,PLACE,2,3.75,-1.0,Sanctijude,2.75
2026-05-20,Gowran Park,6.20,rp_GOW_20260520_6.20,RP RATINGS,RP RATINGS (Paul Curtis),Big Cypress,False,PLACE,3,5.0,-1.0,Rolltight,2.1
2026-05-20,Gowran Park,6.50,rp_GOW_20260520_6.50,RP RATINGS,RP RATINGS (Paul Curtis),Staywitherjohnny,False,LOSE,,,-1.0,Ballymagreehan,5.0
2026-05-20,Gowran Park,7.20,rp_GOW_20260520_7.20,RP RATINGS,RP RATINGS (Paul Curtis),Sparan Nua,False,WIN,1,3.0,2.0,Sparan Nua,3.0
2026-05-20,Gowran Park,7.50,rp_GOW_20260520_7.50,RP RATINGS,RP RATINGS (Paul Curtis),Master Sydney,False,LOSE,,,-1.0,Earthsong,5.5
2026-05-20,Gowran Park,8.20,,RP RATINGS,RP RATINGS (Paul Curtis),Mephisto,False,UNMATCHED,,,0.0,,
2026-05-20,Gowran Park,5.10,rp_GOW_20260520_5.10,TOPSPEED,TOPSPEED,Expert,False,LOSE,,,-1.0,Gloriously Glam,5.5
2026-05-20,Gowran Park,5.45,rp_GOW_20260520_5.45,TOPSPEED,TOPSPEED,Sanctijude,False,WIN,1,2.75,1.75,Sanctijude,2.75
2026-05-20,Gowran Park,6.20,rp_GOW_20260520_6.20,TOPSPEED,TOPSPEED,Big Cypress,False,PLACE,3,5.0,-1.0,Rolltight,2.1
2026-05-20,Gowran Park,5.10,rp_GOW_20260520_5.10,POSTDATA,POSTDATA,Gloriously Glam,False,WIN,1,5.5,4.5,Gloriously Glam,5.5
2026-05-20,Gowran Park,5.45,rp_GOW_20260520_5.45,POSTDATA,POSTDATA,Sanctijude,False,WIN,1,2.75,1.75,Sanctijude,2.75
2026-05-20,Gowran Park,6.20,rp_GOW_20260520_6.20,POSTDATA,POSTDATA,Big Cypress,False,PLACE,3,5.0,-1.0,Rolltight,2.1
2026-05-20,Gowran Park,6.50,rp_GOW_20260520_6.50,POSTDATA,POSTDATA,Staywitherjohnny,False,LOSE,,,-1.0,Ballymagreehan,5.0
2026-05-20,Gowran Park,7.20,rp_GOW_20260520_7.20,POSTDATA,POSTDATA,Lady Mairen,False,LOSE,,,-1.0,Sparan Nua,3.0
2026-05-20,Gowran Park,7.50,rp_GOW_20260520_7.50,POSTDATA,POSTDATA,Whats New,False,LOSE,,,-1.0,Earthsong,5.5
2026-05-20,Gowran Park,8.20,,POSTDATA,POSTDATA,Mephisto,False,UNMATCHED,,,0.0,,
2026-05-20,Gowran Park,5.10,rp_GOW_20260520_5.10,THE IRISH SUN,THE IRISH SUN,Profit Surge,False,PLACE,2,9.0,-1.0,Gloriously Glam,5.5
2026-05-20,Gowran Park,5.45,rp_GOW_20260520_5.45,THE IRISH SUN,THE IRISH SUN,Fleur De Provence,False,PLACE,2,3.75,-1.0,Sanctijude,2.75
2026-05-20,Gowran Park,6.20,rp_GOW_20260520_6.20,THE IRISH SUN,THE IRISH SUN,Hassaniya,False,LOSE,,,-1.0,Rolltight,2.1
2026-05-20,Gowran Park,6.50,rp_GOW_20260520_6.50,THE IRISH SUN,THE IRISH SUN,Staywitherjohnny,False,LOSE,,,-1.0,Ballymagreehan,5.0
2026-05-20,Gowran Park,7.20,rp_GOW_20260520_7.20,THE IRISH SUN,THE IRISH SUN,Vauntingly,False,LOSE,,,-1.0,Sparan Nua,3.0
2026-05-20,Gowran Park,7.50,rp_GOW_20260520_7.50,THE IRISH SUN,THE IRISH SUN,Quiz Test 1,False,LOSE,,,-1.0,Earthsong,5.5
2026-05-20,Gowran Park,8.20,,THE IRISH SUN,THE IRISH SUN,God The Highness Page,True,UNMATCHED,,,0.0,,
2026-05-20,Warwick,2.30,rp_WAR_20260520_2.30,SPOTLIGHT,SPOTLIGHT,Rebel Tribesman,False,WIN,1,1.33,0.33,Rebel Tribesman,1.33
2026-05-20,Warwick,3.00,rp_WAR_20260520_3.00,SPOTLIGHT,SPOTLIGHT,Tom Desjy,False,PLACE,2,1.8,-1.0,Yes And Yes,5.0
2026-05-20,Warwick,3.30,rp_WAR_20260520_3.30,SPOTLIGHT,SPOTLIGHT,Full Force Gale,False,LOSE,,,-1.0,Rangatira Jack,3.25
2026-05-20,Warwick,4.00,rp_WAR_20260520_4.00,SPOTLIGHT,SPOTLIGHT,Jimmy Hurdstrom,False,LOSE,,,-1.0,Il Va De Soi,4.0
2026-05-20,Warwick,4.30,rp_WAR_20260520_4.30,SPOTLIGHT,SPOTLIGHT,Allibaba,False,WIN,1,4.0,3.0,Allibaba,4.0
2026-05-20,Warwick,5.00,rp_WAR_20260520_5.00,SPOTLIGHT,SPOTLIGHT,Mojito Des Mottes,True,LOSE,,,-1.0,Brendas Asking,5.5
2026-05-20,Warwick,2.30,rp_WAR_20260520_2.30,RP RATINGS,RP RATINGS (Paul Curtis),Rebel Tribesman,False,WIN,1,1.33,0.33,Rebel Tribesman,1.33
2026-05-20,Warwick,3.00,rp_WAR_20260520_3.00,RP RATINGS,RP RATINGS (Paul Curtis),Tom Desjy,False,PLACE,2,1.8,-1.0,Yes And Yes,5.0
2026-05-20,Warwick,3.30,rp_WAR_20260520_3.30,RP RATINGS,RP RATINGS (Paul Curtis),Full Force Gale,False,LOSE,,,-1.0,Rangatira Jack,3.25
2026-05-20,Warwick,4.00,rp_WAR_20260520_4.00,RP RATINGS,RP RATINGS (Paul Curtis),Il Va De Soi,False,WIN,1,4.0,3.0,Il Va De Soi,4.0
2026-05-20,Warwick,4.30,rp_WAR_20260520_4.30,RP RATINGS,RP RATINGS (Paul Curtis),Allibaba,False,WIN,1,4.0,3.0,Allibaba,4.0
2026-05-20,Warwick,5.00,rp_WAR_20260520_5.00,RP RATINGS,RP RATINGS (Paul Curtis),Brendas Asking,False,WIN,1,5.5,4.5,Brendas Asking,5.5
2026-05-20,Warwick,3.30,rp_WAR_20260520_3.30,TOPSPEED,TOPSPEED,Rangatira Jack,False,WIN,1,3.25,2.25,Rangatira Jack,3.25
2026-05-20,Warwick,4.00,rp_WAR_20260520_4.00,TOPSPEED,TOPSPEED,King Of The Road,False,LOSE,,,-1.0,Il Va De Soi,4.0
2026-05-20,Warwick,5.00,rp_WAR_20260520_5.00,TOPSPEED,TOPSPEED,Kingston Sunflower,False,LOSE,,,-1.0,Brendas Asking,5.5
2026-05-20,Warwick,2.30,rp_WAR_20260520_2.30,POSTDATA,POSTDATA,Rebel Tribesman,False,WIN,1,1.33,0.33,Rebel Tribesman,1.33
2026-05-20,Warwick,3.00,rp_WAR_20260520_3.00,POSTDATA,POSTDATA,Edgewell,False,LOSE,,,-1.0,Yes And Yes,5.0
2026-05-20,Warwick,3.30,rp_WAR_20260520_3.30,POSTDATA,POSTDATA,Jack Doyen,False,LOSE,,,-1.0,Rangatira Jack,3.25
2026-05-20,Warwick,4.00,rp_WAR_20260520_4.00,POSTDATA,POSTDATA,Il Va De Soi,False,WIN,1,4.0,3.0,Il Va De Soi,4.0
2026-05-20,Warwick,4.30,rp_WAR_20260520_4.30,POSTDATA,POSTDATA,Louie The Legend,False,LOSE,,,-1.0,Allibaba,4.0
2026-05-20,Warwick,5.00,rp_WAR_20260520_5.00,POSTDATA,POSTDATA,High Fibre,False,LOSE,,,-1.0,Brendas Asking,5.5
2026-05-20,Warwick,2.30,rp_WAR_20260520_2.30,LAMBOURN (Liam Headd),LAMBOURN (Liam Headd),Rebel Tribesman,False,WIN,1,1.33,0.33,Rebel Tribesman,1.33
2026-05-20,Warwick,3.00,rp_WAR_20260520_3.00,LAMBOURN (Liam Headd),LAMBOURN (Liam Headd),Edgewell,False,LOSE,,,-1.0,Yes And Yes,5.0
2026-05-20,Warwick,4.00,rp_WAR_20260520_4.00,LAMBOURN (Liam Headd),LAMBOURN (Liam Headd),Il Va De Soi,False,WIN,1,4.0,3.0,Il Va De Soi,4.0
2026-05-20,Warwick,2.30,rp_WAR_20260520_2.30,WEST COUNTRY (Liam Watson),WEST COUNTRY (Liam Watson),Mr Rafiki,False,LOSE,,,-1.0,Rebel Tribesman,1.33
2026-05-20,Warwick,3.00,rp_WAR_20260520_3.00,WEST COUNTRY (Liam Watson),WEST COUNTRY (Liam Watson),The Moonlight Man,False,LOSE,,,-1.0,Yes And Yes,5.0
2026-05-20,Warwick,3.30,rp_WAR_20260520_3.30,WEST COUNTRY (Liam Watson),WEST COUNTRY (Liam Watson),Rangatira Jack,False,WIN,1,3.25,2.25,Rangatira Jack,3.25
2026-05-20,Warwick,4.00,rp_WAR_20260520_4.00,WEST COUNTRY (Liam Watson),WEST COUNTRY (Liam Watson),Champagne Twist,False,PLACE,2,11.0,-1.0,Il Va De Soi,4.0
2026-05-20,Warwick,4.30,rp_WAR_20260520_4.30,WEST COUNTRY (Liam Watson),WEST COUNTRY (Liam Watson),Onehundredneighty,False,LOSE,,,-1.0,Allibaba,4.0
2026-05-20,Warwick,5.00,rp_WAR_20260520_5.00,WEST COUNTRY (Liam Watson),WEST COUNTRY (Liam Watson),Mojito Des Mottes,False,LOSE,,,-1.0,Brendas Asking,5.5
2026-05-20,Warwick,2.30,rp_WAR_20260520_2.30,THE TIMES (Rob Wright),THE TIMES (Rob Wright),Rebel Tribesman,False,WIN,1,1.33,0.33,Rebel Tribesman,1.33
2026-05-20,Warwick,3.00,rp_WAR_20260520_3.00,THE TIMES (Rob Wright),THE TIMES (Rob Wright),Yes And Yes,False,WIN,1,5.0,4.0,Yes And Yes,5.0
2026-05-20,Warwick,3.30,rp_WAR_20260520_3.30,THE TIMES (Rob Wright),THE TIMES (Rob Wright),Full Force Gale,False,LOSE,,,-1.0,Rangatira Jack,3.25
2026-05-20,Warwick,4.00,rp_WAR_20260520_4.00,THE TIMES (Rob Wright),THE TIMES (Rob Wright),Il Va De Soi,False,WIN,1,4.0,3.0,Il Va De Soi,4.0
2026-05-20,Warwick,4.30,rp_WAR_20260520_4.30,THE TIMES (Rob Wright),THE TIMES (Rob Wright),Westerton,False,PLACE,2,9.5,-1.0,Allibaba,4.0
2026-05-20,Warwick,5.00,rp_WAR_20260520_5.00,THE TIMES (Rob Wright),THE TIMES (Rob Wright),Unjeu Royal,False,LOSE,,,-1.0,Brendas Asking,5.5
2026-05-20,Warwick,2.30,rp_WAR_20260520_2.30,TELEGRAPH (Marlborough),TELEGRAPH (Marlborough),Rebel Tribesman,False,WIN,1,1.33,0.33,Rebel Tribesman,1.33
2026-05-20,Warwick,3.00,rp_WAR_20260520_3.00,TELEGRAPH (Marlborough),TELEGRAPH (Marlborough),Yes And Yes,False,WIN,1,5.0,4.0,Yes And Yes,5.0
2026-05-20,Warwick,3.30,rp_WAR_20260520_3.30,TELEGRAPH (Marlborough),TELEGRAPH (Marlborough),Jack Doyen,False,LOSE,,,-1.0,Rangatira Jack,3.25
2026-05-20,Warwick,4.00,rp_WAR_20260520_4.00,TELEGRAPH (Marlborough),TELEGRAPH (Marlborough),Norman Fletcher,False,LOSE,,,-1.0,Il Va De Soi,4.0
2026-05-20,Warwick,4.30,rp_WAR_20260520_4.30,TELEGRAPH (Marlborough),TELEGRAPH (Marlborough),Westerton,False,PLACE,2,9.5,-1.0,Allibaba,4.0
2026-05-20,Warwick,5.00,rp_WAR_20260520_5.00,TELEGRAPH (Marlborough),TELEGRAPH (Marlborough),Mojito Des Mottes,False,LOSE,,,-1.0,Brendas Asking,5.5
2026-05-20,Warwick,2.30,rp_WAR_20260520_2.30,THE GUARDIAN,THE GUARDIAN,Rebel Tribesman,False,WIN,1,1.33,0.33,Rebel Tribesman,1.33
2026-05-20,Warwick,3.00,rp_WAR_20260520_3.00,THE GUARDIAN,THE GUARDIAN,Tom Desjy,False,PLACE,2,1.8,-1.0,Yes And Yes,5.0
2026-05-20,Warwick,3.30,rp_WAR_20260520_3.30,THE GUARDIAN,THE GUARDIAN,Full Force Gale,False,LOSE,,,-1.0,Rangatira Jack,3.25
2026-05-20,Warwick,4.00,rp_WAR_20260520_4.00,THE GUARDIAN,THE GUARDIAN,Il Va De Soi,False,WIN,1,4.0,3.0,Il Va De Soi,4.0
2026-05-20,Warwick,4.30,rp_WAR_20260520_4.30,THE GUARDIAN,THE GUARDIAN,Allibaba,False,WIN,1,4.0,3.0,Allibaba,4.0
2026-05-20,Warwick,5.00,rp_WAR_20260520_5.00,THE GUARDIAN,THE GUARDIAN,Mojito Des Mottes,False,LOSE,,,-1.0,Brendas Asking,5.5
2026-05-20,Warwick,2.30,rp_WAR_20260520_2.30,DAILY MAIL (Robin Goodfellow),DAILY MAIL (Robin Goodfellow),Rebel Tribesman,False,WIN,1,1.33,0.33,Rebel Tribesman,1.33
2026-05-20,Warwick,3.00,rp_WAR_20260520_3.00,DAILY MAIL (Robin Goodfellow),DAILY MAIL (Robin Goodfellow),Tom Desjy,False,PLACE,2,1.8,-1.0,Yes And Yes,5.0
2026-05-20,Warwick,3.30,rp_WAR_20260520_3.30,DAILY MAIL (Robin Goodfellow),DAILY MAIL (Robin Goodfellow),Full Force Gale,False,LOSE,,,-1.0,Rangatira Jack,3.25
2026-05-20,Warwick,4.00,rp_WAR_20260520_4.00,DAILY MAIL (Robin Goodfellow),DAILY MAIL (Robin Goodfellow),Il Va De Soi,False,WIN,1,4.0,3.0,Il Va De Soi,4.0
2026-05-20,Warwick,4.30,rp_WAR_20260520_4.30,DAILY MAIL (Robin Goodfellow),DAILY MAIL (Robin Goodfellow),Onehundredneighty,False,LOSE,,,-1.0,Allibaba,4.0
2026-05-20,Warwick,5.00,rp_WAR_20260520_5.00,DAILY MAIL (Robin Goodfellow),DAILY MAIL (Robin Goodfellow),Mojito Des Mottes,False,LOSE,,,-1.0,Brendas Asking,5.5
2026-05-20,Warwick,2.30,rp_WAR_20260520_2.30,D EXPRESS (Melissa Jones),D EXPRESS (Melissa Jones),Mr Rafiki,False,LOSE,,,-1.0,Rebel Tribesman,1.33
2026-05-20,Warwick,3.00,rp_WAR_20260520_3.00,D EXPRESS (Melissa Jones),D EXPRESS (Melissa Jones),Tom Desjy,False,PLACE,2,1.8,-1.0,Yes And Yes,5.0
2026-05-20,Warwick,3.30,rp_WAR_20260520_3.30,D EXPRESS (Melissa Jones),D EXPRESS (Melissa Jones),Full Force Gale,False,LOSE,,,-1.0,Rangatira Jack,3.25
2026-05-20,Warwick,4.00,rp_WAR_20260520_4.00,D EXPRESS (Melissa Jones),D EXPRESS (Melissa Jones),La Vish,False,LOSE,,,-1.0,Il Va De Soi,4.0
2026-05-20,Warwick,4.30,rp_WAR_20260520_4.30,D EXPRESS (Melissa Jones),D EXPRESS (Melissa Jones),Allibaba,False,WIN,1,4.0,3.0,Allibaba,4.0
2026-05-20,Warwick,5.00,rp_WAR_20260520_5.00,D EXPRESS (Melissa Jones),D EXPRESS (Melissa Jones),Mojito Des Mottes,False,LOSE,,,-1.0,Brendas Asking,5.5
2026-05-20,Warwick,2.30,rp_WAR_20260520_2.30,DAILY MIRROR (Newsboy),DAILY MIRROR (Newsboy),Rebel Tribesman,False,WIN,1,1.33,0.33,Rebel Tribesman,1.33
2026-05-20,Warwick,3.00,rp_WAR_20260520_3.00,DAILY MIRROR (Newsboy),DAILY MIRROR (Newsboy),Tom Desjy,False,PLACE,2,1.8,-1.0,Yes And Yes,5.0
2026-05-20,Warwick,3.30,rp_WAR_20260520_3.30,DAILY MIRROR (Newsboy),DAILY MIRROR (Newsboy),Full Force Gale,False,LOSE,,,-1.0,Rangatira Jack,3.25
2026-05-20,Warwick,4.00,rp_WAR_20260520_4.00,DAILY MIRROR (Newsboy),DAILY MIRROR (Newsboy),Il Va De Soi,False,WIN,1,4.0,3.0,Il Va De Soi,4.0
2026-05-20,Warwick,4.30,rp_WAR_20260520_4.30,DAILY MIRROR (Newsboy),DAILY MIRROR (Newsboy),Buxted Reel,False,LOSE,,,-1.0,Allibaba,4.0
2026-05-20,Warwick,5.00,rp_WAR_20260520_5.00,DAILY MIRROR (Newsboy),DAILY MIRROR (Newsboy),Bluegrass,False,LOSE,,,-1.0,Brendas Asking,5.5
2026-05-20,Warwick,2.30,rp_WAR_20260520_2.30,THE SUN (Templegate),THE SUN (Templegate),Tribesman,False,WIN,1,1.33,0.33,Rebel Tribesman,1.33
2026-05-20,Warwick,3.00,rp_WAR_20260520_3.00,THE SUN (Templegate),THE SUN (Templegate),Tom Desjy,False,PLACE,2,1.8,-1.0,Yes And Yes,5.0
2026-05-20,Warwick,3.30,rp_WAR_20260520_3.30,THE SUN (Templegate),THE SUN (Templegate),Full Force Gale,False,LOSE,,,-1.0,Rangatira Jack,3.25
2026-05-20,Warwick,4.00,rp_WAR_20260520_4.00,THE SUN (Templegate),THE SUN (Templegate),Il Va De Soi,False,WIN,1,4.0,3.0,Il Va De Soi,4.0
2026-05-20,Warwick,4.30,rp_WAR_20260520_4.30,THE SUN (Templegate),THE SUN (Templegate),Allibaba,False,WIN,1,4.0,3.0,Allibaba,4.0
2026-05-20,Warwick,5.00,rp_WAR_20260520_5.00,THE SUN (Templegate),THE SUN (Templegate),Mojito Des Mottes,False,LOSE,,,-1.0,Brendas Asking,5.5
2026-05-20,Warwick,3.00,rp_WAR_20260520_3.00,THE STAR (Jason Heavey),THE STAR (Jason Heavey),Tom Desjy,False,PLACE,2,1.8,-1.0,Yes And Yes,5.0
2026-05-20,Warwick,3.30,rp_WAR_20260520_3.30,THE STAR (Jason Heavey),THE STAR (Jason Heavey),Full Force Gale,False,LOSE,,,-1.0,Rangatira Jack,3.25
2026-05-20,Warwick,4.00,rp_WAR_20260520_4.00,THE STAR (Jason Heavey),THE STAR (Jason Heavey),King Of The Road,False,LOSE,,,-1.0,Il Va De Soi,4.0
2026-05-20,Warwick,4.30,rp_WAR_20260520_4.30,THE STAR (Jason Heavey),THE STAR (Jason Heavey),Louie The Legend,False,LOSE,,,-1.0,Allibaba,4.0
2026-05-20,Warwick,5.00,rp_WAR_20260520_5.00,THE STAR (Jason Heavey),THE STAR (Jason Heavey),Mojito Des Mottes,False,LOSE,,,-1.0,Brendas Asking,5.5
2026-05-20,Warwick,2.30,rp_WAR_20260520_2.30,DAILY RECORD (Garry Owen),DAILY RECORD (Garry Owen),Tribesman,False,WIN,1,1.33,0.33,Rebel Tribesman,1.33
2026-05-20,Warwick,3.00,rp_WAR_20260520_3.00,DAILY RECORD (Garry Owen),DAILY RECORD (Garry Owen),Yes And Yes,False,WIN,1,5.0,4.0,Yes And Yes,5.0
2026-05-20,Warwick,3.30,rp_WAR_20260520_3.30,DAILY RECORD (Garry Owen),DAILY RECORD (Garry Owen),Full Force Gale,False,LOSE,,,-1.0,Rangatira Jack,3.25
2026-05-20,Warwick,4.00,rp_WAR_20260520_4.00,DAILY RECORD (Garry Owen),DAILY RECORD (Garry Owen),Crest Of Stars,False,LOSE,,,-1.0,Il Va De Soi,4.0
2026-05-20,Warwick,4.30,rp_WAR_20260520_4.30,DAILY RECORD (Garry Owen),DAILY RECORD (Garry Owen),Allibaba,False,WIN,1,4.0,3.0,Allibaba,4.0
2026-05-20,Warwick,5.00,rp_WAR_20260520_5.00,DAILY RECORD (Garry Owen),DAILY RECORD (Garry Owen),Mojito Des Mottes Page,False,LOSE,,,-1.0,Brendas Asking,5.5
2026-05-20,Yarmouth,5.35,rp_YAR_20260520_5.35,SPOTLIGHT,SPOTLIGHT,Havana Sprite,False,PLACE,2,1.67,-1.0,Havana Lightning,4.0
2026-05-20,Yarmouth,6.10,rp_YAR_20260520_6.10,SPOTLIGHT,SPOTLIGHT,Peaceful Warrior,False,WIN,1,6.5,5.5,Peaceful Warrior,6.5
2026-05-20,Yarmouth,6.40,rp_YAR_20260520_6.40,SPOTLIGHT,SPOTLIGHT,Law Supreme,False,LOSE,,,-1.0,Jack Sparowe,10.0
2026-05-20,Yarmouth,7.10,rp_YAR_20260520_7.10,SPOTLIGHT,SPOTLIGHT,Golden Garden,False,LOSE,,,-1.0,Iwantmytimewithyou,2.62
2026-05-20,Yarmouth,7.40,rp_YAR_20260520_7.40,SPOTLIGHT,SPOTLIGHT,Tilani,True,WIN,1,3.12,2.12,Tilani,3.12
2026-05-20,Yarmouth,8.10,rp_YAR_20260520_8.10,SPOTLIGHT,SPOTLIGHT,Rogue Allegiance,False,PLACE,2,6.0,-1.0,Berry Clever,3.25
2026-05-20,Yarmouth,5.35,rp_YAR_20260520_5.35,RP RATINGS,RP RATINGS (Paul Curtis),Havana Sprite,False,PLACE,2,1.67,-1.0,Havana Lightning,4.0
2026-05-20,Yarmouth,6.40,rp_YAR_20260520_6.40,RP RATINGS,RP RATINGS (Paul Curtis),Jack Sparowe,False,WIN,1,10.0,9.0,Jack Sparowe,10.0
2026-05-20,Yarmouth,7.10,rp_YAR_20260520_7.10,RP RATINGS,RP RATINGS (Paul Curtis),Betelgeuse,False,LOSE,,,-1.0,Iwantmytimewithyou,2.62
2026-05-20,Yarmouth,7.40,rp_YAR_20260520_7.40,RP RATINGS,RP RATINGS (Paul Curtis),Tilani,False,WIN,1,3.12,2.12,Tilani,3.12
2026-05-20,Yarmouth,8.10,rp_YAR_20260520_8.10,RP RATINGS,RP RATINGS (Paul Curtis),Tennessee Gold,False,LOSE,,,-1.0,Berry Clever,3.25
2026-05-20,Yarmouth,5.35,rp_YAR_20260520_5.35,TOPSPEED,TOPSPEED,Havana Sprite,False,PLACE,2,1.67,-1.0,Havana Lightning,4.0
2026-05-20,Yarmouth,8.10,rp_YAR_20260520_8.10,TOPSPEED,TOPSPEED,Ziggy's Condor,False,LOSE,,,-1.0,Berry Clever,3.25
2026-05-20,Yarmouth,5.35,rp_YAR_20260520_5.35,POSTDATA,POSTDATA,Sprite,False,PLACE,2,1.67,-1.0,Havana Lightning,4.0
2026-05-20,Yarmouth,6.10,rp_YAR_20260520_6.10,POSTDATA,POSTDATA,Conciliate,False,LOSE,,,-1.0,Peaceful Warrior,6.5
2026-05-20,Yarmouth,6.40,rp_YAR_20260520_6.40,POSTDATA,POSTDATA,Jack Sparowe,False,WIN,1,10.0,9.0,Jack Sparowe,10.0
2026-05-20,Yarmouth,7.10,rp_YAR_20260520_7.10,POSTDATA,POSTDATA,Betelgeuse,False,LOSE,,,-1.0,Iwantmytimewithyou,2.62
2026-05-20,Yarmouth,7.40,rp_YAR_20260520_7.40,POSTDATA,POSTDATA,Timely Affair,False,PLACE,3,8.5,-1.0,Tilani,3.12
2026-05-20,Yarmouth,8.10,rp_YAR_20260520_8.10,POSTDATA,POSTDATA,Berry Clever,False,WIN,1,3.25,2.25,Berry Clever,3.25
2026-05-20,Yarmouth,5.35,rp_YAR_20260520_5.35,LAMBOURN (Liam Headd),LAMBOURN (Liam Headd),Grey Star,False,LOSE,,,-1.0,Havana Lightning,4.0
2026-05-20,Yarmouth,7.10,rp_YAR_20260520_7.10,LAMBOURN (Liam Headd),LAMBOURN (Liam Headd),Golden Garden,True,LOSE,,,-1.0,Iwantmytimewithyou,2.62
2026-05-20,Yarmouth,5.35,rp_YAR_20260520_5.35,NEWMARKET (David Milnes),NEWMARKET (David Milnes),Havana Lightning,False,WIN,1,4.0,3.0,Havana Lightning,4.0
2026-05-20,Yarmouth,6.10,rp_YAR_20260520_6.10,NEWMARKET (David Milnes),NEWMARKET (David Milnes),Easy Answer,True,PLACE,3,12.0,-1.0,Peaceful Warrior,6.5
2026-05-20,Yarmouth,6.40,rp_YAR_20260520_6.40,NEWMARKET (David Milnes),NEWMARKET (David Milnes),Dream Pirate,False,LOSE,,,-1.0,Jack Sparowe,10.0
2026-05-20,Yarmouth,7.10,rp_YAR_20260520_7.10,NEWMARKET (David Milnes),NEWMARKET (David Milnes),Betelgeuse,False,LOSE,,,-1.0,Iwantmytimewithyou,2.62
2026-05-20,Yarmouth,7.40,rp_YAR_20260520_7.40,NEWMARKET (David Milnes),NEWMARKET (David Milnes),Ribston Pippin,False,LOSE,,,-1.0,Tilani,3.12
2026-05-20,Yarmouth,8.10,rp_YAR_20260520_8.10,NEWMARKET (David Milnes),NEWMARKET (David Milnes),Berry Clever,False,WIN,1,3.25,2.25,Berry Clever,3.25
2026-05-20,Yarmouth,7.40,rp_YAR_20260520_7.40,WEST COUNTRY (Liam Watson),WEST COUNTRY (Liam Watson),Charming Fellow,False,LOSE,,,-1.0,Tilani,3.12
2026-05-20,Yarmouth,5.35,rp_YAR_20260520_5.35,THE TIMES (Rob Wright),THE TIMES (Rob Wright),Havana Sprite,False,PLACE,2,1.67,-1.0,Havana Lightning,4.0
2026-05-20,Yarmouth,6.10,rp_YAR_20260520_6.10,THE TIMES (Rob Wright),THE TIMES (Rob Wright),Rogue Imperial,False,LOSE,,,-1.0,Peaceful Warrior,6.5
2026-05-20,Yarmouth,6.40,rp_YAR_20260520_6.40,THE TIMES (Rob Wright),THE TIMES (Rob Wright),Solanna,False,PLACE,2,4.33,-1.0,Jack Sparowe,10.0
2026-05-20,Yarmouth,7.10,rp_YAR_20260520_7.10,THE TIMES (Rob Wright),THE TIMES (Rob Wright),Betelgeuse,False,LOSE,,,-1.0,Iwantmytimewithyou,2.62
2026-05-20,Yarmouth,7.40,rp_YAR_20260520_7.40,THE TIMES (Rob Wright),THE TIMES (Rob Wright),Kamaway,False,PLACE,2,3.0,-1.0,Tilani,3.12
2026-05-20,Yarmouth,8.10,rp_YAR_20260520_8.10,THE TIMES (Rob Wright),THE TIMES (Rob Wright),Tactical Plan,False,LOSE,,,-1.0,Berry Clever,3.25
2026-05-20,Yarmouth,5.35,rp_YAR_20260520_5.35,TELEGRAPH (Marlborough),TELEGRAPH (Marlborough),Havana Lightning,False,WIN,1,4.0,3.0,Havana Lightning,4.0
2026-05-20,Yarmouth,6.10,rp_YAR_20260520_6.10,TELEGRAPH (Marlborough),TELEGRAPH (Marlborough),Rogue Imperial,False,LOSE,,,-1.0,Peaceful Warrior,6.5
2026-05-20,Yarmouth,6.40,rp_YAR_20260520_6.40,TELEGRAPH (Marlborough),TELEGRAPH (Marlborough),Goldie Trickett,False,LOSE,,,-1.0,Jack Sparowe,10.0
2026-05-20,Yarmouth,7.10,rp_YAR_20260520_7.10,TELEGRAPH (Marlborough),TELEGRAPH (Marlborough),Saratoga Gold,False,PLACE,2,9.0,-1.0,Iwantmytimewithyou,2.62
2026-05-20,Yarmouth,7.40,rp_YAR_20260520_7.40,TELEGRAPH (Marlborough),TELEGRAPH (Marlborough),Timely Affair,False,PLACE,3,8.5,-1.0,Tilani,3.12
2026-05-20,Yarmouth,8.10,rp_YAR_20260520_8.10,TELEGRAPH (Marlborough),TELEGRAPH (Marlborough),Giorgio M,False,LOSE,,,-1.0,Berry Clever,3.25
2026-05-20,Yarmouth,5.35,rp_YAR_20260520_5.35,THE GUARDIAN,THE GUARDIAN,Havana Sprite,False,PLACE,2,1.67,-1.0,Havana Lightning,4.0
2026-05-20,Yarmouth,6.10,rp_YAR_20260520_6.10,THE GUARDIAN,THE GUARDIAN,Rogue Imperial,False,LOSE,,,-1.0,Peaceful Warrior,6.5
2026-05-20,Yarmouth,6.40,rp_YAR_20260520_6.40,THE GUARDIAN,THE GUARDIAN,Goldie Trickett,False,LOSE,,,-1.0,Jack Sparowe,10.0
2026-05-20,Yarmouth,7.10,rp_YAR_20260520_7.10,THE GUARDIAN,THE GUARDIAN,Golden Garden,False,LOSE,,,-1.0,Iwantmytimewithyou,2.62
2026-05-20,Yarmouth,7.40,rp_YAR_20260520_7.40,THE GUARDIAN,THE GUARDIAN,Tilani,False,WIN,1,3.12,2.12,Tilani,3.12
2026-05-20,Yarmouth,8.10,rp_YAR_20260520_8.10,THE GUARDIAN,THE GUARDIAN,Ziggy's Condor,False,LOSE,,,-1.0,Berry Clever,3.25
2026-05-20,Yarmouth,5.35,rp_YAR_20260520_5.35,DAILY MAIL (Robin Goodfellow),DAILY MAIL (Robin Goodfellow),Havana Lightning,False,WIN,1,4.0,3.0,Havana Lightning,4.0
2026-05-20,Yarmouth,6.10,rp_YAR_20260520_6.10,DAILY MAIL (Robin Goodfellow),DAILY MAIL (Robin Goodfellow),Bassrah,True,PLACE,2,3.25,-1.0,Peaceful Warrior,6.5
2026-05-20,Yarmouth,6.40,rp_YAR_20260520_6.40,DAILY MAIL (Robin Goodfellow),DAILY MAIL (Robin Goodfellow),Law Supreme,False,LOSE,,,-1.0,Jack Sparowe,10.0
2026-05-20,Yarmouth,7.10,rp_YAR_20260520_7.10,DAILY MAIL (Robin Goodfellow),DAILY MAIL (Robin Goodfellow),Dereham,False,LOSE,,,-1.0,Iwantmytimewithyou,2.62
2026-05-20,Yarmouth,7.40,rp_YAR_20260520_7.40,DAILY MAIL (Robin Goodfellow),DAILY MAIL (Robin Goodfellow),Kamaway,False,PLACE,2,3.0,-1.0,Tilani,3.12
2026-05-20,Yarmouth,8.10,rp_YAR_20260520_8.10,DAILY MAIL (Robin Goodfellow),DAILY MAIL (Robin Goodfellow),Rogue Allegiance,False,PLACE,2,6.0,-1.0,Berry Clever,3.25
2026-05-20,Yarmouth,5.35,rp_YAR_20260520_5.35,D EXPRESS (Melissa Jones),D EXPRESS (Melissa Jones),Havana Lightning,False,WIN,1,4.0,3.0,Havana Lightning,4.0
2026-05-20,Yarmouth,6.10,rp_YAR_20260520_6.10,D EXPRESS (Melissa Jones),D EXPRESS (Melissa Jones),Rogue Imperial,False,LOSE,,,-1.0,Peaceful Warrior,6.5
2026-05-20,Yarmouth,6.40,rp_YAR_20260520_6.40,D EXPRESS (Melissa Jones),D EXPRESS (Melissa Jones),Urban Warrior,True,LOSE,,,-1.0,Jack Sparowe,10.0
2026-05-20,Yarmouth,7.10,rp_YAR_20260520_7.10,D EXPRESS (Melissa Jones),D EXPRESS (Melissa Jones),Iwantmytimewithyou,False,WIN,1,2.62,1.62,Iwantmytimewithyou,2.62
2026-05-20,Yarmouth,7.40,rp_YAR_20260520_7.40,D EXPRESS (Melissa Jones),D EXPRESS (Melissa Jones),Timely Affair,False,PLACE,3,8.5,-1.0,Tilani,3.12
2026-05-20,Yarmouth,8.10,rp_YAR_20260520_8.10,D EXPRESS (Melissa Jones),D EXPRESS (Melissa Jones),Berry Clever,False,WIN,1,3.25,2.25,Berry Clever,3.25
2026-05-20,Yarmouth,5.35,rp_YAR_20260520_5.35,DAILY MIRROR (Newsboy),DAILY MIRROR (Newsboy),Havana Sprite,False,PLACE,2,1.67,-1.0,Havana Lightning,4.0
2026-05-20,Yarmouth,6.10,rp_YAR_20260520_6.10,DAILY MIRROR (Newsboy),DAILY MIRROR (Newsboy),Rogue Imperial,False,LOSE,,,-1.0,Peaceful Warrior,6.5
2026-05-20,Yarmouth,6.40,rp_YAR_20260520_6.40,DAILY MIRROR (Newsboy),DAILY MIRROR (Newsboy),Solanna,True,PLACE,2,4.33,-1.0,Jack Sparowe,10.0
2026-05-20,Yarmouth,7.10,rp_YAR_20260520_7.10,DAILY MIRROR (Newsboy),DAILY MIRROR (Newsboy),Golden Garden,False,LOSE,,,-1.0,Iwantmytimewithyou,2.62
2026-05-20,Yarmouth,7.40,rp_YAR_20260520_7.40,DAILY MIRROR (Newsboy),DAILY MIRROR (Newsboy),Ribston Pippin,False,LOSE,,,-1.0,Tilani,3.12
2026-05-20,Yarmouth,8.10,rp_YAR_20260520_8.10,DAILY MIRROR (Newsboy),DAILY MIRROR (Newsboy),Noble Guest,False,LOSE,,,-1.0,Berry Clever,3.25
2026-05-20,Yarmouth,5.35,rp_YAR_20260520_5.35,THE SUN (Templegate),THE SUN (Templegate),Havana Sprite,False,PLACE,2,1.67,-1.0,Havana Lightning,4.0
2026-05-20,Yarmouth,6.10,rp_YAR_20260520_6.10,THE SUN (Templegate),THE SUN (Templegate),Rogue Imperial,False,LOSE,,,-1.0,Peaceful Warrior,6.5
2026-05-20,Yarmouth,6.40,rp_YAR_20260520_6.40,THE SUN (Templegate),THE SUN (Templegate),Law Supreme,False,LOSE,,,-1.0,Jack Sparowe,10.0
2026-05-20,Yarmouth,7.10,rp_YAR_20260520_7.10,THE SUN (Templegate),THE SUN (Templegate),Iwantmytimewithyou,False,WIN,1,2.62,1.62,Iwantmytimewithyou,2.62
2026-05-20,Yarmouth,7.40,rp_YAR_20260520_7.40,THE SUN (Templegate),THE SUN (Templegate),Kamaway,False,PLACE,2,3.0,-1.0,Tilani,3.12
2026-05-20,Yarmouth,8.10,rp_YAR_20260520_8.10,THE SUN (Templegate),THE SUN (Templegate),Berry Clever,False,WIN,1,3.25,2.25,Berry Clever,3.25
2026-05-20,Yarmouth,5.35,rp_YAR_20260520_5.35,THE STAR (Jason Heavey),THE STAR (Jason Heavey),Havana Sprite,False,PLACE,2,1.67,-1.0,Havana Lightning,4.0
2026-05-20,Yarmouth,6.10,rp_YAR_20260520_6.10,THE STAR (Jason Heavey),THE STAR (Jason Heavey),Peaceful Warrior,False,WIN,1,6.5,5.5,Peaceful Warrior,6.5
2026-05-20,Yarmouth,6.40,rp_YAR_20260520_6.40,THE STAR (Jason Heavey),THE STAR (Jason Heavey),Goldie Trickett,True,LOSE,,,-1.0,Jack Sparowe,10.0
2026-05-20,Yarmouth,7.10,rp_YAR_20260520_7.10,THE STAR (Jason Heavey),THE STAR (Jason Heavey),Betelgeuse,False,LOSE,,,-1.0,Iwantmytimewithyou,2.62
2026-05-20,Yarmouth,7.40,rp_YAR_20260520_7.40,THE STAR (Jason Heavey),THE STAR (Jason Heavey),Tilani,False,WIN,1,3.12,2.12,Tilani,3.12
2026-05-20,Yarmouth,8.10,rp_YAR_20260520_8.10,THE STAR (Jason Heavey),THE STAR (Jason Heavey),Berry Clever,False,WIN,1,3.25,2.25,Berry Clever,3.25
2026-05-20,Yarmouth,5.35,rp_YAR_20260520_5.35,DAILY RECORD (Garry Owen),DAILY RECORD (Garry Owen),Havana Sprite,False,PLACE,2,1.67,-1.0,Havana Lightning,4.0
2026-05-20,Yarmouth,6.10,rp_YAR_20260520_6.10,DAILY RECORD (Garry Owen),DAILY RECORD (Garry Owen),Boysofwallstreet,False,LOSE,,,-1.0,Peaceful Warrior,6.5
2026-05-20,Yarmouth,6.40,rp_YAR_20260520_6.40,DAILY RECORD (Garry Owen),DAILY RECORD (Garry Owen),Urban Warrior,False,LOSE,,,-1.0,Jack Sparowe,10.0
2026-05-20,Yarmouth,7.10,rp_YAR_20260520_7.10,DAILY RECORD (Garry Owen),DAILY RECORD (Garry Owen),Iwantmytimewithyou,False,WIN,1,2.62,1.62,Iwantmytimewithyou,2.62
2026-05-20,Yarmouth,7.40,rp_YAR_20260520_7.40,DAILY RECORD (Garry Owen),DAILY RECORD (Garry Owen),Tilani,False,WIN,1,3.12,2.12,Tilani,3.12
2026-05-20,Yarmouth,8.10,rp_YAR_20260520_8.10,DAILY RECORD (Garry Owen),DAILY RECORD (Garry Owen),Berry Clever Page,False,WIN,1,3.25,2.25,Berry Clever,3.25
2026-05-21,Catterick,2.10,rp_CAT_20260521_2.10,SPOTLIGHT,SPOTLIGHT,Yachtsman,False,LOSE,,,-1.0,The Tunguska Event,4.33
2026-05-21,Catterick,2.40,rp_CAT_20260521_2.40,SPOTLIGHT,SPOTLIGHT,Rouane,False,WIN,1,1.44,0.44,Rouane,1.44
2026-05-21,Catterick,3.10,rp_CAT_20260521_3.10,SPOTLIGHT,SPOTLIGHT,Safari Dream,False,LOSE,,,-1.0,Evocative Spark,5.0
2026-05-21,Catterick,3.40,rp_CAT_20260521_3.40,SPOTLIGHT,SPOTLIGHT,Nightsinwhitesatin,False,LOSE,,,-1.0,Analogical,3.5
2026-05-21,Catterick,4.15,rp_CAT_20260521_4.15,SPOTLIGHT,SPOTLIGHT,Musical Soldier,False,LOSE,,,-1.0,Lope Y Linda,10.0
2026-05-21,Catterick,4.50,rp_CAT_20260521_4.50,SPOTLIGHT,SPOTLIGHT,Filey Beach,False,WIN,1,2.2,1.2,Filey Beach,2.2
2026-05-21,Catterick,5.27,rp_CAT_20260521_5.27,SPOTLIGHT,SPOTLIGHT,Velvet Rhythm,True,WIN,1,2.0,1.0,Velvet Rhythm,2.0
2026-05-21,Catterick,2.10,rp_CAT_20260521_2.10,RP RATINGS,RP RATINGS (Paul Curtis),Tunguska Event,False,WIN,1,4.33,3.33,The Tunguska Event,4.33
2026-05-21,Catterick,3.10,rp_CAT_20260521_3.10,RP RATINGS,RP RATINGS (Paul Curtis),Crocodile Power,False,LOSE,,,-1.0,Evocative Spark,5.0
2026-05-21,Catterick,3.40,rp_CAT_20260521_3.40,RP RATINGS,RP RATINGS (Paul Curtis),Nightsinwhitesatin,False,LOSE,,,-1.0,Analogical,3.5
2026-05-21,Catterick,4.15,rp_CAT_20260521_4.15,RP RATINGS,RP RATINGS (Paul Curtis),Hood Wink,False,LOSE,,,-1.0,Lope Y Linda,10.0
2026-05-21,Catterick,4.50,rp_CAT_20260521_4.50,RP RATINGS,RP RATINGS (Paul Curtis),Filey Beach,False,WIN,1,2.2,1.2,Filey Beach,2.2
2026-05-21,Catterick,5.27,rp_CAT_20260521_5.27,RP RATINGS,RP RATINGS (Paul Curtis),Velvet Rhythm,False,WIN,1,2.0,1.0,Velvet Rhythm,2.0
2026-05-21,Catterick,2.10,rp_CAT_20260521_2.10,RP RATINGS,RP RATINGS (Ainsley Scorah),The Tunguska Event,False,WIN,1,4.33,3.33,The Tunguska Event,4.33
2026-05-21,Catterick,3.10,rp_CAT_20260521_3.10,TOPSPEED,TOPSPEED,Ingleby Archie,False,LOSE,,,-1.0,Evocative Spark,5.0
2026-05-21,Catterick,3.40,rp_CAT_20260521_3.40,TOPSPEED,TOPSPEED,Percy's Daydream,False,LOSE,,,-1.0,Analogical,3.5
2026-05-21,Catterick,2.10,rp_CAT_20260521_2.10,POSTDATA,POSTDATA,The Tunguska Event,False,WIN,1,4.33,3.33,The Tunguska Event,4.33
2026-05-21,Catterick,2.40,rp_CAT_20260521_2.40,POSTDATA,POSTDATA,Rouane,False,WIN,1,1.44,0.44,Rouane,1.44
2026-05-21,Catterick,3.10,rp_CAT_20260521_3.10,POSTDATA,POSTDATA,Moostar,False,PLACE,2,6.5,-1.0,Evocative Spark,5.0
2026-05-21,Catterick,3.40,rp_CAT_20260521_3.40,POSTDATA,POSTDATA,Nightsinwhitesatin,True,LOSE,,,-1.0,Analogical,3.5
2026-05-21,Catterick,4.15,rp_CAT_20260521_4.15,POSTDATA,POSTDATA,Hood Wink,False,LOSE,,,-1.0,Lope Y Linda,10.0
2026-05-21,Catterick,4.50,rp_CAT_20260521_4.50,POSTDATA,POSTDATA,Filey Beach,False,WIN,1,2.2,1.2,Filey Beach,2.2
2026-05-21,Catterick,5.27,rp_CAT_20260521_5.27,POSTDATA,POSTDATA,Homestrait,False,PLACE,2,8.0,-1.0,Velvet Rhythm,2.0
2026-05-21,Catterick,3.10,rp_CAT_20260521_3.10,NEWMARKET (David Milnes),NEWMARKET (David Milnes),Moostar,False,PLACE,2,6.5,-1.0,Evocative Spark,5.0
2026-05-21,Catterick,3.40,rp_CAT_20260521_3.40,NEWMARKET (David Milnes),NEWMARKET (David Milnes),Analogical,False,WIN,1,3.5,2.5,Analogical,3.5
2026-05-21,Catterick,4.50,rp_CAT_20260521_4.50,THE NORTH (Colin Russell),THE NORTH (Colin Russell),Saisons d'Or,True,LOSE,,,-1.0,Filey Beach,2.2
2026-05-21,Catterick,3.10,rp_CAT_20260521_3.10,WEST COUNTRY (Liam Watson),WEST COUNTRY (Liam Watson),Safari Dream,True,LOSE,,,-1.0,Evocative Spark,5.0
2026-05-21,Catterick,2.10,rp_CAT_20260521_2.10,THE TIMES (Rob Wright),THE TIMES (Rob Wright),Yachtsman,False,LOSE,,,-1.0,The Tunguska Event,4.33
2026-05-21,Catterick,2.40,rp_CAT_20260521_2.40,THE TIMES (Rob Wright),THE TIMES (Rob Wright),Rouane,False,WIN,1,1.44,0.44,Rouane,1.44
2026-05-21,Catterick,3.10,rp_CAT_20260521_3.10,THE TIMES (Rob Wright),THE TIMES (Rob Wright),Safari Dream,False,LOSE,,,-1.0,Evocative Spark,5.0
2026-05-21,Catterick,3.40,rp_CAT_20260521_3.40,THE TIMES (Rob Wright),THE TIMES (Rob Wright),Analogical,True,WIN,1,3.5,2.5,Analogical,3.5
2026-05-21,Catterick,4.15,rp_CAT_20260521_4.15,THE TIMES (Rob Wright),THE TIMES (Rob Wright),Lope Y Linda,False,WIN,1,10.0,9.0,Lope Y Linda,10.0
2026-05-21,Catterick,4.50,rp_CAT_20260521_4.50,THE TIMES (Rob Wright),THE TIMES (Rob Wright),Filey Beach,False,WIN,1,2.2,1.2,Filey Beach,2.2
2026-05-21,Catterick,5.27,rp_CAT_20260521_5.27,THE TIMES (Rob Wright),THE TIMES (Rob Wright),Velvet Rhythm,False,WIN,1,2.0,1.0,Velvet Rhythm,2.0
2026-05-21,Catterick,2.10,rp_CAT_20260521_2.10,TELEGRAPH (Marlborough),TELEGRAPH (Marlborough),Taaklam,False,LOSE,,,-1.0,The Tunguska Event,4.33
2026-05-21,Catterick,2.40,rp_CAT_20260521_2.40,TELEGRAPH (Marlborough),TELEGRAPH (Marlborough),Rouane,False,WIN,1,1.44,0.44,Rouane,1.44
2026-05-21,Catterick,3.10,rp_CAT_20260521_3.10,TELEGRAPH (Marlborough),TELEGRAPH (Marlborough),Safari Dream,False,LOSE,,,-1.0,Evocative Spark,5.0
2026-05-21,Catterick,3.40,rp_CAT_20260521_3.40,TELEGRAPH (Marlborough),TELEGRAPH (Marlborough),Made All,False,LOSE,,,-1.0,Analogical,3.5
2026-05-21,Catterick,4.15,rp_CAT_20260521_4.15,TELEGRAPH (Marlborough),TELEGRAPH (Marlborough),Musical Soldier,False,LOSE,,,-1.0,Lope Y Linda,10.0
2026-05-21,Catterick,4.50,rp_CAT_20260521_4.50,TELEGRAPH (Marlborough),TELEGRAPH (Marlborough),Filey Beach,False,WIN,1,2.2,1.2,Filey Beach,2.2
2026-05-21,Catterick,5.27,rp_CAT_20260521_5.27,TELEGRAPH (Marlborough),TELEGRAPH (Marlborough),Velvet Rhythm,False,WIN,1,2.0,1.0,Velvet Rhythm,2.0
2026-05-21,Catterick,2.10,rp_CAT_20260521_2.10,THE GUARDIAN,THE GUARDIAN,Yachtsman,False,LOSE,,,-1.0,The Tunguska Event,4.33
2026-05-21,Catterick,2.40,rp_CAT_20260521_2.40,THE GUARDIAN,THE GUARDIAN,Rouane,False,WIN,1,1.44,0.44,Rouane,1.44
2026-05-21,Catterick,3.10,rp_CAT_20260521_3.10,THE GUARDIAN,THE GUARDIAN,Safari Dream,False,LOSE,,,-1.0,Evocative Spark,5.0
2026-05-21,Catterick,3.40,rp_CAT_20260521_3.40,THE GUARDIAN,THE GUARDIAN,Nightsinwhitesatin,False,LOSE,,,-1.0,Analogical,3.5
2026-05-21,Catterick,4.15,rp_CAT_20260521_4.15,THE GUARDIAN,THE GUARDIAN,Musical Soldier,True,LOSE,,,-1.0,Lope Y Linda,10.0
2026-05-21,Catterick,4.50,rp_CAT_20260521_4.50,THE GUARDIAN,THE GUARDIAN,Filey Beach,False,WIN,1,2.2,1.2,Filey Beach,2.2
2026-05-21,Catterick,5.27,rp_CAT_20260521_5.27,THE GUARDIAN,THE GUARDIAN,Blufferonthebus,False,PLACE,3,5.0,-1.0,Velvet Rhythm,2.0
2026-05-21,Catterick,2.10,rp_CAT_20260521_2.10,DAILY MAIL (Robin Goodfellow),DAILY MAIL (Robin Goodfellow),Hallandale Beach,False,LOSE,,,-1.0,The Tunguska Event,4.33
2026-05-21,Catterick,2.40,rp_CAT_20260521_2.40,DAILY MAIL (Robin Goodfellow),DAILY MAIL (Robin Goodfellow),Rouane,False,WIN,1,1.44,0.44,Rouane,1.44
2026-05-21,Catterick,3.10,rp_CAT_20260521_3.10,DAILY MAIL (Robin Goodfellow),DAILY MAIL (Robin Goodfellow),Moostar,False,PLACE,2,6.5,-1.0,Evocative Spark,5.0
2026-05-21,Catterick,3.40,rp_CAT_20260521_3.40,DAILY MAIL (Robin Goodfellow),DAILY MAIL (Robin Goodfellow),Percy's Daydream,False,LOSE,,,-1.0,Analogical,3.5
2026-05-21,Catterick,4.15,rp_CAT_20260521_4.15,DAILY MAIL (Robin Goodfellow),DAILY MAIL (Robin Goodfellow),Musical Soldier,False,LOSE,,,-1.0,Lope Y Linda,10.0
2026-05-21,Catterick,4.50,rp_CAT_20260521_4.50,DAILY MAIL (Robin Goodfellow),DAILY MAIL (Robin Goodfellow),Filey Beach,False,WIN,1,2.2,1.2,Filey Beach,2.2
2026-05-21,Catterick,5.27,rp_CAT_20260521_5.27,DAILY MAIL (Robin Goodfellow),DAILY MAIL (Robin Goodfellow),Velvet Rhythm,False,WIN,1,2.0,1.0,Velvet Rhythm,2.0
2026-05-21,Catterick,2.10,rp_CAT_20260521_2.10,D EXPRESS (Melissa Jones),D EXPRESS (Melissa Jones),Taaklam,False,LOSE,,,-1.0,The Tunguska Event,4.33
2026-05-21,Catterick,2.40,rp_CAT_20260521_2.40,D EXPRESS (Melissa Jones),D EXPRESS (Melissa Jones),Rouane,False,WIN,1,1.44,0.44,Rouane,1.44
2026-05-21,Catterick,3.10,rp_CAT_20260521_3.10,D EXPRESS (Melissa Jones),D EXPRESS (Melissa Jones),Safari Dream,False,LOSE,,,-1.0,Evocative Spark,5.0
2026-05-21,Catterick,3.40,rp_CAT_20260521_3.40,D EXPRESS (Melissa Jones),D EXPRESS (Melissa Jones),Percy's Daydream,False,LOSE,,,-1.0,Analogical,3.5
2026-05-21,Catterick,4.15,rp_CAT_20260521_4.15,D EXPRESS (Melissa Jones),D EXPRESS (Melissa Jones),Belling The Cat,False,LOSE,,,-1.0,Lope Y Linda,10.0
2026-05-21,Catterick,4.50,rp_CAT_20260521_4.50,D EXPRESS (Melissa Jones),D EXPRESS (Melissa Jones),Filey Beach,False,WIN,1,2.2,1.2,Filey Beach,2.2
2026-05-21,Catterick,5.27,rp_CAT_20260521_5.27,D EXPRESS (Melissa Jones),D EXPRESS (Melissa Jones),Homestrait,False,PLACE,2,8.0,-1.0,Velvet Rhythm,2.0
2026-05-21,Catterick,2.10,rp_CAT_20260521_2.10,DAILY MIRROR (Newsboy),DAILY MIRROR (Newsboy),Taaklam,False,LOSE,,,-1.0,The Tunguska Event,4.33
2026-05-21,Catterick,2.40,rp_CAT_20260521_2.40,DAILY MIRROR (Newsboy),DAILY MIRROR (Newsboy),Rouane,False,WIN,1,1.44,0.44,Rouane,1.44
2026-05-21,Catterick,3.10,rp_CAT_20260521_3.10,DAILY MIRROR (Newsboy),DAILY MIRROR (Newsboy),Safari Dream,False,LOSE,,,-1.0,Evocative Spark,5.0
2026-05-21,Catterick,3.40,rp_CAT_20260521_3.40,DAILY MIRROR (Newsboy),DAILY MIRROR (Newsboy),Percy's Daydream,False,LOSE,,,-1.0,Analogical,3.5
2026-05-21,Catterick,4.15,rp_CAT_20260521_4.15,DAILY MIRROR (Newsboy),DAILY MIRROR (Newsboy),Hood Wink,False,LOSE,,,-1.0,Lope Y Linda,10.0
2026-05-21,Catterick,4.50,rp_CAT_20260521_4.50,DAILY MIRROR (Newsboy),DAILY MIRROR (Newsboy),Saisons d'Or,False,LOSE,,,-1.0,Filey Beach,2.2
2026-05-21,Catterick,5.27,rp_CAT_20260521_5.27,DAILY MIRROR (Newsboy),DAILY MIRROR (Newsboy),Amelia's Joy,False,LOSE,,,-1.0,Velvet Rhythm,2.0
2026-05-21,Catterick,2.10,rp_CAT_20260521_2.10,THE SUN (Templegate),THE SUN (Templegate),Yachtsman,False,LOSE,,,-1.0,The Tunguska Event,4.33
2026-05-21,Catterick,2.40,rp_CAT_20260521_2.40,THE SUN (Templegate),THE SUN (Templegate),Rouane,False,WIN,1,1.44,0.44,Rouane,1.44
2026-05-21,Catterick,3.10,rp_CAT_20260521_3.10,THE SUN (Templegate),THE SUN (Templegate),Safari Dream,False,LOSE,,,-1.0,Evocative Spark,5.0
2026-05-21,Catterick,3.40,rp_CAT_20260521_3.40,THE SUN (Templegate),THE SUN (Templegate),Nightsinwhitesatin,False,LOSE,,,-1.0,Analogical,3.5
2026-05-21,Catterick,4.15,rp_CAT_20260521_4.15,THE SUN (Templegate),THE SUN (Templegate),Musical Soldier,False,LOSE,,,-1.0,Lope Y Linda,10.0
2026-05-21,Catterick,4.50,rp_CAT_20260521_4.50,THE SUN (Templegate),THE SUN (Templegate),Filey Beach,True,WIN,1,2.2,1.2,Filey Beach,2.2
2026-05-21,Catterick,5.27,rp_CAT_20260521_5.27,THE SUN (Templegate),THE SUN (Templegate),Velvet Rhythm,True,WIN,1,2.0,1.0,Velvet Rhythm,2.0
2026-05-21,Catterick,2.10,rp_CAT_20260521_2.10,THE STAR (Jason Heavey),THE STAR (Jason Heavey),Yachtsman,False,LOSE,,,-1.0,The Tunguska Event,4.33
2026-05-21,Catterick,2.40,rp_CAT_20260521_2.40,THE STAR (Jason Heavey),THE STAR (Jason Heavey),Rouane,False,WIN,1,1.44,0.44,Rouane,1.44
2026-05-21,Catterick,3.10,rp_CAT_20260521_3.10,THE STAR (Jason Heavey),THE STAR (Jason Heavey),Fiscal Policy,False,LOSE,,,-1.0,Evocative Spark,5.0
2026-05-21,Catterick,3.40,rp_CAT_20260521_3.40,THE STAR (Jason Heavey),THE STAR (Jason Heavey),Percy's Daydream,False,LOSE,,,-1.0,Analogical,3.5
2026-05-21,Catterick,4.15,rp_CAT_20260521_4.15,THE STAR (Jason Heavey),THE STAR (Jason Heavey),Trucial Pearl,False,PLACE,3,5.5,-1.0,Lope Y Linda,10.0
2026-05-21,Catterick,4.50,rp_CAT_20260521_4.50,THE STAR (Jason Heavey),THE STAR (Jason Heavey),Filey Beach,False,WIN,1,2.2,1.2,Filey Beach,2.2
2026-05-21,Catterick,5.27,rp_CAT_20260521_5.27,THE STAR (Jason Heavey),THE STAR (Jason Heavey),Amelia's Joy,False,LOSE,,,-1.0,Velvet Rhythm,2.0
2026-05-21,Catterick,2.10,rp_CAT_20260521_2.10,DAILY RECORD (Garry Owen),DAILY RECORD (Garry Owen),The Tunguska Event,False,WIN,1,4.33,3.33,The Tunguska Event,4.33
2026-05-21,Catterick,2.40,rp_CAT_20260521_2.40,DAILY RECORD (Garry Owen),DAILY RECORD (Garry Owen),Rouane,False,WIN,1,1.44,0.44,Rouane,1.44
2026-05-21,Catterick,3.10,rp_CAT_20260521_3.10,DAILY RECORD (Garry Owen),DAILY RECORD (Garry Owen),Moostar,False,PLACE,2,6.5,-1.0,Evocative Spark,5.0
2026-05-21,Catterick,3.40,rp_CAT_20260521_3.40,DAILY RECORD (Garry Owen),DAILY RECORD (Garry Owen),Analogical,False,WIN,1,3.5,2.5,Analogical,3.5
2026-05-21,Catterick,4.15,rp_CAT_20260521_4.15,DAILY RECORD (Garry Owen),DAILY RECORD (Garry Owen),Musical Soldier,False,LOSE,,,-1.0,Lope Y Linda,10.0
2026-05-21,Catterick,4.50,rp_CAT_20260521_4.50,DAILY RECORD (Garry Owen),DAILY RECORD (Garry Owen),Filey Beach,False,WIN,1,2.2,1.2,Filey Beach,2.2
2026-05-21,Catterick,5.27,rp_CAT_20260521_5.27,DAILY RECORD (Garry Owen),DAILY RECORD (Garry Owen),Velvet Rhythm Page,True,WIN,1,2.0,1.0,Velvet Rhythm,2.0
2026-05-21,Chepstow,5.30,rp_CHP_20260521_5.30,SPOTLIGHT,SPOTLIGHT,Issy's Gift,False,LOSE,,,-1.0,My A'ali Baba,15.0
2026-05-21,Chepstow,6.05,rp_CHP_20260521_6.05,SPOTLIGHT,SPOTLIGHT,Marching Mac,False,LOSE,,,-1.0,Betsen,4.0
2026-05-21,Chepstow,6.40,rp_CHP_20260521_6.40,SPOTLIGHT,SPOTLIGHT,Boston Max,True,WIN,1,2.38,1.38,My Mate Mackley,13.0
2026-05-21,Chepstow,7.10,rp_CHP_20260521_7.10,SPOTLIGHT,SPOTLIGHT,Romanovich,False,LOSE,,,-1.0,Dapper Gee Gee,3.5
2026-05-21,Chepstow,7.40,rp_CHP_20260521_7.40,SPOTLIGHT,SPOTLIGHT,Dancing With Drums,False,PLACE,3,5.5,-1.0,Autumn Angel,5.5
2026-05-21,Chepstow,8.10,rp_CHP_20260521_8.10,SPOTLIGHT,SPOTLIGHT,Windbreaker,False,LOSE,,,-1.0,Battle Of Maldon,5.5
2026-05-21,Chepstow,8.40,rp_CHP_20260521_8.40,SPOTLIGHT,SPOTLIGHT,River King,False,PLACE,2,1.62,-1.0,The Green Mile,12.0
2026-05-21,Chepstow,6.05,rp_CHP_20260521_6.05,RP RATINGS,RP RATINGS (Paul Curtis),Em Four,False,LOSE,,,-1.0,Betsen,4.0
2026-05-21,Chepstow,6.40,rp_CHP_20260521_6.40,RP RATINGS,RP RATINGS (Paul Curtis),Boston Max,False,WIN,1,2.38,1.38,My Mate Mackley,13.0
2026-05-21,Chepstow,7.10,rp_CHP_20260521_7.10,RP RATINGS,RP RATINGS (Paul Curtis),Romanovich,False,LOSE,,,-1.0,Dapper Gee Gee,3.5
2026-05-21,Chepstow,7.40,rp_CHP_20260521_7.40,RP RATINGS,RP RATINGS (Paul Curtis),Dancing With Drums,True,PLACE,3,5.5,-1.0,Autumn Angel,5.5
2026-05-21,Chepstow,8.40,rp_CHP_20260521_8.40,RP RATINGS,RP RATINGS (Paul Curtis),Alcaraz,False,LOSE,,,-1.0,The Green Mile,12.0
2026-05-21,Chepstow,6.05,rp_CHP_20260521_6.05,TOPSPEED,TOPSPEED,Em Four,False,LOSE,,,-1.0,Betsen,4.0
2026-05-21,Chepstow,8.40,rp_CHP_20260521_8.40,TOPSPEED,TOPSPEED,Robbo,False,LOSE,,,-1.0,The Green Mile,12.0
2026-05-21,Chepstow,5.30,rp_CHP_20260521_5.30,POSTDATA,POSTDATA,Green Titan,False,LOSE,,,-1.0,My A'ali Baba,15.0
2026-05-21,Chepstow,6.05,rp_CHP_20260521_6.05,POSTDATA,POSTDATA,So Smart,False,LOSE,,,-1.0,Betsen,4.0
2026-05-21,Chepstow,6.40,rp_CHP_20260521_6.40,POSTDATA,POSTDATA,Boston Max,False,WIN,1,2.38,1.38,My Mate Mackley,13.0
2026-05-21,Chepstow,7.10,rp_CHP_20260521_7.10,POSTDATA,POSTDATA,Romanovich,False,LOSE,,,-1.0,Dapper Gee Gee,3.5
2026-05-21,Chepstow,7.40,rp_CHP_20260521_7.40,POSTDATA,POSTDATA,Autumn Angel,False,WIN,1,5.5,4.5,Autumn Angel,5.5
2026-05-21,Chepstow,8.10,rp_CHP_20260521_8.10,POSTDATA,POSTDATA,Hapiness,False,PLACE,2,4.0,-1.0,Battle Of Maldon,5.5
2026-05-21,Chepstow,8.40,rp_CHP_20260521_8.40,POSTDATA,POSTDATA,Robbo,False,LOSE,,,-1.0,The Green Mile,12.0
2026-05-21,Chepstow,5.30,rp_CHP_20260521_5.30,LAMBOURN (Liam Headd),LAMBOURN (Liam Headd),Issy's Gift,False,LOSE,,,-1.0,My A'ali Baba,15.0
2026-05-21,Chepstow,6.05,rp_CHP_20260521_6.05,LAMBOURN (Liam Headd),LAMBOURN (Liam Headd),Em Four,True,LOSE,,,-1.0,Betsen,4.0
2026-05-21,Chepstow,5.30,rp_CHP_20260521_5.30,NEWMARKET (David Milnes),NEWMARKET (David Milnes),Green Titan,False,LOSE,,,-1.0,My A'ali Baba,15.0
2026-05-21,Chepstow,6.05,rp_CHP_20260521_6.05,NEWMARKET (David Milnes),NEWMARKET (David Milnes),Marching Mac,False,LOSE,,,-1.0,Betsen,4.0
2026-05-21,Chepstow,6.40,rp_CHP_20260521_6.40,NEWMARKET (David Milnes),NEWMARKET (David Milnes),My Mate Mackley,False,WIN,1,13.0,12.0,My Mate Mackley,13.0
2026-05-21,Chepstow,7.40,rp_CHP_20260521_7.40,NEWMARKET (David Milnes),NEWMARKET (David Milnes),Dancing With Drums,False,PLACE,3,5.5,-1.0,Autumn Angel,5.5
2026-05-21,Chepstow,8.10,rp_CHP_20260521_8.10,NEWMARKET (David Milnes),NEWMARKET (David Milnes),Windbreaker,False,LOSE,,,-1.0,Battle Of Maldon,5.5
2026-05-21,Chepstow,5.30,rp_CHP_20260521_5.30,WEST COUNTRY (Liam Watson),WEST COUNTRY (Liam Watson),My A'Ali Baba,False,WIN,1,15.0,14.0,My A'ali Baba,15.0
2026-05-21,Chepstow,6.05,rp_CHP_20260521_6.05,WEST COUNTRY (Liam Watson),WEST COUNTRY (Liam Watson),So Smart,False,LOSE,,,-1.0,Betsen,4.0
2026-05-21,Chepstow,6.40,rp_CHP_20260521_6.40,WEST COUNTRY (Liam Watson),WEST COUNTRY (Liam Watson),Forever Glamorous,False,LOSE,,,-1.0,My Mate Mackley,13.0
2026-05-21,Chepstow,7.10,rp_CHP_20260521_7.10,WEST COUNTRY (Liam Watson),WEST COUNTRY (Liam Watson),Romanovich,False,LOSE,,,-1.0,Dapper Gee Gee,3.5
2026-05-21,Chepstow,7.40,rp_CHP_20260521_7.40,WEST COUNTRY (Liam Watson),WEST COUNTRY (Liam Watson),Alyara,False,LOSE,,,-1.0,Autumn Angel,5.5
2026-05-21,Chepstow,8.40,rp_CHP_20260521_8.40,WEST COUNTRY (Liam Watson),WEST COUNTRY (Liam Watson),Robbo,False,LOSE,,,-1.0,The Green Mile,12.0
2026-05-21,Chepstow,5.30,rp_CHP_20260521_5.30,THE TIMES (Rob Wright),THE TIMES (Rob Wright),Romidijo,False,PLACE,3,5.0,-1.0,My A'ali Baba,15.0
2026-05-21,Chepstow,6.05,rp_CHP_20260521_6.05,THE TIMES (Rob Wright),THE TIMES (Rob Wright),Em Four,False,LOSE,,,-1.0,Betsen,4.0
2026-05-21,Chepstow,6.40,rp_CHP_20260521_6.40,THE TIMES (Rob Wright),THE TIMES (Rob Wright),Boston Max,False,WIN,1,2.38,1.38,My Mate Mackley,13.0
2026-05-21,Chepstow,7.10,rp_CHP_20260521_7.10,THE TIMES (Rob Wright),THE TIMES (Rob Wright),Romanovich,False,LOSE,,,-1.0,Dapper Gee Gee,3.5
2026-05-21,Chepstow,7.40,rp_CHP_20260521_7.40,THE TIMES (Rob Wright),THE TIMES (Rob Wright),Dragon God,False,LOSE,,,-1.0,Autumn Angel,5.5
2026-05-21,Chepstow,8.10,rp_CHP_20260521_8.10,THE TIMES (Rob Wright),THE TIMES (Rob Wright),Hapiness,False,PLACE,2,4.0,-1.0,Battle Of Maldon,5.5
2026-05-21,Chepstow,8.40,rp_CHP_20260521_8.40,THE TIMES (Rob Wright),THE TIMES (Rob Wright),River King,False,PLACE,2,1.62,-1.0,The Green Mile,12.0
2026-05-21,Chepstow,5.30,rp_CHP_20260521_5.30,TELEGRAPH (Marlborough),TELEGRAPH (Marlborough),My A'Ali Baba,False,WIN,1,15.0,14.0,My A'ali Baba,15.0
2026-05-21,Chepstow,6.05,rp_CHP_20260521_6.05,TELEGRAPH (Marlborough),TELEGRAPH (Marlborough),El Bufalo,False,PLACE,2,6.0,-1.0,Betsen,4.0
2026-05-21,Chepstow,6.40,rp_CHP_20260521_6.40,TELEGRAPH (Marlborough),TELEGRAPH (Marlborough),Boston Max,False,WIN,1,2.38,1.38,My Mate Mackley,13.0
2026-05-21,Chepstow,7.10,rp_CHP_20260521_7.10,TELEGRAPH (Marlborough),TELEGRAPH (Marlborough),Terries Royale,False,LOSE,,,-1.0,Dapper Gee Gee,3.5
2026-05-21,Chepstow,7.40,rp_CHP_20260521_7.40,TELEGRAPH (Marlborough),TELEGRAPH (Marlborough),Punchbowl Flyer,False,LOSE,,,-1.0,Autumn Angel,5.5
2026-05-21,Chepstow,8.10,rp_CHP_20260521_8.10,TELEGRAPH (Marlborough),TELEGRAPH (Marlborough),Battle Of Maldon,False,WIN,1,5.5,4.5,Battle Of Maldon,5.5
2026-05-21,Chepstow,8.40,rp_CHP_20260521_8.40,TELEGRAPH (Marlborough),TELEGRAPH (Marlborough),River King,False,PLACE,2,1.62,-1.0,The Green Mile,12.0
2026-05-21,Chepstow,5.30,rp_CHP_20260521_5.30,THE GUARDIAN,THE GUARDIAN,Ariane Sky,False,LOSE,,,-1.0,My A'ali Baba,15.0
2026-05-21,Chepstow,6.05,rp_CHP_20260521_6.05,THE GUARDIAN,THE GUARDIAN,Em Four,False,LOSE,,,-1.0,Betsen,4.0
2026-05-21,Chepstow,6.40,rp_CHP_20260521_6.40,THE GUARDIAN,THE GUARDIAN,Boston Max,False,WIN,1,2.38,1.38,My Mate Mackley,13.0
2026-05-21,Chepstow,7.10,rp_CHP_20260521_7.10,THE GUARDIAN,THE GUARDIAN,Romanovich,False,LOSE,,,-1.0,Dapper Gee Gee,3.5
2026-05-21,Chepstow,7.40,rp_CHP_20260521_7.40,THE GUARDIAN,THE GUARDIAN,Dancing With Drums,False,PLACE,3,5.5,-1.0,Autumn Angel,5.5
2026-05-21,Chepstow,8.10,rp_CHP_20260521_8.10,THE GUARDIAN,THE GUARDIAN,Windbreaker,False,LOSE,,,-1.0,Battle Of Maldon,5.5
2026-05-21,Chepstow,8.40,rp_CHP_20260521_8.40,THE GUARDIAN,THE GUARDIAN,River King,False,PLACE,2,1.62,-1.0,The Green Mile,12.0
2026-05-21,Chepstow,5.30,rp_CHP_20260521_5.30,DAILY MAIL (Robin Goodfellow),DAILY MAIL (Robin Goodfellow),Green Titan,False,LOSE,,,-1.0,My A'ali Baba,15.0
2026-05-21,Chepstow,6.05,rp_CHP_20260521_6.05,DAILY MAIL (Robin Goodfellow),DAILY MAIL (Robin Goodfellow),Em Four,False,LOSE,,,-1.0,Betsen,4.0
2026-05-21,Chepstow,6.40,rp_CHP_20260521_6.40,DAILY MAIL (Robin Goodfellow),DAILY MAIL (Robin Goodfellow),My Mate Mackley,False,WIN,1,13.0,12.0,My Mate Mackley,13.0
2026-05-21,Chepstow,7.10,rp_CHP_20260521_7.10,DAILY MAIL (Robin Goodfellow),DAILY MAIL (Robin Goodfellow),Connie's Rose,False,PLACE,3,12.0,-1.0,Dapper Gee Gee,3.5
2026-05-21,Chepstow,7.40,rp_CHP_20260521_7.40,DAILY MAIL (Robin Goodfellow),DAILY MAIL (Robin Goodfellow),Dragon God,False,LOSE,,,-1.0,Autumn Angel,5.5
2026-05-21,Chepstow,8.10,rp_CHP_20260521_8.10,DAILY MAIL (Robin Goodfellow),DAILY MAIL (Robin Goodfellow),Hapiness,False,PLACE,2,4.0,-1.0,Battle Of Maldon,5.5
2026-05-21,Chepstow,8.40,rp_CHP_20260521_8.40,DAILY MAIL (Robin Goodfellow),DAILY MAIL (Robin Goodfellow),River King,False,PLACE,2,1.62,-1.0,The Green Mile,12.0
2026-05-21,Chepstow,5.30,rp_CHP_20260521_5.30,D EXPRESS (Melissa Jones),D EXPRESS (Melissa Jones),Issy's Gift,False,LOSE,,,-1.0,My A'ali Baba,15.0
2026-05-21,Chepstow,6.05,rp_CHP_20260521_6.05,D EXPRESS (Melissa Jones),D EXPRESS (Melissa Jones),El Bufalo,False,PLACE,2,6.0,-1.0,Betsen,4.0
2026-05-21,Chepstow,6.40,rp_CHP_20260521_6.40,D EXPRESS (Melissa Jones),D EXPRESS (Melissa Jones),Forever Glamorous,False,LOSE,,,-1.0,My Mate Mackley,13.0
2026-05-21,Chepstow,7.10,rp_CHP_20260521_7.10,D EXPRESS (Melissa Jones),D EXPRESS (Melissa Jones),Wodao,False,LOSE,,,-1.0,Dapper Gee Gee,3.5
2026-05-21,Chepstow,7.40,rp_CHP_20260521_7.40,D EXPRESS (Melissa Jones),D EXPRESS (Melissa Jones),Dragon God,False,LOSE,,,-1.0,Autumn Angel,5.5
2026-05-21,Chepstow,8.10,rp_CHP_20260521_8.10,D EXPRESS (Melissa Jones),D EXPRESS (Melissa Jones),Windbreaker,True,LOSE,,,-1.0,Battle Of Maldon,5.5
2026-05-21,Chepstow,8.40,rp_CHP_20260521_8.40,D EXPRESS (Melissa Jones),D EXPRESS (Melissa Jones),River King,False,PLACE,2,1.62,-1.0,The Green Mile,12.0
2026-05-21,Chepstow,5.30,rp_CHP_20260521_5.30,DAILY MIRROR (Newsboy),DAILY MIRROR (Newsboy),Green Titan,False,LOSE,,,-1.0,My A'ali Baba,15.0
2026-05-21,Chepstow,6.05,rp_CHP_20260521_6.05,DAILY MIRROR (Newsboy),DAILY MIRROR (Newsboy),Em Four,False,LOSE,,,-1.0,Betsen,4.0
2026-05-21,Chepstow,6.40,rp_CHP_20260521_6.40,DAILY MIRROR (Newsboy),DAILY MIRROR (Newsboy),Boston Max,False,WIN,1,2.38,1.38,My Mate Mackley,13.0
2026-05-21,Chepstow,7.10,rp_CHP_20260521_7.10,DAILY MIRROR (Newsboy),DAILY MIRROR (Newsboy),Opening Bat,False,LOSE,,,-1.0,Dapper Gee Gee,3.5
2026-05-21,Chepstow,7.40,rp_CHP_20260521_7.40,DAILY MIRROR (Newsboy),DAILY MIRROR (Newsboy),Dragon God,False,LOSE,,,-1.0,Autumn Angel,5.5
2026-05-21,Chepstow,8.10,rp_CHP_20260521_8.10,DAILY MIRROR (Newsboy),DAILY MIRROR (Newsboy),Windbreaker,False,LOSE,,,-1.0,Battle Of Maldon,5.5
2026-05-21,Chepstow,8.40,rp_CHP_20260521_8.40,DAILY MIRROR (Newsboy),DAILY MIRROR (Newsboy),Robbo,False,LOSE,,,-1.0,The Green Mile,12.0
2026-05-21,Chepstow,5.30,rp_CHP_20260521_5.30,THE SUN (Templegate),THE SUN (Templegate),Green Titan,False,LOSE,,,-1.0,My A'ali Baba,15.0
2026-05-21,Chepstow,6.05,rp_CHP_20260521_6.05,THE SUN (Templegate),THE SUN (Templegate),Em Four,False,LOSE,,,-1.0,Betsen,4.0
2026-05-21,Chepstow,6.40,rp_CHP_20260521_6.40,THE SUN (Templegate),THE SUN (Templegate),Boston Max,False,WIN,1,2.38,1.38,My Mate Mackley,13.0
2026-05-21,Chepstow,7.10,rp_CHP_20260521_7.10,THE SUN (Templegate),THE SUN (Templegate),Romanovich,False,LOSE,,,-1.0,Dapper Gee Gee,3.5
2026-05-21,Chepstow,7.40,rp_CHP_20260521_7.40,THE SUN (Templegate),THE SUN (Templegate),Dancing With Drums,False,PLACE,3,5.5,-1.0,Autumn Angel,5.5
2026-05-21,Chepstow,8.10,rp_CHP_20260521_8.10,THE SUN (Templegate),THE SUN (Templegate),Windbreaker,False,LOSE,,,-1.0,Battle Of Maldon,5.5
2026-05-21,Chepstow,8.40,rp_CHP_20260521_8.40,THE SUN (Templegate),THE SUN (Templegate),River King,False,PLACE,2,1.62,-1.0,The Green Mile,12.0
2026-05-21,Chepstow,5.30,rp_CHP_20260521_5.30,THE STAR (Jason Heavey),THE STAR (Jason Heavey),Romidijo,False,PLACE,3,5.0,-1.0,My A'ali Baba,15.0
2026-05-21,Chepstow,6.05,rp_CHP_20260521_6.05,THE STAR (Jason Heavey),THE STAR (Jason Heavey),Em Four,False,LOSE,,,-1.0,Betsen,4.0
2026-05-21,Chepstow,6.40,rp_CHP_20260521_6.40,THE STAR (Jason Heavey),THE STAR (Jason Heavey),Stock Market,False,LOSE,,,-1.0,My Mate Mackley,13.0
2026-05-21,Chepstow,7.10,rp_CHP_20260521_7.10,THE STAR (Jason Heavey),THE STAR (Jason Heavey),Margorie,False,LOSE,,,-1.0,Dapper Gee Gee,3.5
2026-05-21,Chepstow,7.40,rp_CHP_20260521_7.40,THE STAR (Jason Heavey),THE STAR (Jason Heavey),Dancing With Drums,False,PLACE,3,5.5,-1.0,Autumn Angel,5.5
2026-05-21,Chepstow,8.10,rp_CHP_20260521_8.10,THE STAR (Jason Heavey),THE STAR (Jason Heavey),Windbreaker,False,LOSE,,,-1.0,Battle Of Maldon,5.5
2026-05-21,Chepstow,8.40,rp_CHP_20260521_8.40,THE STAR (Jason Heavey),THE STAR (Jason Heavey),Crystal Mariner,False,LOSE,,,-1.0,The Green Mile,12.0
2026-05-21,Chepstow,5.30,rp_CHP_20260521_5.30,DAILY RECORD (Garry Owen),DAILY RECORD (Garry Owen),Green Titan,False,LOSE,,,-1.0,My A'ali Baba,15.0
2026-05-21,Chepstow,6.05,rp_CHP_20260521_6.05,DAILY RECORD (Garry Owen),DAILY RECORD (Garry Owen),Em Four,False,LOSE,,,-1.0,Betsen,4.0
2026-05-21,Chepstow,6.40,rp_CHP_20260521_6.40,DAILY RECORD (Garry Owen),DAILY RECORD (Garry Owen),Stock Market,False,LOSE,,,-1.0,My Mate Mackley,13.0
2026-05-21,Chepstow,7.10,rp_CHP_20260521_7.10,DAILY RECORD (Garry Owen),DAILY RECORD (Garry Owen),Romanovich,False,LOSE,,,-1.0,Dapper Gee Gee,3.5
2026-05-21,Chepstow,7.40,rp_CHP_20260521_7.40,DAILY RECORD (Garry Owen),DAILY RECORD (Garry Owen),Dancing With Drums,False,PLACE,3,5.5,-1.0,Autumn Angel,5.5
2026-05-21,Chepstow,8.10,rp_CHP_20260521_8.10,DAILY RECORD (Garry Owen),DAILY RECORD (Garry Owen),Leonato,False,LOSE,,,-1.0,Battle Of Maldon,5.5
2026-05-21,Chepstow,8.40,rp_CHP_20260521_8.40,DAILY RECORD (Garry Owen),DAILY RECORD (Garry Owen),River King Page,False,PLACE,2,1.62,-1.0,The Green Mile,12.0
2026-05-21,Haydock,2.00,rp_HAY_20260521_2.00,SPOTLIGHT,SPOTLIGHT,Dreams Adozen,False,LOSE,,,-1.0,Torcello,3.75
2026-05-21,Haydock,2.30,rp_HAY_20260521_2.30,SPOTLIGHT,SPOTLIGHT,Scarlet Legend,False,PLACE,3,1.67,-1.0,Outback Legend,4.2
2026-05-21,Haydock,3.00,rp_HAY_20260521_3.00,SPOTLIGHT,SPOTLIGHT,Secret Of Life,False,WIN,1,2.62,1.62,Secret Of Life,2.62
2026-05-21,Haydock,3.30,rp_HAY_20260521_3.30,SPOTLIGHT,SPOTLIGHT,Eduardo Calderon,False,LOSE,,,-1.0,Euphonia,7.5
2026-05-21,Haydock,4.03,rp_HAY_20260521_4.03,SPOTLIGHT,SPOTLIGHT,Charted Course,False,PLACE,2,3.0,-1.0,Persian Land,15.0
2026-05-21,Haydock,4.38,rp_HAY_20260521_4.38,SPOTLIGHT,SPOTLIGHT,Stoneacre Joe,True,LOSE,,,-1.0,There's A Chance,4.33
2026-05-21,Haydock,5.13,rp_HAY_20260521_5.13,SPOTLIGHT,SPOTLIGHT,Wheels Of Fire,False,LOSE,,,-1.0,Trilby,2.88
2026-05-21,Haydock,2.00,rp_HAY_20260521_2.00,RP RATINGS,RP RATINGS (Paul Curtis),Ebony Maw,False,LOSE,,,-1.0,Torcello,3.75
2026-05-21,Haydock,3.30,rp_HAY_20260521_3.30,RP RATINGS,RP RATINGS (Paul Curtis),Eduardo Calderon,False,LOSE,,,-1.0,Euphonia,7.5
2026-05-21,Haydock,4.38,rp_HAY_20260521_4.38,RP RATINGS,RP RATINGS (Paul Curtis),Stoneacre Joe,False,LOSE,,,-1.0,There's A Chance,4.33
2026-05-21,Haydock,5.13,rp_HAY_20260521_5.13,RP RATINGS,RP RATINGS (Paul Curtis),Brummell,False,LOSE,,,-1.0,Trilby,2.88
2026-05-21,Haydock,2.00,rp_HAY_20260521_2.00,TOPSPEED,TOPSPEED,Ebony Maw,False,LOSE,,,-1.0,Torcello,3.75
2026-05-21,Haydock,3.30,rp_HAY_20260521_3.30,TOPSPEED,TOPSPEED,Go Victor,False,LOSE,,,-1.0,Euphonia,7.5
2026-05-21,Haydock,5.13,rp_HAY_20260521_5.13,TOPSPEED,TOPSPEED,The Bell Conductor,False,PLACE,2,12.0,-1.0,Trilby,2.88
2026-05-21,Haydock,2.00,rp_HAY_20260521_2.00,POSTDATA,POSTDATA,Maw,False,LOSE,,,-1.0,Torcello,3.75
2026-05-21,Haydock,2.30,rp_HAY_20260521_2.30,POSTDATA,POSTDATA,Scarlet Legend,False,PLACE,3,1.67,-1.0,Outback Legend,4.2
2026-05-21,Haydock,3.00,rp_HAY_20260521_3.00,POSTDATA,POSTDATA,Secret Of Life,False,WIN,1,2.62,1.62,Secret Of Life,2.62
2026-05-21,Haydock,3.30,rp_HAY_20260521_3.30,POSTDATA,POSTDATA,Supreme Clarets,False,LOSE,,,-1.0,Euphonia,7.5
2026-05-21,Haydock,4.03,rp_HAY_20260521_4.03,POSTDATA,POSTDATA,Regal Tiger,False,LOSE,,,-1.0,Persian Land,15.0
2026-05-21,Haydock,4.38,rp_HAY_20260521_4.38,POSTDATA,POSTDATA,Showtown,False,LOSE,,,-1.0,There's A Chance,4.33
2026-05-21,Haydock,5.13,rp_HAY_20260521_5.13,POSTDATA,POSTDATA,Trilby,False,WIN,1,2.88,1.88,Trilby,2.88
2026-05-21,Haydock,3.00,rp_HAY_20260521_3.00,LAMBOURN (Liam Headd),LAMBOURN (Liam Headd),Prima Bailarina,False,LOSE,,,-1.0,Secret Of Life,2.62
2026-05-21,Haydock,3.30,rp_HAY_20260521_3.30,LAMBOURN (Liam Headd),LAMBOURN (Liam Headd),Euphonia,False,WIN,1,7.5,6.5,Euphonia,7.5
2026-05-21,Haydock,4.03,rp_HAY_20260521_4.03,LAMBOURN (Liam Headd),LAMBOURN (Liam Headd),Keep Kicking On,False,LOSE,,,-1.0,Persian Land,15.0
2026-05-21,Haydock,4.38,rp_HAY_20260521_4.38,LAMBOURN (Liam Headd),LAMBOURN (Liam Headd),From The Hip,False,PLACE,3,17.0,-1.0,There's A Chance,4.33
2026-05-21,Haydock,2.00,rp_HAY_20260521_2.00,NEWMARKET (David Milnes),NEWMARKET (David Milnes),Dreams Adozen,False,LOSE,,,-1.0,Torcello,3.75
2026-05-21,Haydock,2.30,rp_HAY_20260521_2.30,NEWMARKET (David Milnes),NEWMARKET (David Milnes),Moonrunner,False,PLACE,2,10.0,-1.0,Outback Legend,4.2
2026-05-21,Haydock,3.00,rp_HAY_20260521_3.00,NEWMARKET (David Milnes),NEWMARKET (David Milnes),Pointe Bleu,False,LOSE,,,-1.0,Secret Of Life,2.62
2026-05-21,Haydock,3.30,rp_HAY_20260521_3.30,NEWMARKET (David Milnes),NEWMARKET (David Milnes),Lion Of Mali,False,LOSE,,,-1.0,Euphonia,7.5
2026-05-21,Haydock,4.38,rp_HAY_20260521_4.38,NEWMARKET (David Milnes),NEWMARKET (David Milnes),Angels' Share,False,LOSE,,,-1.0,There's A Chance,4.33
2026-05-21,Haydock,5.13,rp_HAY_20260521_5.13,NEWMARKET (David Milnes),NEWMARKET (David Milnes),Isle Of Lismore,False,LOSE,,,-1.0,Trilby,2.88
2026-05-21,Haydock,4.03,rp_HAY_20260521_4.03,WEST COUNTRY (Liam Watson),WEST COUNTRY (Liam Watson),Le Ciel Noble,False,LOSE,,,-1.0,Persian Land,15.0
2026-05-21,Haydock,4.38,rp_HAY_20260521_4.38,WEST COUNTRY (Liam Watson),WEST COUNTRY (Liam Watson),Guernsey Angel,False,LOSE,,,-1.0,There's A Chance,4.33
2026-05-21,Haydock,2.00,rp_HAY_20260521_2.00,THE TIMES (Rob Wright),THE TIMES (Rob Wright),Treasure Islands 4,False,PLACE,2,4.0,-1.0,Torcello,3.75
2026-05-21,Haydock,2.30,rp_HAY_20260521_2.30,THE TIMES (Rob Wright),THE TIMES (Rob Wright),Scarlet Legend,False,PLACE,3,1.67,-1.0,Outback Legend,4.2
2026-05-21,Haydock,3.00,rp_HAY_20260521_3.00,THE TIMES (Rob Wright),THE TIMES (Rob Wright),Secret Of Life,False,WIN,1,2.62,1.62,Secret Of Life,2.62
2026-05-21,Haydock,3.30,rp_HAY_20260521_3.30,THE TIMES (Rob Wright),THE TIMES (Rob Wright),Eduardo Calderon,False,LOSE,,,-1.0,Euphonia,7.5
2026-05-21,Haydock,4.03,rp_HAY_20260521_4.03,THE TIMES (Rob Wright),THE TIMES (Rob Wright),Charted Course,False,PLACE,2,3.0,-1.0,Persian Land,15.0
2026-05-21,Haydock,4.38,rp_HAY_20260521_4.38,THE TIMES (Rob Wright),THE TIMES (Rob Wright),Obsidian Verse,False,LOSE,,,-1.0,There's A Chance,4.33
2026-05-21,Haydock,5.13,rp_HAY_20260521_5.13,THE TIMES (Rob Wright),THE TIMES (Rob Wright),Trilby,False,WIN,1,2.88,1.88,Trilby,2.88
2026-05-21,Haydock,2.00,rp_HAY_20260521_2.00,TELEGRAPH (Marlborough),TELEGRAPH (Marlborough),Treasure Islands,False,PLACE,2,4.0,-1.0,Torcello,3.75
2026-05-21,Haydock,2.30,rp_HAY_20260521_2.30,TELEGRAPH (Marlborough),TELEGRAPH (Marlborough),Scarlet Legend,False,PLACE,3,1.67,-1.0,Outback Legend,4.2
2026-05-21,Haydock,3.00,rp_HAY_20260521_3.00,TELEGRAPH (Marlborough),TELEGRAPH (Marlborough),Shushu,False,PLACE,2,6.0,-1.0,Secret Of Life,2.62
2026-05-21,Haydock,3.30,rp_HAY_20260521_3.30,TELEGRAPH (Marlborough),TELEGRAPH (Marlborough),Eduardo Calderon,False,LOSE,,,-1.0,Euphonia,7.5
2026-05-21,Haydock,4.03,rp_HAY_20260521_4.03,TELEGRAPH (Marlborough),TELEGRAPH (Marlborough),Charted Course,False,PLACE,2,3.0,-1.0,Persian Land,15.0
2026-05-21,Haydock,4.38,rp_HAY_20260521_4.38,TELEGRAPH (Marlborough),TELEGRAPH (Marlborough),There's A Chance,False,WIN,1,4.33,3.33,There's A Chance,4.33
2026-05-21,Haydock,5.13,rp_HAY_20260521_5.13,TELEGRAPH (Marlborough),TELEGRAPH (Marlborough),Isle Of Lismore,False,LOSE,,,-1.0,Trilby,2.88
2026-05-21,Haydock,2.00,rp_HAY_20260521_2.00,THE GUARDIAN,THE GUARDIAN,Dreams Adozen,False,LOSE,,,-1.0,Torcello,3.75
2026-05-21,Haydock,2.30,rp_HAY_20260521_2.30,THE GUARDIAN,THE GUARDIAN,Scarlet Legend,False,PLACE,3,1.67,-1.0,Outback Legend,4.2
2026-05-21,Haydock,3.00,rp_HAY_20260521_3.00,THE GUARDIAN,THE GUARDIAN,Secret Of Life,False,WIN,1,2.62,1.62,Secret Of Life,2.62
2026-05-21,Haydock,3.30,rp_HAY_20260521_3.30,THE GUARDIAN,THE GUARDIAN,Euphonia,False,WIN,1,7.5,6.5,Euphonia,7.5
2026-05-21,Haydock,4.03,rp_HAY_20260521_4.03,THE GUARDIAN,THE GUARDIAN,Charted Course,False,PLACE,2,3.0,-1.0,Persian Land,15.0
2026-05-21,Haydock,4.38,rp_HAY_20260521_4.38,THE GUARDIAN,THE GUARDIAN,There's A Chance,False,WIN,1,4.33,3.33,There's A Chance,4.33
2026-05-21,Haydock,5.13,rp_HAY_20260521_5.13,THE GUARDIAN,THE GUARDIAN,Wheels Of Fire,False,LOSE,,,-1.0,Trilby,2.88
2026-05-21,Haydock,2.00,rp_HAY_20260521_2.00,DAILY MAIL (Robin Goodfellow),DAILY MAIL (Robin Goodfellow),Fleurman,False,LOSE,,,-1.0,Torcello,3.75
2026-05-21,Haydock,2.30,rp_HAY_20260521_2.30,DAILY MAIL (Robin Goodfellow),DAILY MAIL (Robin Goodfellow),Scarlet Legend,False,PLACE,3,1.67,-1.0,Outback Legend,4.2
2026-05-21,Haydock,3.00,rp_HAY_20260521_3.00,DAILY MAIL (Robin Goodfellow),DAILY MAIL (Robin Goodfellow),Shushu,False,PLACE,2,6.0,-1.0,Secret Of Life,2.62
2026-05-21,Haydock,3.30,rp_HAY_20260521_3.30,DAILY MAIL (Robin Goodfellow),DAILY MAIL (Robin Goodfellow),Eduardo Calderon,False,LOSE,,,-1.0,Euphonia,7.5
2026-05-21,Haydock,4.03,rp_HAY_20260521_4.03,DAILY MAIL (Robin Goodfellow),DAILY MAIL (Robin Goodfellow),Regal Tiger,False,LOSE,,,-1.0,Persian Land,15.0
2026-05-21,Haydock,4.38,rp_HAY_20260521_4.38,DAILY MAIL (Robin Goodfellow),DAILY MAIL (Robin Goodfellow),Stoneacre Joe,False,LOSE,,,-1.0,There's A Chance,4.33
2026-05-21,Haydock,5.13,rp_HAY_20260521_5.13,DAILY MAIL (Robin Goodfellow),DAILY MAIL (Robin Goodfellow),Trilby,True,WIN,1,2.88,1.88,Trilby,2.88
2026-05-21,Haydock,2.00,rp_HAY_20260521_2.00,D EXPRESS (Melissa Jones),D EXPRESS (Melissa Jones),Goin',False,LOSE,,,-1.0,Torcello,3.75
2026-05-21,Haydock,2.30,rp_HAY_20260521_2.30,D EXPRESS (Melissa Jones),D EXPRESS (Melissa Jones),Scarlet Legend,False,PLACE,3,1.67,-1.0,Outback Legend,4.2
2026-05-21,Haydock,3.00,rp_HAY_20260521_3.00,D EXPRESS (Melissa Jones),D EXPRESS (Melissa Jones),Secret Of Life,False,WIN,1,2.62,1.62,Secret Of Life,2.62
2026-05-21,Haydock,3.30,rp_HAY_20260521_3.30,D EXPRESS (Melissa Jones),D EXPRESS (Melissa Jones),Sun Of Dolly,False,LOSE,,,-1.0,Euphonia,7.5
2026-05-21,Haydock,4.03,rp_HAY_20260521_4.03,D EXPRESS (Melissa Jones),D EXPRESS (Melissa Jones),Regal Tiger,False,LOSE,,,-1.0,Persian Land,15.0
2026-05-21,Haydock,4.38,rp_HAY_20260521_4.38,D EXPRESS (Melissa Jones),D EXPRESS (Melissa Jones),There's A Chance,False,WIN,1,4.33,3.33,There's A Chance,4.33
2026-05-21,Haydock,5.13,rp_HAY_20260521_5.13,D EXPRESS (Melissa Jones),D EXPRESS (Melissa Jones),Isle Of Lismore,False,LOSE,,,-1.0,Trilby,2.88
2026-05-21,Haydock,2.00,rp_HAY_20260521_2.00,DAILY MIRROR (Newsboy),DAILY MIRROR (Newsboy),Treasure Islands,False,PLACE,2,4.0,-1.0,Torcello,3.75
2026-05-21,Haydock,2.30,rp_HAY_20260521_2.30,DAILY MIRROR (Newsboy),DAILY MIRROR (Newsboy),Scarlet Legend,False,PLACE,3,1.67,-1.0,Outback Legend,4.2
2026-05-21,Haydock,3.00,rp_HAY_20260521_3.00,DAILY MIRROR (Newsboy),DAILY MIRROR (Newsboy),Secret Of Life,False,WIN,1,2.62,1.62,Secret Of Life,2.62
2026-05-21,Haydock,3.30,rp_HAY_20260521_3.30,DAILY MIRROR (Newsboy),DAILY MIRROR (Newsboy),Lion Of Mali,False,LOSE,,,-1.0,Euphonia,7.5
2026-05-21,Haydock,4.03,rp_HAY_20260521_4.03,DAILY MIRROR (Newsboy),DAILY MIRROR (Newsboy),Charted Course,False,PLACE,2,3.0,-1.0,Persian Land,15.0
2026-05-21,Haydock,4.38,rp_HAY_20260521_4.38,DAILY MIRROR (Newsboy),DAILY MIRROR (Newsboy),There's A Chance,False,WIN,1,4.33,3.33,There's A Chance,4.33
2026-05-21,Haydock,5.13,rp_HAY_20260521_5.13,DAILY MIRROR (Newsboy),DAILY MIRROR (Newsboy),Trilby,False,WIN,1,2.88,1.88,Trilby,2.88
2026-05-21,Haydock,2.00,rp_HAY_20260521_2.00,THE SUN (Templegate),THE SUN (Templegate),Treasure Islands,False,PLACE,2,4.0,-1.0,Torcello,3.75
2026-05-21,Haydock,2.30,rp_HAY_20260521_2.30,THE SUN (Templegate),THE SUN (Templegate),Scarlet Legend,False,PLACE,3,1.67,-1.0,Outback Legend,4.2
2026-05-21,Haydock,3.00,rp_HAY_20260521_3.00,THE SUN (Templegate),THE SUN (Templegate),Secret Of Life,False,WIN,1,2.62,1.62,Secret Of Life,2.62
2026-05-21,Haydock,3.30,rp_HAY_20260521_3.30,THE SUN (Templegate),THE SUN (Templegate),Lion Of Mali,False,LOSE,,,-1.0,Euphonia,7.5
2026-05-21,Haydock,4.03,rp_HAY_20260521_4.03,THE SUN (Templegate),THE SUN (Templegate),Regal Tiger,False,LOSE,,,-1.0,Persian Land,15.0
2026-05-21,Haydock,4.38,rp_HAY_20260521_4.38,THE SUN (Templegate),THE SUN (Templegate),There's A Chance,False,WIN,1,4.33,3.33,There's A Chance,4.33
2026-05-21,Haydock,5.13,rp_HAY_20260521_5.13,THE SUN (Templegate),THE SUN (Templegate),Brummell,False,LOSE,,,-1.0,Trilby,2.88
2026-05-21,Haydock,2.00,rp_HAY_20260521_2.00,THE STAR (Jason Heavey),THE STAR (Jason Heavey),Goin',False,LOSE,,,-1.0,Torcello,3.75
2026-05-21,Haydock,2.30,rp_HAY_20260521_2.30,THE STAR (Jason Heavey),THE STAR (Jason Heavey),Moonrunner,False,PLACE,2,10.0,-1.0,Outback Legend,4.2
2026-05-21,Haydock,3.00,rp_HAY_20260521_3.00,THE STAR (Jason Heavey),THE STAR (Jason Heavey),Prima Bailarina,False,LOSE,,,-1.0,Secret Of Life,2.62
2026-05-21,Haydock,3.30,rp_HAY_20260521_3.30,THE STAR (Jason Heavey),THE STAR (Jason Heavey),Lion Of Mali,False,LOSE,,,-1.0,Euphonia,7.5
2026-05-21,Haydock,4.03,rp_HAY_20260521_4.03,THE STAR (Jason Heavey),THE STAR (Jason Heavey),Regal Tiger,False,LOSE,,,-1.0,Persian Land,15.0
2026-05-21,Haydock,4.38,rp_HAY_20260521_4.38,THE STAR (Jason Heavey),THE STAR (Jason Heavey),Stoneacre Joe,False,LOSE,,,-1.0,There's A Chance,4.33
2026-05-21,Haydock,5.13,rp_HAY_20260521_5.13,THE STAR (Jason Heavey),THE STAR (Jason Heavey),Isle Of Lismore,False,LOSE,,,-1.0,Trilby,2.88
2026-05-21,Haydock,2.00,rp_HAY_20260521_2.00,DAILY RECORD (Garry Owen),DAILY RECORD (Garry Owen),Fleurman,False,LOSE,,,-1.0,Torcello,3.75
2026-05-21,Haydock,2.30,rp_HAY_20260521_2.30,DAILY RECORD (Garry Owen),DAILY RECORD (Garry Owen),Scarlet Legend,False,PLACE,3,1.67,-1.0,Outback Legend,4.2
2026-05-21,Haydock,3.00,rp_HAY_20260521_3.00,DAILY RECORD (Garry Owen),DAILY RECORD (Garry Owen),Shushu,False,PLACE,2,6.0,-1.0,Secret Of Life,2.62
2026-05-21,Haydock,3.30,rp_HAY_20260521_3.30,DAILY RECORD (Garry Owen),DAILY RECORD (Garry Owen),Eduardo Calderon,False,LOSE,,,-1.0,Euphonia,7.5
2026-05-21,Haydock,4.03,rp_HAY_20260521_4.03,DAILY RECORD (Garry Owen),DAILY RECORD (Garry Owen),Charted Course,False,PLACE,2,3.0,-1.0,Persian Land,15.0
2026-05-21,Haydock,4.38,rp_HAY_20260521_4.38,DAILY RECORD (Garry Owen),DAILY RECORD (Garry Owen),Woolisle,False,PLACE,2,8.0,-1.0,There's A Chance,4.33
2026-05-21,Haydock,5.13,rp_HAY_20260521_5.13,DAILY RECORD (Garry Owen),DAILY RECORD (Garry Owen),Trilby Page,False,WIN,1,2.88,1.88,Trilby,2.88
2026-05-21,Limerick,4.43,rp_LIM_20260521_4.43,SPOTLIGHT,SPOTLIGHT,Ellies Rock,True,LOSE,,,-1.0,Mic Drop,8.0
2026-05-21,Limerick,5.18,rp_LIM_20260521_5.18,SPOTLIGHT,SPOTLIGHT,Broomfield Bijou,False,LOSE,,,-1.0,Look To The West,1.8
2026-05-21,Limerick,5.48,rp_LIM_20260521_5.48,SPOTLIGHT,SPOTLIGHT,Le Coq Hardi,False,PLACE,2,1.83,-1.0,Shadow Paddy,3.25
2026-05-21,Limerick,6.18,rp_LIM_20260521_6.18,SPOTLIGHT,SPOTLIGHT,Springboard,False,LOSE,,,-1.0,Toon Town,6.5
2026-05-21,Limerick,6.48,rp_LIM_20260521_6.48,SPOTLIGHT,SPOTLIGHT,Some Song,False,LOSE,,,-1.0,Sporting Glance,5.0
2026-05-21,Limerick,7.18,rp_LIM_20260521_7.18,SPOTLIGHT,SPOTLIGHT,Another Challenge,False,LOSE,,,-1.0,Zolpharine,6.5
2026-05-21,Limerick,7.48,rp_LIM_20260521_7.48,SPOTLIGHT,SPOTLIGHT,My Cullen,False,LOSE,,,-1.0,A Year Older,9.5
2026-05-21,Limerick,8.18,rp_LIM_20260521_8.18,SPOTLIGHT,SPOTLIGHT,Supreme Gift,False,LOSE,,,-1.0,Nastya,3.25
2026-05-21,Limerick,4.43,rp_LIM_20260521_4.43,RP RATINGS,RP RATINGS (Paul Curtis),Of Air,False,LOSE,,,-1.0,Mic Drop,8.0
2026-05-21,Limerick,5.18,rp_LIM_20260521_5.18,RP RATINGS,RP RATINGS (Paul Curtis),Look To The West,False,WIN,1,1.8,0.8,Look To The West,1.8
2026-05-21,Limerick,5.48,rp_LIM_20260521_5.48,RP RATINGS,RP RATINGS (Paul Curtis),Le Coq Hardi,False,PLACE,2,1.83,-1.0,Shadow Paddy,3.25
2026-05-21,Limerick,6.18,rp_LIM_20260521_6.18,RP RATINGS,RP RATINGS (Paul Curtis),Toon Town,False,WIN,1,6.5,5.5,Toon Town,6.5
2026-05-21,Limerick,6.48,rp_LIM_20260521_6.48,RP RATINGS,RP RATINGS (Paul Curtis),Ad Caelum,False,LOSE,,,-1.0,Sporting Glance,5.0
2026-05-21,Limerick,7.18,rp_LIM_20260521_7.18,RP RATINGS,RP RATINGS (Paul Curtis),Zolpharine,False,WIN,1,6.5,5.5,Zolpharine,6.5
2026-05-21,Limerick,7.48,rp_LIM_20260521_7.48,RP RATINGS,RP RATINGS (Paul Curtis),Love Like This,False,LOSE,,,-1.0,A Year Older,9.5
2026-05-21,Limerick,8.18,rp_LIM_20260521_8.18,RP RATINGS,RP RATINGS (Paul Curtis),Aclass,False,LOSE,,,-1.0,Nastya,3.25
2026-05-21,Limerick,4.43,rp_LIM_20260521_4.43,TOPSPEED,TOPSPEED,L'Amiral Fromentin,False,PLACE,3,9.5,-1.0,Mic Drop,8.0
2026-05-21,Limerick,5.18,rp_LIM_20260521_5.18,TOPSPEED,TOPSPEED,Broomfield Bijou,False,LOSE,,,-1.0,Look To The West,1.8
2026-05-21,Limerick,5.48,rp_LIM_20260521_5.48,TOPSPEED,TOPSPEED,Le Coq Hardi,False,PLACE,2,1.83,-1.0,Shadow Paddy,3.25
2026-05-21,Limerick,6.18,rp_LIM_20260521_6.18,TOPSPEED,TOPSPEED,Doyen Magic,False,LOSE,,,-1.0,Toon Town,6.5
2026-05-21,Limerick,7.18,rp_LIM_20260521_7.18,TOPSPEED,TOPSPEED,Zolpharine,False,WIN,1,6.5,5.5,Zolpharine,6.5
2026-05-21,Limerick,7.48,rp_LIM_20260521_7.48,TOPSPEED,TOPSPEED,Malton Groove,False,LOSE,,,-1.0,A Year Older,9.5
2026-05-21,Limerick,8.18,rp_LIM_20260521_8.18,TOPSPEED,TOPSPEED,Battle Of Mirbat,False,LOSE,,,-1.0,Nastya,3.25
2026-05-21,Limerick,4.43,rp_LIM_20260521_4.43,POSTDATA,POSTDATA,L'Amiral Fromentin,False,PLACE,3,9.5,-1.0,Mic Drop,8.0
2026-05-21,Limerick,5.18,rp_LIM_20260521_5.18,POSTDATA,POSTDATA,Look To The West,False,WIN,1,1.8,0.8,Look To The West,1.8
2026-05-21,Limerick,5.48,rp_LIM_20260521_5.48,POSTDATA,POSTDATA,Le Coq Hardi,False,PLACE,2,1.83,-1.0,Shadow Paddy,3.25
2026-05-21,Limerick,6.18,rp_LIM_20260521_6.18,POSTDATA,POSTDATA,Carlas Big Jim,False,PLACE,3,9.5,-1.0,Toon Town,6.5
2026-05-21,Limerick,6.48,rp_LIM_20260521_6.48,POSTDATA,POSTDATA,Ad Caelum,False,LOSE,,,-1.0,Sporting Glance,5.0
2026-05-21,Limerick,7.18,rp_LIM_20260521_7.18,POSTDATA,POSTDATA,Zolpharine,False,WIN,1,6.5,5.5,Zolpharine,6.5
2026-05-21,Limerick,7.48,rp_LIM_20260521_7.48,POSTDATA,POSTDATA,Oneforgonzo,False,LOSE,,,-1.0,A Year Older,9.5
2026-05-21,Limerick,8.18,rp_LIM_20260521_8.18,POSTDATA,POSTDATA,Nettuno Italia,False,LOSE,,,-1.0,Nastya,3.25
2026-05-21,Limerick,4.43,rp_LIM_20260521_4.43,THE IRISH SUN,THE IRISH SUN,Big Island,False,LOSE,,,-1.0,Mic Drop,8.0
2026-05-21,Limerick,5.18,rp_LIM_20260521_5.18,THE IRISH SUN,THE IRISH SUN,Affinity Rock,False,LOSE,,,-1.0,Look To The West,1.8
2026-05-21,Limerick,5.48,rp_LIM_20260521_5.48,THE IRISH SUN,THE IRISH SUN,Ocastle Des Mottes,False,LOSE,,,-1.0,Shadow Paddy,3.25
2026-05-21,Limerick,6.18,rp_LIM_20260521_6.18,THE IRISH SUN,THE IRISH SUN,Glitz And Glamour,False,LOSE,,,-1.0,Toon Town,6.5
2026-05-21,Limerick,6.48,rp_LIM_20260521_6.48,THE IRISH SUN,THE IRISH SUN,Haveigotnewsforyou,False,LOSE,,,-1.0,Sporting Glance,5.0
2026-05-21,Limerick,7.18,rp_LIM_20260521_7.18,THE IRISH SUN,THE IRISH SUN,Doyen Wolf 1,False,LOSE,,,-1.0,Zolpharine,6.5
2026-05-21,Limerick,7.48,rp_LIM_20260521_7.48,THE IRISH SUN,THE IRISH SUN,Without Exception,True,LOSE,,,-1.0,A Year Older,9.5
2026-05-21,Limerick,8.18,rp_LIM_20260521_8.18,THE IRISH SUN,THE IRISH SUN,Harbour Highway Page,False,PLACE,2,5.0,-1.0,Nastya,3.25
2026-05-21,Musselburgh,2.20,rp_MUS_20260521_2.20,SPOTLIGHT,SPOTLIGHT,Gallus Norman,False,WIN,1,3.0,2.0,Gallus Norman,3.0
2026-05-21,Musselburgh,2.50,rp_MUS_20260521_2.50,SPOTLIGHT,SPOTLIGHT,Explainingislosing,False,LOSE,,,-1.0,Cailin Aine,2.0
2026-05-21,Musselburgh,3.20,rp_MUS_20260521_3.20,SPOTLIGHT,SPOTLIGHT,Star Banner,False,LOSE,,,-1.0,Blakefell,2.88
2026-05-21,Musselburgh,3.50,rp_MUS_20260521_3.50,SPOTLIGHT,SPOTLIGHT,Krissy,False,WIN,1,1.33,0.33,Krissy,1.33
2026-05-21,Musselburgh,4.25,rp_MUS_20260521_4.25,SPOTLIGHT,SPOTLIGHT,Bellarchi,True,WIN,1,3.0,2.0,Bellarchi,3.0
2026-05-21,Musselburgh,5.00,rp_MUS_20260521_5.00,SPOTLIGHT,SPOTLIGHT,Spirit Catcher,False,PLACE,2,3.0,-1.0,Alpine Sierra,3.5
2026-05-21,Musselburgh,5.35,rp_MUS_20260521_5.35,SPOTLIGHT,SPOTLIGHT,Canaria Queen,False,WIN,1,4.33,3.33,Canaria Queen,4.33
2026-05-21,Musselburgh,2.20,rp_MUS_20260521_2.20,RP RATINGS,RP RATINGS (Paul Curtis),Elemental Eye,False,LOSE,,,-1.0,Gallus Norman,3.0
2026-05-21,Musselburgh,3.50,rp_MUS_20260521_3.50,RP RATINGS,RP RATINGS (Paul Curtis),Krissy,False,WIN,1,1.33,0.33,Krissy,1.33
2026-05-21,Musselburgh,4.25,rp_MUS_20260521_4.25,RP RATINGS,RP RATINGS (Paul Curtis),Jannas Journey,False,LOSE,,,-1.0,Bellarchi,3.0
2026-05-21,Musselburgh,5.00,rp_MUS_20260521_5.00,RP RATINGS,RP RATINGS (Paul Curtis),Spirit Catcher,False,PLACE,2,3.0,-1.0,Alpine Sierra,3.5
2026-05-21,Musselburgh,5.35,rp_MUS_20260521_5.35,RP RATINGS,RP RATINGS (Paul Curtis),Canaria Queen,False,WIN,1,4.33,3.33,Canaria Queen,4.33
2026-05-21,Musselburgh,2.50,rp_MUS_20260521_2.50,TOPSPEED,TOPSPEED,Cailin Aine,False,WIN,1,2.0,1.0,Cailin Aine,2.0
2026-05-21,Musselburgh,3.20,rp_MUS_20260521_3.20,TOPSPEED,TOPSPEED,Blakefell,False,WIN,1,2.88,1.88,Blakefell,2.88
2026-05-21,Musselburgh,4.25,rp_MUS_20260521_4.25,TOPSPEED,TOPSPEED,Bellarchi,False,WIN,1,3.0,2.0,Bellarchi,3.0
2026-05-21,Musselburgh,2.20,rp_MUS_20260521_2.20,POSTDATA,POSTDATA,Zimmerman,False,LOSE,,,-1.0,Gallus Norman,3.0
2026-05-21,Musselburgh,2.50,rp_MUS_20260521_2.50,POSTDATA,POSTDATA,Cailin Aine,False,WIN,1,2.0,1.0,Cailin Aine,2.0
2026-05-21,Musselburgh,3.20,rp_MUS_20260521_3.20,POSTDATA,POSTDATA,Whernside,False,LOSE,,,-1.0,Blakefell,2.88
2026-05-21,Musselburgh,3.50,rp_MUS_20260521_3.50,POSTDATA,POSTDATA,Krissy,False,WIN,1,1.33,0.33,Krissy,1.33
2026-05-21,Musselburgh,4.25,rp_MUS_20260521_4.25,POSTDATA,POSTDATA,Bellarchi,False,WIN,1,3.0,2.0,Bellarchi,3.0
2026-05-21,Musselburgh,5.00,rp_MUS_20260521_5.00,POSTDATA,POSTDATA,Alpine Sierra,False,WIN,1,3.5,2.5,Alpine Sierra,3.5
2026-05-21,Musselburgh,5.35,rp_MUS_20260521_5.35,POSTDATA,POSTDATA,Classy Clarets,False,PLACE,2,3.25,-1.0,Canaria Queen,4.33
2026-05-21,Musselburgh,2.20,rp_MUS_20260521_2.20,THE TIMES (Rob Wright),THE TIMES (Rob Wright),Gallus Norman,False,WIN,1,3.0,2.0,Gallus Norman,3.0
2026-05-21,Musselburgh,2.50,rp_MUS_20260521_2.50,THE TIMES (Rob Wright),THE TIMES (Rob Wright),Cailin Aine,False,WIN,1,2.0,1.0,Cailin Aine,2.0
2026-05-21,Musselburgh,3.20,rp_MUS_20260521_3.20,THE TIMES (Rob Wright),THE TIMES (Rob Wright),Blakefell,False,WIN,1,2.88,1.88,Blakefell,2.88
2026-05-21,Musselburgh,3.50,rp_MUS_20260521_3.50,THE TIMES (Rob Wright),THE TIMES (Rob Wright),Falcon Nine,False,LOSE,,,-1.0,Krissy,1.33
2026-05-21,Musselburgh,4.25,rp_MUS_20260521_4.25,THE TIMES (Rob Wright),THE TIMES (Rob Wright),Kosometsuke,False,LOSE,,,-1.0,Bellarchi,3.0
2026-05-21,Musselburgh,5.00,rp_MUS_20260521_5.00,THE TIMES (Rob Wright),THE TIMES (Rob Wright),Alpine Sierra,False,WIN,1,3.5,2.5,Alpine Sierra,3.5
2026-05-21,Musselburgh,5.35,rp_MUS_20260521_5.35,THE TIMES (Rob Wright),THE TIMES (Rob Wright),Invincible Crown,False,LOSE,,,-1.0,Canaria Queen,4.33
2026-05-21,Musselburgh,2.20,rp_MUS_20260521_2.20,TELEGRAPH (Marlborough),TELEGRAPH (Marlborough),Zimmerman,False,LOSE,,,-1.0,Gallus Norman,3.0
2026-05-21,Musselburgh,2.50,rp_MUS_20260521_2.50,TELEGRAPH (Marlborough),TELEGRAPH (Marlborough),Explainingislosing,False,LOSE,,,-1.0,Cailin Aine,2.0
2026-05-21,Musselburgh,3.20,rp_MUS_20260521_3.20,TELEGRAPH (Marlborough),TELEGRAPH (Marlborough),Whernside,False,LOSE,,,-1.0,Blakefell,2.88
2026-05-21,Musselburgh,3.50,rp_MUS_20260521_3.50,TELEGRAPH (Marlborough),TELEGRAPH (Marlborough),Glasses Up,False,LOSE,,,-1.0,Krissy,1.33
2026-05-21,Musselburgh,4.25,rp_MUS_20260521_4.25,TELEGRAPH (Marlborough),TELEGRAPH (Marlborough),Benacre,False,LOSE,,,-1.0,Bellarchi,3.0
2026-05-21,Musselburgh,5.00,rp_MUS_20260521_5.00,TELEGRAPH (Marlborough),TELEGRAPH (Marlborough),Alpine Sierra,False,WIN,1,3.5,2.5,Alpine Sierra,3.5
2026-05-21,Musselburgh,5.35,rp_MUS_20260521_5.35,TELEGRAPH (Marlborough),TELEGRAPH (Marlborough),Wrestling Revenue,False,LOSE,,,-1.0,Canaria Queen,4.33
2026-05-21,Musselburgh,2.20,rp_MUS_20260521_2.20,THE GUARDIAN,THE GUARDIAN,Gallus Norman,False,WIN,1,3.0,2.0,Gallus Norman,3.0
2026-05-21,Musselburgh,2.50,rp_MUS_20260521_2.50,THE GUARDIAN,THE GUARDIAN,Cailin Aine,False,WIN,1,2.0,1.0,Cailin Aine,2.0
2026-05-21,Musselburgh,3.20,rp_MUS_20260521_3.20,THE GUARDIAN,THE GUARDIAN,Blakefell,False,WIN,1,2.88,1.88,Blakefell,2.88
2026-05-21,Musselburgh,3.50,rp_MUS_20260521_3.50,THE GUARDIAN,THE GUARDIAN,Krissy,False,WIN,1,1.33,0.33,Krissy,1.33
2026-05-21,Musselburgh,4.25,rp_MUS_20260521_4.25,THE GUARDIAN,THE GUARDIAN,Kosometsuke,False,LOSE,,,-1.0,Bellarchi,3.0
2026-05-21,Musselburgh,5.00,rp_MUS_20260521_5.00,THE GUARDIAN,THE GUARDIAN,Alpine Sierra,False,WIN,1,3.5,2.5,Alpine Sierra,3.5
2026-05-21,Musselburgh,5.35,rp_MUS_20260521_5.35,THE GUARDIAN,THE GUARDIAN,Sir Benedict,False,PLACE,3,6.0,-1.0,Canaria Queen,4.33
2026-05-21,Musselburgh,2.20,rp_MUS_20260521_2.20,DAILY MAIL (Robin Goodfellow),DAILY MAIL (Robin Goodfellow),Norman,False,WIN,1,3.0,2.0,Gallus Norman,3.0
2026-05-21,Musselburgh,2.50,rp_MUS_20260521_2.50,DAILY MAIL (Robin Goodfellow),DAILY MAIL (Robin Goodfellow),Cailin Aine,False,WIN,1,2.0,1.0,Cailin Aine,2.0
2026-05-21,Musselburgh,3.20,rp_MUS_20260521_3.20,DAILY MAIL (Robin Goodfellow),DAILY MAIL (Robin Goodfellow),Blakefell,False,WIN,1,2.88,1.88,Blakefell,2.88
2026-05-21,Musselburgh,3.50,rp_MUS_20260521_3.50,DAILY MAIL (Robin Goodfellow),DAILY MAIL (Robin Goodfellow),Krissy,False,WIN,1,1.33,0.33,Krissy,1.33
2026-05-21,Musselburgh,4.25,rp_MUS_20260521_4.25,DAILY MAIL (Robin Goodfellow),DAILY MAIL (Robin Goodfellow),Persuasion,False,LOSE,,,-1.0,Bellarchi,3.0
2026-05-21,Musselburgh,5.00,rp_MUS_20260521_5.00,DAILY MAIL (Robin Goodfellow),DAILY MAIL (Robin Goodfellow),Alpine Sierra,False,WIN,1,3.5,2.5,Alpine Sierra,3.5
2026-05-21,Musselburgh,5.35,rp_MUS_20260521_5.35,DAILY MAIL (Robin Goodfellow),DAILY MAIL (Robin Goodfellow),Classy Clarets,False,PLACE,2,3.25,-1.0,Canaria Queen,4.33
2026-05-21,Musselburgh,2.20,rp_MUS_20260521_2.20,D EXPRESS (Melissa Jones),D EXPRESS (Melissa Jones),Beach,False,PLACE,2,2.75,-1.0,Gallus Norman,3.0
2026-05-21,Musselburgh,2.50,rp_MUS_20260521_2.50,D EXPRESS (Melissa Jones),D EXPRESS (Melissa Jones),Explainingislosing,False,LOSE,,,-1.0,Cailin Aine,2.0
2026-05-21,Musselburgh,3.20,rp_MUS_20260521_3.20,D EXPRESS (Melissa Jones),D EXPRESS (Melissa Jones),Blakefell,False,WIN,1,2.88,1.88,Blakefell,2.88
2026-05-21,Musselburgh,3.50,rp_MUS_20260521_3.50,D EXPRESS (Melissa Jones),D EXPRESS (Melissa Jones),Krissy,False,WIN,1,1.33,0.33,Krissy,1.33
2026-05-21,Musselburgh,4.25,rp_MUS_20260521_4.25,D EXPRESS (Melissa Jones),D EXPRESS (Melissa Jones),Misunderstood,False,LOSE,,,-1.0,Bellarchi,3.0
2026-05-21,Musselburgh,5.00,rp_MUS_20260521_5.00,D EXPRESS (Melissa Jones),D EXPRESS (Melissa Jones),Alpine Sierra,True,WIN,1,3.5,2.5,Alpine Sierra,3.5
2026-05-21,Musselburgh,5.35,rp_MUS_20260521_5.35,D EXPRESS (Melissa Jones),D EXPRESS (Melissa Jones),Sir Benedict,False,PLACE,3,6.0,-1.0,Canaria Queen,4.33
2026-05-21,Musselburgh,2.20,rp_MUS_20260521_2.20,DAILY MIRROR (Newsboy),DAILY MIRROR (Newsboy),Beach,False,PLACE,2,2.75,-1.0,Gallus Norman,3.0
2026-05-21,Musselburgh,2.50,rp_MUS_20260521_2.50,DAILY MIRROR (Newsboy),DAILY MIRROR (Newsboy),Explainingislosing,False,LOSE,,,-1.0,Cailin Aine,2.0
2026-05-21,Musselburgh,3.20,rp_MUS_20260521_3.20,DAILY MIRROR (Newsboy),DAILY MIRROR (Newsboy),Whernside,False,LOSE,,,-1.0,Blakefell,2.88
2026-05-21,Musselburgh,3.50,rp_MUS_20260521_3.50,DAILY MIRROR (Newsboy),DAILY MIRROR (Newsboy),Krissy,False,WIN,1,1.33,0.33,Krissy,1.33
2026-05-21,Musselburgh,4.25,rp_MUS_20260521_4.25,DAILY MIRROR (Newsboy),DAILY MIRROR (Newsboy),Bellarchi,False,WIN,1,3.0,2.0,Bellarchi,3.0
2026-05-21,Musselburgh,5.00,rp_MUS_20260521_5.00,DAILY MIRROR (Newsboy),DAILY MIRROR (Newsboy),Spirit Catcher,True,PLACE,2,3.0,-1.0,Alpine Sierra,3.5
2026-05-21,Musselburgh,5.35,rp_MUS_20260521_5.35,DAILY MIRROR (Newsboy),DAILY MIRROR (Newsboy),Sir Benedict,False,PLACE,3,6.0,-1.0,Canaria Queen,4.33
2026-05-21,Musselburgh,2.20,rp_MUS_20260521_2.20,THE SUN (Templegate),THE SUN (Templegate),Beach,False,PLACE,2,2.75,-1.0,Gallus Norman,3.0
2026-05-21,Musselburgh,2.50,rp_MUS_20260521_2.50,THE SUN (Templegate),THE SUN (Templegate),Anna Belardo,False,LOSE,,,-1.0,Cailin Aine,2.0
2026-05-21,Musselburgh,3.20,rp_MUS_20260521_3.20,THE SUN (Templegate),THE SUN (Templegate),Blakefell,False,WIN,1,2.88,1.88,Blakefell,2.88
2026-05-21,Musselburgh,3.50,rp_MUS_20260521_3.50,THE SUN (Templegate),THE SUN (Templegate),Krissy,False,WIN,1,1.33,0.33,Krissy,1.33
2026-05-21,Musselburgh,4.25,rp_MUS_20260521_4.25,THE SUN (Templegate),THE SUN (Templegate),Bellarchi,False,WIN,1,3.0,2.0,Bellarchi,3.0
2026-05-21,Musselburgh,5.00,rp_MUS_20260521_5.00,THE SUN (Templegate),THE SUN (Templegate),Star Cast,False,LOSE,,,-1.0,Alpine Sierra,3.5
2026-05-21,Musselburgh,5.35,rp_MUS_20260521_5.35,THE SUN (Templegate),THE SUN (Templegate),Royal Duke,False,LOSE,,,-1.0,Canaria Queen,4.33
2026-05-21,Musselburgh,2.20,rp_MUS_20260521_2.20,THE STAR (Jason Heavey),THE STAR (Jason Heavey),Gallus Norman,False,WIN,1,3.0,2.0,Gallus Norman,3.0
2026-05-21,Musselburgh,2.50,rp_MUS_20260521_2.50,THE STAR (Jason Heavey),THE STAR (Jason Heavey),Explainingislosing,False,LOSE,,,-1.0,Cailin Aine,2.0
2026-05-21,Musselburgh,3.20,rp_MUS_20260521_3.20,THE STAR (Jason Heavey),THE STAR (Jason Heavey),Whernside,False,LOSE,,,-1.0,Blakefell,2.88
2026-05-21,Musselburgh,3.50,rp_MUS_20260521_3.50,THE STAR (Jason Heavey),THE STAR (Jason Heavey),Krissy,True,WIN,1,1.33,0.33,Krissy,1.33
2026-05-21,Musselburgh,4.25,rp_MUS_20260521_4.25,THE STAR (Jason Heavey),THE STAR (Jason Heavey),Wild Nature,False,PLACE,3,8.5,-1.0,Bellarchi,3.0
2026-05-21,Musselburgh,5.00,rp_MUS_20260521_5.00,THE STAR (Jason Heavey),THE STAR (Jason Heavey),Star Cast,False,LOSE,,,-1.0,Alpine Sierra,3.5
2026-05-21,Musselburgh,5.35,rp_MUS_20260521_5.35,THE STAR (Jason Heavey),THE STAR (Jason Heavey),Classy Clarets,False,PLACE,2,3.25,-1.0,Canaria Queen,4.33
2026-05-21,Musselburgh,2.20,rp_MUS_20260521_2.20,DAILY RECORD (Garry Owen),DAILY RECORD (Garry Owen),Zimmerman,False,LOSE,,,-1.0,Gallus Norman,3.0
2026-05-21,Musselburgh,2.50,rp_MUS_20260521_2.50,DAILY RECORD (Garry Owen),DAILY RECORD (Garry Owen),Cailin Aine,False,WIN,1,2.0,1.0,Cailin Aine,2.0
2026-05-21,Musselburgh,3.20,rp_MUS_20260521_3.20,DAILY RECORD (Garry Owen),DAILY RECORD (Garry Owen),Whernside,False,LOSE,,,-1.0,Blakefell,2.88
2026-05-21,Musselburgh,3.50,rp_MUS_20260521_3.50,DAILY RECORD (Garry Owen),DAILY RECORD (Garry Owen),Krissy,False,WIN,1,1.33,0.33,Krissy,1.33
2026-05-21,Musselburgh,4.25,rp_MUS_20260521_4.25,DAILY RECORD (Garry Owen),DAILY RECORD (Garry Owen),Bellarchi,False,WIN,1,3.0,2.0,Bellarchi,3.0
2026-05-21,Musselburgh,5.00,rp_MUS_20260521_5.00,DAILY RECORD (Garry Owen),DAILY RECORD (Garry Owen),Alpine Sierra,False,WIN,1,3.5,2.5,Alpine Sierra,3.5
2026-05-21,Musselburgh,5.35,rp_MUS_20260521_5.35,DAILY RECORD (Garry Owen),DAILY RECORD (Garry Owen),Sir Benedict Page,False,PLACE,3,6.0,-1.0,Canaria Queen,4.33
2026-05-21,Southwell,5.23,rp_STH_20260521_5.23,SPOTLIGHT,SPOTLIGHT,Arth's Gold,False,PLACE,3,3.0,-1.0,It's Only Fun,21.0
2026-05-21,Southwell,5.57,rp_STH_20260521_5.57,SPOTLIGHT,SPOTLIGHT,J Street,False,PLACE,3,6.5,-1.0,Cayman Tai,4.5
2026-05-21,Southwell,6.30,rp_STH_20260521_6.30,SPOTLIGHT,SPOTLIGHT,Harmonics,False,WIN,1,4.5,3.5,Harmonics,4.5
2026-05-21,Southwell,7.00,rp_STH_20260521_7.00,SPOTLIGHT,SPOTLIGHT,Royal Fanfare,False,LOSE,,,-1.0,Dream Camp,6.5
2026-05-21,Southwell,7.30,rp_STH_20260521_7.30,SPOTLIGHT,SPOTLIGHT,Guadalevin,False,LOSE,,,-1.0,Choreography,6.5
2026-05-21,Southwell,8.00,rp_STH_20260521_8.00,SPOTLIGHT,SPOTLIGHT,Adelaide Bay,False,PLACE,2,2.25,-1.0,Fort Augustus,4.5
2026-05-21,Southwell,8.30,rp_STH_20260521_8.30,SPOTLIGHT,SPOTLIGHT,South Kensington,True,WIN,1,1.73,0.73,South Kensington,1.73
2026-05-21,Southwell,9.00,rp_STH_20260521_9.00,SPOTLIGHT,SPOTLIGHT,Daytona Lady,False,LOSE,,,-1.0,Albert Cee,8.5
2026-05-21,Southwell,5.23,rp_STH_20260521_5.23,RP RATINGS,RP RATINGS (Paul Curtis),Arth's Gold,False,PLACE,3,3.0,-1.0,It's Only Fun,21.0
2026-05-21,Southwell,5.57,rp_STH_20260521_5.57,RP RATINGS,RP RATINGS (Paul Curtis),Peregrine Falcon,False,LOSE,,,-1.0,Cayman Tai,4.5
2026-05-21,Southwell,8.00,rp_STH_20260521_8.00,RP RATINGS,RP RATINGS (Paul Curtis),Adelaide Bay,False,PLACE,2,2.25,-1.0,Fort Augustus,4.5
2026-05-21,Southwell,8.30,rp_STH_20260521_8.30,RP RATINGS,RP RATINGS (Paul Curtis),South Kensington,False,WIN,1,1.73,0.73,South Kensington,1.73
2026-05-21,Southwell,9.00,rp_STH_20260521_9.00,RP RATINGS,RP RATINGS (Paul Curtis),Forever Noah,False,PLACE,2,19.0,-1.0,Albert Cee,8.5
2026-05-21,Southwell,5.57,rp_STH_20260521_5.57,TOPSPEED,TOPSPEED,J Street,False,PLACE,3,6.5,-1.0,Cayman Tai,4.5
2026-05-21,Southwell,7.00,rp_STH_20260521_7.00,TOPSPEED,TOPSPEED,Royal Fanfare,False,LOSE,,,-1.0,Dream Camp,6.5
2026-05-21,Southwell,5.23,rp_STH_20260521_5.23,POSTDATA,POSTDATA,Sisterandbrother,False,PLACE,2,3.75,-1.0,It's Only Fun,21.0
2026-05-21,Southwell,5.57,rp_STH_20260521_5.57,POSTDATA,POSTDATA,Cayman Tai,False,WIN,1,4.5,3.5,Cayman Tai,4.5
2026-05-21,Southwell,6.30,rp_STH_20260521_6.30,POSTDATA,POSTDATA,Intsaar,False,LOSE,,,-1.0,Harmonics,4.5
2026-05-21,Southwell,7.00,rp_STH_20260521_7.00,POSTDATA,POSTDATA,Brunhilde,False,LOSE,,,-1.0,Dream Camp,6.5
2026-05-21,Southwell,7.30,rp_STH_20260521_7.30,POSTDATA,POSTDATA,Crown Ranger,False,LOSE,,,-1.0,Choreography,6.5
2026-05-21,Southwell,8.00,rp_STH_20260521_8.00,POSTDATA,POSTDATA,Fort Augustus,False,WIN,1,4.5,3.5,Fort Augustus,4.5
2026-05-21,Southwell,8.30,rp_STH_20260521_8.30,POSTDATA,POSTDATA,South Kensington,False,WIN,1,1.73,0.73,South Kensington,1.73
2026-05-21,Southwell,9.00,rp_STH_20260521_9.00,POSTDATA,POSTDATA,Daytona Lady,False,LOSE,,,-1.0,Albert Cee,8.5
2026-05-21,Southwell,5.23,rp_STH_20260521_5.23,NEWMARKET (David Milnes),NEWMARKET (David Milnes),Green Team,False,LOSE,,,-1.0,It's Only Fun,21.0
2026-05-21,Southwell,6.30,rp_STH_20260521_6.30,NEWMARKET (David Milnes),NEWMARKET (David Milnes),Affettuoso,False,LOSE,,,-1.0,Harmonics,4.5
2026-05-21,Southwell,7.00,rp_STH_20260521_7.00,NEWMARKET (David Milnes),NEWMARKET (David Milnes),Royal Fanfare,True,LOSE,,,-1.0,Dream Camp,6.5
2026-05-21,Southwell,7.30,rp_STH_20260521_7.30,NEWMARKET (David Milnes),NEWMARKET (David Milnes),Choreography,False,WIN,1,6.5,5.5,Choreography,6.5
2026-05-21,Southwell,8.00,rp_STH_20260521_8.00,NEWMARKET (David Milnes),NEWMARKET (David Milnes),Just King High,False,LOSE,,,-1.0,Fort Augustus,4.5
2026-05-21,Southwell,8.30,rp_STH_20260521_8.30,NEWMARKET (David Milnes),NEWMARKET (David Milnes),South Kensington,False,WIN,1,1.73,0.73,South Kensington,1.73
2026-05-21,Southwell,5.23,rp_STH_20260521_5.23,THE TIMES (Rob Wright),THE TIMES (Rob Wright),Sisterandbrother,False,PLACE,2,3.75,-1.0,It's Only Fun,21.0
2026-05-21,Southwell,5.57,rp_STH_20260521_5.57,THE TIMES (Rob Wright),THE TIMES (Rob Wright),J Street,False,PLACE,3,6.5,-1.0,Cayman Tai,4.5
2026-05-21,Southwell,6.30,rp_STH_20260521_6.30,THE TIMES (Rob Wright),THE TIMES (Rob Wright),Eljowhary,False,LOSE,,,-1.0,Harmonics,4.5
2026-05-21,Southwell,7.00,rp_STH_20260521_7.00,THE TIMES (Rob Wright),THE TIMES (Rob Wright),Royal Fanfare,False,LOSE,,,-1.0,Dream Camp,6.5
2026-05-21,Southwell,7.30,rp_STH_20260521_7.30,THE TIMES (Rob Wright),THE TIMES (Rob Wright),Guadalevin,False,LOSE,,,-1.0,Choreography,6.5
2026-05-21,Southwell,8.00,rp_STH_20260521_8.00,THE TIMES (Rob Wright),THE TIMES (Rob Wright),Just King High,False,LOSE,,,-1.0,Fort Augustus,4.5
2026-05-21,Southwell,8.30,rp_STH_20260521_8.30,THE TIMES (Rob Wright),THE TIMES (Rob Wright),South Kensington,False,WIN,1,1.73,0.73,South Kensington,1.73
2026-05-21,Southwell,9.00,rp_STH_20260521_9.00,THE TIMES (Rob Wright),THE TIMES (Rob Wright),Iconic Times,False,LOSE,,,-1.0,Albert Cee,8.5
2026-05-21,Southwell,5.23,rp_STH_20260521_5.23,TELEGRAPH (Marlborough),TELEGRAPH (Marlborough),Arth's Gold,False,PLACE,3,3.0,-1.0,It's Only Fun,21.0
2026-05-21,Southwell,5.57,rp_STH_20260521_5.57,TELEGRAPH (Marlborough),TELEGRAPH (Marlborough),Popular Dream,False,LOSE,,,-1.0,Cayman Tai,4.5
2026-05-21,Southwell,6.30,rp_STH_20260521_6.30,TELEGRAPH (Marlborough),TELEGRAPH (Marlborough),Harmonics,False,WIN,1,4.5,3.5,Harmonics,4.5
2026-05-21,Southwell,7.00,rp_STH_20260521_7.00,TELEGRAPH (Marlborough),TELEGRAPH (Marlborough),Royal Fanfare,False,LOSE,,,-1.0,Dream Camp,6.5
2026-05-21,Southwell,7.30,rp_STH_20260521_7.30,TELEGRAPH (Marlborough),TELEGRAPH (Marlborough),Cash Cove,False,LOSE,,,-1.0,Choreography,6.5
2026-05-21,Southwell,8.00,rp_STH_20260521_8.00,TELEGRAPH (Marlborough),TELEGRAPH (Marlborough),Fort Augustus,False,WIN,1,4.5,3.5,Fort Augustus,4.5
2026-05-21,Southwell,8.30,rp_STH_20260521_8.30,TELEGRAPH (Marlborough),TELEGRAPH (Marlborough),South Kensington,True,WIN,1,1.73,0.73,South Kensington,1.73
2026-05-21,Southwell,9.00,rp_STH_20260521_9.00,TELEGRAPH (Marlborough),TELEGRAPH (Marlborough),Iconic Times,False,LOSE,,,-1.0,Albert Cee,8.5
2026-05-21,Southwell,5.23,rp_STH_20260521_5.23,THE GUARDIAN,THE GUARDIAN,Sisterandbrother,False,PLACE,2,3.75,-1.0,It's Only Fun,21.0
2026-05-21,Southwell,5.57,rp_STH_20260521_5.57,THE GUARDIAN,THE GUARDIAN,Fantasy Obsessor,False,PLACE,2,4.5,-1.0,Cayman Tai,4.5
2026-05-21,Southwell,6.30,rp_STH_20260521_6.30,THE GUARDIAN,THE GUARDIAN,Mehmas Champion,False,LOSE,,,-1.0,Harmonics,4.5
2026-05-21,Southwell,7.00,rp_STH_20260521_7.00,THE GUARDIAN,THE GUARDIAN,Royal Fanfare,False,LOSE,,,-1.0,Dream Camp,6.5
2026-05-21,Southwell,7.30,rp_STH_20260521_7.30,THE GUARDIAN,THE GUARDIAN,Crown Ranger,False,LOSE,,,-1.0,Choreography,6.5
2026-05-21,Southwell,8.00,rp_STH_20260521_8.00,THE GUARDIAN,THE GUARDIAN,Adelaide Bay,False,PLACE,2,2.25,-1.0,Fort Augustus,4.5
2026-05-21,Southwell,8.30,rp_STH_20260521_8.30,THE GUARDIAN,THE GUARDIAN,South Kensington,False,WIN,1,1.73,0.73,South Kensington,1.73
2026-05-21,Southwell,9.00,rp_STH_20260521_9.00,THE GUARDIAN,THE GUARDIAN,Bomb Squad,False,PLACE,3,4.5,-1.0,Albert Cee,8.5
2026-05-21,Southwell,5.23,rp_STH_20260521_5.23,DAILY MAIL (Robin Goodfellow),DAILY MAIL (Robin Goodfellow),Arth's Gold,False,PLACE,3,3.0,-1.0,It's Only Fun,21.0
2026-05-21,Southwell,5.57,rp_STH_20260521_5.57,DAILY MAIL (Robin Goodfellow),DAILY MAIL (Robin Goodfellow),Fantasy Obsessor,False,PLACE,2,4.5,-1.0,Cayman Tai,4.5
2026-05-21,Southwell,6.30,rp_STH_20260521_6.30,DAILY MAIL (Robin Goodfellow),DAILY MAIL (Robin Goodfellow),Lone Warrior,False,PLACE,2,6.5,-1.0,Harmonics,4.5
2026-05-21,Southwell,7.00,rp_STH_20260521_7.00,DAILY MAIL (Robin Goodfellow),DAILY MAIL (Robin Goodfellow),Royal Fanfare,False,LOSE,,,-1.0,Dream Camp,6.5
2026-05-21,Southwell,7.30,rp_STH_20260521_7.30,DAILY MAIL (Robin Goodfellow),DAILY MAIL (Robin Goodfellow),Guadalevin,False,LOSE,,,-1.0,Choreography,6.5
2026-05-21,Southwell,8.00,rp_STH_20260521_8.00,DAILY MAIL (Robin Goodfellow),DAILY MAIL (Robin Goodfellow),Fort Augustus,False,WIN,1,4.5,3.5,Fort Augustus,4.5
2026-05-21,Southwell,8.30,rp_STH_20260521_8.30,DAILY MAIL (Robin Goodfellow),DAILY MAIL (Robin Goodfellow),South Kensington,False,WIN,1,1.73,0.73,South Kensington,1.73
2026-05-21,Southwell,9.00,rp_STH_20260521_9.00,DAILY MAIL (Robin Goodfellow),DAILY MAIL (Robin Goodfellow),Bomb Squad,False,PLACE,3,4.5,-1.0,Albert Cee,8.5
2026-05-21,Southwell,5.23,rp_STH_20260521_5.23,D EXPRESS (Melissa Jones),D EXPRESS (Melissa Jones),St Just In Time,False,LOSE,,,-1.0,It's Only Fun,21.0
2026-05-21,Southwell,5.57,rp_STH_20260521_5.57,D EXPRESS (Melissa Jones),D EXPRESS (Melissa Jones),Fantasy Obsessor,False,PLACE,2,4.5,-1.0,Cayman Tai,4.5
2026-05-21,Southwell,6.30,rp_STH_20260521_6.30,D EXPRESS (Melissa Jones),D EXPRESS (Melissa Jones),Affettuoso,False,LOSE,,,-1.0,Harmonics,4.5
2026-05-21,Southwell,7.00,rp_STH_20260521_7.00,D EXPRESS (Melissa Jones),D EXPRESS (Melissa Jones),Royal Fanfare,False,LOSE,,,-1.0,Dream Camp,6.5
2026-05-21,Southwell,7.30,rp_STH_20260521_7.30,D EXPRESS (Melissa Jones),D EXPRESS (Melissa Jones),Choreography,False,WIN,1,6.5,5.5,Choreography,6.5
2026-05-21,Southwell,8.00,rp_STH_20260521_8.00,D EXPRESS (Melissa Jones),D EXPRESS (Melissa Jones),Adelaide Bay,False,PLACE,2,2.25,-1.0,Fort Augustus,4.5
2026-05-21,Southwell,8.30,rp_STH_20260521_8.30,D EXPRESS (Melissa Jones),D EXPRESS (Melissa Jones),South Kensington,False,WIN,1,1.73,0.73,South Kensington,1.73
2026-05-21,Southwell,9.00,rp_STH_20260521_9.00,D EXPRESS (Melissa Jones),D EXPRESS (Melissa Jones),Tommy McJohn,False,LOSE,,,-1.0,Albert Cee,8.5
2026-05-21,Southwell,5.23,rp_STH_20260521_5.23,DAILY MIRROR (Newsboy),DAILY MIRROR (Newsboy),Sisterandbrother,False,PLACE,2,3.75,-1.0,It's Only Fun,21.0
2026-05-21,Southwell,5.57,rp_STH_20260521_5.57,DAILY MIRROR (Newsboy),DAILY MIRROR (Newsboy),Fantasy Obsessor,False,PLACE,2,4.5,-1.0,Cayman Tai,4.5
2026-05-21,Southwell,6.30,rp_STH_20260521_6.30,DAILY MIRROR (Newsboy),DAILY MIRROR (Newsboy),Affettuoso,False,LOSE,,,-1.0,Harmonics,4.5
2026-05-21,Southwell,7.00,rp_STH_20260521_7.00,DAILY MIRROR (Newsboy),DAILY MIRROR (Newsboy),Royal Fanfare,False,LOSE,,,-1.0,Dream Camp,6.5
2026-05-21,Southwell,7.30,rp_STH_20260521_7.30,DAILY MIRROR (Newsboy),DAILY MIRROR (Newsboy),Sea Idol,False,PLACE,2,29.0,-1.0,Choreography,6.5
2026-05-21,Southwell,8.00,rp_STH_20260521_8.00,DAILY MIRROR (Newsboy),DAILY MIRROR (Newsboy),Nubough,False,LOSE,,,-1.0,Fort Augustus,4.5
2026-05-21,Southwell,8.30,rp_STH_20260521_8.30,DAILY MIRROR (Newsboy),DAILY MIRROR (Newsboy),South Kensington,False,WIN,1,1.73,0.73,South Kensington,1.73
2026-05-21,Southwell,9.00,rp_STH_20260521_9.00,DAILY MIRROR (Newsboy),DAILY MIRROR (Newsboy),Big Apple Jack,False,LOSE,,,-1.0,Albert Cee,8.5
2026-05-21,Southwell,5.23,rp_STH_20260521_5.23,THE SUN (Templegate),THE SUN (Templegate),Sisterandbrother,False,PLACE,2,3.75,-1.0,It's Only Fun,21.0
2026-05-21,Southwell,5.57,rp_STH_20260521_5.57,THE SUN (Templegate),THE SUN (Templegate),Fantasy Obsessor,False,PLACE,2,4.5,-1.0,Cayman Tai,4.5
2026-05-21,Southwell,6.30,rp_STH_20260521_6.30,THE SUN (Templegate),THE SUN (Templegate),Affettuoso,False,LOSE,,,-1.0,Harmonics,4.5
2026-05-21,Southwell,7.00,rp_STH_20260521_7.00,THE SUN (Templegate),THE SUN (Templegate),Royal Fanfare,False,LOSE,,,-1.0,Dream Camp,6.5
2026-05-21,Southwell,7.30,rp_STH_20260521_7.30,THE SUN (Templegate),THE SUN (Templegate),Crown Ranger,False,LOSE,,,-1.0,Choreography,6.5
2026-05-21,Southwell,8.00,rp_STH_20260521_8.00,THE SUN (Templegate),THE SUN (Templegate),Adelaide Bay,False,PLACE,2,2.25,-1.0,Fort Augustus,4.5
2026-05-21,Southwell,8.30,rp_STH_20260521_8.30,THE SUN (Templegate),THE SUN (Templegate),South Kensington,False,WIN,1,1.73,0.73,South Kensington,1.73
2026-05-21,Southwell,9.00,rp_STH_20260521_9.00,THE SUN (Templegate),THE SUN (Templegate),Bomb Squad,False,PLACE,3,4.5,-1.0,Albert Cee,8.5
2026-05-21,Southwell,5.23,rp_STH_20260521_5.23,THE STAR (Jason Heavey),THE STAR (Jason Heavey),Sisterandbrother,False,PLACE,2,3.75,-1.0,It's Only Fun,21.0
2026-05-21,Southwell,5.57,rp_STH_20260521_5.57,THE STAR (Jason Heavey),THE STAR (Jason Heavey),Westgate Warrior,False,LOSE,,,-1.0,Cayman Tai,4.5
2026-05-21,Southwell,6.30,rp_STH_20260521_6.30,THE STAR (Jason Heavey),THE STAR (Jason Heavey),Mehmas Champion,False,LOSE,,,-1.0,Harmonics,4.5
2026-05-21,Southwell,7.00,rp_STH_20260521_7.00,THE STAR (Jason Heavey),THE STAR (Jason Heavey),Royal Fanfare,False,LOSE,,,-1.0,Dream Camp,6.5
2026-05-21,Southwell,7.30,rp_STH_20260521_7.30,THE STAR (Jason Heavey),THE STAR (Jason Heavey),Crown Ranger,False,LOSE,,,-1.0,Choreography,6.5
2026-05-21,Southwell,8.00,rp_STH_20260521_8.00,THE STAR (Jason Heavey),THE STAR (Jason Heavey),Just King High,False,LOSE,,,-1.0,Fort Augustus,4.5
2026-05-21,Southwell,8.30,rp_STH_20260521_8.30,THE STAR (Jason Heavey),THE STAR (Jason Heavey),South Kensington,False,WIN,1,1.73,0.73,South Kensington,1.73
2026-05-21,Southwell,9.00,rp_STH_20260521_9.00,THE STAR (Jason Heavey),THE STAR (Jason Heavey),Bomb Squad,False,PLACE,3,4.5,-1.0,Albert Cee,8.5
2026-05-21,Southwell,5.23,rp_STH_20260521_5.23,DAILY RECORD (Garry Owen),DAILY RECORD (Garry Owen),Arth's Gold,False,PLACE,3,3.0,-1.0,It's Only Fun,21.0
2026-05-21,Southwell,5.57,rp_STH_20260521_5.57,DAILY RECORD (Garry Owen),DAILY RECORD (Garry Owen),Fantasy Obsessor,False,PLACE,2,4.5,-1.0,Cayman Tai,4.5
2026-05-21,Southwell,6.30,rp_STH_20260521_6.30,DAILY RECORD (Garry Owen),DAILY RECORD (Garry Owen),Affettuoso,False,LOSE,,,-1.0,Harmonics,4.5
2026-05-21,Southwell,7.00,rp_STH_20260521_7.00,DAILY RECORD (Garry Owen),DAILY RECORD (Garry Owen),Royal Fanfare,False,LOSE,,,-1.0,Dream Camp,6.5
2026-05-21,Southwell,7.30,rp_STH_20260521_7.30,DAILY RECORD (Garry Owen),DAILY RECORD (Garry Owen),Sea Idol,False,PLACE,2,29.0,-1.0,Choreography,6.5
2026-05-21,Southwell,8.00,rp_STH_20260521_8.00,DAILY RECORD (Garry Owen),DAILY RECORD (Garry Owen),Fort Augustus,False,WIN,1,4.5,3.5,Fort Augustus,4.5
2026-05-21,Southwell,8.30,rp_STH_20260521_8.30,DAILY RECORD (Garry Owen),DAILY RECORD (Garry Owen),Turbo Command,False,PLACE,3,6.5,-1.0,South Kensington,1.73
2026-05-21,Southwell,9.00,rp_STH_20260521_9.00,DAILY RECORD (Garry Owen),DAILY RECORD (Garry Owen),Daytona Lady Page,False,LOSE,,,-1.0,Albert Cee,8.5
2026-05-22,Bath,2.08,rp_BAT_20260522_2.08,SPOTLIGHT,SPOTLIGHT,Basilette,False,PLACE,3,3.5,-1.0,Two Plus Two,7.0
2026-05-22,Bath,2.43,rp_BAT_20260522_2.43,SPOTLIGHT,SPOTLIGHT,Madrisa,False,LOSE,,,-1.0,Supplicate,1.62
2026-05-22,Bath,3.18,rp_BAT_20260522_3.18,SPOTLIGHT,SPOTLIGHT,Jaan Ki Tukri,False,PLACE,2,1.57,-1.0,Flight Signal,3.75
2026-05-22,Bath,3.53,rp_BAT_20260522_3.53,SPOTLIGHT,SPOTLIGHT,Silver Wraith,False,PLACE,2,2.62,-1.0,Toolatetonegotiate,6.5
2026-05-22,Bath,4.28,rp_BAT_20260522_4.28,SPOTLIGHT,SPOTLIGHT,Our Guy,False,LOSE,,,-1.0,Double Naughty,8.0
2026-05-22,Bath,5.03,rp_BAT_20260522_5.03,SPOTLIGHT,SPOTLIGHT,Southbank,False,LOSE,,,-1.0,Legendsoftheland,6.5
2026-05-22,Bath,5.40,rp_BAT_20260522_5.40,SPOTLIGHT,SPOTLIGHT,Newyorkstateofmind,True,LOSE,,,-1.0,Neptune Legend,5.0
2026-05-22,Bath,6.15,rp_BAT_20260522_6.15,SPOTLIGHT,SPOTLIGHT,Eutropia,False,LOSE,,,-1.0,Dappled Light,15.0
2026-05-22,Bath,2.08,rp_BAT_20260522_2.08,RP RATINGS,RP RATINGS (Paul Curtis),Basilette,False,PLACE,3,3.5,-1.0,Two Plus Two,7.0
2026-05-22,Bath,3.18,rp_BAT_20260522_3.18,RP RATINGS,RP RATINGS (Paul Curtis),Jaan Ki Tukri,False,PLACE,2,1.57,-1.0,Flight Signal,3.75
2026-05-22,Bath,3.53,rp_BAT_20260522_3.53,RP RATINGS,RP RATINGS (Paul Curtis),Silver Wraith,False,PLACE,2,2.62,-1.0,Toolatetonegotiate,6.5
2026-05-22,Bath,4.28,rp_BAT_20260522_4.28,RP RATINGS,RP RATINGS (Paul Curtis),Our Guy,False,LOSE,,,-1.0,Double Naughty,8.0
2026-05-22,Bath,5.03,rp_BAT_20260522_5.03,RP RATINGS,RP RATINGS (Paul Curtis),Zambezi Diamond,True,LOSE,,,-1.0,Legendsoftheland,6.5
2026-05-22,Bath,5.40,rp_BAT_20260522_5.40,RP RATINGS,RP RATINGS (Paul Curtis),Newyorkstateofmind,False,LOSE,,,-1.0,Neptune Legend,5.0
2026-05-22,Bath,6.15,rp_BAT_20260522_6.15,RP RATINGS,RP RATINGS (Paul Curtis),Eutropia,False,LOSE,,,-1.0,Dappled Light,15.0
2026-05-22,Bath,3.18,rp_BAT_20260522_3.18,TOPSPEED,TOPSPEED,Jaan Ki Tukri,False,PLACE,2,1.57,-1.0,Flight Signal,3.75
2026-05-22,Bath,3.53,rp_BAT_20260522_3.53,TOPSPEED,TOPSPEED,Silver Wraith,False,PLACE,2,2.62,-1.0,Toolatetonegotiate,6.5
2026-05-22,Bath,2.08,rp_BAT_20260522_2.08,POSTDATA,POSTDATA,Basilette,False,PLACE,3,3.5,-1.0,Two Plus Two,7.0
2026-05-22,Bath,2.43,rp_BAT_20260522_2.43,POSTDATA,POSTDATA,Madrisa,False,LOSE,,,-1.0,Supplicate,1.62
2026-05-22,Bath,3.18,rp_BAT_20260522_3.18,POSTDATA,POSTDATA,Jaan Ki Tukri,False,PLACE,2,1.57,-1.0,Flight Signal,3.75
2026-05-22,Bath,3.53,rp_BAT_20260522_3.53,POSTDATA,POSTDATA,Silver Wraith,False,PLACE,2,2.62,-1.0,Toolatetonegotiate,6.5
2026-05-22,Bath,4.28,rp_BAT_20260522_4.28,POSTDATA,POSTDATA,Our Guy,True,LOSE,,,-1.0,Double Naughty,8.0
2026-05-22,Bath,5.03,rp_BAT_20260522_5.03,POSTDATA,POSTDATA,Big Time Rascal,False,PLACE,2,7.5,-1.0,Legendsoftheland,6.5
2026-05-22,Bath,5.40,rp_BAT_20260522_5.40,POSTDATA,POSTDATA,Neptune Legend,False,WIN,1,5.0,4.0,Neptune Legend,5.0
2026-05-22,Bath,6.15,rp_BAT_20260522_6.15,POSTDATA,POSTDATA,Rosemary's Rose,False,LOSE,,,-1.0,Dappled Light,15.0
2026-05-22,Bath,3.18,rp_BAT_20260522_3.18,LAMBOURN (Liam Headd),LAMBOURN (Liam Headd),Jaan Ki Tukri,False,PLACE,2,1.57,-1.0,Flight Signal,3.75
2026-05-22,Bath,3.53,rp_BAT_20260522_3.53,LAMBOURN (Liam Headd),LAMBOURN (Liam Headd),Silver Wraith,False,PLACE,2,2.62,-1.0,Toolatetonegotiate,6.5
2026-05-22,Bath,4.28,rp_BAT_20260522_4.28,LAMBOURN (Liam Headd),LAMBOURN (Liam Headd),Our Guy,False,LOSE,,,-1.0,Double Naughty,8.0
2026-05-22,Bath,2.08,rp_BAT_20260522_2.08,NEWMARKET (David Milnes),NEWMARKET (David Milnes),Big Win,False,PLACE,2,4.0,-1.0,Two Plus Two,7.0
2026-05-22,Bath,2.43,rp_BAT_20260522_2.43,NEWMARKET (David Milnes),NEWMARKET (David Milnes),Madrisa,False,LOSE,,,-1.0,Supplicate,1.62
2026-05-22,Bath,3.18,rp_BAT_20260522_3.18,NEWMARKET (David Milnes),NEWMARKET (David Milnes),Minkaas,False,LOSE,,,-1.0,Flight Signal,3.75
2026-05-22,Bath,3.53,rp_BAT_20260522_3.53,NEWMARKET (David Milnes),NEWMARKET (David Milnes),Cuban Lady,False,LOSE,,,-1.0,Toolatetonegotiate,6.5
2026-05-22,Bath,4.28,rp_BAT_20260522_4.28,NEWMARKET (David Milnes),NEWMARKET (David Milnes),Control Room,False,PLACE,2,5.5,-1.0,Double Naughty,8.0
2026-05-22,Bath,5.40,rp_BAT_20260522_5.40,NEWMARKET (David Milnes),NEWMARKET (David Milnes),Rinky Tinky Tinky,False,LOSE,,,-1.0,Neptune Legend,5.0
2026-05-22,Bath,6.15,rp_BAT_20260522_6.15,NEWMARKET (David Milnes),NEWMARKET (David Milnes),Super Hit,False,LOSE,,,-1.0,Dappled Light,15.0
2026-05-22,Bath,2.08,rp_BAT_20260522_2.08,WEST COUNTRY (Liam Watson),WEST COUNTRY (Liam Watson),Man Of The Sea,True,LOSE,,,-1.0,Two Plus Two,7.0
2026-05-22,Bath,3.53,rp_BAT_20260522_3.53,WEST COUNTRY (Liam Watson),WEST COUNTRY (Liam Watson),Toolatetonegotiate,False,WIN,1,6.5,5.5,Toolatetonegotiate,6.5
2026-05-22,Bath,4.28,rp_BAT_20260522_4.28,WEST COUNTRY (Liam Watson),WEST COUNTRY (Liam Watson),Who Is Alice,False,LOSE,,,-1.0,Double Naughty,8.0
2026-05-22,Bath,5.03,rp_BAT_20260522_5.03,WEST COUNTRY (Liam Watson),WEST COUNTRY (Liam Watson),Legendsoftheland,False,WIN,1,6.5,5.5,Legendsoftheland,6.5
2026-05-22,Bath,5.40,rp_BAT_20260522_5.40,WEST COUNTRY (Liam Watson),WEST COUNTRY (Liam Watson),Sioux Warrior,False,PLACE,3,5.0,-1.0,Neptune Legend,5.0
2026-05-22,Bath,6.15,rp_BAT_20260522_6.15,WEST COUNTRY (Liam Watson),WEST COUNTRY (Liam Watson),Rosemary's Rose,False,LOSE,,,-1.0,Dappled Light,15.0
2026-05-22,Bath,2.08,rp_BAT_20260522_2.08,THE TIMES (Rob Wright),THE TIMES (Rob Wright),Basilette,False,PLACE,3,3.5,-1.0,Two Plus Two,7.0
2026-05-22,Bath,2.43,rp_BAT_20260522_2.43,THE TIMES (Rob Wright),THE TIMES (Rob Wright),Supplicate,False,WIN,1,1.62,0.62,Supplicate,1.62
2026-05-22,Bath,3.18,rp_BAT_20260522_3.18,THE TIMES (Rob Wright),THE TIMES (Rob Wright),Flight Signal,False,WIN,1,3.75,2.75,Flight Signal,3.75
2026-05-22,Bath,3.53,rp_BAT_20260522_3.53,THE TIMES (Rob Wright),THE TIMES (Rob Wright),Silver Wraith,False,PLACE,2,2.62,-1.0,Toolatetonegotiate,6.5
2026-05-22,Bath,4.28,rp_BAT_20260522_4.28,THE TIMES (Rob Wright),THE TIMES (Rob Wright),Escape Plan,False,LOSE,,,-1.0,Double Naughty,8.0
2026-05-22,Bath,5.03,rp_BAT_20260522_5.03,THE TIMES (Rob Wright),THE TIMES (Rob Wright),Zambezi Diamond,False,LOSE,,,-1.0,Legendsoftheland,6.5
2026-05-22,Bath,5.40,rp_BAT_20260522_5.40,THE TIMES (Rob Wright),THE TIMES (Rob Wright),Up The Anti,False,LOSE,,,-1.0,Neptune Legend,5.0
2026-05-22,Bath,6.15,rp_BAT_20260522_6.15,THE TIMES (Rob Wright),THE TIMES (Rob Wright),Oasis Sunrise,False,PLACE,2,5.5,-1.0,Dappled Light,15.0
2026-05-22,Bath,2.08,rp_BAT_20260522_2.08,TELEGRAPH (Marlborough),TELEGRAPH (Marlborough),Man Of The Sea,False,LOSE,,,-1.0,Two Plus Two,7.0
2026-05-22,Bath,2.43,rp_BAT_20260522_2.43,TELEGRAPH (Marlborough),TELEGRAPH (Marlborough),Supplicate,False,WIN,1,1.62,0.62,Supplicate,1.62
2026-05-22,Bath,3.18,rp_BAT_20260522_3.18,TELEGRAPH (Marlborough),TELEGRAPH (Marlborough),Flight Signal,False,WIN,1,3.75,2.75,Flight Signal,3.75
2026-05-22,Bath,3.53,rp_BAT_20260522_3.53,TELEGRAPH (Marlborough),TELEGRAPH (Marlborough),Moe's Legacy,False,LOSE,,,-1.0,Toolatetonegotiate,6.5
2026-05-22,Bath,4.28,rp_BAT_20260522_4.28,TELEGRAPH (Marlborough),TELEGRAPH (Marlborough),Control Room,False,PLACE,2,5.5,-1.0,Double Naughty,8.0
2026-05-22,Bath,5.03,rp_BAT_20260522_5.03,TELEGRAPH (Marlborough),TELEGRAPH (Marlborough),Sisters In The Sky,False,PLACE,3,15.0,-1.0,Legendsoftheland,6.5
2026-05-22,Bath,5.40,rp_BAT_20260522_5.40,TELEGRAPH (Marlborough),TELEGRAPH (Marlborough),Sioux Warrior,False,PLACE,3,5.0,-1.0,Neptune Legend,5.0
2026-05-22,Bath,6.15,rp_BAT_20260522_6.15,TELEGRAPH (Marlborough),TELEGRAPH (Marlborough),Oasis Sunrise,False,PLACE,2,5.5,-1.0,Dappled Light,15.0
2026-05-22,Bath,2.08,rp_BAT_20260522_2.08,THE GUARDIAN,THE GUARDIAN,Basilette,False,PLACE,3,3.5,-1.0,Two Plus Two,7.0
2026-05-22,Bath,2.43,rp_BAT_20260522_2.43,THE GUARDIAN,THE GUARDIAN,Madrisa,False,LOSE,,,-1.0,Supplicate,1.62
2026-05-22,Bath,3.18,rp_BAT_20260522_3.18,THE GUARDIAN,THE GUARDIAN,Jaan Ki Tukri,False,PLACE,2,1.57,-1.0,Flight Signal,3.75
2026-05-22,Bath,3.53,rp_BAT_20260522_3.53,THE GUARDIAN,THE GUARDIAN,Silver Wraith,False,PLACE,2,2.62,-1.0,Toolatetonegotiate,6.5
2026-05-22,Bath,4.28,rp_BAT_20260522_4.28,THE GUARDIAN,THE GUARDIAN,Control Room,False,PLACE,2,5.5,-1.0,Double Naughty,8.0
2026-05-22,Bath,5.03,rp_BAT_20260522_5.03,THE GUARDIAN,THE GUARDIAN,Vault Of Heaven,False,LOSE,,,-1.0,Legendsoftheland,6.5
2026-05-22,Bath,5.40,rp_BAT_20260522_5.40,THE GUARDIAN,THE GUARDIAN,Scent Of May,False,LOSE,,,-1.0,Neptune Legend,5.0
2026-05-22,Bath,6.15,rp_BAT_20260522_6.15,THE GUARDIAN,THE GUARDIAN,Oasis Sunrise,False,PLACE,2,5.5,-1.0,Dappled Light,15.0
2026-05-22,Bath,2.08,rp_BAT_20260522_2.08,DAILY MAIL (Robin Goodfellow),DAILY MAIL (Robin Goodfellow),Man Of The Sea,False,LOSE,,,-1.0,Two Plus Two,7.0
2026-05-22,Bath,2.43,rp_BAT_20260522_2.43,DAILY MAIL (Robin Goodfellow),DAILY MAIL (Robin Goodfellow),Madrisa,False,LOSE,,,-1.0,Supplicate,1.62
2026-05-22,Bath,3.18,rp_BAT_20260522_3.18,DAILY MAIL (Robin Goodfellow),DAILY MAIL (Robin Goodfellow),Flight Signal,False,WIN,1,3.75,2.75,Flight Signal,3.75
2026-05-22,Bath,3.53,rp_BAT_20260522_3.53,DAILY MAIL (Robin Goodfellow),DAILY MAIL (Robin Goodfellow),Moe's Legacy,False,LOSE,,,-1.0,Toolatetonegotiate,6.5
2026-05-22,Bath,4.28,rp_BAT_20260522_4.28,DAILY MAIL (Robin Goodfellow),DAILY MAIL (Robin Goodfellow),Our Guy,False,LOSE,,,-1.0,Double Naughty,8.0
2026-05-22,Bath,5.03,rp_BAT_20260522_5.03,DAILY MAIL (Robin Goodfellow),DAILY MAIL (Robin Goodfellow),Southbank,False,LOSE,,,-1.0,Legendsoftheland,6.5
2026-05-22,Bath,5.40,rp_BAT_20260522_5.40,DAILY MAIL (Robin Goodfellow),DAILY MAIL (Robin Goodfellow),Sioux Warrior,False,PLACE,3,5.0,-1.0,Neptune Legend,5.0
2026-05-22,Bath,6.15,rp_BAT_20260522_6.15,DAILY MAIL (Robin Goodfellow),DAILY MAIL (Robin Goodfellow),Eutropia,False,LOSE,,,-1.0,Dappled Light,15.0
2026-05-22,Bath,2.08,rp_BAT_20260522_2.08,D EXPRESS (Melissa Jones),D EXPRESS (Melissa Jones),Big Win,False,PLACE,2,4.0,-1.0,Two Plus Two,7.0
2026-05-22,Bath,2.43,rp_BAT_20260522_2.43,D EXPRESS (Melissa Jones),D EXPRESS (Melissa Jones),Supplicate,False,WIN,1,1.62,0.62,Supplicate,1.62
2026-05-22,Bath,3.18,rp_BAT_20260522_3.18,D EXPRESS (Melissa Jones),D EXPRESS (Melissa Jones),Flight Signal,False,WIN,1,3.75,2.75,Flight Signal,3.75
2026-05-22,Bath,3.53,rp_BAT_20260522_3.53,D EXPRESS (Melissa Jones),D EXPRESS (Melissa Jones),Silver Wraith,False,PLACE,2,2.62,-1.0,Toolatetonegotiate,6.5
2026-05-22,Bath,4.28,rp_BAT_20260522_4.28,D EXPRESS (Melissa Jones),D EXPRESS (Melissa Jones),Double Naughty,False,WIN,1,8.0,7.0,Double Naughty,8.0
2026-05-22,Bath,5.03,rp_BAT_20260522_5.03,D EXPRESS (Melissa Jones),D EXPRESS (Melissa Jones),Vault Of Heaven,False,LOSE,,,-1.0,Legendsoftheland,6.5
2026-05-22,Bath,5.40,rp_BAT_20260522_5.40,D EXPRESS (Melissa Jones),D EXPRESS (Melissa Jones),Mister Sandman,False,LOSE,,,-1.0,Neptune Legend,5.0
2026-05-22,Bath,6.15,rp_BAT_20260522_6.15,D EXPRESS (Melissa Jones),D EXPRESS (Melissa Jones),Tilani,False,LOSE,,,-1.0,Dappled Light,15.0
2026-05-22,Bath,2.08,rp_BAT_20260522_2.08,DAILY MIRROR (Newsboy),DAILY MIRROR (Newsboy),Basilette,False,PLACE,3,3.5,-1.0,Two Plus Two,7.0
2026-05-22,Bath,2.43,rp_BAT_20260522_2.43,DAILY MIRROR (Newsboy),DAILY MIRROR (Newsboy),Madrisa,False,LOSE,,,-1.0,Supplicate,1.62
2026-05-22,Bath,3.18,rp_BAT_20260522_3.18,DAILY MIRROR (Newsboy),DAILY MIRROR (Newsboy),Flight Signal,False,WIN,1,3.75,2.75,Flight Signal,3.75
2026-05-22,Bath,3.53,rp_BAT_20260522_3.53,DAILY MIRROR (Newsboy),DAILY MIRROR (Newsboy),Silver Wraith,False,PLACE,2,2.62,-1.0,Toolatetonegotiate,6.5
2026-05-22,Bath,4.28,rp_BAT_20260522_4.28,DAILY MIRROR (Newsboy),DAILY MIRROR (Newsboy),Control Room,False,PLACE,2,5.5,-1.0,Double Naughty,8.0
2026-05-22,Bath,5.03,rp_BAT_20260522_5.03,DAILY MIRROR (Newsboy),DAILY MIRROR (Newsboy),Secret Handsheikh,False,LOSE,,,-1.0,Legendsoftheland,6.5
2026-05-22,Bath,5.40,rp_BAT_20260522_5.40,DAILY MIRROR (Newsboy),DAILY MIRROR (Newsboy),Newyorkstateofmind,False,LOSE,,,-1.0,Neptune Legend,5.0
2026-05-22,Bath,6.15,rp_BAT_20260522_6.15,DAILY MIRROR (Newsboy),DAILY MIRROR (Newsboy),Tilani,True,LOSE,,,-1.0,Dappled Light,15.0
2026-05-22,Bath,2.08,rp_BAT_20260522_2.08,THE SUN (Templegate),THE SUN (Templegate),Cloudy Rose,False,LOSE,,,-1.0,Two Plus Two,7.0
2026-05-22,Bath,2.43,rp_BAT_20260522_2.43,THE SUN (Templegate),THE SUN (Templegate),Madrisa,False,LOSE,,,-1.0,Supplicate,1.62
2026-05-22,Bath,3.18,rp_BAT_20260522_3.18,THE SUN (Templegate),THE SUN (Templegate),Jaan Ki Tukri,False,PLACE,2,1.57,-1.0,Flight Signal,3.75
2026-05-22,Bath,3.53,rp_BAT_20260522_3.53,THE SUN (Templegate),THE SUN (Templegate),Silver Wraith,False,PLACE,2,2.62,-1.0,Toolatetonegotiate,6.5
2026-05-22,Bath,4.28,rp_BAT_20260522_4.28,THE SUN (Templegate),THE SUN (Templegate),Our Guy,False,LOSE,,,-1.0,Double Naughty,8.0
2026-05-22,Bath,5.03,rp_BAT_20260522_5.03,THE SUN (Templegate),THE SUN (Templegate),Southbank,False,LOSE,,,-1.0,Legendsoftheland,6.5
2026-05-22,Bath,5.40,rp_BAT_20260522_5.40,THE SUN (Templegate),THE SUN (Templegate),Up The Anti,False,LOSE,,,-1.0,Neptune Legend,5.0
2026-05-22,Bath,6.15,rp_BAT_20260522_6.15,THE SUN (Templegate),THE SUN (Templegate),Tilani,False,LOSE,,,-1.0,Dappled Light,15.0
2026-05-22,Bath,2.08,rp_BAT_20260522_2.08,THE STAR (Jason Heavey),THE STAR (Jason Heavey),Man Of The Sea,False,LOSE,,,-1.0,Two Plus Two,7.0
2026-05-22,Bath,2.43,rp_BAT_20260522_2.43,THE STAR (Jason Heavey),THE STAR (Jason Heavey),Supplicate,False,WIN,1,1.62,0.62,Supplicate,1.62
2026-05-22,Bath,3.18,rp_BAT_20260522_3.18,THE STAR (Jason Heavey),THE STAR (Jason Heavey),Flight Signal,False,WIN,1,3.75,2.75,Flight Signal,3.75
2026-05-22,Bath,3.53,rp_BAT_20260522_3.53,THE STAR (Jason Heavey),THE STAR (Jason Heavey),Toolatetonegotiate,False,WIN,1,6.5,5.5,Toolatetonegotiate,6.5
2026-05-22,Bath,4.28,rp_BAT_20260522_4.28,THE STAR (Jason Heavey),THE STAR (Jason Heavey),Our Guy,False,LOSE,,,-1.0,Double Naughty,8.0
2026-05-22,Bath,5.03,rp_BAT_20260522_5.03,THE STAR (Jason Heavey),THE STAR (Jason Heavey),Big Time Rascal,False,PLACE,2,7.5,-1.0,Legendsoftheland,6.5
2026-05-22,Bath,5.40,rp_BAT_20260522_5.40,THE STAR (Jason Heavey),THE STAR (Jason Heavey),Newyorkstateofmind,False,LOSE,,,-1.0,Neptune Legend,5.0
2026-05-22,Bath,6.15,rp_BAT_20260522_6.15,THE STAR (Jason Heavey),THE STAR (Jason Heavey),Tilani,False,LOSE,,,-1.0,Dappled Light,15.0
2026-05-22,Bath,2.08,rp_BAT_20260522_2.08,DAILY RECORD (Garry Owen),DAILY RECORD (Garry Owen),Basilette,False,PLACE,3,3.5,-1.0,Two Plus Two,7.0
2026-05-22,Bath,2.43,rp_BAT_20260522_2.43,DAILY RECORD (Garry Owen),DAILY RECORD (Garry Owen),Madrisa,False,LOSE,,,-1.0,Supplicate,1.62
2026-05-22,Bath,3.18,rp_BAT_20260522_3.18,DAILY RECORD (Garry Owen),DAILY RECORD (Garry Owen),Jaan Ki Tukri,False,PLACE,2,1.57,-1.0,Flight Signal,3.75
2026-05-22,Bath,3.53,rp_BAT_20260522_3.53,DAILY RECORD (Garry Owen),DAILY RECORD (Garry Owen),Toolatetonegotiate,False,WIN,1,6.5,5.5,Toolatetonegotiate,6.5
2026-05-22,Bath,4.28,rp_BAT_20260522_4.28,DAILY RECORD (Garry Owen),DAILY RECORD (Garry Owen),Our Guy,True,LOSE,,,-1.0,Double Naughty,8.0
2026-05-22,Bath,5.03,rp_BAT_20260522_5.03,DAILY RECORD (Garry Owen),DAILY RECORD (Garry Owen),Southbank,False,LOSE,,,-1.0,Legendsoftheland,6.5
2026-05-22,Bath,5.40,rp_BAT_20260522_5.40,DAILY RECORD (Garry Owen),DAILY RECORD (Garry Owen),Newyorkstateofmind,False,LOSE,,,-1.0,Neptune Legend,5.0
2026-05-22,Bath,6.15,rp_BAT_20260522_6.15,DAILY RECORD (Garry Owen),DAILY RECORD (Garry Owen),Eutropia Page,False,LOSE,,,-1.0,Dappled Light,15.0
2026-05-22,Downpatrick,5.20,,SPOTLIGHT,SPOTLIGHT,Holy Joe,False,UNMATCHED,,,0.0,,
2026-05-22,Downpatrick,5.52,,SPOTLIGHT,SPOTLIGHT,Seskin Flash,False,UNMATCHED,,,0.0,,
2026-05-22,Downpatrick,6.29,,SPOTLIGHT,SPOTLIGHT,Joya Del Mar,False,UNMATCHED,,,0.0,,
2026-05-22,Downpatrick,7.00,,SPOTLIGHT,SPOTLIGHT,Jerisk Star,True,UNMATCHED,,,0.0,,
2026-05-22,Downpatrick,7.30,,SPOTLIGHT,SPOTLIGHT,West Of Idaho,False,UNMATCHED,,,0.0,,
2026-05-22,Downpatrick,8.00,,SPOTLIGHT,SPOTLIGHT,Cause For Comment,False,UNMATCHED,,,0.0,,
2026-05-22,Downpatrick,8.30,,SPOTLIGHT,SPOTLIGHT,Dinner Dance,False,UNMATCHED,,,0.0,,
2026-05-22,Downpatrick,5.52,,RP RATINGS,RP RATINGS (Paul Curtis),Tell Us This,False,UNMATCHED,,,0.0,,
2026-05-22,Downpatrick,6.29,,RP RATINGS,RP RATINGS (Paul Curtis),Joya Del Mar,False,UNMATCHED,,,0.0,,
2026-05-22,Downpatrick,7.00,,RP RATINGS,RP RATINGS (Paul Curtis),Jerisk Star,False,UNMATCHED,,,0.0,,
2026-05-22,Downpatrick,7.30,,RP RATINGS,RP RATINGS (Paul Curtis),West Of Idaho,False,UNMATCHED,,,0.0,,
2026-05-22,Downpatrick,8.00,,RP RATINGS,RP RATINGS (Paul Curtis),Cause For Comment,False,UNMATCHED,,,0.0,,
2026-05-22,Downpatrick,5.52,,TOPSPEED,TOPSPEED,Tell Us This,False,UNMATCHED,,,0.0,,
2026-05-22,Downpatrick,5.20,,POSTDATA,POSTDATA,Mr Master Mac,False,UNMATCHED,,,0.0,,
2026-05-22,Downpatrick,5.52,,POSTDATA,POSTDATA,Tell Us This,False,UNMATCHED,,,0.0,,
2026-05-22,Downpatrick,6.29,,POSTDATA,POSTDATA,Gangster Granny,False,UNMATCHED,,,0.0,,
2026-05-22,Downpatrick,7.00,,POSTDATA,POSTDATA,Giant Haystacks,False,UNMATCHED,,,0.0,,
2026-05-22,Downpatrick,7.30,,POSTDATA,POSTDATA,West Of Idaho,False,UNMATCHED,,,0.0,,
2026-05-22,Downpatrick,8.00,,POSTDATA,POSTDATA,Dorking Cock,False,UNMATCHED,,,0.0,,
2026-05-22,Downpatrick,8.30,,POSTDATA,POSTDATA,Majestic Horizon,False,UNMATCHED,,,0.0,,
2026-05-22,Downpatrick,5.20,,THE IRISH SUN,THE IRISH SUN,Master Mac,False,UNMATCHED,,,0.0,,
2026-05-22,Downpatrick,5.52,,THE IRISH SUN,THE IRISH SUN,I'll Be Handy,True,UNMATCHED,,,0.0,,
2026-05-22,Downpatrick,6.29,,THE IRISH SUN,THE IRISH SUN,Annarubyrose 1,False,UNMATCHED,,,0.0,,
2026-05-22,Downpatrick,7.00,,THE IRISH SUN,THE IRISH SUN,Whispering Willow,False,UNMATCHED,,,0.0,,
2026-05-22,Downpatrick,7.30,,THE IRISH SUN,THE IRISH SUN,Everest The Brave,False,UNMATCHED,,,0.0,,
2026-05-22,Downpatrick,8.00,,THE IRISH SUN,THE IRISH SUN,Cause For Comment,False,UNMATCHED,,,0.0,,
2026-05-22,Downpatrick,8.30,,THE IRISH SUN,THE IRISH SUN,Theemeraldempress Page,False,UNMATCHED,,,0.0,,
2026-05-22,Goodwood,1.57,rp_GOO_20260522_1.57,SPOTLIGHT,SPOTLIGHT,Love Is,False,LOSE,,,-1.0,Night In Vegas,1.5
2026-05-22,Goodwood,2.32,rp_GOO_20260522_2.32,SPOTLIGHT,SPOTLIGHT,Lazurite,False,LOSE,,,-1.0,Pershaada,8.0
2026-05-22,Goodwood,3.07,rp_GOO_20260522_3.07,SPOTLIGHT,SPOTLIGHT,St Mawes,False,PLACE,2,3.0,-1.0,Bahadur,3.5
2026-05-22,Goodwood,3.42,rp_GOO_20260522_3.42,SPOTLIGHT,SPOTLIGHT,Sibling Rivelry,False,LOSE,,,-1.0,Orionis,4.5
2026-05-22,Goodwood,4.17,rp_GOO_20260522_4.17,SPOTLIGHT,SPOTLIGHT,Boiling Point,False,WIN,1,6.5,5.5,Boiling Point,6.5
2026-05-22,Goodwood,4.52,rp_GOO_20260522_4.52,SPOTLIGHT,SPOTLIGHT,Kisskodi,True,LOSE,,,-1.0,Crimson Spirit,5.0
2026-05-22,Goodwood,5.27,rp_GOO_20260522_5.27,SPOTLIGHT,SPOTLIGHT,Seven Questions,False,WIN,1,4.0,3.0,Seven Questions,4.0
2026-05-22,Goodwood,1.57,rp_GOO_20260522_1.57,RP RATINGS,RP RATINGS (Paul Curtis),Love Is,False,LOSE,,,-1.0,Night In Vegas,1.5
2026-05-22,Goodwood,2.32,rp_GOO_20260522_2.32,RP RATINGS,RP RATINGS (Paul Curtis),Lazurite,False,LOSE,,,-1.0,Pershaada,8.0
2026-05-22,Goodwood,3.07,rp_GOO_20260522_3.07,RP RATINGS,RP RATINGS (Paul Curtis),St Mawes,False,PLACE,2,3.0,-1.0,Bahadur,3.5
2026-05-22,Goodwood,3.42,rp_GOO_20260522_3.42,RP RATINGS,RP RATINGS (Paul Curtis),Venetia,False,PLACE,2,2.5,-1.0,Orionis,4.5
2026-05-22,Goodwood,4.17,rp_GOO_20260522_4.17,RP RATINGS,RP RATINGS (Paul Curtis),Boiling Point,False,WIN,1,6.5,5.5,Boiling Point,6.5
2026-05-22,Goodwood,4.52,rp_GOO_20260522_4.52,RP RATINGS,RP RATINGS (Paul Curtis),Oliver Show,False,LOSE,,,-1.0,Crimson Spirit,5.0
2026-05-22,Goodwood,5.27,rp_GOO_20260522_5.27,RP RATINGS,RP RATINGS (Paul Curtis),Canon's House,False,LOSE,,,-1.0,Seven Questions,4.0
2026-05-22,Goodwood,1.57,rp_GOO_20260522_1.57,TOPSPEED,TOPSPEED,Love Is,False,LOSE,,,-1.0,Night In Vegas,1.5
2026-05-22,Goodwood,2.32,rp_GOO_20260522_2.32,TOPSPEED,TOPSPEED,Lazurite,False,LOSE,,,-1.0,Pershaada,8.0
2026-05-22,Goodwood,3.07,rp_GOO_20260522_3.07,TOPSPEED,TOPSPEED,St Mawes,False,PLACE,2,3.0,-1.0,Bahadur,3.5
2026-05-22,Goodwood,3.42,rp_GOO_20260522_3.42,TOPSPEED,TOPSPEED,Quebella,False,PLACE,3,6.5,-1.0,Orionis,4.5
2026-05-22,Goodwood,4.17,rp_GOO_20260522_4.17,TOPSPEED,TOPSPEED,Boiling Point,False,WIN,1,6.5,5.5,Boiling Point,6.5
2026-05-22,Goodwood,4.52,rp_GOO_20260522_4.52,TOPSPEED,TOPSPEED,Kisskodi,False,LOSE,,,-1.0,Crimson Spirit,5.0
2026-05-22,Goodwood,5.27,rp_GOO_20260522_5.27,TOPSPEED,TOPSPEED,Glamorous Breeze,False,PLACE,3,21.0,-1.0,Seven Questions,4.0
2026-05-22,Goodwood,1.57,rp_GOO_20260522_1.57,POSTDATA,POSTDATA,Love Is,False,LOSE,,,-1.0,Night In Vegas,1.5
2026-05-22,Goodwood,2.32,rp_GOO_20260522_2.32,POSTDATA,POSTDATA,Lazurite,False,LOSE,,,-1.0,Pershaada,8.0
2026-05-22,Goodwood,3.07,rp_GOO_20260522_3.07,POSTDATA,POSTDATA,St Mawes,False,PLACE,2,3.0,-1.0,Bahadur,3.5
2026-05-22,Goodwood,3.42,rp_GOO_20260522_3.42,POSTDATA,POSTDATA,Sibling Rivelry,False,LOSE,,,-1.0,Orionis,4.5
2026-05-22,Goodwood,4.17,rp_GOO_20260522_4.17,POSTDATA,POSTDATA,Enfjaar,False,PLACE,3,5.0,-1.0,Boiling Point,6.5
2026-05-22,Goodwood,4.52,rp_GOO_20260522_4.52,POSTDATA,POSTDATA,Kisskodi,False,LOSE,,,-1.0,Crimson Spirit,5.0
2026-05-22,Goodwood,5.27,rp_GOO_20260522_5.27,POSTDATA,POSTDATA,Dream Composer,False,LOSE,,,-1.0,Seven Questions,4.0
2026-05-22,Goodwood,1.57,rp_GOO_20260522_1.57,LAMBOURN (Liam Headd),LAMBOURN (Liam Headd),Love Is,False,LOSE,,,-1.0,Night In Vegas,1.5
2026-05-22,Goodwood,2.32,rp_GOO_20260522_2.32,LAMBOURN (Liam Headd),LAMBOURN (Liam Headd),Lazurite,True,LOSE,,,-1.0,Pershaada,8.0
2026-05-22,Goodwood,3.07,rp_GOO_20260522_3.07,LAMBOURN (Liam Headd),LAMBOURN (Liam Headd),Caprelo,False,LOSE,,,-1.0,Bahadur,3.5
2026-05-22,Goodwood,3.42,rp_GOO_20260522_3.42,LAMBOURN (Liam Headd),LAMBOURN (Liam Headd),Miss Dolly Rocker,False,LOSE,,,-1.0,Orionis,4.5
2026-05-22,Goodwood,4.17,rp_GOO_20260522_4.17,LAMBOURN (Liam Headd),LAMBOURN (Liam Headd),Certain Lad,False,LOSE,,,-1.0,Boiling Point,6.5
2026-05-22,Goodwood,4.52,rp_GOO_20260522_4.52,LAMBOURN (Liam Headd),LAMBOURN (Liam Headd),The Dragon King,False,LOSE,,,-1.0,Crimson Spirit,5.0
2026-05-22,Goodwood,5.27,rp_GOO_20260522_5.27,LAMBOURN (Liam Headd),LAMBOURN (Liam Headd),Nogo's Dream,False,LOSE,,,-1.0,Seven Questions,4.0
2026-05-22,Goodwood,2.32,rp_GOO_20260522_2.32,NEWMARKET (David Milnes),NEWMARKET (David Milnes),Magic Effort,False,LOSE,,,-1.0,Pershaada,8.0
2026-05-22,Goodwood,3.07,rp_GOO_20260522_3.07,NEWMARKET (David Milnes),NEWMARKET (David Milnes),Bahadur,False,WIN,1,3.5,2.5,Bahadur,3.5
2026-05-22,Goodwood,3.42,rp_GOO_20260522_3.42,NEWMARKET (David Milnes),NEWMARKET (David Milnes),Orionis,False,WIN,1,4.5,3.5,Orionis,4.5
2026-05-22,Goodwood,4.17,rp_GOO_20260522_4.17,NEWMARKET (David Milnes),NEWMARKET (David Milnes),Involvement,False,LOSE,,,-1.0,Boiling Point,6.5
2026-05-22,Goodwood,4.52,rp_GOO_20260522_4.52,NEWMARKET (David Milnes),NEWMARKET (David Milnes),Philanthropist,False,PLACE,3,12.0,-1.0,Crimson Spirit,5.0
2026-05-22,Goodwood,5.27,rp_GOO_20260522_5.27,NEWMARKET (David Milnes),NEWMARKET (David Milnes),Forager,False,LOSE,,,-1.0,Seven Questions,4.0
2026-05-22,Goodwood,1.57,rp_GOO_20260522_1.57,THE TIMES (Rob Wright),THE TIMES (Rob Wright),Night In Vegas,False,WIN,1,1.5,0.5,Night In Vegas,1.5
2026-05-22,Goodwood,2.32,rp_GOO_20260522_2.32,THE TIMES (Rob Wright),THE TIMES (Rob Wright),Lazurite,False,LOSE,,,-1.0,Pershaada,8.0
2026-05-22,Goodwood,3.07,rp_GOO_20260522_3.07,THE TIMES (Rob Wright),THE TIMES (Rob Wright),St Mawes,False,PLACE,2,3.0,-1.0,Bahadur,3.5
2026-05-22,Goodwood,3.42,rp_GOO_20260522_3.42,THE TIMES (Rob Wright),THE TIMES (Rob Wright),Amora Queen,False,LOSE,,,-1.0,Orionis,4.5
2026-05-22,Goodwood,4.17,rp_GOO_20260522_4.17,THE TIMES (Rob Wright),THE TIMES (Rob Wright),La Botte 2,False,LOSE,,,-1.0,Boiling Point,6.5
2026-05-22,Goodwood,4.52,rp_GOO_20260522_4.52,THE TIMES (Rob Wright),THE TIMES (Rob Wright),Oliver Show,False,LOSE,,,-1.0,Crimson Spirit,5.0
2026-05-22,Goodwood,5.27,rp_GOO_20260522_5.27,THE TIMES (Rob Wright),THE TIMES (Rob Wright),Dream Composer,False,LOSE,,,-1.0,Seven Questions,4.0
2026-05-22,Goodwood,1.57,rp_GOO_20260522_1.57,TELEGRAPH (Marlborough),TELEGRAPH (Marlborough),Love Is,False,LOSE,,,-1.0,Night In Vegas,1.5
2026-05-22,Goodwood,2.32,rp_GOO_20260522_2.32,TELEGRAPH (Marlborough),TELEGRAPH (Marlborough),Lazurite,False,LOSE,,,-1.0,Pershaada,8.0
2026-05-22,Goodwood,3.07,rp_GOO_20260522_3.07,TELEGRAPH (Marlborough),TELEGRAPH (Marlborough),St Mawes,False,PLACE,2,3.0,-1.0,Bahadur,3.5
2026-05-22,Goodwood,3.42,rp_GOO_20260522_3.42,TELEGRAPH (Marlborough),TELEGRAPH (Marlborough),Quebella,False,PLACE,3,6.5,-1.0,Orionis,4.5
2026-05-22,Goodwood,4.17,rp_GOO_20260522_4.17,TELEGRAPH (Marlborough),TELEGRAPH (Marlborough),La Botte,False,LOSE,,,-1.0,Boiling Point,6.5
2026-05-22,Goodwood,4.52,rp_GOO_20260522_4.52,TELEGRAPH (Marlborough),TELEGRAPH (Marlborough),Kisskodi,False,LOSE,,,-1.0,Crimson Spirit,5.0
2026-05-22,Goodwood,5.27,rp_GOO_20260522_5.27,TELEGRAPH (Marlborough),TELEGRAPH (Marlborough),Dyonisos,False,PLACE,2,5.5,-1.0,Seven Questions,4.0
2026-05-22,Goodwood,1.57,rp_GOO_20260522_1.57,THE GUARDIAN,THE GUARDIAN,Love Is,False,LOSE,,,-1.0,Night In Vegas,1.5
2026-05-22,Goodwood,2.32,rp_GOO_20260522_2.32,THE GUARDIAN,THE GUARDIAN,Lazurite,False,LOSE,,,-1.0,Pershaada,8.0
2026-05-22,Goodwood,3.07,rp_GOO_20260522_3.07,THE GUARDIAN,THE GUARDIAN,St Mawes,False,PLACE,2,3.0,-1.0,Bahadur,3.5
2026-05-22,Goodwood,3.42,rp_GOO_20260522_3.42,THE GUARDIAN,THE GUARDIAN,Venetia,False,PLACE,2,2.5,-1.0,Orionis,4.5
2026-05-22,Goodwood,4.17,rp_GOO_20260522_4.17,THE GUARDIAN,THE GUARDIAN,Ice Max,False,LOSE,,,-1.0,Boiling Point,6.5
2026-05-22,Goodwood,4.52,rp_GOO_20260522_4.52,THE GUARDIAN,THE GUARDIAN,Mister Bluebird 2,False,PLACE,2,9.0,-1.0,Crimson Spirit,5.0
2026-05-22,Goodwood,5.27,rp_GOO_20260522_5.27,THE GUARDIAN,THE GUARDIAN,Dream Composer,False,LOSE,,,-1.0,Seven Questions,4.0
2026-05-22,Goodwood,1.57,rp_GOO_20260522_1.57,DAILY MAIL (Robin Goodfellow),DAILY MAIL (Robin Goodfellow),Love Is,False,LOSE,,,-1.0,Night In Vegas,1.5
2026-05-22,Goodwood,2.32,rp_GOO_20260522_2.32,DAILY MAIL (Robin Goodfellow),DAILY MAIL (Robin Goodfellow),Lazurite,False,LOSE,,,-1.0,Pershaada,8.0
2026-05-22,Goodwood,3.07,rp_GOO_20260522_3.07,DAILY MAIL (Robin Goodfellow),DAILY MAIL (Robin Goodfellow),Give It To Me Oj,False,LOSE,,,-1.0,Bahadur,3.5
2026-05-22,Goodwood,3.42,rp_GOO_20260522_3.42,DAILY MAIL (Robin Goodfellow),DAILY MAIL (Robin Goodfellow),Orionis,False,WIN,1,4.5,3.5,Orionis,4.5
2026-05-22,Goodwood,4.17,rp_GOO_20260522_4.17,DAILY MAIL (Robin Goodfellow),DAILY MAIL (Robin Goodfellow),Naqeeb,True,PLACE,2,15.0,-1.0,Boiling Point,6.5
2026-05-22,Goodwood,4.52,rp_GOO_20260522_4.52,DAILY MAIL (Robin Goodfellow),DAILY MAIL (Robin Goodfellow),Shiplake,False,LOSE,,,-1.0,Crimson Spirit,5.0
2026-05-22,Goodwood,5.27,rp_GOO_20260522_5.27,DAILY MAIL (Robin Goodfellow),DAILY MAIL (Robin Goodfellow),Dream Composer,False,LOSE,,,-1.0,Seven Questions,4.0
2026-05-22,Goodwood,1.57,rp_GOO_20260522_1.57,D EXPRESS (Melissa Jones),D EXPRESS (Melissa Jones),In Vegas,False,WIN,1,1.5,0.5,Night In Vegas,1.5
2026-05-22,Goodwood,2.32,rp_GOO_20260522_2.32,D EXPRESS (Melissa Jones),D EXPRESS (Melissa Jones),Lazurite,False,LOSE,,,-1.0,Pershaada,8.0
2026-05-22,Goodwood,3.07,rp_GOO_20260522_3.07,D EXPRESS (Melissa Jones),D EXPRESS (Melissa Jones),St Mawes,False,PLACE,2,3.0,-1.0,Bahadur,3.5
2026-05-22,Goodwood,3.42,rp_GOO_20260522_3.42,D EXPRESS (Melissa Jones),D EXPRESS (Melissa Jones),Orionis,False,WIN,1,4.5,3.5,Orionis,4.5
2026-05-22,Goodwood,4.17,rp_GOO_20260522_4.17,D EXPRESS (Melissa Jones),D EXPRESS (Melissa Jones),Enfjaar,False,PLACE,3,5.0,-1.0,Boiling Point,6.5
2026-05-22,Goodwood,4.52,rp_GOO_20260522_4.52,D EXPRESS (Melissa Jones),D EXPRESS (Melissa Jones),Kisskodi,False,LOSE,,,-1.0,Crimson Spirit,5.0
2026-05-22,Goodwood,5.27,rp_GOO_20260522_5.27,D EXPRESS (Melissa Jones),D EXPRESS (Melissa Jones),Dream Composer,False,LOSE,,,-1.0,Seven Questions,4.0
2026-05-22,Goodwood,1.57,rp_GOO_20260522_1.57,DAILY MIRROR (Newsboy),DAILY MIRROR (Newsboy),Is,False,LOSE,,,-1.0,Night In Vegas,1.5
2026-05-22,Goodwood,2.32,rp_GOO_20260522_2.32,DAILY MIRROR (Newsboy),DAILY MIRROR (Newsboy),Lazurite,False,LOSE,,,-1.0,Pershaada,8.0
2026-05-22,Goodwood,3.07,rp_GOO_20260522_3.07,DAILY MIRROR (Newsboy),DAILY MIRROR (Newsboy),St Mawes,False,PLACE,2,3.0,-1.0,Bahadur,3.5
2026-05-22,Goodwood,3.42,rp_GOO_20260522_3.42,DAILY MIRROR (Newsboy),DAILY MIRROR (Newsboy),Orionis,False,WIN,1,4.5,3.5,Orionis,4.5
2026-05-22,Goodwood,4.17,rp_GOO_20260522_4.17,DAILY MIRROR (Newsboy),DAILY MIRROR (Newsboy),Enfjaar,False,PLACE,3,5.0,-1.0,Boiling Point,6.5
2026-05-22,Goodwood,4.52,rp_GOO_20260522_4.52,DAILY MIRROR (Newsboy),DAILY MIRROR (Newsboy),Crimson Spirit,False,WIN,1,5.0,4.0,Crimson Spirit,5.0
2026-05-22,Goodwood,5.27,rp_GOO_20260522_5.27,DAILY MIRROR (Newsboy),DAILY MIRROR (Newsboy),Nogo's Dream,False,LOSE,,,-1.0,Seven Questions,4.0
2026-05-22,Goodwood,1.57,rp_GOO_20260522_1.57,THE SUN (Templegate),THE SUN (Templegate),Is,False,LOSE,,,-1.0,Night In Vegas,1.5
2026-05-22,Goodwood,2.32,rp_GOO_20260522_2.32,THE SUN (Templegate),THE SUN (Templegate),Lazurite,False,LOSE,,,-1.0,Pershaada,8.0
2026-05-22,Goodwood,3.07,rp_GOO_20260522_3.07,THE SUN (Templegate),THE SUN (Templegate),St Mawes,False,PLACE,2,3.0,-1.0,Bahadur,3.5
2026-05-22,Goodwood,3.42,rp_GOO_20260522_3.42,THE SUN (Templegate),THE SUN (Templegate),Venetia,False,PLACE,2,2.5,-1.0,Orionis,4.5
2026-05-22,Goodwood,4.17,rp_GOO_20260522_4.17,THE SUN (Templegate),THE SUN (Templegate),Ice Max,False,LOSE,,,-1.0,Boiling Point,6.5
2026-05-22,Goodwood,4.52,rp_GOO_20260522_4.52,THE SUN (Templegate),THE SUN (Templegate),Philanthropist,False,PLACE,3,12.0,-1.0,Crimson Spirit,5.0
2026-05-22,Goodwood,5.27,rp_GOO_20260522_5.27,THE SUN (Templegate),THE SUN (Templegate),Dream Composer,False,LOSE,,,-1.0,Seven Questions,4.0
2026-05-22,Goodwood,1.57,rp_GOO_20260522_1.57,THE STAR (Jason Heavey),THE STAR (Jason Heavey),In Vegas,False,WIN,1,1.5,0.5,Night In Vegas,1.5
2026-05-22,Goodwood,2.32,rp_GOO_20260522_2.32,THE STAR (Jason Heavey),THE STAR (Jason Heavey),Blushrose,False,LOSE,,,-1.0,Pershaada,8.0
2026-05-22,Goodwood,3.07,rp_GOO_20260522_3.07,THE STAR (Jason Heavey),THE STAR (Jason Heavey),St Mawes,False,PLACE,2,3.0,-1.0,Bahadur,3.5
2026-05-22,Goodwood,3.42,rp_GOO_20260522_3.42,THE STAR (Jason Heavey),THE STAR (Jason Heavey),Sibling Rivelry,False,LOSE,,,-1.0,Orionis,4.5
2026-05-22,Goodwood,4.17,rp_GOO_20260522_4.17,THE STAR (Jason Heavey),THE STAR (Jason Heavey),Ice Max,False,LOSE,,,-1.0,Boiling Point,6.5
2026-05-22,Goodwood,4.52,rp_GOO_20260522_4.52,THE STAR (Jason Heavey),THE STAR (Jason Heavey),Al Arbeed,False,LOSE,,,-1.0,Crimson Spirit,5.0
2026-05-22,Goodwood,5.27,rp_GOO_20260522_5.27,THE STAR (Jason Heavey),THE STAR (Jason Heavey),Canon's House,False,LOSE,,,-1.0,Seven Questions,4.0
2026-05-22,Goodwood,1.57,rp_GOO_20260522_1.57,DAILY RECORD (Garry Owen),DAILY RECORD (Garry Owen),Is,False,LOSE,,,-1.0,Night In Vegas,1.5
2026-05-22,Goodwood,2.32,rp_GOO_20260522_2.32,DAILY RECORD (Garry Owen),DAILY RECORD (Garry Owen),Lazurite,False,LOSE,,,-1.0,Pershaada,8.0
2026-05-22,Goodwood,3.07,rp_GOO_20260522_3.07,DAILY RECORD (Garry Owen),DAILY RECORD (Garry Owen),Give It To Me Oj,False,LOSE,,,-1.0,Bahadur,3.5
2026-05-22,Goodwood,3.42,rp_GOO_20260522_3.42,DAILY RECORD (Garry Owen),DAILY RECORD (Garry Owen),Orionis,False,WIN,1,4.5,3.5,Orionis,4.5
2026-05-22,Goodwood,4.17,rp_GOO_20260522_4.17,DAILY RECORD (Garry Owen),DAILY RECORD (Garry Owen),Ice Max,False,LOSE,,,-1.0,Boiling Point,6.5
2026-05-22,Goodwood,4.52,rp_GOO_20260522_4.52,DAILY RECORD (Garry Owen),DAILY RECORD (Garry Owen),Mister Bluebird,False,PLACE,2,9.0,-1.0,Crimson Spirit,5.0
2026-05-22,Goodwood,5.27,rp_GOO_20260522_5.27,DAILY RECORD (Garry Owen),DAILY RECORD (Garry Owen),Dream Composer Page,False,LOSE,,,-1.0,Seven Questions,4.0
2026-05-22,Haydock,1.45,rp_HAY_20260522_1.45,SPOTLIGHT,SPOTLIGHT,Fashion's Fancy,False,WIN,1,1.8,0.8,Fashion's Fancy,1.8
2026-05-22,Haydock,2.20,rp_HAY_20260522_2.20,SPOTLIGHT,SPOTLIGHT,Minzelle,False,PLACE,3,2.1,-1.0,Sea Venture,9.0
2026-05-22,Haydock,2.55,rp_HAY_20260522_2.55,SPOTLIGHT,SPOTLIGHT,Rosy Affair,False,WIN,1,3.5,2.5,Rosy Affair,3.5
2026-05-22,Haydock,3.30,rp_HAY_20260522_3.30,SPOTLIGHT,SPOTLIGHT,The Bookkeeper,False,WIN,1,3.5,2.5,The Bookkeeper,3.5
2026-05-22,Haydock,4.05,rp_HAY_20260522_4.05,SPOTLIGHT,SPOTLIGHT,Hill O Rue,False,LOSE,,,-1.0,Blue Wonder,4.5
2026-05-22,Haydock,4.40,rp_HAY_20260522_4.40,SPOTLIGHT,SPOTLIGHT,Bnaider,True,WIN,1,2.25,1.25,Bnaider,2.25
2026-05-22,Haydock,5.15,rp_HAY_20260522_5.15,SPOTLIGHT,SPOTLIGHT,Jungle Knight,False,LOSE,,,-1.0,Paroda Diva,26.0
2026-05-22,Haydock,2.55,rp_HAY_20260522_2.55,RP RATINGS,RP RATINGS (Paul Curtis),Rosy Affair,False,WIN,1,3.5,2.5,Rosy Affair,3.5
2026-05-22,Haydock,4.05,rp_HAY_20260522_4.05,RP RATINGS,RP RATINGS (Paul Curtis),Pol Roger,False,LOSE,,,-1.0,Blue Wonder,4.5
2026-05-22,Haydock,4.40,rp_HAY_20260522_4.40,RP RATINGS,RP RATINGS (Paul Curtis),Bnaider,False,WIN,1,2.25,1.25,Bnaider,2.25
2026-05-22,Haydock,5.15,rp_HAY_20260522_5.15,RP RATINGS,RP RATINGS (Paul Curtis),Jungle Knight,False,LOSE,,,-1.0,Paroda Diva,26.0
2026-05-22,Haydock,2.55,rp_HAY_20260522_2.55,TOPSPEED,TOPSPEED,Rhyme Dust,False,LOSE,,,-1.0,Rosy Affair,3.5
2026-05-22,Haydock,4.05,rp_HAY_20260522_4.05,TOPSPEED,TOPSPEED,Pol Roger,False,LOSE,,,-1.0,Blue Wonder,4.5
2026-05-22,Haydock,4.40,rp_HAY_20260522_4.40,TOPSPEED,TOPSPEED,Bnaider,False,WIN,1,2.25,1.25,Bnaider,2.25
2026-05-22,Haydock,5.15,rp_HAY_20260522_5.15,TOPSPEED,TOPSPEED,Jungle Knight,False,LOSE,,,-1.0,Paroda Diva,26.0
2026-05-22,Haydock,1.45,rp_HAY_20260522_1.45,POSTDATA,POSTDATA,Ladykirk,False,LOSE,,,-1.0,Fashion's Fancy,1.8
2026-05-22,Haydock,2.20,rp_HAY_20260522_2.20,POSTDATA,POSTDATA,Jazz Queen,False,LOSE,,,-1.0,Sea Venture,9.0
2026-05-22,Haydock,2.55,rp_HAY_20260522_2.55,POSTDATA,POSTDATA,Rosy Affair,False,WIN,1,3.5,2.5,Rosy Affair,3.5
2026-05-22,Haydock,3.30,rp_HAY_20260522_3.30,POSTDATA,POSTDATA,Pat's Cash,False,LOSE,,,-1.0,The Bookkeeper,3.5
2026-05-22,Haydock,4.05,rp_HAY_20260522_4.05,POSTDATA,POSTDATA,Joseph,False,LOSE,,,-1.0,Blue Wonder,4.5
2026-05-22,Haydock,4.40,rp_HAY_20260522_4.40,POSTDATA,POSTDATA,Bnaider,False,WIN,1,2.25,1.25,Bnaider,2.25
2026-05-22,Haydock,5.15,rp_HAY_20260522_5.15,POSTDATA,POSTDATA,Alkumatic Jo Jo,False,PLACE,2,5.5,-1.0,Paroda Diva,26.0
2026-05-22,Haydock,2.20,rp_HAY_20260522_2.20,LAMBOURN (Liam Headd),LAMBOURN (Liam Headd),Royal Message,False,LOSE,,,-1.0,Sea Venture,9.0
2026-05-22,Haydock,3.30,rp_HAY_20260522_3.30,LAMBOURN (Liam Headd),LAMBOURN (Liam Headd),The Bookkeeper,False,WIN,1,3.5,2.5,The Bookkeeper,3.5
2026-05-22,Haydock,1.45,rp_HAY_20260522_1.45,NEWMARKET (David Milnes),NEWMARKET (David Milnes),Ladykirk,False,LOSE,,,-1.0,Fashion's Fancy,1.8
2026-05-22,Haydock,2.20,rp_HAY_20260522_2.20,NEWMARKET (David Milnes),NEWMARKET (David Milnes),Sea Venture,False,WIN,1,9.0,8.0,Sea Venture,9.0
2026-05-22,Haydock,2.55,rp_HAY_20260522_2.55,NEWMARKET (David Milnes),NEWMARKET (David Milnes),Sky Majesty,True,LOSE,,,-1.0,Rosy Affair,3.5
2026-05-22,Haydock,4.40,rp_HAY_20260522_4.40,NEWMARKET (David Milnes),NEWMARKET (David Milnes),Central Command,False,LOSE,,,-1.0,Bnaider,2.25
2026-05-22,Haydock,1.45,rp_HAY_20260522_1.45,THE TIMES (Rob Wright),THE TIMES (Rob Wright),Nochebuena,False,PLACE,2,7.0,-1.0,Fashion's Fancy,1.8
2026-05-22,Haydock,2.20,rp_HAY_20260522_2.20,THE TIMES (Rob Wright),THE TIMES (Rob Wright),Royal Message,False,LOSE,,,-1.0,Sea Venture,9.0
2026-05-22,Haydock,2.55,rp_HAY_20260522_2.55,THE TIMES (Rob Wright),THE TIMES (Rob Wright),Sky Majesty,False,LOSE,,,-1.0,Rosy Affair,3.5
2026-05-22,Haydock,3.30,rp_HAY_20260522_3.30,THE TIMES (Rob Wright),THE TIMES (Rob Wright),The Bookkeeper,False,WIN,1,3.5,2.5,The Bookkeeper,3.5
2026-05-22,Haydock,4.05,rp_HAY_20260522_4.05,THE TIMES (Rob Wright),THE TIMES (Rob Wright),Imperial Trooper,False,LOSE,,,-1.0,Blue Wonder,4.5
2026-05-22,Haydock,4.40,rp_HAY_20260522_4.40,THE TIMES (Rob Wright),THE TIMES (Rob Wright),Central Command,False,LOSE,,,-1.0,Bnaider,2.25
2026-05-22,Haydock,5.15,rp_HAY_20260522_5.15,THE TIMES (Rob Wright),THE TIMES (Rob Wright),Kiss For An Angel,False,LOSE,,,-1.0,Paroda Diva,26.0
2026-05-22,Haydock,1.45,rp_HAY_20260522_1.45,TELEGRAPH (Marlborough),TELEGRAPH (Marlborough),Nochebuena,False,PLACE,2,7.0,-1.0,Fashion's Fancy,1.8
2026-05-22,Haydock,2.20,rp_HAY_20260522_2.20,TELEGRAPH (Marlborough),TELEGRAPH (Marlborough),Minzelle,False,PLACE,3,2.1,-1.0,Sea Venture,9.0
2026-05-22,Haydock,2.55,rp_HAY_20260522_2.55,TELEGRAPH (Marlborough),TELEGRAPH (Marlborough),Sky Majesty,False,LOSE,,,-1.0,Rosy Affair,3.5
2026-05-22,Haydock,3.30,rp_HAY_20260522_3.30,TELEGRAPH (Marlborough),TELEGRAPH (Marlborough),Time For The Moon,False,LOSE,,,-1.0,The Bookkeeper,3.5
2026-05-22,Haydock,4.05,rp_HAY_20260522_4.05,TELEGRAPH (Marlborough),TELEGRAPH (Marlborough),Blue Wonder,False,WIN,1,4.5,3.5,Blue Wonder,4.5
2026-05-22,Haydock,4.40,rp_HAY_20260522_4.40,TELEGRAPH (Marlborough),TELEGRAPH (Marlborough),Lavender Gold,True,LOSE,,,-1.0,Bnaider,2.25
2026-05-22,Haydock,5.15,rp_HAY_20260522_5.15,TELEGRAPH (Marlborough),TELEGRAPH (Marlborough),Hambelton,False,LOSE,,,-1.0,Paroda Diva,26.0
2026-05-22,Haydock,2.20,rp_HAY_20260522_2.20,THE GUARDIAN,THE GUARDIAN,Esha'a,False,LOSE,,,-1.0,Sea Venture,9.0
2026-05-22,Haydock,2.55,rp_HAY_20260522_2.55,THE GUARDIAN,THE GUARDIAN,Magic Basma,False,PLACE,2,9.5,-1.0,Rosy Affair,3.5
2026-05-22,Haydock,3.30,rp_HAY_20260522_3.30,THE GUARDIAN,THE GUARDIAN,Tribal Appearance,False,LOSE,,,-1.0,The Bookkeeper,3.5
2026-05-22,Haydock,4.05,rp_HAY_20260522_4.05,THE GUARDIAN,THE GUARDIAN,Imperial Trooper,False,LOSE,,,-1.0,Blue Wonder,4.5
2026-05-22,Haydock,4.40,rp_HAY_20260522_4.40,THE GUARDIAN,THE GUARDIAN,Ephron,False,LOSE,,,-1.0,Bnaider,2.25
2026-05-22,Haydock,5.15,rp_HAY_20260522_5.15,THE GUARDIAN,THE GUARDIAN,Hambelton,False,LOSE,,,-1.0,Paroda Diva,26.0
2026-05-22,Haydock,1.45,rp_HAY_20260522_1.45,DAILY MAIL (Robin Goodfellow),DAILY MAIL (Robin Goodfellow),Fancy,False,WIN,1,1.8,0.8,Fashion's Fancy,1.8
2026-05-22,Haydock,2.20,rp_HAY_20260522_2.20,DAILY MAIL (Robin Goodfellow),DAILY MAIL (Robin Goodfellow),Minzelle,False,PLACE,3,2.1,-1.0,Sea Venture,9.0
2026-05-22,Haydock,2.55,rp_HAY_20260522_2.55,DAILY MAIL (Robin Goodfellow),DAILY MAIL (Robin Goodfellow),Rosy Affair,False,WIN,1,3.5,2.5,Rosy Affair,3.5
2026-05-22,Haydock,3.30,rp_HAY_20260522_3.30,DAILY MAIL (Robin Goodfellow),DAILY MAIL (Robin Goodfellow),Pat's Cash,False,LOSE,,,-1.0,The Bookkeeper,3.5
2026-05-22,Haydock,4.05,rp_HAY_20260522_4.05,DAILY MAIL (Robin Goodfellow),DAILY MAIL (Robin Goodfellow),Pol Roger,False,LOSE,,,-1.0,Blue Wonder,4.5
2026-05-22,Haydock,4.40,rp_HAY_20260522_4.40,DAILY MAIL (Robin Goodfellow),DAILY MAIL (Robin Goodfellow),Oathbound,False,LOSE,,,-1.0,Bnaider,2.25
2026-05-22,Haydock,5.15,rp_HAY_20260522_5.15,DAILY MAIL (Robin Goodfellow),DAILY MAIL (Robin Goodfellow),Claytons Kolatonic,False,LOSE,,,-1.0,Paroda Diva,26.0
2026-05-22,Haydock,1.45,rp_HAY_20260522_1.45,D EXPRESS (Melissa Jones),D EXPRESS (Melissa Jones),Nochebuena,False,PLACE,2,7.0,-1.0,Fashion's Fancy,1.8
2026-05-22,Haydock,2.20,rp_HAY_20260522_2.20,D EXPRESS (Melissa Jones),D EXPRESS (Melissa Jones),Esha'a,False,LOSE,,,-1.0,Sea Venture,9.0
2026-05-22,Haydock,2.55,rp_HAY_20260522_2.55,D EXPRESS (Melissa Jones),D EXPRESS (Melissa Jones),Rosy Affair,False,WIN,1,3.5,2.5,Rosy Affair,3.5
2026-05-22,Haydock,3.30,rp_HAY_20260522_3.30,D EXPRESS (Melissa Jones),D EXPRESS (Melissa Jones),Pat's Cash,False,LOSE,,,-1.0,The Bookkeeper,3.5
2026-05-22,Haydock,4.05,rp_HAY_20260522_4.05,D EXPRESS (Melissa Jones),D EXPRESS (Melissa Jones),Blue Wonder,False,WIN,1,4.5,3.5,Blue Wonder,4.5
2026-05-22,Haydock,4.40,rp_HAY_20260522_4.40,D EXPRESS (Melissa Jones),D EXPRESS (Melissa Jones),Lavender Gold,True,LOSE,,,-1.0,Bnaider,2.25
2026-05-22,Haydock,5.15,rp_HAY_20260522_5.15,D EXPRESS (Melissa Jones),D EXPRESS (Melissa Jones),Hambelton,False,LOSE,,,-1.0,Paroda Diva,26.0
2026-05-22,Haydock,1.45,rp_HAY_20260522_1.45,DAILY MIRROR (Newsboy),DAILY MIRROR (Newsboy),Nochebuena,False,PLACE,2,7.0,-1.0,Fashion's Fancy,1.8
2026-05-22,Haydock,2.20,rp_HAY_20260522_2.20,DAILY MIRROR (Newsboy),DAILY MIRROR (Newsboy),Minzelle,False,PLACE,3,2.1,-1.0,Sea Venture,9.0
2026-05-22,Haydock,2.55,rp_HAY_20260522_2.55,DAILY MIRROR (Newsboy),DAILY MIRROR (Newsboy),Rosy Affair,False,WIN,1,3.5,2.5,Rosy Affair,3.5
2026-05-22,Haydock,3.30,rp_HAY_20260522_3.30,DAILY MIRROR (Newsboy),DAILY MIRROR (Newsboy),Time For The Moon,False,LOSE,,,-1.0,The Bookkeeper,3.5
2026-05-22,Haydock,4.05,rp_HAY_20260522_4.05,DAILY MIRROR (Newsboy),DAILY MIRROR (Newsboy),Golspie,False,PLACE,3,7.0,-1.0,Blue Wonder,4.5
2026-05-22,Haydock,4.40,rp_HAY_20260522_4.40,DAILY MIRROR (Newsboy),DAILY MIRROR (Newsboy),Kokoluna,False,PLACE,2,7.5,-1.0,Bnaider,2.25
2026-05-22,Haydock,5.15,rp_HAY_20260522_5.15,DAILY MIRROR (Newsboy),DAILY MIRROR (Newsboy),Yorkshire Queen,False,LOSE,,,-1.0,Paroda Diva,26.0
2026-05-22,Haydock,1.45,rp_HAY_20260522_1.45,THE SUN (Templegate),THE SUN (Templegate),Queen,False,LOSE,,,-1.0,Fashion's Fancy,1.8
2026-05-22,Haydock,2.20,rp_HAY_20260522_2.20,THE SUN (Templegate),THE SUN (Templegate),Jazz Queen,False,LOSE,,,-1.0,Sea Venture,9.0
2026-05-22,Haydock,2.55,rp_HAY_20260522_2.55,THE SUN (Templegate),THE SUN (Templegate),Sky Majesty,True,LOSE,,,-1.0,Rosy Affair,3.5
2026-05-22,Haydock,3.30,rp_HAY_20260522_3.30,THE SUN (Templegate),THE SUN (Templegate),Pat's Cash,False,LOSE,,,-1.0,The Bookkeeper,3.5
2026-05-22,Haydock,4.05,rp_HAY_20260522_4.05,THE SUN (Templegate),THE SUN (Templegate),Hill O Rue,False,LOSE,,,-1.0,Blue Wonder,4.5
2026-05-22,Haydock,4.40,rp_HAY_20260522_4.40,THE SUN (Templegate),THE SUN (Templegate),Central Command,False,LOSE,,,-1.0,Bnaider,2.25
2026-05-22,Haydock,5.15,rp_HAY_20260522_5.15,THE SUN (Templegate),THE SUN (Templegate),Sovereign Bay,False,LOSE,,,-1.0,Paroda Diva,26.0
2026-05-22,Haydock,1.45,rp_HAY_20260522_1.45,THE STAR (Jason Heavey),THE STAR (Jason Heavey),Nochebuena,False,PLACE,2,7.0,-1.0,Fashion's Fancy,1.8
2026-05-22,Haydock,2.20,rp_HAY_20260522_2.20,THE STAR (Jason Heavey),THE STAR (Jason Heavey),Jazz Queen,False,LOSE,,,-1.0,Sea Venture,9.0
2026-05-22,Haydock,2.55,rp_HAY_20260522_2.55,THE STAR (Jason Heavey),THE STAR (Jason Heavey),Sky Majesty,False,LOSE,,,-1.0,Rosy Affair,3.5
2026-05-22,Haydock,3.30,rp_HAY_20260522_3.30,THE STAR (Jason Heavey),THE STAR (Jason Heavey),The Bookkeeper,True,WIN,1,3.5,2.5,The Bookkeeper,3.5
2026-05-22,Haydock,4.05,rp_HAY_20260522_4.05,THE STAR (Jason Heavey),THE STAR (Jason Heavey),Bellasio,False,LOSE,,,-1.0,Blue Wonder,4.5
2026-05-22,Haydock,4.40,rp_HAY_20260522_4.40,THE STAR (Jason Heavey),THE STAR (Jason Heavey),Oathbound,False,LOSE,,,-1.0,Bnaider,2.25
2026-05-22,Haydock,5.15,rp_HAY_20260522_5.15,THE STAR (Jason Heavey),THE STAR (Jason Heavey),Sagremor,False,PLACE,3,4.5,-1.0,Paroda Diva,26.0
2026-05-22,Haydock,1.45,rp_HAY_20260522_1.45,DAILY RECORD (Garry Owen),DAILY RECORD (Garry Owen),Fashion's Fancy,False,WIN,1,1.8,0.8,Fashion's Fancy,1.8
2026-05-22,Haydock,2.20,rp_HAY_20260522_2.20,DAILY RECORD (Garry Owen),DAILY RECORD (Garry Owen),Jazz Queen,False,LOSE,,,-1.0,Sea Venture,9.0
2026-05-22,Haydock,2.55,rp_HAY_20260522_2.55,DAILY RECORD (Garry Owen),DAILY RECORD (Garry Owen),Half Sovereign,False,LOSE,,,-1.0,Rosy Affair,3.5
2026-05-22,Haydock,3.30,rp_HAY_20260522_3.30,DAILY RECORD (Garry Owen),DAILY RECORD (Garry Owen),Tribal Appearance,False,LOSE,,,-1.0,The Bookkeeper,3.5
2026-05-22,Haydock,4.05,rp_HAY_20260522_4.05,DAILY RECORD (Garry Owen),DAILY RECORD (Garry Owen),Bellasio,False,LOSE,,,-1.0,Blue Wonder,4.5
2026-05-22,Haydock,4.40,rp_HAY_20260522_4.40,DAILY RECORD (Garry Owen),DAILY RECORD (Garry Owen),Lavender Gold,False,LOSE,,,-1.0,Bnaider,2.25
2026-05-22,Haydock,5.15,rp_HAY_20260522_5.15,DAILY RECORD (Garry Owen),DAILY RECORD (Garry Owen),Blue Mantle Page,False,LOSE,,,-1.0,Paroda Diva,26.0
2026-05-22,Pontefract,6.20,rp_PON_20260522_6.20,SPOTLIGHT,SPOTLIGHT,Naval Light,False,WIN,1,1.4,0.4,Naval Light,1.4
2026-05-22,Pontefract,6.52,rp_PON_20260522_6.52,SPOTLIGHT,SPOTLIGHT,Too Many Spirits,False,PLACE,2,4.0,-1.0,Green Sovereign,5.0
2026-05-22,Pontefract,7.22,rp_PON_20260522_7.22,SPOTLIGHT,SPOTLIGHT,Knicks,False,LOSE,,,-1.0,Changeofmind,7.5
2026-05-22,Pontefract,7.52,rp_PON_20260522_7.52,SPOTLIGHT,SPOTLIGHT,Trojan Soldier,False,WIN,1,2.75,1.75,Trojan Soldier,2.75
2026-05-22,Pontefract,8.22,rp_PON_20260522_8.22,SPOTLIGHT,SPOTLIGHT,Blondina,False,WIN,1,3.75,2.75,Blondina,3.75
2026-05-22,Pontefract,8.52,rp_PON_20260522_8.52,SPOTLIGHT,SPOTLIGHT,Arkenstaar,True,LOSE,,,-1.0,Callisto Dream,5.0
2026-05-22,Pontefract,6.20,rp_PON_20260522_6.20,RP RATINGS,RP RATINGS (Paul Curtis),Light,False,WIN,1,1.4,0.4,Naval Light,1.4
2026-05-22,Pontefract,7.22,rp_PON_20260522_7.22,RP RATINGS,RP RATINGS (Paul Curtis),Jojo Rabbit,False,PLACE,2,3.75,-1.0,Changeofmind,7.5
2026-05-22,Pontefract,7.52,rp_PON_20260522_7.52,RP RATINGS,RP RATINGS (Paul Curtis),Trojan Soldier,False,WIN,1,2.75,1.75,Trojan Soldier,2.75
2026-05-22,Pontefract,8.22,rp_PON_20260522_8.22,RP RATINGS,RP RATINGS (Paul Curtis),Blondina,False,WIN,1,3.75,2.75,Blondina,3.75
2026-05-22,Pontefract,8.52,rp_PON_20260522_8.52,RP RATINGS,RP RATINGS (Paul Curtis),Mount King,False,LOSE,,,-1.0,Callisto Dream,5.0
2026-05-22,Pontefract,6.20,rp_PON_20260522_6.20,TOPSPEED,TOPSPEED,Light,False,WIN,1,1.4,0.4,Naval Light,1.4
2026-05-22,Pontefract,7.22,rp_PON_20260522_7.22,TOPSPEED,TOPSPEED,Fuji Mountain,False,LOSE,,,-1.0,Changeofmind,7.5
2026-05-22,Pontefract,7.52,rp_PON_20260522_7.52,TOPSPEED,TOPSPEED,Maghlaak,False,LOSE,,,-1.0,Trojan Soldier,2.75
2026-05-22,Pontefract,8.52,rp_PON_20260522_8.52,TOPSPEED,TOPSPEED,Powerful Response,False,LOSE,,,-1.0,Callisto Dream,5.0
2026-05-22,Pontefract,6.20,rp_PON_20260522_6.20,POSTDATA,POSTDATA,Naval Light,False,WIN,1,1.4,0.4,Naval Light,1.4
2026-05-22,Pontefract,6.52,rp_PON_20260522_6.52,POSTDATA,POSTDATA,Ricky Punting,False,LOSE,,,-1.0,Green Sovereign,5.0
2026-05-22,Pontefract,7.22,rp_PON_20260522_7.22,POSTDATA,POSTDATA,Jojo Rabbit,False,PLACE,2,3.75,-1.0,Changeofmind,7.5
2026-05-22,Pontefract,7.52,rp_PON_20260522_7.52,POSTDATA,POSTDATA,Trojan Soldier,False,WIN,1,2.75,1.75,Trojan Soldier,2.75
2026-05-22,Pontefract,8.22,rp_PON_20260522_8.22,POSTDATA,POSTDATA,Hickton,False,LOSE,,,-1.0,Blondina,3.75
2026-05-22,Pontefract,8.52,rp_PON_20260522_8.52,POSTDATA,POSTDATA,Arkenstaar,False,LOSE,,,-1.0,Callisto Dream,5.0
2026-05-22,Pontefract,6.52,rp_PON_20260522_6.52,NEWMARKET (David Milnes),NEWMARKET (David Milnes),Adoramus,False,LOSE,,,-1.0,Green Sovereign,5.0
2026-05-22,Pontefract,8.52,rp_PON_20260522_8.52,THE NORTH (Colin Russell),THE NORTH (Colin Russell),Arkenstaar,True,LOSE,,,-1.0,Callisto Dream,5.0
2026-05-22,Pontefract,6.20,rp_PON_20260522_6.20,THE TIMES (Rob Wright),THE TIMES (Rob Wright),Naval Light,False,WIN,1,1.4,0.4,Naval Light,1.4
2026-05-22,Pontefract,6.52,rp_PON_20260522_6.52,THE TIMES (Rob Wright),THE TIMES (Rob Wright),Green Sovereign,False,WIN,1,5.0,4.0,Green Sovereign,5.0
2026-05-22,Pontefract,7.22,rp_PON_20260522_7.22,THE TIMES (Rob Wright),THE TIMES (Rob Wright),Jojo Rabbit,False,PLACE,2,3.75,-1.0,Changeofmind,7.5
2026-05-22,Pontefract,7.52,rp_PON_20260522_7.52,THE TIMES (Rob Wright),THE TIMES (Rob Wright),Sea Of Kings,True,PLACE,2,3.5,-1.0,Trojan Soldier,2.75
2026-05-22,Pontefract,8.22,rp_PON_20260522_8.22,THE TIMES (Rob Wright),THE TIMES (Rob Wright),Dubai Venture,False,PLACE,2,4.0,-1.0,Blondina,3.75
2026-05-22,Pontefract,8.52,rp_PON_20260522_8.52,THE TIMES (Rob Wright),THE TIMES (Rob Wright),Moonjid,False,LOSE,,,-1.0,Callisto Dream,5.0
2026-05-22,Pontefract,6.20,rp_PON_20260522_6.20,TELEGRAPH (Marlborough),TELEGRAPH (Marlborough),Light,False,WIN,1,1.4,0.4,Naval Light,1.4
2026-05-22,Pontefract,6.52,rp_PON_20260522_6.52,TELEGRAPH (Marlborough),TELEGRAPH (Marlborough),Ricky Punting,False,LOSE,,,-1.0,Green Sovereign,5.0
2026-05-22,Pontefract,7.22,rp_PON_20260522_7.22,TELEGRAPH (Marlborough),TELEGRAPH (Marlborough),Changeofmind,False,WIN,1,7.5,6.5,Changeofmind,7.5
2026-05-22,Pontefract,7.52,rp_PON_20260522_7.52,TELEGRAPH (Marlborough),TELEGRAPH (Marlborough),Sea Of Kings,False,PLACE,2,3.5,-1.0,Trojan Soldier,2.75
2026-05-22,Pontefract,8.22,rp_PON_20260522_8.22,TELEGRAPH (Marlborough),TELEGRAPH (Marlborough),Havachoc,False,LOSE,,,-1.0,Blondina,3.75
2026-05-22,Pontefract,8.52,rp_PON_20260522_8.52,TELEGRAPH (Marlborough),TELEGRAPH (Marlborough),Arkenstaar,False,LOSE,,,-1.0,Callisto Dream,5.0
2026-05-22,Pontefract,6.20,rp_PON_20260522_6.20,THE GUARDIAN,THE GUARDIAN,Light,False,WIN,1,1.4,0.4,Naval Light,1.4
2026-05-22,Pontefract,6.52,rp_PON_20260522_6.52,THE GUARDIAN,THE GUARDIAN,Too Many Spirits,False,PLACE,2,4.0,-1.0,Green Sovereign,5.0
2026-05-22,Pontefract,7.22,rp_PON_20260522_7.22,THE GUARDIAN,THE GUARDIAN,Jojo Rabbit,True,PLACE,2,3.75,-1.0,Changeofmind,7.5
2026-05-22,Pontefract,7.52,rp_PON_20260522_7.52,THE GUARDIAN,THE GUARDIAN,Sea Of Kings,False,PLACE,2,3.5,-1.0,Trojan Soldier,2.75
2026-05-22,Pontefract,8.22,rp_PON_20260522_8.22,THE GUARDIAN,THE GUARDIAN,Havachoc,False,LOSE,,,-1.0,Blondina,3.75
2026-05-22,Pontefract,8.52,rp_PON_20260522_8.52,THE GUARDIAN,THE GUARDIAN,Powerful Response,False,LOSE,,,-1.0,Callisto Dream,5.0
2026-05-22,Pontefract,6.20,rp_PON_20260522_6.20,DAILY MAIL (Robin Goodfellow),DAILY MAIL (Robin Goodfellow),Light,False,WIN,1,1.4,0.4,Naval Light,1.4
2026-05-22,Pontefract,6.52,rp_PON_20260522_6.52,DAILY MAIL (Robin Goodfellow),DAILY MAIL (Robin Goodfellow),Too Many Spirits,False,PLACE,2,4.0,-1.0,Green Sovereign,5.0
2026-05-22,Pontefract,7.22,rp_PON_20260522_7.22,DAILY MAIL (Robin Goodfellow),DAILY MAIL (Robin Goodfellow),Jojo Rabbit,False,PLACE,2,3.75,-1.0,Changeofmind,7.5
2026-05-22,Pontefract,7.52,rp_PON_20260522_7.52,DAILY MAIL (Robin Goodfellow),DAILY MAIL (Robin Goodfellow),Sea Of Kings,False,PLACE,2,3.5,-1.0,Trojan Soldier,2.75
2026-05-22,Pontefract,8.22,rp_PON_20260522_8.22,DAILY MAIL (Robin Goodfellow),DAILY MAIL (Robin Goodfellow),Havachoc,False,LOSE,,,-1.0,Blondina,3.75
2026-05-22,Pontefract,8.52,rp_PON_20260522_8.52,DAILY MAIL (Robin Goodfellow),DAILY MAIL (Robin Goodfellow),Arkenstaar,False,LOSE,,,-1.0,Callisto Dream,5.0
2026-05-22,Pontefract,6.20,rp_PON_20260522_6.20,D EXPRESS (Melissa Jones),D EXPRESS (Melissa Jones),Light,False,WIN,1,1.4,0.4,Naval Light,1.4
2026-05-22,Pontefract,6.52,rp_PON_20260522_6.52,D EXPRESS (Melissa Jones),D EXPRESS (Melissa Jones),College Boy,False,LOSE,,,-1.0,Green Sovereign,5.0
2026-05-22,Pontefract,7.22,rp_PON_20260522_7.22,D EXPRESS (Melissa Jones),D EXPRESS (Melissa Jones),Knicks,False,LOSE,,,-1.0,Changeofmind,7.5
2026-05-22,Pontefract,7.52,rp_PON_20260522_7.52,D EXPRESS (Melissa Jones),D EXPRESS (Melissa Jones),Sea Of Kings,False,PLACE,2,3.5,-1.0,Trojan Soldier,2.75
2026-05-22,Pontefract,8.22,rp_PON_20260522_8.22,D EXPRESS (Melissa Jones),D EXPRESS (Melissa Jones),Anificas Beauty,False,LOSE,,,-1.0,Blondina,3.75
2026-05-22,Pontefract,8.52,rp_PON_20260522_8.52,D EXPRESS (Melissa Jones),D EXPRESS (Melissa Jones),Moonjid,False,LOSE,,,-1.0,Callisto Dream,5.0
2026-05-22,Pontefract,6.20,rp_PON_20260522_6.20,DAILY MIRROR (Newsboy),DAILY MIRROR (Newsboy),Joe,False,LOSE,,,-1.0,Naval Light,1.4
2026-05-22,Pontefract,6.52,rp_PON_20260522_6.52,DAILY MIRROR (Newsboy),DAILY MIRROR (Newsboy),Too Many Spirits,False,PLACE,2,4.0,-1.0,Green Sovereign,5.0
2026-05-22,Pontefract,7.22,rp_PON_20260522_7.22,DAILY MIRROR (Newsboy),DAILY MIRROR (Newsboy),Betweenthesticks,False,LOSE,,,-1.0,Changeofmind,7.5
2026-05-22,Pontefract,7.52,rp_PON_20260522_7.52,DAILY MIRROR (Newsboy),DAILY MIRROR (Newsboy),Trojan Soldier,False,WIN,1,2.75,1.75,Trojan Soldier,2.75
2026-05-22,Pontefract,8.22,rp_PON_20260522_8.22,DAILY MIRROR (Newsboy),DAILY MIRROR (Newsboy),Blondina,False,WIN,1,3.75,2.75,Blondina,3.75
2026-05-22,Pontefract,8.52,rp_PON_20260522_8.52,DAILY MIRROR (Newsboy),DAILY MIRROR (Newsboy),Powerful Response,False,LOSE,,,-1.0,Callisto Dream,5.0
2026-05-22,Pontefract,6.20,rp_PON_20260522_6.20,THE SUN (Templegate),THE SUN (Templegate),Light,False,WIN,1,1.4,0.4,Naval Light,1.4
2026-05-22,Pontefract,6.52,rp_PON_20260522_6.52,THE SUN (Templegate),THE SUN (Templegate),Too Many Spirits,False,PLACE,2,4.0,-1.0,Green Sovereign,5.0
2026-05-22,Pontefract,7.22,rp_PON_20260522_7.22,THE SUN (Templegate),THE SUN (Templegate),Betweenthesticks,False,LOSE,,,-1.0,Changeofmind,7.5
2026-05-22,Pontefract,7.52,rp_PON_20260522_7.52,THE SUN (Templegate),THE SUN (Templegate),Trojan Soldier,False,WIN,1,2.75,1.75,Trojan Soldier,2.75
2026-05-22,Pontefract,8.22,rp_PON_20260522_8.22,THE SUN (Templegate),THE SUN (Templegate),Havachoc,False,LOSE,,,-1.0,Blondina,3.75
2026-05-22,Pontefract,8.52,rp_PON_20260522_8.52,THE SUN (Templegate),THE SUN (Templegate),Powerful Response,False,LOSE,,,-1.0,Callisto Dream,5.0
2026-05-22,Pontefract,6.20,rp_PON_20260522_6.20,THE STAR (Jason Heavey),THE STAR (Jason Heavey),Joe,False,LOSE,,,-1.0,Naval Light,1.4
2026-05-22,Pontefract,6.52,rp_PON_20260522_6.52,THE STAR (Jason Heavey),THE STAR (Jason Heavey),Adoramus,False,LOSE,,,-1.0,Green Sovereign,5.0
2026-05-22,Pontefract,7.22,rp_PON_20260522_7.22,THE STAR (Jason Heavey),THE STAR (Jason Heavey),Jojo Rabbit,False,PLACE,2,3.75,-1.0,Changeofmind,7.5
2026-05-22,Pontefract,7.52,rp_PON_20260522_7.52,THE STAR (Jason Heavey),THE STAR (Jason Heavey),Trojan Soldier,False,WIN,1,2.75,1.75,Trojan Soldier,2.75
2026-05-22,Pontefract,8.22,rp_PON_20260522_8.22,THE STAR (Jason Heavey),THE STAR (Jason Heavey),Havachoc,False,LOSE,,,-1.0,Blondina,3.75
2026-05-22,Pontefract,8.52,rp_PON_20260522_8.52,THE STAR (Jason Heavey),THE STAR (Jason Heavey),Arkenstaar,False,LOSE,,,-1.0,Callisto Dream,5.0
2026-05-22,Pontefract,6.20,rp_PON_20260522_6.20,DAILY RECORD (Garry Owen),DAILY RECORD (Garry Owen),Light,False,WIN,1,1.4,0.4,Naval Light,1.4
2026-05-22,Pontefract,6.52,rp_PON_20260522_6.52,DAILY RECORD (Garry Owen),DAILY RECORD (Garry Owen),Too Many Spirits,False,PLACE,2,4.0,-1.0,Green Sovereign,5.0
2026-05-22,Pontefract,7.22,rp_PON_20260522_7.22,DAILY RECORD (Garry Owen),DAILY RECORD (Garry Owen),Betweenthesticks,False,LOSE,,,-1.0,Changeofmind,7.5
2026-05-22,Pontefract,7.52,rp_PON_20260522_7.52,DAILY RECORD (Garry Owen),DAILY RECORD (Garry Owen),Trojan Soldier,False,WIN,1,2.75,1.75,Trojan Soldier,2.75
2026-05-22,Pontefract,8.22,rp_PON_20260522_8.22,DAILY RECORD (Garry Owen),DAILY RECORD (Garry Owen),Havachoc,False,LOSE,,,-1.0,Blondina,3.75
2026-05-22,Pontefract,8.52,rp_PON_20260522_8.52,DAILY RECORD (Garry Owen),DAILY RECORD (Garry Owen),Arkenstaar Page,False,LOSE,,,-1.0,Callisto Dream,5.0
2026-05-22,Worcester,4.57,rp_WOR_20260522_4.57,SPOTLIGHT,SPOTLIGHT,Applicationofcash,False,WIN,1,3.75,2.75,Applicationofcash,3.75
2026-05-22,Worcester,5.32,rp_WOR_20260522_5.32,SPOTLIGHT,SPOTLIGHT,Melton Mossy,False,LOSE,,,-1.0,Karnaval Point,12.0
2026-05-22,Worcester,6.06,rp_WOR_20260522_6.06,SPOTLIGHT,SPOTLIGHT,Turbogeist,False,PLACE,2,5.5,-1.0,Teleleo,23.0
2026-05-22,Worcester,6.41,rp_WOR_20260522_6.41,SPOTLIGHT,SPOTLIGHT,Premier Tenor,False,PLACE,3,2.25,-1.0,L'amalric,4.33
2026-05-22,Worcester,7.11,rp_WOR_20260522_7.11,SPOTLIGHT,SPOTLIGHT,Crest Of Arms,False,PLACE,3,2.0,-1.0,Kind Intention,3.5
2026-05-22,Worcester,7.41,rp_WOR_20260522_7.41,SPOTLIGHT,SPOTLIGHT,Noble Blue,True,LOSE,,,-1.0,Dexperts Opinion,13.0
2026-05-22,Worcester,8.11,rp_WOR_20260522_8.11,SPOTLIGHT,SPOTLIGHT,Ice Jet,False,WIN,1,1.44,0.44,Ice Jet,1.44
2026-05-22,Worcester,8.41,rp_WOR_20260522_8.41,SPOTLIGHT,SPOTLIGHT,Playful Fox,False,PLACE,2,2.75,-1.0,Saccary,2.0
2026-05-22,Worcester,4.57,rp_WOR_20260522_4.57,RP RATINGS,RP RATINGS (Paul Curtis),Electric Eddy,False,LOSE,,,-1.0,Applicationofcash,3.75
2026-05-22,Worcester,5.32,rp_WOR_20260522_5.32,RP RATINGS,RP RATINGS (Paul Curtis),Jet Smart,False,PLACE,2,4.0,-1.0,Karnaval Point,12.0
2026-05-22,Worcester,6.06,rp_WOR_20260522_6.06,RP RATINGS,RP RATINGS (Paul Curtis),Faithful Guardian,False,PLACE,3,6.5,-1.0,Teleleo,23.0
2026-05-22,Worcester,7.11,rp_WOR_20260522_7.11,RP RATINGS,RP RATINGS (Paul Curtis),Crest Of Arms,False,PLACE,3,2.0,-1.0,Kind Intention,3.5
2026-05-22,Worcester,7.41,rp_WOR_20260522_7.41,RP RATINGS,RP RATINGS (Paul Curtis),Twist Of Fatecatch,False,PLACE,3,4.0,-1.0,Dexperts Opinion,13.0
2026-05-22,Worcester,8.11,rp_WOR_20260522_8.11,RP RATINGS,RP RATINGS (Paul Curtis),Ice Jet,False,WIN,1,1.44,0.44,Ice Jet,1.44
2026-05-22,Worcester,8.41,rp_WOR_20260522_8.41,RP RATINGS,RP RATINGS (Paul Curtis),Saccary,False,WIN,1,2.0,1.0,Saccary,2.0
2026-05-22,Worcester,4.57,rp_WOR_20260522_4.57,TOPSPEED,TOPSPEED,Applicationofcash,False,WIN,1,3.75,2.75,Applicationofcash,3.75
2026-05-22,Worcester,5.32,rp_WOR_20260522_5.32,TOPSPEED,TOPSPEED,Lermoos Legend,False,LOSE,,,-1.0,Karnaval Point,12.0
2026-05-22,Worcester,7.11,rp_WOR_20260522_7.11,TOPSPEED,TOPSPEED,Crest Of Arms,False,PLACE,3,2.0,-1.0,Kind Intention,3.5
2026-05-22,Worcester,7.41,rp_WOR_20260522_7.41,TOPSPEED,TOPSPEED,Prince Imperial,False,LOSE,,,-1.0,Dexperts Opinion,13.0
2026-05-22,Worcester,4.57,rp_WOR_20260522_4.57,POSTDATA,POSTDATA,Zero Tolerance,False,PLACE,2,4.5,-1.0,Applicationofcash,3.75
2026-05-22,Worcester,5.32,rp_WOR_20260522_5.32,POSTDATA,POSTDATA,Ukantango,False,LOSE,,,-1.0,Karnaval Point,12.0
2026-05-22,Worcester,6.06,rp_WOR_20260522_6.06,POSTDATA,POSTDATA,Faithful Guardian,False,PLACE,3,6.5,-1.0,Teleleo,23.0
2026-05-22,Worcester,6.41,rp_WOR_20260522_6.41,POSTDATA,POSTDATA,Eustace Grenier,False,LOSE,,,-1.0,L'amalric,4.33
2026-05-22,Worcester,7.11,rp_WOR_20260522_7.11,POSTDATA,POSTDATA,Crest Of Arms,False,PLACE,3,2.0,-1.0,Kind Intention,3.5
2026-05-22,Worcester,7.41,rp_WOR_20260522_7.41,POSTDATA,POSTDATA,Twist Of Fatecatch,False,PLACE,3,4.0,-1.0,Dexperts Opinion,13.0
2026-05-22,Worcester,8.11,rp_WOR_20260522_8.11,POSTDATA,POSTDATA,Ice Jet,False,WIN,1,1.44,0.44,Ice Jet,1.44
2026-05-22,Worcester,8.41,rp_WOR_20260522_8.41,POSTDATA,POSTDATA,Playful Fox,False,PLACE,2,2.75,-1.0,Saccary,2.0
2026-05-22,Worcester,4.57,rp_WOR_20260522_4.57,WEST COUNTRY (Liam Watson),WEST COUNTRY (Liam Watson),Applicationofcash,False,WIN,1,3.75,2.75,Applicationofcash,3.75
2026-05-22,Worcester,5.32,rp_WOR_20260522_5.32,WEST COUNTRY (Liam Watson),WEST COUNTRY (Liam Watson),Jet Smart,False,PLACE,2,4.0,-1.0,Karnaval Point,12.0
2026-05-22,Worcester,6.06,rp_WOR_20260522_6.06,WEST COUNTRY (Liam Watson),WEST COUNTRY (Liam Watson),C'Est Pour Moi,False,LOSE,,,-1.0,Teleleo,23.0
2026-05-22,Worcester,6.41,rp_WOR_20260522_6.41,WEST COUNTRY (Liam Watson),WEST COUNTRY (Liam Watson),Anzac Day,False,LOSE,,,-1.0,L'amalric,4.33
2026-05-22,Worcester,7.11,rp_WOR_20260522_7.11,WEST COUNTRY (Liam Watson),WEST COUNTRY (Liam Watson),Crest Of Arms,False,PLACE,3,2.0,-1.0,Kind Intention,3.5
2026-05-22,Worcester,7.41,rp_WOR_20260522_7.41,WEST COUNTRY (Liam Watson),WEST COUNTRY (Liam Watson),Dearkeithandkaty,False,LOSE,,,-1.0,Dexperts Opinion,13.0
2026-05-22,Worcester,8.11,rp_WOR_20260522_8.11,WEST COUNTRY (Liam Watson),WEST COUNTRY (Liam Watson),Stiletto,False,LOSE,,,-1.0,Ice Jet,1.44
2026-05-22,Worcester,8.41,rp_WOR_20260522_8.41,WEST COUNTRY (Liam Watson),WEST COUNTRY (Liam Watson),Saccary,False,WIN,1,2.0,1.0,Saccary,2.0
2026-05-22,Worcester,4.57,rp_WOR_20260522_4.57,THE TIMES (Rob Wright),THE TIMES (Rob Wright),Zero Tolerance,False,PLACE,2,4.5,-1.0,Applicationofcash,3.75
2026-05-22,Worcester,5.32,rp_WOR_20260522_5.32,THE TIMES (Rob Wright),THE TIMES (Rob Wright),Melton Mossy,False,LOSE,,,-1.0,Karnaval Point,12.0
2026-05-22,Worcester,6.06,rp_WOR_20260522_6.06,THE TIMES (Rob Wright),THE TIMES (Rob Wright),Turbogeist,False,PLACE,2,5.5,-1.0,Teleleo,23.0
2026-05-22,Worcester,6.41,rp_WOR_20260522_6.41,THE TIMES (Rob Wright),THE TIMES (Rob Wright),Shamsat,False,PLACE,2,4.33,-1.0,L'amalric,4.33
2026-05-22,Worcester,7.11,rp_WOR_20260522_7.11,THE TIMES (Rob Wright),THE TIMES (Rob Wright),Just Call Me Buzz,False,PLACE,2,8.0,-1.0,Kind Intention,3.5
2026-05-22,Worcester,7.41,rp_WOR_20260522_7.41,THE TIMES (Rob Wright),THE TIMES (Rob Wright),Noble Blue,False,LOSE,,,-1.0,Dexperts Opinion,13.0
2026-05-22,Worcester,8.11,rp_WOR_20260522_8.11,THE TIMES (Rob Wright),THE TIMES (Rob Wright),Ice Jet,False,WIN,1,1.44,0.44,Ice Jet,1.44
2026-05-22,Worcester,8.41,rp_WOR_20260522_8.41,THE TIMES (Rob Wright),THE TIMES (Rob Wright),Saccary,False,WIN,1,2.0,1.0,Saccary,2.0
2026-05-22,Worcester,4.57,rp_WOR_20260522_4.57,TELEGRAPH (Marlborough),TELEGRAPH (Marlborough),Alba Crus,False,LOSE,,,-1.0,Applicationofcash,3.75
2026-05-22,Worcester,5.32,rp_WOR_20260522_5.32,TELEGRAPH (Marlborough),TELEGRAPH (Marlborough),Country Park,False,LOSE,,,-1.0,Karnaval Point,12.0
2026-05-22,Worcester,6.06,rp_WOR_20260522_6.06,TELEGRAPH (Marlborough),TELEGRAPH (Marlborough),Closing Time,False,LOSE,,,-1.0,Teleleo,23.0
2026-05-22,Worcester,6.41,rp_WOR_20260522_6.41,TELEGRAPH (Marlborough),TELEGRAPH (Marlborough),Anzac Day,False,LOSE,,,-1.0,L'amalric,4.33
2026-05-22,Worcester,7.11,rp_WOR_20260522_7.11,TELEGRAPH (Marlborough),TELEGRAPH (Marlborough),Crest Of Arms,False,PLACE,3,2.0,-1.0,Kind Intention,3.5
2026-05-22,Worcester,7.41,rp_WOR_20260522_7.41,TELEGRAPH (Marlborough),TELEGRAPH (Marlborough),Lightfingered Jack,False,LOSE,,,-1.0,Dexperts Opinion,13.0
2026-05-22,Worcester,8.11,rp_WOR_20260522_8.11,TELEGRAPH (Marlborough),TELEGRAPH (Marlborough),Ice Jet,False,WIN,1,1.44,0.44,Ice Jet,1.44
2026-05-22,Worcester,8.41,rp_WOR_20260522_8.41,TELEGRAPH (Marlborough),TELEGRAPH (Marlborough),Playful Fox,False,PLACE,2,2.75,-1.0,Saccary,2.0
2026-05-22,Worcester,4.57,rp_WOR_20260522_4.57,THE GUARDIAN,THE GUARDIAN,Applicationofcash,False,WIN,1,3.75,2.75,Applicationofcash,3.75
2026-05-22,Worcester,5.32,rp_WOR_20260522_5.32,THE GUARDIAN,THE GUARDIAN,Atreides,False,LOSE,,,-1.0,Karnaval Point,12.0
2026-05-22,Worcester,6.06,rp_WOR_20260522_6.06,THE GUARDIAN,THE GUARDIAN,Pether's Angel,False,LOSE,,,-1.0,Teleleo,23.0
2026-05-22,Worcester,6.41,rp_WOR_20260522_6.41,THE GUARDIAN,THE GUARDIAN,Shamsat,False,PLACE,2,4.33,-1.0,L'amalric,4.33
2026-05-22,Worcester,7.11,rp_WOR_20260522_7.11,THE GUARDIAN,THE GUARDIAN,Crest Of Arms,False,PLACE,3,2.0,-1.0,Kind Intention,3.5
2026-05-22,Worcester,7.41,rp_WOR_20260522_7.41,THE GUARDIAN,THE GUARDIAN,Herbygoesbananas,False,LOSE,,,-1.0,Dexperts Opinion,13.0
2026-05-22,Worcester,8.11,rp_WOR_20260522_8.11,THE GUARDIAN,THE GUARDIAN,Ice Jet,False,WIN,1,1.44,0.44,Ice Jet,1.44
2026-05-22,Worcester,8.41,rp_WOR_20260522_8.41,THE GUARDIAN,THE GUARDIAN,Saccary,False,WIN,1,2.0,1.0,Saccary,2.0
2026-05-22,Worcester,4.57,rp_WOR_20260522_4.57,DAILY MAIL (Robin Goodfellow),DAILY MAIL (Robin Goodfellow),Alba Crus,False,LOSE,,,-1.0,Applicationofcash,3.75
2026-05-22,Worcester,5.32,rp_WOR_20260522_5.32,DAILY MAIL (Robin Goodfellow),DAILY MAIL (Robin Goodfellow),Lermoos Legend,False,LOSE,,,-1.0,Karnaval Point,12.0
2026-05-22,Worcester,6.06,rp_WOR_20260522_6.06,DAILY MAIL (Robin Goodfellow),DAILY MAIL (Robin Goodfellow),Closing Time,False,LOSE,,,-1.0,Teleleo,23.0
2026-05-22,Worcester,6.41,rp_WOR_20260522_6.41,DAILY MAIL (Robin Goodfellow),DAILY MAIL (Robin Goodfellow),Premier Tenor,False,PLACE,3,2.25,-1.0,L'amalric,4.33
2026-05-22,Worcester,7.11,rp_WOR_20260522_7.11,DAILY MAIL (Robin Goodfellow),DAILY MAIL (Robin Goodfellow),Crest Of Arms,False,PLACE,3,2.0,-1.0,Kind Intention,3.5
2026-05-22,Worcester,7.41,rp_WOR_20260522_7.41,DAILY MAIL (Robin Goodfellow),DAILY MAIL (Robin Goodfellow),Lightfingered Jack,False,LOSE,,,-1.0,Dexperts Opinion,13.0
2026-05-22,Worcester,8.11,rp_WOR_20260522_8.11,DAILY MAIL (Robin Goodfellow),DAILY MAIL (Robin Goodfellow),Ice Jet,False,WIN,1,1.44,0.44,Ice Jet,1.44
2026-05-22,Worcester,8.41,rp_WOR_20260522_8.41,DAILY MAIL (Robin Goodfellow),DAILY MAIL (Robin Goodfellow),Playful Fox,False,PLACE,2,2.75,-1.0,Saccary,2.0
2026-05-22,Worcester,4.57,rp_WOR_20260522_4.57,D EXPRESS (Melissa Jones),D EXPRESS (Melissa Jones),Bongo Man,False,LOSE,,,-1.0,Applicationofcash,3.75
2026-05-22,Worcester,5.32,rp_WOR_20260522_5.32,D EXPRESS (Melissa Jones),D EXPRESS (Melissa Jones),Jet Smart,False,PLACE,2,4.0,-1.0,Karnaval Point,12.0
2026-05-22,Worcester,6.06,rp_WOR_20260522_6.06,D EXPRESS (Melissa Jones),D EXPRESS (Melissa Jones),Closing Time,False,LOSE,,,-1.0,Teleleo,23.0
2026-05-22,Worcester,6.41,rp_WOR_20260522_6.41,D EXPRESS (Melissa Jones),D EXPRESS (Melissa Jones),Anzac Day,False,LOSE,,,-1.0,L'amalric,4.33
2026-05-22,Worcester,7.11,rp_WOR_20260522_7.11,D EXPRESS (Melissa Jones),D EXPRESS (Melissa Jones),Kind Intention,False,WIN,1,3.5,2.5,Kind Intention,3.5
2026-05-22,Worcester,7.41,rp_WOR_20260522_7.41,D EXPRESS (Melissa Jones),D EXPRESS (Melissa Jones),Lightfingered Jack,False,LOSE,,,-1.0,Dexperts Opinion,13.0
2026-05-22,Worcester,8.11,rp_WOR_20260522_8.11,D EXPRESS (Melissa Jones),D EXPRESS (Melissa Jones),Ice Jet,False,WIN,1,1.44,0.44,Ice Jet,1.44
2026-05-22,Worcester,8.41,rp_WOR_20260522_8.41,D EXPRESS (Melissa Jones),D EXPRESS (Melissa Jones),Playful Fox,False,PLACE,2,2.75,-1.0,Saccary,2.0
2026-05-22,Worcester,4.57,rp_WOR_20260522_4.57,DAILY MIRROR (Newsboy),DAILY MIRROR (Newsboy),Bongo Man,False,LOSE,,,-1.0,Applicationofcash,3.75
2026-05-22,Worcester,5.32,rp_WOR_20260522_5.32,DAILY MIRROR (Newsboy),DAILY MIRROR (Newsboy),Jet Smart,False,PLACE,2,4.0,-1.0,Karnaval Point,12.0
2026-05-22,Worcester,6.06,rp_WOR_20260522_6.06,DAILY MIRROR (Newsboy),DAILY MIRROR (Newsboy),Closing Time,False,LOSE,,,-1.0,Teleleo,23.0
2026-05-22,Worcester,6.41,rp_WOR_20260522_6.41,DAILY MIRROR (Newsboy),DAILY MIRROR (Newsboy),Premier Tenor,False,PLACE,3,2.25,-1.0,L'amalric,4.33
2026-05-22,Worcester,7.11,rp_WOR_20260522_7.11,DAILY MIRROR (Newsboy),DAILY MIRROR (Newsboy),Crest Of Arms,False,PLACE,3,2.0,-1.0,Kind Intention,3.5
2026-05-22,Worcester,7.41,rp_WOR_20260522_7.41,DAILY MIRROR (Newsboy),DAILY MIRROR (Newsboy),Noble Blue,False,LOSE,,,-1.0,Dexperts Opinion,13.0
2026-05-22,Worcester,8.11,rp_WOR_20260522_8.11,DAILY MIRROR (Newsboy),DAILY MIRROR (Newsboy),Ice Jet,False,WIN,1,1.44,0.44,Ice Jet,1.44
2026-05-22,Worcester,8.41,rp_WOR_20260522_8.41,DAILY MIRROR (Newsboy),DAILY MIRROR (Newsboy),Saccary,False,WIN,1,2.0,1.0,Saccary,2.0
2026-05-22,Worcester,4.57,rp_WOR_20260522_4.57,THE SUN (Templegate),THE SUN (Templegate),Applicationofcash,False,WIN,1,3.75,2.75,Applicationofcash,3.75
2026-05-22,Worcester,5.32,rp_WOR_20260522_5.32,THE SUN (Templegate),THE SUN (Templegate),Lermoos Legend,False,LOSE,,,-1.0,Karnaval Point,12.0
2026-05-22,Worcester,6.06,rp_WOR_20260522_6.06,THE SUN (Templegate),THE SUN (Templegate),Faithful Guardian,False,PLACE,3,6.5,-1.0,Teleleo,23.0
2026-05-22,Worcester,6.41,rp_WOR_20260522_6.41,THE SUN (Templegate),THE SUN (Templegate),Shamsat,False,PLACE,2,4.33,-1.0,L'amalric,4.33
2026-05-22,Worcester,7.11,rp_WOR_20260522_7.11,THE SUN (Templegate),THE SUN (Templegate),Crest Of Arms,False,PLACE,3,2.0,-1.0,Kind Intention,3.5
2026-05-22,Worcester,7.41,rp_WOR_20260522_7.41,THE SUN (Templegate),THE SUN (Templegate),Noble Blue,False,LOSE,,,-1.0,Dexperts Opinion,13.0
2026-05-22,Worcester,8.11,rp_WOR_20260522_8.11,THE SUN (Templegate),THE SUN (Templegate),Ice Jet,False,WIN,1,1.44,0.44,Ice Jet,1.44
2026-05-22,Worcester,8.41,rp_WOR_20260522_8.41,THE SUN (Templegate),THE SUN (Templegate),Saccary,False,WIN,1,2.0,1.0,Saccary,2.0
2026-05-22,Worcester,4.57,rp_WOR_20260522_4.57,THE STAR (Jason Heavey),THE STAR (Jason Heavey),Bongo Man,False,LOSE,,,-1.0,Applicationofcash,3.75
2026-05-22,Worcester,5.32,rp_WOR_20260522_5.32,THE STAR (Jason Heavey),THE STAR (Jason Heavey),Ukantango,False,LOSE,,,-1.0,Karnaval Point,12.0
2026-05-22,Worcester,6.06,rp_WOR_20260522_6.06,THE STAR (Jason Heavey),THE STAR (Jason Heavey),Mossy Moon,False,LOSE,,,-1.0,Teleleo,23.0
2026-05-22,Worcester,6.41,rp_WOR_20260522_6.41,THE STAR (Jason Heavey),THE STAR (Jason Heavey),Premier Tenor,False,PLACE,3,2.25,-1.0,L'amalric,4.33
2026-05-22,Worcester,7.11,rp_WOR_20260522_7.11,THE STAR (Jason Heavey),THE STAR (Jason Heavey),Blue Topaz,False,LOSE,,,-1.0,Kind Intention,3.5
2026-05-22,Worcester,7.41,rp_WOR_20260522_7.41,THE STAR (Jason Heavey),THE STAR (Jason Heavey),Lightfingered Jack,False,LOSE,,,-1.0,Dexperts Opinion,13.0
2026-05-22,Worcester,8.11,rp_WOR_20260522_8.11,THE STAR (Jason Heavey),THE STAR (Jason Heavey),Ice Jet,False,WIN,1,1.44,0.44,Ice Jet,1.44
2026-05-22,Worcester,8.41,rp_WOR_20260522_8.41,THE STAR (Jason Heavey),THE STAR (Jason Heavey),Playful Fox,False,PLACE,2,2.75,-1.0,Saccary,2.0
2026-05-22,Worcester,4.57,rp_WOR_20260522_4.57,DAILY RECORD (Garry Owen),DAILY RECORD (Garry Owen),Zero Tolerance,False,PLACE,2,4.5,-1.0,Applicationofcash,3.75
2026-05-22,Worcester,5.32,rp_WOR_20260522_5.32,DAILY RECORD (Garry Owen),DAILY RECORD (Garry Owen),Jet Smart,False,PLACE,2,4.0,-1.0,Karnaval Point,12.0
2026-05-22,Worcester,6.06,rp_WOR_20260522_6.06,DAILY RECORD (Garry Owen),DAILY RECORD (Garry Owen),Closing Time,False,LOSE,,,-1.0,Teleleo,23.0
2026-05-22,Worcester,6.41,rp_WOR_20260522_6.41,DAILY RECORD (Garry Owen),DAILY RECORD (Garry Owen),Premier Tenor,False,PLACE,3,2.25,-1.0,L'amalric,4.33
2026-05-22,Worcester,7.11,rp_WOR_20260522_7.11,DAILY RECORD (Garry Owen),DAILY RECORD (Garry Owen),Crest Of Arms,False,PLACE,3,2.0,-1.0,Kind Intention,3.5
2026-05-22,Worcester,7.41,rp_WOR_20260522_7.41,DAILY RECORD (Garry Owen),DAILY RECORD (Garry Owen),Noble Blue,False,LOSE,,,-1.0,Dexperts Opinion,13.0
2026-05-22,Worcester,8.11,rp_WOR_20260522_8.11,DAILY RECORD (Garry Owen),DAILY RECORD (Garry Owen),Ice Jet,False,WIN,1,1.44,0.44,Ice Jet,1.44
2026-05-22,Worcester,8.41,rp_WOR_20260522_8.41,DAILY RECORD (Garry Owen),DAILY RECORD (Garry Owen),Saccary Page,False,WIN,1,2.0,1.0,Saccary,2.0
