race_id,horse_id,reason,detail
919056,,RUN_NO_COMPLETE_RUN,
919055,,RUN_NO_COMPLETE_RUN,
919061,,RUN_NO_COMPLETE_RUN,
919060,,RUN_NO_COMPLETE_RUN,
919059,,RUN_NO_COMPLETE_RUN,
919057,,RUN_NO_COMPLETE_RUN,
919058,,RUN_NO_COMPLETE_RUN,
rp_AYR_20260520_1.42,rp_AYR_crystal_queen,RACE_UNRESOLVED,NO_CANDIDATE_FOUND
rp_AYR_20260520_1.42,rp_AYR_quiet_soul,RACE_UNRESOLVED,NO_CANDIDATE_FOUND
rp_AYR_20260520_1.42,rp_AYR_ruler's_pride,RACE_UNRESOLVED,NO_CANDIDATE_FOUND
rp_AYR_20260520_1.42,rp_AYR_yorkshire_dream,RACE_UNRESOLVED,NO_CANDIDATE_FOUND
rp_AYR_20260520_2.12,rp_AYR_a_lady_forever,RACE_UNRESOLVED,NO_CANDIDATE_FOUND
rp_AYR_20260520_2.12,rp_AYR_bernie_the_bear,RACE_UNRESOLVED,NO_CANDIDATE_FOUND
rp_AYR_20260520_2.12,rp_AYR_classy_clarets,RACE_UNRESOLVED,NO_CANDIDATE_FOUND
rp_AYR_20260520_2.12,rp_AYR_doon_the_glen,RACE_UNRESOLVED,NO_CANDIDATE_FOUND
rp_AYR_20260520_2.12,rp_AYR_jet_warrior,RACE_UNRESOLVED,NO_CANDIDATE_FOUND
rp_AYR_20260520_2.12,rp_AYR_siviez,RACE_UNRESOLVED,NO_CANDIDATE_FOUND
rp_AYR_20260520_2.12,rp_AYR_summerstorms_dream,RACE_UNRESOLVED,NO_CANDIDATE_FOUND
rp_AYR_20260520_2.12,rp_AYR_goal_line,RACE_UNRESOLVED,NO_CANDIDATE_FOUND
rp_AYR_20260520_2.42,rp_AYR_ayr_poet,RACE_UNRESOLVED,NO_CANDIDATE_FOUND
rp_AYR_20260520_2.42,rp_AYR_candonomore,RACE_UNRESOLVED,NO_CANDIDATE_FOUND
rp_AYR_20260520_2.42,rp_AYR_cisco_disco,RACE_UNRESOLVED,NO_CANDIDATE_FOUND
rp_AYR_20260520_2.42,rp_AYR_dingwall,RACE_UNRESOLVED,NO_CANDIDATE_FOUND
rp_AYR_20260520_2.42,rp_AYR_footwork,RACE_UNRESOLVED,NO_CANDIDATE_FOUND
rp_AYR_20260520_2.42,rp_AYR_good_morning_alex,RACE_UNRESOLVED,NO_CANDIDATE_FOUND
rp_AYR_20260520_2.42,rp_AYR_jujubella,RACE_UNRESOLVED,NO_CANDIDATE_FOUND
rp_AYR_20260520_2.42,rp_AYR_livonian,RACE_UNRESOLVED,NO_CANDIDATE_FOUND
rp_AYR_20260520_2.42,rp_AYR_motawaared,RACE_UNRESOLVED,NO_CANDIDATE_FOUND
rp_AYR_20260520_2.42,rp_AYR_northwest_passage,RACE_UNRESOLVED,NO_CANDIDATE_FOUND
rp_AYR_20260520_2.42,rp_AYR_pearl_eye,RACE_UNRESOLVED,NO_CANDIDATE_FOUND
rp_AYR_20260520_2.42,rp_AYR_spirit_of_acklam,RACE_UNRESOLVED,NO_CANDIDATE_FOUND
918945,5082960,HORSE_UNRESOLVED,NO_CANDIDATE_FOUND
918945,5048059,HORSE_UNRESOLVED,NO_CANDIDATE_FOUND
918945,6229373,HORSE_UNRESOLVED,NO_CANDIDATE_FOUND
918945,2741006,HORSE_UNRESOLVED,NO_CANDIDATE_FOUND
918945,4249820,HORSE_UNRESOLVED,NO_CANDIDATE_FOUND
918945,3612354,HORSE_UNRESOLVED,NO_CANDIDATE_FOUND
918945,3096581,HORSE_UNRESOLVED,NO_CANDIDATE_FOUND
918945,3767116,HORSE_UNRESOLVED,NO_CANDIDATE_FOUND
918945,5079042,HORSE_UNRESOLVED,NO_CANDIDATE_FOUND
rp_AYR_20260520_3.12,rp_AYR_donald,RACE_UNRESOLVED,NO_CANDIDATE_FOUND
rp_AYR_20260520_3.12,rp_AYR_classy_al,RACE_UNRESOLVED,NO_CANDIDATE_FOUND
rp_AYR_20260520_3.12,rp_AYR_hi_lord,RACE_UNRESOLVED,NO_CANDIDATE_FOUND
rp_AYR_20260520_3.12,rp_AYR_jm_jhingree,RACE_UNRESOLVED,NO_CANDIDATE_FOUND
rp_AYR_20260520_3.12,rp_AYR_military_girl,RACE_UNRESOLVED,NO_CANDIDATE_FOUND
rp_AYR_20260520_3.12,rp_AYR_thunderstorm_katie,RACE_UNRESOLVED,NO_CANDIDATE_FOUND
rp_AYR_20260520_3.12,rp_AYR_water_of_leith,RACE_UNRESOLVED,NO_CANDIDATE_FOUND
rp_AYR_20260520_3.12,rp_AYR_henery_hawk,RACE_UNRESOLVED,NO_CANDIDATE_FOUND
rp_AYR_20260520_3.42,rp_AYR_degale,RACE_UNRESOLVED,NO_CANDIDATE_FOUND
rp_AYR_20260520_3.42,rp_AYR_garden_oasis,RACE_UNRESOLVED,NO_CANDIDATE_FOUND
rp_AYR_20260520_3.42,rp_AYR_geo,RACE_UNRESOLVED,NO_CANDIDATE_FOUND
rp_AYR_20260520_3.42,rp_AYR_hale_end,RACE_UNRESOLVED,NO_CANDIDATE_FOUND
rp_AYR_20260520_3.42,rp_AYR_jannas_journey,RACE_UNRESOLVED,NO_CANDIDATE_FOUND
rp_AYR_20260520_3.42,rp_AYR_kaleido,RACE_UNRESOLVED,NO_CANDIDATE_FOUND
rp_AYR_20260520_3.42,rp_AYR_mr_mistoffelees,RACE_UNRESOLVED,NO_CANDIDATE_FOUND
rp_AYR_20260520_3.42,rp_AYR_penelope's_sister,RACE_UNRESOLVED,NO_CANDIDATE_FOUND
rp_AYR_20260520_3.42,rp_AYR_priapos,RACE_UNRESOLVED,NO_CANDIDATE_FOUND
rp_AYR_20260520_3.42,rp_AYR_redarna,RACE_UNRESOLVED,NO_CANDIDATE_FOUND
rp_AYR_20260520_3.42,rp_AYR_return_to_unit,RACE_UNRESOLVED,NO_CANDIDATE_FOUND
rp_AYR_20260520_3.42,rp_AYR_sir_paul_ramsey,RACE_UNRESOLVED,NO_CANDIDATE_FOUND
rp_AYR_20260520_4.12,rp_AYR_al_muqdad,RACE_UNRESOLVED,NO_CANDIDATE_FOUND
rp_AYR_20260520_4.12,rp_AYR_kelpie_grey,RACE_UNRESOLVED,NO_CANDIDATE_FOUND
rp_AYR_20260520_4.12,rp_AYR_maui_breeze,RACE_UNRESOLVED,NO_CANDIDATE_FOUND
rp_AYR_20260520_4.12,rp_AYR_mr_cool,RACE_UNRESOLVED,NO_CANDIDATE_FOUND
rp_AYR_20260520_4.12,rp_AYR_novak,RACE_UNRESOLVED,NO_CANDIDATE_FOUND
rp_AYR_20260520_4.12,rp_AYR_royal_blaze,RACE_UNRESOLVED,NO_CANDIDATE_FOUND
rp_AYR_20260520_4.12,rp_AYR_valentine_catcher,RACE_UNRESOLVED,NO_CANDIDATE_FOUND
rp_AYR_20260520_4.12,rp_AYR_roaring_ralph,RACE_UNRESOLVED,NO_CANDIDATE_FOUND
rp_AYR_20260520_4.12,rp_AYR_elizabeth_bay,RACE_UNRESOLVED,NO_CANDIDATE_FOUND
rp_AYR_20260520_4.42,rp_AYR_golden_valour,RACE_UNRESOLVED,NO_CANDIDATE_FOUND
rp_AYR_20260520_4.42,rp_AYR_great,RACE_UNRESOLVED,NO_CANDIDATE_FOUND
rp_AYR_20260520_4.42,rp_AYR_habrdi,RACE_UNRESOLVED,NO_CANDIDATE_FOUND
rp_AYR_20260520_4.42,rp_AYR_macedonian,RACE_UNRESOLVED,NO_CANDIDATE_FOUND
rp_AYR_20260520_4.42,rp_AYR_native_honey,RACE_UNRESOLVED,NO_CANDIDATE_FOUND
rp_AYR_20260520_4.42,rp_AYR_pension_pot,RACE_UNRESOLVED,NO_CANDIDATE_FOUND
rp_AYR_20260520_4.42,rp_AYR_qazaq,RACE_UNRESOLVED,NO_CANDIDATE_FOUND
rp_AYR_20260520_4.42,rp_AYR_rwenearlytheredad,RACE_UNRESOLVED,NO_CANDIDATE_FOUND
rp_AYR_20260520_4.42,rp_AYR_tattie_bogle,RACE_UNRESOLVED,NO_CANDIDATE_FOUND
rp_AYR_20260520_5.15,rp_AYR_evelyn's_phoenix,RACE_UNRESOLVED,NO_CANDIDATE_FOUND
rp_AYR_20260520_5.15,rp_AYR_glorious_kitty,RACE_UNRESOLVED,NO_CANDIDATE_FOUND
rp_AYR_20260520_5.15,rp_AYR_lovette,RACE_UNRESOLVED,NO_CANDIDATE_FOUND
rp_AYR_20260520_5.15,rp_AYR_mwafaq,RACE_UNRESOLVED,NO_CANDIDATE_FOUND
rp_AYR_20260520_5.15,rp_AYR_sophiesticate,RACE_UNRESOLVED,NO_CANDIDATE_FOUND
rp_AYR_20260520_5.15,rp_AYR_south_road,RACE_UNRESOLVED,NO_CANDIDATE_FOUND
rp_AYR_20260520_5.15,rp_AYR_tap_dancer,RACE_UNRESOLVED,NO_CANDIDATE_FOUND
rp_AYR_20260520_5.15,rp_AYR_wolf_of_badenoch,RACE_UNRESOLVED,NO_CANDIDATE_FOUND
rp_FFO_20260520_2.50,rp_FFO_aslukgoes,RACE_UNRESOLVED,NO_CANDIDATE_FOUND
rp_FFO_20260520_2.50,rp_FFO_juggernaut,RACE_UNRESOLVED,NO_CANDIDATE_FOUND
rp_FFO_20260520_2.50,rp_FFO_lion_of_the_desert,RACE_UNRESOLVED,NO_CANDIDATE_FOUND
rp_FFO_20260520_2.50,rp_FFO_october_hill,RACE_UNRESOLVED,NO_CANDIDATE_FOUND
rp_FFO_20260520_2.50,rp_FFO_red_rubio,RACE_UNRESOLVED,NO_CANDIDATE_FOUND
rp_FFO_20260520_2.50,rp_FFO_lemon_leaf,RACE_UNRESOLVED,NO_CANDIDATE_FOUND
rp_FFO_20260520_3.20,rp_FFO_kenobi,RACE_UNRESOLVED,NO_CANDIDATE_FOUND
rp_FFO_20260520_3.20,rp_FFO_the_flaggy_shore,RACE_UNRESOLVED,NO_CANDIDATE_FOUND
rp_FFO_20260520_3.20,rp_FFO_fiskardo,RACE_UNRESOLVED,NO_CANDIDATE_FOUND
rp_FFO_20260520_3.20,rp_FFO_one_knight,RACE_UNRESOLVED,NO_CANDIDATE_FOUND
rp_FFO_20260520_3.20,rp_FFO_brenda_lady,RACE_UNRESOLVED,NO_CANDIDATE_FOUND
rp_FFO_20260520_3.50,rp_FFO_alderley_charlie,RACE_UNRESOLVED,NO_CANDIDATE_FOUND
rp_FFO_20260520_3.50,rp_FFO_glenmuick,RACE_UNRESOLVED,NO_CANDIDATE_FOUND
rp_FFO_20260520_3.50,rp_FFO_good_girl_rachel,RACE_UNRESOLVED,NO_CANDIDATE_FOUND
rp_FFO_20260520_3.50,rp_FFO_green_asset,RACE_UNRESOLVED,NO_CANDIDATE_FOUND
rp_FFO_20260520_3.50,rp_FFO_hard_stare,RACE_UNRESOLVED,NO_CANDIDATE_FOUND
rp_FFO_20260520_3.50,rp_FFO_poet's_muse,RACE_UNRESOLVED,NO_CANDIDATE_FOUND
rp_FFO_20260520_3.50,rp_FFO_blackacre,RACE_UNRESOLVED,NO_CANDIDATE_FOUND
rp_FFO_20260520_3.50,rp_FFO_crest_of_valour,RACE_UNRESOLVED,NO_CANDIDATE_FOUND
rp_FFO_20260520_4.20,rp_FFO_hell_hound,RACE_UNRESOLVED,NO_CANDIDATE_FOUND
rp_FFO_20260520_4.20,rp_FFO_jack's_jury,RACE_UNRESOLVED,NO_CANDIDATE_FOUND
rp_FFO_20260520_4.20,rp_FFO_loki's_mischief,RACE_UNRESOLVED,NO_CANDIDATE_FOUND
rp_FFO_20260520_4.20,rp_FFO_axel_bleue,RACE_UNRESOLVED,NO_CANDIDATE_FOUND
rp_FFO_20260520_4.50,rp_FFO_bridget_mary,RACE_UNRESOLVED,NO_CANDIDATE_FOUND
rp_FFO_20260520_4.50,rp_FFO_lynsey_larue,RACE_UNRESOLVED,NO_CANDIDATE_FOUND
rp_FFO_20260520_4.50,rp_FFO_o'grady's_hill,RACE_UNRESOLVED,NO_CANDIDATE_FOUND
rp_FFO_20260520_4.50,rp_FFO_miss_pearl,RACE_UNRESOLVED,NO_CANDIDATE_FOUND
rp_FFO_20260520_4.50,rp_FFO_fox_wallace,RACE_UNRESOLVED,NO_CANDIDATE_FOUND
rp_FFO_20260520_4.50,rp_FFO_just_a_memory,RACE_UNRESOLVED,NO_CANDIDATE_FOUND
rp_FFO_20260520_4.50,rp_FFO_shesupincourt,RACE_UNRESOLVED,NO_CANDIDATE_FOUND
rp_FFO_20260520_5.22,rp_FFO_barafundle_bay,RACE_UNRESOLVED,NO_CANDIDATE_FOUND
rp_FFO_20260520_5.22,rp_FFO_freddiemissmolli,RACE_UNRESOLVED,NO_CANDIDATE_FOUND
rp_FFO_20260520_5.22,rp_FFO_la_belle_argentee,RACE_UNRESOLVED,NO_CANDIDATE_FOUND
rp_FFO_20260520_5.22,rp_FFO_mystical_mabel,RACE_UNRESOLVED,NO_CANDIDATE_FOUND
rp_FFO_20260520_5.22,rp_FFO_miss_tiara,RACE_UNRESOLVED,NO_CANDIDATE_FOUND
rp_FFO_20260520_5.22,rp_FFO_forest_spirit,RACE_UNRESOLVED,NO_CANDIDATE_FOUND
rp_FFO_20260520_5.22,rp_FFO_kates_choice,RACE_UNRESOLVED,NO_CANDIDATE_FOUND
rp_FFO_20260520_5.22,rp_FFO_mya_du_clos,RACE_UNRESOLVED,NO_CANDIDATE_FOUND
rp_GOW_20260520_5.10,rp_GOW_independent_expert,RACE_UNRESOLVED,NO_CANDIDATE_FOUND
rp_GOW_20260520_5.10,rp_GOW_clonmacash,RACE_UNRESOLVED,NO_CANDIDATE_FOUND
rp_GOW_20260520_5.10,rp_GOW_venetian,RACE_UNRESOLVED,NO_CANDIDATE_FOUND
rp_GOW_20260520_5.10,rp_GOW_royal_sapphire,RACE_UNRESOLVED,NO_CANDIDATE_FOUND
rp_GOW_20260520_5.10,rp_GOW_west_sedona,RACE_UNRESOLVED,NO_CANDIDATE_FOUND
rp_GOW_20260520_5.10,rp_GOW_fly_to_glory,RACE_UNRESOLVED,NO_CANDIDATE_FOUND
rp_GOW_20260520_5.10,rp_GOW_gloriously_glam,RACE_UNRESOLVED,NO_CANDIDATE_FOUND
rp_GOW_20260520_5.10,rp_GOW_green_kite,RACE_UNRESOLVED,NO_CANDIDATE_FOUND
rp_GOW_20260520_5.10,rp_GOW_profit_surge,RACE_UNRESOLVED,NO_CANDIDATE_FOUND
rp_GOW_20260520_5.10,rp_GOW_salacious,RACE_UNRESOLVED,NO_CANDIDATE_FOUND
rp_GOW_20260520_5.45,rp_GOW_fleur_de_provence,RACE_UNRESOLVED,NO_CANDIDATE_FOUND
rp_GOW_20260520_5.45,rp_GOW_sanctijude,RACE_UNRESOLVED,NO_CANDIDATE_FOUND
rp_GOW_20260520_5.45,rp_GOW_themis,RACE_UNRESOLVED,NO_CANDIDATE_FOUND
rp_GOW_20260520_5.45,rp_GOW_beo_go_deo,RACE_UNRESOLVED,NO_CANDIDATE_FOUND
rp_GOW_20260520_5.45,rp_GOW_jolie_cailin,RACE_UNRESOLVED,NO_CANDIDATE_FOUND
rp_GOW_20260520_5.45,rp_GOW_magical_mollie,RACE_UNRESOLVED,NO_CANDIDATE_FOUND
rp_GOW_20260520_5.45,rp_GOW_nellcote,RACE_UNRESOLVED,NO_CANDIDATE_FOUND
rp_GOW_20260520_5.45,rp_GOW_wildlife,RACE_UNRESOLVED,NO_CANDIDATE_FOUND
rp_GOW_20260520_5.45,rp_GOW_bofa_beach,RACE_UNRESOLVED,NO_CANDIDATE_FOUND
rp_GOW_20260520_6.20,rp_GOW_big_cypress,RACE_UNRESOLVED,NO_CANDIDATE_FOUND
rp_GOW_20260520_6.20,rp_GOW_rolltight,RACE_UNRESOLVED,NO_CANDIDATE_FOUND
rp_GOW_20260520_6.20,rp_GOW_loughrea,RACE_UNRESOLVED,NO_CANDIDATE_FOUND
rp_GOW_20260520_6.20,rp_GOW_little_wing,RACE_UNRESOLVED,NO_CANDIDATE_FOUND
rp_GOW_20260520_6.20,rp_GOW_ravens_can_fly,RACE_UNRESOLVED,NO_CANDIDATE_FOUND
rp_GOW_20260520_6.20,rp_GOW_roman_sands,RACE_UNRESOLVED,NO_CANDIDATE_FOUND
rp_GOW_20260520_6.20,rp_GOW_ryans_hope,RACE_UNRESOLVED,NO_CANDIDATE_FOUND
rp_GOW_20260520_6.20,rp_GOW_time_whisperer,RACE_UNRESOLVED,NO_CANDIDATE_FOUND
rp_GOW_20260520_6.20,rp_GOW_uncle_goalie,RACE_UNRESOLVED,NO_CANDIDATE_FOUND
rp_GOW_20260520_6.20,rp_GOW_zammawar,RACE_UNRESOLVED,NO_CANDIDATE_FOUND
rp_GOW_20260520_6.20,rp_GOW_chamonix,RACE_UNRESOLVED,NO_CANDIDATE_FOUND
rp_GOW_20260520_6.20,rp_GOW_hassaniya,RACE_UNRESOLVED,NO_CANDIDATE_FOUND
rp_GOW_20260520_6.20,rp_GOW_hello_garda,RACE_UNRESOLVED,NO_CANDIDATE_FOUND
rp_GOW_20260520_6.20,rp_GOW_kingcharles,RACE_UNRESOLVED,NO_CANDIDATE_FOUND
rp_GOW_20260520_6.20,rp_GOW_flagstone_lady,RACE_UNRESOLVED,NO_CANDIDATE_FOUND
rp_GOW_20260520_6.50,rp_GOW_alto_sax,RACE_UNRESOLVED,NO_CANDIDATE_FOUND
rp_GOW_20260520_6.50,rp_GOW_ballymagreehan,RACE_UNRESOLVED,NO_CANDIDATE_FOUND
rp_GOW_20260520_6.50,rp_GOW_master_garvey,RACE_UNRESOLVED,NO_CANDIDATE_FOUND
rp_GOW_20260520_6.50,rp_GOW_mythical_rock,RACE_UNRESOLVED,NO_CANDIDATE_FOUND
rp_GOW_20260520_6.50,rp_GOW_river_derwent,RACE_UNRESOLVED,NO_CANDIDATE_FOUND
rp_GOW_20260520_6.50,rp_GOW_roderick,RACE_UNRESOLVED,NO_CANDIDATE_FOUND
rp_GOW_20260520_6.50,rp_GOW_staywitherjohnny,RACE_UNRESOLVED,NO_CANDIDATE_FOUND
rp_GOW_20260520_6.50,rp_GOW_hastily,RACE_UNRESOLVED,NO_CANDIDATE_FOUND
rp_GOW_20260520_6.50,rp_GOW_just_another_eagle,RACE_UNRESOLVED,NO_CANDIDATE_FOUND
rp_GOW_20260520_6.50,rp_GOW_not_simple,RACE_UNRESOLVED,NO_CANDIDATE_FOUND
rp_GOW_20260520_7.20,rp_GOW_lady_mairen,RACE_UNRESOLVED,NO_CANDIDATE_FOUND
rp_GOW_20260520_7.20,rp_GOW_marmeladova,RACE_UNRESOLVED,NO_CANDIDATE_FOUND
rp_GOW_20260520_7.20,rp_GOW_sparan_nua,RACE_UNRESOLVED,NO_CANDIDATE_FOUND
rp_GOW_20260520_7.20,rp_GOW_vauntingly,RACE_UNRESOLVED,NO_CANDIDATE_FOUND
rp_GOW_20260520_7.50,rp_GOW_earthsong,RACE_UNRESOLVED,NO_CANDIDATE_FOUND
rp_GOW_20260520_7.50,rp_GOW_eastern_blue_bird,RACE_UNRESOLVED,NO_CANDIDATE_FOUND
rp_GOW_20260520_7.50,rp_GOW_mr_rango,RACE_UNRESOLVED,NO_CANDIDATE_FOUND
rp_GOW_20260520_7.50,rp_GOW_sonic_invader,RACE_UNRESOLVED,NO_CANDIDATE_FOUND
rp_GOW_20260520_7.50,rp_GOW_miss_gitana,RACE_UNRESOLVED,NO_CANDIDATE_FOUND
rp_GOW_20260520_7.50,rp_GOW_eben_zaabeel,RACE_UNRESOLVED,NO_CANDIDATE_FOUND
rp_GOW_20260520_7.50,rp_GOW_good_onya_mate,RACE_UNRESOLVED,NO_CANDIDATE_FOUND
rp_GOW_20260520_7.50,rp_GOW_medieval_night,RACE_UNRESOLVED,NO_CANDIDATE_FOUND
rp_GOW_20260520_7.50,rp_GOW_paradise_lost,RACE_UNRESOLVED,NO_CANDIDATE_FOUND
rp_GOW_20260520_8.20,rp_GOW_desert_friend,RACE_UNRESOLVED,NO_CANDIDATE_FOUND
rp_GOW_20260520_8.20,rp_GOW_jurality,RACE_UNRESOLVED,NO_CANDIDATE_FOUND
rp_GOW_20260520_8.20,rp_GOW_our_lucky_lady,RACE_UNRESOLVED,NO_CANDIDATE_FOUND
rp_GOW_20260520_8.20,rp_GOW_synchronize,RACE_UNRESOLVED,NO_CANDIDATE_FOUND
rp_GOW_20260520_8.20,rp_GOW_almenfee,RACE_UNRESOLVED,NO_CANDIDATE_FOUND
rp_GOW_20260520_8.20,rp_GOW_mephisto,RACE_UNRESOLVED,NO_CANDIDATE_FOUND
rp_GOW_20260520_8.20,rp_GOW_among_the_pines,RACE_UNRESOLVED,NO_CANDIDATE_FOUND
rp_GOW_20260520_8.20,rp_GOW_bynx,RACE_UNRESOLVED,NO_CANDIDATE_FOUND
rp_GOW_20260520_8.20,rp_GOW_cala_gracioneta,RACE_UNRESOLVED,NO_CANDIDATE_FOUND
rp_GOW_20260520_8.20,rp_GOW_timandi,RACE_UNRESOLVED,NO_CANDIDATE_FOUND
rp_GOW_20260520_8.20,rp_GOW_god_the_highness,RACE_UNRESOLVED,NO_CANDIDATE_FOUND
rp_GOW_20260520_8.20,rp_GOW_velvet_and_vine,RACE_UNRESOLVED,NO_CANDIDATE_FOUND
rp_WAR_20260520_2.30,rp_WAR_alex_the_great,RACE_UNRESOLVED,NO_CANDIDATE_FOUND
rp_WAR_20260520_2.30,rp_WAR_bathara,RACE_UNRESOLVED,NO_CANDIDATE_FOUND
rp_WAR_20260520_2.30,rp_WAR_blue's_secret_gem,RACE_UNRESOLVED,NO_CANDIDATE_FOUND
rp_WAR_20260520_2.30,rp_WAR_mr_rafiki,RACE_UNRESOLVED,NO_CANDIDATE_FOUND
rp_WAR_20260520_2.30,rp_WAR_rafiki,RACE_UNRESOLVED,NO_CANDIDATE_FOUND
rp_WAR_20260520_2.30,rp_WAR_rebel_tribesman,RACE_UNRESOLVED,NO_CANDIDATE_FOUND
rp_WAR_20260520_2.30,rp_WAR_royal_rocket,RACE_UNRESOLVED,NO_CANDIDATE_FOUND
rp_WAR_20260520_2.30,rp_WAR_the_craftymaster,RACE_UNRESOLVED,NO_CANDIDATE_FOUND
rp_WAR_20260520_2.30,rp_WAR_madmoiselle_moss,RACE_UNRESOLVED,NO_CANDIDATE_FOUND
rp_WAR_20260520_3.00,rp_WAR_edgewell,RACE_UNRESOLVED,NO_CANDIDATE_FOUND
rp_WAR_20260520_3.00,rp_WAR_grand_sabre,RACE_UNRESOLVED,NO_CANDIDATE_FOUND
rp_WAR_20260520_3.00,rp_WAR_john_w_creasy,RACE_UNRESOLVED,NO_CANDIDATE_FOUND
rp_WAR_20260520_3.00,rp_WAR_testflight,RACE_UNRESOLVED,NO_CANDIDATE_FOUND
rp_WAR_20260520_3.00,rp_WAR_tom_desjy,RACE_UNRESOLVED,NO_CANDIDATE_FOUND
rp_WAR_20260520_3.00,rp_WAR_yes_and_yes,RACE_UNRESOLVED,NO_CANDIDATE_FOUND
rp_WAR_20260520_3.00,rp_WAR_the_moonlight_man,RACE_UNRESOLVED,NO_CANDIDATE_FOUND
rp_WAR_20260520_3.30,rp_WAR_full_force_gale,RACE_UNRESOLVED,NO_CANDIDATE_FOUND
rp_WAR_20260520_3.30,rp_WAR_king_of_the_story,RACE_UNRESOLVED,NO_CANDIDATE_FOUND
rp_WAR_20260520_3.30,rp_WAR_rangatira_jack,RACE_UNRESOLVED,NO_CANDIDATE_FOUND
rp_WAR_20260520_3.30,rp_WAR_jack_doyen,RACE_UNRESOLVED,NO_CANDIDATE_FOUND
rp_WAR_20260520_4.00,rp_WAR_crest_of_stars,RACE_UNRESOLVED,NO_CANDIDATE_FOUND
rp_WAR_20260520_4.00,rp_WAR_il_va_de_soi,RACE_UNRESOLVED,NO_CANDIDATE_FOUND
rp_WAR_20260520_4.00,rp_WAR_norman_fletcher,RACE_UNRESOLVED,NO_CANDIDATE_FOUND
rp_WAR_20260520_4.00,rp_WAR_jimmy_hurdstrom,RACE_UNRESOLVED,NO_CANDIDATE_FOUND
rp_WAR_20260520_4.00,rp_WAR_la_vish,RACE_UNRESOLVED,NO_CANDIDATE_FOUND
rp_WAR_20260520_4.00,rp_WAR_king_of_the_road,RACE_UNRESOLVED,NO_CANDIDATE_FOUND
rp_WAR_20260520_4.00,rp_WAR_champagne_twist,RACE_UNRESOLVED,NO_CANDIDATE_FOUND
rp_WAR_20260520_4.30,rp_WAR_allibaba,RACE_UNRESOLVED,NO_CANDIDATE_FOUND
rp_WAR_20260520_4.30,rp_WAR_buxted_reel,RACE_UNRESOLVED,NO_CANDIDATE_FOUND
rp_WAR_20260520_4.30,rp_WAR_karthala,RACE_UNRESOLVED,NO_CANDIDATE_FOUND
rp_WAR_20260520_4.30,rp_WAR_louie_the_legend,RACE_UNRESOLVED,NO_CANDIDATE_FOUND
rp_WAR_20260520_4.30,rp_WAR_onehundredneighty,RACE_UNRESOLVED,NO_CANDIDATE_FOUND
rp_WAR_20260520_4.30,rp_WAR_westerton,RACE_UNRESOLVED,NO_CANDIDATE_FOUND
rp_WAR_20260520_4.30,rp_WAR_babychino,RACE_UNRESOLVED,NO_CANDIDATE_FOUND
rp_WAR_20260520_5.00,rp_WAR_bluegrass,RACE_UNRESOLVED,NO_CANDIDATE_FOUND
rp_WAR_20260520_5.00,rp_WAR_brendas_asking,RACE_UNRESOLVED,NO_CANDIDATE_FOUND
rp_WAR_20260520_5.00,rp_WAR_forget_the_way,RACE_UNRESOLVED,NO_CANDIDATE_FOUND
rp_WAR_20260520_5.00,rp_WAR_high_fibre,RACE_UNRESOLVED,NO_CANDIDATE_FOUND
rp_WAR_20260520_5.00,rp_WAR_kingston_sunflower,RACE_UNRESOLVED,NO_CANDIDATE_FOUND
rp_WAR_20260520_5.00,rp_WAR_mojito_des_mottes,RACE_UNRESOLVED,NO_CANDIDATE_FOUND
rp_WAR_20260520_5.00,rp_WAR_unjeu_royal,RACE_UNRESOLVED,NO_CANDIDATE_FOUND
rp_WAR_20260520_5.00,rp_WAR_chief_sunday,RACE_UNRESOLVED,NO_CANDIDATE_FOUND
rp_WAR_20260520_5.00,rp_WAR_scintillante,RACE_UNRESOLVED,NO_CANDIDATE_FOUND
rp_YAR_20260520_5.35,rp_YAR_havana_sprite,RACE_UNRESOLVED,NO_CANDIDATE_FOUND
rp_YAR_20260520_5.35,rp_YAR_havana_lightning,RACE_UNRESOLVED,NO_CANDIDATE_FOUND
rp_YAR_20260520_5.35,rp_YAR_havana_grey_star,RACE_UNRESOLVED,NO_CANDIDATE_FOUND
rp_YAR_20260520_5.35,rp_YAR_halliwell_stream,RACE_UNRESOLVED,NO_CANDIDATE_FOUND
rp_YAR_20260520_5.35,rp_YAR_harlequin_sky,RACE_UNRESOLVED,NO_CANDIDATE_FOUND
rp_YAR_20260520_5.35,rp_YAR_minnie_bear,RACE_UNRESOLVED,NO_CANDIDATE_FOUND
rp_YAR_20260520_5.35,rp_YAR_sable_island,RACE_UNRESOLVED,NO_CANDIDATE_FOUND
rp_YAR_20260520_5.35,rp_YAR_sydney_grace,RACE_UNRESOLVED,NO_CANDIDATE_FOUND
rp_YAR_20260520_5.35,rp_YAR_alpaca's_bullet,RACE_UNRESOLVED,NO_CANDIDATE_FOUND
rp_YAR_20260520_5.35,rp_YAR_persian_sunset,RACE_UNRESOLVED,NO_CANDIDATE_FOUND
rp_YAR_20260520_5.35,rp_YAR_sea_of_sardinia,RACE_UNRESOLVED,NO_CANDIDATE_FOUND
rp_YAR_20260520_6.10,rp_YAR_ardad_steve,RACE_UNRESOLVED,NO_CANDIDATE_FOUND
rp_YAR_20260520_6.10,rp_YAR_boysofwallstreet,RACE_UNRESOLVED,NO_CANDIDATE_FOUND
rp_YAR_20260520_6.10,rp_YAR_conciliate,RACE_UNRESOLVED,NO_CANDIDATE_FOUND
rp_YAR_20260520_6.10,rp_YAR_easy_answer,RACE_UNRESOLVED,NO_CANDIDATE_FOUND
rp_YAR_20260520_6.10,rp_YAR_peaceful_warrior,RACE_UNRESOLVED,NO_CANDIDATE_FOUND
rp_YAR_20260520_6.10,rp_YAR_prince_kameo,RACE_UNRESOLVED,NO_CANDIDATE_FOUND
rp_YAR_20260520_6.10,rp_YAR_rogue_imperial,RACE_UNRESOLVED,NO_CANDIDATE_FOUND
rp_YAR_20260520_6.10,rp_YAR_bassrah,RACE_UNRESOLVED,NO_CANDIDATE_FOUND
rp_YAR_20260520_6.40,rp_YAR_dream_pirate,RACE_UNRESOLVED,NO_CANDIDATE_FOUND
rp_YAR_20260520_6.40,rp_YAR_goldie_trickett,RACE_UNRESOLVED,NO_CANDIDATE_FOUND
rp_YAR_20260520_6.40,rp_YAR_jack_sparowe,RACE_UNRESOLVED,NO_CANDIDATE_FOUND
rp_YAR_20260520_6.40,rp_YAR_law_supreme,RACE_UNRESOLVED,NO_CANDIDATE_FOUND
rp_YAR_20260520_6.40,rp_YAR_solanna,RACE_UNRESOLVED,NO_CANDIDATE_FOUND
rp_YAR_20260520_6.40,rp_YAR_special_breeze,RACE_UNRESOLVED,NO_CANDIDATE_FOUND
rp_YAR_20260520_6.40,rp_YAR_king's_hand,RACE_UNRESOLVED,NO_CANDIDATE_FOUND
rp_YAR_20260520_6.40,rp_YAR_urban_warrior,RACE_UNRESOLVED,NO_CANDIDATE_FOUND
rp_YAR_20260520_7.10,rp_YAR_golden_garden,RACE_UNRESOLVED,NO_CANDIDATE_FOUND
rp_YAR_20260520_7.10,rp_YAR_iwantmytimewithyou,RACE_UNRESOLVED,NO_CANDIDATE_FOUND
rp_YAR_20260520_7.10,rp_YAR_relocal,RACE_UNRESOLVED,NO_CANDIDATE_FOUND
rp_YAR_20260520_7.10,rp_YAR_saratoga_gold,RACE_UNRESOLVED,NO_CANDIDATE_FOUND
rp_YAR_20260520_7.10,rp_YAR_dereham,RACE_UNRESOLVED,NO_CANDIDATE_FOUND
rp_YAR_20260520_7.40,rp_YAR_charming_fellow,RACE_UNRESOLVED,NO_CANDIDATE_FOUND
rp_YAR_20260520_7.40,rp_YAR_havana_tobouggaloo,RACE_UNRESOLVED,NO_CANDIDATE_FOUND
rp_YAR_20260520_7.40,rp_YAR_kamaway,RACE_UNRESOLVED,NO_CANDIDATE_FOUND
rp_YAR_20260520_7.40,rp_YAR_lastchancezouloon,RACE_UNRESOLVED,NO_CANDIDATE_FOUND
rp_YAR_20260520_7.40,rp_YAR_tilani,RACE_UNRESOLVED,NO_CANDIDATE_FOUND
rp_YAR_20260520_7.40,rp_YAR_timely_affair,RACE_UNRESOLVED,NO_CANDIDATE_FOUND
rp_YAR_20260520_7.40,rp_YAR_cezarro,RACE_UNRESOLVED,NO_CANDIDATE_FOUND
rp_YAR_20260520_7.40,rp_YAR_poke_the_bear,RACE_UNRESOLVED,NO_CANDIDATE_FOUND
rp_YAR_20260520_8.10,rp_YAR_welljudged,RACE_UNRESOLVED,NO_CANDIDATE_FOUND
rp_YAR_20260520_8.10,rp_YAR_tennessee_gold,RACE_UNRESOLVED,NO_CANDIDATE_FOUND
rp_YAR_20260520_8.10,rp_YAR_ziggy's_condor,RACE_UNRESOLVED,NO_CANDIDATE_FOUND
rp_YAR_20260520_8.10,rp_YAR_rogue_allegiance,RACE_UNRESOLVED,NO_CANDIDATE_FOUND
rp_YAR_20260520_8.10,rp_YAR_tactical_plan,RACE_UNRESOLVED,NO_CANDIDATE_FOUND
rp_YAR_20260520_8.10,rp_YAR_giorgio_m,RACE_UNRESOLVED,NO_CANDIDATE_FOUND
rp_YAR_20260520_8.10,rp_YAR_chilly_breeze,RACE_UNRESOLVED,NO_CANDIDATE_FOUND
rp_YAR_20260520_8.10,rp_YAR_noble_guest,RACE_UNRESOLVED,NO_CANDIDATE_FOUND
rp_YAR_20260520_8.10,rp_YAR_middleton_view,RACE_UNRESOLVED,NO_CANDIDATE_FOUND
rp_CAT_20260521_2.10,rp_CAT_hallandale_beach,RACE_UNRESOLVED,NO_CANDIDATE_FOUND
rp_CAT_20260521_2.10,rp_CAT_the_tunguska_event,RACE_UNRESOLVED,NO_CANDIDATE_FOUND
rp_CAT_20260521_2.10,rp_CAT_yachtsman,RACE_UNRESOLVED,NO_CANDIDATE_FOUND
rp_CAT_20260521_2.10,rp_CAT_lanarra,RACE_UNRESOLVED,NO_CANDIDATE_FOUND
rp_CAT_20260521_2.10,rp_CAT_country_artiste,RACE_UNRESOLVED,NO_CANDIDATE_FOUND
rp_CAT_20260521_2.40,rp_CAT_rouane,RACE_UNRESOLVED,NO_CANDIDATE_FOUND
rp_CAT_20260521_2.40,rp_CAT_got_the_booty,RACE_UNRESOLVED,NO_CANDIDATE_FOUND
rp_CAT_20260521_2.40,rp_CAT_lady_gormire,RACE_UNRESOLVED,NO_CANDIDATE_FOUND
rp_CAT_20260521_2.40,rp_CAT_why_because,RACE_UNRESOLVED,NO_CANDIDATE_FOUND
rp_CAT_20260521_2.40,rp_CAT_moonlight_melody,RACE_UNRESOLVED,NO_CANDIDATE_FOUND
rp_CAT_20260521_2.40,rp_CAT_dolly_golightly,RACE_UNRESOLVED,NO_CANDIDATE_FOUND
rp_CAT_20260521_3.10,rp_CAT_safari_dream,RACE_UNRESOLVED,NO_CANDIDATE_FOUND
rp_CAT_20260521_3.10,rp_CAT_moostar,RACE_UNRESOLVED,NO_CANDIDATE_FOUND
rp_CAT_20260521_3.10,rp_CAT_fiscal_policy,RACE_UNRESOLVED,NO_CANDIDATE_FOUND
rp_CAT_20260521_3.10,rp_CAT_evocative_spark,RACE_UNRESOLVED,NO_CANDIDATE_FOUND
rp_CAT_20260521_3.10,rp_CAT_ingleby_archie,RACE_UNRESOLVED,NO_CANDIDATE_FOUND
rp_CAT_20260521_3.10,rp_CAT_beyond_borders,RACE_UNRESOLVED,NO_CANDIDATE_FOUND
rp_CAT_20260521_3.10,rp_CAT_willolarupi,RACE_UNRESOLVED,NO_CANDIDATE_FOUND
rp_CAT_20260521_3.10,rp_CAT_crocodile_power,RACE_UNRESOLVED,NO_CANDIDATE_FOUND
rp_CAT_20260521_3.40,rp_CAT_made_all,RACE_UNRESOLVED,NO_CANDIDATE_FOUND
rp_CAT_20260521_3.40,rp_CAT_nightsinwhitesatin,RACE_UNRESOLVED,NO_CANDIDATE_FOUND
rp_CAT_20260521_3.40,rp_CAT_ludo's_landing,RACE_UNRESOLVED,NO_CANDIDATE_FOUND
rp_CAT_20260521_3.40,rp_CAT_analogical,RACE_UNRESOLVED,NO_CANDIDATE_FOUND
rp_CAT_20260521_4.15,rp_CAT_hood_wink,RACE_UNRESOLVED,NO_CANDIDATE_FOUND
rp_CAT_20260521_4.15,rp_CAT_trucial_pearl,RACE_UNRESOLVED,NO_CANDIDATE_FOUND
rp_CAT_20260521_4.15,rp_CAT_antique_blue,RACE_UNRESOLVED,NO_CANDIDATE_FOUND
rp_CAT_20260521_4.15,rp_CAT_lope_y_linda,RACE_UNRESOLVED,NO_CANDIDATE_FOUND
rp_CAT_20260521_4.15,rp_CAT_hear_the_drums,RACE_UNRESOLVED,NO_CANDIDATE_FOUND
rp_CAT_20260521_4.15,rp_CAT_belling_the_cat,RACE_UNRESOLVED,NO_CANDIDATE_FOUND
rp_CAT_20260521_4.15,rp_CAT_south_coast_star,RACE_UNRESOLVED,NO_CANDIDATE_FOUND
rp_CAT_20260521_4.50,rp_CAT_filey_beach,RACE_UNRESOLVED,NO_CANDIDATE_FOUND
rp_CAT_20260521_4.50,rp_CAT_emerald_army,RACE_UNRESOLVED,NO_CANDIDATE_FOUND
rp_CAT_20260521_4.50,rp_CAT_monotone,RACE_UNRESOLVED,NO_CANDIDATE_FOUND
rp_CAT_20260521_4.50,rp_CAT_roundhay_park,RACE_UNRESOLVED,NO_CANDIDATE_FOUND
rp_CAT_20260521_4.50,rp_CAT_blue_jay_way,RACE_UNRESOLVED,NO_CANDIDATE_FOUND
rp_CAT_20260521_4.50,rp_CAT_ideal_guest,RACE_UNRESOLVED,NO_CANDIDATE_FOUND
rp_CAT_20260521_4.50,rp_CAT_saisons_d'or,RACE_UNRESOLVED,NO_CANDIDATE_FOUND
rp_CAT_20260521_4.50,rp_CAT_without_delay,RACE_UNRESOLVED,NO_CANDIDATE_FOUND
rp_CAT_20260521_4.50,rp_CAT_dolly's_delight,RACE_UNRESOLVED,NO_CANDIDATE_FOUND
rp_CAT_20260521_4.50,rp_CAT_indy's_angel,RACE_UNRESOLVED,NO_CANDIDATE_FOUND
rp_CAT_20260521_4.50,rp_CAT_east_tyrone,RACE_UNRESOLVED,NO_CANDIDATE_FOUND
rp_CAT_20260521_5.27,rp_CAT_velvet_rhythm,RACE_UNRESOLVED,NO_CANDIDATE_FOUND
rp_CAT_20260521_5.27,rp_CAT_blufferonthebus,RACE_UNRESOLVED,NO_CANDIDATE_FOUND
rp_CAT_20260521_5.27,rp_CAT_homestrait,RACE_UNRESOLVED,NO_CANDIDATE_FOUND
rp_CAT_20260521_5.27,rp_CAT_thehunnebelllegacy,RACE_UNRESOLVED,NO_CANDIDATE_FOUND
rp_CAT_20260521_5.27,rp_CAT_ten_sixty_six,RACE_UNRESOLVED,NO_CANDIDATE_FOUND
rp_CAT_20260521_5.27,rp_CAT_amelia's_joy,RACE_UNRESOLVED,NO_CANDIDATE_FOUND
rp_CAT_20260521_5.27,rp_CAT_sahara_magic,RACE_UNRESOLVED,NO_CANDIDATE_FOUND
rp_CHP_20260521_5.30,rp_CHP_green_titan,RACE_UNRESOLVED,NO_CANDIDATE_FOUND
rp_CHP_20260521_5.30,rp_CHP_romidijo,RACE_UNRESOLVED,NO_CANDIDATE_FOUND
rp_CHP_20260521_5.30,rp_CHP_issy's_gift,RACE_UNRESOLVED,NO_CANDIDATE_FOUND
rp_CHP_20260521_5.30,rp_CHP_ariane_sky,RACE_UNRESOLVED,NO_CANDIDATE_FOUND
rp_CHP_20260521_5.30,rp_CHP_alfey_moon,RACE_UNRESOLVED,NO_CANDIDATE_FOUND
rp_CHP_20260521_5.30,rp_CHP_benefacta,RACE_UNRESOLVED,NO_CANDIDATE_FOUND
rp_CHP_20260521_5.30,rp_CHP_marralyn,RACE_UNRESOLVED,NO_CANDIDATE_FOUND
rp_CHP_20260521_5.30,rp_CHP_metamouse,RACE_UNRESOLVED,NO_CANDIDATE_FOUND
rp_CHP_20260521_5.30,rp_CHP_my_a'ali_baba,RACE_UNRESOLVED,NO_CANDIDATE_FOUND
rp_CHP_20260521_5.30,rp_CHP_turtle_star,RACE_UNRESOLVED,NO_CANDIDATE_FOUND
rp_CHP_20260521_5.30,rp_CHP_forest_berry,RACE_UNRESOLVED,NO_CANDIDATE_FOUND
rp_CHP_20260521_5.30,rp_CHP_nevernotrememberu,RACE_UNRESOLVED,NO_CANDIDATE_FOUND
rp_CHP_20260521_5.30,rp_CHP_jazzy_bay,RACE_UNRESOLVED,NO_CANDIDATE_FOUND
rp_CHP_20260521_6.05,rp_CHP_em_four,RACE_UNRESOLVED,NO_CANDIDATE_FOUND
rp_CHP_20260521_6.05,rp_CHP_betsen,RACE_UNRESOLVED,NO_CANDIDATE_FOUND
rp_CHP_20260521_6.05,rp_CHP_marching_mac,RACE_UNRESOLVED,NO_CANDIDATE_FOUND
rp_CHP_20260521_6.05,rp_CHP_el_bufalo,RACE_UNRESOLVED,NO_CANDIDATE_FOUND
rp_CHP_20260521_6.05,rp_CHP_lazzar,RACE_UNRESOLVED,NO_CANDIDATE_FOUND
rp_CHP_20260521_6.05,rp_CHP_so_smart,RACE_UNRESOLVED,NO_CANDIDATE_FOUND
rp_CHP_20260521_6.40,rp_CHP_boston_max,RACE_UNRESOLVED,NO_CANDIDATE_FOUND
rp_CHP_20260521_6.40,rp_CHP_stock_market,RACE_UNRESOLVED,NO_CANDIDATE_FOUND
rp_CHP_20260521_6.40,rp_CHP_forever_glamorous,RACE_UNRESOLVED,NO_CANDIDATE_FOUND
rp_CHP_20260521_6.40,rp_CHP_jane_of_the_jungle,RACE_UNRESOLVED,NO_CANDIDATE_FOUND
rp_CHP_20260521_6.40,rp_CHP_my_mate_mackley,RACE_UNRESOLVED,NO_CANDIDATE_FOUND
rp_CHP_20260521_7.10,rp_CHP_opening_bat,RACE_UNRESOLVED,NO_CANDIDATE_FOUND
rp_CHP_20260521_7.10,rp_CHP_romanovich,RACE_UNRESOLVED,NO_CANDIDATE_FOUND
rp_CHP_20260521_7.10,rp_CHP_dapper_gee_gee,RACE_UNRESOLVED,NO_CANDIDATE_FOUND
rp_CHP_20260521_7.10,rp_CHP_cypriot_diaspora,RACE_UNRESOLVED,NO_CANDIDATE_FOUND
rp_CHP_20260521_7.10,rp_CHP_spirit_of_the_bay,RACE_UNRESOLVED,NO_CANDIDATE_FOUND
rp_CHP_20260521_7.10,rp_CHP_stoneywell,RACE_UNRESOLVED,NO_CANDIDATE_FOUND
rp_CHP_20260521_7.10,rp_CHP_terries_royale,RACE_UNRESOLVED,NO_CANDIDATE_FOUND
rp_CHP_20260521_7.10,rp_CHP_too_much_trevor,RACE_UNRESOLVED,NO_CANDIDATE_FOUND
rp_CHP_20260521_7.10,rp_CHP_margorie,RACE_UNRESOLVED,NO_CANDIDATE_FOUND
rp_CHP_20260521_7.10,rp_CHP_connie's_rose,RACE_UNRESOLVED,NO_CANDIDATE_FOUND
rp_CHP_20260521_7.10,rp_CHP_sixfiveseven,RACE_UNRESOLVED,NO_CANDIDATE_FOUND
rp_CHP_20260521_7.40,rp_CHP_dragon_god,RACE_UNRESOLVED,NO_CANDIDATE_FOUND
rp_CHP_20260521_7.40,rp_CHP_a_rose_adaay,RACE_UNRESOLVED,NO_CANDIDATE_FOUND
rp_CHP_20260521_7.40,rp_CHP_captain_cess,RACE_UNRESOLVED,NO_CANDIDATE_FOUND
rp_CHP_20260521_7.40,rp_CHP_punchbowl_flyer,RACE_UNRESOLVED,NO_CANDIDATE_FOUND
rp_CHP_20260521_7.40,rp_CHP_rose_adaay,RACE_UNRESOLVED,NO_CANDIDATE_FOUND
rp_CHP_20260521_7.40,rp_CHP_snuggle,RACE_UNRESOLVED,NO_CANDIDATE_FOUND
rp_CHP_20260521_7.40,rp_CHP_son_of_astar,RACE_UNRESOLVED,NO_CANDIDATE_FOUND
rp_CHP_20260521_7.40,rp_CHP_dancing_with_drums,RACE_UNRESOLVED,NO_CANDIDATE_FOUND
rp_CHP_20260521_7.40,rp_CHP_autumn_angel,RACE_UNRESOLVED,NO_CANDIDATE_FOUND
rp_CHP_20260521_7.40,rp_CHP_macarone,RACE_UNRESOLVED,NO_CANDIDATE_FOUND
rp_CHP_20260521_7.40,rp_CHP_anglesey_lad,RACE_UNRESOLVED,NO_CANDIDATE_FOUND
rp_CHP_20260521_7.40,rp_CHP_alyara,RACE_UNRESOLVED,NO_CANDIDATE_FOUND
rp_CHP_20260521_7.40,rp_CHP_griselda,RACE_UNRESOLVED,NO_CANDIDATE_FOUND
rp_CHP_20260521_7.40,rp_CHP_dayman,RACE_UNRESOLVED,NO_CANDIDATE_FOUND
rp_CHP_20260521_8.10,rp_CHP_windbreaker,RACE_UNRESOLVED,NO_CANDIDATE_FOUND
rp_CHP_20260521_8.10,rp_CHP_battle_of_maldon,RACE_UNRESOLVED,NO_CANDIDATE_FOUND
rp_CHP_20260521_8.10,rp_CHP_leonato,RACE_UNRESOLVED,NO_CANDIDATE_FOUND
rp_CHP_20260521_8.10,rp_CHP_hapiness,RACE_UNRESOLVED,NO_CANDIDATE_FOUND
rp_CHP_20260521_8.10,rp_CHP_strong_man_tom,RACE_UNRESOLVED,NO_CANDIDATE_FOUND
rp_CHP_20260521_8.10,rp_CHP_easwrith_destiny,RACE_UNRESOLVED,NO_CANDIDATE_FOUND
rp_CHP_20260521_8.40,rp_CHP_river_king,RACE_UNRESOLVED,NO_CANDIDATE_FOUND
rp_CHP_20260521_8.40,rp_CHP_alcaraz,RACE_UNRESOLVED,NO_CANDIDATE_FOUND
rp_CHP_20260521_8.40,rp_CHP_robbo,RACE_UNRESOLVED,NO_CANDIDATE_FOUND
rp_CHP_20260521_8.40,rp_CHP_crystal_mariner,RACE_UNRESOLVED,NO_CANDIDATE_FOUND
rp_CHP_20260521_8.40,rp_CHP_the_green_mile,RACE_UNRESOLVED,NO_CANDIDATE_FOUND
rp_CHP_20260521_8.40,rp_CHP_naples,RACE_UNRESOLVED,NO_CANDIDATE_FOUND
rp_HAY_20260521_2.00,rp_HAY_dreams_adozen,RACE_UNRESOLVED,NO_CANDIDATE_FOUND
rp_HAY_20260521_2.00,rp_HAY_treasure_islands,RACE_UNRESOLVED,NO_CANDIDATE_FOUND
rp_HAY_20260521_2.00,rp_HAY_goin',RACE_UNRESOLVED,NO_CANDIDATE_FOUND
rp_HAY_20260521_2.00,rp_HAY_ebony_maw,RACE_UNRESOLVED,NO_CANDIDATE_FOUND
rp_HAY_20260521_2.00,rp_HAY_torcello,RACE_UNRESOLVED,NO_CANDIDATE_FOUND
rp_HAY_20260521_2.00,rp_HAY_fleurman,RACE_UNRESOLVED,NO_CANDIDATE_FOUND
rp_HAY_20260521_2.00,rp_HAY_action_pact,RACE_UNRESOLVED,NO_CANDIDATE_FOUND
rp_HAY_20260521_2.00,rp_HAY_now_the_eagle,RACE_UNRESOLVED,NO_CANDIDATE_FOUND
rp_HAY_20260521_2.30,rp_HAY_scarlet_legend,RACE_UNRESOLVED,NO_CANDIDATE_FOUND
rp_HAY_20260521_2.30,rp_HAY_outback_legend,RACE_UNRESOLVED,NO_CANDIDATE_FOUND
rp_HAY_20260521_2.30,rp_HAY_yafreh,RACE_UNRESOLVED,NO_CANDIDATE_FOUND
rp_HAY_20260521_2.30,rp_HAY_spirit_dreamer,RACE_UNRESOLVED,NO_CANDIDATE_FOUND
rp_HAY_20260521_2.30,rp_HAY_moonrunner,RACE_UNRESOLVED,NO_CANDIDATE_FOUND
rp_HAY_20260521_2.30,rp_HAY_brutus_maximus,RACE_UNRESOLVED,NO_CANDIDATE_FOUND
rp_HAY_20260521_2.30,rp_HAY_humphrey,RACE_UNRESOLVED,NO_CANDIDATE_FOUND
rp_HAY_20260521_2.30,rp_HAY_dartmouth_jet,RACE_UNRESOLVED,NO_CANDIDATE_FOUND
rp_HAY_20260521_2.30,rp_HAY_florida_dreams,RACE_UNRESOLVED,NO_CANDIDATE_FOUND
rp_HAY_20260521_2.30,rp_HAY_alkaios,RACE_UNRESOLVED,NO_CANDIDATE_FOUND
rp_HAY_20260521_3.00,rp_HAY_secret_of_life,RACE_UNRESOLVED,NO_CANDIDATE_FOUND
rp_HAY_20260521_3.00,rp_HAY_pointe_bleu,RACE_UNRESOLVED,NO_CANDIDATE_FOUND
rp_HAY_20260521_3.00,rp_HAY_borjina,RACE_UNRESOLVED,NO_CANDIDATE_FOUND
rp_HAY_20260521_3.00,rp_HAY_shushu,RACE_UNRESOLVED,NO_CANDIDATE_FOUND
rp_HAY_20260521_3.00,rp_HAY_prima_bailarina,RACE_UNRESOLVED,NO_CANDIDATE_FOUND
rp_HAY_20260521_3.00,rp_HAY_lady_starfire,RACE_UNRESOLVED,NO_CANDIDATE_FOUND
rp_HAY_20260521_3.00,rp_HAY_eveninginparis,RACE_UNRESOLVED,NO_CANDIDATE_FOUND
rp_HAY_20260521_3.00,rp_HAY_mass_for_kathleen,RACE_UNRESOLVED,NO_CANDIDATE_FOUND
rp_HAY_20260521_3.30,rp_HAY_lion_of_mali,RACE_UNRESOLVED,NO_CANDIDATE_FOUND
rp_HAY_20260521_3.30,rp_HAY_eduardo_calderon,RACE_UNRESOLVED,NO_CANDIDATE_FOUND
rp_HAY_20260521_3.30,rp_HAY_supreme_clarets,RACE_UNRESOLVED,NO_CANDIDATE_FOUND
rp_HAY_20260521_3.30,rp_HAY_bluebluelectricblu,RACE_UNRESOLVED,NO_CANDIDATE_FOUND
rp_HAY_20260521_3.30,rp_HAY_euphonia,RACE_UNRESOLVED,NO_CANDIDATE_FOUND
rp_HAY_20260521_3.30,rp_HAY_sun_of_dolly,RACE_UNRESOLVED,NO_CANDIDATE_FOUND
rp_HAY_20260521_3.30,rp_HAY_tekitoff,RACE_UNRESOLVED,NO_CANDIDATE_FOUND
rp_HAY_20260521_3.30,rp_HAY_this_rib,RACE_UNRESOLVED,NO_CANDIDATE_FOUND
rp_HAY_20260521_3.30,rp_HAY_sparkling_pink,RACE_UNRESOLVED,NO_CANDIDATE_FOUND
rp_HAY_20260521_3.30,rp_HAY_go_victor,RACE_UNRESOLVED,NO_CANDIDATE_FOUND
rp_HAY_20260521_3.30,rp_HAY_kiani_king,RACE_UNRESOLVED,NO_CANDIDATE_FOUND
rp_HAY_20260521_4.03,rp_HAY_charted_course,RACE_UNRESOLVED,NO_CANDIDATE_FOUND
rp_HAY_20260521_4.03,rp_HAY_walt,RACE_UNRESOLVED,NO_CANDIDATE_FOUND
rp_HAY_20260521_4.03,rp_HAY_regal_tiger,RACE_UNRESOLVED,NO_CANDIDATE_FOUND
rp_HAY_20260521_4.03,rp_HAY_keep_kicking_on,RACE_UNRESOLVED,NO_CANDIDATE_FOUND
rp_HAY_20260521_4.03,rp_HAY_le_ciel_noble,RACE_UNRESOLVED,NO_CANDIDATE_FOUND
rp_HAY_20260521_4.03,rp_HAY_persian_land,RACE_UNRESOLVED,NO_CANDIDATE_FOUND
rp_HAY_20260521_4.38,rp_HAY_explosive_finnish,RACE_UNRESOLVED,NO_CANDIDATE_FOUND
rp_HAY_20260521_4.38,rp_HAY_from_the_hip,RACE_UNRESOLVED,NO_CANDIDATE_FOUND
rp_HAY_20260521_4.38,rp_HAY_woolisle,RACE_UNRESOLVED,NO_CANDIDATE_FOUND
rp_HAY_20260521_4.38,rp_HAY_angels'_share,RACE_UNRESOLVED,NO_CANDIDATE_FOUND
rp_HAY_20260521_4.38,rp_HAY_obsidian_verse,RACE_UNRESOLVED,NO_CANDIDATE_FOUND
rp_HAY_20260521_4.38,rp_HAY_harlequin_bay,RACE_UNRESOLVED,NO_CANDIDATE_FOUND
rp_HAY_20260521_4.38,rp_HAY_daizen,RACE_UNRESOLVED,NO_CANDIDATE_FOUND
rp_HAY_20260521_4.38,rp_HAY_there's_a_chance,RACE_UNRESOLVED,NO_CANDIDATE_FOUND
rp_HAY_20260521_4.38,rp_HAY_magistery,RACE_UNRESOLVED,NO_CANDIDATE_FOUND
rp_HAY_20260521_5.13,rp_HAY_wheels_of_fire,RACE_UNRESOLVED,NO_CANDIDATE_FOUND
rp_HAY_20260521_5.13,rp_HAY_trilby,RACE_UNRESOLVED,NO_CANDIDATE_FOUND
rp_HAY_20260521_5.13,rp_HAY_brummell,RACE_UNRESOLVED,NO_CANDIDATE_FOUND
rp_HAY_20260521_5.13,rp_HAY_isle_of_lismore,RACE_UNRESOLVED,NO_CANDIDATE_FOUND
rp_HAY_20260521_5.13,rp_HAY_the_bell_conductor,RACE_UNRESOLVED,NO_CANDIDATE_FOUND
rp_HAY_20260521_5.13,rp_HAY_accrual,RACE_UNRESOLVED,NO_CANDIDATE_FOUND
rp_LIM_20260521_4.43,rp_LIM_prince_of_air,RACE_UNRESOLVED,NO_CANDIDATE_FOUND
rp_LIM_20260521_4.43,rp_LIM_finnicky_filly,RACE_UNRESOLVED,NO_CANDIDATE_FOUND
rp_LIM_20260521_4.43,rp_LIM_mic_drop,RACE_UNRESOLVED,NO_CANDIDATE_FOUND
rp_LIM_20260521_4.43,rp_LIM_big_island,RACE_UNRESOLVED,NO_CANDIDATE_FOUND
rp_LIM_20260521_4.43,rp_LIM_quinn_the_eskimo,RACE_UNRESOLVED,NO_CANDIDATE_FOUND
rp_LIM_20260521_4.43,rp_LIM_falcon_park,RACE_UNRESOLVED,NO_CANDIDATE_FOUND
rp_LIM_20260521_4.43,rp_LIM_getaway_henry,RACE_UNRESOLVED,NO_CANDIDATE_FOUND
rp_LIM_20260521_4.43,rp_LIM_l'amiral_fromentin,RACE_UNRESOLVED,NO_CANDIDATE_FOUND
rp_LIM_20260521_4.43,rp_LIM_party_pack,RACE_UNRESOLVED,NO_CANDIDATE_FOUND
rp_LIM_20260521_4.43,rp_LIM_patrick_street,RACE_UNRESOLVED,NO_CANDIDATE_FOUND
rp_LIM_20260521_4.43,rp_LIM_spread_the_faith,RACE_UNRESOLVED,NO_CANDIDATE_FOUND
rp_LIM_20260521_4.43,rp_LIM_twoplustwo_equals,RACE_UNRESOLVED,NO_CANDIDATE_FOUND
rp_LIM_20260521_4.43,rp_LIM_max_time,RACE_UNRESOLVED,NO_CANDIDATE_FOUND
rp_LIM_20260521_4.43,rp_LIM_brave_endeavour,RACE_UNRESOLVED,NO_CANDIDATE_FOUND
rp_LIM_20260521_5.18,rp_LIM_affinity_rock,RACE_UNRESOLVED,NO_CANDIDATE_FOUND
rp_LIM_20260521_5.18,rp_LIM_look_to_the_west,RACE_UNRESOLVED,NO_CANDIDATE_FOUND
rp_LIM_20260521_5.18,rp_LIM_broomfield_bijou,RACE_UNRESOLVED,NO_CANDIDATE_FOUND
rp_LIM_20260521_5.18,rp_LIM_justabitofyours,RACE_UNRESOLVED,NO_CANDIDATE_FOUND
rp_LIM_20260521_5.18,rp_LIM_eye_of_a_tiger,RACE_UNRESOLVED,NO_CANDIDATE_FOUND
rp_LIM_20260521_5.48,rp_LIM_le_coq_hardi,RACE_UNRESOLVED,NO_CANDIDATE_FOUND
rp_LIM_20260521_5.48,rp_LIM_ocastle_des_mottes,RACE_UNRESOLVED,NO_CANDIDATE_FOUND
rp_LIM_20260521_5.48,rp_LIM_mister_pink,RACE_UNRESOLVED,NO_CANDIDATE_FOUND
rp_LIM_20260521_5.48,rp_LIM_give_him_a_chance,RACE_UNRESOLVED,NO_CANDIDATE_FOUND
rp_LIM_20260521_5.48,rp_LIM_shadow_paddy,RACE_UNRESOLVED,NO_CANDIDATE_FOUND
rp_LIM_20260521_5.48,rp_LIM_ma_jacks_hill,RACE_UNRESOLVED,NO_CANDIDATE_FOUND
rp_LIM_20260521_5.48,rp_LIM_soir_de_garde,RACE_UNRESOLVED,NO_CANDIDATE_FOUND
rp_LIM_20260521_6.18,rp_LIM_doyen_magic,RACE_UNRESOLVED,NO_CANDIDATE_FOUND
rp_LIM_20260521_6.18,rp_LIM_glitz_and_glamour,RACE_UNRESOLVED,NO_CANDIDATE_FOUND
rp_LIM_20260521_6.18,rp_LIM_toon_town,RACE_UNRESOLVED,NO_CANDIDATE_FOUND
rp_LIM_20260521_6.18,rp_LIM_carlas_big_jim,RACE_UNRESOLVED,NO_CANDIDATE_FOUND
rp_LIM_20260521_6.18,rp_LIM_springboard,RACE_UNRESOLVED,NO_CANDIDATE_FOUND
rp_LIM_20260521_6.18,rp_LIM_temptationinmilan,RACE_UNRESOLVED,NO_CANDIDATE_FOUND
rp_LIM_20260521_6.18,rp_LIM_general_clermont,RACE_UNRESOLVED,NO_CANDIDATE_FOUND
rp_LIM_20260521_6.18,rp_LIM_golden_temple,RACE_UNRESOLVED,NO_CANDIDATE_FOUND
rp_LIM_20260521_6.18,rp_LIM_one_way_traffic,RACE_UNRESOLVED,NO_CANDIDATE_FOUND
rp_LIM_20260521_6.48,rp_LIM_rue_taylor,RACE_UNRESOLVED,NO_CANDIDATE_FOUND
rp_LIM_20260521_6.48,rp_LIM_american_jukebox,RACE_UNRESOLVED,NO_CANDIDATE_FOUND
rp_LIM_20260521_6.48,rp_LIM_haveigotnewsforyou,RACE_UNRESOLVED,NO_CANDIDATE_FOUND
rp_LIM_20260521_6.48,rp_LIM_some_song,RACE_UNRESOLVED,NO_CANDIDATE_FOUND
rp_LIM_20260521_6.48,rp_LIM_sporting_glance,RACE_UNRESOLVED,NO_CANDIDATE_FOUND
rp_LIM_20260521_6.48,rp_LIM_rusty_harkness,RACE_UNRESOLVED,NO_CANDIDATE_FOUND
rp_LIM_20260521_6.48,rp_LIM_ad_caelum,RACE_UNRESOLVED,NO_CANDIDATE_FOUND
rp_LIM_20260521_6.48,rp_LIM_clody_diamond,RACE_UNRESOLVED,NO_CANDIDATE_FOUND
rp_LIM_20260521_6.48,rp_LIM_game_on,RACE_UNRESOLVED,NO_CANDIDATE_FOUND
rp_LIM_20260521_7.18,rp_LIM_zolpharine,RACE_UNRESOLVED,NO_CANDIDATE_FOUND
rp_LIM_20260521_7.18,rp_LIM_another_challenge,RACE_UNRESOLVED,NO_CANDIDATE_FOUND
rp_LIM_20260521_7.18,rp_LIM_another_ocana,RACE_UNRESOLVED,NO_CANDIDATE_FOUND
rp_LIM_20260521_7.18,rp_LIM_likable_chancer,RACE_UNRESOLVED,NO_CANDIDATE_FOUND
rp_LIM_20260521_7.18,rp_LIM_reve_inoui,RACE_UNRESOLVED,NO_CANDIDATE_FOUND
rp_LIM_20260521_7.18,rp_LIM_doyen_wolf,RACE_UNRESOLVED,NO_CANDIDATE_FOUND
rp_LIM_20260521_7.18,rp_LIM_jukebox_johnny,RACE_UNRESOLVED,NO_CANDIDATE_FOUND
rp_LIM_20260521_7.18,rp_LIM_ranger_billy,RACE_UNRESOLVED,NO_CANDIDATE_FOUND
rp_LIM_20260521_7.18,rp_LIM_three_tribes,RACE_UNRESOLVED,NO_CANDIDATE_FOUND
rp_LIM_20260521_7.18,rp_LIM_eddies_pride,RACE_UNRESOLVED,NO_CANDIDATE_FOUND
rp_LIM_20260521_7.18,rp_LIM_ferdia,RACE_UNRESOLVED,NO_CANDIDATE_FOUND
rp_LIM_20260521_7.18,rp_LIM_hakensack,RACE_UNRESOLVED,NO_CANDIDATE_FOUND
rp_LIM_20260521_7.48,rp_LIM_malton_groove,RACE_UNRESOLVED,NO_CANDIDATE_FOUND
rp_LIM_20260521_7.48,rp_LIM_fr_gilligansvoyge,RACE_UNRESOLVED,NO_CANDIDATE_FOUND
rp_LIM_20260521_7.48,rp_LIM_oneforgonzo,RACE_UNRESOLVED,NO_CANDIDATE_FOUND
rp_LIM_20260521_7.48,rp_LIM_stormy_master,RACE_UNRESOLVED,NO_CANDIDATE_FOUND
rp_LIM_20260521_7.48,rp_LIM_cullenwaine,RACE_UNRESOLVED,NO_CANDIDATE_FOUND
rp_LIM_20260521_7.48,rp_LIM_my_cullen,RACE_UNRESOLVED,NO_CANDIDATE_FOUND
rp_LIM_20260521_7.48,rp_LIM_snow_punt,RACE_UNRESOLVED,NO_CANDIDATE_FOUND
rp_LIM_20260521_7.48,rp_LIM_a_year_older,RACE_UNRESOLVED,NO_CANDIDATE_FOUND
rp_LIM_20260521_7.48,rp_LIM_without_exception,RACE_UNRESOLVED,NO_CANDIDATE_FOUND
rp_LIM_20260521_7.48,rp_LIM_uptaurintop,RACE_UNRESOLVED,NO_CANDIDATE_FOUND
rp_LIM_20260521_7.48,rp_LIM_pure_decent,RACE_UNRESOLVED,NO_CANDIDATE_FOUND
rp_LIM_20260521_7.48,rp_LIM_kilkee_bay,RACE_UNRESOLVED,NO_CANDIDATE_FOUND
rp_LIM_20260521_8.18,rp_LIM_battle_of_mirbat,RACE_UNRESOLVED,NO_CANDIDATE_FOUND
rp_LIM_20260521_8.18,rp_LIM_nastya,RACE_UNRESOLVED,NO_CANDIDATE_FOUND
rp_LIM_20260521_8.18,rp_LIM_attaboyarchie,RACE_UNRESOLVED,NO_CANDIDATE_FOUND
rp_LIM_20260521_8.18,rp_LIM_aclass,RACE_UNRESOLVED,NO_CANDIDATE_FOUND
rp_LIM_20260521_8.18,rp_LIM_nettuno_italia,RACE_UNRESOLVED,NO_CANDIDATE_FOUND
rp_LIM_20260521_8.18,rp_LIM_supreme_gift,RACE_UNRESOLVED,NO_CANDIDATE_FOUND
rp_LIM_20260521_8.18,rp_LIM_nytol,RACE_UNRESOLVED,NO_CANDIDATE_FOUND
rp_LIM_20260521_8.18,rp_LIM_harbour_highway,RACE_UNRESOLVED,NO_CANDIDATE_FOUND
rp_LIM_20260521_8.18,rp_LIM_smallcraftwarning,RACE_UNRESOLVED,NO_CANDIDATE_FOUND
rp_LIM_20260521_8.18,rp_LIM_hascoeur_clermont,RACE_UNRESOLVED,NO_CANDIDATE_FOUND
rp_MUS_20260521_2.20,rp_MUS_gallus_norman,RACE_UNRESOLVED,NO_CANDIDATE_FOUND
rp_MUS_20260521_2.20,rp_MUS_zimmerman,RACE_UNRESOLVED,NO_CANDIDATE_FOUND
rp_MUS_20260521_2.20,rp_MUS_elemental_eye,RACE_UNRESOLVED,NO_CANDIDATE_FOUND
rp_MUS_20260521_2.20,rp_MUS_ravenswell,RACE_UNRESOLVED,NO_CANDIDATE_FOUND
rp_MUS_20260521_2.20,rp_MUS_yurinov,RACE_UNRESOLVED,NO_CANDIDATE_FOUND
rp_MUS_20260521_2.20,rp_MUS_star_of_markinch,RACE_UNRESOLVED,NO_CANDIDATE_FOUND
rp_MUS_20260521_2.20,rp_MUS_bronte_beach,RACE_UNRESOLVED,NO_CANDIDATE_FOUND
rp_MUS_20260521_2.50,rp_MUS_cailin_aine,RACE_UNRESOLVED,NO_CANDIDATE_FOUND
rp_MUS_20260521_2.50,rp_MUS_anna_belardo,RACE_UNRESOLVED,NO_CANDIDATE_FOUND
rp_MUS_20260521_2.50,rp_MUS_furturra,RACE_UNRESOLVED,NO_CANDIDATE_FOUND
rp_MUS_20260521_2.50,rp_MUS_explainingislosing,RACE_UNRESOLVED,NO_CANDIDATE_FOUND
rp_MUS_20260521_2.50,rp_MUS_stay_on_tab,RACE_UNRESOLVED,NO_CANDIDATE_FOUND
rp_MUS_20260521_2.50,rp_MUS_autumn_jewel,RACE_UNRESOLVED,NO_CANDIDATE_FOUND
rp_MUS_20260521_2.50,rp_MUS_time_and_effort,RACE_UNRESOLVED,NO_CANDIDATE_FOUND
rp_MUS_20260521_2.50,rp_MUS_mick's_the_boy,RACE_UNRESOLVED,NO_CANDIDATE_FOUND
rp_MUS_20260521_3.20,rp_MUS_blakefell,RACE_UNRESOLVED,NO_CANDIDATE_FOUND
rp_MUS_20260521_3.20,rp_MUS_star_banner,RACE_UNRESOLVED,NO_CANDIDATE_FOUND
rp_MUS_20260521_3.20,rp_MUS_you_will_see,RACE_UNRESOLVED,NO_CANDIDATE_FOUND
rp_MUS_20260521_3.20,rp_MUS_dream_odyssey,RACE_UNRESOLVED,NO_CANDIDATE_FOUND
rp_MUS_20260521_3.20,rp_MUS_alpha_platoon,RACE_UNRESOLVED,NO_CANDIDATE_FOUND
rp_MUS_20260521_3.50,rp_MUS_krissy,RACE_UNRESOLVED,NO_CANDIDATE_FOUND
rp_MUS_20260521_3.50,rp_MUS_glasses_up,RACE_UNRESOLVED,NO_CANDIDATE_FOUND
rp_MUS_20260521_3.50,rp_MUS_on_the_bubble,RACE_UNRESOLVED,NO_CANDIDATE_FOUND
rp_MUS_20260521_3.50,rp_MUS_falcon_nine,RACE_UNRESOLVED,NO_CANDIDATE_FOUND
rp_MUS_20260521_3.50,rp_MUS_samra_star,RACE_UNRESOLVED,NO_CANDIDATE_FOUND
rp_MUS_20260521_3.50,rp_MUS_pebble_dash,RACE_UNRESOLVED,NO_CANDIDATE_FOUND
rp_MUS_20260521_4.25,rp_MUS_bellarchi,RACE_UNRESOLVED,NO_CANDIDATE_FOUND
rp_MUS_20260521_4.25,rp_MUS_benacre,RACE_UNRESOLVED,NO_CANDIDATE_FOUND
rp_MUS_20260521_4.25,rp_MUS_persuasion,RACE_UNRESOLVED,NO_CANDIDATE_FOUND
rp_MUS_20260521_4.25,rp_MUS_gweedore,RACE_UNRESOLVED,NO_CANDIDATE_FOUND
rp_MUS_20260521_4.25,rp_MUS_kosometsuke,RACE_UNRESOLVED,NO_CANDIDATE_FOUND
rp_MUS_20260521_4.25,rp_MUS_misunderstood,RACE_UNRESOLVED,NO_CANDIDATE_FOUND
rp_MUS_20260521_4.25,rp_MUS_diamondonthehill,RACE_UNRESOLVED,NO_CANDIDATE_FOUND
rp_MUS_20260521_4.25,rp_MUS_percy's_lad,RACE_UNRESOLVED,NO_CANDIDATE_FOUND
rp_MUS_20260521_4.25,rp_MUS_jannas_journey,RACE_UNRESOLVED,NO_CANDIDATE_FOUND
rp_MUS_20260521_5.00,rp_MUS_alpine_sierra,RACE_UNRESOLVED,NO_CANDIDATE_FOUND
rp_MUS_20260521_5.00,rp_MUS_star_cast,RACE_UNRESOLVED,NO_CANDIDATE_FOUND
rp_MUS_20260521_5.00,rp_MUS_spirit_catcher,RACE_UNRESOLVED,NO_CANDIDATE_FOUND
rp_MUS_20260521_5.00,rp_MUS_just_dottie,RACE_UNRESOLVED,NO_CANDIDATE_FOUND
rp_MUS_20260521_5.00,rp_MUS_cougar,RACE_UNRESOLVED,NO_CANDIDATE_FOUND
rp_MUS_20260521_5.00,rp_MUS_spit_spot,RACE_UNRESOLVED,NO_CANDIDATE_FOUND
rp_MUS_20260521_5.35,rp_MUS_sir_benedict,RACE_UNRESOLVED,NO_CANDIDATE_FOUND
rp_MUS_20260521_5.35,rp_MUS_canaria_queen,RACE_UNRESOLVED,NO_CANDIDATE_FOUND
rp_MUS_20260521_5.35,rp_MUS_wrestling_revenue,RACE_UNRESOLVED,NO_CANDIDATE_FOUND
rp_MUS_20260521_5.35,rp_MUS_fear_and_fast,RACE_UNRESOLVED,NO_CANDIDATE_FOUND
rp_MUS_20260521_5.35,rp_MUS_ganesha,RACE_UNRESOLVED,NO_CANDIDATE_FOUND
rp_MUS_20260521_5.35,rp_MUS_invincible_crown,RACE_UNRESOLVED,NO_CANDIDATE_FOUND
rp_MUS_20260521_5.35,rp_MUS_royal_duke,RACE_UNRESOLVED,NO_CANDIDATE_FOUND
rp_MUS_20260521_5.35,rp_MUS_soul_seeker,RACE_UNRESOLVED,NO_CANDIDATE_FOUND
rp_MUS_20260521_5.35,rp_MUS_classy_clarets,RACE_UNRESOLVED,NO_CANDIDATE_FOUND
rp_STH_20260521_5.57,rp_STH_toomuchforme,RACE_UNRESOLVED,NO_CANDIDATE_FOUND
rp_STH_20260521_5.57,rp_STH_cayman_tai,RACE_UNRESOLVED,NO_CANDIDATE_FOUND
rp_STH_20260521_5.57,rp_STH_fantasy_obsessor,RACE_UNRESOLVED,NO_CANDIDATE_FOUND
rp_STH_20260521_5.57,rp_STH_peregrine_falcon,RACE_UNRESOLVED,NO_CANDIDATE_FOUND
rp_STH_20260521_5.57,rp_STH_j_street,RACE_UNRESOLVED,NO_CANDIDATE_FOUND
rp_STH_20260521_5.57,rp_STH_street,RACE_UNRESOLVED,NO_CANDIDATE_FOUND
rp_STH_20260521_5.57,rp_STH_man_on_a_mission,RACE_UNRESOLVED,NO_CANDIDATE_FOUND
rp_STH_20260521_5.57,rp_STH_popular_dream,RACE_UNRESOLVED,NO_CANDIDATE_FOUND
rp_STH_20260521_5.57,rp_STH_shalaa_asker,RACE_UNRESOLVED,NO_CANDIDATE_FOUND
rp_STH_20260521_5.57,rp_STH_hover_on_the_wind,RACE_UNRESOLVED,NO_CANDIDATE_FOUND
rp_STH_20260521_5.23,rp_STH_arth's_gold,RACE_UNRESOLVED,NO_CANDIDATE_FOUND
rp_STH_20260521_5.23,rp_STH_sisterandbrother,RACE_UNRESOLVED,NO_CANDIDATE_FOUND
rp_STH_20260521_5.23,rp_STH_wrist_art,RACE_UNRESOLVED,NO_CANDIDATE_FOUND
rp_STH_20260521_5.23,rp_STH_he's_our_cracker,RACE_UNRESOLVED,NO_CANDIDATE_FOUND
rp_STH_20260521_5.23,rp_STH_it's_only_fun,RACE_UNRESOLVED,NO_CANDIDATE_FOUND
rp_STH_20260521_5.23,rp_STH_green_team,RACE_UNRESOLVED,NO_CANDIDATE_FOUND
rp_STH_20260521_5.23,rp_STH_st_just_in_time,RACE_UNRESOLVED,NO_CANDIDATE_FOUND
rp_STH_20260521_5.23,rp_STH_freewheelin,RACE_UNRESOLVED,NO_CANDIDATE_FOUND
rp_STH_20260521_5.23,rp_STH_olivia_jane,RACE_UNRESOLVED,NO_CANDIDATE_FOUND
rp_STH_20260521_5.23,rp_STH_pleasant_man,RACE_UNRESOLVED,NO_CANDIDATE_FOUND
rp_STH_20260521_6.30,rp_STH_affettuoso,RACE_UNRESOLVED,NO_CANDIDATE_FOUND
rp_STH_20260521_6.30,rp_STH_king_of_thebes,RACE_UNRESOLVED,NO_CANDIDATE_FOUND
rp_STH_20260521_6.30,rp_STH_harmonics,RACE_UNRESOLVED,NO_CANDIDATE_FOUND
rp_STH_20260521_6.30,rp_STH_golden_buddy,RACE_UNRESOLVED,NO_CANDIDATE_FOUND
rp_STH_20260521_6.30,rp_STH_intsaar,RACE_UNRESOLVED,NO_CANDIDATE_FOUND
rp_STH_20260521_6.30,rp_STH_lone_warrior,RACE_UNRESOLVED,NO_CANDIDATE_FOUND
rp_STH_20260521_6.30,rp_STH_mehmas_champion,RACE_UNRESOLVED,NO_CANDIDATE_FOUND
rp_STH_20260521_6.30,rp_STH_renovator,RACE_UNRESOLVED,NO_CANDIDATE_FOUND
rp_STH_20260521_6.30,rp_STH_sunnie_jim,RACE_UNRESOLVED,NO_CANDIDATE_FOUND
rp_STH_20260521_6.30,rp_STH_kahin,RACE_UNRESOLVED,NO_CANDIDATE_FOUND
rp_STH_20260521_6.30,rp_STH_eljowhary,RACE_UNRESOLVED,NO_CANDIDATE_FOUND
rp_STH_20260521_6.30,rp_STH_mostaan,RACE_UNRESOLVED,NO_CANDIDATE_FOUND
rp_STH_20260521_6.30,rp_STH_levens_hall,RACE_UNRESOLVED,NO_CANDIDATE_FOUND
rp_STH_20260521_7.00,rp_STH_royal_fanfare,RACE_UNRESOLVED,NO_CANDIDATE_FOUND
rp_STH_20260521_7.00,rp_STH_lightning_glory,RACE_UNRESOLVED,NO_CANDIDATE_FOUND
rp_STH_20260521_7.00,rp_STH_dream_camp,RACE_UNRESOLVED,NO_CANDIDATE_FOUND
rp_STH_20260521_7.00,rp_STH_brunhilde,RACE_UNRESOLVED,NO_CANDIDATE_FOUND
rp_STH_20260521_7.00,rp_STH_blue_tulip,RACE_UNRESOLVED,NO_CANDIDATE_FOUND
rp_STH_20260521_7.00,rp_STH_hunting_berries,RACE_UNRESOLVED,NO_CANDIDATE_FOUND
rp_STH_20260521_7.00,rp_STH_regal_desire,RACE_UNRESOLVED,NO_CANDIDATE_FOUND
rp_STH_20260521_7.00,rp_STH_south_beach,RACE_UNRESOLVED,NO_CANDIDATE_FOUND
rp_STH_20260521_7.00,rp_STH_topathemorning,RACE_UNRESOLVED,NO_CANDIDATE_FOUND
rp_STH_20260521_7.00,rp_STH_halimede,RACE_UNRESOLVED,NO_CANDIDATE_FOUND
rp_STH_20260521_7.00,rp_STH_sound_gloria,RACE_UNRESOLVED,NO_CANDIDATE_FOUND
rp_STH_20260521_7.30,rp_STH_crown_ranger,RACE_UNRESOLVED,NO_CANDIDATE_FOUND
rp_STH_20260521_7.30,rp_STH_guadalevin,RACE_UNRESOLVED,NO_CANDIDATE_FOUND
rp_STH_20260521_7.30,rp_STH_choreography,RACE_UNRESOLVED,NO_CANDIDATE_FOUND
rp_STH_20260521_7.30,rp_STH_cash_cove,RACE_UNRESOLVED,NO_CANDIDATE_FOUND
rp_STH_20260521_7.30,rp_STH_sea_idol,RACE_UNRESOLVED,NO_CANDIDATE_FOUND
rp_STH_20260521_7.30,rp_STH_parioca,RACE_UNRESOLVED,NO_CANDIDATE_FOUND
rp_STH_20260521_8.00,rp_STH_adelaide_bay,RACE_UNRESOLVED,NO_CANDIDATE_FOUND
rp_STH_20260521_8.00,rp_STH_nubough,RACE_UNRESOLVED,NO_CANDIDATE_FOUND
rp_STH_20260521_8.00,rp_STH_fort_augustus,RACE_UNRESOLVED,NO_CANDIDATE_FOUND
rp_STH_20260521_8.00,rp_STH_just_king_high,RACE_UNRESOLVED,NO_CANDIDATE_FOUND
rp_STH_20260521_8.00,rp_STH_highfield_jewel,RACE_UNRESOLVED,NO_CANDIDATE_FOUND
rp_STH_20260521_8.00,rp_STH_amaysmont,RACE_UNRESOLVED,NO_CANDIDATE_FOUND
rp_STH_20260521_8.00,rp_STH_my_mate_beattie,RACE_UNRESOLVED,NO_CANDIDATE_FOUND
rp_STH_20260521_8.00,rp_STH_billyjoegold,RACE_UNRESOLVED,NO_CANDIDATE_FOUND
rp_STH_20260521_8.30,rp_STH_south_kensington,RACE_UNRESOLVED,NO_CANDIDATE_FOUND
rp_STH_20260521_8.30,rp_STH_turbo_command,RACE_UNRESOLVED,NO_CANDIDATE_FOUND
rp_STH_20260521_8.30,rp_STH_sanditon,RACE_UNRESOLVED,NO_CANDIDATE_FOUND
rp_STH_20260521_8.30,rp_STH_king_sharja,RACE_UNRESOLVED,NO_CANDIDATE_FOUND
rp_STH_20260521_8.30,rp_STH_the_cutest,RACE_UNRESOLVED,NO_CANDIDATE_FOUND
rp_STH_20260521_8.30,rp_STH_no_news,RACE_UNRESOLVED,NO_CANDIDATE_FOUND
rp_STH_20260521_8.30,rp_STH_megaphone,RACE_UNRESOLVED,NO_CANDIDATE_FOUND
rp_STH_20260521_9.00,rp_STH_bomb_squad,RACE_UNRESOLVED,NO_CANDIDATE_FOUND
rp_STH_20260521_9.00,rp_STH_mu_mu_land,RACE_UNRESOLVED,NO_CANDIDATE_FOUND
rp_STH_20260521_9.00,rp_STH_albert_cee,RACE_UNRESOLVED,NO_CANDIDATE_FOUND
rp_STH_20260521_9.00,rp_STH_daytona_lady,RACE_UNRESOLVED,NO_CANDIDATE_FOUND
rp_STH_20260521_9.00,rp_STH_forever_noah,RACE_UNRESOLVED,NO_CANDIDATE_FOUND
rp_STH_20260521_9.00,rp_STH_watermelon_sugar,RACE_UNRESOLVED,NO_CANDIDATE_FOUND
rp_STH_20260521_9.00,rp_STH_tommy_mcjohn,RACE_UNRESOLVED,NO_CANDIDATE_FOUND
rp_STH_20260521_9.00,rp_STH_big_apple_jack,RACE_UNRESOLVED,NO_CANDIDATE_FOUND
rp_STH_20260521_9.00,rp_STH_one_more_dream,RACE_UNRESOLVED,NO_CANDIDATE_FOUND
rp_BAT_20260522_2.08,rp_BAT_captain_brett,RACE_UNRESOLVED,NO_CANDIDATE_FOUND
rp_BAT_20260522_2.08,rp_BAT_basilette,RACE_UNRESOLVED,NO_CANDIDATE_FOUND
rp_BAT_20260522_2.08,rp_BAT_cloudy_rose,RACE_UNRESOLVED,NO_CANDIDATE_FOUND
rp_BAT_20260522_2.08,rp_BAT_big_win,RACE_UNRESOLVED,NO_CANDIDATE_FOUND
rp_BAT_20260522_2.08,rp_BAT_man_of_the_sea,RACE_UNRESOLVED,NO_CANDIDATE_FOUND
rp_BAT_20260522_2.08,rp_BAT_assured,RACE_UNRESOLVED,NO_CANDIDATE_FOUND
rp_BAT_20260522_2.08,rp_BAT_buck_barrow,RACE_UNRESOLVED,NO_CANDIDATE_FOUND
rp_BAT_20260522_2.08,rp_BAT_zooks,RACE_UNRESOLVED,NO_CANDIDATE_FOUND
rp_BAT_20260522_2.08,rp_BAT_two_plus_two,RACE_UNRESOLVED,NO_CANDIDATE_FOUND
rp_BAT_20260522_2.08,rp_BAT_everest,RACE_UNRESOLVED,NO_CANDIDATE_FOUND
rp_BAT_20260522_2.43,rp_BAT_eloquencia,RACE_UNRESOLVED,NO_CANDIDATE_FOUND
rp_BAT_20260522_2.43,rp_BAT_madrisa,RACE_UNRESOLVED,NO_CANDIDATE_FOUND
rp_BAT_20260522_2.43,rp_BAT_supplicate,RACE_UNRESOLVED,NO_CANDIDATE_FOUND
rp_BAT_20260522_2.43,rp_BAT_last_flight,RACE_UNRESOLVED,NO_CANDIDATE_FOUND
rp_BAT_20260522_2.43,rp_BAT_clarissa_eclipse,RACE_UNRESOLVED,NO_CANDIDATE_FOUND
rp_BAT_20260522_2.43,rp_BAT_west_hill_rosie,RACE_UNRESOLVED,NO_CANDIDATE_FOUND
rp_BAT_20260522_2.43,rp_BAT_spinney,RACE_UNRESOLVED,NO_CANDIDATE_FOUND
rp_BAT_20260522_3.18,rp_BAT_jaan_ki_tukri,RACE_UNRESOLVED,NO_CANDIDATE_FOUND
rp_BAT_20260522_3.18,rp_BAT_flight_signal,RACE_UNRESOLVED,NO_CANDIDATE_FOUND
rp_BAT_20260522_3.18,rp_BAT_paper_view,RACE_UNRESOLVED,NO_CANDIDATE_FOUND
rp_BAT_20260522_3.18,rp_BAT_minkaas,RACE_UNRESOLVED,NO_CANDIDATE_FOUND
rp_BAT_20260522_3.18,rp_BAT_on_the_queue_tee,RACE_UNRESOLVED,NO_CANDIDATE_FOUND
rp_BAT_20260522_3.53,rp_BAT_moe's_legacy,RACE_UNRESOLVED,NO_CANDIDATE_FOUND
rp_BAT_20260522_3.53,rp_BAT_toolatetonegotiate,RACE_UNRESOLVED,NO_CANDIDATE_FOUND
rp_BAT_20260522_3.53,rp_BAT_silver_wraith,RACE_UNRESOLVED,NO_CANDIDATE_FOUND
rp_BAT_20260522_3.53,rp_BAT_seraphim_angel,RACE_UNRESOLVED,NO_CANDIDATE_FOUND
rp_BAT_20260522_3.53,rp_BAT_queue_dos,RACE_UNRESOLVED,NO_CANDIDATE_FOUND
rp_BAT_20260522_4.28,rp_BAT_our_guy,RACE_UNRESOLVED,NO_CANDIDATE_FOUND
rp_BAT_20260522_4.28,rp_BAT_too_darn_good,RACE_UNRESOLVED,NO_CANDIDATE_FOUND
rp_BAT_20260522_4.28,rp_BAT_double_naughty,RACE_UNRESOLVED,NO_CANDIDATE_FOUND
rp_BAT_20260522_4.28,rp_BAT_luna_beaux,RACE_UNRESOLVED,NO_CANDIDATE_FOUND
rp_BAT_20260522_4.28,rp_BAT_beach_partee,RACE_UNRESOLVED,NO_CANDIDATE_FOUND
rp_BAT_20260522_4.28,rp_BAT_guernsey_lady,RACE_UNRESOLVED,NO_CANDIDATE_FOUND
rp_BAT_20260522_4.28,rp_BAT_who_is_alice,RACE_UNRESOLVED,NO_CANDIDATE_FOUND
rp_BAT_20260522_4.28,rp_BAT_gelato,RACE_UNRESOLVED,NO_CANDIDATE_FOUND
rp_BAT_20260522_5.03,rp_BAT_legendsoftheland,RACE_UNRESOLVED,NO_CANDIDATE_FOUND
rp_BAT_20260522_5.03,rp_BAT_southbank,RACE_UNRESOLVED,NO_CANDIDATE_FOUND
rp_BAT_20260522_5.03,rp_BAT_secret_handsheikh,RACE_UNRESOLVED,NO_CANDIDATE_FOUND
rp_BAT_20260522_5.03,rp_BAT_tomarlo,RACE_UNRESOLVED,NO_CANDIDATE_FOUND
rp_BAT_20260522_5.03,rp_BAT_zambezi_diamond,RACE_UNRESOLVED,NO_CANDIDATE_FOUND
rp_BAT_20260522_5.03,rp_BAT_big_time_rascal,RACE_UNRESOLVED,NO_CANDIDATE_FOUND
rp_BAT_20260522_5.03,rp_BAT_spirited_dancer,RACE_UNRESOLVED,NO_CANDIDATE_FOUND
rp_BAT_20260522_5.03,rp_BAT_vault_of_heaven,RACE_UNRESOLVED,NO_CANDIDATE_FOUND
rp_BAT_20260522_5.03,rp_BAT_coast,RACE_UNRESOLVED,NO_CANDIDATE_FOUND
rp_BAT_20260522_5.03,rp_BAT_comedian_leader,RACE_UNRESOLVED,NO_CANDIDATE_FOUND
rp_BAT_20260522_5.03,rp_BAT_haworth_star,RACE_UNRESOLVED,NO_CANDIDATE_FOUND
rp_BAT_20260522_5.03,rp_BAT_little_miss_magic,RACE_UNRESOLVED,NO_CANDIDATE_FOUND
rp_BAT_20260522_5.03,rp_BAT_sisters_in_the_sky,RACE_UNRESOLVED,NO_CANDIDATE_FOUND
918944,7793622,HORSE_UNRESOLVED,NO_CANDIDATE_FOUND
918944,7205021,HORSE_UNRESOLVED,NO_CANDIDATE_FOUND
rp_BAT_20260522_5.40,rp_BAT_sioux_warrior,RACE_UNRESOLVED,NO_CANDIDATE_FOUND
rp_BAT_20260522_5.40,rp_BAT_newyorkstateofmind,RACE_UNRESOLVED,NO_CANDIDATE_FOUND
rp_BAT_20260522_5.40,rp_BAT_mister_sandman,RACE_UNRESOLVED,NO_CANDIDATE_FOUND
rp_BAT_20260522_5.40,rp_BAT_neptune_legend,RACE_UNRESOLVED,NO_CANDIDATE_FOUND
rp_BAT_20260522_5.40,rp_BAT_amathus,RACE_UNRESOLVED,NO_CANDIDATE_FOUND
rp_BAT_20260522_5.40,rp_BAT_antiquity,RACE_UNRESOLVED,NO_CANDIDATE_FOUND
rp_BAT_20260522_5.40,rp_BAT_coco_hill,RACE_UNRESOLVED,NO_CANDIDATE_FOUND
rp_BAT_20260522_5.40,rp_BAT_oasis_sunrise,RACE_UNRESOLVED,NO_CANDIDATE_FOUND
rp_BAT_20260522_5.40,rp_BAT_rating,RACE_UNRESOLVED,NO_CANDIDATE_FOUND
rp_BAT_20260522_5.40,rp_BAT_rinky_tinky_tinky,RACE_UNRESOLVED,NO_CANDIDATE_FOUND
rp_BAT_20260522_5.40,rp_BAT_rosemary's_rose,RACE_UNRESOLVED,NO_CANDIDATE_FOUND
rp_BAT_20260522_5.40,rp_BAT_scent_of_may,RACE_UNRESOLVED,NO_CANDIDATE_FOUND
rp_BAT_20260522_5.40,rp_BAT_she_went_whoosh,RACE_UNRESOLVED,NO_CANDIDATE_FOUND
rp_BAT_20260522_5.40,rp_BAT_super_hit,RACE_UNRESOLVED,NO_CANDIDATE_FOUND
rp_BAT_20260522_5.40,rp_BAT_tilani,RACE_UNRESOLVED,NO_CANDIDATE_FOUND
rp_BAT_20260522_5.40,rp_BAT_tilsworth_ony_ta,RACE_UNRESOLVED,NO_CANDIDATE_FOUND
rp_BAT_20260522_5.40,rp_BAT_dappled_light,RACE_UNRESOLVED,NO_CANDIDATE_FOUND
rp_BAT_20260522_5.40,rp_BAT_havana's_dream,RACE_UNRESOLVED,NO_CANDIDATE_FOUND
rp_BAT_20260522_5.40,rp_BAT_up_the_anti,RACE_UNRESOLVED,NO_CANDIDATE_FOUND
rp_BAT_20260522_5.40,rp_BAT_weston_court,RACE_UNRESOLVED,NO_CANDIDATE_FOUND
rp_BAT_20260522_5.40,rp_BAT_phoenix_beach,RACE_UNRESOLVED,NO_CANDIDATE_FOUND
rp_BAT_20260522_5.40,rp_BAT_eutropia,RACE_UNRESOLVED,NO_CANDIDATE_FOUND
rp_BAT_20260522_5.40,rp_BAT_hammal,RACE_UNRESOLVED,NO_CANDIDATE_FOUND
rp_BAT_20260522_5.40,rp_BAT_berning_hot,RACE_UNRESOLVED,NO_CANDIDATE_FOUND
rp_BAT_20260522_5.40,rp_BAT_danehill_star,RACE_UNRESOLVED,NO_CANDIDATE_FOUND
918941,2140735,HORSE_UNRESOLVED,NO_CANDIDATE_FOUND
918941,3423161,HORSE_UNRESOLVED,NO_CANDIDATE_FOUND
918941,6037324,HORSE_UNRESOLVED,NO_CANDIDATE_FOUND
918941,5900673,HORSE_UNRESOLVED,NO_CANDIDATE_FOUND
rp_BAT_20260522_6.15,rp_BAT_tilani,RACE_UNRESOLVED,NO_CANDIDATE_FOUND
rp_BAT_20260522_6.15,rp_BAT_berning_hot,RACE_UNRESOLVED,NO_CANDIDATE_FOUND
rp_BAT_20260522_6.15,rp_BAT_antiquity,RACE_UNRESOLVED,NO_CANDIDATE_FOUND
rp_BAT_20260522_6.15,rp_BAT_amathus,RACE_UNRESOLVED,NO_CANDIDATE_FOUND
rp_BAT_20260522_6.15,rp_BAT_danehill_star,RACE_UNRESOLVED,NO_CANDIDATE_FOUND
rp_BAT_20260522_6.15,rp_BAT_oasis_sunrise,RACE_UNRESOLVED,NO_CANDIDATE_FOUND
rp_BAT_20260522_6.15,rp_BAT_eutropia,RACE_UNRESOLVED,NO_CANDIDATE_FOUND
rp_BAT_20260522_6.15,rp_BAT_dappled_light,RACE_UNRESOLVED,NO_CANDIDATE_FOUND
rp_BAT_20260522_6.15,rp_BAT_rosemary's_rose,RACE_UNRESOLVED,NO_CANDIDATE_FOUND
rp_BAT_20260522_6.15,rp_BAT_hammal,RACE_UNRESOLVED,NO_CANDIDATE_FOUND
rp_BAT_20260522_6.15,rp_BAT_rating,RACE_UNRESOLVED,NO_CANDIDATE_FOUND
rp_BAT_20260522_6.15,rp_BAT_havana's_dream,RACE_UNRESOLVED,NO_CANDIDATE_FOUND
rp_BAT_20260522_6.15,rp_BAT_super_hit,RACE_UNRESOLVED,NO_CANDIDATE_FOUND
rp_BAT_20260522_6.15,rp_BAT_weston_court,RACE_UNRESOLVED,NO_CANDIDATE_FOUND
rp_DPT_20260522_5.20,rp_DPT_le_questionnaire,RACE_UNRESOLVED,NO_CANDIDATE_FOUND
rp_DPT_20260522_5.20,rp_DPT_master_mac,RACE_UNRESOLVED,NO_CANDIDATE_FOUND
rp_DPT_20260522_5.20,rp_DPT_mr_master_mac,RACE_UNRESOLVED,NO_CANDIDATE_FOUND
rp_DPT_20260522_5.20,rp_DPT_echinacea,RACE_UNRESOLVED,NO_CANDIDATE_FOUND
rp_DPT_20260522_5.20,rp_DPT_brohatna,RACE_UNRESOLVED,NO_CANDIDATE_FOUND
rp_DPT_20260522_5.20,rp_DPT_beacon_bypass,RACE_UNRESOLVED,NO_CANDIDATE_FOUND
rp_DPT_20260522_5.20,rp_DPT_butch_coolidge,RACE_UNRESOLVED,NO_CANDIDATE_FOUND
rp_DPT_20260522_5.20,rp_DPT_dahab,RACE_UNRESOLVED,NO_CANDIDATE_FOUND
rp_DPT_20260522_5.20,rp_DPT_glendaars_secret,RACE_UNRESOLVED,NO_CANDIDATE_FOUND
rp_DPT_20260522_5.20,rp_DPT_holy_joe,RACE_UNRESOLVED,NO_CANDIDATE_FOUND
rp_DPT_20260522_5.20,rp_DPT_tolka_row,RACE_UNRESOLVED,NO_CANDIDATE_FOUND
rp_DPT_20260522_5.20,rp_DPT_magical_sal,RACE_UNRESOLVED,NO_CANDIDATE_FOUND
rp_DPT_20260522_5.20,rp_DPT_cailin_deas,RACE_UNRESOLVED,NO_CANDIDATE_FOUND
rp_DPT_20260522_5.20,rp_DPT_idaho_expresso,RACE_UNRESOLVED,NO_CANDIDATE_FOUND
rp_DPT_20260522_5.20,rp_DPT_undertheinfluence,RACE_UNRESOLVED,NO_CANDIDATE_FOUND
rp_DPT_20260522_5.20,rp_DPT_yolanda's_star,RACE_UNRESOLVED,NO_CANDIDATE_FOUND
rp_DPT_20260522_5.20,rp_DPT_colwyn_bay,RACE_UNRESOLVED,NO_CANDIDATE_FOUND
rp_DPT_20260522_5.20,rp_DPT_raleagh_scope,RACE_UNRESOLVED,NO_CANDIDATE_FOUND
rp_DPT_20260522_5.20,rp_DPT_royal_mal,RACE_UNRESOLVED,NO_CANDIDATE_FOUND
rp_DPT_20260522_5.52,rp_DPT_sea_of_doubt,RACE_UNRESOLVED,NO_CANDIDATE_FOUND
rp_DPT_20260522_5.52,rp_DPT_arcland,RACE_UNRESOLVED,NO_CANDIDATE_FOUND
rp_DPT_20260522_5.52,rp_DPT_i'll_be_handy,RACE_UNRESOLVED,NO_CANDIDATE_FOUND
rp_DPT_20260522_5.52,rp_DPT_annie_agnew,RACE_UNRESOLVED,NO_CANDIDATE_FOUND
rp_DPT_20260522_5.52,rp_DPT_centaq,RACE_UNRESOLVED,NO_CANDIDATE_FOUND
rp_DPT_20260522_5.52,rp_DPT_microscope,RACE_UNRESOLVED,NO_CANDIDATE_FOUND
rp_DPT_20260522_5.52,rp_DPT_seskin_flash,RACE_UNRESOLVED,NO_CANDIDATE_FOUND
rp_DPT_20260522_5.52,rp_DPT_bruant,RACE_UNRESOLVED,NO_CANDIDATE_FOUND
rp_DPT_20260522_5.52,rp_DPT_aboras_mahler,RACE_UNRESOLVED,NO_CANDIDATE_FOUND
rp_DPT_20260522_5.52,rp_DPT_the_dancen_kid,RACE_UNRESOLVED,NO_CANDIDATE_FOUND
rp_DPT_20260522_6.29,rp_DPT_gangster_granny,RACE_UNRESOLVED,NO_CANDIDATE_FOUND
rp_DPT_20260522_6.29,rp_DPT_artic_chief,RACE_UNRESOLVED,NO_CANDIDATE_FOUND
rp_DPT_20260522_6.29,rp_DPT_annarubyrose,RACE_UNRESOLVED,NO_CANDIDATE_FOUND
rp_DPT_20260522_6.29,rp_DPT_mercurial_sea,RACE_UNRESOLVED,NO_CANDIDATE_FOUND
rp_DPT_20260522_6.29,rp_DPT_boston_queen,RACE_UNRESOLVED,NO_CANDIDATE_FOUND
rp_DPT_20260522_6.29,rp_DPT_cozone,RACE_UNRESOLVED,NO_CANDIDATE_FOUND
rp_DPT_20260522_6.29,rp_DPT_jimli's_cave,RACE_UNRESOLVED,NO_CANDIDATE_FOUND
rp_DPT_20260522_6.29,rp_DPT_joya_del_mar,RACE_UNRESOLVED,NO_CANDIDATE_FOUND
rp_DPT_20260522_6.29,rp_DPT_lady_iseult,RACE_UNRESOLVED,NO_CANDIDATE_FOUND
rp_DPT_20260522_6.29,rp_DPT_scary_askari,RACE_UNRESOLVED,NO_CANDIDATE_FOUND
rp_DPT_20260522_6.29,rp_DPT_yoursimplythebest,RACE_UNRESOLVED,NO_CANDIDATE_FOUND
rp_DPT_20260522_6.29,rp_DPT_gortmore_lady,RACE_UNRESOLVED,NO_CANDIDATE_FOUND
rp_DPT_20260522_6.29,rp_DPT_milesfromthehonk,RACE_UNRESOLVED,NO_CANDIDATE_FOUND
rp_DPT_20260522_6.29,rp_DPT_game_and_glory,RACE_UNRESOLVED,NO_CANDIDATE_FOUND
rp_DPT_20260522_6.29,rp_DPT_jetstream_jeff,RACE_UNRESOLVED,NO_CANDIDATE_FOUND
rp_DPT_20260522_7.00,rp_DPT_auntie_lacey,RACE_UNRESOLVED,NO_CANDIDATE_FOUND
rp_DPT_20260522_7.00,rp_DPT_coolboy_christy,RACE_UNRESOLVED,NO_CANDIDATE_FOUND
rp_DPT_20260522_7.00,rp_DPT_giant_haystacks,RACE_UNRESOLVED,NO_CANDIDATE_FOUND
rp_DPT_20260522_7.00,rp_DPT_double_power,RACE_UNRESOLVED,NO_CANDIDATE_FOUND
rp_DPT_20260522_7.00,rp_DPT_jerisk_star,RACE_UNRESOLVED,NO_CANDIDATE_FOUND
rp_DPT_20260522_7.00,rp_DPT_driveonwill,RACE_UNRESOLVED,NO_CANDIDATE_FOUND
rp_DPT_20260522_7.00,rp_DPT_art_of_silence,RACE_UNRESOLVED,NO_CANDIDATE_FOUND
rp_DPT_20260522_7.00,rp_DPT_grace_faraday,RACE_UNRESOLVED,NO_CANDIDATE_FOUND
rp_DPT_20260522_7.00,rp_DPT_jampot_lane,RACE_UNRESOLVED,NO_CANDIDATE_FOUND
rp_DPT_20260522_7.00,rp_DPT_king_gris,RACE_UNRESOLVED,NO_CANDIDATE_FOUND
rp_DPT_20260522_7.00,rp_DPT_massabielle,RACE_UNRESOLVED,NO_CANDIDATE_FOUND
rp_DPT_20260522_7.00,rp_DPT_pourquoi_poi,RACE_UNRESOLVED,NO_CANDIDATE_FOUND
rp_DPT_20260522_7.00,rp_DPT_saunton_surf,RACE_UNRESOLVED,NO_CANDIDATE_FOUND
rp_DPT_20260522_7.00,rp_DPT_whispering_willow,RACE_UNRESOLVED,NO_CANDIDATE_FOUND
rp_DPT_20260522_7.30,rp_DPT_west_of_idaho,RACE_UNRESOLVED,NO_CANDIDATE_FOUND
rp_DPT_20260522_7.30,rp_DPT_sledgehammer,RACE_UNRESOLVED,NO_CANDIDATE_FOUND
rp_DPT_20260522_7.30,rp_DPT_everest_the_brave,RACE_UNRESOLVED,NO_CANDIDATE_FOUND
rp_DPT_20260522_7.30,rp_DPT_vodka_splash,RACE_UNRESOLVED,NO_CANDIDATE_FOUND
rp_DPT_20260522_7.30,rp_DPT_weespoof,RACE_UNRESOLVED,NO_CANDIDATE_FOUND
rp_DPT_20260522_7.30,rp_DPT_cebu_city,RACE_UNRESOLVED,NO_CANDIDATE_FOUND
rp_DPT_20260522_7.30,rp_DPT_mister_frostie,RACE_UNRESOLVED,NO_CANDIDATE_FOUND
rp_DPT_20260522_8.00,rp_DPT_cause_for_comment,RACE_UNRESOLVED,NO_CANDIDATE_FOUND
rp_DPT_20260522_8.00,rp_DPT_asphalt_cowboy,RACE_UNRESOLVED,NO_CANDIDATE_FOUND
rp_DPT_20260522_8.00,rp_DPT_gorthill,RACE_UNRESOLVED,NO_CANDIDATE_FOUND
rp_DPT_20260522_8.00,rp_DPT_our_story,RACE_UNRESOLVED,NO_CANDIDATE_FOUND
rp_DPT_20260522_8.00,rp_DPT_montecam,RACE_UNRESOLVED,NO_CANDIDATE_FOUND
rp_DPT_20260522_8.00,rp_DPT_fortune_lad,RACE_UNRESOLVED,NO_CANDIDATE_FOUND
rp_DPT_20260522_8.00,rp_DPT_dorking_cock,RACE_UNRESOLVED,NO_CANDIDATE_FOUND
rp_DPT_20260522_8.00,rp_DPT_ramillies,RACE_UNRESOLVED,NO_CANDIDATE_FOUND
rp_DPT_20260522_8.30,rp_DPT_majestic_horizon,RACE_UNRESOLVED,NO_CANDIDATE_FOUND
rp_DPT_20260522_8.30,rp_DPT_brootally,RACE_UNRESOLVED,NO_CANDIDATE_FOUND
rp_DPT_20260522_8.30,rp_DPT_dinner_dance,RACE_UNRESOLVED,NO_CANDIDATE_FOUND
rp_DPT_20260522_8.30,rp_DPT_theemeraldempress,RACE_UNRESOLVED,NO_CANDIDATE_FOUND
rp_DPT_20260522_8.30,rp_DPT_juarno,RACE_UNRESOLVED,NO_CANDIDATE_FOUND
rp_DPT_20260522_8.30,rp_DPT_bearys_cross,RACE_UNRESOLVED,NO_CANDIDATE_FOUND
rp_DPT_20260522_8.30,rp_DPT_im_too_busy,RACE_UNRESOLVED,NO_CANDIDATE_FOUND
rp_GOO_20260522_1.57,rp_GOO_love_is,RACE_UNRESOLVED,NO_CANDIDATE_FOUND
rp_GOO_20260522_1.57,rp_GOO_night_in_vegas,RACE_UNRESOLVED,NO_CANDIDATE_FOUND
rp_GOO_20260522_1.57,rp_GOO_shadow_king,RACE_UNRESOLVED,NO_CANDIDATE_FOUND
rp_GOO_20260522_2.32,rp_GOO_lazurite,RACE_UNRESOLVED,NO_CANDIDATE_FOUND
rp_GOO_20260522_2.32,rp_GOO_magic_effort,RACE_UNRESOLVED,NO_CANDIDATE_FOUND
rp_GOO_20260522_2.32,rp_GOO_babzini,RACE_UNRESOLVED,NO_CANDIDATE_FOUND
rp_GOO_20260522_2.32,rp_GOO_blushrose,RACE_UNRESOLVED,NO_CANDIDATE_FOUND
rp_GOO_20260522_2.32,rp_GOO_targa,RACE_UNRESOLVED,NO_CANDIDATE_FOUND
rp_GOO_20260522_2.32,rp_GOO_lola,RACE_UNRESOLVED,NO_CANDIDATE_FOUND
rp_GOO_20260522_2.32,rp_GOO_pershaada,RACE_UNRESOLVED,NO_CANDIDATE_FOUND
rp_GOO_20260522_2.32,rp_GOO_fast_track,RACE_UNRESOLVED,NO_CANDIDATE_FOUND
rp_GOO_20260522_2.32,rp_GOO_kentucky_rain,RACE_UNRESOLVED,NO_CANDIDATE_FOUND
rp_GOO_20260522_3.07,rp_GOO_give_it_to_me_oj,RACE_UNRESOLVED,NO_CANDIDATE_FOUND
rp_GOO_20260522_3.07,rp_GOO_st_mawes,RACE_UNRESOLVED,NO_CANDIDATE_FOUND
rp_GOO_20260522_3.07,rp_GOO_bahadur,RACE_UNRESOLVED,NO_CANDIDATE_FOUND
rp_GOO_20260522_3.07,rp_GOO_caprelo,RACE_UNRESOLVED,NO_CANDIDATE_FOUND
rp_GOO_20260522_3.07,rp_GOO_sax_appeal,RACE_UNRESOLVED,NO_CANDIDATE_FOUND
rp_GOO_20260522_3.42,rp_GOO_venetia,RACE_UNRESOLVED,NO_CANDIDATE_FOUND
rp_GOO_20260522_3.42,rp_GOO_sibling_rivelry,RACE_UNRESOLVED,NO_CANDIDATE_FOUND
rp_GOO_20260522_3.42,rp_GOO_orionis,RACE_UNRESOLVED,NO_CANDIDATE_FOUND
rp_GOO_20260522_3.42,rp_GOO_miss_dolly_rocker,RACE_UNRESOLVED,NO_CANDIDATE_FOUND
rp_GOO_20260522_3.42,rp_GOO_quebella,RACE_UNRESOLVED,NO_CANDIDATE_FOUND
rp_GOO_20260522_3.42,rp_GOO_typical_woman,RACE_UNRESOLVED,NO_CANDIDATE_FOUND
rp_GOO_20260522_3.42,rp_GOO_amora_queen,RACE_UNRESOLVED,NO_CANDIDATE_FOUND
rp_GOO_20260522_3.42,rp_GOO_charmaine,RACE_UNRESOLVED,NO_CANDIDATE_FOUND
rp_GOO_20260522_3.42,rp_GOO_time_loop,RACE_UNRESOLVED,NO_CANDIDATE_FOUND
rp_GOO_20260522_3.42,rp_GOO_caramay,RACE_UNRESOLVED,NO_CANDIDATE_FOUND
rp_GOO_20260522_4.17,rp_GOO_haatem,RACE_UNRESOLVED,NO_CANDIDATE_FOUND
rp_GOO_20260522_4.17,rp_GOO_boiling_point,RACE_UNRESOLVED,NO_CANDIDATE_FOUND
rp_GOO_20260522_4.17,rp_GOO_enfjaar,RACE_UNRESOLVED,NO_CANDIDATE_FOUND
rp_GOO_20260522_4.17,rp_GOO_involvement,RACE_UNRESOLVED,NO_CANDIDATE_FOUND
rp_GOO_20260522_4.17,rp_GOO_certain_lad,RACE_UNRESOLVED,NO_CANDIDATE_FOUND
rp_GOO_20260522_4.17,rp_GOO_naqeeb,RACE_UNRESOLVED,NO_CANDIDATE_FOUND
rp_GOO_20260522_4.17,rp_GOO_la_botte,RACE_UNRESOLVED,NO_CANDIDATE_FOUND
rp_GOO_20260522_4.17,rp_GOO_ice_max,RACE_UNRESOLVED,NO_CANDIDATE_FOUND
rp_GOO_20260522_4.17,rp_GOO_high_stock,RACE_UNRESOLVED,NO_CANDIDATE_FOUND
rp_GOO_20260522_4.52,rp_GOO_oliver_show,RACE_UNRESOLVED,NO_CANDIDATE_FOUND
rp_GOO_20260522_4.52,rp_GOO_crimson_spirit,RACE_UNRESOLVED,NO_CANDIDATE_FOUND
rp_GOO_20260522_4.52,rp_GOO_fouette,RACE_UNRESOLVED,NO_CANDIDATE_FOUND
rp_GOO_20260522_4.52,rp_GOO_metal_merchant,RACE_UNRESOLVED,NO_CANDIDATE_FOUND
rp_GOO_20260522_4.52,rp_GOO_morte_point,RACE_UNRESOLVED,NO_CANDIDATE_FOUND
rp_GOO_20260522_4.52,rp_GOO_shiplake,RACE_UNRESOLVED,NO_CANDIDATE_FOUND
rp_GOO_20260522_4.52,rp_GOO_solar_aclaim,RACE_UNRESOLVED,NO_CANDIDATE_FOUND
rp_GOO_20260522_4.52,rp_GOO_kisskodi,RACE_UNRESOLVED,NO_CANDIDATE_FOUND
rp_GOO_20260522_4.52,rp_GOO_lunario,RACE_UNRESOLVED,NO_CANDIDATE_FOUND
rp_GOO_20260522_4.52,rp_GOO_mister_bluebird,RACE_UNRESOLVED,NO_CANDIDATE_FOUND
rp_GOO_20260522_4.52,rp_GOO_the_dragon_king,RACE_UNRESOLVED,NO_CANDIDATE_FOUND
rp_GOO_20260522_4.52,rp_GOO_walson's_law,RACE_UNRESOLVED,NO_CANDIDATE_FOUND
rp_GOO_20260522_4.52,rp_GOO_rare_change,RACE_UNRESOLVED,NO_CANDIDATE_FOUND
rp_GOO_20260522_5.27,rp_GOO_seven_questions,RACE_UNRESOLVED,NO_CANDIDATE_FOUND
rp_GOO_20260522_5.27,rp_GOO_dream_composer,RACE_UNRESOLVED,NO_CANDIDATE_FOUND
rp_GOO_20260522_5.27,rp_GOO_dyonisos,RACE_UNRESOLVED,NO_CANDIDATE_FOUND
rp_GOO_20260522_5.27,rp_GOO_canon's_house,RACE_UNRESOLVED,NO_CANDIDATE_FOUND
rp_GOO_20260522_5.27,rp_GOO_fidelius,RACE_UNRESOLVED,NO_CANDIDATE_FOUND
rp_GOO_20260522_5.27,rp_GOO_forager,RACE_UNRESOLVED,NO_CANDIDATE_FOUND
rp_GOO_20260522_5.27,rp_GOO_glamorous_breeze,RACE_UNRESOLVED,NO_CANDIDATE_FOUND
rp_GOO_20260522_5.27,rp_GOO_nogo's_dream,RACE_UNRESOLVED,NO_CANDIDATE_FOUND
rp_GOO_20260522_5.27,rp_GOO_roach_power,RACE_UNRESOLVED,NO_CANDIDATE_FOUND
rp_GOO_20260522_5.27,rp_GOO_star_chorus,RACE_UNRESOLVED,NO_CANDIDATE_FOUND
rp_HAY_20260522_1.45,rp_HAY_ladykirk,RACE_UNRESOLVED,NO_CANDIDATE_FOUND
rp_HAY_20260522_1.45,rp_HAY_ceinture_d'orion,RACE_UNRESOLVED,NO_CANDIDATE_FOUND
rp_HAY_20260522_1.45,rp_HAY_fashion's_fancy,RACE_UNRESOLVED,NO_CANDIDATE_FOUND
rp_HAY_20260522_1.45,rp_HAY_tribal_queen,RACE_UNRESOLVED,NO_CANDIDATE_FOUND
rp_HAY_20260522_1.45,rp_HAY_nochebuena,RACE_UNRESOLVED,NO_CANDIDATE_FOUND
rp_HAY_20260522_1.45,rp_HAY_shadida,RACE_UNRESOLVED,NO_CANDIDATE_FOUND
rp_HAY_20260522_2.20,rp_HAY_jazz_queen,RACE_UNRESOLVED,NO_CANDIDATE_FOUND
rp_HAY_20260522_2.20,rp_HAY_minzelle,RACE_UNRESOLVED,NO_CANDIDATE_FOUND
rp_HAY_20260522_2.20,rp_HAY_libertango,RACE_UNRESOLVED,NO_CANDIDATE_FOUND
rp_HAY_20260522_2.20,rp_HAY_esha'a,RACE_UNRESOLVED,NO_CANDIDATE_FOUND
rp_HAY_20260522_2.20,rp_HAY_aurora_valkyrie,RACE_UNRESOLVED,NO_CANDIDATE_FOUND
rp_HAY_20260522_2.20,rp_HAY_profitability,RACE_UNRESOLVED,NO_CANDIDATE_FOUND
rp_HAY_20260522_2.20,rp_HAY_sea_venture,RACE_UNRESOLVED,NO_CANDIDATE_FOUND
rp_HAY_20260522_2.20,rp_HAY_trust_in_far,RACE_UNRESOLVED,NO_CANDIDATE_FOUND
rp_HAY_20260522_2.20,rp_HAY_royal_message,RACE_UNRESOLVED,NO_CANDIDATE_FOUND
rp_HAY_20260522_2.20,rp_HAY_resemblance,RACE_UNRESOLVED,NO_CANDIDATE_FOUND
rp_HAY_20260522_2.20,rp_HAY_bint_minzaal,RACE_UNRESOLVED,NO_CANDIDATE_FOUND
rp_HAY_20260522_2.20,rp_HAY_harlequin_gift,RACE_UNRESOLVED,NO_CANDIDATE_FOUND
rp_HAY_20260522_4.05,rp_HAY_joseph,RACE_UNRESOLVED,NO_CANDIDATE_FOUND
rp_HAY_20260522_4.05,rp_HAY_golspie,RACE_UNRESOLVED,NO_CANDIDATE_FOUND
rp_HAY_20260522_4.05,rp_HAY_imperial_trooper,RACE_UNRESOLVED,NO_CANDIDATE_FOUND
rp_HAY_20260522_4.05,rp_HAY_lesrico,RACE_UNRESOLVED,NO_CANDIDATE_FOUND
rp_HAY_20260522_4.05,rp_HAY_pol_roger,RACE_UNRESOLVED,NO_CANDIDATE_FOUND
rp_HAY_20260522_4.05,rp_HAY_give_me_the_night,RACE_UNRESOLVED,NO_CANDIDATE_FOUND
rp_HAY_20260522_4.05,rp_HAY_everyoneknowsadave,RACE_UNRESOLVED,NO_CANDIDATE_FOUND
rp_HAY_20260522_4.05,rp_HAY_bellasio,RACE_UNRESOLVED,NO_CANDIDATE_FOUND
rp_HAY_20260522_4.05,rp_HAY_hill_o_rue,RACE_UNRESOLVED,NO_CANDIDATE_FOUND
rp_HAY_20260522_4.05,rp_HAY_red_derek,RACE_UNRESOLVED,NO_CANDIDATE_FOUND
rp_HAY_20260522_2.55,rp_HAY_rosy_affair,RACE_UNRESOLVED,NO_CANDIDATE_FOUND
rp_HAY_20260522_2.55,rp_HAY_sky_majesty,RACE_UNRESOLVED,NO_CANDIDATE_FOUND
rp_HAY_20260522_2.55,rp_HAY_magic_basma,RACE_UNRESOLVED,NO_CANDIDATE_FOUND
rp_HAY_20260522_2.55,rp_HAY_paris_babe,RACE_UNRESOLVED,NO_CANDIDATE_FOUND
rp_HAY_20260522_2.55,rp_HAY_rhyme_dust,RACE_UNRESOLVED,NO_CANDIDATE_FOUND
rp_HAY_20260522_2.55,rp_HAY_half_sovereign,RACE_UNRESOLVED,NO_CANDIDATE_FOUND
rp_HAY_20260522_2.55,rp_HAY_coconut_cove,RACE_UNRESOLVED,NO_CANDIDATE_FOUND
rp_HAY_20260522_2.55,rp_HAY_princess_petrol,RACE_UNRESOLVED,NO_CANDIDATE_FOUND
rp_HAY_20260522_2.55,rp_HAY_lady_youmzain,RACE_UNRESOLVED,NO_CANDIDATE_FOUND
rp_HAY_20260522_2.55,rp_HAY_angel_shared,RACE_UNRESOLVED,NO_CANDIDATE_FOUND
rp_HAY_20260522_2.55,rp_HAY_lady_roxby,RACE_UNRESOLVED,NO_CANDIDATE_FOUND
rp_HAY_20260522_2.55,rp_HAY_splish_splash,RACE_UNRESOLVED,NO_CANDIDATE_FOUND
rp_HAY_20260522_2.55,rp_HAY_powdering,RACE_UNRESOLVED,NO_CANDIDATE_FOUND
rp_HAY_20260522_2.55,rp_HAY_trust_amy,RACE_UNRESOLVED,NO_CANDIDATE_FOUND
rp_HAY_20260522_2.55,rp_HAY_dandana,RACE_UNRESOLVED,NO_CANDIDATE_FOUND
rp_HAY_20260522_3.30,rp_HAY_pat's_cash,RACE_UNRESOLVED,NO_CANDIDATE_FOUND
rp_HAY_20260522_3.30,rp_HAY_tribal_appearance,RACE_UNRESOLVED,NO_CANDIDATE_FOUND
rp_HAY_20260522_3.30,rp_HAY_the_bookkeeper,RACE_UNRESOLVED,NO_CANDIDATE_FOUND
rp_HAY_20260522_3.30,rp_HAY_time_for_the_moon,RACE_UNRESOLVED,NO_CANDIDATE_FOUND
rp_HAY_20260522_4.40,rp_HAY_bnaider,RACE_UNRESOLVED,NO_CANDIDATE_FOUND
rp_HAY_20260522_4.40,rp_HAY_ephron,RACE_UNRESOLVED,NO_CANDIDATE_FOUND
rp_HAY_20260522_4.40,rp_HAY_carwyn,RACE_UNRESOLVED,NO_CANDIDATE_FOUND
rp_HAY_20260522_4.40,rp_HAY_ibn_altheeb,RACE_UNRESOLVED,NO_CANDIDATE_FOUND
rp_HAY_20260522_4.40,rp_HAY_kokoluna,RACE_UNRESOLVED,NO_CANDIDATE_FOUND
rp_HAY_20260522_4.40,rp_HAY_rumbustious,RACE_UNRESOLVED,NO_CANDIDATE_FOUND
rp_HAY_20260522_4.40,rp_HAY_dalamara,RACE_UNRESOLVED,NO_CANDIDATE_FOUND
rp_HAY_20260522_4.40,rp_HAY_lady_hornblower,RACE_UNRESOLVED,NO_CANDIDATE_FOUND
rp_HAY_20260522_4.40,rp_HAY_central_command,RACE_UNRESOLVED,NO_CANDIDATE_FOUND
rp_HAY_20260522_4.40,rp_HAY_impossible_mission,RACE_UNRESOLVED,NO_CANDIDATE_FOUND
rp_HAY_20260522_5.15,rp_HAY_kiss_for_an_angel,RACE_UNRESOLVED,NO_CANDIDATE_FOUND
rp_HAY_20260522_5.15,rp_HAY_jungle_knight,RACE_UNRESOLVED,NO_CANDIDATE_FOUND
rp_HAY_20260522_5.15,rp_HAY_paroda_diva,RACE_UNRESOLVED,NO_CANDIDATE_FOUND
rp_HAY_20260522_5.15,rp_HAY_quick_turn,RACE_UNRESOLVED,NO_CANDIDATE_FOUND
rp_HAY_20260522_5.15,rp_HAY_senor_campanaro,RACE_UNRESOLVED,NO_CANDIDATE_FOUND
rp_HAY_20260522_5.15,rp_HAY_yorkshire_queen,RACE_UNRESOLVED,NO_CANDIDATE_FOUND
rp_HAY_20260522_5.15,rp_HAY_sovereign_bay,RACE_UNRESOLVED,NO_CANDIDATE_FOUND
rp_HAY_20260522_5.15,rp_HAY_claytons_kolatonic,RACE_UNRESOLVED,NO_CANDIDATE_FOUND
rp_PON_20260522_6.20,rp_PON_naval_light,RACE_UNRESOLVED,NO_CANDIDATE_FOUND
rp_PON_20260522_6.20,rp_PON_star_with_purpose,RACE_UNRESOLVED,NO_CANDIDATE_FOUND
rp_PON_20260522_6.20,rp_PON_king's_road_dandy,RACE_UNRESOLVED,NO_CANDIDATE_FOUND
rp_PON_20260522_6.20,rp_PON_stoneacre_joe,RACE_UNRESOLVED,NO_CANDIDATE_FOUND
rp_PON_20260522_6.20,rp_PON_viper,RACE_UNRESOLVED,NO_CANDIDATE_FOUND
rp_PON_20260522_6.20,rp_PON_leelawadee,RACE_UNRESOLVED,NO_CANDIDATE_FOUND
rp_PON_20260522_6.20,rp_PON_lineofsuccession,RACE_UNRESOLVED,NO_CANDIDATE_FOUND
rp_PON_20260522_6.20,rp_PON_tommie's_angel,RACE_UNRESOLVED,NO_CANDIDATE_FOUND
rp_PON_20260522_6.20,rp_PON_lady_vega,RACE_UNRESOLVED,NO_CANDIDATE_FOUND
rp_PON_20260522_6.52,rp_PON_too_many_spirits,RACE_UNRESOLVED,NO_CANDIDATE_FOUND
rp_PON_20260522_6.52,rp_PON_ricky_punting,RACE_UNRESOLVED,NO_CANDIDATE_FOUND
rp_PON_20260522_6.52,rp_PON_arrbob,RACE_UNRESOLVED,NO_CANDIDATE_FOUND
rp_PON_20260522_6.52,rp_PON_green_sovereign,RACE_UNRESOLVED,NO_CANDIDATE_FOUND
rp_PON_20260522_6.52,rp_PON_adoramus,RACE_UNRESOLVED,NO_CANDIDATE_FOUND
rp_PON_20260522_6.52,rp_PON_college_boy,RACE_UNRESOLVED,NO_CANDIDATE_FOUND
rp_PON_20260522_6.52,rp_PON_fasthope,RACE_UNRESOLVED,NO_CANDIDATE_FOUND
rp_PON_20260522_6.52,rp_PON_le_grand_etoile,RACE_UNRESOLVED,NO_CANDIDATE_FOUND
rp_PON_20260522_6.52,rp_PON_mr_minz,RACE_UNRESOLVED,NO_CANDIDATE_FOUND
rp_PON_20260522_6.52,rp_PON_real_edition,RACE_UNRESOLVED,NO_CANDIDATE_FOUND
rp_PON_20260522_7.22,rp_PON_betweenthesticks,RACE_UNRESOLVED,NO_CANDIDATE_FOUND
rp_PON_20260522_7.22,rp_PON_jojo_rabbit,RACE_UNRESOLVED,NO_CANDIDATE_FOUND
rp_PON_20260522_7.22,rp_PON_knicks,RACE_UNRESOLVED,NO_CANDIDATE_FOUND
rp_PON_20260522_7.22,rp_PON_ay_gee_ell,RACE_UNRESOLVED,NO_CANDIDATE_FOUND
rp_PON_20260522_7.22,rp_PON_changeofmind,RACE_UNRESOLVED,NO_CANDIDATE_FOUND
rp_PON_20260522_7.22,rp_PON_fuji_mountain,RACE_UNRESOLVED,NO_CANDIDATE_FOUND
rp_PON_20260522_7.22,rp_PON_king's_crown,RACE_UNRESOLVED,NO_CANDIDATE_FOUND
rp_PON_20260522_7.22,rp_PON_lucius_aurelius,RACE_UNRESOLVED,NO_CANDIDATE_FOUND
rp_PON_20260522_7.22,rp_PON_mrs_trump,RACE_UNRESOLVED,NO_CANDIDATE_FOUND
rp_PON_20260522_7.22,rp_PON_ventura_express,RACE_UNRESOLVED,NO_CANDIDATE_FOUND
rp_PON_20260522_7.52,rp_PON_sea_of_kings,RACE_UNRESOLVED,NO_CANDIDATE_FOUND
rp_PON_20260522_7.52,rp_PON_action_pact,RACE_UNRESOLVED,NO_CANDIDATE_FOUND
rp_PON_20260522_7.52,rp_PON_trojan_soldier,RACE_UNRESOLVED,NO_CANDIDATE_FOUND
rp_PON_20260522_7.52,rp_PON_vaguely_royal,RACE_UNRESOLVED,NO_CANDIDATE_FOUND
rp_PON_20260522_7.52,rp_PON_diamand_de_vindecy,RACE_UNRESOLVED,NO_CANDIDATE_FOUND
rp_PON_20260522_7.52,rp_PON_maghlaak,RACE_UNRESOLVED,NO_CANDIDATE_FOUND
rp_PON_20260522_7.52,rp_PON_wahraan,RACE_UNRESOLVED,NO_CANDIDATE_FOUND
rp_PON_20260522_8.22,rp_PON_blondina,RACE_UNRESOLVED,NO_CANDIDATE_FOUND
rp_PON_20260522_8.22,rp_PON_dubai_venture,RACE_UNRESOLVED,NO_CANDIDATE_FOUND
rp_PON_20260522_8.22,rp_PON_hickton,RACE_UNRESOLVED,NO_CANDIDATE_FOUND
rp_PON_20260522_8.22,rp_PON_lillistar,RACE_UNRESOLVED,NO_CANDIDATE_FOUND
rp_PON_20260522_8.22,rp_PON_anificas_beauty,RACE_UNRESOLVED,NO_CANDIDATE_FOUND
rp_PON_20260522_8.22,rp_PON_havachoc,RACE_UNRESOLVED,NO_CANDIDATE_FOUND
rp_PON_20260522_8.22,rp_PON_apache_eagle,RACE_UNRESOLVED,NO_CANDIDATE_FOUND
rp_PON_20260522_8.52,rp_PON_arkenstaar,RACE_UNRESOLVED,NO_CANDIDATE_FOUND
rp_PON_20260522_8.52,rp_PON_mount_king,RACE_UNRESOLVED,NO_CANDIDATE_FOUND
rp_PON_20260522_8.52,rp_PON_hopeful_joy,RACE_UNRESOLVED,NO_CANDIDATE_FOUND
rp_PON_20260522_8.52,rp_PON_powerful_response,RACE_UNRESOLVED,NO_CANDIDATE_FOUND
rp_PON_20260522_8.52,rp_PON_callisto_dream,RACE_UNRESOLVED,NO_CANDIDATE_FOUND
rp_PON_20260522_8.52,rp_PON_keats_house,RACE_UNRESOLVED,NO_CANDIDATE_FOUND
rp_PON_20260522_8.52,rp_PON_no_knee_never,RACE_UNRESOLVED,NO_CANDIDATE_FOUND
rp_PON_20260522_8.52,rp_PON_moonjid,RACE_UNRESOLVED,NO_CANDIDATE_FOUND
rp_PON_20260522_8.52,rp_PON_distinction,RACE_UNRESOLVED,NO_CANDIDATE_FOUND
918930,8075058,HORSE_UNRESOLVED,NO_CANDIDATE_FOUND
918930,7493162,HORSE_UNRESOLVED,NO_CANDIDATE_FOUND
918930,7551813,HORSE_UNRESOLVED,NO_CANDIDATE_FOUND
918930,7339105,HORSE_UNRESOLVED,NO_CANDIDATE_FOUND
918930,7992611,HORSE_UNRESOLVED,NO_CANDIDATE_FOUND
rp_WOR_20260522_4.57,rp_WOR_applicationofcash,RACE_UNRESOLVED,NO_CANDIDATE_FOUND
rp_WOR_20260522_4.57,rp_WOR_zero_tolerance,RACE_UNRESOLVED,NO_CANDIDATE_FOUND
rp_WOR_20260522_4.57,rp_WOR_electric_eddy,RACE_UNRESOLVED,NO_CANDIDATE_FOUND
rp_WOR_20260522_4.57,rp_WOR_bongo_man,RACE_UNRESOLVED,NO_CANDIDATE_FOUND
rp_WOR_20260522_5.32,rp_WOR_lermoos_legend,RACE_UNRESOLVED,NO_CANDIDATE_FOUND
rp_WOR_20260522_5.32,rp_WOR_jet_smart,RACE_UNRESOLVED,NO_CANDIDATE_FOUND
rp_WOR_20260522_5.32,rp_WOR_melton_mossy,RACE_UNRESOLVED,NO_CANDIDATE_FOUND
rp_WOR_20260522_5.32,rp_WOR_fine_casting,RACE_UNRESOLVED,NO_CANDIDATE_FOUND
rp_WOR_20260522_5.32,rp_WOR_ukantango,RACE_UNRESOLVED,NO_CANDIDATE_FOUND
rp_WOR_20260522_5.32,rp_WOR_atreides,RACE_UNRESOLVED,NO_CANDIDATE_FOUND
rp_WOR_20260522_5.32,rp_WOR_country_park,RACE_UNRESOLVED,NO_CANDIDATE_FOUND
rp_WOR_20260522_5.32,rp_WOR_karnaval_point,RACE_UNRESOLVED,NO_CANDIDATE_FOUND
rp_WOR_20260522_6.06,rp_WOR_faithful_guardian,RACE_UNRESOLVED,NO_CANDIDATE_FOUND
rp_WOR_20260522_6.06,rp_WOR_olly's_icon,RACE_UNRESOLVED,NO_CANDIDATE_FOUND
rp_WOR_20260522_6.06,rp_WOR_closing_time,RACE_UNRESOLVED,NO_CANDIDATE_FOUND
rp_WOR_20260522_6.06,rp_WOR_mossy_moon,RACE_UNRESOLVED,NO_CANDIDATE_FOUND
rp_WOR_20260522_6.06,rp_WOR_pether's_angel,RACE_UNRESOLVED,NO_CANDIDATE_FOUND
rp_WOR_20260522_6.06,rp_WOR_boy_oh_boy,RACE_UNRESOLVED,NO_CANDIDATE_FOUND
rp_WOR_20260522_6.06,rp_WOR_mister_forb,RACE_UNRESOLVED,NO_CANDIDATE_FOUND
rp_WOR_20260522_6.06,rp_WOR_teleleo,RACE_UNRESOLVED,NO_CANDIDATE_FOUND
rp_WOR_20260522_6.06,rp_WOR_turbogeist,RACE_UNRESOLVED,NO_CANDIDATE_FOUND
rp_WOR_20260522_6.06,rp_WOR_ultimately,RACE_UNRESOLVED,NO_CANDIDATE_FOUND
rp_WOR_20260522_6.06,rp_WOR_c'est_pour_moi,RACE_UNRESOLVED,NO_CANDIDATE_FOUND
rp_WOR_20260522_6.41,rp_WOR_shamsat,RACE_UNRESOLVED,NO_CANDIDATE_FOUND
rp_WOR_20260522_6.41,rp_WOR_eustace_grenier,RACE_UNRESOLVED,NO_CANDIDATE_FOUND
rp_WOR_20260522_6.41,rp_WOR_teletime,RACE_UNRESOLVED,NO_CANDIDATE_FOUND
rp_WOR_20260522_6.41,rp_WOR_no_risk_today,RACE_UNRESOLVED,NO_CANDIDATE_FOUND
rp_WOR_20260522_6.41,rp_WOR_l'amalric,RACE_UNRESOLVED,NO_CANDIDATE_FOUND
rp_WOR_20260522_6.41,rp_WOR_premier_tenor,RACE_UNRESOLVED,NO_CANDIDATE_FOUND
rp_WOR_20260522_6.41,rp_WOR_thatsnotmyname,RACE_UNRESOLVED,NO_CANDIDATE_FOUND
rp_WOR_20260522_6.41,rp_WOR_anzac_day,RACE_UNRESOLVED,NO_CANDIDATE_FOUND
rp_WOR_20260522_6.41,rp_WOR_hopjes,RACE_UNRESOLVED,NO_CANDIDATE_FOUND
rp_WOR_20260522_6.41,rp_WOR_jacquette,RACE_UNRESOLVED,NO_CANDIDATE_FOUND
rp_WOR_20260522_7.11,rp_WOR_medina_blue,RACE_UNRESOLVED,NO_CANDIDATE_FOUND
rp_WOR_20260522_7.11,rp_WOR_pivotal_days,RACE_UNRESOLVED,NO_CANDIDATE_FOUND
rp_WOR_20260522_7.11,rp_WOR_sonyourastar,RACE_UNRESOLVED,NO_CANDIDATE_FOUND
rp_WOR_20260522_7.11,rp_WOR_just_call_me_buzz,RACE_UNRESOLVED,NO_CANDIDATE_FOUND
rp_WOR_20260522_7.11,rp_WOR_kayla's_friend,RACE_UNRESOLVED,NO_CANDIDATE_FOUND
rp_WOR_20260522_7.11,rp_WOR_crest_of_arms,RACE_UNRESOLVED,NO_CANDIDATE_FOUND
rp_WOR_20260522_7.11,rp_WOR_kind_intention,RACE_UNRESOLVED,NO_CANDIDATE_FOUND
rp_WOR_20260522_7.11,rp_WOR_blue_topaz,RACE_UNRESOLVED,NO_CANDIDATE_FOUND
rp_WOR_20260522_7.11,rp_WOR_saint_arion,RACE_UNRESOLVED,NO_CANDIDATE_FOUND
rp_WOR_20260522_7.11,rp_WOR_royal_mark,RACE_UNRESOLVED,NO_CANDIDATE_FOUND
rp_WOR_20260522_7.41,rp_WOR_noble_blue,RACE_UNRESOLVED,NO_CANDIDATE_FOUND
rp_WOR_20260522_7.41,rp_WOR_dearkeithandkaty,RACE_UNRESOLVED,NO_CANDIDATE_FOUND
rp_WOR_20260522_7.41,rp_WOR_twist_of_fatecatch,RACE_UNRESOLVED,NO_CANDIDATE_FOUND
rp_WOR_20260522_7.41,rp_WOR_gasmani,RACE_UNRESOLVED,NO_CANDIDATE_FOUND
rp_WOR_20260522_7.41,rp_WOR_blue_in_the_west,RACE_UNRESOLVED,NO_CANDIDATE_FOUND
rp_WOR_20260522_7.41,rp_WOR_herbygoesbananas,RACE_UNRESOLVED,NO_CANDIDATE_FOUND
rp_WOR_20260522_7.41,rp_WOR_lightfingered_jack,RACE_UNRESOLVED,NO_CANDIDATE_FOUND
rp_WOR_20260522_7.41,rp_WOR_prince_imperial,RACE_UNRESOLVED,NO_CANDIDATE_FOUND
rp_WOR_20260522_7.41,rp_WOR_i'm_a_starman,RACE_UNRESOLVED,NO_CANDIDATE_FOUND
rp_WOR_20260522_8.11,rp_WOR_ice_jet,RACE_UNRESOLVED,NO_CANDIDATE_FOUND
rp_WOR_20260522_8.11,rp_WOR_snapius,RACE_UNRESOLVED,NO_CANDIDATE_FOUND
rp_WOR_20260522_8.11,rp_WOR_ballylicky_bay,RACE_UNRESOLVED,NO_CANDIDATE_FOUND
rp_WOR_20260522_8.11,rp_WOR_dynamite_defense,RACE_UNRESOLVED,NO_CANDIDATE_FOUND
rp_WOR_20260522_8.11,rp_WOR_east_end_girl,RACE_UNRESOLVED,NO_CANDIDATE_FOUND
rp_WOR_20260522_8.11,rp_WOR_saccary,RACE_UNRESOLVED,NO_CANDIDATE_FOUND
rp_WOR_20260522_8.11,rp_WOR_stiletto,RACE_UNRESOLVED,NO_CANDIDATE_FOUND
rp_WOR_20260522_8.11,rp_WOR_estacas,RACE_UNRESOLVED,NO_CANDIDATE_FOUND
rp_WOR_20260522_8.11,rp_WOR_butchers_bill,RACE_UNRESOLVED,NO_CANDIDATE_FOUND
rp_WOR_20260522_8.11,rp_WOR_the_great_escape,RACE_UNRESOLVED,NO_CANDIDATE_FOUND
rp_WOR_20260522_8.11,rp_WOR_kylenoe_dancer,RACE_UNRESOLVED,NO_CANDIDATE_FOUND
rp_WOR_20260522_8.11,rp_WOR_aquifolia,RACE_UNRESOLVED,NO_CANDIDATE_FOUND
rp_WOR_20260522_8.11,rp_WOR_playful_fox,RACE_UNRESOLVED,NO_CANDIDATE_FOUND
rp_WOR_20260522_8.11,rp_WOR_fond_farewell,RACE_UNRESOLVED,NO_CANDIDATE_FOUND
rp_WOR_20260522_8.11,rp_WOR_we_ain't_walking,RACE_UNRESOLVED,NO_CANDIDATE_FOUND
rp_WOR_20260522_8.41,rp_WOR_saccary,RACE_UNRESOLVED,NO_CANDIDATE_FOUND
rp_WOR_20260522_8.41,rp_WOR_playful_fox,RACE_UNRESOLVED,NO_CANDIDATE_FOUND
rp_WOR_20260522_8.41,rp_WOR_aquifolia,RACE_UNRESOLVED,NO_CANDIDATE_FOUND
rp_WOR_20260522_8.41,rp_WOR_east_end_girl,RACE_UNRESOLVED,NO_CANDIDATE_FOUND
rp_WOR_20260522_8.41,rp_WOR_fond_farewell,RACE_UNRESOLVED,NO_CANDIDATE_FOUND
rp_WOR_20260522_8.41,rp_WOR_ballylicky_bay,RACE_UNRESOLVED,NO_CANDIDATE_FOUND
rp_WOR_20260522_8.41,rp_WOR_dynamite_defense,RACE_UNRESOLVED,NO_CANDIDATE_FOUND
rp_BAN_20260523_1.50,rp_BAN_chambers,HORSE_UNRESOLVED,NO_CANDIDATE_FOUND
rp_BAN_20260523_1.50,rp_BAN_double_indemnity,HORSE_UNRESOLVED,NO_CANDIDATE_FOUND
rp_BAN_20260523_1.50,rp_BAN_kind_intention,HORSE_UNRESOLVED,NO_CANDIDATE_FOUND
rp_BAN_20260523_1.50,rp_BAN_happy_harrison,HORSE_UNRESOLVED,NO_CANDIDATE_FOUND
rp_BAN_20260523_1.50,rp_BAN_winter_life,HORSE_UNRESOLVED,NO_CANDIDATE_FOUND
rp_BAN_20260523_1.50,rp_BAN_go_try,HORSE_UNRESOLVED,NO_CANDIDATE_FOUND
rp_BAN_20260523_2.25,rp_BAN_kadjar_des_mottes,HORSE_UNRESOLVED,NO_CANDIDATE_FOUND
rp_BAN_20260523_2.25,rp_BAN_big_boy_barney,HORSE_UNRESOLVED,NO_CANDIDATE_FOUND
rp_BAN_20260523_2.25,rp_BAN_bobbarelli,HORSE_UNRESOLVED,NO_CANDIDATE_FOUND
rp_BAN_20260523_2.25,rp_BAN_wudya,HORSE_UNRESOLVED,NO_CANDIDATE_FOUND
rp_BAN_20260523_3.00,rp_BAN_orange_diamond,HORSE_UNRESOLVED,NO_CANDIDATE_FOUND
rp_BAN_20260523_3.00,rp_BAN_back_in_the_bay,HORSE_UNRESOLVED,NO_CANDIDATE_FOUND
rp_BAN_20260523_3.00,rp_BAN_torrent,HORSE_UNRESOLVED,NO_CANDIDATE_FOUND
rp_BAN_20260523_3.00,rp_BAN_magic_wave,HORSE_UNRESOLVED,NO_CANDIDATE_FOUND
rp_BAN_20260523_3.00,rp_BAN_the_secret_pearl,HORSE_UNRESOLVED,NO_CANDIDATE_FOUND
rp_BAN_20260523_3.00,rp_BAN_play_pretend,HORSE_UNRESOLVED,NO_CANDIDATE_FOUND
rp_BAN_20260523_3.00,rp_BAN_sauce_of_life,HORSE_UNRESOLVED,NO_CANDIDATE_FOUND
rp_BAN_20260523_3.32,rp_BAN_yes_indeed,HORSE_UNRESOLVED,NO_CANDIDATE_FOUND
rp_BAN_20260523_3.32,rp_BAN_jet_of_dreams,HORSE_UNRESOLVED,NO_CANDIDATE_FOUND
rp_BAN_20260523_3.32,rp_BAN_supreme_george,HORSE_UNRESOLVED,NO_CANDIDATE_FOUND
rp_BAN_20260523_3.32,rp_BAN_dexter,HORSE_UNRESOLVED,NO_CANDIDATE_FOUND
rp_BAN_20260523_3.32,rp_BAN_start_again,HORSE_UNRESOLVED,NO_CANDIDATE_FOUND
rp_BAN_20260523_4.10,rp_BAN_cruz_control,HORSE_UNRESOLVED,NO_CANDIDATE_FOUND
rp_BAN_20260523_4.10,rp_BAN_twig,HORSE_UNRESOLVED,NO_CANDIDATE_FOUND
rp_BAN_20260523_4.10,rp_BAN_walking_on_air,HORSE_UNRESOLVED,NO_CANDIDATE_FOUND
rp_BAN_20260523_4.10,rp_BAN_mars_harper,HORSE_UNRESOLVED,NO_CANDIDATE_FOUND
rp_BAN_20260523_4.10,rp_BAN_lounge_lizard,HORSE_UNRESOLVED,NO_CANDIDATE_FOUND
rp_BAN_20260523_4.45,rp_BAN_jetty_may,HORSE_UNRESOLVED,NO_CANDIDATE_FOUND
rp_BAN_20260523_4.45,rp_BAN_faerie_cutlass,HORSE_UNRESOLVED,NO_CANDIDATE_FOUND
rp_BAN_20260523_4.45,rp_BAN_la_cantate,HORSE_UNRESOLVED,NO_CANDIDATE_FOUND
rp_BAN_20260523_4.45,rp_BAN_after_midnight,HORSE_UNRESOLVED,NO_CANDIDATE_FOUND
rp_BAN_20260523_4.45,rp_BAN_pooley's_promise,HORSE_UNRESOLVED,NO_CANDIDATE_FOUND
rp_BAN_20260523_4.45,rp_BAN_after_the_ball,HORSE_UNRESOLVED,NO_CANDIDATE_FOUND
rp_BAN_20260523_4.45,rp_BAN_porridge,HORSE_UNRESOLVED,NO_CANDIDATE_FOUND
rp_BAN_20260523_5.20,rp_BAN_phantom_of_delight,HORSE_UNRESOLVED,NO_CANDIDATE_FOUND
rp_BAN_20260523_5.20,rp_BAN_do_wah_diddy,HORSE_UNRESOLVED,NO_CANDIDATE_FOUND
rp_BAN_20260523_5.20,rp_BAN_anniespatient,HORSE_UNRESOLVED,NO_CANDIDATE_FOUND
rp_BAN_20260523_5.20,rp_BAN_bonnie_lazarevic,HORSE_UNRESOLVED,NO_CANDIDATE_FOUND
rp_BAN_20260523_5.20,rp_BAN_liberty_leader,HORSE_UNRESOLVED,NO_CANDIDATE_FOUND
rp_BAN_20260523_5.20,rp_BAN_maybellino,HORSE_UNRESOLVED,NO_CANDIDATE_FOUND
rp_BAN_20260523_5.20,rp_BAN_molly_hastings,HORSE_UNRESOLVED,NO_CANDIDATE_FOUND
rp_BAN_20260523_5.20,rp_BAN_pearl_knot,HORSE_UNRESOLVED,NO_CANDIDATE_FOUND
rp_CRT_20260523_1.35,rp_CRT_hawk's_rock,HORSE_UNRESOLVED,NO_CANDIDATE_FOUND
rp_CRT_20260523_1.35,rp_CRT_lipstick_traces,HORSE_UNRESOLVED,NO_CANDIDATE_FOUND
rp_CRT_20260523_1.35,rp_CRT_woodythewoodpecker,HORSE_UNRESOLVED,NO_CANDIDATE_FOUND
rp_CRT_20260523_1.35,rp_CRT_raincloud,HORSE_UNRESOLVED,NO_CANDIDATE_FOUND
rp_CRT_20260523_1.35,rp_CRT_keops_des_bordes,HORSE_UNRESOLVED,NO_CANDIDATE_FOUND
rp_CRT_20260523_1.35,rp_CRT_road_to_rosley,HORSE_UNRESOLVED,NO_CANDIDATE_FOUND
rp_CRT_20260523_1.35,rp_CRT_fortunes_dawn,HORSE_UNRESOLVED,NO_CANDIDATE_FOUND
rp_CRT_20260523_1.35,rp_CRT_howsmenoftomorro,HORSE_UNRESOLVED,NO_CANDIDATE_FOUND
rp_CRT_20260523_1.35,rp_CRT_stavanger_rose,HORSE_UNRESOLVED,NO_CANDIDATE_FOUND
rp_CRT_20260523_2.10,rp_CRT_belle_le_grand,HORSE_UNRESOLVED,NO_CANDIDATE_FOUND
rp_CRT_20260523_2.10,rp_CRT_dunsy_rock,HORSE_UNRESOLVED,NO_CANDIDATE_FOUND
rp_CRT_20260523_2.10,rp_CRT_winds_of_winter,HORSE_UNRESOLVED,NO_CANDIDATE_FOUND
rp_CRT_20260523_2.10,rp_CRT_demoiselle_kap,HORSE_UNRESOLVED,NO_CANDIDATE_FOUND
rp_CRT_20260523_2.10,rp_CRT_magnolia,HORSE_UNRESOLVED,NO_CANDIDATE_FOUND
rp_CRT_20260523_2.10,rp_CRT_tour_ovalie,HORSE_UNRESOLVED,NO_CANDIDATE_FOUND
rp_CRT_20260523_2.10,rp_CRT_melinda,HORSE_UNRESOLVED,NO_CANDIDATE_FOUND
rp_CRT_20260523_2.43,rp_CRT_penny_perfect,HORSE_UNRESOLVED,NO_CANDIDATE_FOUND
rp_CRT_20260523_2.43,rp_CRT_pinot_rouge,HORSE_UNRESOLVED,NO_CANDIDATE_FOUND
rp_CRT_20260523_2.43,rp_CRT_keep_on_cobbling,HORSE_UNRESOLVED,NO_CANDIDATE_FOUND
rp_CRT_20260523_2.43,rp_CRT_starlyte,HORSE_UNRESOLVED,NO_CANDIDATE_FOUND
rp_CRT_20260523_2.43,rp_CRT_bittalemon,HORSE_UNRESOLVED,NO_CANDIDATE_FOUND
rp_CRT_20260523_3.20,rp_CRT_half_a_chance,HORSE_UNRESOLVED,NO_CANDIDATE_FOUND
rp_CRT_20260523_3.20,rp_CRT_tamarind_bay,HORSE_UNRESOLVED,NO_CANDIDATE_FOUND
rp_CRT_20260523_3.55,rp_CRT_loup_de_maulde,HORSE_UNRESOLVED,NO_CANDIDATE_FOUND
rp_CRT_20260523_3.55,rp_CRT_my_gift_to_you,HORSE_UNRESOLVED,NO_CANDIDATE_FOUND
rp_CRT_20260523_3.55,rp_CRT_loughderg_rocco,HORSE_UNRESOLVED,NO_CANDIDATE_FOUND
rp_CRT_20260523_3.55,rp_CRT_puddlesinthepark,HORSE_UNRESOLVED,NO_CANDIDATE_FOUND
rp_CRT_20260523_3.55,rp_CRT_you_some_girl,HORSE_UNRESOLVED,NO_CANDIDATE_FOUND
rp_CRT_20260523_4.30,rp_CRT_defence_witness,HORSE_UNRESOLVED,NO_CANDIDATE_FOUND
rp_CRT_20260523_4.30,rp_CRT_thehairyfella,HORSE_UNRESOLVED,NO_CANDIDATE_FOUND
rp_CRT_20260523_4.30,rp_CRT_isle_of_sark,HORSE_UNRESOLVED,NO_CANDIDATE_FOUND
rp_CRT_20260523_4.30,rp_CRT_jakana,HORSE_UNRESOLVED,NO_CANDIDATE_FOUND
rp_CRT_20260523_4.30,rp_CRT_jet_light,HORSE_UNRESOLVED,NO_CANDIDATE_FOUND
rp_CRT_20260523_4.30,rp_CRT_kaviar_wood,HORSE_UNRESOLVED,NO_CANDIDATE_FOUND
rp_CRT_20260523_4.30,rp_CRT_croagh_patrick,HORSE_UNRESOLVED,NO_CANDIDATE_FOUND
rp_CRT_20260523_4.30,rp_CRT_fast_deal,HORSE_UNRESOLVED,NO_CANDIDATE_FOUND
rp_CRT_20260523_5.05,rp_CRT_line_of_descent,HORSE_UNRESOLVED,NO_CANDIDATE_FOUND
rp_CRT_20260523_5.05,rp_CRT_jack's_a_legend,HORSE_UNRESOLVED,NO_CANDIDATE_FOUND
rp_CRT_20260523_5.05,rp_CRT_italian_spirit,HORSE_UNRESOLVED,NO_CANDIDATE_FOUND
rp_CRT_20260523_5.05,rp_CRT_of_corse_i_can,HORSE_UNRESOLVED,NO_CANDIDATE_FOUND
rp_CRT_20260523_5.05,rp_CRT_clonakilty,HORSE_UNRESOLVED,NO_CANDIDATE_FOUND
rp_CRT_20260523_5.05,rp_CRT_judicial_review,HORSE_UNRESOLVED,NO_CANDIDATE_FOUND
rp_CRT_20260523_5.05,rp_CRT_blazing_court,HORSE_UNRESOLVED,NO_CANDIDATE_FOUND
rp_CRT_20260523_5.05,rp_CRT_cardamon_hill,HORSE_UNRESOLVED,NO_CANDIDATE_FOUND
rp_CRT_20260523_5.05,rp_CRT_walkinthecotswolds,HORSE_UNRESOLVED,NO_CANDIDATE_FOUND
rp_CUR_20260523_1.20,rp_CUR_bold_commander,HORSE_UNRESOLVED,NO_CANDIDATE_FOUND
rp_CUR_20260523_1.20,rp_CUR_dhikola,HORSE_UNRESOLVED,NO_CANDIDATE_FOUND
rp_CUR_20260523_1.20,rp_CUR_i_ready,HORSE_UNRESOLVED,NO_CANDIDATE_FOUND
rp_CUR_20260523_1.20,rp_CUR_winnie's_wish,HORSE_UNRESOLVED,NO_CANDIDATE_FOUND
rp_CUR_20260523_1.20,rp_CUR_south_dakota,HORSE_UNRESOLVED,NO_CANDIDATE_FOUND
rp_CUR_20260523_1.55,rp_CUR_lady_lilac,HORSE_UNRESOLVED,NO_CANDIDATE_FOUND
rp_CUR_20260523_1.55,rp_CUR_cristal_clere,HORSE_UNRESOLVED,NO_CANDIDATE_FOUND
rp_CUR_20260523_1.55,rp_CUR_snapretend,HORSE_UNRESOLVED,NO_CANDIDATE_FOUND
rp_CUR_20260523_1.55,rp_CUR_puppet_master,HORSE_UNRESOLVED,NO_CANDIDATE_FOUND
rp_CUR_20260523_1.55,rp_CUR_chally_chute,HORSE_UNRESOLVED,NO_CANDIDATE_FOUND
rp_CUR_20260523_1.55,rp_CUR_emit,HORSE_UNRESOLVED,NO_CANDIDATE_FOUND
rp_CUR_20260523_1.55,rp_CUR_g,HORSE_UNRESOLVED,NO_CANDIDATE_FOUND
rp_CUR_20260523_2.30,rp_CUR_fixation,HORSE_UNRESOLVED,NO_CANDIDATE_FOUND
rp_CUR_20260523_2.30,rp_CUR_iowa_city,HORSE_UNRESOLVED,NO_CANDIDATE_FOUND
rp_CUR_20260523_2.30,rp_CUR_cloud_seeker,HORSE_UNRESOLVED,NO_CANDIDATE_FOUND
rp_CUR_20260523_2.30,rp_CUR_railwayview_lady,HORSE_UNRESOLVED,NO_CANDIDATE_FOUND
rp_CUR_20260523_2.30,rp_CUR_war_rooms,HORSE_UNRESOLVED,NO_CANDIDATE_FOUND
rp_CUR_20260523_2.30,rp_CUR_in_my_teens,HORSE_UNRESOLVED,NO_CANDIDATE_FOUND
rp_CUR_20260523_2.30,rp_CUR_dar_toungi,HORSE_UNRESOLVED,NO_CANDIDATE_FOUND
rp_CUR_20260523_2.30,rp_CUR_flame_of_forest,HORSE_UNRESOLVED,NO_CANDIDATE_FOUND
rp_CUR_20260523_2.30,rp_CUR_dawn_rising,HORSE_UNRESOLVED,NO_CANDIDATE_FOUND
rp_CUR_20260523_2.30,rp_CUR_dutch_gold,HORSE_UNRESOLVED,NO_CANDIDATE_FOUND
rp_CUR_20260523_2.30,rp_CUR_pillar_of_hope,HORSE_UNRESOLVED,NO_CANDIDATE_FOUND
rp_CUR_20260523_2.30,rp_CUR_retracement,HORSE_UNRESOLVED,NO_CANDIDATE_FOUND
rp_CUR_20260523_2.30,rp_CUR_yulia,HORSE_UNRESOLVED,NO_CANDIDATE_FOUND
rp_CUR_20260523_3.05,rp_CUR_powerful_glory,HORSE_UNRESOLVED,NO_CANDIDATE_FOUND
rp_CUR_20260523_3.05,rp_CUR_chicago_critic,HORSE_UNRESOLVED,NO_CANDIDATE_FOUND
rp_CUR_20260523_3.05,rp_CUR_marvelman,HORSE_UNRESOLVED,NO_CANDIDATE_FOUND
rp_CUR_20260523_3.05,rp_CUR_bucanero_fuerte,HORSE_UNRESOLVED,NO_CANDIDATE_FOUND
rp_CUR_20260523_3.05,rp_CUR_montassib,HORSE_UNRESOLVED,NO_CANDIDATE_FOUND
rp_CUR_20260523_3.05,rp_CUR_spycatcher,HORSE_UNRESOLVED,NO_CANDIDATE_FOUND
rp_CUR_20260523_3.05,rp_CUR_fregada,HORSE_UNRESOLVED,NO_CANDIDATE_FOUND
rp_CUR_20260523_3.05,rp_CUR_valiant_force,HORSE_UNRESOLVED,NO_CANDIDATE_FOUND
rp_CUR_20260523_3.40,rp_CUR_alparslan,HORSE_UNRESOLVED,NO_CANDIDATE_FOUND
rp_CUR_20260523_3.40,rp_CUR_bamako_beach,HORSE_UNRESOLVED,NO_CANDIDATE_FOUND
rp_CUR_20260523_3.40,rp_CUR_neolithic,HORSE_UNRESOLVED,NO_CANDIDATE_FOUND
rp_CUR_20260523_3.40,rp_CUR_take_charge_star,HORSE_UNRESOLVED,NO_CANDIDATE_FOUND
rp_CUR_20260523_3.40,rp_CUR_go_just_do_it,HORSE_UNRESOLVED,NO_CANDIDATE_FOUND
rp_CUR_20260523_3.40,rp_CUR_thesecretadversary,HORSE_UNRESOLVED,NO_CANDIDATE_FOUND
rp_CUR_20260523_3.40,rp_CUR_power_blue,HORSE_UNRESOLVED,NO_CANDIDATE_FOUND
rp_CUR_20260523_4.15,rp_CUR_drop_dead_gorgeous,HORSE_UNRESOLVED,NO_CANDIDATE_FOUND
rp_CUR_20260523_4.15,rp_CUR_mr_vettori,HORSE_UNRESOLVED,NO_CANDIDATE_FOUND
rp_CUR_20260523_4.15,rp_CUR_amadeus_mozart,HORSE_UNRESOLVED,NO_CANDIDATE_FOUND
rp_CUR_20260523_4.15,rp_CUR_alphecca,HORSE_UNRESOLVED,NO_CANDIDATE_FOUND
rp_CUR_20260523_4.15,rp_CUR_south_island,HORSE_UNRESOLVED,NO_CANDIDATE_FOUND
rp_CUR_20260523_4.15,rp_CUR_shosholoza,HORSE_UNRESOLVED,NO_CANDIDATE_FOUND
rp_CUR_20260523_4.15,rp_CUR_draw,HORSE_UNRESOLVED,NO_CANDIDATE_FOUND
rp_CUR_20260523_4.50,rp_CUR_gavoo,HORSE_UNRESOLVED,NO_CANDIDATE_FOUND
rp_CUR_20260523_4.50,rp_CUR_nakamura,HORSE_UNRESOLVED,NO_CANDIDATE_FOUND
rp_CUR_20260523_4.50,rp_CUR_coincidental_glory,HORSE_UNRESOLVED,NO_CANDIDATE_FOUND
rp_CUR_20260523_4.50,rp_CUR_unauthorized,HORSE_UNRESOLVED,NO_CANDIDATE_FOUND
rp_CUR_20260523_4.50,rp_CUR_seoul_force,HORSE_UNRESOLVED,NO_CANDIDATE_FOUND
rp_CUR_20260523_4.50,rp_CUR_quiet_mutiny,HORSE_UNRESOLVED,NO_CANDIDATE_FOUND
rp_CUR_20260523_4.50,rp_CUR_star_of_sapphire,HORSE_UNRESOLVED,NO_CANDIDATE_FOUND
rp_CUR_20260523_4.50,rp_CUR_morehampton,HORSE_UNRESOLVED,NO_CANDIDATE_FOUND
rp_CUR_20260523_4.50,rp_CUR_glitter_and_glory,HORSE_UNRESOLVED,NO_CANDIDATE_FOUND
rp_CUR_20260523_5.25,rp_CUR_dmaniac,HORSE_UNRESOLVED,NO_CANDIDATE_FOUND
rp_CUR_20260523_5.25,rp_CUR_bishopton,HORSE_UNRESOLVED,NO_CANDIDATE_FOUND
rp_CUR_20260523_5.25,rp_CUR_moltophino,HORSE_UNRESOLVED,NO_CANDIDATE_FOUND
rp_CUR_20260523_5.25,rp_CUR_sir_les_patterson,HORSE_UNRESOLVED,NO_CANDIDATE_FOUND
rp_CUR_20260523_5.25,rp_CUR_the_highway_rat,HORSE_UNRESOLVED,NO_CANDIDATE_FOUND
rp_CUR_20260523_5.25,rp_CUR_tina's_indian,HORSE_UNRESOLVED,NO_CANDIDATE_FOUND
rp_CUR_20260523_5.25,rp_CUR_unique_journey,HORSE_UNRESOLVED,NO_CANDIDATE_FOUND
rp_CUR_20260523_5.25,rp_CUR_bodhi_bear,HORSE_UNRESOLVED,NO_CANDIDATE_FOUND
rp_CUR_20260523_5.25,rp_CUR_genesis,HORSE_UNRESOLVED,NO_CANDIDATE_FOUND
rp_CUR_20260523_5.25,rp_CUR_barbapapa,HORSE_UNRESOLVED,NO_CANDIDATE_FOUND
rp_CUR_20260523_5.25,rp_CUR_gerrit's_gem,HORSE_UNRESOLVED,NO_CANDIDATE_FOUND
rp_CUR_20260523_5.25,rp_CUR_shadow_of_the_moon,HORSE_UNRESOLVED,NO_CANDIDATE_FOUND
rp_CUR_20260523_5.25,rp_CUR_i_bid_you_ajou,HORSE_UNRESOLVED,NO_CANDIDATE_FOUND
rp_CUR_20260523_5.55,rp_CUR_the_shandyman,HORSE_UNRESOLVED,NO_CANDIDATE_FOUND
rp_CUR_20260523_5.55,rp_CUR_will_you_stop,HORSE_UNRESOLVED,NO_CANDIDATE_FOUND
rp_CUR_20260523_5.55,rp_CUR_amethyst_stone,HORSE_UNRESOLVED,NO_CANDIDATE_FOUND
rp_CUR_20260523_5.55,rp_CUR_sakoku,HORSE_UNRESOLVED,NO_CANDIDATE_FOUND
rp_CUR_20260523_5.55,rp_CUR_echo_inferno,HORSE_UNRESOLVED,NO_CANDIDATE_FOUND
rp_CUR_20260523_5.55,rp_CUR_niobite,HORSE_UNRESOLVED,NO_CANDIDATE_FOUND
rp_CUR_20260523_5.55,rp_CUR_numantia,HORSE_UNRESOLVED,NO_CANDIDATE_FOUND
rp_CUR_20260523_5.55,rp_CUR_royal_bones,HORSE_UNRESOLVED,NO_CANDIDATE_FOUND
rp_CUR_20260523_5.55,rp_CUR_stabannon,HORSE_UNRESOLVED,NO_CANDIDATE_FOUND
rp_CUR_20260523_5.55,rp_CUR_vanir,HORSE_UNRESOLVED,NO_CANDIDATE_FOUND
rp_CUR_20260523_5.55,rp_CUR_walk_in_provence,HORSE_UNRESOLVED,NO_CANDIDATE_FOUND
rp_CUR_20260523_5.55,rp_CUR_glen_echo,HORSE_UNRESOLVED,NO_CANDIDATE_FOUND
rp_CUR_20260523_5.55,rp_CUR_matada,HORSE_UNRESOLVED,NO_CANDIDATE_FOUND
rp_CUR_20260523_5.55,rp_CUR_theorist,HORSE_UNRESOLVED,NO_CANDIDATE_FOUND
rp_GOO_20260523_1.25,rp_GOO_new_monarch,HORSE_UNRESOLVED,NO_CANDIDATE_FOUND
rp_GOO_20260523_1.25,rp_GOO_cool_molly,HORSE_UNRESOLVED,NO_CANDIDATE_FOUND
rp_GOO_20260523_1.25,rp_GOO_reciprocated,HORSE_UNRESOLVED,NO_CANDIDATE_FOUND
rp_GOO_20260523_1.25,rp_GOO_strength_of_spirit,HORSE_UNRESOLVED,NO_CANDIDATE_FOUND
rp_GOO_20260523_1.25,rp_GOO_shaman_champion,HORSE_UNRESOLVED,NO_CANDIDATE_FOUND
rp_GOO_20260523_1.25,rp_GOO_richie's_rocket,HORSE_UNRESOLVED,NO_CANDIDATE_FOUND
rp_GOO_20260523_1.25,rp_GOO_bone_marra,HORSE_UNRESOLVED,NO_CANDIDATE_FOUND
rp_GOO_20260523_1.25,rp_GOO_hilitany,HORSE_UNRESOLVED,NO_CANDIDATE_FOUND
rp_GOO_20260523_1.25,rp_GOO_hasbro_market,HORSE_UNRESOLVED,NO_CANDIDATE_FOUND
rp_GOO_20260523_1.25,rp_GOO_rogue_messiah,HORSE_UNRESOLVED,NO_CANDIDATE_FOUND
rp_GOO_20260523_1.25,rp_GOO_goodwood_galaxy,HORSE_UNRESOLVED,NO_CANDIDATE_FOUND
rp_GOO_20260523_2.00,rp_GOO_saxon_street,HORSE_UNRESOLVED,NO_CANDIDATE_FOUND
rp_GOO_20260523_2.00,rp_GOO_del_maro,HORSE_UNRESOLVED,NO_CANDIDATE_FOUND
rp_GOO_20260523_2.00,rp_GOO_command_the_stars,HORSE_UNRESOLVED,NO_CANDIDATE_FOUND
rp_GOO_20260523_2.00,rp_GOO_oratorical,HORSE_UNRESOLVED,NO_CANDIDATE_FOUND
rp_GOO_20260523_2.35,rp_GOO_coat_of_red,HORSE_UNRESOLVED,NO_CANDIDATE_FOUND
rp_GOO_20260523_2.35,rp_GOO_forever_faithfull,HORSE_UNRESOLVED,NO_CANDIDATE_FOUND
rp_GOO_20260523_2.35,rp_GOO_virtue_charity,HORSE_UNRESOLVED,NO_CANDIDATE_FOUND
rp_GOO_20260523_2.35,rp_GOO_yumuri,HORSE_UNRESOLVED,NO_CANDIDATE_FOUND
rp_GOO_20260523_2.35,rp_GOO_vesper_honey,HORSE_UNRESOLVED,NO_CANDIDATE_FOUND
rp_GOO_20260523_2.35,rp_GOO_beautiful_effort,HORSE_UNRESOLVED,NO_CANDIDATE_FOUND
rp_GOO_20260523_3.10,rp_GOO_brilliant_star,HORSE_UNRESOLVED,NO_CANDIDATE_FOUND
rp_GOO_20260523_3.10,rp_GOO_classic_cuvee,HORSE_UNRESOLVED,NO_CANDIDATE_FOUND
rp_GOO_20260523_3.10,rp_GOO_winged_one,HORSE_UNRESOLVED,NO_CANDIDATE_FOUND
rp_GOO_20260523_3.10,rp_GOO_della_pace,HORSE_UNRESOLVED,NO_CANDIDATE_FOUND
rp_GOO_20260523_3.10,rp_GOO_just_call_me_angel,HORSE_UNRESOLVED,NO_CANDIDATE_FOUND
rp_GOO_20260523_3.45,rp_GOO_triumph,HORSE_UNRESOLVED,NO_CANDIDATE_FOUND
rp_GOO_20260523_3.45,rp_GOO_kenkelly,HORSE_UNRESOLVED,NO_CANDIDATE_FOUND
rp_GOO_20260523_3.45,rp_GOO_cixi,HORSE_UNRESOLVED,NO_CANDIDATE_FOUND
rp_GOO_20260523_3.45,rp_GOO_evening_fades,HORSE_UNRESOLVED,NO_CANDIDATE_FOUND
rp_GOO_20260523_3.45,rp_GOO_lady_magu,HORSE_UNRESOLVED,NO_CANDIDATE_FOUND
rp_GOO_20260523_4.20,rp_GOO_finalise,HORSE_UNRESOLVED,NO_CANDIDATE_FOUND
rp_GOO_20260523_4.20,rp_GOO_too_soon,HORSE_UNRESOLVED,NO_CANDIDATE_FOUND
rp_GOO_20260523_4.20,rp_GOO_chilli_queen,HORSE_UNRESOLVED,NO_CANDIDATE_FOUND
rp_GOO_20260523_4.20,rp_GOO_hipop_de_loire,HORSE_UNRESOLVED,NO_CANDIDATE_FOUND
rp_GOO_20260523_4.20,rp_GOO_align_the_stars,HORSE_UNRESOLVED,NO_CANDIDATE_FOUND
rp_GOO_20260523_4.20,rp_GOO_moon_over_miami,HORSE_UNRESOLVED,NO_CANDIDATE_FOUND
rp_GOO_20260523_4.20,rp_GOO_dancingwithmyself,HORSE_UNRESOLVED,NO_CANDIDATE_FOUND
rp_GOO_20260523_4.20,rp_GOO_oneforthegutter,HORSE_UNRESOLVED,NO_CANDIDATE_FOUND
rp_GOO_20260523_4.20,rp_GOO_peaky_blinder,HORSE_UNRESOLVED,NO_CANDIDATE_FOUND
rp_GOO_20260523_4.55,rp_GOO_angel_numbers,HORSE_UNRESOLVED,NO_CANDIDATE_FOUND
rp_GOO_20260523_4.55,rp_GOO_campenaerts,HORSE_UNRESOLVED,NO_CANDIDATE_FOUND
rp_GOO_20260523_4.55,rp_GOO_dark_alley,HORSE_UNRESOLVED,NO_CANDIDATE_FOUND
rp_GOO_20260523_4.55,rp_GOO_london_is_blue,HORSE_UNRESOLVED,NO_CANDIDATE_FOUND
rp_GOO_20260523_4.55,rp_GOO_one_and_gone,HORSE_UNRESOLVED,NO_CANDIDATE_FOUND
rp_HAY_20260523_1.45,rp_HAY_friendly_soul,HORSE_UNRESOLVED,NO_CANDIDATE_FOUND
rp_HAY_20260523_1.45,rp_HAY_consecrated,HORSE_UNRESOLVED,NO_CANDIDATE_FOUND
rp_HAY_20260523_1.45,rp_HAY_noche_clasica,HORSE_UNRESOLVED,NO_CANDIDATE_FOUND
rp_HAY_20260523_1.45,rp_HAY_sand_gazelle,HORSE_UNRESOLVED,NO_CANDIDATE_FOUND
rp_HAY_20260523_1.45,rp_HAY_sparks_fly,HORSE_UNRESOLVED,NO_CANDIDATE_FOUND
rp_HAY_20260523_1.45,rp_HAY_cheshire_dancer,HORSE_UNRESOLVED,NO_CANDIDATE_FOUND
rp_HAY_20260523_1.45,rp_HAY_g,HORSE_UNRESOLVED,NO_CANDIDATE_FOUND
rp_HAY_20260523_2.20,rp_HAY_crest_of_fire,RACE_UNRESOLVED,NO_CANDIDATE_FOUND
rp_HAY_20260523_2.20,rp_HAY_blue_courvoisier,RACE_UNRESOLVED,NO_CANDIDATE_FOUND
rp_HAY_20260523_2.20,rp_HAY_jamestown,RACE_UNRESOLVED,NO_CANDIDATE_FOUND
rp_HAY_20260523_2.20,rp_HAY_laureate_crown,RACE_UNRESOLVED,NO_CANDIDATE_FOUND
rp_HAY_20260523_2.20,rp_HAY_sir_albert,RACE_UNRESOLVED,NO_CANDIDATE_FOUND
rp_HAY_20260523_2.20,rp_HAY_special_dividend,RACE_UNRESOLVED,NO_CANDIDATE_FOUND
rp_HAY_20260523_2.20,rp_HAY_suspended_sentence,RACE_UNRESOLVED,NO_CANDIDATE_FOUND
rp_HAY_20260523_2.20,rp_HAY_vincenzo_peruggia,RACE_UNRESOLVED,NO_CANDIDATE_FOUND
rp_HAY_20260523_2.20,rp_HAY_st_anton,RACE_UNRESOLVED,NO_CANDIDATE_FOUND
rp_HAY_20260523_2.20,rp_HAY_lighting_thunder,RACE_UNRESOLVED,NO_CANDIDATE_FOUND
rp_HAY_20260523_2.58,rp_HAY_spicy_marg,HORSE_UNRESOLVED,NO_CANDIDATE_FOUND
rp_HAY_20260523_2.58,rp_HAY_five_ways,HORSE_UNRESOLVED,NO_CANDIDATE_FOUND
rp_HAY_20260523_2.58,rp_HAY_aqpan,HORSE_UNRESOLVED,NO_CANDIDATE_FOUND
rp_HAY_20260523_2.58,rp_HAY_brussels,HORSE_UNRESOLVED,NO_CANDIDATE_FOUND
rp_HAY_20260523_2.58,rp_HAY_rock_on_thunder,HORSE_UNRESOLVED,NO_CANDIDATE_FOUND
rp_HAY_20260523_3.30,rp_HAY_jakajaro,HORSE_UNRESOLVED,NO_CANDIDATE_FOUND
rp_HAY_20260523_3.30,rp_HAY_shagraan,HORSE_UNRESOLVED,NO_CANDIDATE_FOUND
rp_HAY_20260523_3.30,rp_HAY_argentine_tango,HORSE_UNRESOLVED,NO_CANDIDATE_FOUND
rp_HAY_20260523_3.30,rp_HAY_khaadem,HORSE_UNRESOLVED,NO_CANDIDATE_FOUND
rp_HAY_20260523_3.30,rp_HAY_mgheera,HORSE_UNRESOLVED,NO_CANDIDATE_FOUND
rp_HAY_20260523_3.30,rp_HAY_getreadytorumble,HORSE_UNRESOLVED,NO_CANDIDATE_FOUND
rp_HAY_20260523_3.30,rp_HAY_jm_jungle,HORSE_UNRESOLVED,NO_CANDIDATE_FOUND
rp_HAY_20260523_3.30,rp_HAY_first_instinct,HORSE_UNRESOLVED,NO_CANDIDATE_FOUND
rp_HAY_20260523_3.30,rp_HAY_asfoora,HORSE_UNRESOLVED,NO_CANDIDATE_FOUND
rp_HAY_20260523_3.30,rp_HAY_frost_at_dawn,HORSE_UNRESOLVED,NO_CANDIDATE_FOUND
rp_HAY_20260523_4.05,rp_HAY_venezuelan,RACE_UNRESOLVED,NO_CANDIDATE_FOUND
rp_HAY_20260523_4.05,rp_HAY_hermetic,RACE_UNRESOLVED,NO_CANDIDATE_FOUND
rp_HAY_20260523_4.05,rp_HAY_prydwen,RACE_UNRESOLVED,NO_CANDIDATE_FOUND
rp_HAY_20260523_4.05,rp_HAY_almuhit,RACE_UNRESOLVED,NO_CANDIDATE_FOUND
rp_HAY_20260523_4.05,rp_HAY_pole_star,RACE_UNRESOLVED,NO_CANDIDATE_FOUND
rp_HAY_20260523_4.05,rp_HAY_tashkhan,RACE_UNRESOLVED,NO_CANDIDATE_FOUND
rp_HAY_20260523_4.05,rp_HAY_humble_spark,RACE_UNRESOLVED,NO_CANDIDATE_FOUND
rp_HAY_20260523_4.05,rp_HAY_yashin,RACE_UNRESOLVED,NO_CANDIDATE_FOUND
rp_HAY_20260523_4.05,rp_HAY_zinc_white,RACE_UNRESOLVED,NO_CANDIDATE_FOUND
rp_HAY_20260523_4.05,rp_HAY_premiere_ligne,RACE_UNRESOLVED,NO_CANDIDATE_FOUND
rp_HAY_20260523_4.05,rp_HAY_blazeon_five,RACE_UNRESOLVED,NO_CANDIDATE_FOUND
rp_HAY_20260523_4.05,rp_HAY_ouro_preto,RACE_UNRESOLVED,NO_CANDIDATE_FOUND
rp_HAY_20260523_4.40,rp_HAY_under_the_radar,HORSE_UNRESOLVED,NO_CANDIDATE_FOUND
rp_HAY_20260523_4.40,rp_HAY_yellow_diamonds,HORSE_UNRESOLVED,NO_CANDIDATE_FOUND
rp_HAY_20260523_4.40,rp_HAY_sands_of_josepi,HORSE_UNRESOLVED,NO_CANDIDATE_FOUND
rp_HAY_20260523_4.40,rp_HAY_burdett_estate,HORSE_UNRESOLVED,NO_CANDIDATE_FOUND
rp_HAY_20260523_5.15,rp_HAY_eternal_force,RACE_UNRESOLVED,NO_CANDIDATE_FOUND
rp_HAY_20260523_5.15,rp_HAY_stem,RACE_UNRESOLVED,NO_CANDIDATE_FOUND
rp_HAY_20260523_5.15,rp_HAY_hot_cash,RACE_UNRESOLVED,NO_CANDIDATE_FOUND
rp_HAY_20260523_5.15,rp_HAY_god_of_war,RACE_UNRESOLVED,NO_CANDIDATE_FOUND
rp_HAY_20260523_5.15,rp_HAY_bobby_bennu,RACE_UNRESOLVED,NO_CANDIDATE_FOUND
rp_HAY_20260523_5.15,rp_HAY_it'sneverjustone,RACE_UNRESOLVED,NO_CANDIDATE_FOUND
rp_HAY_20260523_5.15,rp_HAY_mr_swivell,RACE_UNRESOLVED,NO_CANDIDATE_FOUND
rp_HAY_20260523_5.15,rp_HAY_nizam,RACE_UNRESOLVED,NO_CANDIDATE_FOUND
rp_HAY_20260523_5.15,rp_HAY_padua,RACE_UNRESOLVED,NO_CANDIDATE_FOUND
rp_HAY_20260523_5.15,rp_HAY_star_anthem,RACE_UNRESOLVED,NO_CANDIDATE_FOUND
rp_HAY_20260523_5.15,rp_HAY_tilted_kilt,RACE_UNRESOLVED,NO_CANDIDATE_FOUND
rp_HAY_20260523_5.15,rp_HAY_maeva,RACE_UNRESOLVED,NO_CANDIDATE_FOUND
rp_HAY_20260523_5.15,rp_HAY_rhoscolyn,RACE_UNRESOLVED,NO_CANDIDATE_FOUND
rp_HAY_20260523_5.15,rp_HAY_ancient_rome,RACE_UNRESOLVED,NO_CANDIDATE_FOUND
rp_HAY_20260523_5.15,rp_HAY_miami_matrix,RACE_UNRESOLVED,NO_CANDIDATE_FOUND
rp_SAL_20260523_5.45,rp_SAL_my_maria,HORSE_UNRESOLVED,NO_CANDIDATE_FOUND
rp_SAL_20260523_5.45,rp_SAL_sonado,HORSE_UNRESOLVED,NO_CANDIDATE_FOUND
rp_SAL_20260523_5.45,rp_SAL_belardo_ace,HORSE_UNRESOLVED,NO_CANDIDATE_FOUND
rp_SAL_20260523_5.45,rp_SAL_courseyoudo,HORSE_UNRESOLVED,NO_CANDIDATE_FOUND
rp_SAL_20260523_5.45,rp_SAL_goldtrader,HORSE_UNRESOLVED,NO_CANDIDATE_FOUND
rp_SAL_20260523_5.45,rp_SAL_he's_readytorumble,HORSE_UNRESOLVED,NO_CANDIDATE_FOUND
rp_SAL_20260523_5.45,rp_SAL_seasail,HORSE_UNRESOLVED,NO_CANDIDATE_FOUND
rp_SAL_20260523_6.15,rp_SAL_great_dream,HORSE_UNRESOLVED,NO_CANDIDATE_FOUND
rp_SAL_20260523_6.15,rp_SAL_champagne_powder,HORSE_UNRESOLVED,NO_CANDIDATE_FOUND
rp_SAL_20260523_6.15,rp_SAL_kodi_fire,HORSE_UNRESOLVED,NO_CANDIDATE_FOUND
rp_SAL_20260523_6.15,rp_SAL_nakaaha,HORSE_UNRESOLVED,NO_CANDIDATE_FOUND
rp_SAL_20260523_6.15,rp_SAL_king's_vanity,HORSE_UNRESOLVED,NO_CANDIDATE_FOUND
rp_SAL_20260523_6.15,rp_SAL_silca_bay,HORSE_UNRESOLVED,NO_CANDIDATE_FOUND
rp_SAL_20260523_6.15,rp_SAL_tanmawwy,HORSE_UNRESOLVED,NO_CANDIDATE_FOUND
rp_SAL_20260523_6.45,rp_SAL_charlie_boyo,HORSE_UNRESOLVED,NO_CANDIDATE_FOUND
rp_SAL_20260523_6.45,rp_SAL_lucky_luna,HORSE_UNRESOLVED,NO_CANDIDATE_FOUND
rp_SAL_20260523_6.45,rp_SAL_fozzy_osbourne,HORSE_UNRESOLVED,NO_CANDIDATE_FOUND
rp_SAL_20260523_6.45,rp_SAL_imagine_that,HORSE_UNRESOLVED,NO_CANDIDATE_FOUND
rp_SAL_20260523_6.45,rp_SAL_sheik_yerbouti,HORSE_UNRESOLVED,NO_CANDIDATE_FOUND
rp_SAL_20260523_6.45,rp_SAL_whitesnake,HORSE_UNRESOLVED,NO_CANDIDATE_FOUND
rp_SAL_20260523_6.45,rp_SAL_red_moon,HORSE_UNRESOLVED,NO_CANDIDATE_FOUND
rp_SAL_20260523_6.45,rp_SAL_speransky,HORSE_UNRESOLVED,NO_CANDIDATE_FOUND
rp_SAL_20260523_6.45,rp_SAL_lady_v,HORSE_UNRESOLVED,NO_CANDIDATE_FOUND
rp_SAL_20260523_7.15,rp_SAL_oxted,HORSE_UNRESOLVED,NO_CANDIDATE_FOUND
rp_SAL_20260523_7.15,rp_SAL_cinque_verde,HORSE_UNRESOLVED,NO_CANDIDATE_FOUND
rp_SAL_20260523_7.15,rp_SAL_hollywood_treasure,HORSE_UNRESOLVED,NO_CANDIDATE_FOUND
rp_SAL_20260523_7.15,rp_SAL_prince_of_india,HORSE_UNRESOLVED,NO_CANDIDATE_FOUND
rp_SAL_20260523_7.15,rp_SAL_zoum_zoum,HORSE_UNRESOLVED,NO_CANDIDATE_FOUND
rp_SAL_20260523_7.15,rp_SAL_flash_harry,HORSE_UNRESOLVED,NO_CANDIDATE_FOUND
rp_SAL_20260523_7.15,rp_SAL_g,HORSE_UNRESOLVED,NO_CANDIDATE_FOUND
rp_SAL_20260523_7.15,rp_SAL_cool_hoof_luke,HORSE_UNRESOLVED,NO_CANDIDATE_FOUND
rp_SAL_20260523_7.45,rp_SAL_mojito,HORSE_UNRESOLVED,NO_CANDIDATE_FOUND
rp_SAL_20260523_7.45,rp_SAL_lovers_leap,HORSE_UNRESOLVED,NO_CANDIDATE_FOUND
rp_SAL_20260523_7.45,rp_SAL_archer's_grace,HORSE_UNRESOLVED,NO_CANDIDATE_FOUND
rp_SAL_20260523_7.45,rp_SAL_robert_anstruther,HORSE_UNRESOLVED,NO_CANDIDATE_FOUND
rp_SAL_20260523_7.45,rp_SAL_footstepinthewoods,HORSE_UNRESOLVED,NO_CANDIDATE_FOUND
rp_SAL_20260523_7.45,rp_SAL_jackabi,HORSE_UNRESOLVED,NO_CANDIDATE_FOUND
rp_SAL_20260523_7.45,rp_SAL_grimese's_special,HORSE_UNRESOLVED,NO_CANDIDATE_FOUND
rp_SAL_20260523_7.45,rp_SAL_speculative,HORSE_UNRESOLVED,NO_CANDIDATE_FOUND
rp_SAL_20260523_8.15,rp_SAL_bnaider,HORSE_UNRESOLVED,NO_CANDIDATE_FOUND
rp_SAL_20260523_8.15,rp_SAL_fahidi,HORSE_UNRESOLVED,NO_CANDIDATE_FOUND
rp_SAL_20260523_8.15,rp_SAL_semper_femina,HORSE_UNRESOLVED,NO_CANDIDATE_FOUND
rp_SAL_20260523_8.15,rp_SAL_melody_de_vega,HORSE_UNRESOLVED,NO_CANDIDATE_FOUND
rp_SAL_20260523_8.15,rp_SAL_miss_pretty,HORSE_UNRESOLVED,NO_CANDIDATE_FOUND
rp_SAL_20260523_8.15,rp_SAL_too_hot_to_tango,HORSE_UNRESOLVED,NO_CANDIDATE_FOUND
rp_SAL_20260523_8.15,rp_SAL_tough_date,HORSE_UNRESOLVED,NO_CANDIDATE_FOUND
rp_SAL_20260523_8.45,rp_SAL_cinammon_coco,HORSE_UNRESOLVED,NO_CANDIDATE_FOUND
rp_SAL_20260523_8.45,rp_SAL_one_million_dreams,HORSE_UNRESOLVED,NO_CANDIDATE_FOUND
rp_SAL_20260523_8.45,rp_SAL_first_officer,HORSE_UNRESOLVED,NO_CANDIDATE_FOUND
rp_SAL_20260523_8.45,rp_SAL_shayhana,HORSE_UNRESOLVED,NO_CANDIDATE_FOUND
rp_SAL_20260523_8.45,rp_SAL_trojan_storm,HORSE_UNRESOLVED,NO_CANDIDATE_FOUND
rp_SAL_20260523_8.45,rp_SAL_too_farhh_gone,HORSE_UNRESOLVED,NO_CANDIDATE_FOUND
rp_WDR_20260523_4.57,rp_WDR_moonhall_lass,HORSE_UNRESOLVED,NO_CANDIDATE_FOUND
rp_WDR_20260523_4.57,rp_WDR_insuspense,HORSE_UNRESOLVED,NO_CANDIDATE_FOUND
rp_WDR_20260523_4.57,rp_WDR_monsieur_patat,HORSE_UNRESOLVED,NO_CANDIDATE_FOUND
rp_WDR_20260523_4.57,rp_WDR_danger_alert,HORSE_UNRESOLVED,NO_CANDIDATE_FOUND
rp_WDR_20260523_4.57,rp_WDR_just_jump,HORSE_UNRESOLVED,NO_CANDIDATE_FOUND
rp_WDR_20260523_4.57,rp_WDR_outer_edge,HORSE_UNRESOLVED,NO_CANDIDATE_FOUND
rp_WDR_20260523_4.57,rp_WDR_riot,HORSE_UNRESOLVED,NO_CANDIDATE_FOUND
rp_WDR_20260523_4.57,rp_WDR_roman_spring,HORSE_UNRESOLVED,NO_CANDIDATE_FOUND
rp_WDR_20260523_4.57,rp_WDR_sub_thirteen,HORSE_UNRESOLVED,NO_CANDIDATE_FOUND
rp_WDR_20260523_4.57,rp_WDR_alashos,HORSE_UNRESOLVED,NO_CANDIDATE_FOUND
rp_WDR_20260523_4.57,rp_WDR_clasina,HORSE_UNRESOLVED,NO_CANDIDATE_FOUND
rp_WDR_20260523_4.57,rp_WDR_capote's_dream,HORSE_UNRESOLVED,NO_CANDIDATE_FOUND
rp_WDR_20260523_5.30,rp_WDR_greek_street,HORSE_UNRESOLVED,NO_CANDIDATE_FOUND
rp_WDR_20260523_5.30,rp_WDR_empire_rising,HORSE_UNRESOLVED,NO_CANDIDATE_FOUND
rp_WDR_20260523_5.30,rp_WDR_printing_money,HORSE_UNRESOLVED,NO_CANDIDATE_FOUND
rp_WDR_20260523_5.30,rp_WDR_bated_benevolence,HORSE_UNRESOLVED,NO_CANDIDATE_FOUND
rp_WDR_20260523_5.30,rp_WDR_beach_ahead,HORSE_UNRESOLVED,NO_CANDIDATE_FOUND
rp_WDR_20260523_5.30,rp_WDR_emerald_bay,HORSE_UNRESOLVED,NO_CANDIDATE_FOUND
rp_WDR_20260523_5.30,rp_WDR_harriet_vane,HORSE_UNRESOLVED,NO_CANDIDATE_FOUND
rp_WDR_20260523_5.30,rp_WDR_it's_a_dream,HORSE_UNRESOLVED,NO_CANDIDATE_FOUND
rp_WDR_20260523_5.30,rp_WDR_lord_ragnar,HORSE_UNRESOLVED,NO_CANDIDATE_FOUND
rp_WDR_20260523_5.30,rp_WDR_woodhay_wayfarer,HORSE_UNRESOLVED,NO_CANDIDATE_FOUND
rp_WDR_20260523_6.00,rp_WDR_my_normandie,HORSE_UNRESOLVED,NO_CANDIDATE_FOUND
rp_WDR_20260523_6.00,rp_WDR_patronise,HORSE_UNRESOLVED,NO_CANDIDATE_FOUND
rp_WDR_20260523_6.00,rp_WDR_perigord_noir,HORSE_UNRESOLVED,NO_CANDIDATE_FOUND
rp_WDR_20260523_6.00,rp_WDR_one_in_a_millz,HORSE_UNRESOLVED,NO_CANDIDATE_FOUND
rp_WDR_20260523_6.00,rp_WDR_pride's_queen,HORSE_UNRESOLVED,NO_CANDIDATE_FOUND
rp_WDR_20260523_6.00,rp_WDR_rex_regum,HORSE_UNRESOLVED,NO_CANDIDATE_FOUND
rp_WDR_20260523_6.00,rp_WDR_sparkling_jem,HORSE_UNRESOLVED,NO_CANDIDATE_FOUND
rp_WDR_20260523_6.00,rp_WDR_ventura_power,HORSE_UNRESOLVED,NO_CANDIDATE_FOUND
rp_WDR_20260523_6.00,rp_WDR_harry's_pop,HORSE_UNRESOLVED,NO_CANDIDATE_FOUND
rp_WDR_20260523_7.30,rp_WDR_scenario,HORSE_UNRESOLVED,NO_CANDIDATE_FOUND
rp_WDR_20260523_7.30,rp_WDR_monks_mead,HORSE_UNRESOLVED,NO_CANDIDATE_FOUND
rp_WDR_20260523_7.30,rp_WDR_fighting_queen,HORSE_UNRESOLVED,NO_CANDIDATE_FOUND
rp_WDR_20260523_7.30,rp_WDR_liberty_bird,HORSE_UNRESOLVED,NO_CANDIDATE_FOUND
rp_WDR_20260523_7.30,rp_WDR_majestic_leo,HORSE_UNRESOLVED,NO_CANDIDATE_FOUND
rp_WDR_20260523_7.30,rp_WDR_port_noir,HORSE_UNRESOLVED,NO_CANDIDATE_FOUND
rp_WDR_20260523_7.30,rp_WDR_masqool,HORSE_UNRESOLVED,NO_CANDIDATE_FOUND
rp_WDR_20260523_7.30,rp_WDR_twilight_guest,HORSE_UNRESOLVED,NO_CANDIDATE_FOUND
rp_WDR_20260523_7.30,rp_WDR_judge_frank,HORSE_UNRESOLVED,NO_CANDIDATE_FOUND
rp_WDR_20260523_7.30,rp_WDR_read_all_about_it,HORSE_UNRESOLVED,NO_CANDIDATE_FOUND
rp_WDR_20260523_7.30,rp_WDR_naughty_niall,HORSE_UNRESOLVED,NO_CANDIDATE_FOUND
rp_WDR_20260523_7.30,rp_WDR_night_bear,HORSE_UNRESOLVED,NO_CANDIDATE_FOUND
rp_WDR_20260523_6.30,rp_WDR_blue_jammin,HORSE_UNRESOLVED,NO_CANDIDATE_FOUND
rp_WDR_20260523_6.30,rp_WDR_eyes_front,HORSE_UNRESOLVED,NO_CANDIDATE_FOUND
rp_WDR_20260523_6.30,rp_WDR_miss_starlet,HORSE_UNRESOLVED,NO_CANDIDATE_FOUND
rp_WDR_20260523_6.30,rp_WDR_thomas_picton,HORSE_UNRESOLVED,NO_CANDIDATE_FOUND
rp_WDR_20260523_6.30,rp_WDR_norfolk_blue,HORSE_UNRESOLVED,NO_CANDIDATE_FOUND
rp_WDR_20260523_7.00,rp_WDR_sargent_dennis,HORSE_UNRESOLVED,NO_CANDIDATE_FOUND
rp_WDR_20260523_7.00,rp_WDR_alkuwarrior,HORSE_UNRESOLVED,NO_CANDIDATE_FOUND
rp_WDR_20260523_7.00,rp_WDR_ecclefechan,HORSE_UNRESOLVED,NO_CANDIDATE_FOUND
rp_WDR_20260523_7.00,rp_WDR_firewalker,HORSE_UNRESOLVED,NO_CANDIDATE_FOUND
rp_WDR_20260523_7.00,rp_WDR_generous_rascal,HORSE_UNRESOLVED,NO_CANDIDATE_FOUND
rp_WDR_20260523_7.00,rp_WDR_kesta,HORSE_UNRESOLVED,NO_CANDIDATE_FOUND
rp_WDR_20260523_7.00,rp_WDR_powder_monkey,HORSE_UNRESOLVED,NO_CANDIDATE_FOUND
rp_WDR_20260523_7.00,rp_WDR_romantic_twilight,HORSE_UNRESOLVED,NO_CANDIDATE_FOUND
rp_WDR_20260523_7.00,rp_WDR_up_the_agenda,HORSE_UNRESOLVED,NO_CANDIDATE_FOUND
918955,5383846,HORSE_UNRESOLVED,NO_CANDIDATE_FOUND
918955,2456719,HORSE_UNRESOLVED,NO_CANDIDATE_FOUND
918955,5349553,HORSE_UNRESOLVED,NO_CANDIDATE_FOUND
918955,3757027,HORSE_UNRESOLVED,NO_CANDIDATE_FOUND
rp_WDR_20260523_8.00,rp_WDR_valkyrie_storm,HORSE_UNRESOLVED,NO_CANDIDATE_FOUND
rp_WDR_20260523_8.00,rp_WDR_jakarta,HORSE_UNRESOLVED,NO_CANDIDATE_FOUND
rp_WDR_20260523_8.00,rp_WDR_summer_in_paris,HORSE_UNRESOLVED,NO_CANDIDATE_FOUND
rp_WDR_20260523_8.00,rp_WDR_naana's_crystal,HORSE_UNRESOLVED,NO_CANDIDATE_FOUND
rp_WDR_20260523_8.30,rp_WDR_von_dutch,HORSE_UNRESOLVED,NO_CANDIDATE_FOUND
rp_WDR_20260523_8.30,rp_WDR_keep_it_classic,HORSE_UNRESOLVED,NO_CANDIDATE_FOUND
rp_WDR_20260523_8.30,rp_WDR_dream_of_ithaca,HORSE_UNRESOLVED,NO_CANDIDATE_FOUND
rp_WDR_20260523_8.30,rp_WDR_action_reaction,HORSE_UNRESOLVED,NO_CANDIDATE_FOUND
rp_WDR_20260523_8.30,rp_WDR_midnight_media,HORSE_UNRESOLVED,NO_CANDIDATE_FOUND
rp_WDR_20260523_8.30,rp_WDR_n'ion,HORSE_UNRESOLVED,NO_CANDIDATE_FOUND
rp_WDR_20260523_8.30,rp_WDR_naranka,HORSE_UNRESOLVED,NO_CANDIDATE_FOUND
rp_WDR_20260523_8.30,rp_WDR_shirakawa,HORSE_UNRESOLVED,NO_CANDIDATE_FOUND
rp_YOR_20260523_1.30,rp_YOR_al_hussar,HORSE_UNRESOLVED,NO_CANDIDATE_FOUND
rp_YOR_20260523_1.30,rp_YOR_almarada_prince,HORSE_UNRESOLVED,NO_CANDIDATE_FOUND
rp_YOR_20260523_1.30,rp_YOR_blind_beggar,HORSE_UNRESOLVED,NO_CANDIDATE_FOUND
rp_YOR_20260523_1.30,rp_YOR_dakota_gold,HORSE_UNRESOLVED,NO_CANDIDATE_FOUND
rp_YOR_20260523_1.30,rp_YOR_fortamour,HORSE_UNRESOLVED,NO_CANDIDATE_FOUND
rp_YOR_20260523_1.30,rp_YOR_intervention,HORSE_UNRESOLVED,NO_CANDIDATE_FOUND
rp_YOR_20260523_1.30,rp_YOR_jenever,HORSE_UNRESOLVED,NO_CANDIDATE_FOUND
rp_YOR_20260523_1.30,rp_YOR_kats_bob,HORSE_UNRESOLVED,NO_CANDIDATE_FOUND
rp_YOR_20260523_1.30,rp_YOR_mae_amor,HORSE_UNRESOLVED,NO_CANDIDATE_FOUND
rp_YOR_20260523_1.30,rp_YOR_miraculous,HORSE_UNRESOLVED,NO_CANDIDATE_FOUND
rp_YOR_20260523_1.30,rp_YOR_orne,HORSE_UNRESOLVED,NO_CANDIDATE_FOUND
rp_YOR_20260523_1.30,rp_YOR_papa_cocktail,HORSE_UNRESOLVED,NO_CANDIDATE_FOUND
rp_YOR_20260523_1.30,rp_YOR_tiriac,HORSE_UNRESOLVED,NO_CANDIDATE_FOUND
rp_YOR_20260523_1.30,rp_YOR_an_outlaw's_grace,HORSE_UNRESOLVED,NO_CANDIDATE_FOUND
rp_YOR_20260523_1.30,rp_YOR_beattie_is_back,HORSE_UNRESOLVED,NO_CANDIDATE_FOUND
rp_YOR_20260523_1.30,rp_YOR_el_bufalo,HORSE_UNRESOLVED,NO_CANDIDATE_FOUND
rp_YOR_20260523_2.05,rp_YOR_cuban_heels,HORSE_UNRESOLVED,NO_CANDIDATE_FOUND
rp_YOR_20260523_2.05,rp_YOR_turnstile,HORSE_UNRESOLVED,NO_CANDIDATE_FOUND
rp_YOR_20260523_2.05,rp_YOR_lake_muritz,HORSE_UNRESOLVED,NO_CANDIDATE_FOUND
rp_YOR_20260523_2.05,rp_YOR_ubetawatchout,HORSE_UNRESOLVED,NO_CANDIDATE_FOUND
rp_YOR_20260523_2.05,rp_YOR_ponte_carlo,HORSE_UNRESOLVED,NO_CANDIDATE_FOUND
rp_YOR_20260523_2.40,rp_YOR_air_force_one,HORSE_UNRESOLVED,NO_CANDIDATE_FOUND
rp_YOR_20260523_2.40,rp_YOR_alvin,HORSE_UNRESOLVED,NO_CANDIDATE_FOUND
rp_YOR_20260523_2.40,rp_YOR_elegant_erin,HORSE_UNRESOLVED,NO_CANDIDATE_FOUND
rp_YOR_20260523_2.40,rp_YOR_francisco's_piece,HORSE_UNRESOLVED,NO_CANDIDATE_FOUND
rp_YOR_20260523_2.40,rp_YOR_master_of_my_fate,HORSE_UNRESOLVED,NO_CANDIDATE_FOUND
rp_YOR_20260523_2.40,rp_YOR_pilgrim,HORSE_UNRESOLVED,NO_CANDIDATE_FOUND
rp_YOR_20260523_2.40,rp_YOR_reigning_profit,HORSE_UNRESOLVED,NO_CANDIDATE_FOUND
rp_YOR_20260523_2.40,rp_YOR_spoof,HORSE_UNRESOLVED,NO_CANDIDATE_FOUND
rp_YOR_20260523_2.40,rp_YOR_sports_coach,HORSE_UNRESOLVED,NO_CANDIDATE_FOUND
rp_YOR_20260523_2.40,rp_YOR_squealer,HORSE_UNRESOLVED,NO_CANDIDATE_FOUND
rp_YOR_20260523_2.40,rp_YOR_temple_of_athena,HORSE_UNRESOLVED,NO_CANDIDATE_FOUND
rp_YOR_20260523_2.40,rp_YOR_vantheman,HORSE_UNRESOLVED,NO_CANDIDATE_FOUND
rp_YOR_20260523_2.40,rp_YOR_vintage_clarets,HORSE_UNRESOLVED,NO_CANDIDATE_FOUND
rp_YOR_20260523_2.40,rp_YOR_we_never_stop,HORSE_UNRESOLVED,NO_CANDIDATE_FOUND
rp_YOR_20260523_2.40,rp_YOR_ziggy's_triton,HORSE_UNRESOLVED,NO_CANDIDATE_FOUND
rp_YOR_20260523_2.40,rp_YOR_lethal_nymph,HORSE_UNRESOLVED,NO_CANDIDATE_FOUND
rp_YOR_20260523_3.15,rp_YOR_rock_n_roll_pinkie,HORSE_UNRESOLVED,NO_CANDIDATE_FOUND
rp_YOR_20260523_3.15,rp_YOR_lava_stream,HORSE_UNRESOLVED,NO_CANDIDATE_FOUND
rp_YOR_20260523_3.15,rp_YOR_desert_spring,HORSE_UNRESOLVED,NO_CANDIDATE_FOUND
rp_YOR_20260523_3.15,rp_YOR_tamam_desert,HORSE_UNRESOLVED,NO_CANDIDATE_FOUND
rp_YOR_20260523_3.15,rp_YOR_miss_wong,HORSE_UNRESOLVED,NO_CANDIDATE_FOUND
rp_YOR_20260523_3.50,rp_YOR_harswell_angel,HORSE_UNRESOLVED,NO_CANDIDATE_FOUND
rp_YOR_20260523_3.50,rp_YOR_record_day,HORSE_UNRESOLVED,NO_CANDIDATE_FOUND
rp_YOR_20260523_3.50,rp_YOR_the_resdev_scholar,HORSE_UNRESOLVED,NO_CANDIDATE_FOUND
rp_YOR_20260523_3.50,rp_YOR_try_storm_cat,HORSE_UNRESOLVED,NO_CANDIDATE_FOUND
rp_YOR_20260523_3.50,rp_YOR_ubetterseethis,HORSE_UNRESOLVED,NO_CANDIDATE_FOUND
rp_YOR_20260523_3.50,rp_YOR_stellar_vision,HORSE_UNRESOLVED,NO_CANDIDATE_FOUND
rp_YOR_20260523_3.50,rp_YOR_kanishka,HORSE_UNRESOLVED,NO_CANDIDATE_FOUND
rp_YOR_20260523_3.50,rp_YOR_pints_in_peace,HORSE_UNRESOLVED,NO_CANDIDATE_FOUND
rp_YOR_20260523_3.50,rp_YOR_nanoscience,HORSE_UNRESOLVED,NO_CANDIDATE_FOUND
rp_YOR_20260523_3.50,rp_YOR_cotai_eye_joe,HORSE_UNRESOLVED,NO_CANDIDATE_FOUND
rp_YOR_20260523_3.50,rp_YOR_sporting_light,HORSE_UNRESOLVED,NO_CANDIDATE_FOUND
rp_YOR_20260523_4.25,rp_YOR_bridge_of_eagles,HORSE_UNRESOLVED,NO_CANDIDATE_FOUND
rp_YOR_20260523_4.25,rp_YOR_moment_of_light,HORSE_UNRESOLVED,NO_CANDIDATE_FOUND
rp_YOR_20260523_4.25,rp_YOR_mr_seagull,HORSE_UNRESOLVED,NO_CANDIDATE_FOUND
rp_YOR_20260523_4.25,rp_YOR_northern_brave,HORSE_UNRESOLVED,NO_CANDIDATE_FOUND
rp_YOR_20260523_4.25,rp_YOR_alba_gu_brath,HORSE_UNRESOLVED,NO_CANDIDATE_FOUND
rp_YOR_20260523_4.25,rp_YOR_simon_pierre,HORSE_UNRESOLVED,NO_CANDIDATE_FOUND
rp_YOR_20260523_5.00,rp_YOR_documenting,HORSE_UNRESOLVED,NO_CANDIDATE_FOUND
rp_YOR_20260523_5.00,rp_YOR_havana_prince,HORSE_UNRESOLVED,NO_CANDIDATE_FOUND
rp_YOR_20260523_5.00,rp_YOR_it_just_takes_time,HORSE_UNRESOLVED,NO_CANDIDATE_FOUND
rp_YOR_20260523_5.00,rp_YOR_lady_mariko,HORSE_UNRESOLVED,NO_CANDIDATE_FOUND
rp_YOR_20260523_5.00,rp_YOR_leadman,HORSE_UNRESOLVED,NO_CANDIDATE_FOUND
rp_YOR_20260523_5.00,rp_YOR_mereside_diva,HORSE_UNRESOLVED,NO_CANDIDATE_FOUND
rp_YOR_20260523_5.00,rp_YOR_paladin,HORSE_UNRESOLVED,NO_CANDIDATE_FOUND
rp_YOR_20260523_5.00,rp_YOR_rascal_recknell,HORSE_UNRESOLVED,NO_CANDIDATE_FOUND
rp_YOR_20260523_5.00,rp_YOR_jersey_maverick,HORSE_UNRESOLVED,NO_CANDIDATE_FOUND
rp_YOR_20260523_5.00,rp_YOR_modern_times,HORSE_UNRESOLVED,NO_CANDIDATE_FOUND
rp_YOR_20260523_5.00,rp_YOR_follow_your_heart,HORSE_UNRESOLVED,NO_CANDIDATE_FOUND
rp_YOR_20260523_5.00,rp_YOR_silver_trumpet,HORSE_UNRESOLVED,NO_CANDIDATE_FOUND
rp_YOR_20260523_5.00,rp_YOR_commander_of_life,HORSE_UNRESOLVED,NO_CANDIDATE_FOUND
rp_YOR_20260523_5.00,rp_YOR_highfield_viking,HORSE_UNRESOLVED,NO_CANDIDATE_FOUND
rp_YOR_20260523_5.00,rp_YOR_pulsar_star,HORSE_UNRESOLVED,NO_CANDIDATE_FOUND
rp_YOR_20260523_5.00,rp_YOR_bloodsweatandtyres,HORSE_UNRESOLVED,NO_CANDIDATE_FOUND
rp_YOR_20260523_5.00,rp_YOR_feel_the_need,HORSE_UNRESOLVED,NO_CANDIDATE_FOUND
rp_CUR_20260524_1.45,rp_CUR_lady_patrona,HORSE_UNRESOLVED,NO_CANDIDATE_FOUND
rp_CUR_20260524_1.45,rp_CUR_snowing,HORSE_UNRESOLVED,NO_CANDIDATE_FOUND
rp_CUR_20260524_1.45,rp_CUR_lan_de_ghaire,HORSE_UNRESOLVED,NO_CANDIDATE_FOUND
rp_CUR_20260524_1.45,rp_CUR_amsterdam's_law,HORSE_UNRESOLVED,NO_CANDIDATE_FOUND
rp_CUR_20260524_1.45,rp_CUR_pala_aurelia,HORSE_UNRESOLVED,NO_CANDIDATE_FOUND
rp_CUR_20260524_1.45,rp_CUR_akari,HORSE_UNRESOLVED,NO_CANDIDATE_FOUND
rp_CUR_20260524_2.15,rp_CUR_edward_thatch,HORSE_UNRESOLVED,NO_CANDIDATE_FOUND
rp_CUR_20260524_2.15,rp_CUR_immortal_guard,HORSE_UNRESOLVED,NO_CANDIDATE_FOUND
rp_CUR_20260524_2.15,rp_CUR_lars_soldier,HORSE_UNRESOLVED,NO_CANDIDATE_FOUND
rp_CUR_20260524_2.15,rp_CUR_otherworldly,HORSE_UNRESOLVED,NO_CANDIDATE_FOUND
rp_CUR_20260524_2.15,rp_CUR_alaskan_bear,HORSE_UNRESOLVED,NO_CANDIDATE_FOUND
rp_CUR_20260524_2.15,rp_CUR_brazilian_diva,HORSE_UNRESOLVED,NO_CANDIDATE_FOUND
rp_CUR_20260524_3.20,rp_CUR_jancis,HORSE_UNRESOLVED,NO_CANDIDATE_FOUND
rp_CUR_20260524_3.20,rp_CUR_celestial_orbit,HORSE_UNRESOLVED,NO_CANDIDATE_FOUND
rp_CUR_20260524_3.20,rp_CUR_sindria,HORSE_UNRESOLVED,NO_CANDIDATE_FOUND
rp_CUR_20260524_3.20,rp_CUR_one_look,HORSE_UNRESOLVED,NO_CANDIDATE_FOUND
rp_CUR_20260524_3.20,rp_CUR_princess_child,HORSE_UNRESOLVED,NO_CANDIDATE_FOUND
rp_CUR_20260524_3.20,rp_CUR_california_dreamer,HORSE_UNRESOLVED,NO_CANDIDATE_FOUND
rp_CUR_20260524_3.20,rp_CUR_quebec,HORSE_UNRESOLVED,NO_CANDIDATE_FOUND
rp_CUR_20260524_3.20,rp_CUR_g,HORSE_UNRESOLVED,NO_CANDIDATE_FOUND
rp_CUR_20260524_2.45,rp_CUR_white_sand_beach,HORSE_UNRESOLVED,NO_CANDIDATE_FOUND
rp_CUR_20260524_2.45,rp_CUR_mayflower,HORSE_UNRESOLVED,NO_CANDIDATE_FOUND
rp_CUR_20260524_2.45,rp_CUR_expert_dancer,HORSE_UNRESOLVED,NO_CANDIDATE_FOUND
rp_CUR_20260524_2.45,rp_CUR_glamazon,HORSE_UNRESOLVED,NO_CANDIDATE_FOUND
rp_CUR_20260524_2.45,rp_CUR_goomah,HORSE_UNRESOLVED,NO_CANDIDATE_FOUND
rp_CUR_20260524_2.45,rp_CUR_liberation_date,HORSE_UNRESOLVED,NO_CANDIDATE_FOUND
rp_CUR_20260524_2.45,rp_CUR_stars_will_shine,HORSE_UNRESOLVED,NO_CANDIDATE_FOUND
rp_CUR_20260524_2.45,rp_CUR_prevalence,HORSE_UNRESOLVED,NO_CANDIDATE_FOUND
rp_CUR_20260524_2.45,rp_CUR_cherry_hill_girl,HORSE_UNRESOLVED,NO_CANDIDATE_FOUND
rp_CUR_20260524_3.55,rp_CUR_saddadd,HORSE_UNRESOLVED,NO_CANDIDATE_FOUND
rp_CUR_20260524_3.55,rp_CUR_royal_rhyme,HORSE_UNRESOLVED,NO_CANDIDATE_FOUND
rp_CUR_20260524_3.55,rp_CUR_tiberius_thunder,HORSE_UNRESOLVED,NO_CANDIDATE_FOUND
rp_CUR_20260524_3.55,rp_CUR_green_impact,HORSE_UNRESOLVED,NO_CANDIDATE_FOUND
rp_CUR_20260524_3.55,rp_CUR_edward_hamilton,HORSE_UNRESOLVED,NO_CANDIDATE_FOUND
rp_CUR_20260524_3.55,rp_CUR_minnie_hauk,HORSE_UNRESOLVED,NO_CANDIDATE_FOUND
rp_CUR_20260524_4.30,rp_CUR_beautify,HORSE_UNRESOLVED,NO_CANDIDATE_FOUND
rp_CUR_20260524_4.30,rp_CUR_kensington_lane,HORSE_UNRESOLVED,NO_CANDIDATE_FOUND
rp_CUR_20260524_4.30,rp_CUR_pivotal_attack,HORSE_UNRESOLVED,NO_CANDIDATE_FOUND
rp_CUR_20260524_4.30,rp_CUR_sinmara,HORSE_UNRESOLVED,NO_CANDIDATE_FOUND
rp_CUR_20260524_4.30,rp_CUR_black_caviar_gold,HORSE_UNRESOLVED,NO_CANDIDATE_FOUND
rp_CUR_20260524_4.30,rp_CUR_magny_cours,HORSE_UNRESOLVED,NO_CANDIDATE_FOUND
rp_CUR_20260524_4.30,rp_CUR_america_queen,HORSE_UNRESOLVED,NO_CANDIDATE_FOUND
rp_CUR_20260524_5.05,rp_CUR_spanish_temptress,HORSE_UNRESOLVED,NO_CANDIDATE_FOUND
rp_CUR_20260524_5.05,rp_CUR_highbury_see_see,HORSE_UNRESOLVED,NO_CANDIDATE_FOUND
rp_CUR_20260524_5.05,rp_CUR_banner_beauty,HORSE_UNRESOLVED,NO_CANDIDATE_FOUND
rp_CUR_20260524_5.05,rp_CUR_blues_emperor,HORSE_UNRESOLVED,NO_CANDIDATE_FOUND
rp_CUR_20260524_5.05,rp_CUR_grecian_power,HORSE_UNRESOLVED,NO_CANDIDATE_FOUND
rp_CUR_20260524_5.05,rp_CUR_java_wood,HORSE_UNRESOLVED,NO_CANDIDATE_FOUND
rp_CUR_20260524_5.05,rp_CUR_merlin_the_wizard,HORSE_UNRESOLVED,NO_CANDIDATE_FOUND
rp_CUR_20260524_5.05,rp_CUR_neo_smart,HORSE_UNRESOLVED,NO_CANDIDATE_FOUND
rp_CUR_20260524_5.05,rp_CUR_summer_snow,HORSE_UNRESOLVED,NO_CANDIDATE_FOUND
rp_CUR_20260524_5.05,rp_CUR_liberate,HORSE_UNRESOLVED,NO_CANDIDATE_FOUND
rp_CUR_20260524_5.05,rp_CUR_albion_power,HORSE_UNRESOLVED,NO_CANDIDATE_FOUND
rp_CUR_20260524_5.40,rp_CUR_reverend_hubert,HORSE_UNRESOLVED,NO_CANDIDATE_FOUND
rp_CUR_20260524_5.40,rp_CUR_come_on_the_lads,HORSE_UNRESOLVED,NO_CANDIDATE_FOUND
rp_CUR_20260524_5.40,rp_CUR_whimsy,HORSE_UNRESOLVED,NO_CANDIDATE_FOUND
rp_CUR_20260524_5.40,rp_CUR_highwind,HORSE_UNRESOLVED,NO_CANDIDATE_FOUND
rp_CUR_20260524_5.40,rp_CUR_granite_bay,HORSE_UNRESOLVED,NO_CANDIDATE_FOUND
rp_CUR_20260524_5.40,rp_CUR_genoah,HORSE_UNRESOLVED,NO_CANDIDATE_FOUND
rp_CUR_20260524_5.40,rp_CUR_maeve_brennan,HORSE_UNRESOLVED,NO_CANDIDATE_FOUND
rp_CUR_20260524_5.40,rp_CUR_lark_in_the_mornin,HORSE_UNRESOLVED,NO_CANDIDATE_FOUND
rp_CUR_20260524_5.40,rp_CUR_pavilion_end,HORSE_UNRESOLVED,NO_CANDIDATE_FOUND
rp_CUR_20260524_5.40,rp_CUR_ragmans_corner,HORSE_UNRESOLVED,NO_CANDIDATE_FOUND
rp_CUR_20260524_5.40,rp_CUR_robbies_rock,HORSE_UNRESOLVED,NO_CANDIDATE_FOUND
rp_CUR_20260524_5.40,rp_CUR_sea_coral,HORSE_UNRESOLVED,NO_CANDIDATE_FOUND
rp_CUR_20260524_5.40,rp_CUR_spanish_john,HORSE_UNRESOLVED,NO_CANDIDATE_FOUND
rp_CUR_20260524_5.40,rp_CUR_steps_in_the_sand,HORSE_UNRESOLVED,NO_CANDIDATE_FOUND
rp_CUR_20260524_5.40,rp_CUR_trubshaw,HORSE_UNRESOLVED,NO_CANDIDATE_FOUND
rp_CUR_20260524_5.40,rp_CUR_kool_one,HORSE_UNRESOLVED,NO_CANDIDATE_FOUND
rp_FON_20260524_2.00,rp_FON_handmedownastar,RACE_UNRESOLVED,NO_CANDIDATE_FOUND
rp_FON_20260524_2.00,rp_FON_flash_man,RACE_UNRESOLVED,NO_CANDIDATE_FOUND
rp_FON_20260524_2.00,rp_FON_snowski,RACE_UNRESOLVED,NO_CANDIDATE_FOUND
rp_FON_20260524_2.00,rp_FON_western_george,RACE_UNRESOLVED,NO_CANDIDATE_FOUND
rp_FON_20260524_2.00,rp_FON_grey_gamble,RACE_UNRESOLVED,NO_CANDIDATE_FOUND
rp_FON_20260524_2.00,rp_FON_midnight_pass,RACE_UNRESOLVED,NO_CANDIDATE_FOUND
rp_FON_20260524_2.00,rp_FON_thepassingcyclone,RACE_UNRESOLVED,NO_CANDIDATE_FOUND
rp_FON_20260524_2.00,rp_FON_conkwell_dancer,RACE_UNRESOLVED,NO_CANDIDATE_FOUND
rp_FON_20260524_2.35,rp_FON_hiero_sport,RACE_UNRESOLVED,NO_CANDIDATE_FOUND
rp_FON_20260524_2.35,rp_FON_lady_dapple_rose,RACE_UNRESOLVED,NO_CANDIDATE_FOUND
rp_FON_20260524_2.35,rp_FON_jacquetta,RACE_UNRESOLVED,NO_CANDIDATE_FOUND
rp_FON_20260524_2.35,rp_FON_shalfa,RACE_UNRESOLVED,NO_CANDIDATE_FOUND
rp_FON_20260524_2.35,rp_FON_giddyupadingdong,RACE_UNRESOLVED,NO_CANDIDATE_FOUND
rp_FON_20260524_2.35,rp_FON_peace_motivator,RACE_UNRESOLVED,NO_CANDIDATE_FOUND
rp_FON_20260524_3.10,rp_FON_gata_ban,RACE_UNRESOLVED,NO_CANDIDATE_FOUND
rp_FON_20260524_3.10,rp_FON_prince_cleni,RACE_UNRESOLVED,NO_CANDIDATE_FOUND
rp_FON_20260524_3.10,rp_FON_hatos,RACE_UNRESOLVED,NO_CANDIDATE_FOUND
rp_FON_20260524_3.10,rp_FON_friends_don't_ask,RACE_UNRESOLVED,NO_CANDIDATE_FOUND
rp_FON_20260524_3.10,rp_FON_unspeakable,RACE_UNRESOLVED,NO_CANDIDATE_FOUND
rp_FON_20260524_3.10,rp_FON_twp_stori,RACE_UNRESOLVED,NO_CANDIDATE_FOUND
rp_FON_20260524_3.10,rp_FON_jack's_jury,RACE_UNRESOLVED,NO_CANDIDATE_FOUND
rp_FON_20260524_3.45,rp_FON_miss_goldfire,RACE_UNRESOLVED,NO_CANDIDATE_FOUND
rp_FON_20260524_3.45,rp_FON_shutfrontdoor,RACE_UNRESOLVED,NO_CANDIDATE_FOUND
rp_FON_20260524_3.45,rp_FON_queens_venture,RACE_UNRESOLVED,NO_CANDIDATE_FOUND
rp_FON_20260524_3.45,rp_FON_smugglers_haven,RACE_UNRESOLVED,NO_CANDIDATE_FOUND
rp_FON_20260524_3.45,rp_FON_fresh_as_a_daisy,RACE_UNRESOLVED,NO_CANDIDATE_FOUND
rp_FON_20260524_4.20,rp_FON_cinderello,RACE_UNRESOLVED,NO_CANDIDATE_FOUND
rp_FON_20260524_4.20,rp_FON_harley's_pride,RACE_UNRESOLVED,NO_CANDIDATE_FOUND
rp_FON_20260524_4.20,rp_FON_juggernaut,RACE_UNRESOLVED,NO_CANDIDATE_FOUND
rp_FON_20260524_4.20,rp_FON_jungle_wood,RACE_UNRESOLVED,NO_CANDIDATE_FOUND
rp_FON_20260524_4.20,rp_FON_lelantos,RACE_UNRESOLVED,NO_CANDIDATE_FOUND
rp_FON_20260524_4.20,rp_FON_jefe_triunfo,RACE_UNRESOLVED,NO_CANDIDATE_FOUND
rp_FON_20260524_4.20,rp_FON_glorious_mist,RACE_UNRESOLVED,NO_CANDIDATE_FOUND
rp_FON_20260524_4.55,rp_FON_lunar_ocean,RACE_UNRESOLVED,NO_CANDIDATE_FOUND
rp_FON_20260524_4.55,rp_FON_millies_mite,RACE_UNRESOLVED,NO_CANDIDATE_FOUND
rp_FON_20260524_4.55,rp_FON_majestic_moment,RACE_UNRESOLVED,NO_CANDIDATE_FOUND
rp_FON_20260524_4.55,rp_FON_gorcombe_moonshine,RACE_UNRESOLVED,NO_CANDIDATE_FOUND
rp_FON_20260524_4.55,rp_FON_footloose_man,RACE_UNRESOLVED,NO_CANDIDATE_FOUND
rp_FON_20260524_4.55,rp_FON_thistle_be_the_one,RACE_UNRESOLVED,NO_CANDIDATE_FOUND
920818,3918403,HORSE_UNRESOLVED,NO_CANDIDATE_FOUND
920818,4676215,HORSE_UNRESOLVED,NO_CANDIDATE_FOUND
920818,3552445,HORSE_UNRESOLVED,NO_CANDIDATE_FOUND
rp_FON_20260524_5.30,rp_FON_la_dame_ecarlate,RACE_UNRESOLVED,NO_CANDIDATE_FOUND
rp_FON_20260524_5.30,rp_FON_glad_to_be_alive,RACE_UNRESOLVED,NO_CANDIDATE_FOUND
rp_FON_20260524_5.30,rp_FON_sky_blue_ribbon,RACE_UNRESOLVED,NO_CANDIDATE_FOUND
rp_FON_20260524_5.30,rp_FON_prestige_runner,RACE_UNRESOLVED,NO_CANDIDATE_FOUND
rp_FON_20260524_5.30,rp_FON_kentford_legacy,RACE_UNRESOLVED,NO_CANDIDATE_FOUND
rp_FON_20260524_5.30,rp_FON_silver_whisper,RACE_UNRESOLVED,NO_CANDIDATE_FOUND
rp_KEL_20260524_2.28,rp_KEL_osco_flyer,HORSE_UNRESOLVED,NO_CANDIDATE_FOUND
rp_KEL_20260524_2.28,rp_KEL_ceol_draiochta,HORSE_UNRESOLVED,NO_CANDIDATE_FOUND
rp_KEL_20260524_2.28,rp_KEL_scopic,HORSE_UNRESOLVED,NO_CANDIDATE_FOUND
rp_KEL_20260524_2.28,rp_KEL_terino,HORSE_UNRESOLVED,NO_CANDIDATE_FOUND
rp_KEL_20260524_2.28,rp_KEL_mr_withington,HORSE_UNRESOLVED,NO_CANDIDATE_FOUND
rp_KEL_20260524_2.28,rp_KEL_withington,HORSE_UNRESOLVED,NO_CANDIDATE_FOUND
rp_KEL_20260524_2.28,rp_KEL_steps_in_time,HORSE_UNRESOLVED,NO_CANDIDATE_FOUND
rp_KEL_20260524_3.03,rp_KEL_kihavah,HORSE_UNRESOLVED,NO_CANDIDATE_FOUND
rp_KEL_20260524_3.03,rp_KEL_impero,HORSE_UNRESOLVED,NO_CANDIDATE_FOUND
rp_KEL_20260524_3.03,rp_KEL_wise_eagle,HORSE_UNRESOLVED,NO_CANDIDATE_FOUND
rp_KEL_20260524_3.37,rp_KEL_stylish_recruit,HORSE_UNRESOLVED,NO_CANDIDATE_FOUND
rp_KEL_20260524_3.37,rp_KEL_travis_wheatley,HORSE_UNRESOLVED,NO_CANDIDATE_FOUND
rp_KEL_20260524_3.37,rp_KEL_georgie's_malt,HORSE_UNRESOLVED,NO_CANDIDATE_FOUND
rp_KEL_20260524_3.37,rp_KEL_les's_legacy,HORSE_UNRESOLVED,NO_CANDIDATE_FOUND
rp_KEL_20260524_3.37,rp_KEL_newport,HORSE_UNRESOLVED,NO_CANDIDATE_FOUND
rp_KEL_20260524_3.37,rp_KEL_theirshegoes,HORSE_UNRESOLVED,NO_CANDIDATE_FOUND
rp_KEL_20260524_3.37,rp_KEL_vanilla_dancer,HORSE_UNRESOLVED,NO_CANDIDATE_FOUND
rp_KEL_20260524_3.37,rp_KEL_william_of_york,HORSE_UNRESOLVED,NO_CANDIDATE_FOUND
rp_KEL_20260524_3.37,rp_KEL_gorvennec,HORSE_UNRESOLVED,NO_CANDIDATE_FOUND
rp_KEL_20260524_4.12,rp_KEL_looking_splendid,HORSE_UNRESOLVED,NO_CANDIDATE_FOUND
rp_KEL_20260524_4.12,rp_KEL_diamond_mix,HORSE_UNRESOLVED,NO_CANDIDATE_FOUND
rp_KEL_20260524_4.12,rp_KEL_chapel_green,HORSE_UNRESOLVED,NO_CANDIDATE_FOUND
rp_KEL_20260524_4.12,rp_KEL_moodofthemoment,HORSE_UNRESOLVED,NO_CANDIDATE_FOUND
rp_KEL_20260524_4.47,rp_KEL_defying_gravity,HORSE_UNRESOLVED,NO_CANDIDATE_FOUND
rp_KEL_20260524_4.47,rp_KEL_play_by_the_rules,HORSE_UNRESOLVED,NO_CANDIDATE_FOUND
rp_KEL_20260524_4.47,rp_KEL_maggies_boy,HORSE_UNRESOLVED,NO_CANDIDATE_FOUND
rp_KEL_20260524_4.47,rp_KEL_rosa_diaz,HORSE_UNRESOLVED,NO_CANDIDATE_FOUND
rp_KEL_20260524_5.22,rp_KEL_simple_star,HORSE_UNRESOLVED,NO_CANDIDATE_FOUND
rp_KEL_20260524_5.22,rp_KEL_hourless,HORSE_UNRESOLVED,NO_CANDIDATE_FOUND
rp_KEL_20260524_5.22,rp_KEL_walk_on_son,HORSE_UNRESOLVED,NO_CANDIDATE_FOUND
rp_KEL_20260524_5.22,rp_KEL_ip_up,HORSE_UNRESOLVED,NO_CANDIDATE_FOUND
rp_KEL_20260524_5.22,rp_KEL_my_my_my_delilah,HORSE_UNRESOLVED,NO_CANDIDATE_FOUND
rp_KEL_20260524_5.22,rp_KEL_gozo,HORSE_UNRESOLVED,NO_CANDIDATE_FOUND
921553,7139224,HORSE_UNRESOLVED,NO_CANDIDATE_FOUND
921553,4871373,HORSE_UNRESOLVED,NO_CANDIDATE_FOUND
921553,6256640,HORSE_UNRESOLVED,NO_CANDIDATE_FOUND
921553,5472322,HORSE_UNRESOLVED,NO_CANDIDATE_FOUND
921553,7891667,HORSE_UNRESOLVED,NO_CANDIDATE_FOUND
921553,8335365,HORSE_UNRESOLVED,NO_CANDIDATE_FOUND
921553,5048224,HORSE_UNRESOLVED,NO_CANDIDATE_FOUND
921553,4002012,HORSE_UNRESOLVED,NO_CANDIDATE_FOUND
921553,5668398,HORSE_UNRESOLVED,NO_CANDIDATE_FOUND
921553,5544173,HORSE_UNRESOLVED,NO_CANDIDATE_FOUND
921553,4272400,HORSE_UNRESOLVED,NO_CANDIDATE_FOUND
rp_KEL_20260524_5.57,rp_KEL_susie_q,HORSE_UNRESOLVED,NO_CANDIDATE_FOUND
rp_KEL_20260524_5.57,rp_KEL_little_mayhem,HORSE_UNRESOLVED,NO_CANDIDATE_FOUND
rp_KEL_20260524_5.57,rp_KEL_maximus_oxo,HORSE_UNRESOLVED,NO_CANDIDATE_FOUND
rp_KEL_20260524_5.57,rp_KEL_koa_beau,HORSE_UNRESOLVED,NO_CANDIDATE_FOUND
rp_KEL_20260524_5.57,rp_KEL_ebchester,HORSE_UNRESOLVED,NO_CANDIDATE_FOUND
rp_UTT_20260524_2.22,rp_UTT_davita_blaze,HORSE_UNRESOLVED,NO_CANDIDATE_FOUND
rp_UTT_20260524_2.22,rp_UTT_first_candidate,HORSE_UNRESOLVED,NO_CANDIDATE_FOUND
rp_UTT_20260524_2.22,rp_UTT_blue_skies_ahead,HORSE_UNRESOLVED,NO_CANDIDATE_FOUND
rp_UTT_20260524_2.22,rp_UTT_callisto_queen,HORSE_UNRESOLVED,NO_CANDIDATE_FOUND
rp_UTT_20260524_2.22,rp_UTT_britway_belle,HORSE_UNRESOLVED,NO_CANDIDATE_FOUND
rp_UTT_20260524_2.22,rp_UTT_pretty_flamingo,HORSE_UNRESOLVED,NO_CANDIDATE_FOUND
rp_UTT_20260524_4.03,rp_UTT_gunsight_ridge,HORSE_UNRESOLVED,NO_CANDIDATE_FOUND
rp_UTT_20260524_4.03,rp_UTT_american_mike,HORSE_UNRESOLVED,NO_CANDIDATE_FOUND
rp_UTT_20260524_4.03,rp_UTT_vintage_fizz,HORSE_UNRESOLVED,NO_CANDIDATE_FOUND
rp_UTT_20260524_4.03,rp_UTT_a_dublin_job,HORSE_UNRESOLVED,NO_CANDIDATE_FOUND
rp_UTT_20260524_4.03,rp_UTT_dublin_job,HORSE_UNRESOLVED,NO_CANDIDATE_FOUND
rp_UTT_20260524_4.03,rp_UTT_ukantango,HORSE_UNRESOLVED,NO_CANDIDATE_FOUND
rp_UTT_20260524_2.52,rp_UTT_galway_reel,HORSE_UNRESOLVED,NO_CANDIDATE_FOUND
rp_UTT_20260524_2.52,rp_UTT_izzy's_grey,HORSE_UNRESOLVED,NO_CANDIDATE_FOUND
rp_UTT_20260524_2.52,rp_UTT_dublin_city,HORSE_UNRESOLVED,NO_CANDIDATE_FOUND
rp_UTT_20260524_3.28,rp_UTT_rialannah,HORSE_UNRESOLVED,NO_CANDIDATE_FOUND
rp_UTT_20260524_3.28,rp_UTT_break_point,HORSE_UNRESOLVED,NO_CANDIDATE_FOUND
rp_UTT_20260524_3.28,rp_UTT_liverpool_knight,HORSE_UNRESOLVED,NO_CANDIDATE_FOUND
rp_UTT_20260524_3.28,rp_UTT_miss_maverick,HORSE_UNRESOLVED,NO_CANDIDATE_FOUND
rp_UTT_20260524_3.28,rp_UTT_champagne_kid,HORSE_UNRESOLVED,NO_CANDIDATE_FOUND
rp_UTT_20260524_3.28,rp_UTT_service_minimum,HORSE_UNRESOLVED,NO_CANDIDATE_FOUND
rp_UTT_20260524_3.28,rp_UTT_flying_fortune,HORSE_UNRESOLVED,NO_CANDIDATE_FOUND
rp_UTT_20260524_3.28,rp_UTT_no_ordinary_joe,HORSE_UNRESOLVED,NO_CANDIDATE_FOUND
rp_UTT_20260524_4.37,rp_UTT_telhimlisten,HORSE_UNRESOLVED,NO_CANDIDATE_FOUND
rp_UTT_20260524_4.37,rp_UTT_fandabidozi,HORSE_UNRESOLVED,NO_CANDIDATE_FOUND
rp_UTT_20260524_4.37,rp_UTT_a_different_kind,HORSE_UNRESOLVED,NO_CANDIDATE_FOUND
rp_UTT_20260524_4.37,rp_UTT_different_kind,HORSE_UNRESOLVED,NO_CANDIDATE_FOUND
rp_UTT_20260524_4.37,rp_UTT_call_me_tara,HORSE_UNRESOLVED,NO_CANDIDATE_FOUND
rp_UTT_20260524_4.37,rp_UTT_turn_and_finish,HORSE_UNRESOLVED,NO_CANDIDATE_FOUND
rp_UTT_20260524_5.12,rp_UTT_scottish_king,HORSE_UNRESOLVED,NO_CANDIDATE_FOUND
rp_UTT_20260524_5.12,rp_UTT_mahler_moon,HORSE_UNRESOLVED,NO_CANDIDATE_FOUND
rp_UTT_20260524_5.12,rp_UTT_fern_hill,HORSE_UNRESOLVED,NO_CANDIDATE_FOUND
rp_UTT_20260524_5.12,rp_UTT_kayce_dutton,HORSE_UNRESOLVED,NO_CANDIDATE_FOUND
rp_UTT_20260524_5.12,rp_UTT_realisation,HORSE_UNRESOLVED,NO_CANDIDATE_FOUND
rp_UTT_20260524_5.12,rp_UTT_mr_griffiths,HORSE_UNRESOLVED,NO_CANDIDATE_FOUND
921524,3533584,HORSE_UNRESOLVED,NO_CANDIDATE_FOUND
921524,7298730,HORSE_UNRESOLVED,NO_CANDIDATE_FOUND
921524,6256641,HORSE_UNRESOLVED,NO_CANDIDATE_FOUND
921524,5911354,HORSE_UNRESOLVED,NO_CANDIDATE_FOUND
921524,5172499,HORSE_UNRESOLVED,NO_CANDIDATE_FOUND
921524,6327909,HORSE_UNRESOLVED,NO_CANDIDATE_FOUND
921524,6514079,HORSE_UNRESOLVED,NO_CANDIDATE_FOUND
921524,3573476,HORSE_UNRESOLVED,NO_CANDIDATE_FOUND
921524,7339094,HORSE_UNRESOLVED,NO_CANDIDATE_FOUND
921524,3719571,HORSE_UNRESOLVED,NO_CANDIDATE_FOUND
921524,3178683,HORSE_UNRESOLVED,NO_CANDIDATE_FOUND
rp_UTT_20260524_5.47,rp_UTT_sano_city,HORSE_UNRESOLVED,NO_CANDIDATE_FOUND
rp_UTT_20260524_5.47,rp_UTT_lucky_diamond,HORSE_UNRESOLVED,NO_CANDIDATE_FOUND
rp_UTT_20260524_5.47,rp_UTT_cruikshank,HORSE_UNRESOLVED,NO_CANDIDATE_FOUND
rp_UTT_20260524_5.47,rp_UTT_ask_ernie,HORSE_UNRESOLVED,NO_CANDIDATE_FOUND
rp_BAL_20260525_4.30,rp_BAL_daddy_long_legs,RACE_UNRESOLVED,NO_CANDIDATE_FOUND
rp_BAL_20260525_4.30,rp_BAL_blizzard_of_oz,RACE_UNRESOLVED,NO_CANDIDATE_FOUND
rp_BAL_20260525_4.30,rp_BAL_eye_contact,RACE_UNRESOLVED,NO_CANDIDATE_FOUND
rp_BAL_20260525_4.30,rp_BAL_the_weighbridge,RACE_UNRESOLVED,NO_CANDIDATE_FOUND
rp_BAL_20260525_4.30,rp_BAL_georgie's_pearl,RACE_UNRESOLVED,NO_CANDIDATE_FOUND
rp_BAL_20260525_4.30,rp_BAL_thecompanysergeant,RACE_UNRESOLVED,NO_CANDIDATE_FOUND
rp_BAL_20260525_4.30,rp_BAL_runcok,RACE_UNRESOLVED,NO_CANDIDATE_FOUND
rp_BAL_20260525_4.30,rp_BAL_farren_glory,RACE_UNRESOLVED,NO_CANDIDATE_FOUND
rp_BAL_20260525_5.05,rp_BAL_tinto_de_verano,RACE_UNRESOLVED,NO_CANDIDATE_FOUND
rp_BAL_20260525_5.05,rp_BAL_working_away,RACE_UNRESOLVED,NO_CANDIDATE_FOUND
rp_BAL_20260525_5.05,rp_BAL_little_big_john,RACE_UNRESOLVED,NO_CANDIDATE_FOUND
rp_BAL_20260525_5.05,rp_BAL_misery_hill,RACE_UNRESOLVED,NO_CANDIDATE_FOUND
rp_BAL_20260525_5.05,rp_BAL_tribal,RACE_UNRESOLVED,NO_CANDIDATE_FOUND
rp_BAL_20260525_5.05,rp_BAL_zambezi_moon,RACE_UNRESOLVED,NO_CANDIDATE_FOUND
rp_BAL_20260525_5.05,rp_BAL_pets_georgina,RACE_UNRESOLVED,NO_CANDIDATE_FOUND
rp_BAL_20260525_5.05,rp_BAL_tradonthebay,RACE_UNRESOLVED,NO_CANDIDATE_FOUND
rp_BAL_20260525_5.05,rp_BAL_jeroboam_machin,RACE_UNRESOLVED,NO_CANDIDATE_FOUND
rp_BAL_20260525_5.05,rp_BAL_benner_wenner,RACE_UNRESOLVED,NO_CANDIDATE_FOUND
rp_BAL_20260525_5.05,rp_BAL_commodity_broker,RACE_UNRESOLVED,NO_CANDIDATE_FOUND
rp_BAL_20260525_5.05,rp_BAL_kilmond_knight,RACE_UNRESOLVED,NO_CANDIDATE_FOUND
rp_BAL_20260525_5.05,rp_BAL_maison_de_balzac,RACE_UNRESOLVED,NO_CANDIDATE_FOUND
rp_BAL_20260525_5.05,rp_BAL_midtown_manhattan,RACE_UNRESOLVED,NO_CANDIDATE_FOUND
rp_BAL_20260525_5.05,rp_BAL_urinmydreams,RACE_UNRESOLVED,NO_CANDIDATE_FOUND
rp_BAL_20260525_5.05,rp_BAL_young_doran,RACE_UNRESOLVED,NO_CANDIDATE_FOUND
rp_BAL_20260525_5.05,rp_BAL_de_jour_en_jour,RACE_UNRESOLVED,NO_CANDIDATE_FOUND
rp_BAL_20260525_5.35,rp_BAL_lady_bluebird,RACE_UNRESOLVED,NO_CANDIDATE_FOUND
rp_BAL_20260525_5.35,rp_BAL_tullyveery_lad,RACE_UNRESOLVED,NO_CANDIDATE_FOUND
rp_BAL_20260525_5.35,rp_BAL_toll_stone,RACE_UNRESOLVED,NO_CANDIDATE_FOUND
rp_BAL_20260525_5.35,rp_BAL_billy_lee_swagger,RACE_UNRESOLVED,NO_CANDIDATE_FOUND
rp_BAL_20260525_5.35,rp_BAL_zoffman,RACE_UNRESOLVED,NO_CANDIDATE_FOUND
rp_BAL_20260525_5.35,rp_BAL_thornleigh_frank,RACE_UNRESOLVED,NO_CANDIDATE_FOUND
rp_BAL_20260525_5.35,rp_BAL_sign_from_above,RACE_UNRESOLVED,NO_CANDIDATE_FOUND
rp_BAL_20260525_5.35,rp_BAL_maverick_mack,RACE_UNRESOLVED,NO_CANDIDATE_FOUND
rp_BAL_20260525_5.35,rp_BAL_fiveonefive,RACE_UNRESOLVED,NO_CANDIDATE_FOUND
rp_BAL_20260525_5.35,rp_BAL_grann's_boy,RACE_UNRESOLVED,NO_CANDIDATE_FOUND
rp_BAL_20260525_5.35,rp_BAL_winning_smut,RACE_UNRESOLVED,NO_CANDIDATE_FOUND
rp_BAL_20260525_6.05,rp_BAL_arkhill,RACE_UNRESOLVED,NO_CANDIDATE_FOUND
rp_BAL_20260525_6.05,rp_BAL_must_go_now,RACE_UNRESOLVED,NO_CANDIDATE_FOUND
rp_BAL_20260525_6.05,rp_BAL_smooth_tom,RACE_UNRESOLVED,NO_CANDIDATE_FOUND
rp_BAL_20260525_6.05,rp_BAL_kovanis,RACE_UNRESOLVED,NO_CANDIDATE_FOUND
rp_BAL_20260525_6.05,rp_BAL_davy_crockett,RACE_UNRESOLVED,NO_CANDIDATE_FOUND
rp_BAL_20260525_6.05,rp_BAL_sony_bill,RACE_UNRESOLVED,NO_CANDIDATE_FOUND
rp_BAL_20260525_6.05,rp_BAL_bobbysingindablues,RACE_UNRESOLVED,NO_CANDIDATE_FOUND
rp_BAL_20260525_6.05,rp_BAL_jolie_jewel,RACE_UNRESOLVED,NO_CANDIDATE_FOUND
rp_BAL_20260525_6.05,rp_BAL_positive_energy,RACE_UNRESOLVED,NO_CANDIDATE_FOUND
rp_BAL_20260525_6.05,rp_BAL_net_boy,RACE_UNRESOLVED,NO_CANDIDATE_FOUND
rp_BAL_20260525_6.05,rp_BAL_glen_to_glen,RACE_UNRESOLVED,NO_CANDIDATE_FOUND
rp_BAL_20260525_6.05,rp_BAL_scalpnagoon,RACE_UNRESOLVED,NO_CANDIDATE_FOUND
rp_BAL_20260525_6.05,rp_BAL_listentillitellyea,RACE_UNRESOLVED,NO_CANDIDATE_FOUND
rp_BAL_20260525_6.35,rp_BAL_me_wee_bonnie_lass,RACE_UNRESOLVED,NO_CANDIDATE_FOUND
rp_BAL_20260525_6.35,rp_BAL_ambitious_fellow,RACE_UNRESOLVED,NO_CANDIDATE_FOUND
rp_BAL_20260525_6.35,rp_BAL_watch_the_weather,RACE_UNRESOLVED,NO_CANDIDATE_FOUND
rp_BAL_20260525_6.35,rp_BAL_flash_de_touzaine,RACE_UNRESOLVED,NO_CANDIDATE_FOUND
rp_BAL_20260525_6.35,rp_BAL_native_speaker,RACE_UNRESOLVED,NO_CANDIDATE_FOUND
rp_BAL_20260525_6.35,rp_BAL_invictus_machin,RACE_UNRESOLVED,NO_CANDIDATE_FOUND
rp_BAL_20260525_6.35,rp_BAL_cobra_queen,RACE_UNRESOLVED,NO_CANDIDATE_FOUND
rp_BAL_20260525_6.35,rp_BAL_conyers_hill,RACE_UNRESOLVED,NO_CANDIDATE_FOUND
rp_BAL_20260525_6.35,rp_BAL_fakir_d'oudairies,RACE_UNRESOLVED,NO_CANDIDATE_FOUND
rp_BAL_20260525_6.35,rp_BAL_maxxum,RACE_UNRESOLVED,NO_CANDIDATE_FOUND
rp_BAL_20260525_6.35,rp_BAL_ol_man_dingle,RACE_UNRESOLVED,NO_CANDIDATE_FOUND
rp_BAL_20260525_6.35,rp_BAL_perceval_legallois,RACE_UNRESOLVED,NO_CANDIDATE_FOUND
rp_BAL_20260525_7.05,rp_BAL_tuckmill,RACE_UNRESOLVED,NO_CANDIDATE_FOUND
rp_BAL_20260525_7.05,rp_BAL_sammy_smart,RACE_UNRESOLVED,NO_CANDIDATE_FOUND
rp_BAL_20260525_7.05,rp_BAL_grange_walk,RACE_UNRESOLVED,NO_CANDIDATE_FOUND
rp_BAL_20260525_7.05,rp_BAL_clonbury_bridge,RACE_UNRESOLVED,NO_CANDIDATE_FOUND
rp_BAL_20260525_7.05,rp_BAL_krabat,RACE_UNRESOLVED,NO_CANDIDATE_FOUND
rp_BAL_20260525_7.05,rp_BAL_jetoile,RACE_UNRESOLVED,NO_CANDIDATE_FOUND
rp_BAL_20260525_7.05,rp_BAL_farmers_lodge,RACE_UNRESOLVED,NO_CANDIDATE_FOUND
rp_BAL_20260525_7.05,rp_BAL_tullybeg,RACE_UNRESOLVED,NO_CANDIDATE_FOUND
rp_BAL_20260525_7.05,rp_BAL_supreme_jet,RACE_UNRESOLVED,NO_CANDIDATE_FOUND
rp_BAL_20260525_7.05,rp_BAL_dreal_deal,RACE_UNRESOLVED,NO_CANDIDATE_FOUND
rp_BAL_20260525_7.05,rp_BAL_happy_jacky,RACE_UNRESOLVED,NO_CANDIDATE_FOUND
rp_BAL_20260525_7.05,rp_BAL_fighting_fit,RACE_UNRESOLVED,NO_CANDIDATE_FOUND
rp_BAL_20260525_7.35,rp_BAL_a_stoirin,RACE_UNRESOLVED,NO_CANDIDATE_FOUND
rp_BAL_20260525_7.35,rp_BAL_stoirin,RACE_UNRESOLVED,NO_CANDIDATE_FOUND
rp_BAL_20260525_7.35,rp_BAL_bacharach,RACE_UNRESOLVED,NO_CANDIDATE_FOUND
rp_BAL_20260525_7.35,rp_BAL_catofthecanals,RACE_UNRESOLVED,NO_CANDIDATE_FOUND
rp_BAL_20260525_7.35,rp_BAL_noble_rocco,RACE_UNRESOLVED,NO_CANDIDATE_FOUND
rp_BAL_20260525_7.35,rp_BAL_an_capaill_oir,RACE_UNRESOLVED,NO_CANDIDATE_FOUND
rp_BAL_20260525_7.35,rp_BAL_getaway_harry,RACE_UNRESOLVED,NO_CANDIDATE_FOUND
rp_BAL_20260525_7.35,rp_BAL_river_moy,RACE_UNRESOLVED,NO_CANDIDATE_FOUND
rp_BAL_20260525_7.35,rp_BAL_telegram_sam,RACE_UNRESOLVED,NO_CANDIDATE_FOUND
rp_BAL_20260525_7.35,rp_BAL_time_for_talking,RACE_UNRESOLVED,NO_CANDIDATE_FOUND
rp_BAL_20260525_7.35,rp_BAL_zack_de_la_rocha,RACE_UNRESOLVED,NO_CANDIDATE_FOUND
rp_BAL_20260525_7.35,rp_BAL_familiar_game,RACE_UNRESOLVED,NO_CANDIDATE_FOUND
rp_BAL_20260525_7.35,rp_BAL_mourne_magic,RACE_UNRESOLVED,NO_CANDIDATE_FOUND
rp_CRT_20260525_1.38,rp_CRT_hidden_fortune,HORSE_UNRESOLVED,NO_CANDIDATE_FOUND
rp_CRT_20260525_1.38,rp_CRT_jolissaint,HORSE_UNRESOLVED,NO_CANDIDATE_FOUND
rp_CRT_20260525_1.38,rp_CRT_autumn_getaway,HORSE_UNRESOLVED,NO_CANDIDATE_FOUND
rp_CRT_20260525_1.38,rp_CRT_iamyouare,HORSE_UNRESOLVED,NO_CANDIDATE_FOUND
rp_CRT_20260525_2.13,rp_CRT_bernard,HORSE_UNRESOLVED,NO_CANDIDATE_FOUND
rp_CRT_20260525_2.13,rp_CRT_r_bernard,HORSE_UNRESOLVED,NO_CANDIDATE_FOUND
rp_CRT_20260525_2.13,rp_CRT_lady_harriett,HORSE_UNRESOLVED,NO_CANDIDATE_FOUND
rp_CRT_20260525_2.13,rp_CRT_road_to_rosley,HORSE_UNRESOLVED,NO_CANDIDATE_FOUND
rp_CRT_20260525_2.13,rp_CRT_millford_hill,HORSE_UNRESOLVED,NO_CANDIDATE_FOUND
rp_CRT_20260525_2.13,rp_CRT_achnamara,HORSE_UNRESOLVED,NO_CANDIDATE_FOUND
rp_CRT_20260525_2.13,rp_CRT_shinealight,HORSE_UNRESOLVED,NO_CANDIDATE_FOUND
rp_CRT_20260525_2.13,rp_CRT_secret_secret,HORSE_UNRESOLVED,NO_CANDIDATE_FOUND
rp_CRT_20260525_2.13,rp_CRT_ushuaia_dancer,HORSE_UNRESOLVED,NO_CANDIDATE_FOUND
rp_CRT_20260525_2.13,rp_CRT_celestial_reign,HORSE_UNRESOLVED,NO_CANDIDATE_FOUND
rp_CRT_20260525_2.13,rp_CRT_imperial_imp,HORSE_UNRESOLVED,NO_CANDIDATE_FOUND
rp_CRT_20260525_2.48,rp_CRT_half_pint_daisy,HORSE_UNRESOLVED,NO_CANDIDATE_FOUND
rp_CRT_20260525_2.48,rp_CRT_belvedere_bhoy,HORSE_UNRESOLVED,NO_CANDIDATE_FOUND
rp_CRT_20260525_2.48,rp_CRT_mickthesoldier,HORSE_UNRESOLVED,NO_CANDIDATE_FOUND
rp_CRT_20260525_2.48,rp_CRT_suitably_surprised,HORSE_UNRESOLVED,NO_CANDIDATE_FOUND
rp_CRT_20260525_2.48,rp_CRT_no_rematch,HORSE_UNRESOLVED,NO_CANDIDATE_FOUND
rp_CRT_20260525_2.48,rp_CRT_our_laura_b,HORSE_UNRESOLVED,NO_CANDIDATE_FOUND
rp_CRT_20260525_2.48,rp_CRT_rickety_gate,HORSE_UNRESOLVED,NO_CANDIDATE_FOUND
rp_CRT_20260525_2.48,rp_CRT_dusky_days,HORSE_UNRESOLVED,NO_CANDIDATE_FOUND
rp_CRT_20260525_2.48,rp_CRT_clonakilty,HORSE_UNRESOLVED,NO_CANDIDATE_FOUND
rp_CRT_20260525_3.23,rp_CRT_bittalemon,HORSE_UNRESOLVED,NO_CANDIDATE_FOUND
rp_CRT_20260525_3.23,rp_CRT_kilmore_rock,HORSE_UNRESOLVED,NO_CANDIDATE_FOUND
rp_CRT_20260525_3.23,rp_CRT_gwennie_may_star,HORSE_UNRESOLVED,NO_CANDIDATE_FOUND
rp_CRT_20260525_3.23,rp_CRT_speed_davis,HORSE_UNRESOLVED,NO_CANDIDATE_FOUND
rp_CRT_20260525_3.23,rp_CRT_highland_fashion,HORSE_UNRESOLVED,NO_CANDIDATE_FOUND
rp_CRT_20260525_3.23,rp_CRT_al_sayah,HORSE_UNRESOLVED,NO_CANDIDATE_FOUND
rp_CRT_20260525_3.23,rp_CRT_lipa_k,HORSE_UNRESOLVED,NO_CANDIDATE_FOUND
rp_CRT_20260525_3.23,rp_CRT_imperial_data,HORSE_UNRESOLVED,NO_CANDIDATE_FOUND
rp_CRT_20260525_3.23,rp_CRT_roger_pol,HORSE_UNRESOLVED,NO_CANDIDATE_FOUND
rp_CRT_20260525_3.58,rp_CRT_my_bobby_dazzler,HORSE_UNRESOLVED,NO_CANDIDATE_FOUND
rp_CRT_20260525_3.58,rp_CRT_fairlawn_flyer,HORSE_UNRESOLVED,NO_CANDIDATE_FOUND
rp_CRT_20260525_3.58,rp_CRT_if_not_for_dylan,HORSE_UNRESOLVED,NO_CANDIDATE_FOUND
rp_CRT_20260525_4.36,rp_CRT_got_grey,HORSE_UNRESOLVED,NO_CANDIDATE_FOUND
rp_CRT_20260525_4.36,rp_CRT_jet_of_dreams,HORSE_UNRESOLVED,NO_CANDIDATE_FOUND
rp_CRT_20260525_4.36,rp_CRT_sir_tivo,HORSE_UNRESOLVED,NO_CANDIDATE_FOUND
rp_CRT_20260525_5.11,rp_CRT_arthur's_quay,HORSE_UNRESOLVED,NO_CANDIDATE_FOUND
rp_CRT_20260525_5.11,rp_CRT_old_gregorian,HORSE_UNRESOLVED,NO_CANDIDATE_FOUND
rp_CRT_20260525_5.11,rp_CRT_pour_les_filles,HORSE_UNRESOLVED,NO_CANDIDATE_FOUND
rp_HUN_20260525_1.00,rp_HUN_cloudy_wednesday,HORSE_UNRESOLVED,NO_CANDIDATE_FOUND
rp_HUN_20260525_1.00,rp_HUN_crac_de_megaudais,HORSE_UNRESOLVED,NO_CANDIDATE_FOUND
rp_HUN_20260525_1.00,rp_HUN_slaney_opera,HORSE_UNRESOLVED,NO_CANDIDATE_FOUND
rp_HUN_20260525_1.30,rp_HUN_palma_springs,HORSE_UNRESOLVED,NO_CANDIDATE_FOUND
rp_HUN_20260525_1.30,rp_HUN_tangled_webb,HORSE_UNRESOLVED,NO_CANDIDATE_FOUND
rp_HUN_20260525_1.30,rp_HUN_land_of_dreams,HORSE_UNRESOLVED,NO_CANDIDATE_FOUND
rp_HUN_20260525_1.30,rp_HUN_crazy_about_her,HORSE_UNRESOLVED,NO_CANDIDATE_FOUND
rp_HUN_20260525_12.30,rp_HUN_alan_bresil,HORSE_UNRESOLVED,NO_CANDIDATE_FOUND
rp_HUN_20260525_12.30,rp_HUN_geordie_night,HORSE_UNRESOLVED,NO_CANDIDATE_FOUND
rp_HUN_20260525_12.30,rp_HUN_juggernaut,HORSE_UNRESOLVED,NO_CANDIDATE_FOUND
rp_HUN_20260525_12.30,rp_HUN_another_day_out,HORSE_UNRESOLVED,NO_CANDIDATE_FOUND
rp_HUN_20260525_2.00,rp_HUN_kill_the_groove,HORSE_UNRESOLVED,NO_CANDIDATE_FOUND
rp_HUN_20260525_2.00,rp_HUN_she_won't_mind,HORSE_UNRESOLVED,NO_CANDIDATE_FOUND
rp_HUN_20260525_2.00,rp_HUN_lady_jago,HORSE_UNRESOLVED,NO_CANDIDATE_FOUND
rp_HUN_20260525_2.00,rp_HUN_lady's_choice,HORSE_UNRESOLVED,NO_CANDIDATE_FOUND
rp_HUN_20260525_2.35,rp_HUN_hellion,HORSE_UNRESOLVED,NO_CANDIDATE_FOUND
rp_HUN_20260525_2.35,rp_HUN_saachi,HORSE_UNRESOLVED,NO_CANDIDATE_FOUND
rp_HUN_20260525_2.35,rp_HUN_sunset_in_paris,HORSE_UNRESOLVED,NO_CANDIDATE_FOUND
rp_HUN_20260525_2.35,rp_HUN_knighton,HORSE_UNRESOLVED,NO_CANDIDATE_FOUND
rp_HUN_20260525_3.10,rp_HUN_below_the_belt,HORSE_UNRESOLVED,NO_CANDIDATE_FOUND
rp_HUN_20260525_3.10,rp_HUN_raffles_nobu,HORSE_UNRESOLVED,NO_CANDIDATE_FOUND
rp_HUN_20260525_3.10,rp_HUN_the_truant,HORSE_UNRESOLVED,NO_CANDIDATE_FOUND
rp_HUN_20260525_3.10,rp_HUN_kentucky_river,HORSE_UNRESOLVED,NO_CANDIDATE_FOUND
rp_LEI_20260525_1.55,rp_LEI_sierra_sue,HORSE_UNRESOLVED,NO_CANDIDATE_FOUND
rp_LEI_20260525_1.55,rp_LEI_rubistar,HORSE_UNRESOLVED,NO_CANDIDATE_FOUND
rp_LEI_20260525_1.55,rp_LEI_the_wind_and_sun,HORSE_UNRESOLVED,NO_CANDIDATE_FOUND
rp_LEI_20260525_1.55,rp_LEI_turtle_creek,HORSE_UNRESOLVED,NO_CANDIDATE_FOUND
rp_LEI_20260525_1.55,rp_LEI_whazzimo,HORSE_UNRESOLVED,NO_CANDIDATE_FOUND
rp_LEI_20260525_1.55,rp_LEI_reader,HORSE_UNRESOLVED,NO_CANDIDATE_FOUND
rp_LEI_20260525_1.55,rp_LEI_ardnamurchan,HORSE_UNRESOLVED,NO_CANDIDATE_FOUND
rp_LEI_20260525_1.55,rp_LEI_mimime,HORSE_UNRESOLVED,NO_CANDIDATE_FOUND
rp_LEI_20260525_1.55,rp_LEI_lavender_bloom,HORSE_UNRESOLVED,NO_CANDIDATE_FOUND
rp_LEI_20260525_2.29,rp_LEI_rogue_defence,HORSE_UNRESOLVED,NO_CANDIDATE_FOUND
rp_LEI_20260525_2.29,rp_LEI_relentless_hero,HORSE_UNRESOLVED,NO_CANDIDATE_FOUND
rp_LEI_20260525_2.29,rp_LEI_astracornus,HORSE_UNRESOLVED,NO_CANDIDATE_FOUND
rp_LEI_20260525_2.29,rp_LEI_adalo,HORSE_UNRESOLVED,NO_CANDIDATE_FOUND
rp_LEI_20260525_2.29,rp_LEI_fabled_spirit,HORSE_UNRESOLVED,NO_CANDIDATE_FOUND
rp_LEI_20260525_2.29,rp_LEI_crazy_plan,HORSE_UNRESOLVED,NO_CANDIDATE_FOUND
rp_LEI_20260525_2.29,rp_LEI_picaro,HORSE_UNRESOLVED,NO_CANDIDATE_FOUND
rp_LEI_20260525_2.29,rp_LEI_tinkety_tonk,HORSE_UNRESOLVED,NO_CANDIDATE_FOUND
rp_LEI_20260525_2.29,rp_LEI_sun_lord,HORSE_UNRESOLVED,NO_CANDIDATE_FOUND
rp_LEI_20260525_2.29,rp_LEI_spiritoftheblues,HORSE_UNRESOLVED,NO_CANDIDATE_FOUND
rp_LEI_20260525_3.04,rp_LEI_rokuni,HORSE_UNRESOLVED,NO_CANDIDATE_FOUND
rp_LEI_20260525_3.04,rp_LEI_fitzmaurice,HORSE_UNRESOLVED,NO_CANDIDATE_FOUND
rp_LEI_20260525_3.04,rp_LEI_blue_point_express,HORSE_UNRESOLVED,NO_CANDIDATE_FOUND
rp_LEI_20260525_3.04,rp_LEI_back_from_dubai,HORSE_UNRESOLVED,NO_CANDIDATE_FOUND
rp_LEI_20260525_3.04,rp_LEI_edergole's_gift,HORSE_UNRESOLVED,NO_CANDIDATE_FOUND
rp_LEI_20260525_3.04,rp_LEI_oh_so_audacious,HORSE_UNRESOLVED,NO_CANDIDATE_FOUND
rp_LEI_20260525_3.04,rp_LEI_havana_mojito,HORSE_UNRESOLVED,NO_CANDIDATE_FOUND
rp_LEI_20260525_3.04,rp_LEI_ravenglass,HORSE_UNRESOLVED,NO_CANDIDATE_FOUND
rp_LEI_20260525_3.40,rp_LEI_call_glory,HORSE_UNRESOLVED,NO_CANDIDATE_FOUND
rp_LEI_20260525_3.40,rp_LEI_looks_fantastic,HORSE_UNRESOLVED,NO_CANDIDATE_FOUND
rp_LEI_20260525_3.40,rp_LEI_skellig_isle,HORSE_UNRESOLVED,NO_CANDIDATE_FOUND
rp_LEI_20260525_3.40,rp_LEI_shazani,HORSE_UNRESOLVED,NO_CANDIDATE_FOUND
rp_LEI_20260525_3.40,rp_LEI_jimmy_knocker,HORSE_UNRESOLVED,NO_CANDIDATE_FOUND
rp_LEI_20260525_4.15,rp_LEI_alta_rica,HORSE_UNRESOLVED,NO_CANDIDATE_FOUND
rp_LEI_20260525_4.15,rp_LEI_diderot,HORSE_UNRESOLVED,NO_CANDIDATE_FOUND
rp_LEI_20260525_4.15,rp_LEI_hamadhan,HORSE_UNRESOLVED,NO_CANDIDATE_FOUND
rp_LEI_20260525_4.15,rp_LEI_mythical_bird,HORSE_UNRESOLVED,NO_CANDIDATE_FOUND
rp_LEI_20260525_4.50,rp_LEI_ay_up_duck,HORSE_UNRESOLVED,NO_CANDIDATE_FOUND
rp_LEI_20260525_4.50,rp_LEI_lope_el_fuego,HORSE_UNRESOLVED,NO_CANDIDATE_FOUND
rp_LEI_20260525_4.50,rp_LEI_eternal_solace,HORSE_UNRESOLVED,NO_CANDIDATE_FOUND
rp_LEI_20260525_4.50,rp_LEI_front_line_fury,HORSE_UNRESOLVED,NO_CANDIDATE_FOUND
rp_LEI_20260525_4.50,rp_LEI_first_legion,HORSE_UNRESOLVED,NO_CANDIDATE_FOUND
rp_LEI_20260525_4.50,rp_LEI_rogue_supremacy,HORSE_UNRESOLVED,NO_CANDIDATE_FOUND
rp_LEI_20260525_5.23,rp_LEI_gearing's_point,HORSE_UNRESOLVED,NO_CANDIDATE_FOUND
rp_LEI_20260525_5.23,rp_LEI_wath_court,HORSE_UNRESOLVED,NO_CANDIDATE_FOUND
rp_LEI_20260525_5.23,rp_LEI_little_she,HORSE_UNRESOLVED,NO_CANDIDATE_FOUND
rp_LEI_20260525_5.23,rp_LEI_coverbridge,HORSE_UNRESOLVED,NO_CANDIDATE_FOUND
rp_LEI_20260525_5.23,rp_LEI_rose_warrior,HORSE_UNRESOLVED,NO_CANDIDATE_FOUND
rp_RED_20260525_1.47,rp_RED_celestial_fire,HORSE_UNRESOLVED,NO_CANDIDATE_FOUND
rp_RED_20260525_1.47,rp_RED_birkacre_brow,HORSE_UNRESOLVED,NO_CANDIDATE_FOUND
rp_RED_20260525_1.47,rp_RED_yorkshire_dream,HORSE_UNRESOLVED,NO_CANDIDATE_FOUND
rp_RED_20260525_1.47,rp_RED_mardy_bum,HORSE_UNRESOLVED,NO_CANDIDATE_FOUND
rp_RED_20260525_1.47,rp_RED_bigalo,HORSE_UNRESOLVED,NO_CANDIDATE_FOUND
rp_RED_20260525_2.22,rp_RED_glen_nevis,HORSE_UNRESOLVED,NO_CANDIDATE_FOUND
rp_RED_20260525_2.22,rp_RED_venetian_lion,HORSE_UNRESOLVED,NO_CANDIDATE_FOUND
rp_RED_20260525_2.22,rp_RED_bright_sunlight,HORSE_UNRESOLVED,NO_CANDIDATE_FOUND
rp_RED_20260525_2.22,rp_RED_invaluable_eye,HORSE_UNRESOLVED,NO_CANDIDATE_FOUND
rp_RED_20260525_2.22,rp_RED_park_lane_penny,HORSE_UNRESOLVED,NO_CANDIDATE_FOUND
rp_RED_20260525_2.22,rp_RED_the_resdev_willow,HORSE_UNRESOLVED,NO_CANDIDATE_FOUND
rp_RED_20260525_2.22,rp_RED_clova_royale,HORSE_UNRESOLVED,NO_CANDIDATE_FOUND
rp_RED_20260525_4.43,rp_RED_dorney_lake,HORSE_UNRESOLVED,NO_CANDIDATE_FOUND
rp_RED_20260525_4.43,rp_RED_sugar_baby,HORSE_UNRESOLVED,NO_CANDIDATE_FOUND
rp_RED_20260525_4.43,rp_RED_dicko_the_legend,HORSE_UNRESOLVED,NO_CANDIDATE_FOUND
rp_RED_20260525_4.43,rp_RED_paws_for_thought,HORSE_UNRESOLVED,NO_CANDIDATE_FOUND
rp_RED_20260525_4.43,rp_RED_novamay,HORSE_UNRESOLVED,NO_CANDIDATE_FOUND
rp_RED_20260525_4.43,rp_RED_artagnan,HORSE_UNRESOLVED,NO_CANDIDATE_FOUND
rp_RED_20260525_4.43,rp_RED_wobwobwob,HORSE_UNRESOLVED,NO_CANDIDATE_FOUND
rp_RED_20260525_4.43,rp_RED_winged_messenger,HORSE_UNRESOLVED,NO_CANDIDATE_FOUND
rp_RED_20260525_4.43,rp_RED_tinto,HORSE_UNRESOLVED,NO_CANDIDATE_FOUND
rp_RED_20260525_2.57,rp_RED_elettaria,HORSE_UNRESOLVED,NO_CANDIDATE_FOUND
rp_RED_20260525_2.57,rp_RED_martin's_brig,HORSE_UNRESOLVED,NO_CANDIDATE_FOUND
rp_RED_20260525_2.57,rp_RED_due_respect,HORSE_UNRESOLVED,NO_CANDIDATE_FOUND
rp_RED_20260525_2.57,rp_RED_bantz,HORSE_UNRESOLVED,NO_CANDIDATE_FOUND
rp_RED_20260525_2.57,rp_RED_ey_up_he's_a_star,HORSE_UNRESOLVED,NO_CANDIDATE_FOUND
rp_RED_20260525_2.57,rp_RED_oscar's_sister,HORSE_UNRESOLVED,NO_CANDIDATE_FOUND
rp_RED_20260525_2.57,rp_RED_patontheback,HORSE_UNRESOLVED,NO_CANDIDATE_FOUND
rp_RED_20260525_3.32,rp_RED_jack_rabbit_slims,HORSE_UNRESOLVED,NO_CANDIDATE_FOUND
rp_RED_20260525_3.32,rp_RED_prima_domina,HORSE_UNRESOLVED,NO_CANDIDATE_FOUND
rp_RED_20260525_3.32,rp_RED_love_alive,HORSE_UNRESOLVED,NO_CANDIDATE_FOUND
rp_RED_20260525_3.32,rp_RED_riffa_spirit,HORSE_UNRESOLVED,NO_CANDIDATE_FOUND
rp_RED_20260525_4.07,rp_RED_rainbow_nebula,HORSE_UNRESOLVED,NO_CANDIDATE_FOUND
rp_RED_20260525_4.07,rp_RED_clouds_hill,HORSE_UNRESOLVED,NO_CANDIDATE_FOUND
rp_RED_20260525_4.07,rp_RED_salam_dubawi,HORSE_UNRESOLVED,NO_CANDIDATE_FOUND
rp_RED_20260525_4.07,rp_RED_divine_knight,HORSE_UNRESOLVED,NO_CANDIDATE_FOUND
rp_RED_20260525_4.07,rp_RED_saint_etienne,HORSE_UNRESOLVED,NO_CANDIDATE_FOUND
rp_RED_20260525_4.07,rp_RED_flying_frontier,HORSE_UNRESOLVED,NO_CANDIDATE_FOUND
rp_RED_20260525_5.18,rp_RED_wheres_the_crumpet,HORSE_UNRESOLVED,NO_CANDIDATE_FOUND
rp_RED_20260525_5.18,rp_RED_tiberio_force,HORSE_UNRESOLVED,NO_CANDIDATE_FOUND
rp_RED_20260525_5.18,rp_RED_shifter,HORSE_UNRESOLVED,NO_CANDIDATE_FOUND
rp_RED_20260525_5.18,rp_RED_mazza,HORSE_UNRESOLVED,NO_CANDIDATE_FOUND
rp_RED_20260525_5.18,rp_RED_kalikapour,HORSE_UNRESOLVED,NO_CANDIDATE_FOUND
rp_RED_20260525_5.18,rp_RED_charencey,HORSE_UNRESOLVED,NO_CANDIDATE_FOUND
rp_RED_20260525_5.18,rp_RED_prince_hector,HORSE_UNRESOLVED,NO_CANDIDATE_FOUND
rp_WDR_20260525_2.08,rp_WDR_imperial_cult,HORSE_UNRESOLVED,NO_CANDIDATE_FOUND
rp_WDR_20260525_2.08,rp_WDR_seventy,HORSE_UNRESOLVED,NO_CANDIDATE_FOUND
rp_WDR_20260525_2.08,rp_WDR_sea_of_charm,HORSE_UNRESOLVED,NO_CANDIDATE_FOUND
rp_WDR_20260525_2.08,rp_WDR_opera_wave,HORSE_UNRESOLVED,NO_CANDIDATE_FOUND
rp_WDR_20260525_2.08,rp_WDR_free_world,HORSE_UNRESOLVED,NO_CANDIDATE_FOUND
rp_WDR_20260525_2.43,rp_WDR_percy's_star,HORSE_UNRESOLVED,NO_CANDIDATE_FOUND
rp_WDR_20260525_2.43,rp_WDR_space_party,HORSE_UNRESOLVED,NO_CANDIDATE_FOUND
rp_WDR_20260525_2.43,rp_WDR_moravian,HORSE_UNRESOLVED,NO_CANDIDATE_FOUND
rp_WDR_20260525_2.43,rp_WDR_trinculo,HORSE_UNRESOLVED,NO_CANDIDATE_FOUND
rp_WDR_20260525_3.18,rp_WDR_sea_canary,HORSE_UNRESOLVED,NO_CANDIDATE_FOUND
rp_WDR_20260525_3.18,rp_WDR_aukus,HORSE_UNRESOLVED,NO_CANDIDATE_FOUND
rp_WDR_20260525_3.18,rp_WDR_joanna_hiffernan,HORSE_UNRESOLVED,NO_CANDIDATE_FOUND
rp_WDR_20260525_3.53,rp_WDR_nad_alshiba_green,HORSE_UNRESOLVED,NO_CANDIDATE_FOUND
rp_WDR_20260525_3.53,rp_WDR_sudden_flight,HORSE_UNRESOLVED,NO_CANDIDATE_FOUND
rp_WDR_20260525_3.53,rp_WDR_desert_cop,HORSE_UNRESOLVED,NO_CANDIDATE_FOUND
rp_WDR_20260525_3.53,rp_WDR_trefor,HORSE_UNRESOLVED,NO_CANDIDATE_FOUND
rp_WDR_20260525_3.53,rp_WDR_kylian,HORSE_UNRESOLVED,NO_CANDIDATE_FOUND
rp_WDR_20260525_4.25,rp_WDR_urban_glimpse,HORSE_UNRESOLVED,NO_CANDIDATE_FOUND
rp_WDR_20260525_4.25,rp_WDR_greek_order,HORSE_UNRESOLVED,NO_CANDIDATE_FOUND
rp_WDR_20260525_4.25,rp_WDR_first_principle,HORSE_UNRESOLVED,NO_CANDIDATE_FOUND
rp_WDR_20260525_4.25,rp_WDR_auld_toon_loon,HORSE_UNRESOLVED,NO_CANDIDATE_FOUND
rp_WDR_20260525_5.00,rp_WDR_bold_impact,HORSE_UNRESOLVED,NO_CANDIDATE_FOUND
rp_WDR_20260525_5.00,rp_WDR_indian_spirit,HORSE_UNRESOLVED,NO_CANDIDATE_FOUND
rp_WDR_20260525_5.00,rp_WDR_huscal,HORSE_UNRESOLVED,NO_CANDIDATE_FOUND
rp_WDR_20260525_5.00,rp_WDR_talis_evolvere,HORSE_UNRESOLVED,NO_CANDIDATE_FOUND
rp_WDR_20260525_5.00,rp_WDR_nikovo,HORSE_UNRESOLVED,NO_CANDIDATE_FOUND
rp_WDR_20260525_5.00,rp_WDR_skipper,HORSE_UNRESOLVED,NO_CANDIDATE_FOUND
rp_WDR_20260525_5.30,rp_WDR_shes_got_the_blues,HORSE_UNRESOLVED,NO_CANDIDATE_FOUND
rp_WDR_20260525_5.30,rp_WDR_marveling,HORSE_UNRESOLVED,NO_CANDIDATE_FOUND
rp_WDR_20260525_5.30,rp_WDR_angry_ant,HORSE_UNRESOLVED,NO_CANDIDATE_FOUND
rp_WDR_20260525_5.30,rp_WDR_hurricane_ann,HORSE_UNRESOLVED,NO_CANDIDATE_FOUND
rp_WDR_20260525_5.30,rp_WDR_takeitorleaveit,HORSE_UNRESOLVED,NO_CANDIDATE_FOUND
rp_WDR_20260525_5.30,rp_WDR_beryl's_girl,HORSE_UNRESOLVED,NO_CANDIDATE_FOUND
rp_WDR_20260525_5.30,rp_WDR_accommodation,HORSE_UNRESOLVED,NO_CANDIDATE_FOUND
rp_WDR_20260525_5.30,rp_WDR_sunshine_and_roses,HORSE_UNRESOLVED,NO_CANDIDATE_FOUND
918928,9212567,HORSE_UNRESOLVED,NO_CANDIDATE_FOUND
918928,8881161,HORSE_UNRESOLVED,NO_CANDIDATE_FOUND
918928,9258994,HORSE_UNRESOLVED,NO_CANDIDATE_FOUND
918928,9227253,HORSE_UNRESOLVED,NO_CANDIDATE_FOUND
918928,9212564,HORSE_UNRESOLVED,NO_CANDIDATE_FOUND
918943,9184992,HORSE_UNRESOLVED,NO_CANDIDATE_FOUND
918943,9115737,HORSE_UNRESOLVED,NO_CANDIDATE_FOUND
918943,9290871,HORSE_UNRESOLVED,NO_CANDIDATE_FOUND
918943,9290872,HORSE_UNRESOLVED,NO_CANDIDATE_FOUND
918943,9290877,HORSE_UNRESOLVED,NO_CANDIDATE_FOUND
918943,9120008,HORSE_UNRESOLVED,NO_CANDIDATE_FOUND
918942,7462311,HORSE_UNRESOLVED,NO_CANDIDATE_FOUND
918942,9153207,HORSE_UNRESOLVED,NO_CANDIDATE_FOUND
918942,9290876,HORSE_UNRESOLVED,NO_CANDIDATE_FOUND
918942,9046248,HORSE_UNRESOLVED,NO_CANDIDATE_FOUND
918947,8013552,HORSE_UNRESOLVED,NO_CANDIDATE_FOUND
918947,7935111,HORSE_UNRESOLVED,NO_CANDIDATE_FOUND
918947,7882530,HORSE_UNRESOLVED,NO_CANDIDATE_FOUND
918947,8075065,HORSE_UNRESOLVED,NO_CANDIDATE_FOUND
918947,8607162,HORSE_UNRESOLVED,NO_CANDIDATE_FOUND
918947,7365392,HORSE_UNRESOLVED,NO_CANDIDATE_FOUND
918947,8485662,HORSE_UNRESOLVED,NO_CANDIDATE_FOUND
918947,7020383,HORSE_UNRESOLVED,NO_CANDIDATE_FOUND
918947,7436363,HORSE_UNRESOLVED,NO_CANDIDATE_FOUND
918947,8137383,HORSE_UNRESOLVED,NO_CANDIDATE_FOUND
918946,5073251,HORSE_UNRESOLVED,NO_CANDIDATE_FOUND
918946,5740905,HORSE_UNRESOLVED,NO_CANDIDATE_FOUND
918946,5096517,HORSE_UNRESOLVED,NO_CANDIDATE_FOUND
918946,7400069,HORSE_UNRESOLVED,NO_CANDIDATE_FOUND
918946,5903627,HORSE_UNRESOLVED,NO_CANDIDATE_FOUND
918946,5920413,HORSE_UNRESOLVED,NO_CANDIDATE_FOUND
918946,3558239,HORSE_UNRESOLVED,NO_CANDIDATE_FOUND
920504,4534414,HORSE_UNRESOLVED,NO_CANDIDATE_FOUND
920504,6087967,HORSE_UNRESOLVED,NO_CANDIDATE_FOUND
920504,5781948,HORSE_UNRESOLVED,NO_CANDIDATE_FOUND
918931,8688517,HORSE_UNRESOLVED,NO_CANDIDATE_FOUND
918931,8881486,HORSE_UNRESOLVED,NO_CANDIDATE_FOUND
918931,8881487,HORSE_UNRESOLVED,NO_CANDIDATE_FOUND
918931,9120001,HORSE_UNRESOLVED,NO_CANDIDATE_FOUND
920505,9105990,HORSE_UNRESOLVED,NO_CANDIDATE_FOUND
920505,9105991,HORSE_UNRESOLVED,NO_CANDIDATE_FOUND
920505,9290854,HORSE_UNRESOLVED,NO_CANDIDATE_FOUND
920505,9286458,HORSE_UNRESOLVED,NO_CANDIDATE_FOUND
920505,9290852,HORSE_UNRESOLVED,NO_CANDIDATE_FOUND
920505,9166864,HORSE_UNRESOLVED,NO_CANDIDATE_FOUND
918927,8326156,HORSE_UNRESOLVED,NO_CANDIDATE_FOUND
918927,7992612,HORSE_UNRESOLVED,NO_CANDIDATE_FOUND
918927,8084438,HORSE_UNRESOLVED,NO_CANDIDATE_FOUND
920507,4827183,HORSE_UNRESOLVED,NO_CANDIDATE_FOUND
920507,5859153,HORSE_UNRESOLVED,NO_CANDIDATE_FOUND
920507,6287977,HORSE_UNRESOLVED,NO_CANDIDATE_FOUND
918933,7957277,HORSE_UNRESOLVED,NO_CANDIDATE_FOUND
918933,8013551,HORSE_UNRESOLVED,NO_CANDIDATE_FOUND
918933,7020303,HORSE_UNRESOLVED,NO_CANDIDATE_FOUND
918933,7622792,HORSE_UNRESOLVED,NO_CANDIDATE_FOUND
918933,7789366,HORSE_UNRESOLVED,NO_CANDIDATE_FOUND
918933,7713433,HORSE_UNRESOLVED,NO_CANDIDATE_FOUND
918933,7996942,HORSE_UNRESOLVED,NO_CANDIDATE_FOUND
920509,4336793,HORSE_UNRESOLVED,NO_CANDIDATE_FOUND
920509,4303357,HORSE_UNRESOLVED,NO_CANDIDATE_FOUND
920509,3677979,HORSE_UNRESOLVED,NO_CANDIDATE_FOUND
920509,5837057,HORSE_UNRESOLVED,NO_CANDIDATE_FOUND
920509,3687267,HORSE_UNRESOLVED,NO_CANDIDATE_FOUND
918932,5343972,HORSE_UNRESOLVED,NO_CANDIDATE_FOUND
918932,4827079,HORSE_UNRESOLVED,NO_CANDIDATE_FOUND
918932,3437697,HORSE_UNRESOLVED,NO_CANDIDATE_FOUND
918932,6042411,HORSE_UNRESOLVED,NO_CANDIDATE_FOUND
918932,6969867,HORSE_UNRESOLVED,NO_CANDIDATE_FOUND
920506,5093062,HORSE_UNRESOLVED,NO_CANDIDATE_FOUND
920506,6560228,HORSE_UNRESOLVED,NO_CANDIDATE_FOUND
920506,6358976,HORSE_UNRESOLVED,NO_CANDIDATE_FOUND
920506,4425845,HORSE_UNRESOLVED,NO_CANDIDATE_FOUND
920506,3737114,HORSE_UNRESOLVED,NO_CANDIDATE_FOUND
920506,2678274,HORSE_UNRESOLVED,NO_CANDIDATE_FOUND
921549,8881564,HORSE_UNRESOLVED,NO_CANDIDATE_FOUND
921549,9115721,HORSE_UNRESOLVED,NO_CANDIDATE_FOUND
921549,7267898,HORSE_UNRESOLVED,NO_CANDIDATE_FOUND
921549,9024476,HORSE_UNRESOLVED,NO_CANDIDATE_FOUND
921549,8236369,HORSE_UNRESOLVED,NO_CANDIDATE_FOUND
921549,9217554,HORSE_UNRESOLVED,NO_CANDIDATE_FOUND
921549,9148103,HORSE_UNRESOLVED,NO_CANDIDATE_FOUND
921549,7926350,HORSE_UNRESOLVED,NO_CANDIDATE_FOUND
920508,8335415,HORSE_UNRESOLVED,NO_CANDIDATE_FOUND
920508,7529969,HORSE_UNRESOLVED,NO_CANDIDATE_FOUND
921519,3715492,HORSE_UNRESOLVED,NO_CANDIDATE_FOUND
921519,6032412,HORSE_UNRESOLVED,NO_CANDIDATE_FOUND
921519,4612964,HORSE_UNRESOLVED,NO_CANDIDATE_FOUND
921519,6692972,HORSE_UNRESOLVED,NO_CANDIDATE_FOUND
921519,6134859,HORSE_UNRESOLVED,NO_CANDIDATE_FOUND
921519,5608554,HORSE_UNRESOLVED,NO_CANDIDATE_FOUND
921519,3880923,HORSE_UNRESOLVED,NO_CANDIDATE_FOUND
921519,6121045,HORSE_UNRESOLVED,NO_CANDIDATE_FOUND
918929,7727264,HORSE_UNRESOLVED,NO_CANDIDATE_FOUND
918929,7708589,HORSE_UNRESOLVED,NO_CANDIDATE_FOUND
918929,7643469,HORSE_UNRESOLVED,NO_CANDIDATE_FOUND
921550,6064550,HORSE_UNRESOLVED,NO_CANDIDATE_FOUND
921550,7538829,HORSE_UNRESOLVED,NO_CANDIDATE_FOUND
921550,6916222,HORSE_UNRESOLVED,NO_CANDIDATE_FOUND
920817,6796760,HORSE_UNRESOLVED,NO_CANDIDATE_FOUND
920817,6496399,HORSE_UNRESOLVED,NO_CANDIDATE_FOUND
921520,7436381,HORSE_UNRESOLVED,NO_CANDIDATE_FOUND
921520,8148785,HORSE_UNRESOLVED,NO_CANDIDATE_FOUND
921520,7957261,HORSE_UNRESOLVED,NO_CANDIDATE_FOUND
921520,7900547,HORSE_UNRESOLVED,NO_CANDIDATE_FOUND
921520,9115754,HORSE_UNRESOLVED,NO_CANDIDATE_FOUND
921520,8236316,HORSE_UNRESOLVED,NO_CANDIDATE_FOUND
921520,9227255,HORSE_UNRESOLVED,NO_CANDIDATE_FOUND
921520,8711041,HORSE_UNRESOLVED,NO_CANDIDATE_FOUND
921520,8048381,HORSE_UNRESOLVED,NO_CANDIDATE_FOUND
921551,8423306,HORSE_UNRESOLVED,NO_CANDIDATE_FOUND
921551,8304665,HORSE_UNRESOLVED,NO_CANDIDATE_FOUND
921551,9227227,HORSE_UNRESOLVED,NO_CANDIDATE_FOUND
921551,9254260,HORSE_UNRESOLVED,NO_CANDIDATE_FOUND
921551,6233861,HORSE_UNRESOLVED,NO_CANDIDATE_FOUND
921551,5207758,HORSE_UNRESOLVED,NO_CANDIDATE_FOUND
921551,9295581,HORSE_UNRESOLVED,NO_CANDIDATE_FOUND
921551,7930868,HORSE_UNRESOLVED,NO_CANDIDATE_FOUND
921551,9055594,HORSE_UNRESOLVED,NO_CANDIDATE_FOUND
921551,5248375,HORSE_UNRESOLVED,NO_CANDIDATE_FOUND
921551,3385780,HORSE_UNRESOLVED,NO_CANDIDATE_FOUND
921551,8561153,HORSE_UNRESOLVED,NO_CANDIDATE_FOUND
921521,7900538,HORSE_UNRESOLVED,NO_CANDIDATE_FOUND
921521,7556735,HORSE_UNRESOLVED,NO_CANDIDATE_FOUND
921521,7780568,HORSE_UNRESOLVED,NO_CANDIDATE_FOUND
921521,8148791,HORSE_UNRESOLVED,NO_CANDIDATE_FOUND
921521,8018256,HORSE_UNRESOLVED,NO_CANDIDATE_FOUND
921521,5837074,HORSE_UNRESOLVED,NO_CANDIDATE_FOUND
921521,8871663,HORSE_UNRESOLVED,NO_CANDIDATE_FOUND
918954,8111191,HORSE_UNRESOLVED,NO_CANDIDATE_FOUND
918954,9060384,HORSE_UNRESOLVED,NO_CANDIDATE_FOUND
918954,8188053,HORSE_UNRESOLVED,NO_CANDIDATE_FOUND
921603,5504679,HORSE_UNRESOLVED,NO_CANDIDATE_FOUND
921603,9281148,HORSE_UNRESOLVED,NO_CANDIDATE_FOUND
921603,5251944,HORSE_UNRESOLVED,NO_CANDIDATE_FOUND
921603,9227238,HORSE_UNRESOLVED,NO_CANDIDATE_FOUND
921603,8940404,HORSE_UNRESOLVED,NO_CANDIDATE_FOUND
921603,6037326,HORSE_UNRESOLVED,NO_CANDIDATE_FOUND
921603,5403083,HORSE_UNRESOLVED,NO_CANDIDATE_FOUND
921603,8973301,HORSE_UNRESOLVED,NO_CANDIDATE_FOUND
921603,5649690,HORSE_UNRESOLVED,NO_CANDIDATE_FOUND
921603,8022557,HORSE_UNRESOLVED,NO_CANDIDATE_FOUND
921603,5705878,HORSE_UNRESOLVED,NO_CANDIDATE_FOUND
920819,3499156,HORSE_UNRESOLVED,NO_CANDIDATE_FOUND
920819,4117778,HORSE_UNRESOLVED,NO_CANDIDATE_FOUND
920819,4288026,HORSE_UNRESOLVED,NO_CANDIDATE_FOUND
921522,2315209,HORSE_UNRESOLVED,NO_CANDIDATE_FOUND
921522,4849543,HORSE_UNRESOLVED,NO_CANDIDATE_FOUND
921522,6487589,HORSE_UNRESOLVED,NO_CANDIDATE_FOUND
921522,5889829,HORSE_UNRESOLVED,NO_CANDIDATE_FOUND
921522,5160459,HORSE_UNRESOLVED,NO_CANDIDATE_FOUND
921522,7757799,HORSE_UNRESOLVED,NO_CANDIDATE_FOUND
921522,8231739,HORSE_UNRESOLVED,NO_CANDIDATE_FOUND
921522,5073314,HORSE_UNRESOLVED,NO_CANDIDATE_FOUND
921522,3178686,HORSE_UNRESOLVED,NO_CANDIDATE_FOUND
921522,4459185,HORSE_UNRESOLVED,NO_CANDIDATE_FOUND
918959,7631485,HORSE_UNRESOLVED,NO_CANDIDATE_FOUND
918959,7547289,HORSE_UNRESOLVED,NO_CANDIDATE_FOUND
918959,7739799,HORSE_UNRESOLVED,NO_CANDIDATE_FOUND
918959,7395212,HORSE_UNRESOLVED,NO_CANDIDATE_FOUND
918959,8463840,HORSE_UNRESOLVED,NO_CANDIDATE_FOUND
918959,7471058,HORSE_UNRESOLVED,NO_CANDIDATE_FOUND
918959,8335515,HORSE_UNRESOLVED,NO_CANDIDATE_FOUND
918959,7020427,HORSE_UNRESOLVED,NO_CANDIDATE_FOUND
918959,7205138,HORSE_UNRESOLVED,NO_CANDIDATE_FOUND
918959,8227214,HORSE_UNRESOLVED,NO_CANDIDATE_FOUND
921552,5845764,HORSE_UNRESOLVED,NO_CANDIDATE_FOUND
921552,7441032,HORSE_UNRESOLVED,NO_CANDIDATE_FOUND
921552,5764671,HORSE_UNRESOLVED,NO_CANDIDATE_FOUND
921552,5743681,HORSE_UNRESOLVED,NO_CANDIDATE_FOUND
921552,5050189,HORSE_UNRESOLVED,NO_CANDIDATE_FOUND
921552,4497178,HORSE_UNRESOLVED,NO_CANDIDATE_FOUND
920820,4547885,HORSE_UNRESOLVED,NO_CANDIDATE_FOUND
920820,3308182,HORSE_UNRESOLVED,NO_CANDIDATE_FOUND
920820,3921698,HORSE_UNRESOLVED,NO_CANDIDATE_FOUND
921523,9060368,HORSE_UNRESOLVED,NO_CANDIDATE_FOUND
921523,9295525,HORSE_UNRESOLVED,NO_CANDIDATE_FOUND
921523,9263850,HORSE_UNRESOLVED,NO_CANDIDATE_FOUND
921523,7757766,HORSE_UNRESOLVED,NO_CANDIDATE_FOUND
921523,8120551,HORSE_UNRESOLVED,NO_CANDIDATE_FOUND
921523,8179312,HORSE_UNRESOLVED,NO_CANDIDATE_FOUND
921523,9295524,HORSE_UNRESOLVED,NO_CANDIDATE_FOUND
921523,9009945,HORSE_UNRESOLVED,NO_CANDIDATE_FOUND
918956,7204800,HORSE_UNRESOLVED,NO_CANDIDATE_FOUND
918956,9227219,HORSE_UNRESOLVED,NO_CANDIDATE_FOUND
918956,9222322,HORSE_UNRESOLVED,NO_CANDIDATE_FOUND
918956,9083762,HORSE_UNRESOLVED,NO_CANDIDATE_FOUND
920821,4288001,HORSE_UNRESOLVED,NO_CANDIDATE_FOUND
920821,3038171,HORSE_UNRESOLVED,NO_CANDIDATE_FOUND
920821,58950447,HORSE_UNRESOLVED,NO_CANDIDATE_FOUND
918957,6473556,HORSE_UNRESOLVED,NO_CANDIDATE_FOUND
918957,5176462,HORSE_UNRESOLVED,NO_CANDIDATE_FOUND
918957,5641189,HORSE_UNRESOLVED,NO_CANDIDATE_FOUND
918957,8174791,HORSE_UNRESOLVED,NO_CANDIDATE_FOUND
918957,4564395,HORSE_UNRESOLVED,NO_CANDIDATE_FOUND
918957,5325062,HORSE_UNRESOLVED,NO_CANDIDATE_FOUND
921554,5003641,HORSE_UNRESOLVED,NO_CANDIDATE_FOUND
921554,3461256,HORSE_UNRESOLVED,NO_CANDIDATE_FOUND
921554,3803224,HORSE_UNRESOLVED,NO_CANDIDATE_FOUND
921554,7200352,HORSE_UNRESOLVED,NO_CANDIDATE_FOUND
921554,6635684,HORSE_UNRESOLVED,NO_CANDIDATE_FOUND
921554,4261316,HORSE_UNRESOLVED,NO_CANDIDATE_FOUND
921554,3835591,HORSE_UNRESOLVED,NO_CANDIDATE_FOUND
921554,5007860,HORSE_UNRESOLVED,NO_CANDIDATE_FOUND
921554,5116174,HORSE_UNRESOLVED,NO_CANDIDATE_FOUND
921554,5671280,HORSE_UNRESOLVED,NO_CANDIDATE_FOUND
921554,4014016,HORSE_UNRESOLVED,NO_CANDIDATE_FOUND
921554,58956217,HORSE_UNRESOLVED,NO_CANDIDATE_FOUND
920822,8467999,HORSE_UNRESOLVED,NO_CANDIDATE_FOUND
920822,4701436,HORSE_UNRESOLVED,NO_CANDIDATE_FOUND
920822,4407210,HORSE_UNRESOLVED,NO_CANDIDATE_FOUND
921525,8335362,HORSE_UNRESOLVED,NO_CANDIDATE_FOUND
921525,9060374,HORSE_UNRESOLVED,NO_CANDIDATE_FOUND
921525,6296532,HORSE_UNRESOLVED,NO_CANDIDATE_FOUND
921525,9295526,HORSE_UNRESOLVED,NO_CANDIDATE_FOUND
921525,9153287,HORSE_UNRESOLVED,NO_CANDIDATE_FOUND
921525,6528839,HORSE_UNRESOLVED,NO_CANDIDATE_FOUND
921525,9060376,HORSE_UNRESOLVED,NO_CANDIDATE_FOUND
921525,7996934,HORSE_UNRESOLVED,NO_CANDIDATE_FOUND
921525,6037323,HORSE_UNRESOLVED,NO_CANDIDATE_FOUND
918958,7847683,HORSE_UNRESOLVED,NO_CANDIDATE_FOUND
918958,7852221,HORSE_UNRESOLVED,NO_CANDIDATE_FOUND
918958,7507900,HORSE_UNRESOLVED,NO_CANDIDATE_FOUND
918958,7592690,HORSE_UNRESOLVED,NO_CANDIDATE_FOUND
918958,7020259,HORSE_UNRESOLVED,NO_CANDIDATE_FOUND
918958,7618359,HORSE_UNRESOLVED,NO_CANDIDATE_FOUND
921555,58953293,HORSE_UNRESOLVED,NO_CANDIDATE_FOUND
921555,7347744,HORSE_UNRESOLVED,NO_CANDIDATE_FOUND
921555,9295583,HORSE_UNRESOLVED,NO_CANDIDATE_FOUND
921555,7865943,HORSE_UNRESOLVED,NO_CANDIDATE_FOUND
921555,7462375,HORSE_UNRESOLVED,NO_CANDIDATE_FOUND
921555,7865944,HORSE_UNRESOLVED,NO_CANDIDATE_FOUND
921555,9295585,HORSE_UNRESOLVED,NO_CANDIDATE_FOUND
920823,8903771,HORSE_UNRESOLVED,NO_CANDIDATE_FOUND
920823,9222308,HORSE_UNRESOLVED,NO_CANDIDATE_FOUND
920823,9046223,HORSE_UNRESOLVED,NO_CANDIDATE_FOUND
920823,9290870,HORSE_UNRESOLVED,NO_CANDIDATE_FOUND
918969,7648500,HORSE_UNRESOLVED,NO_CANDIDATE_FOUND
921544,8656392,HORSE_UNRESOLVED,NO_CANDIDATE_FOUND
921544,5652638,HORSE_UNRESOLVED,NO_CANDIDATE_FOUND
921544,6350101,HORSE_UNRESOLVED,NO_CANDIDATE_FOUND
921543,4540815,HORSE_UNRESOLVED,NO_CANDIDATE_FOUND
921543,4189532,HORSE_UNRESOLVED,NO_CANDIDATE_FOUND
921545,8153116,HORSE_UNRESOLVED,NO_CANDIDATE_FOUND
921545,7648523,HORSE_UNRESOLVED,NO_CANDIDATE_FOUND
921545,7613478,HORSE_UNRESOLVED,NO_CANDIDATE_FOUND
921546,3290532,HORSE_UNRESOLVED,NO_CANDIDATE_FOUND
918736,3032742,HORSE_UNRESOLVED,NO_CANDIDATE_FOUND
918737,5455532,HORSE_UNRESOLVED,NO_CANDIDATE_FOUND
919103,9115660,HORSE_UNRESOLVED,NO_CANDIDATE_FOUND
921629,5009831,HORSE_UNRESOLVED,NO_CANDIDATE_FOUND
921629,7148068,HORSE_UNRESOLVED,NO_CANDIDATE_FOUND
921629,5864626,HORSE_UNRESOLVED,NO_CANDIDATE_FOUND
919105,9249280,HORSE_UNRESOLVED,NO_CANDIDATE_FOUND
919105,8290530,HORSE_UNRESOLVED,NO_CANDIDATE_FOUND
921547,7556755,HORSE_UNRESOLVED,NO_CANDIDATE_FOUND
921547,3256724,HORSE_UNRESOLVED,NO_CANDIDATE_FOUND
921547,7006353,HORSE_UNRESOLVED,NO_CANDIDATE_FOUND
919101,8115915,HORSE_UNRESOLVED,NO_CANDIDATE_FOUND
921548,9295572,HORSE_UNRESOLVED,NO_CANDIDATE_FOUND
921548,7082583,HORSE_UNRESOLVED,NO_CANDIDATE_FOUND
921548,9212549,HORSE_UNRESOLVED,NO_CANDIDATE_FOUND
921548,8330883,HORSE_UNRESOLVED,NO_CANDIDATE_FOUND
919099,7757823,HORSE_UNRESOLVED,NO_CANDIDATE_FOUND
918966,9046207,HORSE_UNRESOLVED,NO_CANDIDATE_FOUND
918962,3978090,HORSE_UNRESOLVED,NO_CANDIDATE_FOUND
918962,3607411,HORSE_UNRESOLVED,NO_CANDIDATE_FOUND
918739,6759115,HORSE_UNRESOLVED,NO_CANDIDATE_FOUND
918739,4042095,HORSE_UNRESOLVED,NO_CANDIDATE_FOUND
918964,5355676,HORSE_UNRESOLVED,NO_CANDIDATE_FOUND
918740,7307992,HORSE_UNRESOLVED,NO_CANDIDATE_FOUND
918965,6106954,HORSE_UNRESOLVED,NO_CANDIDATE_FOUND
920919,4288001,HORSE_UNRESOLVED,NO_CANDIDATE_FOUND
920919,5864579,HORSE_UNRESOLVED,NO_CANDIDATE_FOUND
918733,5633058,HORSE_UNRESOLVED,NO_CANDIDATE_FOUND
918733,3695327,HORSE_UNRESOLVED,NO_CANDIDATE_FOUND
918735,7390873,RACE_UNRESOLVED,NO_CANDIDATE_FOUND
918735,5431091,RACE_UNRESOLVED,NO_CANDIDATE_FOUND
918735,6855101,RACE_UNRESOLVED,NO_CANDIDATE_FOUND
918735,5048061,RACE_UNRESOLVED,NO_CANDIDATE_FOUND
918735,4584228,RACE_UNRESOLVED,NO_CANDIDATE_FOUND
918735,3735109,RACE_UNRESOLVED,NO_CANDIDATE_FOUND
918735,3772688,RACE_UNRESOLVED,NO_CANDIDATE_FOUND
918735,6802974,RACE_UNRESOLVED,NO_CANDIDATE_FOUND
918735,3137704,RACE_UNRESOLVED,NO_CANDIDATE_FOUND
918735,3223881,RACE_UNRESOLVED,NO_CANDIDATE_FOUND
918735,3205776,RACE_UNRESOLVED,NO_CANDIDATE_FOUND
918735,3282206,RACE_UNRESOLVED,NO_CANDIDATE_FOUND
918735,3046819,RACE_UNRESOLVED,NO_CANDIDATE_FOUND
921570,6894126,RACE_UNRESOLVED,NO_CANDIDATE_FOUND
921570,4159563,RACE_UNRESOLVED,NO_CANDIDATE_FOUND
921570,4938795,RACE_UNRESOLVED,NO_CANDIDATE_FOUND
921570,4965705,RACE_UNRESOLVED,NO_CANDIDATE_FOUND
921570,6314174,RACE_UNRESOLVED,NO_CANDIDATE_FOUND
921570,5725086,RACE_UNRESOLVED,NO_CANDIDATE_FOUND
921570,3046703,RACE_UNRESOLVED,NO_CANDIDATE_FOUND
921570,4199220,RACE_UNRESOLVED,NO_CANDIDATE_FOUND
921570,3549507,RACE_UNRESOLVED,NO_CANDIDATE_FOUND
921570,3954931,RACE_UNRESOLVED,NO_CANDIDATE_FOUND
921570,2643487,RACE_UNRESOLVED,NO_CANDIDATE_FOUND
921816,6473499,RACE_UNRESOLVED,NO_CANDIDATE_FOUND
921816,5746471,RACE_UNRESOLVED,NO_CANDIDATE_FOUND
921816,5490473,RACE_UNRESOLVED,NO_CANDIDATE_FOUND
921816,6763599,RACE_UNRESOLVED,NO_CANDIDATE_FOUND
921816,4538575,RACE_UNRESOLVED,NO_CANDIDATE_FOUND
921816,5092885,RACE_UNRESOLVED,NO_CANDIDATE_FOUND
921816,3861045,RACE_UNRESOLVED,NO_CANDIDATE_FOUND
921816,4808606,RACE_UNRESOLVED,NO_CANDIDATE_FOUND
rp_BRI_20260529_14.20,rp_BRI_king_of_chaos,HORSE_UNRESOLVED,NO_CANDIDATE_FOUND
rp_BRI_20260529_14.20,rp_BRI_tenzi,HORSE_UNRESOLVED,NO_CANDIDATE_FOUND
rp_BRI_20260529_14.20,rp_BRI_argy_bhaji,HORSE_UNRESOLVED,NO_CANDIDATE_FOUND
rp_BRI_20260529_14.20,rp_BRI_jane_of_the_jungle,HORSE_UNRESOLVED,NO_CANDIDATE_FOUND
rp_BRI_20260529_14.20,rp_BRI_grey_horizon,HORSE_UNRESOLVED,NO_CANDIDATE_FOUND
rp_BRI_20260529_14.20,rp_BRI_nifty,HORSE_UNRESOLVED,NO_CANDIDATE_FOUND
rp_BRI_20260529_14.50,rp_BRI_terry_o,HORSE_UNRESOLVED,NO_CANDIDATE_FOUND
rp_BRI_20260529_14.50,rp_BRI_c'est_lui,HORSE_UNRESOLVED,NO_CANDIDATE_FOUND
rp_BRI_20260529_14.50,rp_BRI_high_calibre,HORSE_UNRESOLVED,NO_CANDIDATE_FOUND
rp_BRI_20260529_14.50,rp_BRI_extended_order,HORSE_UNRESOLVED,NO_CANDIDATE_FOUND
rp_BRI_20260529_14.50,rp_BRI_sayidah_ardad,HORSE_UNRESOLVED,NO_CANDIDATE_FOUND
rp_BRI_20260529_15.20,rp_BRI_gallant_lion,HORSE_UNRESOLVED,NO_CANDIDATE_FOUND
rp_BRI_20260529_15.20,rp_BRI_golden_circet,HORSE_UNRESOLVED,NO_CANDIDATE_FOUND
rp_BRI_20260529_15.20,rp_BRI_oj_lifestyle,HORSE_UNRESOLVED,NO_CANDIDATE_FOUND
rp_BRI_20260529_15.20,rp_BRI_mister_daydream,HORSE_UNRESOLVED,NO_CANDIDATE_FOUND
rp_BRI_20260529_15.20,rp_BRI_kimeko_glory,HORSE_UNRESOLVED,NO_CANDIDATE_FOUND
rp_BRI_20260529_15.20,rp_BRI_maasai_mara,HORSE_UNRESOLVED,NO_CANDIDATE_FOUND
rp_BRI_20260529_15.20,rp_BRI_rogue_impact,HORSE_UNRESOLVED,NO_CANDIDATE_FOUND
rp_BRI_20260529_15.52,rp_BRI_joycean_way,HORSE_UNRESOLVED,NO_CANDIDATE_FOUND
rp_BRI_20260529_15.52,rp_BRI_banksman,HORSE_UNRESOLVED,NO_CANDIDATE_FOUND
rp_BRI_20260529_15.52,rp_BRI_havana_mojito,HORSE_UNRESOLVED,NO_CANDIDATE_FOUND
rp_BRI_20260529_15.52,rp_BRI_weston_court,HORSE_UNRESOLVED,NO_CANDIDATE_FOUND
rp_BRI_20260529_15.52,rp_BRI_celebrating_ethel,HORSE_UNRESOLVED,NO_CANDIDATE_FOUND
rp_BRI_20260529_15.52,rp_BRI_lady_of_the_isles,HORSE_UNRESOLVED,NO_CANDIDATE_FOUND
rp_BRI_20260529_15.52,rp_BRI_aim_for_the_bull,HORSE_UNRESOLVED,NO_CANDIDATE_FOUND
rp_BRI_20260529_15.52,rp_BRI_unknown_journey,HORSE_UNRESOLVED,NO_CANDIDATE_FOUND
rp_BRI_20260529_15.52,rp_BRI_manton_road,HORSE_UNRESOLVED,NO_CANDIDATE_FOUND
rp_BRI_20260529_15.52,rp_BRI_celtic_john,HORSE_UNRESOLVED,NO_CANDIDATE_FOUND
rp_BRI_20260529_15.52,rp_BRI_rovinia,HORSE_UNRESOLVED,NO_CANDIDATE_FOUND
rp_BRI_20260529_16.23,rp_BRI_zu_run,HORSE_UNRESOLVED,NO_CANDIDATE_FOUND
rp_BRI_20260529_16.23,rp_BRI_dalmally,HORSE_UNRESOLVED,NO_CANDIDATE_FOUND
rp_BRI_20260529_16.23,rp_BRI_dion_baker,HORSE_UNRESOLVED,NO_CANDIDATE_FOUND
rp_BRI_20260529_16.23,rp_BRI_kondratiev_wave,HORSE_UNRESOLVED,NO_CANDIDATE_FOUND
rp_BRI_20260529_16.23,rp_BRI_havana_joy,HORSE_UNRESOLVED,NO_CANDIDATE_FOUND
rp_BRI_20260529_16.23,rp_BRI_my_boy_harry,HORSE_UNRESOLVED,NO_CANDIDATE_FOUND
rp_BRI_20260529_16.23,rp_BRI_valsharah,HORSE_UNRESOLVED,NO_CANDIDATE_FOUND
rp_BRI_20260529_16.58,rp_BRI_lynwood_lad,HORSE_UNRESOLVED,NO_CANDIDATE_FOUND
rp_BRI_20260529_16.58,rp_BRI_starsong,HORSE_UNRESOLVED,NO_CANDIDATE_FOUND
rp_BRI_20260529_16.58,rp_BRI_top_biller,HORSE_UNRESOLVED,NO_CANDIDATE_FOUND
rp_BRI_20260529_16.58,rp_BRI_bated_breeze,HORSE_UNRESOLVED,NO_CANDIDATE_FOUND
rp_BRI_20260529_16.58,rp_BRI_dark_sun,HORSE_UNRESOLVED,NO_CANDIDATE_FOUND
rp_BRI_20260529_16.58,rp_BRI_thanks_dad,HORSE_UNRESOLVED,NO_CANDIDATE_FOUND
rp_BRI_20260529_16.58,rp_BRI_neptune_legend,HORSE_UNRESOLVED,NO_CANDIDATE_FOUND
rp_BRI_20260529_16.58,rp_BRI_on_key,HORSE_UNRESOLVED,NO_CANDIDATE_FOUND
rp_BRI_20260529_16.58,rp_BRI_henry_tudor,HORSE_UNRESOLVED,NO_CANDIDATE_FOUND
rp_BRI_20260529_16.58,rp_BRI_port_hedland,HORSE_UNRESOLVED,NO_CANDIDATE_FOUND
rp_BRI_20260529_16.58,rp_BRI_lil_wade,HORSE_UNRESOLVED,NO_CANDIDATE_FOUND
rp_BRI_20260529_16.58,rp_BRI_voodoo_ray,HORSE_UNRESOLVED,NO_CANDIDATE_FOUND
rp_BRI_20260529_16.58,rp_BRI_secret_handsheikh,HORSE_UNRESOLVED,NO_CANDIDATE_FOUND
rp_BRI_20260529_17.30,rp_BRI_dreambird_dolly,HORSE_UNRESOLVED,NO_CANDIDATE_FOUND
rp_BRI_20260529_17.30,rp_BRI_barnsnape_boy,HORSE_UNRESOLVED,NO_CANDIDATE_FOUND
rp_BRI_20260529_17.30,rp_BRI_apple's_angel,HORSE_UNRESOLVED,NO_CANDIDATE_FOUND
rp_BRI_20260529_17.30,rp_BRI_coolagh_magic,HORSE_UNRESOLVED,NO_CANDIDATE_FOUND
rp_BRI_20260529_17.30,rp_BRI_battle_point,HORSE_UNRESOLVED,NO_CANDIDATE_FOUND
rp_BRI_20260529_17.30,rp_BRI_kento,HORSE_UNRESOLVED,NO_CANDIDATE_FOUND
rp_BRI_20260529_17.30,rp_BRI_almavillalobas,HORSE_UNRESOLVED,NO_CANDIDATE_FOUND
rp_BRI_20260529_17.30,rp_BRI_rainbow_sorbet,HORSE_UNRESOLVED,NO_CANDIDATE_FOUND
rp_BRI_20260529_17.30,rp_BRI_coast,HORSE_UNRESOLVED,NO_CANDIDATE_FOUND
rp_CAR_20260529_14.10,rp_CAR_condotti,HORSE_UNRESOLVED,NO_CANDIDATE_FOUND
rp_CAR_20260529_14.10,rp_CAR_lever_up,HORSE_UNRESOLVED,NO_CANDIDATE_FOUND
rp_CAR_20260529_14.10,rp_CAR_runninsonofagun,HORSE_UNRESOLVED,NO_CANDIDATE_FOUND
rp_CAR_20260529_14.10,rp_CAR_krissy,HORSE_UNRESOLVED,NO_CANDIDATE_FOUND
rp_CAR_20260529_14.10,rp_CAR_hostility,HORSE_UNRESOLVED,NO_CANDIDATE_FOUND
rp_CAR_20260529_14.10,rp_CAR_golden_valour,HORSE_UNRESOLVED,NO_CANDIDATE_FOUND
rp_CAR_20260529_14.10,rp_CAR_yafaarr,HORSE_UNRESOLVED,NO_CANDIDATE_FOUND
rp_CAR_20260529_14.10,rp_CAR_pisanello,HORSE_UNRESOLVED,NO_CANDIDATE_FOUND
rp_CAR_20260529_14.10,rp_CAR_jewel_maker,HORSE_UNRESOLVED,NO_CANDIDATE_FOUND
rp_CAR_20260529_14.40,rp_CAR_call_nicki,HORSE_UNRESOLVED,NO_CANDIDATE_FOUND
rp_CAR_20260529_14.40,rp_CAR_may_bee_in_profit,HORSE_UNRESOLVED,NO_CANDIDATE_FOUND
rp_CAR_20260529_14.40,rp_CAR_lincoln_warrior,HORSE_UNRESOLVED,NO_CANDIDATE_FOUND
rp_CAR_20260529_14.40,rp_CAR_state_of_gold,HORSE_UNRESOLVED,NO_CANDIDATE_FOUND
rp_CAR_20260529_14.40,rp_CAR_justice_time,HORSE_UNRESOLVED,NO_CANDIDATE_FOUND
rp_CAR_20260529_14.40,rp_CAR_tamam_star,HORSE_UNRESOLVED,NO_CANDIDATE_FOUND
rp_CAR_20260529_14.40,rp_CAR_brixworth_bandit,HORSE_UNRESOLVED,NO_CANDIDATE_FOUND
rp_CAR_20260529_15.10,rp_CAR_get_up_everybody,HORSE_UNRESOLVED,NO_CANDIDATE_FOUND
rp_CAR_20260529_15.10,rp_CAR_midnight_lir,HORSE_UNRESOLVED,NO_CANDIDATE_FOUND
rp_CAR_20260529_15.10,rp_CAR_wee_mary,HORSE_UNRESOLVED,NO_CANDIDATE_FOUND
rp_CAR_20260529_15.10,rp_CAR_ski_angel,HORSE_UNRESOLVED,NO_CANDIDATE_FOUND
rp_CAR_20260529_15.10,rp_CAR_dandy_dinmont,HORSE_UNRESOLVED,NO_CANDIDATE_FOUND
rp_CAR_20260529_15.10,rp_CAR_komorkis,HORSE_UNRESOLVED,NO_CANDIDATE_FOUND
rp_CAR_20260529_15.10,rp_CAR_albegone,HORSE_UNRESOLVED,NO_CANDIDATE_FOUND
rp_CAR_20260529_15.10,rp_CAR_pop_star,HORSE_UNRESOLVED,NO_CANDIDATE_FOUND
rp_CAR_20260529_15.10,rp_CAR_lindoro,HORSE_UNRESOLVED,NO_CANDIDATE_FOUND
rp_CAR_20260529_15.10,rp_CAR_digital,HORSE_UNRESOLVED,NO_CANDIDATE_FOUND
rp_CAR_20260529_15.40,rp_CAR_ganthorpe,HORSE_UNRESOLVED,NO_CANDIDATE_FOUND
rp_CAR_20260529_15.40,rp_CAR_saxon_grace,HORSE_UNRESOLVED,NO_CANDIDATE_FOUND
rp_CAR_20260529_15.40,rp_CAR_auspicious,HORSE_UNRESOLVED,NO_CANDIDATE_FOUND
rp_CAR_20260529_15.40,rp_CAR_what_a_tahoo,HORSE_UNRESOLVED,NO_CANDIDATE_FOUND
rp_CAR_20260529_15.40,rp_CAR_ghadra,HORSE_UNRESOLVED,NO_CANDIDATE_FOUND
rp_CAR_20260529_15.40,rp_CAR_only_dream_big,HORSE_UNRESOLVED,NO_CANDIDATE_FOUND
rp_CAR_20260529_15.40,rp_CAR_kode_grey,HORSE_UNRESOLVED,NO_CANDIDATE_FOUND
rp_CAR_20260529_15.40,rp_CAR_saxon_gem,HORSE_UNRESOLVED,NO_CANDIDATE_FOUND
rp_CAR_20260529_15.40,rp_CAR_muddy_nora,HORSE_UNRESOLVED,NO_CANDIDATE_FOUND
rp_CAR_20260529_16.10,rp_CAR_taylormade_lad,HORSE_UNRESOLVED,NO_CANDIDATE_FOUND
rp_CAR_20260529_16.10,rp_CAR_fallons_first,HORSE_UNRESOLVED,NO_CANDIDATE_FOUND
rp_CAR_20260529_16.10,rp_CAR_alpine_sierra,HORSE_UNRESOLVED,NO_CANDIDATE_FOUND
rp_CAR_20260529_16.10,rp_CAR_naturalia,HORSE_UNRESOLVED,NO_CANDIDATE_FOUND
rp_CAR_20260529_16.10,rp_CAR_ravenscraig_castle,HORSE_UNRESOLVED,NO_CANDIDATE_FOUND
rp_CAR_20260529_16.10,rp_CAR_sweet_kiss,HORSE_UNRESOLVED,NO_CANDIDATE_FOUND
rp_CAR_20260529_16.10,rp_CAR_himself,HORSE_UNRESOLVED,NO_CANDIDATE_FOUND
rp_CAR_20260529_16.45,rp_CAR_glorious_kitty,HORSE_UNRESOLVED,NO_CANDIDATE_FOUND
rp_CAR_20260529_16.45,rp_CAR_no_nay_nevermind,HORSE_UNRESOLVED,NO_CANDIDATE_FOUND
rp_CAR_20260529_16.45,rp_CAR_singoura,HORSE_UNRESOLVED,NO_CANDIDATE_FOUND
rp_CAR_20260529_16.45,rp_CAR_valentine_catcher,HORSE_UNRESOLVED,NO_CANDIDATE_FOUND
rp_CAR_20260529_16.45,rp_CAR_sir_david,HORSE_UNRESOLVED,NO_CANDIDATE_FOUND
rp_CAR_20260529_16.45,rp_CAR_pallas_lord,HORSE_UNRESOLVED,NO_CANDIDATE_FOUND
rp_CAR_20260529_16.45,rp_CAR_rory's_gold,HORSE_UNRESOLVED,NO_CANDIDATE_FOUND
rp_CAR_20260529_16.45,rp_CAR_king_sharja,HORSE_UNRESOLVED,NO_CANDIDATE_FOUND
rp_CAR_20260529_16.45,rp_CAR_she's_a_goldigger,HORSE_UNRESOLVED,NO_CANDIDATE_FOUND
rp_CAR_20260529_17.15,rp_CAR_emerald_army,HORSE_UNRESOLVED,NO_CANDIDATE_FOUND
rp_CAR_20260529_17.15,rp_CAR_kings_merchant,HORSE_UNRESOLVED,NO_CANDIDATE_FOUND
rp_CAR_20260529_17.15,rp_CAR_carolus_magnus,HORSE_UNRESOLVED,NO_CANDIDATE_FOUND
rp_CAR_20260529_17.15,rp_CAR_doon_the_glen,HORSE_UNRESOLVED,NO_CANDIDATE_FOUND
rp_CAR_20260529_17.15,rp_CAR_el_pinto,HORSE_UNRESOLVED,NO_CANDIDATE_FOUND
rp_CAR_20260529_17.15,rp_CAR_the_gay_blade,HORSE_UNRESOLVED,NO_CANDIDATE_FOUND
rp_CAR_20260529_17.15,rp_CAR_jamaican_storm,HORSE_UNRESOLVED,NO_CANDIDATE_FOUND
rp_CAR_20260529_17.15,rp_CAR_ziggy's_angel,HORSE_UNRESOLVED,NO_CANDIDATE_FOUND
rp_CHP_20260529_14.00,rp_CHP_sea_of_charm,HORSE_UNRESOLVED,NO_CANDIDATE_FOUND
rp_CHP_20260529_14.00,rp_CHP_oasis_sunrise,HORSE_UNRESOLVED,NO_CANDIDATE_FOUND
rp_CHP_20260529_14.00,rp_CHP_trojan_truth,HORSE_UNRESOLVED,NO_CANDIDATE_FOUND
rp_CHP_20260529_14.00,rp_CHP_endofastorm,HORSE_UNRESOLVED,NO_CANDIDATE_FOUND
rp_CHP_20260529_14.00,rp_CHP_v_power,HORSE_UNRESOLVED,NO_CANDIDATE_FOUND
rp_CHP_20260529_14.00,rp_CHP_sapphire_sirocco,HORSE_UNRESOLVED,NO_CANDIDATE_FOUND
rp_CHP_20260529_14.00,rp_CHP_paps_of_jura,HORSE_UNRESOLVED,NO_CANDIDATE_FOUND
rp_CHP_20260529_14.00,rp_CHP_stage_show,HORSE_UNRESOLVED,NO_CANDIDATE_FOUND
rp_CHP_20260529_14.30,rp_CHP_regulus_black,HORSE_UNRESOLVED,NO_CANDIDATE_FOUND
rp_CHP_20260529_14.30,rp_CHP_time_to_sparkle,HORSE_UNRESOLVED,NO_CANDIDATE_FOUND
rp_CHP_20260529_14.30,rp_CHP_no_drama_mama,HORSE_UNRESOLVED,NO_CANDIDATE_FOUND
rp_CHP_20260529_14.30,rp_CHP_echo_valley,HORSE_UNRESOLVED,NO_CANDIDATE_FOUND
rp_CHP_20260529_14.30,rp_CHP_dash_of_class,HORSE_UNRESOLVED,NO_CANDIDATE_FOUND
rp_CHP_20260529_14.30,rp_CHP_gnocchi,HORSE_UNRESOLVED,NO_CANDIDATE_FOUND
rp_CHP_20260529_14.30,rp_CHP_leia_antilles,HORSE_UNRESOLVED,NO_CANDIDATE_FOUND
rp_CHP_20260529_14.30,rp_CHP_go_for_gold,HORSE_UNRESOLVED,NO_CANDIDATE_FOUND
rp_CHP_20260529_15.00,rp_CHP_alfaraz,HORSE_UNRESOLVED,NO_CANDIDATE_FOUND
rp_CHP_20260529_15.00,rp_CHP_echo_of_stars,HORSE_UNRESOLVED,NO_CANDIDATE_FOUND
rp_CHP_20260529_15.00,rp_CHP_blue_hercules,HORSE_UNRESOLVED,NO_CANDIDATE_FOUND
rp_CHP_20260529_15.00,rp_CHP_el_nay,HORSE_UNRESOLVED,NO_CANDIDATE_FOUND
rp_CHP_20260529_15.00,rp_CHP_madame_dragon,HORSE_UNRESOLVED,NO_CANDIDATE_FOUND
rp_CHP_20260529_15.00,rp_CHP_strong_man_tom,HORSE_UNRESOLVED,NO_CANDIDATE_FOUND
rp_CHP_20260529_15.00,rp_CHP_kinetic_impact,HORSE_UNRESOLVED,NO_CANDIDATE_FOUND
rp_CHP_20260529_15.00,rp_CHP_prophet_squeeze,HORSE_UNRESOLVED,NO_CANDIDATE_FOUND
rp_CHP_20260529_15.30,rp_CHP_over_spiced,HORSE_UNRESOLVED,NO_CANDIDATE_FOUND
rp_CHP_20260529_15.30,rp_CHP_on_edge,HORSE_UNRESOLVED,NO_CANDIDATE_FOUND
rp_CHP_20260529_15.30,rp_CHP_cayman_tai,HORSE_UNRESOLVED,NO_CANDIDATE_FOUND
rp_CHP_20260529_15.30,rp_CHP_so_smart,HORSE_UNRESOLVED,NO_CANDIDATE_FOUND
rp_CHP_20260529_15.30,rp_CHP_in_the_city,HORSE_UNRESOLVED,NO_CANDIDATE_FOUND
rp_CHP_20260529_16.05,rp_CHP_thanos,HORSE_UNRESOLVED,NO_CANDIDATE_FOUND
rp_CHP_20260529_16.05,rp_CHP_alice's_influence,HORSE_UNRESOLVED,NO_CANDIDATE_FOUND
rp_CHP_20260529_16.05,rp_CHP_mooj,HORSE_UNRESOLVED,NO_CANDIDATE_FOUND
rp_CHP_20260529_16.05,rp_CHP_lihou_lady,HORSE_UNRESOLVED,NO_CANDIDATE_FOUND
rp_CHP_20260529_16.05,rp_CHP_diamond_aura,HORSE_UNRESOLVED,NO_CANDIDATE_FOUND
rp_CHP_20260529_16.05,rp_CHP_violet_goldsmith,HORSE_UNRESOLVED,NO_CANDIDATE_FOUND
rp_CHP_20260529_16.05,rp_CHP_karmacy,HORSE_UNRESOLVED,NO_CANDIDATE_FOUND
rp_CHP_20260529_16.40,rp_CHP_guitar_solo,HORSE_UNRESOLVED,NO_CANDIDATE_FOUND
rp_CHP_20260529_16.40,rp_CHP_quisana,HORSE_UNRESOLVED,NO_CANDIDATE_FOUND
rp_CHP_20260529_16.40,rp_CHP_brocklesby_bill,HORSE_UNRESOLVED,NO_CANDIDATE_FOUND
rp_CHP_20260529_16.40,rp_CHP_food_for_thought,HORSE_UNRESOLVED,NO_CANDIDATE_FOUND
rp_CHP_20260529_16.40,rp_CHP_watercraft,HORSE_UNRESOLVED,NO_CANDIDATE_FOUND
rp_CHP_20260529_16.40,rp_CHP_diane_chasseresse,HORSE_UNRESOLVED,NO_CANDIDATE_FOUND
rp_CHP_20260529_16.40,rp_CHP_ingemar,HORSE_UNRESOLVED,NO_CANDIDATE_FOUND
921714,2645561,RACE_UNRESOLVED,NO_CANDIDATE_FOUND
921714,5403080,RACE_UNRESOLVED,NO_CANDIDATE_FOUND
921714,6032297,RACE_UNRESOLVED,NO_CANDIDATE_FOUND
921714,5089383,RACE_UNRESOLVED,NO_CANDIDATE_FOUND
921714,5258511,RACE_UNRESOLVED,NO_CANDIDATE_FOUND
921714,5708801,RACE_UNRESOLVED,NO_CANDIDATE_FOUND
921714,3839267,RACE_UNRESOLVED,NO_CANDIDATE_FOUND
921714,5708875,RACE_UNRESOLVED,NO_CANDIDATE_FOUND
921714,6350099,RACE_UNRESOLVED,NO_CANDIDATE_FOUND
921714,3761265,RACE_UNRESOLVED,NO_CANDIDATE_FOUND
921714,4701424,RACE_UNRESOLVED,NO_CANDIDATE_FOUND
921714,5325047,RACE_UNRESOLVED,NO_CANDIDATE_FOUND
921714,6175443,RACE_UNRESOLVED,NO_CANDIDATE_FOUND
921714,4272378,RACE_UNRESOLVED,NO_CANDIDATE_FOUND
921714,3654154,RACE_UNRESOLVED,NO_CANDIDATE_FOUND
921714,3096128,RACE_UNRESOLVED,NO_CANDIDATE_FOUND
921714,3075256,RACE_UNRESOLVED,NO_CANDIDATE_FOUND
921714,3187272,RACE_UNRESOLVED,NO_CANDIDATE_FOUND
rp_CHP_20260529_17.10,rp_CHP_northcliff,HORSE_UNRESOLVED,NO_CANDIDATE_FOUND
rp_CHP_20260529_17.10,rp_CHP_too_much_trevor,HORSE_UNRESOLVED,NO_CANDIDATE_FOUND
rp_CHP_20260529_17.10,rp_CHP_connie's_rose,HORSE_UNRESOLVED,NO_CANDIDATE_FOUND
rp_CHP_20260529_17.10,rp_CHP_romanovich,HORSE_UNRESOLVED,NO_CANDIDATE_FOUND
rp_CHP_20260529_17.10,rp_CHP_redredrobin,HORSE_UNRESOLVED,NO_CANDIDATE_FOUND
rp_CHP_20260529_17.10,rp_CHP_king_of_the_dance,HORSE_UNRESOLVED,NO_CANDIDATE_FOUND
rp_CHP_20260529_17.10,rp_CHP_vape,HORSE_UNRESOLVED,NO_CANDIDATE_FOUND
rp_CHP_20260529_17.10,rp_CHP_forever_my_prince,HORSE_UNRESOLVED,NO_CANDIDATE_FOUND
rp_CHP_20260529_17.10,rp_CHP_oviedo,HORSE_UNRESOLVED,NO_CANDIDATE_FOUND
rp_CHP_20260529_17.10,rp_CHP_ajrad,HORSE_UNRESOLVED,NO_CANDIDATE_FOUND
rp_DWR_20260529_16.30,rp_DWR_this_guy,HORSE_UNRESOLVED,NO_CANDIDATE_FOUND
rp_DWR_20260529_16.30,rp_DWR_mini_cotai,HORSE_UNRESOLVED,NO_CANDIDATE_FOUND
rp_DWR_20260529_16.30,rp_DWR_baggot_street,HORSE_UNRESOLVED,NO_CANDIDATE_FOUND
rp_DWR_20260529_16.30,rp_DWR_love_bomb,HORSE_UNRESOLVED,NO_CANDIDATE_FOUND
rp_DWR_20260529_16.30,rp_DWR_cashel_blue,HORSE_UNRESOLVED,NO_CANDIDATE_FOUND
rp_DWR_20260529_16.30,rp_DWR_hooves_your_daddy,HORSE_UNRESOLVED,NO_CANDIDATE_FOUND
rp_DWR_20260529_16.30,rp_DWR_lady_landhort,HORSE_UNRESOLVED,NO_CANDIDATE_FOUND
rp_DWR_20260529_16.30,rp_DWR_plushy,HORSE_UNRESOLVED,NO_CANDIDATE_FOUND
rp_DWR_20260529_16.30,rp_DWR_spiced_gold,HORSE_UNRESOLVED,NO_CANDIDATE_FOUND
rp_DWR_20260529_16.30,rp_DWR_spirit_above,HORSE_UNRESOLVED,NO_CANDIDATE_FOUND
919065,5845513,HORSE_UNRESOLVED,NO_CANDIDATE_FOUND
rp_DWR_20260529_17.05,rp_DWR_cactus,RACE_UNRESOLVED,NO_CANDIDATE_FOUND
rp_DWR_20260529_17.05,rp_DWR_wearing_stars,RACE_UNRESOLVED,NO_CANDIDATE_FOUND
rp_DWR_20260529_17.05,rp_DWR_justiciar,RACE_UNRESOLVED,NO_CANDIDATE_FOUND
rp_DWR_20260529_17.05,rp_DWR_croi_gra,RACE_UNRESOLVED,NO_CANDIDATE_FOUND
rp_DWR_20260529_17.05,rp_DWR_youse_raven_mad,RACE_UNRESOLVED,NO_CANDIDATE_FOUND
rp_DWR_20260529_17.05,rp_DWR_rebel_wave,RACE_UNRESOLVED,NO_CANDIDATE_FOUND
rp_DWR_20260529_17.05,rp_DWR_sioux_the_boss,RACE_UNRESOLVED,NO_CANDIDATE_FOUND
rp_DWR_20260529_17.05,rp_DWR_dandymaria,RACE_UNRESOLVED,NO_CANDIDATE_FOUND
rp_DWR_20260529_17.05,rp_DWR_ruby_vega,RACE_UNRESOLVED,NO_CANDIDATE_FOUND
rp_DWR_20260529_17.05,rp_DWR_courtlough_gula,RACE_UNRESOLVED,NO_CANDIDATE_FOUND
rp_DWR_20260529_17.05,rp_DWR_what_about_us,RACE_UNRESOLVED,NO_CANDIDATE_FOUND
rp_DWR_20260529_17.05,rp_DWR_hasita,RACE_UNRESOLVED,NO_CANDIDATE_FOUND
rp_DWR_20260529_17.05,rp_DWR_due_in_june,RACE_UNRESOLVED,NO_CANDIDATE_FOUND
rp_DWR_20260529_17.05,rp_DWR_miss_moore_cen,RACE_UNRESOLVED,NO_CANDIDATE_FOUND
rp_DWR_20260529_17.40,rp_DWR_charming_whisper,RACE_UNRESOLVED,NO_CANDIDATE_FOUND
rp_DWR_20260529_17.40,rp_DWR_faoladh,RACE_UNRESOLVED,NO_CANDIDATE_FOUND
rp_DWR_20260529_17.40,rp_DWR_land_of_the_giants,RACE_UNRESOLVED,NO_CANDIDATE_FOUND
rp_DWR_20260529_17.40,rp_DWR_dynamic_force,RACE_UNRESOLVED,NO_CANDIDATE_FOUND
rp_DWR_20260529_17.40,rp_DWR_eichan_san,RACE_UNRESOLVED,NO_CANDIDATE_FOUND
rp_DWR_20260529_17.40,rp_DWR_goldsmith,RACE_UNRESOLVED,NO_CANDIDATE_FOUND
rp_DWR_20260529_17.40,rp_DWR_thaloria,RACE_UNRESOLVED,NO_CANDIDATE_FOUND
rp_DWR_20260529_17.40,rp_DWR_burford_beauty,RACE_UNRESOLVED,NO_CANDIDATE_FOUND
rp_DWR_20260529_17.40,rp_DWR_una_matata,RACE_UNRESOLVED,NO_CANDIDATE_FOUND
rp_DWR_20260529_17.40,rp_DWR_minaun_view,RACE_UNRESOLVED,NO_CANDIDATE_FOUND
rp_DWR_20260529_17.40,rp_DWR_amemri,RACE_UNRESOLVED,NO_CANDIDATE_FOUND
rp_DWR_20260529_17.40,rp_DWR_bay_of_dreams,RACE_UNRESOLVED,NO_CANDIDATE_FOUND
rp_DWR_20260529_17.40,rp_DWR_lohengrin,RACE_UNRESOLVED,NO_CANDIDATE_FOUND
rp_DWR_20260529_17.40,rp_DWR_shoot_to_kill,RACE_UNRESOLVED,NO_CANDIDATE_FOUND
rp_DWR_20260529_18.15,rp_DWR_sand_art,RACE_UNRESOLVED,NO_CANDIDATE_FOUND
rp_DWR_20260529_18.15,rp_DWR_fontaine_khaled,RACE_UNRESOLVED,NO_CANDIDATE_FOUND
rp_DWR_20260529_18.15,rp_DWR_another_nice'day,RACE_UNRESOLVED,NO_CANDIDATE_FOUND
rp_DWR_20260529_18.15,rp_DWR_sweet_baby_zou,RACE_UNRESOLVED,NO_CANDIDATE_FOUND
rp_DWR_20260529_18.15,rp_DWR_meriden,RACE_UNRESOLVED,NO_CANDIDATE_FOUND
rp_DWR_20260529_18.15,rp_DWR_imnotleavinyou,RACE_UNRESOLVED,NO_CANDIDATE_FOUND
rp_DWR_20260529_18.15,rp_DWR_queen_of_newark,RACE_UNRESOLVED,NO_CANDIDATE_FOUND
rp_DWR_20260529_18.15,rp_DWR_thistle_cross,RACE_UNRESOLVED,NO_CANDIDATE_FOUND
rp_DWR_20260529_18.15,rp_DWR_bullet_bourbon,RACE_UNRESOLVED,NO_CANDIDATE_FOUND
rp_DWR_20260529_18.15,rp_DWR_andosky,RACE_UNRESOLVED,NO_CANDIDATE_FOUND
rp_DWR_20260529_18.15,rp_DWR_dervo_annie,RACE_UNRESOLVED,NO_CANDIDATE_FOUND
rp_DWR_20260529_18.15,rp_DWR_stonyfalls,RACE_UNRESOLVED,NO_CANDIDATE_FOUND
rp_DWR_20260529_18.15,rp_DWR_honey_dale,RACE_UNRESOLVED,NO_CANDIDATE_FOUND
rp_DWR_20260529_18.15,rp_DWR_beau_army,RACE_UNRESOLVED,NO_CANDIDATE_FOUND
rp_DWR_20260529_18.50,rp_DWR_tennessee_stud,HORSE_UNRESOLVED,NO_CANDIDATE_FOUND
rp_DWR_20260529_18.50,rp_DWR_carmers,HORSE_UNRESOLVED,NO_CANDIDATE_FOUND
rp_DWR_20260529_18.50,rp_DWR_dallas_star,HORSE_UNRESOLVED,NO_CANDIDATE_FOUND
rp_DWR_20260529_18.50,rp_DWR_layfayette,HORSE_UNRESOLVED,NO_CANDIDATE_FOUND
rp_DWR_20260529_18.50,rp_DWR_mont_st_michel,HORSE_UNRESOLVED,NO_CANDIDATE_FOUND
rp_DWR_20260529_19.25,rp_DWR_jurality,HORSE_UNRESOLVED,NO_CANDIDATE_FOUND
rp_DWR_20260529_19.25,rp_DWR_tassarolo,HORSE_UNRESOLVED,NO_CANDIDATE_FOUND
rp_DWR_20260529_19.25,rp_DWR_among_the_pines,HORSE_UNRESOLVED,NO_CANDIDATE_FOUND
rp_DWR_20260529_19.25,rp_DWR_synchronize,HORSE_UNRESOLVED,NO_CANDIDATE_FOUND
rp_DWR_20260529_19.25,rp_DWR_maxwell_smart,HORSE_UNRESOLVED,NO_CANDIDATE_FOUND
rp_DWR_20260529_19.25,rp_DWR_al_what,HORSE_UNRESOLVED,NO_CANDIDATE_FOUND
rp_DWR_20260529_19.25,rp_DWR_miners_cabin,HORSE_UNRESOLVED,NO_CANDIDATE_FOUND
rp_DWR_20260529_19.25,rp_DWR_fine_print,HORSE_UNRESOLVED,NO_CANDIDATE_FOUND
rp_DWR_20260529_19.25,rp_DWR_timandi,HORSE_UNRESOLVED,NO_CANDIDATE_FOUND
rp_DWR_20260529_19.25,rp_DWR_lisnadill,HORSE_UNRESOLVED,NO_CANDIDATE_FOUND
rp_DWR_20260529_19.25,rp_DWR_our_lucky_lady,HORSE_UNRESOLVED,NO_CANDIDATE_FOUND
rp_DWR_20260529_19.25,rp_DWR_velvet_and_vine,HORSE_UNRESOLVED,NO_CANDIDATE_FOUND
rp_DWR_20260529_19.25,rp_DWR_pons_aelius,HORSE_UNRESOLVED,NO_CANDIDATE_FOUND
rp_DWR_20260529_19.25,rp_DWR_mephisto,HORSE_UNRESOLVED,NO_CANDIDATE_FOUND
rp_DWR_20260529_20.00,rp_DWR_rapide_vega,RACE_UNRESOLVED,NO_CANDIDATE_FOUND
rp_DWR_20260529_20.00,rp_DWR_lord_aus,RACE_UNRESOLVED,NO_CANDIDATE_FOUND
rp_DWR_20260529_20.00,rp_DWR_harmani,RACE_UNRESOLVED,NO_CANDIDATE_FOUND
rp_DWR_20260529_20.00,rp_DWR_chestnut_palace,RACE_UNRESOLVED,NO_CANDIDATE_FOUND
rp_DWR_20260529_20.00,rp_DWR_chapel_lane,RACE_UNRESOLVED,NO_CANDIDATE_FOUND
rp_DWR_20260529_20.00,rp_DWR_grey_intentions,RACE_UNRESOLVED,NO_CANDIDATE_FOUND
rp_DWR_20260529_20.00,rp_DWR_eniac,RACE_UNRESOLVED,NO_CANDIDATE_FOUND
rp_DWR_20260529_20.00,rp_DWR_sutton_hoo,RACE_UNRESOLVED,NO_CANDIDATE_FOUND
rp_DWR_20260529_20.00,rp_DWR_oust,RACE_UNRESOLVED,NO_CANDIDATE_FOUND
rp_DWR_20260529_20.00,rp_DWR_misty_cove,RACE_UNRESOLVED,NO_CANDIDATE_FOUND
rp_DWR_20260529_20.00,rp_DWR_vantage_code,RACE_UNRESOLVED,NO_CANDIDATE_FOUND
rp_DWR_20260529_20.00,rp_DWR_another_day_done,RACE_UNRESOLVED,NO_CANDIDATE_FOUND
rp_DWR_20260529_20.30,rp_DWR_teologia,RACE_UNRESOLVED,NO_CANDIDATE_FOUND
rp_DWR_20260529_20.30,rp_DWR_divelment,RACE_UNRESOLVED,NO_CANDIDATE_FOUND
rp_DWR_20260529_20.30,rp_DWR_gatlinburg,RACE_UNRESOLVED,NO_CANDIDATE_FOUND
rp_DWR_20260529_20.30,rp_DWR_maxminelli,RACE_UNRESOLVED,NO_CANDIDATE_FOUND
rp_DWR_20260529_20.30,rp_DWR_cosmic_funk,RACE_UNRESOLVED,NO_CANDIDATE_FOUND
rp_DWR_20260529_20.30,rp_DWR_espritroyale,RACE_UNRESOLVED,NO_CANDIDATE_FOUND
rp_DWR_20260529_20.30,rp_DWR_tavarua,RACE_UNRESOLVED,NO_CANDIDATE_FOUND
rp_DWR_20260529_20.30,rp_DWR_nermal,RACE_UNRESOLVED,NO_CANDIDATE_FOUND
rp_DWR_20260529_20.30,rp_DWR_sonny_corleone,RACE_UNRESOLVED,NO_CANDIDATE_FOUND
rp_DWR_20260529_20.30,rp_DWR_moon_vega,RACE_UNRESOLVED,NO_CANDIDATE_FOUND
rp_DWR_20260529_20.30,rp_DWR_amrum,RACE_UNRESOLVED,NO_CANDIDATE_FOUND
rp_TRA_20260529_16.50,rp_TRA_parkgarve,RACE_UNRESOLVED,NO_CANDIDATE_FOUND
rp_TRA_20260529_16.50,rp_TRA_mount_shenshan,RACE_UNRESOLVED,NO_CANDIDATE_FOUND
rp_TRA_20260529_16.50,rp_TRA_a_snow_white_park,RACE_UNRESOLVED,NO_CANDIDATE_FOUND
rp_TRA_20260529_16.50,rp_TRA_giant_haystacks,RACE_UNRESOLVED,NO_CANDIDATE_FOUND
rp_TRA_20260529_16.50,rp_TRA_huntsgrove,RACE_UNRESOLVED,NO_CANDIDATE_FOUND
rp_TRA_20260529_16.50,rp_TRA_journey_so_far,RACE_UNRESOLVED,NO_CANDIDATE_FOUND
rp_TRA_20260529_16.50,rp_TRA_quiet_in_bresil,RACE_UNRESOLVED,NO_CANDIDATE_FOUND
rp_TRA_20260529_16.50,rp_TRA_big_island,RACE_UNRESOLVED,NO_CANDIDATE_FOUND
rp_TRA_20260529_16.50,rp_TRA_butterfly_mountain,RACE_UNRESOLVED,NO_CANDIDATE_FOUND
rp_TRA_20260529_16.50,rp_TRA_are_you_busy,RACE_UNRESOLVED,NO_CANDIDATE_FOUND
rp_TRA_20260529_17.20,rp_TRA_mercury_mission,RACE_UNRESOLVED,NO_CANDIDATE_FOUND
rp_TRA_20260529_17.20,rp_TRA_boston_jury,RACE_UNRESOLVED,NO_CANDIDATE_FOUND
rp_TRA_20260529_17.20,rp_TRA_jerrari,RACE_UNRESOLVED,NO_CANDIDATE_FOUND
rp_TRA_20260529_17.20,rp_TRA_endless_talking,RACE_UNRESOLVED,NO_CANDIDATE_FOUND
rp_TRA_20260529_17.20,rp_TRA_game_phoenix,RACE_UNRESOLVED,NO_CANDIDATE_FOUND
rp_TRA_20260529_17.20,rp_TRA_costacurta,RACE_UNRESOLVED,NO_CANDIDATE_FOUND
rp_TRA_20260529_17.20,rp_TRA_bannow_blaze,RACE_UNRESOLVED,NO_CANDIDATE_FOUND
rp_TRA_20260529_17.20,rp_TRA_nelson_muntz,RACE_UNRESOLVED,NO_CANDIDATE_FOUND
rp_TRA_20260529_17.55,rp_TRA_polly_poppins,HORSE_UNRESOLVED,NO_CANDIDATE_FOUND
rp_TRA_20260529_17.55,rp_TRA_presenting_lad,HORSE_UNRESOLVED,NO_CANDIDATE_FOUND
rp_TRA_20260529_17.55,rp_TRA_femme_magnifique,HORSE_UNRESOLVED,NO_CANDIDATE_FOUND
rp_TRA_20260529_17.55,rp_TRA_itsalonglongroad,HORSE_UNRESOLVED,NO_CANDIDATE_FOUND
rp_TRA_20260529_17.55,rp_TRA_bynx,HORSE_UNRESOLVED,NO_CANDIDATE_FOUND
rp_TRA_20260529_17.55,rp_TRA_ballybrittas,HORSE_UNRESOLVED,NO_CANDIDATE_FOUND
rp_TRA_20260529_17.55,rp_TRA_stuntman_steve,HORSE_UNRESOLVED,NO_CANDIDATE_FOUND
rp_TRA_20260529_17.55,rp_TRA_be_fierce,HORSE_UNRESOLVED,NO_CANDIDATE_FOUND
rp_TRA_20260529_17.55,rp_TRA_typical_thomas,HORSE_UNRESOLVED,NO_CANDIDATE_FOUND
rp_TRA_20260529_17.55,rp_TRA_lady_doyanne,HORSE_UNRESOLVED,NO_CANDIDATE_FOUND
rp_TRA_20260529_17.55,rp_TRA_party_president,HORSE_UNRESOLVED,NO_CANDIDATE_FOUND
rp_TRA_20260529_17.55,rp_TRA_kingdom_calling,HORSE_UNRESOLVED,NO_CANDIDATE_FOUND
rp_TRA_20260529_18.30,rp_TRA_poetic_twist,RACE_UNRESOLVED,NO_CANDIDATE_FOUND
rp_TRA_20260529_18.30,rp_TRA_mysilverriverfeale,RACE_UNRESOLVED,NO_CANDIDATE_FOUND
rp_TRA_20260529_18.30,rp_TRA_muted_melody,RACE_UNRESOLVED,NO_CANDIDATE_FOUND
rp_TRA_20260529_18.30,rp_TRA_luciole_des_bordes,RACE_UNRESOLVED,NO_CANDIDATE_FOUND
rp_TRA_20260529_18.30,rp_TRA_ice_breeze_baby,RACE_UNRESOLVED,NO_CANDIDATE_FOUND
rp_TRA_20260529_18.30,rp_TRA_straightupsideways,RACE_UNRESOLVED,NO_CANDIDATE_FOUND
rp_TRA_20260529_18.30,rp_TRA_rebel_queen,RACE_UNRESOLVED,NO_CANDIDATE_FOUND
rp_TRA_20260529_18.30,rp_TRA_giorgia_rose,RACE_UNRESOLVED,NO_CANDIDATE_FOUND
rp_TRA_20260529_18.30,rp_TRA_northernlightsky,RACE_UNRESOLVED,NO_CANDIDATE_FOUND
rp_TRA_20260529_18.30,rp_TRA_howyasox,RACE_UNRESOLVED,NO_CANDIDATE_FOUND
rp_TRA_20260529_19.00,rp_TRA_maxicourt,RACE_UNRESOLVED,NO_CANDIDATE_FOUND
rp_TRA_20260529_19.00,rp_TRA_tedworth,RACE_UNRESOLVED,NO_CANDIDATE_FOUND
rp_TRA_20260529_19.00,rp_TRA_set_the_tone,RACE_UNRESOLVED,NO_CANDIDATE_FOUND
rp_TRA_20260529_19.00,rp_TRA_kilbarry_ce_ce,RACE_UNRESOLVED,NO_CANDIDATE_FOUND
rp_TRA_20260529_19.00,rp_TRA_soldier_saint,RACE_UNRESOLVED,NO_CANDIDATE_FOUND
rp_TRA_20260529_19.00,rp_TRA_bite_that,RACE_UNRESOLVED,NO_CANDIDATE_FOUND
rp_TRA_20260529_19.00,rp_TRA_captain_p,RACE_UNRESOLVED,NO_CANDIDATE_FOUND
rp_TRA_20260529_19.00,rp_TRA_evening's_empire,RACE_UNRESOLVED,NO_CANDIDATE_FOUND
rp_TRA_20260529_19.00,rp_TRA_clever_court,RACE_UNRESOLVED,NO_CANDIDATE_FOUND
rp_TRA_20260529_19.00,rp_TRA_friends_of_barry,RACE_UNRESOLVED,NO_CANDIDATE_FOUND
rp_TRA_20260529_19.00,rp_TRA_brianna_lily,RACE_UNRESOLVED,NO_CANDIDATE_FOUND
rp_TRA_20260529_19.00,rp_TRA_katie's_casper,RACE_UNRESOLVED,NO_CANDIDATE_FOUND
rp_TRA_20260529_19.00,rp_TRA_zolpharine,RACE_UNRESOLVED,NO_CANDIDATE_FOUND
rp_TRA_20260529_19.00,rp_TRA_cruisin_susan,RACE_UNRESOLVED,NO_CANDIDATE_FOUND
rp_TRA_20260529_19.00,rp_TRA_not_so_serious,RACE_UNRESOLVED,NO_CANDIDATE_FOUND
rp_TRA_20260529_19.00,rp_TRA_u_asking_me,RACE_UNRESOLVED,NO_CANDIDATE_FOUND
rp_TRA_20260529_19.35,rp_TRA_eastmore,RACE_UNRESOLVED,NO_CANDIDATE_FOUND
rp_TRA_20260529_19.35,rp_TRA_splashing_out,RACE_UNRESOLVED,NO_CANDIDATE_FOUND
rp_TRA_20260529_19.35,rp_TRA_playtime,RACE_UNRESOLVED,NO_CANDIDATE_FOUND
rp_TRA_20260529_19.35,rp_TRA_the_monkey_pole,RACE_UNRESOLVED,NO_CANDIDATE_FOUND
rp_TRA_20260529_19.35,rp_TRA_figero,RACE_UNRESOLVED,NO_CANDIDATE_FOUND
rp_TRA_20260529_19.35,rp_TRA_stepdance,RACE_UNRESOLVED,NO_CANDIDATE_FOUND
rp_TRA_20260529_19.35,rp_TRA_doyen_magic,RACE_UNRESOLVED,NO_CANDIDATE_FOUND
rp_TRA_20260529_20.10,rp_TRA_one_day_in_may,RACE_UNRESOLVED,NO_CANDIDATE_FOUND
rp_TRA_20260529_20.10,rp_TRA_goodmancon,RACE_UNRESOLVED,NO_CANDIDATE_FOUND
rp_TRA_20260529_20.10,rp_TRA_highlander_addict,RACE_UNRESOLVED,NO_CANDIDATE_FOUND
rp_TRA_20260529_20.10,rp_TRA_maptite_chipie,RACE_UNRESOLVED,NO_CANDIDATE_FOUND
rp_TRA_20260529_20.10,rp_TRA_game_shadow,RACE_UNRESOLVED,NO_CANDIDATE_FOUND
rp_TRA_20260529_20.10,rp_TRA_oops_a_daisy,RACE_UNRESOLVED,NO_CANDIDATE_FOUND
rp_TRA_20260529_20.10,rp_TRA_blaze_of_honour,RACE_UNRESOLVED,NO_CANDIDATE_FOUND
rp_TRA_20260529_20.10,rp_TRA_lincoln_mill,RACE_UNRESOLVED,NO_CANDIDATE_FOUND
rp_TRA_20260529_20.10,rp_TRA_top_of_the_league,RACE_UNRESOLVED,NO_CANDIDATE_FOUND
rp_TRA_20260529_20.10,rp_TRA_distraction,RACE_UNRESOLVED,NO_CANDIDATE_FOUND
rp_TRA_20260529_20.10,rp_TRA_talas_kera,RACE_UNRESOLVED,NO_CANDIDATE_FOUND
rp_WOL_20260529_18.05,rp_WOL_someone's_wish,HORSE_UNRESOLVED,NO_CANDIDATE_FOUND
rp_WOL_20260529_18.05,rp_WOL_glitter_code,HORSE_UNRESOLVED,NO_CANDIDATE_FOUND
rp_WOL_20260529_18.05,rp_WOL_pleasant_man,HORSE_UNRESOLVED,NO_CANDIDATE_FOUND
rp_WOL_20260529_18.05,rp_WOL_arth's_gold,HORSE_UNRESOLVED,NO_CANDIDATE_FOUND
rp_WOL_20260529_18.05,rp_WOL_beaune,HORSE_UNRESOLVED,NO_CANDIDATE_FOUND
rp_WOL_20260529_18.05,rp_WOL_relocal,HORSE_UNRESOLVED,NO_CANDIDATE_FOUND
rp_WOL_20260529_18.05,rp_WOL_lenny's_spirit,HORSE_UNRESOLVED,NO_CANDIDATE_FOUND
rp_WOL_20260529_18.05,rp_WOL_jack_sparowe,HORSE_UNRESOLVED,NO_CANDIDATE_FOUND
rp_WOL_20260529_18.05,rp_WOL_sisterandbrother,HORSE_UNRESOLVED,NO_CANDIDATE_FOUND
rp_WOL_20260529_18.05,rp_WOL_i'd_go_maniac,HORSE_UNRESOLVED,NO_CANDIDATE_FOUND
rp_WOL_20260529_18.05,rp_WOL_green_team,HORSE_UNRESOLVED,NO_CANDIDATE_FOUND
rp_WOL_20260529_18.05,rp_WOL_now_then_wendy,HORSE_UNRESOLVED,NO_CANDIDATE_FOUND
rp_WOL_20260529_18.40,rp_WOL_hatour,HORSE_UNRESOLVED,NO_CANDIDATE_FOUND
rp_WOL_20260529_18.40,rp_WOL_flagpole,HORSE_UNRESOLVED,NO_CANDIDATE_FOUND
rp_WOL_20260529_18.40,rp_WOL_always_happy,HORSE_UNRESOLVED,NO_CANDIDATE_FOUND
rp_WOL_20260529_18.40,rp_WOL_venetian_sky,HORSE_UNRESOLVED,NO_CANDIDATE_FOUND
rp_WOL_20260529_18.40,rp_WOL_hollywell_stream,HORSE_UNRESOLVED,NO_CANDIDATE_FOUND
rp_WOL_20260529_18.40,rp_WOL_moonlit_surf,HORSE_UNRESOLVED,NO_CANDIDATE_FOUND
rp_WOL_20260529_19.15,rp_WOL_harlequin_sky,HORSE_UNRESOLVED,NO_CANDIDATE_FOUND
rp_WOL_20260529_19.15,rp_WOL_anad,HORSE_UNRESOLVED,NO_CANDIDATE_FOUND
rp_WOL_20260529_19.15,rp_WOL_zarakova,HORSE_UNRESOLVED,NO_CANDIDATE_FOUND
rp_WOL_20260529_19.15,rp_WOL_mohaymenah,HORSE_UNRESOLVED,NO_CANDIDATE_FOUND
rp_WOL_20260529_19.15,rp_WOL_rosevannion,HORSE_UNRESOLVED,NO_CANDIDATE_FOUND
rp_WOL_20260529_19.15,rp_WOL_angel_sense,HORSE_UNRESOLVED,NO_CANDIDATE_FOUND
rp_WOL_20260529_19.50,rp_WOL_court_of_stars,HORSE_UNRESOLVED,NO_CANDIDATE_FOUND
rp_WOL_20260529_19.50,rp_WOL_horwich,HORSE_UNRESOLVED,NO_CANDIDATE_FOUND
rp_WOL_20260529_19.50,rp_WOL_comprador,HORSE_UNRESOLVED,NO_CANDIDATE_FOUND
rp_WOL_20260529_19.50,rp_WOL_night_mission,HORSE_UNRESOLVED,NO_CANDIDATE_FOUND
rp_WOL_20260529_19.50,rp_WOL_dublin_bay,HORSE_UNRESOLVED,NO_CANDIDATE_FOUND
rp_WOL_20260529_19.50,rp_WOL_paranjape,HORSE_UNRESOLVED,NO_CANDIDATE_FOUND
rp_WOL_20260529_19.50,rp_WOL_flyta,HORSE_UNRESOLVED,NO_CANDIDATE_FOUND
rp_WOL_20260529_19.50,rp_WOL_wyle_cop,HORSE_UNRESOLVED,NO_CANDIDATE_FOUND
rp_WOL_20260529_19.50,rp_WOL_chapman's_peak,HORSE_UNRESOLVED,NO_CANDIDATE_FOUND
rp_WOL_20260529_19.50,rp_WOL_enamorus,HORSE_UNRESOLVED,NO_CANDIDATE_FOUND
rp_WOL_20260529_19.50,rp_WOL_inferno,HORSE_UNRESOLVED,NO_CANDIDATE_FOUND
rp_WOL_20260529_20.25,rp_WOL_ancient_state,HORSE_UNRESOLVED,NO_CANDIDATE_FOUND
rp_WOL_20260529_20.25,rp_WOL_spendmore_lane,HORSE_UNRESOLVED,NO_CANDIDATE_FOUND
rp_WOL_20260529_20.25,rp_WOL_blue_force,HORSE_UNRESOLVED,NO_CANDIDATE_FOUND
rp_WOL_20260529_20.25,rp_WOL_true_promise,HORSE_UNRESOLVED,NO_CANDIDATE_FOUND
rp_WOL_20260529_20.25,rp_WOL_alondra,HORSE_UNRESOLVED,NO_CANDIDATE_FOUND
rp_WOL_20260529_20.25,rp_WOL_mick's_spirit,HORSE_UNRESOLVED,NO_CANDIDATE_FOUND
rp_WOL_20260529_20.25,rp_WOL_dark_kestrel,HORSE_UNRESOLVED,NO_CANDIDATE_FOUND
rp_WOL_20260529_20.25,rp_WOL_hedge_fund,HORSE_UNRESOLVED,NO_CANDIDATE_FOUND
rp_WOL_20260529_20.25,rp_WOL_curious_rover,HORSE_UNRESOLVED,NO_CANDIDATE_FOUND
rp_WOL_20260529_20.25,rp_WOL_jojo_rabbit,HORSE_UNRESOLVED,NO_CANDIDATE_FOUND
rp_WOL_20260529_21.00,rp_WOL_high_storm,HORSE_UNRESOLVED,NO_CANDIDATE_FOUND
rp_WOL_20260529_21.00,rp_WOL_mythical_bay,HORSE_UNRESOLVED,NO_CANDIDATE_FOUND
rp_WOL_20260529_21.00,rp_WOL_galilean_quality,HORSE_UNRESOLVED,NO_CANDIDATE_FOUND
rp_WOL_20260529_21.00,rp_WOL_baltic_fleet,HORSE_UNRESOLVED,NO_CANDIDATE_FOUND
rp_BEV_20260530_13_45,rp_BEV_moonjid,HORSE_UNRESOLVED,NO_CANDIDATE_FOUND
rp_BEV_20260530_13_45,rp_BEV_sir_william,HORSE_UNRESOLVED,NO_CANDIDATE_FOUND
rp_BEV_20260530_13_45,rp_BEV_mafting,HORSE_UNRESOLVED,NO_CANDIDATE_FOUND
rp_BEV_20260530_14_15,rp_BEV_kodi_bear_light,HORSE_UNRESOLVED,NO_CANDIDATE_FOUND
rp_BEV_20260530_14_15,rp_BEV_the_resdev_roman,HORSE_UNRESOLVED,NO_CANDIDATE_FOUND
rp_BEV_20260530_14_15,rp_BEV_cosmic_mystery,HORSE_UNRESOLVED,NO_CANDIDATE_FOUND
rp_BEV_20260530_14_15,rp_BEV_moonlight_tango,HORSE_UNRESOLVED,NO_CANDIDATE_FOUND
rp_BEV_20260530_14_15,rp_BEV_the_can_can_queen,HORSE_UNRESOLVED,NO_CANDIDATE_FOUND
rp_BEV_20260530_14_48,rp_BEV_wait_geordie,HORSE_UNRESOLVED,NO_CANDIDATE_FOUND
rp_BEV_20260530_14_48,rp_BEV_the_dancing_pirate,HORSE_UNRESOLVED,NO_CANDIDATE_FOUND
rp_BEV_20260530_14_48,rp_BEV_arapaho_gold,HORSE_UNRESOLVED,NO_CANDIDATE_FOUND
rp_BEV_20260530_14_48,rp_BEV_big_cigar,HORSE_UNRESOLVED,NO_CANDIDATE_FOUND
rp_BEV_20260530_14_48,rp_BEV_blue_pete,HORSE_UNRESOLVED,NO_CANDIDATE_FOUND
rp_BEV_20260530_14_48,rp_BEV_martial_order,HORSE_UNRESOLVED,NO_CANDIDATE_FOUND
rp_BEV_20260530_14_48,rp_BEV_concert_pitch,HORSE_UNRESOLVED,NO_CANDIDATE_FOUND
rp_BEV_20260530_15_25,rp_BEV_urchin,HORSE_UNRESOLVED,NO_CANDIDATE_FOUND
rp_BEV_20260530_15_25,rp_BEV_hamadhan,HORSE_UNRESOLVED,NO_CANDIDATE_FOUND
rp_BEV_20260530_16_00,rp_BEV_benacre,HORSE_UNRESOLVED,NO_CANDIDATE_FOUND
rp_BEV_20260530_16_00,rp_BEV_roberto_caro,HORSE_UNRESOLVED,NO_CANDIDATE_FOUND
rp_BEV_20260530_16_00,rp_BEV_havana_blue,HORSE_UNRESOLVED,NO_CANDIDATE_FOUND
rp_BEV_20260530_16_00,rp_BEV_diligent_resdev,HORSE_UNRESOLVED,NO_CANDIDATE_FOUND
rp_BEV_20260530_16_00,rp_BEV_capital_guarantee,HORSE_UNRESOLVED,NO_CANDIDATE_FOUND
rp_BEV_20260530_16_00,rp_BEV_goldmoyne,HORSE_UNRESOLVED,NO_CANDIDATE_FOUND
rp_BEV_20260530_16_00,rp_BEV_bell_shot,HORSE_UNRESOLVED,NO_CANDIDATE_FOUND
rp_BEV_20260530_16_00,rp_BEV_billyb,HORSE_UNRESOLVED,NO_CANDIDATE_FOUND
rp_BEV_20260530_16_32,rp_BEV_wadacre_geisha,HORSE_UNRESOLVED,NO_CANDIDATE_FOUND
rp_BEV_20260530_16_32,rp_BEV_bradbury,HORSE_UNRESOLVED,NO_CANDIDATE_FOUND
rp_BEV_20260530_16_32,rp_BEV_clear_above,HORSE_UNRESOLVED,NO_CANDIDATE_FOUND
rp_BEV_20260530_17_08,rp_BEV_caledonian_dream,HORSE_UNRESOLVED,NO_CANDIDATE_FOUND
rp_BEV_20260530_17_08,rp_BEV_bullington_bry,HORSE_UNRESOLVED,NO_CANDIDATE_FOUND
rp_BEV_20260530_17_08,rp_BEV_oilisa,HORSE_UNRESOLVED,NO_CANDIDATE_FOUND
rp_BEV_20260530_17_08,rp_BEV_maple,HORSE_UNRESOLVED,NO_CANDIDATE_FOUND
rp_BEV_20260530_17_08,rp_BEV_evelyn's_phoenix,HORSE_UNRESOLVED,NO_CANDIDATE_FOUND
rp_BEV_20260530_17_08,rp_BEV_elettaria,HORSE_UNRESOLVED,NO_CANDIDATE_FOUND
rp_BEV_20260530_17_08,rp_BEV_langton_wold,HORSE_UNRESOLVED,NO_CANDIDATE_FOUND
rp_BEV_20260530_17_08,rp_BEV_langholm,HORSE_UNRESOLVED,NO_CANDIDATE_FOUND
rp_BEV_20260530_17_08,rp_BEV_copper_and_five,HORSE_UNRESOLVED,NO_CANDIDATE_FOUND
rp_CAT_20260530_13_55,rp_CAT_aurora's_doublesix,HORSE_UNRESOLVED,NO_CANDIDATE_FOUND
rp_CAT_20260530_13_55,rp_CAT_gwen_tennyson,HORSE_UNRESOLVED,NO_CANDIDATE_FOUND
rp_CAT_20260530_13_55,rp_CAT_stoneacre_joe,HORSE_UNRESOLVED,NO_CANDIDATE_FOUND
rp_CAT_20260530_13_55,rp_CAT_skip_to_victory,HORSE_UNRESOLVED,NO_CANDIDATE_FOUND
rp_CAT_20260530_14_27,rp_CAT_tanaka,HORSE_UNRESOLVED,NO_CANDIDATE_FOUND
rp_CAT_20260530_14_27,rp_CAT_flybar,HORSE_UNRESOLVED,NO_CANDIDATE_FOUND
rp_CAT_20260530_14_27,rp_CAT_havin_a_flyer,HORSE_UNRESOLVED,NO_CANDIDATE_FOUND
rp_CAT_20260530_14_27,rp_CAT_moretons,HORSE_UNRESOLVED,NO_CANDIDATE_FOUND
rp_CAT_20260530_14_27,rp_CAT_with_glory,HORSE_UNRESOLVED,NO_CANDIDATE_FOUND
rp_CAT_20260530_14_27,rp_CAT_you_mystify_me,HORSE_UNRESOLVED,NO_CANDIDATE_FOUND
rp_CAT_20260530_14_27,rp_CAT_o_fortuna,HORSE_UNRESOLVED,NO_CANDIDATE_FOUND
rp_CAT_20260530_14_58,rp_CAT_two_commanders,HORSE_UNRESOLVED,NO_CANDIDATE_FOUND
rp_CAT_20260530_14_58,rp_CAT_brouhaha,HORSE_UNRESOLVED,NO_CANDIDATE_FOUND
rp_CAT_20260530_14_58,rp_CAT_pacific_glory,HORSE_UNRESOLVED,NO_CANDIDATE_FOUND
rp_CAT_20260530_14_58,rp_CAT_gardening,HORSE_UNRESOLVED,NO_CANDIDATE_FOUND
rp_CAT_20260530_15_35,rp_CAT_lillistar,HORSE_UNRESOLVED,NO_CANDIDATE_FOUND
rp_CAT_20260530_15_35,rp_CAT_tracker_issue,HORSE_UNRESOLVED,NO_CANDIDATE_FOUND
rp_CAT_20260530_15_35,rp_CAT_fleur_de_mer,HORSE_UNRESOLVED,NO_CANDIDATE_FOUND
rp_CAT_20260530_15_35,rp_CAT_zephlyn,HORSE_UNRESOLVED,NO_CANDIDATE_FOUND
rp_CAT_20260530_16_12,rp_CAT_ramon_di_loria,HORSE_UNRESOLVED,NO_CANDIDATE_FOUND
rp_CAT_20260530_16_12,rp_CAT_quercus,HORSE_UNRESOLVED,NO_CANDIDATE_FOUND
rp_CAT_20260530_16_12,rp_CAT_evocative_spark,HORSE_UNRESOLVED,NO_CANDIDATE_FOUND
rp_CAT_20260530_16_12,rp_CAT_good_earth,HORSE_UNRESOLVED,NO_CANDIDATE_FOUND
rp_CAT_20260530_16_43,rp_CAT_populus,HORSE_UNRESOLVED,NO_CANDIDATE_FOUND
rp_CAT_20260530_16_43,rp_CAT_mademoiselle_belle,HORSE_UNRESOLVED,NO_CANDIDATE_FOUND
rp_CAT_20260530_16_43,rp_CAT_agric_ranger,HORSE_UNRESOLVED,NO_CANDIDATE_FOUND
rp_CAT_20260530_16_43,rp_CAT_mereside_spark,HORSE_UNRESOLVED,NO_CANDIDATE_FOUND
rp_CAT_20260530_17_17,rp_CAT_favourite_friend,HORSE_UNRESOLVED,NO_CANDIDATE_FOUND
rp_CAT_20260530_17_17,rp_CAT_evergreen_emerald,HORSE_UNRESOLVED,NO_CANDIDATE_FOUND
rp_CAT_20260530_17_17,rp_CAT_star_of_emerald,HORSE_UNRESOLVED,NO_CANDIDATE_FOUND
rp_CAT_20260530_17_17,rp_CAT_mohaasset,HORSE_UNRESOLVED,NO_CANDIDATE_FOUND
rp_CAT_20260530_17_17,rp_CAT_gemical,HORSE_UNRESOLVED,NO_CANDIDATE_FOUND
rp_CHE_20260530_13_15,rp_CHE_lc_tiffen,HORSE_UNRESOLVED,NO_CANDIDATE_FOUND
rp_CHE_20260530_13_15,rp_CHE_lucky_luna,HORSE_UNRESOLVED,NO_CANDIDATE_FOUND
rp_CHE_20260530_13_15,rp_CHE_night_shining,HORSE_UNRESOLVED,NO_CANDIDATE_FOUND
rp_CHE_20260530_13_15,rp_CHE_elemma,HORSE_UNRESOLVED,NO_CANDIDATE_FOUND
rp_CHE_20260530_13_15,rp_CHE_navona_grey,HORSE_UNRESOLVED,NO_CANDIDATE_FOUND
rp_CHE_20260530_13_15,rp_CHE_danrana,HORSE_UNRESOLVED,NO_CANDIDATE_FOUND
rp_CHE_20260530_13_15,rp_CHE_tommie's_angel,HORSE_UNRESOLVED,NO_CANDIDATE_FOUND
rp_CHE_20260530_13_15,rp_CHE_golden_mabel,HORSE_UNRESOLVED,NO_CANDIDATE_FOUND
rp_CHE_20260530_13_50,rp_CHE_metamouse,HORSE_UNRESOLVED,NO_CANDIDATE_FOUND
rp_CHE_20260530_13_50,rp_CHE_caturra_lights,HORSE_UNRESOLVED,NO_CANDIDATE_FOUND
rp_CHE_20260530_13_50,rp_CHE_koodini,HORSE_UNRESOLVED,NO_CANDIDATE_FOUND
rp_CHE_20260530_13_50,rp_CHE_this_moment,HORSE_UNRESOLVED,NO_CANDIDATE_FOUND
rp_CHE_20260530_13_50,rp_CHE_blake's_monarch,HORSE_UNRESOLVED,NO_CANDIDATE_FOUND
rp_CHE_20260530_13_50,rp_CHE_star_people,HORSE_UNRESOLVED,NO_CANDIDATE_FOUND
rp_CHE_20260530_13_50,rp_CHE_moriarty_moon,HORSE_UNRESOLVED,NO_CANDIDATE_FOUND
rp_CHE_20260530_13_50,rp_CHE_dream_on_kent,HORSE_UNRESOLVED,NO_CANDIDATE_FOUND
rp_CHE_20260530_13_50,rp_CHE_trust_havana,HORSE_UNRESOLVED,NO_CANDIDATE_FOUND
rp_CHE_20260530_14_20,rp_CHE_claret_and_blues,HORSE_UNRESOLVED,NO_CANDIDATE_FOUND
rp_CHE_20260530_14_20,rp_CHE_explainingislosing,HORSE_UNRESOLVED,NO_CANDIDATE_FOUND
rp_CHE_20260530_14_20,rp_CHE_stellar_quest,HORSE_UNRESOLVED,NO_CANDIDATE_FOUND
rp_CHE_20260530_14_20,rp_CHE_delete_delete,HORSE_UNRESOLVED,NO_CANDIDATE_FOUND
rp_CHE_20260530_14_20,rp_CHE_happy_humpo,HORSE_UNRESOLVED,NO_CANDIDATE_FOUND
rp_CHE_20260530_14_20,rp_CHE_shaniko,HORSE_UNRESOLVED,NO_CANDIDATE_FOUND
rp_CHE_20260530_14_20,rp_CHE_fortunate,HORSE_UNRESOLVED,NO_CANDIDATE_FOUND
rp_CHE_20260530_14_20,rp_CHE_trust_in_far,HORSE_UNRESOLVED,NO_CANDIDATE_FOUND
rp_CHE_20260530_14_20,rp_CHE_stay_on_tab,HORSE_UNRESOLVED,NO_CANDIDATE_FOUND
rp_CHE_20260530_14_53,rp_CHE_ouro_preto,HORSE_UNRESOLVED,NO_CANDIDATE_FOUND
rp_CHE_20260530_14_53,rp_CHE_dance_time,HORSE_UNRESOLVED,NO_CANDIDATE_FOUND
rp_CHE_20260530_14_53,rp_CHE_venezuelan,HORSE_UNRESOLVED,NO_CANDIDATE_FOUND
rp_CHE_20260530_14_53,rp_CHE_kuredu_king,HORSE_UNRESOLVED,NO_CANDIDATE_FOUND
rp_CHE_20260530_14_53,rp_CHE_imperial_sovereign,HORSE_UNRESOLVED,NO_CANDIDATE_FOUND
rp_CHE_20260530_14_53,rp_CHE_midnight_rumble,HORSE_UNRESOLVED,NO_CANDIDATE_FOUND
rp_CHE_20260530_14_53,rp_CHE_percy_jones,HORSE_UNRESOLVED,NO_CANDIDATE_FOUND
rp_CHE_20260530_15_30,rp_CHE_miami_matrix,HORSE_UNRESOLVED,NO_CANDIDATE_FOUND
rp_CHE_20260530_15_30,rp_CHE_midnight_strike,HORSE_UNRESOLVED,NO_CANDIDATE_FOUND
rp_CHE_20260530_15_30,rp_CHE_elements_of_fire,HORSE_UNRESOLVED,NO_CANDIDATE_FOUND
rp_CHE_20260530_15_30,rp_CHE_angel_hunter,HORSE_UNRESOLVED,NO_CANDIDATE_FOUND
rp_CHE_20260530_15_30,rp_CHE_bobby_bennu,HORSE_UNRESOLVED,NO_CANDIDATE_FOUND
rp_CHE_20260530_15_30,rp_CHE_palmar_bay,HORSE_UNRESOLVED,NO_CANDIDATE_FOUND
rp_CHE_20260530_15_30,rp_CHE_korker,HORSE_UNRESOLVED,NO_CANDIDATE_FOUND
rp_CHE_20260530_15_30,rp_CHE_roman_dragon,HORSE_UNRESOLVED,NO_CANDIDATE_FOUND
rp_CHE_20260530_16_05,rp_CHE_fizzy_cristal,HORSE_UNRESOLVED,NO_CANDIDATE_FOUND
rp_CHE_20260530_16_05,rp_CHE_evie_ross,HORSE_UNRESOLVED,NO_CANDIDATE_FOUND
rp_CHE_20260530_16_05,rp_CHE_trust_amy,HORSE_UNRESOLVED,NO_CANDIDATE_FOUND
rp_CHE_20260530_16_05,rp_CHE_hayynah,HORSE_UNRESOLVED,NO_CANDIDATE_FOUND
rp_CHE_20260530_16_05,rp_CHE_tarot,HORSE_UNRESOLVED,NO_CANDIDATE_FOUND
rp_CHE_20260530_16_05,rp_CHE_saffron_dandy,HORSE_UNRESOLVED,NO_CANDIDATE_FOUND
rp_CHE_20260530_16_05,rp_CHE_champonie,HORSE_UNRESOLVED,NO_CANDIDATE_FOUND
rp_CHE_20260530_16_05,rp_CHE_slay_queen,HORSE_UNRESOLVED,NO_CANDIDATE_FOUND
rp_CHE_20260530_16_38,rp_CHE_carwyn,HORSE_UNRESOLVED,NO_CANDIDATE_FOUND
rp_CHE_20260530_16_38,rp_CHE_blue_noon,HORSE_UNRESOLVED,NO_CANDIDATE_FOUND
rp_CHE_20260530_16_38,rp_CHE_mayaada,HORSE_UNRESOLVED,NO_CANDIDATE_FOUND
rp_CHE_20260530_16_38,rp_CHE_bemersyde,HORSE_UNRESOLVED,NO_CANDIDATE_FOUND
rp_CHE_20260530_16_38,rp_CHE_knowledge,HORSE_UNRESOLVED,NO_CANDIDATE_FOUND
rp_CHE_20260530_16_38,rp_CHE_timber_twelve,HORSE_UNRESOLVED,NO_CANDIDATE_FOUND
rp_CHE_20260530_16_38,rp_CHE_advance_twentyfive,HORSE_UNRESOLVED,NO_CANDIDATE_FOUND
rp_LIN_20260530_17_42,rp_LIN_out_in_the_cold,HORSE_UNRESOLVED,NO_CANDIDATE_FOUND
rp_LIN_20260530_17_42,rp_LIN_mister_pretentious,HORSE_UNRESOLVED,NO_CANDIDATE_FOUND
rp_LIN_20260530_17_42,rp_LIN_ada_rose,HORSE_UNRESOLVED,NO_CANDIDATE_FOUND
rp_LIN_20260530_17_42,rp_LIN_fletcher,HORSE_UNRESOLVED,NO_CANDIDATE_FOUND
rp_LIN_20260530_17_42,rp_LIN_panthere_noir,HORSE_UNRESOLVED,NO_CANDIDATE_FOUND
rp_LIN_20260530_17_42,rp_LIN_timely_salute,HORSE_UNRESOLVED,NO_CANDIDATE_FOUND
rp_LIN_20260530_17_42,rp_LIN_lucky_sevens,HORSE_UNRESOLVED,NO_CANDIDATE_FOUND
rp_LIN_20260530_17_42,rp_LIN_keep_it_classic,HORSE_UNRESOLVED,NO_CANDIDATE_FOUND
rp_LIN_20260530_18_12,rp_LIN_duke_orsino,HORSE_UNRESOLVED,NO_CANDIDATE_FOUND
rp_LIN_20260530_18_12,rp_LIN_twilight_guest,HORSE_UNRESOLVED,NO_CANDIDATE_FOUND
rp_LIN_20260530_18_12,rp_LIN_stoneacre,HORSE_UNRESOLVED,NO_CANDIDATE_FOUND
rp_LIN_20260530_18_12,rp_LIN_crafter,HORSE_UNRESOLVED,NO_CANDIDATE_FOUND
rp_LIN_20260530_18_12,rp_LIN_haveagobeau,HORSE_UNRESOLVED,NO_CANDIDATE_FOUND
rp_LIN_20260530_18_42,rp_LIN_post_rider,HORSE_UNRESOLVED,NO_CANDIDATE_FOUND
rp_LIN_20260530_18_42,rp_LIN_red_hat_eagle,HORSE_UNRESOLVED,NO_CANDIDATE_FOUND
rp_LIN_20260530_18_42,rp_LIN_quamby,HORSE_UNRESOLVED,NO_CANDIDATE_FOUND
rp_LIN_20260530_18_42,rp_LIN_hitched,HORSE_UNRESOLVED,NO_CANDIDATE_FOUND
rp_LIN_20260530_18_42,rp_LIN_epictetus,HORSE_UNRESOLVED,NO_CANDIDATE_FOUND
rp_LIN_20260530_19_12,rp_LIN_queencard,HORSE_UNRESOLVED,NO_CANDIDATE_FOUND
rp_LIN_20260530_19_12,rp_LIN_charcoal_diva,HORSE_UNRESOLVED,NO_CANDIDATE_FOUND
rp_LIN_20260530_19_12,rp_LIN_matriarchal,HORSE_UNRESOLVED,NO_CANDIDATE_FOUND
rp_LIN_20260530_19_12,rp_LIN_blue_sign,HORSE_UNRESOLVED,NO_CANDIDATE_FOUND
rp_LIN_20260530_19_12,rp_LIN_targa,HORSE_UNRESOLVED,NO_CANDIDATE_FOUND
rp_LIN_20260530_19_42,rp_LIN_ariane_sky,HORSE_UNRESOLVED,NO_CANDIDATE_FOUND
rp_LIN_20260530_19_42,rp_LIN_pj's_corner,HORSE_UNRESOLVED,NO_CANDIDATE_FOUND
rp_LIN_20260530_19_42,rp_LIN_nakila_sun,HORSE_UNRESOLVED,NO_CANDIDATE_FOUND
rp_LIN_20260530_19_42,rp_LIN_sakowin,HORSE_UNRESOLVED,NO_CANDIDATE_FOUND
rp_LIN_20260530_19_42,rp_LIN_wadima,HORSE_UNRESOLVED,NO_CANDIDATE_FOUND
rp_LIN_20260530_19_42,rp_LIN_solar_maximus,HORSE_UNRESOLVED,NO_CANDIDATE_FOUND
rp_LIN_20260530_20_12,rp_LIN_accademia,HORSE_UNRESOLVED,NO_CANDIDATE_FOUND
rp_LIN_20260530_20_12,rp_LIN_velvet_rhythm,HORSE_UNRESOLVED,NO_CANDIDATE_FOUND
rp_LIN_20260530_20_12,rp_LIN_raging_raj,HORSE_UNRESOLVED,NO_CANDIDATE_FOUND
rp_LIN_20260530_20_12,rp_LIN_berkshire_boom,HORSE_UNRESOLVED,NO_CANDIDATE_FOUND
rp_LIN_20260530_20_42,rp_LIN_lahina_bay,HORSE_UNRESOLVED,NO_CANDIDATE_FOUND
rp_LIN_20260530_20_42,rp_LIN_the_bitter_moose,HORSE_UNRESOLVED,NO_CANDIDATE_FOUND
rp_LIN_20260530_20_42,rp_LIN_mission_command,HORSE_UNRESOLVED,NO_CANDIDATE_FOUND
rp_STR_20260530_17_50,rp_STR_usyk,HORSE_UNRESOLVED,NO_CANDIDATE_FOUND
rp_STR_20260530_17_50,rp_STR_ja_klipdrift,HORSE_UNRESOLVED,NO_CANDIDATE_FOUND
rp_STR_20260530_17_50,rp_STR_at_sunrise,HORSE_UNRESOLVED,NO_CANDIDATE_FOUND
rp_STR_20260530_17_50,rp_STR_maskarvel,HORSE_UNRESOLVED,NO_CANDIDATE_FOUND
rp_STR_20260530_18_20,rp_STR_for_love_of_beauty,HORSE_UNRESOLVED,NO_CANDIDATE_FOUND
rp_STR_20260530_18_20,rp_STR_noble_miss,HORSE_UNRESOLVED,NO_CANDIDATE_FOUND
rp_STR_20260530_18_20,rp_STR_burgeon,HORSE_UNRESOLVED,NO_CANDIDATE_FOUND
rp_STR_20260530_18_20,rp_STR_blue_siam,HORSE_UNRESOLVED,NO_CANDIDATE_FOUND
rp_STR_20260530_18_20,rp_STR_liasse_d'argent,HORSE_UNRESOLVED,NO_CANDIDATE_FOUND
rp_STR_20260530_18_50,rp_STR_half_a_chance,HORSE_UNRESOLVED,NO_CANDIDATE_FOUND
rp_STR_20260530_18_50,rp_STR_in_the_air,HORSE_UNRESOLVED,NO_CANDIDATE_FOUND
rp_STR_20260530_18_50,rp_STR_forget_the_way,HORSE_UNRESOLVED,NO_CANDIDATE_FOUND
rp_STR_20260530_19_20,rp_STR_ballynaheer,HORSE_UNRESOLVED,NO_CANDIDATE_FOUND
rp_STR_20260530_19_20,rp_STR_ivane,HORSE_UNRESOLVED,NO_CANDIDATE_FOUND
rp_STR_20260530_19_20,rp_STR_esperti,HORSE_UNRESOLVED,NO_CANDIDATE_FOUND
rp_STR_20260530_19_50,rp_STR_delpotro,HORSE_UNRESOLVED,NO_CANDIDATE_FOUND
rp_STR_20260530_19_50,rp_STR_in_this_world,HORSE_UNRESOLVED,NO_CANDIDATE_FOUND
rp_STR_20260530_19_50,rp_STR_turpin_gold,HORSE_UNRESOLVED,NO_CANDIDATE_FOUND
rp_STR_20260530_20_20,rp_STR_lacrima,HORSE_UNRESOLVED,NO_CANDIDATE_FOUND
rp_STR_20260530_20_20,rp_STR_boom_boom,HORSE_UNRESOLVED,NO_CANDIDATE_FOUND
rp_STR_20260530_20_20,rp_STR_mix_of_clover,HORSE_UNRESOLVED,NO_CANDIDATE_FOUND
rp_STR_20260530_20_50,rp_STR_masonbrook_meadow,HORSE_UNRESOLVED,NO_CANDIDATE_FOUND
rp_STR_20260530_20_50,rp_STR_shes_all_pride,HORSE_UNRESOLVED,NO_CANDIDATE_FOUND
rp_STR_20260530_20_50,rp_STR_miss_tiara,HORSE_UNRESOLVED,NO_CANDIDATE_FOUND
rp_STR_20260530_20_50,rp_STR_shesonnet,HORSE_UNRESOLVED,NO_CANDIDATE_FOUND
rp_STR_20260530_20_50,rp_STR_tao_enki,HORSE_UNRESOLVED,NO_CANDIDATE_FOUND
rp_STR_20260530_20_50,rp_STR_roxboro_river,HORSE_UNRESOLVED,NO_CANDIDATE_FOUND
rp_STR_20260530_20_50,rp_STR_great_d'ange,HORSE_UNRESOLVED,NO_CANDIDATE_FOUND
921710,9157490,HORSE_UNRESOLVED,NO_CANDIDATE_FOUND
921710,9189377,HORSE_UNRESOLVED,NO_CANDIDATE_FOUND
921710,9157489,HORSE_UNRESOLVED,NO_CANDIDATE_FOUND
921720,8455196,HORSE_UNRESOLVED,NO_CANDIDATE_FOUND
921721,7334523,HORSE_UNRESOLVED,NO_CANDIDATE_FOUND
921712,6064560,HORSE_UNRESOLVED,NO_CANDIDATE_FOUND
921712,5571425,HORSE_UNRESOLVED,NO_CANDIDATE_FOUND
921712,6706377,HORSE_UNRESOLVED,NO_CANDIDATE_FOUND
918770,2922345,RACE_UNRESOLVED,NO_CANDIDATE_FOUND
918770,5708465,RACE_UNRESOLVED,NO_CANDIDATE_FOUND
918770,6005948,RACE_UNRESOLVED,NO_CANDIDATE_FOUND
918770,4628823,RACE_UNRESOLVED,NO_CANDIDATE_FOUND
921713,8144078,HORSE_UNRESOLVED,NO_CANDIDATE_FOUND
921713,7900532,HORSE_UNRESOLVED,NO_CANDIDATE_FOUND
919067,7882512,RACE_UNRESOLVED,NO_CANDIDATE_FOUND
919067,7739796,RACE_UNRESOLVED,NO_CANDIDATE_FOUND
919067,7551815,RACE_UNRESOLVED,NO_CANDIDATE_FOUND
919067,7926370,RACE_UNRESOLVED,NO_CANDIDATE_FOUND
919067,7583026,RACE_UNRESOLVED,NO_CANDIDATE_FOUND
919067,7708614,RACE_UNRESOLVED,NO_CANDIDATE_FOUND
919067,7020241,RACE_UNRESOLVED,NO_CANDIDATE_FOUND
919067,7204810,RACE_UNRESOLVED,NO_CANDIDATE_FOUND
919067,7538900,RACE_UNRESOLVED,NO_CANDIDATE_FOUND
919067,7205095,RACE_UNRESOLVED,NO_CANDIDATE_FOUND
919067,7436319,RACE_UNRESOLVED,NO_CANDIDATE_FOUND
919067,7205018,RACE_UNRESOLVED,NO_CANDIDATE_FOUND
921724,4908814,RACE_UNRESOLVED,NO_CANDIDATE_FOUND
921724,4942594,RACE_UNRESOLVED,NO_CANDIDATE_FOUND
921724,5793351,RACE_UNRESOLVED,NO_CANDIDATE_FOUND
921724,2735375,RACE_UNRESOLVED,NO_CANDIDATE_FOUND
921724,5764619,RACE_UNRESOLVED,NO_CANDIDATE_FOUND
921724,6555356,RACE_UNRESOLVED,NO_CANDIDATE_FOUND
921724,5025135,RACE_UNRESOLVED,NO_CANDIDATE_FOUND
921724,6233871,RACE_UNRESOLVED,NO_CANDIDATE_FOUND
921724,6265694,RACE_UNRESOLVED,NO_CANDIDATE_FOUND
921724,5881688,RACE_UNRESOLVED,NO_CANDIDATE_FOUND
918767,3432682,RACE_UNRESOLVED,NO_CANDIDATE_FOUND
918767,4719430,RACE_UNRESOLVED,NO_CANDIDATE_FOUND
918767,4159569,RACE_UNRESOLVED,NO_CANDIDATE_FOUND
918767,3223907,RACE_UNRESOLVED,NO_CANDIDATE_FOUND
918767,4261324,RACE_UNRESOLVED,NO_CANDIDATE_FOUND
921715,6582481,HORSE_UNRESOLVED,NO_CANDIDATE_FOUND
921715,7117365,HORSE_UNRESOLVED,NO_CANDIDATE_FOUND
921715,4340211,HORSE_UNRESOLVED,NO_CANDIDATE_FOUND
921725,4867599,HORSE_UNRESOLVED,NO_CANDIDATE_FOUND
921716,6238167,HORSE_UNRESOLVED,NO_CANDIDATE_FOUND
919063,7987965,HORSE_UNRESOLVED,NO_CANDIDATE_FOUND
919066,9106020,RACE_UNRESOLVED,NO_CANDIDATE_FOUND
919066,6388816,RACE_UNRESOLVED,NO_CANDIDATE_FOUND
919066,8062562,RACE_UNRESOLVED,NO_CANDIDATE_FOUND
919066,6005913,RACE_UNRESOLVED,NO_CANDIDATE_FOUND
919066,8048318,RACE_UNRESOLVED,NO_CANDIDATE_FOUND
919066,6074425,RACE_UNRESOLVED,NO_CANDIDATE_FOUND
919066,5982396,RACE_UNRESOLVED,NO_CANDIDATE_FOUND
919066,7784913,RACE_UNRESOLVED,NO_CANDIDATE_FOUND
919066,7529974,RACE_UNRESOLVED,NO_CANDIDATE_FOUND
919066,5050206,RACE_UNRESOLVED,NO_CANDIDATE_FOUND
919066,5845631,RACE_UNRESOLVED,NO_CANDIDATE_FOUND
919066,7686993,RACE_UNRESOLVED,NO_CANDIDATE_FOUND
921806,8953961,HORSE_UNRESOLVED,NO_CANDIDATE_FOUND
921806,9125049,HORSE_UNRESOLVED,NO_CANDIDATE_FOUND
921806,9322098,HORSE_UNRESOLVED,NO_CANDIDATE_FOUND
921806,9322100,HORSE_UNRESOLVED,NO_CANDIDATE_FOUND
921806,7436381,HORSE_UNRESOLVED,NO_CANDIDATE_FOUND
921806,9263920,HORSE_UNRESOLVED,NO_CANDIDATE_FOUND
921806,9051039,HORSE_UNRESOLVED,NO_CANDIDATE_FOUND
921806,9092872,HORSE_UNRESOLVED,NO_CANDIDATE_FOUND
921814,7347779,RACE_UNRESOLVED,NO_CANDIDATE_FOUND
921814,7413939,RACE_UNRESOLVED,NO_CANDIDATE_FOUND
921814,8170204,RACE_UNRESOLVED,NO_CANDIDATE_FOUND
921814,7806373,RACE_UNRESOLVED,NO_CANDIDATE_FOUND
921814,5713810,RACE_UNRESOLVED,NO_CANDIDATE_FOUND
921814,9322114,RACE_UNRESOLVED,NO_CANDIDATE_FOUND
921814,6188674,RACE_UNRESOLVED,NO_CANDIDATE_FOUND
921814,8137367,RACE_UNRESOLVED,NO_CANDIDATE_FOUND
921814,9189384,RACE_UNRESOLVED,NO_CANDIDATE_FOUND
921814,9322113,RACE_UNRESOLVED,NO_CANDIDATE_FOUND
921814,6037326,RACE_UNRESOLVED,NO_CANDIDATE_FOUND
921814,5973415,RACE_UNRESOLVED,NO_CANDIDATE_FOUND
921814,4436489,RACE_UNRESOLVED,NO_CANDIDATE_FOUND
921814,58953294,RACE_UNRESOLVED,NO_CANDIDATE_FOUND
921807,3102127,HORSE_UNRESOLVED,NO_CANDIDATE_FOUND
921807,1870937,HORSE_UNRESOLVED,NO_CANDIDATE_FOUND
921807,7926357,HORSE_UNRESOLVED,NO_CANDIDATE_FOUND
921807,5092906,HORSE_UNRESOLVED,NO_CANDIDATE_FOUND
921807,6238176,HORSE_UNRESOLVED,NO_CANDIDATE_FOUND
921807,2654454,HORSE_UNRESOLVED,NO_CANDIDATE_FOUND
921807,7195643,HORSE_UNRESOLVED,NO_CANDIDATE_FOUND
921807,5085187,HORSE_UNRESOLVED,NO_CANDIDATE_FOUND
921807,7996932,HORSE_UNRESOLVED,NO_CANDIDATE_FOUND
921807,3373737,HORSE_UNRESOLVED,NO_CANDIDATE_FOUND
921807,6202590,HORSE_UNRESOLVED,NO_CANDIDATE_FOUND
921807,1535387,HORSE_UNRESOLVED,NO_CANDIDATE_FOUND
920251,5580098,HORSE_UNRESOLVED,NO_CANDIDATE_FOUND
920251,4924435,HORSE_UNRESOLVED,NO_CANDIDATE_FOUND
920251,6379989,HORSE_UNRESOLVED,NO_CANDIDATE_FOUND
920251,5085220,HORSE_UNRESOLVED,NO_CANDIDATE_FOUND
920251,6662112,HORSE_UNRESOLVED,NO_CANDIDATE_FOUND
920251,6114837,HORSE_UNRESOLVED,NO_CANDIDATE_FOUND
920251,6398087,HORSE_UNRESOLVED,NO_CANDIDATE_FOUND
920251,3526606,HORSE_UNRESOLVED,NO_CANDIDATE_FOUND
920251,3273553,HORSE_UNRESOLVED,NO_CANDIDATE_FOUND
919964,9115896,RACE_UNRESOLVED,NO_CANDIDATE_FOUND
919964,9115659,RACE_UNRESOLVED,NO_CANDIDATE_FOUND
919964,9317887,RACE_UNRESOLVED,NO_CANDIDATE_FOUND
919964,9317895,RACE_UNRESOLVED,NO_CANDIDATE_FOUND
919964,9276861,RACE_UNRESOLVED,NO_CANDIDATE_FOUND
919964,9308780,RACE_UNRESOLVED,NO_CANDIDATE_FOUND
919964,9317896,RACE_UNRESOLVED,NO_CANDIDATE_FOUND
919964,9179727,RACE_UNRESOLVED,NO_CANDIDATE_FOUND
919964,9290853,RACE_UNRESOLVED,NO_CANDIDATE_FOUND
919964,9317888,RACE_UNRESOLVED,NO_CANDIDATE_FOUND
919964,9317891,RACE_UNRESOLVED,NO_CANDIDATE_FOUND
919964,9317894,RACE_UNRESOLVED,NO_CANDIDATE_FOUND
921815,5147922,RACE_UNRESOLVED,NO_CANDIDATE_FOUND
921815,8137366,RACE_UNRESOLVED,NO_CANDIDATE_FOUND
921815,6111545,RACE_UNRESOLVED,NO_CANDIDATE_FOUND
921815,6111546,RACE_UNRESOLVED,NO_CANDIDATE_FOUND
921815,5504679,RACE_UNRESOLVED,NO_CANDIDATE_FOUND
921815,6803007,RACE_UNRESOLVED,NO_CANDIDATE_FOUND
921815,5230620,RACE_UNRESOLVED,NO_CANDIDATE_FOUND
921815,7148068,RACE_UNRESOLVED,NO_CANDIDATE_FOUND
921815,3404048,RACE_UNRESOLVED,NO_CANDIDATE_FOUND
921815,3666402,RACE_UNRESOLVED,NO_CANDIDATE_FOUND
920252,5915791,HORSE_UNRESOLVED,NO_CANDIDATE_FOUND
920252,5879003,HORSE_UNRESOLVED,NO_CANDIDATE_FOUND
920252,5793456,HORSE_UNRESOLVED,NO_CANDIDATE_FOUND
920252,5884254,HORSE_UNRESOLVED,NO_CANDIDATE_FOUND
920252,7308007,HORSE_UNRESOLVED,NO_CANDIDATE_FOUND
920252,5509261,HORSE_UNRESOLVED,NO_CANDIDATE_FOUND
920252,5172501,HORSE_UNRESOLVED,NO_CANDIDATE_FOUND
921808,8183829,HORSE_UNRESOLVED,NO_CANDIDATE_FOUND
921808,6568911,HORSE_UNRESOLVED,NO_CANDIDATE_FOUND
921808,5092879,HORSE_UNRESOLVED,NO_CANDIDATE_FOUND
921808,5410641,HORSE_UNRESOLVED,NO_CANDIDATE_FOUND
921808,5806679,HORSE_UNRESOLVED,NO_CANDIDATE_FOUND
921808,3609055,HORSE_UNRESOLVED,NO_CANDIDATE_FOUND
921808,7926348,HORSE_UNRESOLVED,NO_CANDIDATE_FOUND
921808,6278721,HORSE_UNRESOLVED,NO_CANDIDATE_FOUND
921808,7935110,HORSE_UNRESOLVED,NO_CANDIDATE_FOUND
921808,3617925,HORSE_UNRESOLVED,NO_CANDIDATE_FOUND
921808,7457882,HORSE_UNRESOLVED,NO_CANDIDATE_FOUND
921808,6429646,HORSE_UNRESOLVED,NO_CANDIDATE_FOUND
921808,4455466,HORSE_UNRESOLVED,NO_CANDIDATE_FOUND
921808,5554972,HORSE_UNRESOLVED,NO_CANDIDATE_FOUND
921808,4299533,HORSE_UNRESOLVED,NO_CANDIDATE_FOUND
919962,5234275,RACE_UNRESOLVED,NO_CANDIDATE_FOUND
919962,5708904,RACE_UNRESOLVED,NO_CANDIDATE_FOUND
919962,6666854,RACE_UNRESOLVED,NO_CANDIDATE_FOUND
919962,6402365,RACE_UNRESOLVED,NO_CANDIDATE_FOUND
919962,58956382,RACE_UNRESOLVED,NO_CANDIDATE_FOUND
919962,5881615,RACE_UNRESOLVED,NO_CANDIDATE_FOUND
919962,6130345,RACE_UNRESOLVED,NO_CANDIDATE_FOUND
919962,5123486,RACE_UNRESOLVED,NO_CANDIDATE_FOUND
919962,4575823,RACE_UNRESOLVED,NO_CANDIDATE_FOUND
919962,8052952,RACE_UNRESOLVED,NO_CANDIDATE_FOUND
919962,6478014,RACE_UNRESOLVED,NO_CANDIDATE_FOUND
919962,4725959,RACE_UNRESOLVED,NO_CANDIDATE_FOUND
921809,5134076,HORSE_UNRESOLVED,NO_CANDIDATE_FOUND
921809,7793572,HORSE_UNRESOLVED,NO_CANDIDATE_FOUND
921809,5812356,HORSE_UNRESOLVED,NO_CANDIDATE_FOUND
921809,5357864,HORSE_UNRESOLVED,NO_CANDIDATE_FOUND
921809,5048231,HORSE_UNRESOLVED,NO_CANDIDATE_FOUND
920250,7020211,HORSE_UNRESOLVED,NO_CANDIDATE_FOUND
920250,8120584,HORSE_UNRESOLVED,NO_CANDIDATE_FOUND
920250,7852216,HORSE_UNRESOLVED,NO_CANDIDATE_FOUND
919963,7436345,RACE_UNRESOLVED,NO_CANDIDATE_FOUND
919963,7762491,RACE_UNRESOLVED,NO_CANDIDATE_FOUND
919963,7204961,RACE_UNRESOLVED,NO_CANDIDATE_FOUND
919963,7020580,RACE_UNRESOLVED,NO_CANDIDATE_FOUND
919963,7493127,RACE_UNRESOLVED,NO_CANDIDATE_FOUND
919963,8227221,RACE_UNRESOLVED,NO_CANDIDATE_FOUND
919963,9281136,RACE_UNRESOLVED,NO_CANDIDATE_FOUND
921817,7334537,RACE_UNRESOLVED,NO_CANDIDATE_FOUND
921817,5048029,RACE_UNRESOLVED,NO_CANDIDATE_FOUND
921817,4982082,RACE_UNRESOLVED,NO_CANDIDATE_FOUND
921817,5884338,RACE_UNRESOLVED,NO_CANDIDATE_FOUND
921817,5045967,RACE_UNRESOLVED,NO_CANDIDATE_FOUND
921817,4893367,RACE_UNRESOLVED,NO_CANDIDATE_FOUND
921810,7551787,HORSE_UNRESOLVED,NO_CANDIDATE_FOUND
921810,8953959,HORSE_UNRESOLVED,NO_CANDIDATE_FOUND
921810,8953960,HORSE_UNRESOLVED,NO_CANDIDATE_FOUND
921810,7436328,HORSE_UNRESOLVED,NO_CANDIDATE_FOUND
921810,8530106,HORSE_UNRESOLVED,NO_CANDIDATE_FOUND
921810,7757763,HORSE_UNRESOLVED,NO_CANDIDATE_FOUND
921810,7891661,HORSE_UNRESOLVED,NO_CANDIDATE_FOUND
921810,7996923,HORSE_UNRESOLVED,NO_CANDIDATE_FOUND
921810,7657456,HORSE_UNRESOLVED,NO_CANDIDATE_FOUND
921810,8179298,HORSE_UNRESOLVED,NO_CANDIDATE_FOUND
921810,8268299,HORSE_UNRESOLVED,NO_CANDIDATE_FOUND
921810,8144071,HORSE_UNRESOLVED,NO_CANDIDATE_FOUND
921810,7627148,HORSE_UNRESOLVED,NO_CANDIDATE_FOUND
921810,7691580,HORSE_UNRESOLVED,NO_CANDIDATE_FOUND
921810,8120562,HORSE_UNRESOLVED,NO_CANDIDATE_FOUND
919957,9317878,HORSE_UNRESOLVED,NO_CANDIDATE_FOUND
919957,9263899,HORSE_UNRESOLVED,NO_CANDIDATE_FOUND
919957,9317881,HORSE_UNRESOLVED,NO_CANDIDATE_FOUND
919957,9198392,HORSE_UNRESOLVED,NO_CANDIDATE_FOUND
919957,8688444,HORSE_UNRESOLVED,NO_CANDIDATE_FOUND
919965,2645551,RACE_UNRESOLVED,NO_CANDIDATE_FOUND
919965,4369773,RACE_UNRESOLVED,NO_CANDIDATE_FOUND
919965,6314162,RACE_UNRESOLVED,NO_CANDIDATE_FOUND
919965,4642821,RACE_UNRESOLVED,NO_CANDIDATE_FOUND
919965,2996619,RACE_UNRESOLVED,NO_CANDIDATE_FOUND
919965,5102058,RACE_UNRESOLVED,NO_CANDIDATE_FOUND
919965,58956167,RACE_UNRESOLVED,NO_CANDIDATE_FOUND
921818,4241537,RACE_UNRESOLVED,NO_CANDIDATE_FOUND
921818,3087843,RACE_UNRESOLVED,NO_CANDIDATE_FOUND
921818,3056495,RACE_UNRESOLVED,NO_CANDIDATE_FOUND
921818,5141705,RACE_UNRESOLVED,NO_CANDIDATE_FOUND
921818,4994572,RACE_UNRESOLVED,NO_CANDIDATE_FOUND
921818,4189575,RACE_UNRESOLVED,NO_CANDIDATE_FOUND
921811,8179308,HORSE_UNRESOLVED,NO_CANDIDATE_FOUND
921811,9060372,HORSE_UNRESOLVED,NO_CANDIDATE_FOUND
921811,9322102,HORSE_UNRESOLVED,NO_CANDIDATE_FOUND
921811,9322103,HORSE_UNRESOLVED,NO_CANDIDATE_FOUND
921811,9322104,HORSE_UNRESOLVED,NO_CANDIDATE_FOUND
921811,7648525,HORSE_UNRESOLVED,NO_CANDIDATE_FOUND
921811,9014950,HORSE_UNRESOLVED,NO_CANDIDATE_FOUND
921811,9322101,HORSE_UNRESOLVED,NO_CANDIDATE_FOUND
921811,8646834,HORSE_UNRESOLVED,NO_CANDIDATE_FOUND
921811,8236301,HORSE_UNRESOLVED,NO_CANDIDATE_FOUND
921811,8908692,HORSE_UNRESOLVED,NO_CANDIDATE_FOUND
921811,8812076,HORSE_UNRESOLVED,NO_CANDIDATE_FOUND
921811,8335373,HORSE_UNRESOLVED,NO_CANDIDATE_FOUND
919958,7784905,HORSE_UNRESOLVED,NO_CANDIDATE_FOUND
919958,7020258,HORSE_UNRESOLVED,NO_CANDIDATE_FOUND
919958,9088392,HORSE_UNRESOLVED,NO_CANDIDATE_FOUND
919958,8313782,HORSE_UNRESOLVED,NO_CANDIDATE_FOUND
919958,8844521,HORSE_UNRESOLVED,NO_CANDIDATE_FOUND
919958,8627876,HORSE_UNRESOLVED,NO_CANDIDATE_FOUND
919960,7020716,RACE_UNRESOLVED,NO_CANDIDATE_FOUND
919960,5242271,RACE_UNRESOLVED,NO_CANDIDATE_FOUND
919960,6102214,RACE_UNRESOLVED,NO_CANDIDATE_FOUND
919960,8124710,RACE_UNRESOLVED,NO_CANDIDATE_FOUND
919960,8520787,RACE_UNRESOLVED,NO_CANDIDATE_FOUND
919960,4757705,RACE_UNRESOLVED,NO_CANDIDATE_FOUND
919960,4570893,RACE_UNRESOLVED,NO_CANDIDATE_FOUND
919960,2951760,RACE_UNRESOLVED,NO_CANDIDATE_FOUND
921819,4231722,RACE_UNRESOLVED,NO_CANDIDATE_FOUND
921819,4157797,RACE_UNRESOLVED,NO_CANDIDATE_FOUND
921819,3293723,RACE_UNRESOLVED,NO_CANDIDATE_FOUND
921819,5021288,RACE_UNRESOLVED,NO_CANDIDATE_FOUND
921819,5884313,RACE_UNRESOLVED,NO_CANDIDATE_FOUND
921819,7592556,RACE_UNRESOLVED,NO_CANDIDATE_FOUND
921819,4609190,RACE_UNRESOLVED,NO_CANDIDATE_FOUND
921819,5428930,RACE_UNRESOLVED,NO_CANDIDATE_FOUND
921819,5671309,RACE_UNRESOLVED,NO_CANDIDATE_FOUND
921819,2510128,RACE_UNRESOLVED,NO_CANDIDATE_FOUND
921819,3154585,RACE_UNRESOLVED,NO_CANDIDATE_FOUND
921812,7865996,HORSE_UNRESOLVED,NO_CANDIDATE_FOUND
921812,7935084,HORSE_UNRESOLVED,NO_CANDIDATE_FOUND
921812,7462317,HORSE_UNRESOLVED,NO_CANDIDATE_FOUND
921812,7466833,HORSE_UNRESOLVED,NO_CANDIDATE_FOUND
921812,7776057,HORSE_UNRESOLVED,NO_CANDIDATE_FOUND
921812,8839218,HORSE_UNRESOLVED,NO_CANDIDATE_FOUND
921812,7887311,HORSE_UNRESOLVED,NO_CANDIDATE_FOUND
921812,7601660,HORSE_UNRESOLVED,NO_CANDIDATE_FOUND
921812,8205592,HORSE_UNRESOLVED,NO_CANDIDATE_FOUND
921812,8309319,HORSE_UNRESOLVED,NO_CANDIDATE_FOUND
921812,8646831,HORSE_UNRESOLVED,NO_CANDIDATE_FOUND
919959,5982408,HORSE_UNRESOLVED,NO_CANDIDATE_FOUND
919959,58956406,HORSE_UNRESOLVED,NO_CANDIDATE_FOUND
919959,5580129,HORSE_UNRESOLVED,NO_CANDIDATE_FOUND
919959,8693249,HORSE_UNRESOLVED,NO_CANDIDATE_FOUND
919959,4438502,HORSE_UNRESOLVED,NO_CANDIDATE_FOUND
919959,6671112,HORSE_UNRESOLVED,NO_CANDIDATE_FOUND
919967,6055636,HORSE_UNRESOLVED,NO_CANDIDATE_FOUND
919967,4076318,HORSE_UNRESOLVED,NO_CANDIDATE_FOUND
919967,6006018,HORSE_UNRESOLVED,NO_CANDIDATE_FOUND
919967,5580138,HORSE_UNRESOLVED,NO_CANDIDATE_FOUND
919967,5968894,HORSE_UNRESOLVED,NO_CANDIDATE_FOUND
919961,6256656,RACE_UNRESOLVED,NO_CANDIDATE_FOUND
919961,7426989,RACE_UNRESOLVED,NO_CANDIDATE_FOUND
919961,7382699,RACE_UNRESOLVED,NO_CANDIDATE_FOUND
919961,7639441,RACE_UNRESOLVED,NO_CANDIDATE_FOUND
919961,7988028,RACE_UNRESOLVED,NO_CANDIDATE_FOUND
919961,6055640,RACE_UNRESOLVED,NO_CANDIDATE_FOUND
919961,8459461,RACE_UNRESOLVED,NO_CANDIDATE_FOUND
919961,7471067,RACE_UNRESOLVED,NO_CANDIDATE_FOUND
919961,4175309,RACE_UNRESOLVED,NO_CANDIDATE_FOUND
921820,7592652,RACE_UNRESOLVED,NO_CANDIDATE_FOUND
921820,8949373,RACE_UNRESOLVED,NO_CANDIDATE_FOUND
921820,8455158,RACE_UNRESOLVED,NO_CANDIDATE_FOUND
921820,8174784,RACE_UNRESOLVED,NO_CANDIDATE_FOUND
921820,9115885,RACE_UNRESOLVED,NO_CANDIDATE_FOUND
921820,8370949,RACE_UNRESOLVED,NO_CANDIDATE_FOUND
921820,9088294,RACE_UNRESOLVED,NO_CANDIDATE_FOUND
921820,8330868,RACE_UNRESOLVED,NO_CANDIDATE_FOUND
921820,8330883,RACE_UNRESOLVED,NO_CANDIDATE_FOUND
921820,6482636,RACE_UNRESOLVED,NO_CANDIDATE_FOUND
921820,6314161,RACE_UNRESOLVED,NO_CANDIDATE_FOUND
921940,7966358,HORSE_UNRESOLVED,NO_CANDIDATE_FOUND
921940,7708584,HORSE_UNRESOLVED,NO_CANDIDATE_FOUND
921940,7900549,HORSE_UNRESOLVED,NO_CANDIDATE_FOUND
921940,8277437,HORSE_UNRESOLVED,NO_CANDIDATE_FOUND
921940,8362138,HORSE_UNRESOLVED,NO_CANDIDATE_FOUND
921940,9083744,HORSE_UNRESOLVED,NO_CANDIDATE_FOUND
921940,7462314,HORSE_UNRESOLVED,NO_CANDIDATE_FOUND
921940,8089277,HORSE_UNRESOLVED,NO_CANDIDATE_FOUND
921940,9014957,HORSE_UNRESOLVED,NO_CANDIDATE_FOUND
921940,7708577,HORSE_UNRESOLVED,NO_CANDIDATE_FOUND
921940,8304776,HORSE_UNRESOLVED,NO_CANDIDATE_FOUND
921940,9009954,HORSE_UNRESOLVED,NO_CANDIDATE_FOUND
919970,8688496,HORSE_UNRESOLVED,NO_CANDIDATE_FOUND
919970,9281143,HORSE_UNRESOLVED,NO_CANDIDATE_FOUND
919970,9115830,HORSE_UNRESOLVED,NO_CANDIDATE_FOUND
919970,8688615,HORSE_UNRESOLVED,NO_CANDIDATE_FOUND
919970,9166861,HORSE_UNRESOLVED,NO_CANDIDATE_FOUND
919970,8688843,HORSE_UNRESOLVED,NO_CANDIDATE_FOUND
919970,9051067,HORSE_UNRESOLVED,NO_CANDIDATE_FOUND
920255,5073241,HORSE_UNRESOLVED,NO_CANDIDATE_FOUND
920255,3164268,HORSE_UNRESOLVED,NO_CANDIDATE_FOUND
920255,5151721,HORSE_UNRESOLVED,NO_CANDIDATE_FOUND
920255,5059618,HORSE_UNRESOLVED,NO_CANDIDATE_FOUND
920255,3096581,HORSE_UNRESOLVED,NO_CANDIDATE_FOUND
920255,2800218,HORSE_UNRESOLVED,NO_CANDIDATE_FOUND
920255,6388820,HORSE_UNRESOLVED,NO_CANDIDATE_FOUND
920255,5038624,HORSE_UNRESOLVED,NO_CANDIDATE_FOUND
920255,2734123,HORSE_UNRESOLVED,NO_CANDIDATE_FOUND
921938,9281138,HORSE_UNRESOLVED,NO_CANDIDATE_FOUND
921938,9317898,HORSE_UNRESOLVED,NO_CANDIDATE_FOUND
921938,9308777,HORSE_UNRESOLVED,NO_CANDIDATE_FOUND
921938,9092912,HORSE_UNRESOLVED,NO_CANDIDATE_FOUND
921938,9115868,HORSE_UNRESOLVED,NO_CANDIDATE_FOUND
921938,9317899,HORSE_UNRESOLVED,NO_CANDIDATE_FOUND
921938,9212574,HORSE_UNRESOLVED,NO_CANDIDATE_FOUND
920257,7713437,HORSE_UNRESOLVED,NO_CANDIDATE_FOUND
920257,5708691,HORSE_UNRESOLVED,NO_CANDIDATE_FOUND
920257,8494421,HORSE_UNRESOLVED,NO_CANDIDATE_FOUND
920257,8245531,HORSE_UNRESOLVED,NO_CANDIDATE_FOUND
920257,7205001,HORSE_UNRESOLVED,NO_CANDIDATE_FOUND
920257,7957278,HORSE_UNRESOLVED,NO_CANDIDATE_FOUND
920257,5982378,HORSE_UNRESOLVED,NO_CANDIDATE_FOUND
920257,6134855,HORSE_UNRESOLVED,NO_CANDIDATE_FOUND
919968,7436383,HORSE_UNRESOLVED,NO_CANDIDATE_FOUND
919968,8913481,HORSE_UNRESOLVED,NO_CANDIDATE_FOUND
919968,9317901,HORSE_UNRESOLVED,NO_CANDIDATE_FOUND
919968,9185006,HORSE_UNRESOLVED,NO_CANDIDATE_FOUND
919968,9153202,HORSE_UNRESOLVED,NO_CANDIDATE_FOUND
919968,7983189,HORSE_UNRESOLVED,NO_CANDIDATE_FOUND
919968,8268265,HORSE_UNRESOLVED,NO_CANDIDATE_FOUND
920254,5237794,HORSE_UNRESOLVED,NO_CANDIDATE_FOUND
920254,5708616,HORSE_UNRESOLVED,NO_CANDIDATE_FOUND
920254,5355676,HORSE_UNRESOLVED,NO_CANDIDATE_FOUND
920254,58956175,HORSE_UNRESOLVED,NO_CANDIDATE_FOUND
920254,5686871,HORSE_UNRESOLVED,NO_CANDIDATE_FOUND
920254,5806695,HORSE_UNRESOLVED,NO_CANDIDATE_FOUND
920254,6916307,HORSE_UNRESOLVED,NO_CANDIDATE_FOUND
920254,4259453,HORSE_UNRESOLVED,NO_CANDIDATE_FOUND
920254,5845673,HORSE_UNRESOLVED,NO_CANDIDATE_FOUND
919972,8821443,HORSE_UNRESOLVED,NO_CANDIDATE_FOUND
919972,7020505,HORSE_UNRESOLVED,NO_CANDIDATE_FOUND
919972,7020652,HORSE_UNRESOLVED,NO_CANDIDATE_FOUND
919972,8157636,HORSE_UNRESOLVED,NO_CANDIDATE_FOUND
919972,7891677,HORSE_UNRESOLVED,NO_CANDIDATE_FOUND
919972,8268261,HORSE_UNRESOLVED,NO_CANDIDATE_FOUND
919972,8678962,HORSE_UNRESOLVED,NO_CANDIDATE_FOUND
919966,8982337,HORSE_UNRESOLVED,NO_CANDIDATE_FOUND
919966,8075059,HORSE_UNRESOLVED,NO_CANDIDATE_FOUND
919966,7493126,HORSE_UNRESOLVED,NO_CANDIDATE_FOUND
919966,7597364,HORSE_UNRESOLVED,NO_CANDIDATE_FOUND
919966,7529922,HORSE_UNRESOLVED,NO_CANDIDATE_FOUND
919966,7570735,HORSE_UNRESOLVED,NO_CANDIDATE_FOUND
919966,7516452,HORSE_UNRESOLVED,NO_CANDIDATE_FOUND
919966,7324741,HORSE_UNRESOLVED,NO_CANDIDATE_FOUND
920253,8245528,HORSE_UNRESOLVED,NO_CANDIDATE_FOUND
920253,7870270,HORSE_UNRESOLVED,NO_CANDIDATE_FOUND
920253,9290869,HORSE_UNRESOLVED,NO_CANDIDATE_FOUND
920253,8120587,HORSE_UNRESOLVED,NO_CANDIDATE_FOUND
920253,9268197,HORSE_UNRESOLVED,NO_CANDIDATE_FOUND
920253,8120526,HORSE_UNRESOLVED,NO_CANDIDATE_FOUND
920253,9212583,HORSE_UNRESOLVED,NO_CANDIDATE_FOUND
920253,9227220,HORSE_UNRESOLVED,NO_CANDIDATE_FOUND
919971,3813243,HORSE_UNRESOLVED,NO_CANDIDATE_FOUND
919971,2680317,HORSE_UNRESOLVED,NO_CANDIDATE_FOUND
919971,3781884,HORSE_UNRESOLVED,NO_CANDIDATE_FOUND
919971,2721809,HORSE_UNRESOLVED,NO_CANDIDATE_FOUND
919971,4352841,HORSE_UNRESOLVED,NO_CANDIDATE_FOUND
919971,6229185,HORSE_UNRESOLVED,NO_CANDIDATE_FOUND
919971,7839347,HORSE_UNRESOLVED,NO_CANDIDATE_FOUND
919971,6613687,HORSE_UNRESOLVED,NO_CANDIDATE_FOUND
921939,9286455,HORSE_UNRESOLVED,NO_CANDIDATE_FOUND
921939,8290515,HORSE_UNRESOLVED,NO_CANDIDATE_FOUND
921939,9157473,HORSE_UNRESOLVED,NO_CANDIDATE_FOUND
921939,9254385,HORSE_UNRESOLVED,NO_CANDIDATE_FOUND
921939,8174794,HORSE_UNRESOLVED,NO_CANDIDATE_FOUND
921939,7457899,HORSE_UNRESOLVED,NO_CANDIDATE_FOUND
921939,9317904,HORSE_UNRESOLVED,NO_CANDIDATE_FOUND
921939,6555377,HORSE_UNRESOLVED,NO_CANDIDATE_FOUND
920258,8058112,HORSE_UNRESOLVED,NO_CANDIDATE_FOUND
920258,4536539,HORSE_UNRESOLVED,NO_CANDIDATE_FOUND
920258,6046650,HORSE_UNRESOLVED,NO_CANDIDATE_FOUND
920258,4624486,HORSE_UNRESOLVED,NO_CANDIDATE_FOUND
920258,8309316,HORSE_UNRESOLVED,NO_CANDIDATE_FOUND
920258,58956405,HORSE_UNRESOLVED,NO_CANDIDATE_FOUND
920258,6807892,HORSE_UNRESOLVED,NO_CANDIDATE_FOUND
920258,6398080,HORSE_UNRESOLVED,NO_CANDIDATE_FOUND
919969,4369867,HORSE_UNRESOLVED,NO_CANDIDATE_FOUND
919969,2819114,HORSE_UNRESOLVED,NO_CANDIDATE_FOUND
919969,5379857,HORSE_UNRESOLVED,NO_CANDIDATE_FOUND
919969,3630334,HORSE_UNRESOLVED,NO_CANDIDATE_FOUND
919969,6327829,HORSE_UNRESOLVED,NO_CANDIDATE_FOUND
919969,6120963,HORSE_UNRESOLVED,NO_CANDIDATE_FOUND
919969,2838228,HORSE_UNRESOLVED,NO_CANDIDATE_FOUND
920256,5812494,HORSE_UNRESOLVED,NO_CANDIDATE_FOUND
920256,4827082,HORSE_UNRESOLVED,NO_CANDIDATE_FOUND
920256,5708905,HORSE_UNRESOLVED,NO_CANDIDATE_FOUND
920256,6473553,HORSE_UNRESOLVED,NO_CANDIDATE_FOUND
920256,5579995,HORSE_UNRESOLVED,NO_CANDIDATE_FOUND
920256,58961203,HORSE_UNRESOLVED,NO_CANDIDATE_FOUND
920256,5325178,HORSE_UNRESOLVED,NO_CANDIDATE_FOUND
920256,4245956,HORSE_UNRESOLVED,NO_CANDIDATE_FOUND
920256,3366694,HORSE_UNRESOLVED,NO_CANDIDATE_FOUND
919864,3147665,HORSE_UNRESOLVED,NO_CANDIDATE_FOUND
919864,5633095,HORSE_UNRESOLVED,NO_CANDIDATE_FOUND
919864,5386031,HORSE_UNRESOLVED,NO_CANDIDATE_FOUND
919973,8437038,HORSE_UNRESOLVED,NO_CANDIDATE_FOUND
919973,8075064,HORSE_UNRESOLVED,NO_CANDIDATE_FOUND
919973,8973288,HORSE_UNRESOLVED,NO_CANDIDATE_FOUND
919866,5490495,HORSE_UNRESOLVED,NO_CANDIDATE_FOUND
919866,4231883,HORSE_UNRESOLVED,NO_CANDIDATE_FOUND
919866,5499901,HORSE_UNRESOLVED,NO_CANDIDATE_FOUND
919866,3448754,HORSE_UNRESOLVED,NO_CANDIDATE_FOUND
919974,9312934,HORSE_UNRESOLVED,NO_CANDIDATE_FOUND
919974,9322122,HORSE_UNRESOLVED,NO_CANDIDATE_FOUND
919974,9300266,HORSE_UNRESOLVED,NO_CANDIDATE_FOUND
919974,9290863,HORSE_UNRESOLVED,NO_CANDIDATE_FOUND
919974,9322120,HORSE_UNRESOLVED,NO_CANDIDATE_FOUND
919868,9217566,HORSE_UNRESOLVED,NO_CANDIDATE_FOUND
919868,9129819,HORSE_UNRESOLVED,NO_CANDIDATE_FOUND
919868,7753411,HORSE_UNRESOLVED,NO_CANDIDATE_FOUND
919868,9281131,HORSE_UNRESOLVED,NO_CANDIDATE_FOUND
919975,5127951,HORSE_UNRESOLVED,NO_CANDIDATE_FOUND
919975,5708810,HORSE_UNRESOLVED,NO_CANDIDATE_FOUND
919975,5125896,HORSE_UNRESOLVED,NO_CANDIDATE_FOUND
919975,4924426,HORSE_UNRESOLVED,NO_CANDIDATE_FOUND
919975,3749591,HORSE_UNRESOLVED,NO_CANDIDATE_FOUND
919975,5743646,HORSE_UNRESOLVED,NO_CANDIDATE_FOUND
919975,3226213,HORSE_UNRESOLVED,NO_CANDIDATE_FOUND
919863,6640436,HORSE_UNRESOLVED,NO_CANDIDATE_FOUND
919863,7597379,HORSE_UNRESOLVED,NO_CANDIDATE_FOUND
919863,8762958,HORSE_UNRESOLVED,NO_CANDIDATE_FOUND
919863,6482630,HORSE_UNRESOLVED,NO_CANDIDATE_FOUND
919977,8534584,HORSE_UNRESOLVED,NO_CANDIDATE_FOUND
919977,8132990,HORSE_UNRESOLVED,NO_CANDIDATE_FOUND
919977,5123481,HORSE_UNRESOLVED,NO_CANDIDATE_FOUND
919977,7204933,HORSE_UNRESOLVED,NO_CANDIDATE_FOUND
919977,7436394,HORSE_UNRESOLVED,NO_CANDIDATE_FOUND
919867,8490009,HORSE_UNRESOLVED,NO_CANDIDATE_FOUND
919867,5809878,HORSE_UNRESOLVED,NO_CANDIDATE_FOUND
919867,5082962,HORSE_UNRESOLVED,NO_CANDIDATE_FOUND
919867,5676525,HORSE_UNRESOLVED,NO_CANDIDATE_FOUND
919867,2394659,HORSE_UNRESOLVED,NO_CANDIDATE_FOUND
919976,7409409,HORSE_UNRESOLVED,NO_CANDIDATE_FOUND
919976,3098702,HORSE_UNRESOLVED,NO_CANDIDATE_FOUND
919976,3662545,HORSE_UNRESOLVED,NO_CANDIDATE_FOUND
919976,7538893,HORSE_UNRESOLVED,NO_CANDIDATE_FOUND
919976,5806683,HORSE_UNRESOLVED,NO_CANDIDATE_FOUND
919865,3597154,HORSE_UNRESOLVED,NO_CANDIDATE_FOUND
919865,4241609,HORSE_UNRESOLVED,NO_CANDIDATE_FOUND
919865,3956751,HORSE_UNRESOLVED,NO_CANDIDATE_FOUND
919978,7020585,HORSE_UNRESOLVED,NO_CANDIDATE_FOUND
919978,7493122,HORSE_UNRESOLVED,NO_CANDIDATE_FOUND
919978,7339107,HORSE_UNRESOLVED,NO_CANDIDATE_FOUND
919978,7400072,HORSE_UNRESOLVED,NO_CANDIDATE_FOUND
919978,7204901,HORSE_UNRESOLVED,NO_CANDIDATE_FOUND
920263,7722808,HORSE_UNRESOLVED,NO_CANDIDATE_FOUND
920263,8157551,HORSE_UNRESOLVED,NO_CANDIDATE_FOUND
920263,7578894,HORSE_UNRESOLVED,NO_CANDIDATE_FOUND
920263,9078748,HORSE_UNRESOLVED,NO_CANDIDATE_FOUND
920263,7631489,HORSE_UNRESOLVED,NO_CANDIDATE_FOUND
919869,5705859,HORSE_UNRESOLVED,NO_CANDIDATE_FOUND
919869,4942588,HORSE_UNRESOLVED,NO_CANDIDATE_FOUND
919869,6698893,HORSE_UNRESOLVED,NO_CANDIDATE_FOUND
919869,4654682,HORSE_UNRESOLVED,NO_CANDIDATE_FOUND
920264,5172521,HORSE_UNRESOLVED,NO_CANDIDATE_FOUND
920264,5418930,HORSE_UNRESOLVED,NO_CANDIDATE_FOUND
920264,5398616,HORSE_UNRESOLVED,NO_CANDIDATE_FOUND
920264,8330908,HORSE_UNRESOLVED,NO_CANDIDATE_FOUND
920264,5329152,HORSE_UNRESOLVED,NO_CANDIDATE_FOUND
920264,8106634,HORSE_UNRESOLVED,NO_CANDIDATE_FOUND
920264,5021324,HORSE_UNRESOLVED,NO_CANDIDATE_FOUND
920269,3259279,HORSE_UNRESOLVED,NO_CANDIDATE_FOUND
920269,6005908,HORSE_UNRESOLVED,NO_CANDIDATE_FOUND
920269,8157626,HORSE_UNRESOLVED,NO_CANDIDATE_FOUND
920269,3695497,HORSE_UNRESOLVED,NO_CANDIDATE_FOUND
920269,5412838,HORSE_UNRESOLVED,NO_CANDIDATE_FOUND
920269,6287947,HORSE_UNRESOLVED,NO_CANDIDATE_FOUND
920269,3469694,HORSE_UNRESOLVED,NO_CANDIDATE_FOUND
920269,7293773,HORSE_UNRESOLVED,NO_CANDIDATE_FOUND
920269,4057129,HORSE_UNRESOLVED,NO_CANDIDATE_FOUND
920269,4078845,HORSE_UNRESOLVED,NO_CANDIDATE_FOUND
921954,8321643,HORSE_UNRESOLVED,NO_CANDIDATE_FOUND
921954,5848860,HORSE_UNRESOLVED,NO_CANDIDATE_FOUND
921954,7020303,HORSE_UNRESOLVED,NO_CANDIDATE_FOUND
921954,3164274,HORSE_UNRESOLVED,NO_CANDIDATE_FOUND
921954,4272413,HORSE_UNRESOLVED,NO_CANDIDATE_FOUND
921954,5708887,HORSE_UNRESOLVED,NO_CANDIDATE_FOUND
921954,5126610,HORSE_UNRESOLVED,NO_CANDIDATE_FOUND
920267,7191399,HORSE_UNRESOLVED,NO_CANDIDATE_FOUND
920267,3096980,HORSE_UNRESOLVED,NO_CANDIDATE_FOUND
920267,5751517,HORSE_UNRESOLVED,NO_CANDIDATE_FOUND
920267,5929164,HORSE_UNRESOLVED,NO_CANDIDATE_FOUND
920267,5268399,HORSE_UNRESOLVED,NO_CANDIDATE_FOUND
920267,6881400,HORSE_UNRESOLVED,NO_CANDIDATE_FOUND
920267,4556054,HORSE_UNRESOLVED,NO_CANDIDATE_FOUND
920267,5630678,HORSE_UNRESOLVED,NO_CANDIDATE_FOUND
920260,9286454,HORSE_UNRESOLVED,NO_CANDIDATE_FOUND
920260,7529952,HORSE_UNRESOLVED,NO_CANDIDATE_FOUND
920260,9138727,HORSE_UNRESOLVED,NO_CANDIDATE_FOUND
920260,8406207,HORSE_UNRESOLVED,NO_CANDIDATE_FOUND
920260,7493169,HORSE_UNRESOLVED,NO_CANDIDATE_FOUND
920260,7020327,HORSE_UNRESOLVED,NO_CANDIDATE_FOUND
920260,7378604,HORSE_UNRESOLVED,NO_CANDIDATE_FOUND
920270,7878372,HORSE_UNRESOLVED,NO_CANDIDATE_FOUND
920270,7952268,HORSE_UNRESOLVED,NO_CANDIDATE_FOUND
920270,7436451,HORSE_UNRESOLVED,NO_CANDIDATE_FOUND
920270,7913264,HORSE_UNRESOLVED,NO_CANDIDATE_FOUND
920259,7529925,HORSE_UNRESOLVED,NO_CANDIDATE_FOUND
920259,4628805,HORSE_UNRESOLVED,NO_CANDIDATE_FOUND
920259,8219424,HORSE_UNRESOLVED,NO_CANDIDATE_FOUND
920259,8788801,HORSE_UNRESOLVED,NO_CANDIDATE_FOUND
920259,7334605,HORSE_UNRESOLVED,NO_CANDIDATE_FOUND
920259,7713441,HORSE_UNRESOLVED,NO_CANDIDATE_FOUND
920259,8174738,HORSE_UNRESOLVED,NO_CANDIDATE_FOUND
920259,5942420,HORSE_UNRESOLVED,NO_CANDIDATE_FOUND
920259,7324736,HORSE_UNRESOLVED,NO_CANDIDATE_FOUND
920259,7887304,HORSE_UNRESOLVED,NO_CANDIDATE_FOUND
920268,4257435,HORSE_UNRESOLVED,NO_CANDIDATE_FOUND
920268,5920413,HORSE_UNRESOLVED,NO_CANDIDATE_FOUND
920268,6582475,HORSE_UNRESOLVED,NO_CANDIDATE_FOUND
920268,5048059,HORSE_UNRESOLVED,NO_CANDIDATE_FOUND
920268,5582501,HORSE_UNRESOLVED,NO_CANDIDATE_FOUND
920268,3190713,HORSE_UNRESOLVED,NO_CANDIDATE_FOUND
920261,8844374,HORSE_UNRESOLVED,NO_CANDIDATE_FOUND
920261,7020503,HORSE_UNRESOLVED,NO_CANDIDATE_FOUND
920261,8406264,HORSE_UNRESOLVED,NO_CANDIDATE_FOUND
920261,7627184,HORSE_UNRESOLVED,NO_CANDIDATE_FOUND
920261,8844522,HORSE_UNRESOLVED,NO_CANDIDATE_FOUND
920261,7865973,HORSE_UNRESOLVED,NO_CANDIDATE_FOUND
920261,8913478,HORSE_UNRESOLVED,NO_CANDIDATE_FOUND
920266,6064638,HORSE_UNRESOLVED,NO_CANDIDATE_FOUND
920266,5488174,HORSE_UNRESOLVED,NO_CANDIDATE_FOUND
920266,5168470,HORSE_UNRESOLVED,NO_CANDIDATE_FOUND
920266,5050206,HORSE_UNRESOLVED,NO_CANDIDATE_FOUND
920266,5327074,HORSE_UNRESOLVED,NO_CANDIDATE_FOUND
920266,7191397,HORSE_UNRESOLVED,NO_CANDIDATE_FOUND
920266,5770481,HORSE_UNRESOLVED,NO_CANDIDATE_FOUND
920266,4652622,HORSE_UNRESOLVED,NO_CANDIDATE_FOUND
920266,3499137,HORSE_UNRESOLVED,NO_CANDIDATE_FOUND
921953,8268266,HORSE_UNRESOLVED,NO_CANDIDATE_FOUND
921953,8881560,HORSE_UNRESOLVED,NO_CANDIDATE_FOUND
921953,8286521,HORSE_UNRESOLVED,NO_CANDIDATE_FOUND
921953,7657438,HORSE_UNRESOLVED,NO_CANDIDATE_FOUND
921953,8821446,HORSE_UNRESOLVED,NO_CANDIDATE_FOUND
921953,7534591,HORSE_UNRESOLVED,NO_CANDIDATE_FOUND
920265,5764777,HORSE_UNRESOLVED,NO_CANDIDATE_FOUND
920265,5102069,HORSE_UNRESOLVED,NO_CANDIDATE_FOUND
920265,3958772,HORSE_UNRESOLVED,NO_CANDIDATE_FOUND
920265,6027933,HORSE_UNRESOLVED,NO_CANDIDATE_FOUND
920265,7457901,HORSE_UNRESOLVED,NO_CANDIDATE_FOUND
920265,2687060,HORSE_UNRESOLVED,NO_CANDIDATE_FOUND
920265,1170369,HORSE_UNRESOLVED,NO_CANDIDATE_FOUND
920265,3137662,HORSE_UNRESOLVED,NO_CANDIDATE_FOUND
920265,8968474,HORSE_UNRESOLVED,NO_CANDIDATE_FOUND
920265,2394794,HORSE_UNRESOLVED,NO_CANDIDATE_FOUND
920262,5937866,HORSE_UNRESOLVED,NO_CANDIDATE_FOUND
920262,5017646,HORSE_UNRESOLVED,NO_CANDIDATE_FOUND
920262,5237794,HORSE_UNRESOLVED,NO_CANDIDATE_FOUND
920262,7978778,HORSE_UNRESOLVED,NO_CANDIDATE_FOUND
920262,6261000,HORSE_UNRESOLVED,NO_CANDIDATE_FOUND
920262,2719428,HORSE_UNRESOLVED,NO_CANDIDATE_FOUND
920262,2617709,HORSE_UNRESOLVED,NO_CANDIDATE_FOUND
920262,4924797,HORSE_UNRESOLVED,NO_CANDIDATE_FOUND
920262,5073375,HORSE_UNRESOLVED,NO_CANDIDATE_FOUND
919982,7718168,HORSE_UNRESOLVED,NO_CANDIDATE_FOUND
919982,7878363,HORSE_UNRESOLVED,NO_CANDIDATE_FOUND
919982,7957270,HORSE_UNRESOLVED,NO_CANDIDATE_FOUND
919982,8991585,HORSE_UNRESOLVED,NO_CANDIDATE_FOUND
919982,7947735,HORSE_UNRESOLVED,NO_CANDIDATE_FOUND
919982,8551794,HORSE_UNRESOLVED,NO_CANDIDATE_FOUND
919982,8240988,HORSE_UNRESOLVED,NO_CANDIDATE_FOUND
919982,8277417,HORSE_UNRESOLVED,NO_CANDIDATE_FOUND
919880,4582288,HORSE_UNRESOLVED,NO_CANDIDATE_FOUND
919880,4755719,HORSE_UNRESOLVED,NO_CANDIDATE_FOUND
919880,5059605,HORSE_UNRESOLVED,NO_CANDIDATE_FOUND
919880,7227179,HORSE_UNRESOLVED,NO_CANDIDATE_FOUND
919880,5011614,HORSE_UNRESOLVED,NO_CANDIDATE_FOUND
919880,3265195,HORSE_UNRESOLVED,NO_CANDIDATE_FOUND
rp_NEWCASTLE_20260602_6.15,rp_NEWCASTLE_lawmans_blis,HORSE_UNRESOLVED,NO_CANDIDATE_FOUND
rp_NEWCASTLE_20260602_6.15,rp_NEWCASTLE_yakhabar,HORSE_UNRESOLVED,NO_CANDIDATE_FOUND
rp_NEWCASTLE_20260602_6.15,rp_NEWCASTLE_heartened,HORSE_UNRESOLVED,NO_CANDIDATE_FOUND
rp_NEWCASTLE_20260602_6.15,rp_NEWCASTLE_project_kinsman,HORSE_UNRESOLVED,NO_CANDIDATE_FOUND
rp_NEWCASTLE_20260602_6.15,rp_NEWCASTLE_top_flight_century,HORSE_UNRESOLVED,NO_CANDIDATE_FOUND
rp_NEWCASTLE_20260602_6.15,rp_NEWCASTLE_wheres_the_crumpet,HORSE_UNRESOLVED,NO_CANDIDATE_FOUND
rp_NEWCASTLE_20260602_6.15,rp_NEWCASTLE_broadstone,HORSE_UNRESOLVED,NO_CANDIDATE_FOUND
rp_NEWCASTLE_20260602_6.15,rp_NEWCASTLE_prince_hector,HORSE_UNRESOLVED,NO_CANDIDATE_FOUND
rp_NEWCASTLE_20260602_6.15,rp_NEWCASTLE_carida,HORSE_UNRESOLVED,NO_CANDIDATE_FOUND
rp_NEWCASTLE_20260602_6.15,rp_NEWCASTLE_come_on_john,HORSE_UNRESOLVED,NO_CANDIDATE_FOUND
rp_NEWCASTLE_20260602_6.45,rp_NEWCASTLE_apache_eagle,HORSE_UNRESOLVED,NO_CANDIDATE_FOUND
rp_NEWCASTLE_20260602_6.45,rp_NEWCASTLE_jedhi_knight,HORSE_UNRESOLVED,NO_CANDIDATE_FOUND
rp_NEWCASTLE_20260602_6.45,rp_NEWCASTLE_desert_quest,HORSE_UNRESOLVED,NO_CANDIDATE_FOUND
rp_NEWCASTLE_20260602_6.45,rp_NEWCASTLE_speechman,HORSE_UNRESOLVED,NO_CANDIDATE_FOUND
rp_NEWCASTLE_20260602_6.45,rp_NEWCASTLE_arch_legend,HORSE_UNRESOLVED,NO_CANDIDATE_FOUND
rp_NEWCASTLE_20260602_6.45,rp_NEWCASTLE_drumcondra,HORSE_UNRESOLVED,NO_CANDIDATE_FOUND
rp_NEWCASTLE_20260602_6.45,rp_NEWCASTLE_mr_withington,HORSE_UNRESOLVED,NO_CANDIDATE_FOUND
rp_NEWCASTLE_20260602_6.45,rp_NEWCASTLE_roger_henry,HORSE_UNRESOLVED,NO_CANDIDATE_FOUND
rp_PON_20260602_3.18,rp_PON_avionics,HORSE_UNRESOLVED,NO_CANDIDATE_FOUND
rp_PON_20260602_3.18,rp_PON_raslan,HORSE_UNRESOLVED,NO_CANDIDATE_FOUND
rp_PON_20260602_3.18,rp_PON_kochella,HORSE_UNRESOLVED,NO_CANDIDATE_FOUND
rp_PON_20260602_3.18,rp_PON_desert_phantom,HORSE_UNRESOLVED,NO_CANDIDATE_FOUND
rp_PON_20260602_3.18,rp_PON_inns_and_out,HORSE_UNRESOLVED,NO_CANDIDATE_FOUND
rp_NEWCASTLE_20260602_7.15,rp_NEWCASTLE_mystical_land,HORSE_UNRESOLVED,NO_CANDIDATE_FOUND
rp_NEWCASTLE_20260602_7.15,rp_NEWCASTLE_star_noir,HORSE_UNRESOLVED,NO_CANDIDATE_FOUND
rp_NEWCASTLE_20260602_7.15,rp_NEWCASTLE_golden_havana,HORSE_UNRESOLVED,NO_CANDIDATE_FOUND
rp_NEWCASTLE_20260602_7.15,rp_NEWCASTLE_master_harry,HORSE_UNRESOLVED,NO_CANDIDATE_FOUND
rp_NEWCASTLE_20260602_7.45,rp_NEWCASTLE_bishop's_glory,HORSE_UNRESOLVED,NO_CANDIDATE_FOUND
rp_NEWCASTLE_20260602_7.45,rp_NEWCASTLE_desert_champion,HORSE_UNRESOLVED,NO_CANDIDATE_FOUND
rp_NEWCASTLE_20260602_7.45,rp_NEWCASTLE_jeany_may,HORSE_UNRESOLVED,NO_CANDIDATE_FOUND
rp_NEWCASTLE_20260602_7.45,rp_NEWCASTLE_barney's_bay,HORSE_UNRESOLVED,NO_CANDIDATE_FOUND
rp_NEWCASTLE_20260602_7.45,rp_NEWCASTLE_hyrcanian,HORSE_UNRESOLVED,NO_CANDIDATE_FOUND
rp_NEWCASTLE_20260602_7.45,rp_NEWCASTLE_posh_maisie,HORSE_UNRESOLVED,NO_CANDIDATE_FOUND
919988,3130334,HORSE_UNRESOLVED,NO_CANDIDATE_FOUND
919988,5708724,HORSE_UNRESOLVED,NO_CANDIDATE_FOUND
919988,2497891,HORSE_UNRESOLVED,NO_CANDIDATE_FOUND
919988,5102067,HORSE_UNRESOLVED,NO_CANDIDATE_FOUND
919988,6087969,HORSE_UNRESOLVED,NO_CANDIDATE_FOUND
919988,3526623,HORSE_UNRESOLVED,NO_CANDIDATE_FOUND
919988,5174513,HORSE_UNRESOLVED,NO_CANDIDATE_FOUND
919988,3978090,HORSE_UNRESOLVED,NO_CANDIDATE_FOUND
919988,3092712,HORSE_UNRESOLVED,NO_CANDIDATE_FOUND
919988,4652641,HORSE_UNRESOLVED,NO_CANDIDATE_FOUND
rp_NEWCASTLE_20260602_8.15,rp_NEWCASTLE_barry's_boy,HORSE_UNRESOLVED,NO_CANDIDATE_FOUND
rp_NEWCASTLE_20260602_8.15,rp_NEWCASTLE_flying_fletcher,HORSE_UNRESOLVED,NO_CANDIDATE_FOUND
rp_NEWCASTLE_20260602_8.15,rp_NEWCASTLE_quiet_resolve,HORSE_UNRESOLVED,NO_CANDIDATE_FOUND
rp_NEWCASTLE_20260602_8.15,rp_NEWCASTLE_alessia_fernanda,HORSE_UNRESOLVED,NO_CANDIDATE_FOUND
rp_NEWCASTLE_20260602_8.15,rp_NEWCASTLE_cusack,HORSE_UNRESOLVED,NO_CANDIDATE_FOUND
rp_NEWCASTLE_20260602_8.15,rp_NEWCASTLE_bellasio,HORSE_UNRESOLVED,NO_CANDIDATE_FOUND
rp_NEWCASTLE_20260602_8.15,rp_NEWCASTLE_american_state,HORSE_UNRESOLVED,NO_CANDIDATE_FOUND
rp_NEWCASTLE_20260602_8.15,rp_NEWCASTLE_sunriseontheboyne,HORSE_UNRESOLVED,NO_CANDIDATE_FOUND
rp_NEWCASTLE_20260602_8.15,rp_NEWCASTLE_second_fiddle,HORSE_UNRESOLVED,NO_CANDIDATE_FOUND
rp_NEWCASTLE_20260602_8.45,rp_NEWCASTLE_cable_beach,HORSE_UNRESOLVED,NO_CANDIDATE_FOUND
rp_NEWCASTLE_20260602_8.45,rp_NEWCASTLE_first_encounter,HORSE_UNRESOLVED,NO_CANDIDATE_FOUND
rp_NEWCASTLE_20260602_8.45,rp_NEWCASTLE_trais_fluors,HORSE_UNRESOLVED,NO_CANDIDATE_FOUND
rp_NEWCASTLE_20260602_8.45,rp_NEWCASTLE_penny_mountain,HORSE_UNRESOLVED,NO_CANDIDATE_FOUND
rp_NEWCASTLE_20260602_8.45,rp_NEWCASTLE_mercurius_power,HORSE_UNRESOLVED,NO_CANDIDATE_FOUND
rp_NEWCASTLE_20260602_8.45,rp_NEWCASTLE_volenti,HORSE_UNRESOLVED,NO_CANDIDATE_FOUND
rp_NEWCASTLE_20260602_8.45,rp_NEWCASTLE_little_ted,HORSE_UNRESOLVED,NO_CANDIDATE_FOUND
rp_NEWCASTLE_20260602_8.45,rp_NEWCASTLE_wicklow_way,HORSE_UNRESOLVED,NO_CANDIDATE_FOUND
rp_NEWCASTLE_20260602_8.45,rp_NEWCASTLE_billyjoegold,HORSE_UNRESOLVED,NO_CANDIDATE_FOUND
rp_NEWCASTLE_20260602_8.45,rp_NEWCASTLE_rocket_rod,HORSE_UNRESOLVED,NO_CANDIDATE_FOUND
rp_PON_20260602_2.48,rp_PON_according_to_mark,HORSE_UNRESOLVED,NO_CANDIDATE_FOUND
rp_PON_20260602_2.48,rp_PON_fozzie,HORSE_UNRESOLVED,NO_CANDIDATE_FOUND
rp_PON_20260602_2.48,rp_PON_maid_on_the_shelf,HORSE_UNRESOLVED,NO_CANDIDATE_FOUND
rp_PON_20260602_3.48,rp_PON_bravo_zulu,HORSE_UNRESOLVED,NO_CANDIDATE_FOUND
rp_PON_20260602_3.48,rp_PON_mr_cool,HORSE_UNRESOLVED,NO_CANDIDATE_FOUND
rp_PON_20260602_3.48,rp_PON_emperor_caradoc,HORSE_UNRESOLVED,NO_CANDIDATE_FOUND
rp_PON_20260602_3.48,rp_PON_the_good_biscuit,HORSE_UNRESOLVED,NO_CANDIDATE_FOUND
rp_PON_20260602_3.48,rp_PON_maris_angel,HORSE_UNRESOLVED,NO_CANDIDATE_FOUND
rp_PON_20260602_3.48,rp_PON_irish_nectar,HORSE_UNRESOLVED,NO_CANDIDATE_FOUND
rp_PON_20260602_3.48,rp_PON_dashing_dick,HORSE_UNRESOLVED,NO_CANDIDATE_FOUND
rp_PON_20260602_4.18,rp_PON_egotistical,HORSE_UNRESOLVED,NO_CANDIDATE_FOUND
rp_PON_20260602_4.18,rp_PON_zarinca,HORSE_UNRESOLVED,NO_CANDIDATE_FOUND
rp_PON_20260602_4.18,rp_PON_d_flawless,HORSE_UNRESOLVED,NO_CANDIDATE_FOUND
rp_PON_20260602_4.18,rp_PON_rogue_temptation,HORSE_UNRESOLVED,NO_CANDIDATE_FOUND
rp_PON_20260602_4.18,rp_PON_storm_esme,HORSE_UNRESOLVED,NO_CANDIDATE_FOUND
rp_PON_20260602_4.48,rp_PON_the_cookstown_cafu,HORSE_UNRESOLVED,NO_CANDIDATE_FOUND
rp_PON_20260602_4.48,rp_PON_finlaggan,HORSE_UNRESOLVED,NO_CANDIDATE_FOUND
rp_PON_20260602_4.48,rp_PON_distinction,HORSE_UNRESOLVED,NO_CANDIDATE_FOUND
rp_PON_20260602_4.48,rp_PON_holly_mist,HORSE_UNRESOLVED,NO_CANDIDATE_FOUND
rp_PON_20260602_4.48,rp_PON_thequietman,HORSE_UNRESOLVED,NO_CANDIDATE_FOUND
rp_PON_20260602_5.18,rp_PON_liverpool_star,HORSE_UNRESOLVED,NO_CANDIDATE_FOUND
rp_PON_20260602_5.18,rp_PON_quantum_power,HORSE_UNRESOLVED,NO_CANDIDATE_FOUND
rp_PON_20260602_5.18,rp_PON_believeinmenow,HORSE_UNRESOLVED,NO_CANDIDATE_FOUND
rp_PON_20260602_5.18,rp_PON_ice_cold_alex,HORSE_UNRESOLVED,NO_CANDIDATE_FOUND
rp_PON_20260602_5.18,rp_PON_goldenstateofmind,HORSE_UNRESOLVED,NO_CANDIDATE_FOUND
rp_SAN_20260602_3.30,rp_SAN_facteur_cheval,RACE_UNRESOLVED,NO_CANDIDATE_FOUND
rp_SAN_20260602_3.30,rp_SAN_grecian_storm,RACE_UNRESOLVED,NO_CANDIDATE_FOUND
rp_SAN_20260602_3.30,rp_SAN_woodchuck,RACE_UNRESOLVED,NO_CANDIDATE_FOUND
rp_SAN_20260602_3.30,rp_SAN_best_lightning,RACE_UNRESOLVED,NO_CANDIDATE_FOUND
rp_SAN_20260602_3.30,rp_SAN_borna,RACE_UNRESOLVED,NO_CANDIDATE_FOUND
rp_SAN_20260602_3.30,rp_SAN_alburno,RACE_UNRESOLVED,NO_CANDIDATE_FOUND
rp_SAN_20260602_4.50,rp_SAN_hello_jo,RACE_UNRESOLVED,NO_CANDIDATE_FOUND
rp_SAN_20260602_4.50,rp_SAN_archers_bay,RACE_UNRESOLVED,NO_CANDIDATE_FOUND
rp_SAN_20260602_4.50,rp_SAN_venetian_prince,RACE_UNRESOLVED,NO_CANDIDATE_FOUND
rp_SAN_20260602_4.50,rp_SAN_arkansas,RACE_UNRESOLVED,NO_CANDIDATE_FOUND
rp_SAN_20260602_4.50,rp_SAN_ex_animo,RACE_UNRESOLVED,NO_CANDIDATE_FOUND
rp_SAN_20260602_4.50,rp_SAN_bright_light,RACE_UNRESOLVED,NO_CANDIDATE_FOUND
rp_SAN_20260602_4.50,rp_SAN_salitos,RACE_UNRESOLVED,NO_CANDIDATE_FOUND
rp_SAN_20260602_4.50,rp_SAN_grand_son_of_dark,RACE_UNRESOLVED,NO_CANDIDATE_FOUND
rp_SAN_20260602_4.50,rp_SAN_bruxelles,RACE_UNRESOLVED,NO_CANDIDATE_FOUND
rp_SAN_20260602_4.50,rp_SAN_dastan,RACE_UNRESOLVED,NO_CANDIDATE_FOUND
rp_SAN_20260602_4.50,rp_SAN_quantas,RACE_UNRESOLVED,NO_CANDIDATE_FOUND
rp_SAN_20260602_4.50,rp_SAN_pashang,RACE_UNRESOLVED,NO_CANDIDATE_FOUND
rp_SAN_20260602_4.50,rp_SAN_camponanes,RACE_UNRESOLVED,NO_CANDIDATE_FOUND
rp_SAN_20260602_4.50,rp_SAN_dear_enemy,RACE_UNRESOLVED,NO_CANDIDATE_FOUND
rp_SAN_20260602_4.50,rp_SAN_topo_cinese,RACE_UNRESOLVED,NO_CANDIDATE_FOUND
rp_SAN_20260602_4.50,rp_SAN_dr_omran,RACE_UNRESOLVED,NO_CANDIDATE_FOUND
rp_STH_20260602_2.30,rp_STH_vocito,HORSE_UNRESOLVED,NO_CANDIDATE_FOUND
rp_STH_20260602_2.30,rp_STH_seaview_rock,HORSE_UNRESOLVED,NO_CANDIDATE_FOUND
rp_STH_20260602_2.30,rp_STH_my_friend_sean,HORSE_UNRESOLVED,NO_CANDIDATE_FOUND
rp_STH_20260602_3.00,rp_STH_mr_mahler,HORSE_UNRESOLVED,NO_CANDIDATE_FOUND
rp_STH_20260602_3.00,rp_STH_traveling_soldier,HORSE_UNRESOLVED,NO_CANDIDATE_FOUND
rp_STH_20260602_3.00,rp_STH_henry_box_brown,HORSE_UNRESOLVED,NO_CANDIDATE_FOUND
rp_STH_20260602_3.00,rp_STH_maggies_boy,HORSE_UNRESOLVED,NO_CANDIDATE_FOUND
rp_STH_20260602_3.30,rp_STH_for_her_glory,HORSE_UNRESOLVED,NO_CANDIDATE_FOUND
rp_STH_20260602_3.30,rp_STH_muscadet,HORSE_UNRESOLVED,NO_CANDIDATE_FOUND
rp_STH_20260602_3.30,rp_STH_silk_mountain,HORSE_UNRESOLVED,NO_CANDIDATE_FOUND
rp_STH_20260602_3.30,rp_STH_guerdale,HORSE_UNRESOLVED,NO_CANDIDATE_FOUND
rp_STH_20260602_4.00,rp_STH_katarcice,HORSE_UNRESOLVED,NO_CANDIDATE_FOUND
rp_STH_20260602_4.00,rp_STH_hawk's_rock,HORSE_UNRESOLVED,NO_CANDIDATE_FOUND
rp_STH_20260602_4.00,rp_STH_the_hostage,HORSE_UNRESOLVED,NO_CANDIDATE_FOUND
rp_STH_20260602_4.00,rp_STH_boom_boom_boris,HORSE_UNRESOLVED,NO_CANDIDATE_FOUND
rp_STH_20260602_4.30,rp_STH_jefe_triunfo,HORSE_UNRESOLVED,NO_CANDIDATE_FOUND
rp_STH_20260602_4.30,rp_STH_belladinotte,HORSE_UNRESOLVED,NO_CANDIDATE_FOUND
rp_STH_20260602_4.30,rp_STH_boston_savr,HORSE_UNRESOLVED,NO_CANDIDATE_FOUND
rp_STH_20260602_4.30,rp_STH_butchers_bill,HORSE_UNRESOLVED,NO_CANDIDATE_FOUND
rp_STH_20260602_4.30,rp_STH_mythical,HORSE_UNRESOLVED,NO_CANDIDATE_FOUND
rp_STH_20260602_5.00,rp_STH_scottish_anthem,HORSE_UNRESOLVED,NO_CANDIDATE_FOUND
rp_STH_20260602_5.00,rp_STH_harel_du_marais,HORSE_UNRESOLVED,NO_CANDIDATE_FOUND
rp_STH_20260602_5.00,rp_STH_pahlavi,HORSE_UNRESOLVED,NO_CANDIDATE_FOUND
rp_STH_20260602_5.30,rp_STH_klervia,HORSE_UNRESOLVED,NO_CANDIDATE_FOUND
rp_STH_20260602_5.30,rp_STH_ghost_jury,HORSE_UNRESOLVED,NO_CANDIDATE_FOUND
rp_STH_20260602_5.30,rp_STH_inca,HORSE_UNRESOLVED,NO_CANDIDATE_FOUND
rp_STH_20260602_5.30,rp_STH_tiggerelli,HORSE_UNRESOLVED,NO_CANDIDATE_FOUND
rp_WOL_20260602_5.24,rp_WOL_make_it_up,HORSE_UNRESOLVED,NO_CANDIDATE_FOUND
rp_WOL_20260602_5.24,rp_WOL_grindleton,HORSE_UNRESOLVED,NO_CANDIDATE_FOUND
rp_WOL_20260602_5.24,rp_WOL_port_darwin,HORSE_UNRESOLVED,NO_CANDIDATE_FOUND
rp_WOL_20260602_5.24,rp_WOL_miss_mambo,HORSE_UNRESOLVED,NO_CANDIDATE_FOUND
rp_WOL_20260602_5.24,rp_WOL_sir_griflet,HORSE_UNRESOLVED,NO_CANDIDATE_FOUND
rp_WOL_20260602_6.00,rp_WOL_diligent_henry,HORSE_UNRESOLVED,NO_CANDIDATE_FOUND
rp_WOL_20260602_6.00,rp_WOL_star_of_atlantis,HORSE_UNRESOLVED,NO_CANDIDATE_FOUND
rp_WOL_20260602_6.00,rp_WOL_pacific_prince,HORSE_UNRESOLVED,NO_CANDIDATE_FOUND
rp_WOL_20260602_6.00,rp_WOL_petes_diamond,HORSE_UNRESOLVED,NO_CANDIDATE_FOUND
rp_WOL_20260602_6.00,rp_WOL_imthequeenofsheba,HORSE_UNRESOLVED,NO_CANDIDATE_FOUND
rp_WOL_20260602_6.00,rp_WOL_green_valentine,HORSE_UNRESOLVED,NO_CANDIDATE_FOUND
rp_WOL_20260602_6.00,rp_WOL_morning_suit,HORSE_UNRESOLVED,NO_CANDIDATE_FOUND
rp_WOL_20260602_6.30,rp_WOL_dr_ali,HORSE_UNRESOLVED,NO_CANDIDATE_FOUND
rp_WOL_20260602_6.30,rp_WOL_frankali,HORSE_UNRESOLVED,NO_CANDIDATE_FOUND
rp_WOL_20260602_6.30,rp_WOL_vitalline,HORSE_UNRESOLVED,NO_CANDIDATE_FOUND
rp_WOL_20260602_6.30,rp_WOL_telling_time,HORSE_UNRESOLVED,NO_CANDIDATE_FOUND
rp_WOL_20260602_6.30,rp_WOL_miss_moonshine,HORSE_UNRESOLVED,NO_CANDIDATE_FOUND
rp_WOL_20260602_6.30,rp_WOL_angel's_call,HORSE_UNRESOLVED,NO_CANDIDATE_FOUND
rp_WOL_20260602_6.30,rp_WOL_my_mate_beattie,HORSE_UNRESOLVED,NO_CANDIDATE_FOUND
rp_WOL_20260602_7.00,rp_WOL_navertity,HORSE_UNRESOLVED,NO_CANDIDATE_FOUND
rp_WOL_20260602_7.00,rp_WOL_cool_doc_boy,HORSE_UNRESOLVED,NO_CANDIDATE_FOUND
rp_WOL_20260602_7.00,rp_WOL_mayflower_rock,HORSE_UNRESOLVED,NO_CANDIDATE_FOUND
rp_WOL_20260602_7.00,rp_WOL_celtic_chariot,HORSE_UNRESOLVED,NO_CANDIDATE_FOUND
rp_WOL_20260602_7.00,rp_WOL_starborn,HORSE_UNRESOLVED,NO_CANDIDATE_FOUND
rp_WOL_20260602_7.00,rp_WOL_rib_shot,HORSE_UNRESOLVED,NO_CANDIDATE_FOUND
rp_WOL_20260602_7.00,rp_WOL_luckie_lucas,HORSE_UNRESOLVED,NO_CANDIDATE_FOUND
rp_WOL_20260602_7.30,rp_WOL_sorted,HORSE_UNRESOLVED,NO_CANDIDATE_FOUND
rp_WOL_20260602_7.30,rp_WOL_lady_delila,HORSE_UNRESOLVED,NO_CANDIDATE_FOUND
rp_WOL_20260602_7.30,rp_WOL_raise_the_stakes,HORSE_UNRESOLVED,NO_CANDIDATE_FOUND
rp_WOL_20260602_7.30,rp_WOL_lady_aiyana,HORSE_UNRESOLVED,NO_CANDIDATE_FOUND
rp_WOL_20260602_7.30,rp_WOL_pam's_sonnet,HORSE_UNRESOLVED,NO_CANDIDATE_FOUND
rp_WOL_20260602_7.30,rp_WOL_antique_blue,HORSE_UNRESOLVED,NO_CANDIDATE_FOUND
rp_WOL_20260602_7.30,rp_WOL_northern_soldier,HORSE_UNRESOLVED,NO_CANDIDATE_FOUND
rp_WOL_20260602_7.30,rp_WOL_rogers_dream,HORSE_UNRESOLVED,NO_CANDIDATE_FOUND
rp_WOL_20260602_7.30,rp_WOL_a_daughters_love,HORSE_UNRESOLVED,NO_CANDIDATE_FOUND
rp_WOL_20260602_7.30,rp_WOL_thomas_tallis,HORSE_UNRESOLVED,NO_CANDIDATE_FOUND
rp_WOL_20260602_8.00,rp_WOL_zoulette,HORSE_UNRESOLVED,NO_CANDIDATE_FOUND
rp_WOL_20260602_8.00,rp_WOL_amazing_anita,HORSE_UNRESOLVED,NO_CANDIDATE_FOUND
rp_WOL_20260602_8.00,rp_WOL_city_of_dreams,HORSE_UNRESOLVED,NO_CANDIDATE_FOUND
rp_WOL_20260602_8.00,rp_WOL_thehunnebelllegacy,HORSE_UNRESOLVED,NO_CANDIDATE_FOUND
rp_WOL_20260602_8.00,rp_WOL_enduring_story,HORSE_UNRESOLVED,NO_CANDIDATE_FOUND
rp_WOL_20260602_8.00,rp_WOL_lady_vanguard,HORSE_UNRESOLVED,NO_CANDIDATE_FOUND
rp_WOL_20260602_8.00,rp_WOL_veld,HORSE_UNRESOLVED,NO_CANDIDATE_FOUND
rp_WOL_20260602_8.30,rp_WOL_electrocution,HORSE_UNRESOLVED,NO_CANDIDATE_FOUND
rp_WOL_20260602_8.30,rp_WOL_ndoto,HORSE_UNRESOLVED,NO_CANDIDATE_FOUND
rp_WOL_20260602_8.30,rp_WOL_power_of_chora,HORSE_UNRESOLVED,NO_CANDIDATE_FOUND
rp_WOL_20260602_8.30,rp_WOL_dusk_damsel,HORSE_UNRESOLVED,NO_CANDIDATE_FOUND
rp_WOL_20260602_8.30,rp_WOL_inclusive,HORSE_UNRESOLVED,NO_CANDIDATE_FOUND
rp_WOL_20260602_8.30,rp_WOL_warriors_choice,HORSE_UNRESOLVED,NO_CANDIDATE_FOUND
rp_WOL_20260602_9.00,rp_WOL_arlecchino's_rex,HORSE_UNRESOLVED,NO_CANDIDATE_FOUND
rp_WOL_20260602_9.00,rp_WOL_silkies_sib,HORSE_UNRESOLVED,NO_CANDIDATE_FOUND
rp_WOL_20260602_9.00,rp_WOL_poke_the_bear,HORSE_UNRESOLVED,NO_CANDIDATE_FOUND
rp_WOL_20260602_9.00,rp_WOL_age_of_time,HORSE_UNRESOLVED,NO_CANDIDATE_FOUND
rp_WOL_20260602_9.00,rp_WOL_port_noir,HORSE_UNRESOLVED,NO_CANDIDATE_FOUND
rp_WOL_20260602_9.00,rp_WOL_luan,HORSE_UNRESOLVED,NO_CANDIDATE_FOUND
rp_WOL_20260602_9.00,rp_WOL_cherry_hill,HORSE_UNRESOLVED,NO_CANDIDATE_FOUND
rp_WOL_20260602_9.00,rp_WOL_city_escape,HORSE_UNRESOLVED,NO_CANDIDATE_FOUND
rp_WOL_20260602_9.00,rp_WOL_shaws_phoenix,HORSE_UNRESOLVED,NO_CANDIDATE_FOUND
919879,3309352,HORSE_UNRESOLVED,NO_CANDIDATE_FOUND
919879,6640606,HORSE_UNRESOLVED,NO_CANDIDATE_FOUND
919879,4998719,HORSE_UNRESOLVED,NO_CANDIDATE_FOUND
919879,5803606,HORSE_UNRESOLVED,NO_CANDIDATE_FOUND
919879,5431078,HORSE_UNRESOLVED,NO_CANDIDATE_FOUND
919980,9254245,HORSE_UNRESOLVED,NO_CANDIDATE_FOUND
919980,9326749,HORSE_UNRESOLVED,NO_CANDIDATE_FOUND
919980,9312946,HORSE_UNRESOLVED,NO_CANDIDATE_FOUND
919980,9326755,HORSE_UNRESOLVED,NO_CANDIDATE_FOUND
919980,9263901,HORSE_UNRESOLVED,NO_CANDIDATE_FOUND
919980,9249287,HORSE_UNRESOLVED,NO_CANDIDATE_FOUND
919980,8881504,HORSE_UNRESOLVED,NO_CANDIDATE_FOUND
919979,9281144,HORSE_UNRESOLVED,NO_CANDIDATE_FOUND
919979,9244705,HORSE_UNRESOLVED,NO_CANDIDATE_FOUND
919979,9326748,HORSE_UNRESOLVED,NO_CANDIDATE_FOUND
919979,9326756,HORSE_UNRESOLVED,NO_CANDIDATE_FOUND
919979,9322123,HORSE_UNRESOLVED,NO_CANDIDATE_FOUND
919979,9276859,HORSE_UNRESOLVED,NO_CANDIDATE_FOUND
919979,9326751,HORSE_UNRESOLVED,NO_CANDIDATE_FOUND
919979,9326754,HORSE_UNRESOLVED,NO_CANDIDATE_FOUND
919979,9212561,HORSE_UNRESOLVED,NO_CANDIDATE_FOUND
919873,2605749,RACE_UNRESOLVED,NO_CANDIDATE_FOUND
919873,3437907,RACE_UNRESOLVED,NO_CANDIDATE_FOUND
919873,7051293,RACE_UNRESOLVED,NO_CANDIDATE_FOUND
919873,4173233,RACE_UNRESOLVED,NO_CANDIDATE_FOUND
919875,4231711,RACE_UNRESOLVED,NO_CANDIDATE_FOUND
919875,3273550,RACE_UNRESOLVED,NO_CANDIDATE_FOUND
919875,5073332,RACE_UNRESOLVED,NO_CANDIDATE_FOUND
919875,6759115,RACE_UNRESOLVED,NO_CANDIDATE_FOUND
919875,6949218,RACE_UNRESOLVED,NO_CANDIDATE_FOUND
919875,5424979,RACE_UNRESOLVED,NO_CANDIDATE_FOUND
919875,4879087,RACE_UNRESOLVED,NO_CANDIDATE_FOUND
919875,5884300,RACE_UNRESOLVED,NO_CANDIDATE_FOUND
919871,4857648,RACE_UNRESOLVED,NO_CANDIDATE_FOUND
919871,5689584,RACE_UNRESOLVED,NO_CANDIDATE_FOUND
919871,4189560,RACE_UNRESOLVED,NO_CANDIDATE_FOUND
919871,5023488,RACE_UNRESOLVED,NO_CANDIDATE_FOUND
919871,5424980,RACE_UNRESOLVED,NO_CANDIDATE_FOUND
919981,7547278,HORSE_UNRESOLVED,NO_CANDIDATE_FOUND
919981,6287984,HORSE_UNRESOLVED,NO_CANDIDATE_FOUND
919981,6759107,HORSE_UNRESOLVED,NO_CANDIDATE_FOUND
919981,4396745,HORSE_UNRESOLVED,NO_CANDIDATE_FOUND
919981,6037316,HORSE_UNRESOLVED,NO_CANDIDATE_FOUND
919981,6362962,HORSE_UNRESOLVED,NO_CANDIDATE_FOUND
919981,7488268,HORSE_UNRESOLVED,NO_CANDIDATE_FOUND
919870,3437662,RACE_UNRESOLVED,NO_CANDIDATE_FOUND
919870,6478013,RACE_UNRESOLVED,NO_CANDIDATE_FOUND
919870,7534563,RACE_UNRESOLVED,NO_CANDIDATE_FOUND
919870,4950386,RACE_UNRESOLVED,NO_CANDIDATE_FOUND
919870,4217575,RACE_UNRESOLVED,NO_CANDIDATE_FOUND
921860,8432181,HORSE_UNRESOLVED,NO_CANDIDATE_FOUND
921860,8120540,HORSE_UNRESOLVED,NO_CANDIDATE_FOUND
921860,7588035,HORSE_UNRESOLVED,NO_CANDIDATE_FOUND
921860,7921995,HORSE_UNRESOLVED,NO_CANDIDATE_FOUND
921860,8079890,HORSE_UNRESOLVED,NO_CANDIDATE_FOUND
921860,8236311,HORSE_UNRESOLVED,NO_CANDIDATE_FOUND
921860,8058121,HORSE_UNRESOLVED,NO_CANDIDATE_FOUND
921860,7400084,HORSE_UNRESOLVED,NO_CANDIDATE_FOUND
921860,7988033,HORSE_UNRESOLVED,NO_CANDIDATE_FOUND
921860,7677605,HORSE_UNRESOLVED,NO_CANDIDATE_FOUND
921860,8551782,HORSE_UNRESOLVED,NO_CANDIDATE_FOUND
921860,7530040,HORSE_UNRESOLVED,NO_CANDIDATE_FOUND
921860,8646835,HORSE_UNRESOLVED,NO_CANDIDATE_FOUND
921860,7757767,HORSE_UNRESOLVED,NO_CANDIDATE_FOUND
921860,7789349,HORSE_UNRESOLVED,NO_CANDIDATE_FOUND
921860,7900528,HORSE_UNRESOLVED,NO_CANDIDATE_FOUND
921860,8179375,HORSE_UNRESOLVED,NO_CANDIDATE_FOUND
919984,7861441,HORSE_UNRESOLVED,NO_CANDIDATE_FOUND
919984,8881557,HORSE_UNRESOLVED,NO_CANDIDATE_FOUND
919984,9060387,HORSE_UNRESOLVED,NO_CANDIDATE_FOUND
919984,8277426,HORSE_UNRESOLVED,NO_CANDIDATE_FOUND
919984,7852209,HORSE_UNRESOLVED,NO_CANDIDATE_FOUND
919874,2815620,RACE_UNRESOLVED,NO_CANDIDATE_FOUND
919874,4415501,RACE_UNRESOLVED,NO_CANDIDATE_FOUND
919874,5554908,RACE_UNRESOLVED,NO_CANDIDATE_FOUND
919874,2643508,RACE_UNRESOLVED,NO_CANDIDATE_FOUND
919874,6354476,RACE_UNRESOLVED,NO_CANDIDATE_FOUND
919874,5214264,RACE_UNRESOLVED,NO_CANDIDATE_FOUND
919874,1266487,RACE_UNRESOLVED,NO_CANDIDATE_FOUND
919874,5189855,RACE_UNRESOLVED,NO_CANDIDATE_FOUND
919874,6046664,RACE_UNRESOLVED,NO_CANDIDATE_FOUND
919874,7400048,RACE_UNRESOLVED,NO_CANDIDATE_FOUND
919874,4449778,RACE_UNRESOLVED,NO_CANDIDATE_FOUND
919874,3816928,RACE_UNRESOLVED,NO_CANDIDATE_FOUND
921862,9060363,HORSE_UNRESOLVED,NO_CANDIDATE_FOUND
921862,7856865,HORSE_UNRESOLVED,NO_CANDIDATE_FOUND
921862,9184972,HORSE_UNRESOLVED,NO_CANDIDATE_FOUND
921862,9326725,HORSE_UNRESOLVED,NO_CANDIDATE_FOUND
921862,9326722,HORSE_UNRESOLVED,NO_CANDIDATE_FOUND
921862,9326723,HORSE_UNRESOLVED,NO_CANDIDATE_FOUND
921862,9326724,HORSE_UNRESOLVED,NO_CANDIDATE_FOUND
921862,9326726,HORSE_UNRESOLVED,NO_CANDIDATE_FOUND
921862,9326727,HORSE_UNRESOLVED,NO_CANDIDATE_FOUND
921862,9286480,HORSE_UNRESOLVED,NO_CANDIDATE_FOUND
921862,7677606,HORSE_UNRESOLVED,NO_CANDIDATE_FOUND
921862,9051036,HORSE_UNRESOLVED,NO_CANDIDATE_FOUND
921862,9153284,HORSE_UNRESOLVED,NO_CANDIDATE_FOUND
921862,9227256,HORSE_UNRESOLVED,NO_CANDIDATE_FOUND
921862,9263842,HORSE_UNRESOLVED,NO_CANDIDATE_FOUND
919983,58956195,HORSE_UNRESOLVED,NO_CANDIDATE_FOUND
919983,3443184,HORSE_UNRESOLVED,NO_CANDIDATE_FOUND
919983,5870122,HORSE_UNRESOLVED,NO_CANDIDATE_FOUND
919983,6134870,HORSE_UNRESOLVED,NO_CANDIDATE_FOUND
919983,3116596,HORSE_UNRESOLVED,NO_CANDIDATE_FOUND
919983,5371934,HORSE_UNRESOLVED,NO_CANDIDATE_FOUND
919983,5580204,HORSE_UNRESOLVED,NO_CANDIDATE_FOUND
919983,3626714,HORSE_UNRESOLVED,NO_CANDIDATE_FOUND
919983,6278718,HORSE_UNRESOLVED,NO_CANDIDATE_FOUND
919876,7499322,RACE_UNRESOLVED,NO_CANDIDATE_FOUND
919876,9326744,RACE_UNRESOLVED,NO_CANDIDATE_FOUND
919876,9326745,RACE_UNRESOLVED,NO_CANDIDATE_FOUND
919876,9326746,RACE_UNRESOLVED,NO_CANDIDATE_FOUND
919876,9326747,RACE_UNRESOLVED,NO_CANDIDATE_FOUND
919876,9276871,RACE_UNRESOLVED,NO_CANDIDATE_FOUND
919876,9326741,RACE_UNRESOLVED,NO_CANDIDATE_FOUND
919876,9326742,RACE_UNRESOLVED,NO_CANDIDATE_FOUND
919876,9153266,RACE_UNRESOLVED,NO_CANDIDATE_FOUND
921859,9286475,HORSE_UNRESOLVED,NO_CANDIDATE_FOUND
921859,9326707,HORSE_UNRESOLVED,NO_CANDIDATE_FOUND
921859,9326713,HORSE_UNRESOLVED,NO_CANDIDATE_FOUND
921859,9326714,HORSE_UNRESOLVED,NO_CANDIDATE_FOUND
921859,9217601,HORSE_UNRESOLVED,NO_CANDIDATE_FOUND
919986,9227247,HORSE_UNRESOLVED,NO_CANDIDATE_FOUND
919986,9162140,HORSE_UNRESOLVED,NO_CANDIDATE_FOUND
919986,9326759,HORSE_UNRESOLVED,NO_CANDIDATE_FOUND
919986,9198380,HORSE_UNRESOLVED,NO_CANDIDATE_FOUND
919986,9254356,HORSE_UNRESOLVED,NO_CANDIDATE_FOUND
921861,9263827,HORSE_UNRESOLVED,NO_CANDIDATE_FOUND
921861,9286479,HORSE_UNRESOLVED,NO_CANDIDATE_FOUND
921861,9286491,HORSE_UNRESOLVED,NO_CANDIDATE_FOUND
921861,9326718,HORSE_UNRESOLVED,NO_CANDIDATE_FOUND
921861,9286476,HORSE_UNRESOLVED,NO_CANDIDATE_FOUND
921861,9286494,HORSE_UNRESOLVED,NO_CANDIDATE_FOUND
921861,9326717,HORSE_UNRESOLVED,NO_CANDIDATE_FOUND
921861,9326720,HORSE_UNRESOLVED,NO_CANDIDATE_FOUND
921861,9046180,HORSE_UNRESOLVED,NO_CANDIDATE_FOUND
921861,9326719,HORSE_UNRESOLVED,NO_CANDIDATE_FOUND
921861,9046186,HORSE_UNRESOLVED,NO_CANDIDATE_FOUND
919877,7200322,HORSE_UNRESOLVED,NO_CANDIDATE_FOUND
919877,7238123,HORSE_UNRESOLVED,NO_CANDIDATE_FOUND
919877,6523102,HORSE_UNRESOLVED,NO_CANDIDATE_FOUND
919877,5079230,HORSE_UNRESOLVED,NO_CANDIDATE_FOUND
919877,7520206,HORSE_UNRESOLVED,NO_CANDIDATE_FOUND
919985,9194424,HORSE_UNRESOLVED,NO_CANDIDATE_FOUND
919985,8437037,HORSE_UNRESOLVED,NO_CANDIDATE_FOUND
919985,7878371,HORSE_UNRESOLVED,NO_CANDIDATE_FOUND
921863,7583032,HORSE_UNRESOLVED,NO_CANDIDATE_FOUND
921863,7648506,HORSE_UNRESOLVED,NO_CANDIDATE_FOUND
921863,7900538,HORSE_UNRESOLVED,NO_CANDIDATE_FOUND
921863,7395231,HORSE_UNRESOLVED,NO_CANDIDATE_FOUND
921863,8231739,HORSE_UNRESOLVED,NO_CANDIDATE_FOUND
921863,8179297,HORSE_UNRESOLVED,NO_CANDIDATE_FOUND
921863,7926381,HORSE_UNRESOLVED,NO_CANDIDATE_FOUND
921863,7780570,HORSE_UNRESOLVED,NO_CANDIDATE_FOUND
921863,9009940,HORSE_UNRESOLVED,NO_CANDIDATE_FOUND
919987,4272314,HORSE_UNRESOLVED,NO_CANDIDATE_FOUND
919987,6807899,HORSE_UNRESOLVED,NO_CANDIDATE_FOUND
919987,6032332,HORSE_UNRESOLVED,NO_CANDIDATE_FOUND
919987,5692664,HORSE_UNRESOLVED,NO_CANDIDATE_FOUND
919987,8241002,HORSE_UNRESOLVED,NO_CANDIDATE_FOUND
919987,5929165,HORSE_UNRESOLVED,NO_CANDIDATE_FOUND
919987,5870126,HORSE_UNRESOLVED,NO_CANDIDATE_FOUND
919987,5134066,HORSE_UNRESOLVED,NO_CANDIDATE_FOUND
919987,7735725,HORSE_UNRESOLVED,NO_CANDIDATE_FOUND
919987,5708644,HORSE_UNRESOLVED,NO_CANDIDATE_FOUND
919987,5198189,HORSE_UNRESOLVED,NO_CANDIDATE_FOUND
921864,2394610,HORSE_UNRESOLVED,NO_CANDIDATE_FOUND
921864,5373990,HORSE_UNRESOLVED,NO_CANDIDATE_FOUND
921864,5268403,HORSE_UNRESOLVED,NO_CANDIDATE_FOUND
921864,3617894,HORSE_UNRESOLVED,NO_CANDIDATE_FOUND
921864,2743987,HORSE_UNRESOLVED,NO_CANDIDATE_FOUND
921864,6265717,HORSE_UNRESOLVED,NO_CANDIDATE_FOUND
921864,7426954,HORSE_UNRESOLVED,NO_CANDIDATE_FOUND
921864,5658021,HORSE_UNRESOLVED,NO_CANDIDATE_FOUND
921864,5829363,HORSE_UNRESOLVED,NO_CANDIDATE_FOUND
919881,7431628,HORSE_UNRESOLVED,NO_CANDIDATE_FOUND
919881,6974136,HORSE_UNRESOLVED,NO_CANDIDATE_FOUND
919881,7231771,HORSE_UNRESOLVED,NO_CANDIDATE_FOUND
921865,8183825,HORSE_UNRESOLVED,NO_CANDIDATE_FOUND
921865,5287723,HORSE_UNRESOLVED,NO_CANDIDATE_FOUND
921865,9263847,HORSE_UNRESOLVED,NO_CANDIDATE_FOUND
921865,9295554,HORSE_UNRESOLVED,NO_CANDIDATE_FOUND
921865,9326728,HORSE_UNRESOLVED,NO_CANDIDATE_FOUND
921865,8120534,HORSE_UNRESOLVED,NO_CANDIDATE_FOUND
919989,5884213,HORSE_UNRESOLVED,NO_CANDIDATE_FOUND
919989,4251623,HORSE_UNRESOLVED,NO_CANDIDATE_FOUND
919989,5021378,HORSE_UNRESOLVED,NO_CANDIDATE_FOUND
919989,3558240,HORSE_UNRESOLVED,NO_CANDIDATE_FOUND
919989,3550656,HORSE_UNRESOLVED,NO_CANDIDATE_FOUND
921866,6074547,HORSE_UNRESOLVED,NO_CANDIDATE_FOUND
921866,6793634,HORSE_UNRESOLVED,NO_CANDIDATE_FOUND
921866,3575318,HORSE_UNRESOLVED,NO_CANDIDATE_FOUND
921866,6238174,HORSE_UNRESOLVED,NO_CANDIDATE_FOUND
921866,5301540,HORSE_UNRESOLVED,NO_CANDIDATE_FOUND
921866,3423095,HORSE_UNRESOLVED,NO_CANDIDATE_FOUND
921866,5329154,HORSE_UNRESOLVED,NO_CANDIDATE_FOUND
921866,6130419,HORSE_UNRESOLVED,NO_CANDIDATE_FOUND
921866,6838375,HORSE_UNRESOLVED,NO_CANDIDATE_FOUND
921866,6350099,HORSE_UNRESOLVED,NO_CANDIDATE_FOUND
921866,6706381,HORSE_UNRESOLVED,NO_CANDIDATE_FOUND
921866,5820844,HORSE_UNRESOLVED,NO_CANDIDATE_FOUND
921866,5518979,HORSE_UNRESOLVED,NO_CANDIDATE_FOUND
921866,5198197,HORSE_UNRESOLVED,NO_CANDIDATE_FOUND
921866,3509924,HORSE_UNRESOLVED,NO_CANDIDATE_FOUND
921866,6224818,HORSE_UNRESOLVED,NO_CANDIDATE_FOUND
921866,7267909,HORSE_UNRESOLVED,NO_CANDIDATE_FOUND
921866,7713419,HORSE_UNRESOLVED,NO_CANDIDATE_FOUND
921866,8214839,HORSE_UNRESOLVED,NO_CANDIDATE_FOUND
919882,7378565,HORSE_UNRESOLVED,NO_CANDIDATE_FOUND
919882,4274042,HORSE_UNRESOLVED,NO_CANDIDATE_FOUND
919882,4261383,HORSE_UNRESOLVED,NO_CANDIDATE_FOUND
919882,6130360,HORSE_UNRESOLVED,NO_CANDIDATE_FOUND
919882,4952226,HORSE_UNRESOLVED,NO_CANDIDATE_FOUND
919990,7204935,HORSE_UNRESOLVED,NO_CANDIDATE_FOUND
919990,7926367,HORSE_UNRESOLVED,NO_CANDIDATE_FOUND
919990,8779384,HORSE_UNRESOLVED,NO_CANDIDATE_FOUND
919990,7588052,HORSE_UNRESOLVED,NO_CANDIDATE_FOUND
919990,9046236,HORSE_UNRESOLVED,NO_CANDIDATE_FOUND
919878,3935882,HORSE_UNRESOLVED,NO_CANDIDATE_FOUND
919878,7347770,HORSE_UNRESOLVED,NO_CANDIDATE_FOUND
919878,4547885,HORSE_UNRESOLVED,NO_CANDIDATE_FOUND
rp_CUR_20260603_4.40,rp_CUR_cisterna,HORSE_UNRESOLVED,NO_CANDIDATE_FOUND
rp_CUR_20260603_4.40,rp_CUR_boston_max,HORSE_UNRESOLVED,NO_CANDIDATE_FOUND
rp_CUR_20260603_4.40,rp_CUR_wild_berries,HORSE_UNRESOLVED,NO_CANDIDATE_FOUND
rp_CUR_20260603_4.40,rp_CUR_schoolyard_days,HORSE_UNRESOLVED,NO_CANDIDATE_FOUND
rp_CUR_20260603_4.40,rp_CUR_enthusiastically,HORSE_UNRESOLVED,NO_CANDIDATE_FOUND
rp_CUR_20260603_4.40,rp_CUR_aurora_mist,HORSE_UNRESOLVED,NO_CANDIDATE_FOUND
rp_CUR_20260603_4.40,rp_CUR_apothic_red,HORSE_UNRESOLVED,NO_CANDIDATE_FOUND
rp_CUR_20260603_4.40,rp_CUR_gosford_queen,HORSE_UNRESOLVED,NO_CANDIDATE_FOUND
rp_CUR_20260603_4.40,rp_CUR_windsor_lily,HORSE_UNRESOLVED,NO_CANDIDATE_FOUND
rp_CUR_20260603_4.40,rp_CUR_whats_it_all_about,HORSE_UNRESOLVED,NO_CANDIDATE_FOUND
rp_CUR_20260603_4.40,rp_CUR_dubai_opulence,HORSE_UNRESOLVED,NO_CANDIDATE_FOUND
rp_CUR_20260603_4.40,rp_CUR_kilmac_air,HORSE_UNRESOLVED,NO_CANDIDATE_FOUND
rp_CUR_20260603_4.40,rp_CUR_polanco,HORSE_UNRESOLVED,NO_CANDIDATE_FOUND
rp_CUR_20260603_4.40,rp_CUR_whistling_jamesie,HORSE_UNRESOLVED,NO_CANDIDATE_FOUND
rp_CUR_20260603_4.40,rp_CUR_dawn_flame,HORSE_UNRESOLVED,NO_CANDIDATE_FOUND
rp_CUR_20260603_4.40,rp_CUR_caitouna,HORSE_UNRESOLVED,NO_CANDIDATE_FOUND
rp_CUR_20260603_4.40,rp_CUR_gonna_be_golden,HORSE_UNRESOLVED,NO_CANDIDATE_FOUND
rp_CUR_20260603_6.10,rp_CUR_la_tache,HORSE_UNRESOLVED,NO_CANDIDATE_FOUND
rp_CUR_20260603_6.10,rp_CUR_sirocco_sands,HORSE_UNRESOLVED,NO_CANDIDATE_FOUND
rp_CUR_20260603_6.10,rp_CUR_little_miss_muffet,HORSE_UNRESOLVED,NO_CANDIDATE_FOUND
rp_CUR_20260603_6.10,rp_CUR_gwen,HORSE_UNRESOLVED,NO_CANDIDATE_FOUND
rp_CUR_20260603_6.10,rp_CUR_nation_blaze,HORSE_UNRESOLVED,NO_CANDIDATE_FOUND
rp_CUR_20260603_6.10,rp_CUR_orchestrating,HORSE_UNRESOLVED,NO_CANDIDATE_FOUND
rp_CUR_20260603_6.10,rp_CUR_thatsanotherstory,HORSE_UNRESOLVED,NO_CANDIDATE_FOUND
rp_CUR_20260603_6.10,rp_CUR_dropping_dimes,HORSE_UNRESOLVED,NO_CANDIDATE_FOUND
rp_CUR_20260603_6.10,rp_CUR_tennesspeed,HORSE_UNRESOLVED,NO_CANDIDATE_FOUND
rp_CUR_20260603_6.10,rp_CUR_captain_james_cook,HORSE_UNRESOLVED,NO_CANDIDATE_FOUND
rp_CUR_20260603_6.10,rp_CUR_winnie's_wish,HORSE_UNRESOLVED,NO_CANDIDATE_FOUND
rp_CUR_20260603_5.10,rp_CUR_sancerre_rock,HORSE_UNRESOLVED,NO_CANDIDATE_FOUND
rp_CUR_20260603_5.10,rp_CUR_contrary_to_law,HORSE_UNRESOLVED,NO_CANDIDATE_FOUND
rp_CUR_20260603_5.10,rp_CUR_trek_home,HORSE_UNRESOLVED,NO_CANDIDATE_FOUND
rp_CUR_20260603_5.10,rp_CUR_forbidden,HORSE_UNRESOLVED,NO_CANDIDATE_FOUND
rp_CUR_20260603_5.10,rp_CUR_pick_a_window,HORSE_UNRESOLVED,NO_CANDIDATE_FOUND
rp_CUR_20260603_5.10,rp_CUR_frosted_sky,HORSE_UNRESOLVED,NO_CANDIDATE_FOUND
rp_CUR_20260603_5.10,rp_CUR_highwayman,HORSE_UNRESOLVED,NO_CANDIDATE_FOUND
rp_CUR_20260603_5.10,rp_CUR_aestus_astevias,HORSE_UNRESOLVED,NO_CANDIDATE_FOUND
rp_CUR_20260603_5.10,rp_CUR_ask_me_again,HORSE_UNRESOLVED,NO_CANDIDATE_FOUND
rp_CUR_20260603_5.10,rp_CUR_finika,HORSE_UNRESOLVED,NO_CANDIDATE_FOUND
rp_CUR_20260603_5.10,rp_CUR_lady_moon,HORSE_UNRESOLVED,NO_CANDIDATE_FOUND
rp_CUR_20260603_5.10,rp_CUR_starborn_legend,HORSE_UNRESOLVED,NO_CANDIDATE_FOUND
rp_CUR_20260603_5.10,rp_CUR_niobite,HORSE_UNRESOLVED,NO_CANDIDATE_FOUND
rp_CUR_20260603_5.10,rp_CUR_little_roy,HORSE_UNRESOLVED,NO_CANDIDATE_FOUND
rp_CUR_20260603_5.10,rp_CUR_kula_bula_boyo,HORSE_UNRESOLVED,NO_CANDIDATE_FOUND
rp_CUR_20260603_5.40,rp_CUR_selwyn,HORSE_UNRESOLVED,NO_CANDIDATE_FOUND
rp_CUR_20260603_5.40,rp_CUR_giant_sequoia,HORSE_UNRESOLVED,NO_CANDIDATE_FOUND
rp_CUR_20260603_5.40,rp_CUR_breath_of_paradise,HORSE_UNRESOLVED,NO_CANDIDATE_FOUND
rp_CUR_20260603_5.40,rp_CUR_peckedbytheparrott,HORSE_UNRESOLVED,NO_CANDIDATE_FOUND
rp_CUR_20260603_5.40,rp_CUR_to_infinity,HORSE_UNRESOLVED,NO_CANDIDATE_FOUND
rp_CUR_20260603_6.45,rp_CUR_shadow_run,HORSE_UNRESOLVED,NO_CANDIDATE_FOUND
rp_CUR_20260603_6.45,rp_CUR_bad_boy_rizz,HORSE_UNRESOLVED,NO_CANDIDATE_FOUND
rp_CUR_20260603_6.45,rp_CUR_sparky_sparky,HORSE_UNRESOLVED,NO_CANDIDATE_FOUND
rp_CUR_20260603_6.45,rp_CUR_focaccia,HORSE_UNRESOLVED,NO_CANDIDATE_FOUND
rp_CUR_20260603_6.45,rp_CUR_tornado_kiss,HORSE_UNRESOLVED,NO_CANDIDATE_FOUND
rp_CUR_20260603_6.45,rp_CUR_cool_azul,HORSE_UNRESOLVED,NO_CANDIDATE_FOUND
rp_CUR_20260603_6.45,rp_CUR_fox_in_flight,HORSE_UNRESOLVED,NO_CANDIDATE_FOUND
rp_CUR_20260603_6.45,rp_CUR_ipanema_queen,HORSE_UNRESOLVED,NO_CANDIDATE_FOUND
rp_CUR_20260603_6.45,rp_CUR_sovereign_cry,HORSE_UNRESOLVED,NO_CANDIDATE_FOUND
rp_CUR_20260603_7.20,rp_CUR_tribal_star,HORSE_UNRESOLVED,NO_CANDIDATE_FOUND
rp_CUR_20260603_7.20,rp_CUR_too_bossy_for_us,HORSE_UNRESOLVED,NO_CANDIDATE_FOUND
rp_CUR_20260603_7.20,rp_CUR_en_or,HORSE_UNRESOLVED,NO_CANDIDATE_FOUND
rp_CUR_20260603_7.20,rp_CUR_emit,HORSE_UNRESOLVED,NO_CANDIDATE_FOUND
rp_CUR_20260603_7.20,rp_CUR_perry_mason,HORSE_UNRESOLVED,NO_CANDIDATE_FOUND
rp_CUR_20260603_7.20,rp_CUR_dawn_rising,HORSE_UNRESOLVED,NO_CANDIDATE_FOUND
rp_CUR_20260603_7.20,rp_CUR_holy_see,HORSE_UNRESOLVED,NO_CANDIDATE_FOUND
rp_CUR_20260603_7.20,rp_CUR_yulia,HORSE_UNRESOLVED,NO_CANDIDATE_FOUND
rp_CUR_20260603_7.20,rp_CUR_tyson_fury,HORSE_UNRESOLVED,NO_CANDIDATE_FOUND
rp_CUR_20260603_7.55,rp_CUR_ashikita,HORSE_UNRESOLVED,NO_CANDIDATE_FOUND
rp_CUR_20260603_7.55,rp_CUR_kashala,HORSE_UNRESOLVED,NO_CANDIDATE_FOUND
rp_CUR_20260603_7.55,rp_CUR_solas_na_gealai,HORSE_UNRESOLVED,NO_CANDIDATE_FOUND
rp_CUR_20260603_7.55,rp_CUR_possum,HORSE_UNRESOLVED,NO_CANDIDATE_FOUND
rp_CUR_20260603_7.55,rp_CUR_miss_ivor,HORSE_UNRESOLVED,NO_CANDIDATE_FOUND
rp_CUR_20260603_7.55,rp_CUR_i_hope_you_dance,HORSE_UNRESOLVED,NO_CANDIDATE_FOUND
rp_CUR_20260603_8.25,rp_CUR_rosato,HORSE_UNRESOLVED,NO_CANDIDATE_FOUND
rp_CUR_20260603_8.25,rp_CUR_green_icon,HORSE_UNRESOLVED,NO_CANDIDATE_FOUND
rp_CUR_20260603_8.25,rp_CUR_ukiyo,HORSE_UNRESOLVED,NO_CANDIDATE_FOUND
rp_CUR_20260603_8.25,rp_CUR_rappell,HORSE_UNRESOLVED,NO_CANDIDATE_FOUND
rp_CUR_20260603_8.25,rp_CUR_hugo's_girl,HORSE_UNRESOLVED,NO_CANDIDATE_FOUND
rp_CUR_20260603_8.25,rp_CUR_prime_sign,HORSE_UNRESOLVED,NO_CANDIDATE_FOUND
rp_CUR_20260603_8.25,rp_CUR_salah_belle,HORSE_UNRESOLVED,NO_CANDIDATE_FOUND
rp_CUR_20260603_8.25,rp_CUR_dynamic_force,HORSE_UNRESOLVED,NO_CANDIDATE_FOUND
rp_CUR_20260603_8.25,rp_CUR_gegenpressing,HORSE_UNRESOLVED,NO_CANDIDATE_FOUND
rp_CUR_20260603_8.25,rp_CUR_carrigans_grove,HORSE_UNRESOLVED,NO_CANDIDATE_FOUND
rp_CUR_20260603_8.25,rp_CUR_dandy_land,HORSE_UNRESOLVED,NO_CANDIDATE_FOUND
rp_CUR_20260603_8.25,rp_CUR_eichan_san,HORSE_UNRESOLVED,NO_CANDIDATE_FOUND
rp_CUR_20260603_8.25,rp_CUR_four_blondes,HORSE_UNRESOLVED,NO_CANDIDATE_FOUND
rp_CUR_20260603_8.25,rp_CUR_kitty_bear,HORSE_UNRESOLVED,NO_CANDIDATE_FOUND
rp_CUR_20260603_8.25,rp_CUR_jon_riggens,HORSE_UNRESOLVED,NO_CANDIDATE_FOUND
rp_CUR_20260603_8.25,rp_CUR_jazzit,HORSE_UNRESOLVED,NO_CANDIDATE_FOUND
rp_CUR_20260603_8.25,rp_CUR_shamanka,HORSE_UNRESOLVED,NO_CANDIDATE_FOUND
rp_CUR_20260603_8.25,rp_CUR_angel_of_promise,HORSE_UNRESOLVED,NO_CANDIDATE_FOUND
rp_CUR_20260603_8.25,rp_CUR_lady_mary_heath,HORSE_UNRESOLVED,NO_CANDIDATE_FOUND
rp_HAPPY_20260603_11.40,rp_HAPPY_family_fortune,RACE_UNRESOLVED,NO_CANDIDATE_FOUND
rp_HAPPY_20260603_11.40,rp_HAPPY_setanta,RACE_UNRESOLVED,NO_CANDIDATE_FOUND
rp_HAPPY_20260603_11.40,rp_HAPPY_wah_may_wai_wai,RACE_UNRESOLVED,NO_CANDIDATE_FOUND
rp_HAPPY_20260603_11.40,rp_HAPPY_telecom_power,RACE_UNRESOLVED,NO_CANDIDATE_FOUND
rp_HAPPY_20260603_11.40,rp_HAPPY_harry's_hero,RACE_UNRESOLVED,NO_CANDIDATE_FOUND
rp_HAPPY_20260603_11.40,rp_HAPPY_gold_tack,RACE_UNRESOLVED,NO_CANDIDATE_FOUND
rp_HAPPY_20260603_11.40,rp_HAPPY_smart_trio,RACE_UNRESOLVED,NO_CANDIDATE_FOUND
rp_HAPPY_20260603_11.40,rp_HAPPY_zetta_force,RACE_UNRESOLVED,NO_CANDIDATE_FOUND
rp_HAPPY_20260603_11.40,rp_HAPPY_manythanks_forever,RACE_UNRESOLVED,NO_CANDIDATE_FOUND
rp_HAPPY_20260603_11.40,rp_HAPPY_master_of_humor,RACE_UNRESOLVED,NO_CANDIDATE_FOUND
rp_HAPPY_20260603_11.40,rp_HAPPY_prince_alex,RACE_UNRESOLVED,NO_CANDIDATE_FOUND
rp_HAPPY_20260603_11.40,rp_HAPPY_the_way_we_win,RACE_UNRESOLVED,NO_CANDIDATE_FOUND
rp_HAPPY_20260603_11.40,rp_HAPPY_casa_legend,RACE_UNRESOLVED,NO_CANDIDATE_FOUND
rp_HAPPY_20260603_11.40,rp_HAPPY_happy_buddies,RACE_UNRESOLVED,NO_CANDIDATE_FOUND
rp_HAPPY_20260603_12.10,rp_HAPPY_always_my_folks,RACE_UNRESOLVED,NO_CANDIDATE_FOUND
rp_HAPPY_20260603_12.10,rp_HAPPY_chill_master,RACE_UNRESOLVED,NO_CANDIDATE_FOUND
rp_HAPPY_20260603_12.10,rp_HAPPY_call_to_command,RACE_UNRESOLVED,NO_CANDIDATE_FOUND
rp_HAPPY_20260603_12.10,rp_HAPPY_double_bingo,RACE_UNRESOLVED,NO_CANDIDATE_FOUND
rp_HAPPY_20260603_12.10,rp_HAPPY_exceed_the_wish,RACE_UNRESOLVED,NO_CANDIDATE_FOUND
rp_HAPPY_20260603_12.10,rp_HAPPY_sonic_boom,RACE_UNRESOLVED,NO_CANDIDATE_FOUND
rp_HAPPY_20260603_12.10,rp_HAPPY_island_breezes,RACE_UNRESOLVED,NO_CANDIDATE_FOUND
rp_HAPPY_20260603_12.10,rp_HAPPY_majestic_delight,RACE_UNRESOLVED,NO_CANDIDATE_FOUND
rp_HAPPY_20260603_12.10,rp_HAPPY_thousand_cups,RACE_UNRESOLVED,NO_CANDIDATE_FOUND
rp_HAPPY_20260603_12.10,rp_HAPPY_superb_guy,RACE_UNRESOLVED,NO_CANDIDATE_FOUND
rp_HAPPY_20260603_12.10,rp_HAPPY_lakeshore_hero,RACE_UNRESOLVED,NO_CANDIDATE_FOUND
rp_HAPPY_20260603_12.10,rp_HAPPY_autumn_vibes,RACE_UNRESOLVED,NO_CANDIDATE_FOUND
rp_HAPPY_20260603_12.10,rp_HAPPY_runjeet,RACE_UNRESOLVED,NO_CANDIDATE_FOUND
rp_HAPPY_20260603_12.10,rp_HAPPY_tai_victory,RACE_UNRESOLVED,NO_CANDIDATE_FOUND
rp_HAPPY_20260603_12.40,rp_HAPPY_forerunner,RACE_UNRESOLVED,NO_CANDIDATE_FOUND
rp_HAPPY_20260603_12.40,rp_HAPPY_same_to_you,RACE_UNRESOLVED,NO_CANDIDATE_FOUND
rp_HAPPY_20260603_12.40,rp_HAPPY_free_pony,RACE_UNRESOLVED,NO_CANDIDATE_FOUND
rp_HAPPY_20260603_12.40,rp_HAPPY_jolly_companion,RACE_UNRESOLVED,NO_CANDIDATE_FOUND
rp_HAPPY_20260603_12.40,rp_HAPPY_leading_agility,RACE_UNRESOLVED,NO_CANDIDATE_FOUND
rp_HAPPY_20260603_12.40,rp_HAPPY_victor_the_rapid,RACE_UNRESOLVED,NO_CANDIDATE_FOUND
rp_HAPPY_20260603_12.40,rp_HAPPY_young_arrow,RACE_UNRESOLVED,NO_CANDIDATE_FOUND
rp_HAPPY_20260603_12.40,rp_HAPPY_forza_leader,RACE_UNRESOLVED,NO_CANDIDATE_FOUND
rp_HAPPY_20260603_12.40,rp_HAPPY_awesome_treasure,RACE_UNRESOLVED,NO_CANDIDATE_FOUND
rp_HAPPY_20260603_12.40,rp_HAPPY_marvel_and_gold,RACE_UNRESOLVED,NO_CANDIDATE_FOUND
rp_HAPPY_20260603_12.40,rp_HAPPY_golden_empire,RACE_UNRESOLVED,NO_CANDIDATE_FOUND
rp_HAPPY_20260603_12.40,rp_HAPPY_captain_link,RACE_UNRESOLVED,NO_CANDIDATE_FOUND
rp_HAPPY_20260603_12.40,rp_HAPPY_beauty_glory,RACE_UNRESOLVED,NO_CANDIDATE_FOUND
rp_HAPPY_20260603_12.40,rp_HAPPY_winalot,RACE_UNRESOLVED,NO_CANDIDATE_FOUND
rp_HAPPY_20260603_1.10,rp_HAPPY_run_run_timing,RACE_UNRESOLVED,NO_CANDIDATE_FOUND
rp_HAPPY_20260603_1.10,rp_HAPPY_take_action,RACE_UNRESOLVED,NO_CANDIDATE_FOUND
rp_HAPPY_20260603_1.10,rp_HAPPY_dashing_maurison,RACE_UNRESOLVED,NO_CANDIDATE_FOUND
rp_HAPPY_20260603_1.10,rp_HAPPY_can't_go_wong,RACE_UNRESOLVED,NO_CANDIDATE_FOUND
rp_HAPPY_20260603_1.10,rp_HAPPY_superb_boy,RACE_UNRESOLVED,NO_CANDIDATE_FOUND
rp_HAPPY_20260603_1.10,rp_HAPPY_noble_pursuit,RACE_UNRESOLVED,NO_CANDIDATE_FOUND
rp_HAPPY_20260603_1.10,rp_HAPPY_king_glorioso,RACE_UNRESOLVED,NO_CANDIDATE_FOUND
rp_HAPPY_20260603_1.10,rp_HAPPY_savvy_warrior,RACE_UNRESOLVED,NO_CANDIDATE_FOUND
rp_HAPPY_20260603_1.10,rp_HAPPY_star_mac,RACE_UNRESOLVED,NO_CANDIDATE_FOUND
rp_HAPPY_20260603_1.10,rp_HAPPY_flying_fortune,RACE_UNRESOLVED,NO_CANDIDATE_FOUND
rp_HAPPY_20260603_1.10,rp_HAPPY_exceed_the_limit,RACE_UNRESOLVED,NO_CANDIDATE_FOUND
rp_HAPPY_20260603_1.10,rp_HAPPY_conrad_the_great,RACE_UNRESOLVED,NO_CANDIDATE_FOUND
rp_HAPPY_20260603_1.10,rp_HAPPY_gazeley,RACE_UNRESOLVED,NO_CANDIDATE_FOUND
rp_HAPPY_20260603_1.10,rp_HAPPY_smiling_one,RACE_UNRESOLVED,NO_CANDIDATE_FOUND
rp_HAPPY_20260603_1.40,rp_HAPPY_podium,RACE_UNRESOLVED,NO_CANDIDATE_FOUND
rp_HAPPY_20260603_1.40,rp_HAPPY_loving_vibes,RACE_UNRESOLVED,NO_CANDIDATE_FOUND
rp_HAPPY_20260603_1.40,rp_HAPPY_brownneedsfurther,RACE_UNRESOLVED,NO_CANDIDATE_FOUND
rp_HAPPY_20260603_1.40,rp_HAPPY_silver_spurs,RACE_UNRESOLVED,NO_CANDIDATE_FOUND
rp_HAPPY_20260603_1.40,rp_HAPPY_georgian_sigma,RACE_UNRESOLVED,NO_CANDIDATE_FOUND
rp_HAPPY_20260603_1.40,rp_HAPPY_everstar,RACE_UNRESOLVED,NO_CANDIDATE_FOUND
rp_HAPPY_20260603_1.40,rp_HAPPY_yee_cheong_spirit,RACE_UNRESOLVED,NO_CANDIDATE_FOUND
rp_HAPPY_20260603_1.40,rp_HAPPY_star_figure,RACE_UNRESOLVED,NO_CANDIDATE_FOUND
rp_HAPPY_20260603_1.40,rp_HAPPY_starry_show,RACE_UNRESOLVED,NO_CANDIDATE_FOUND
rp_HAPPY_20260603_1.40,rp_HAPPY_danica's_choice,RACE_UNRESOLVED,NO_CANDIDATE_FOUND
rp_HAPPY_20260603_1.40,rp_HAPPY_flashing_fighter,RACE_UNRESOLVED,NO_CANDIDATE_FOUND
rp_HAPPY_20260603_1.40,rp_HAPPY_iron_security,RACE_UNRESOLVED,NO_CANDIDATE_FOUND
rp_HAPPY_20260603_1.40,rp_HAPPY_glory_b,RACE_UNRESOLVED,NO_CANDIDATE_FOUND
rp_HAPPY_20260603_1.40,rp_HAPPY_forever_fancy,RACE_UNRESOLVED,NO_CANDIDATE_FOUND
rp_HAPPY_20260603_2.10,rp_HAPPY_the_heir,RACE_UNRESOLVED,NO_CANDIDATE_FOUND
rp_HAPPY_20260603_2.10,rp_HAPPY_winning_now,RACE_UNRESOLVED,NO_CANDIDATE_FOUND
rp_HAPPY_20260603_2.10,rp_HAPPY_nebraskan,RACE_UNRESOLVED,NO_CANDIDATE_FOUND
rp_HAPPY_20260603_2.10,rp_HAPPY_heroic_master,RACE_UNRESOLVED,NO_CANDIDATE_FOUND
rp_HAPPY_20260603_2.10,rp_HAPPY_happy_united,RACE_UNRESOLVED,NO_CANDIDATE_FOUND
rp_HAPPY_20260603_2.10,rp_HAPPY_bits_superstar,RACE_UNRESOLVED,NO_CANDIDATE_FOUND
rp_HAPPY_20260603_2.10,rp_HAPPY_meowth,RACE_UNRESOLVED,NO_CANDIDATE_FOUND
rp_HAPPY_20260603_2.10,rp_HAPPY_vigor_eye,RACE_UNRESOLVED,NO_CANDIDATE_FOUND
rp_HAPPY_20260603_2.10,rp_HAPPY_the_perfect_match,RACE_UNRESOLVED,NO_CANDIDATE_FOUND
rp_HAPPY_20260603_2.10,rp_HAPPY_bright_day,RACE_UNRESOLVED,NO_CANDIDATE_FOUND
rp_HAPPY_20260603_2.10,rp_HAPPY_healthy_healthy,RACE_UNRESOLVED,NO_CANDIDATE_FOUND
rp_HAPPY_20260603_2.10,rp_HAPPY_phoenix_light,RACE_UNRESOLVED,NO_CANDIDATE_FOUND
rp_HAPPY_20260603_2.10,rp_HAPPY_glorious_ryder,RACE_UNRESOLVED,NO_CANDIDATE_FOUND
rp_HAPPY_20260603_2.10,rp_HAPPY_spirited_steed,RACE_UNRESOLVED,NO_CANDIDATE_FOUND
rp_HAPPY_20260603_2.45,rp_HAPPY_king_profit,RACE_UNRESOLVED,NO_CANDIDATE_FOUND
rp_HAPPY_20260603_2.45,rp_HAPPY_ace_champion,RACE_UNRESOLVED,NO_CANDIDATE_FOUND
rp_HAPPY_20260603_2.45,rp_HAPPY_amazing_kid,RACE_UNRESOLVED,NO_CANDIDATE_FOUND
rp_HAPPY_20260603_2.45,rp_HAPPY_power_koepp,RACE_UNRESOLVED,NO_CANDIDATE_FOUND
rp_HAPPY_20260603_2.45,rp_HAPPY_dancing_classics,RACE_UNRESOLVED,NO_CANDIDATE_FOUND
rp_HAPPY_20260603_2.45,rp_HAPPY_telecom_fighters,RACE_UNRESOLVED,NO_CANDIDATE_FOUND
rp_HAPPY_20260603_2.45,rp_HAPPY_happy_index,RACE_UNRESOLVED,NO_CANDIDATE_FOUND
rp_HAPPY_20260603_2.45,rp_HAPPY_super_joy_n_fun,RACE_UNRESOLVED,NO_CANDIDATE_FOUND
rp_HAPPY_20260603_2.45,rp_HAPPY_symbol_of_strength,RACE_UNRESOLVED,NO_CANDIDATE_FOUND
rp_HAPPY_20260603_2.45,rp_HAPPY_jubilant_winner,RACE_UNRESOLVED,NO_CANDIDATE_FOUND
rp_HAPPY_20260603_2.45,rp_HAPPY_greater_bae,RACE_UNRESOLVED,NO_CANDIDATE_FOUND
rp_HAPPY_20260603_2.45,rp_HAPPY_igor_stravinsky,RACE_UNRESOLVED,NO_CANDIDATE_FOUND
rp_HAPPY_20260603_2.45,rp_HAPPY_harmony_n_blessed,RACE_UNRESOLVED,NO_CANDIDATE_FOUND
rp_HAPPY_20260603_2.45,rp_HAPPY_tactical_ace,RACE_UNRESOLVED,NO_CANDIDATE_FOUND
rp_HAPPY_20260603_3.15,rp_HAPPY_armor_golden_eagle,RACE_UNRESOLVED,NO_CANDIDATE_FOUND
rp_HAPPY_20260603_3.15,rp_HAPPY_beauty_alliance,RACE_UNRESOLVED,NO_CANDIDATE_FOUND
rp_HAPPY_20260603_3.15,rp_HAPPY_liveandletlive,RACE_UNRESOLVED,NO_CANDIDATE_FOUND
rp_HAPPY_20260603_3.15,rp_HAPPY_packing_angel,RACE_UNRESOLVED,NO_CANDIDATE_FOUND
rp_HAPPY_20260603_3.15,rp_HAPPY_silvery_breeze,RACE_UNRESOLVED,NO_CANDIDATE_FOUND
rp_HAPPY_20260603_3.15,rp_HAPPY_soleil_fighter,RACE_UNRESOLVED,NO_CANDIDATE_FOUND
rp_HAPPY_20260603_3.15,rp_HAPPY_helene_feeling,RACE_UNRESOLVED,NO_CANDIDATE_FOUND
rp_HAPPY_20260603_3.15,rp_HAPPY_awesome_fluke,RACE_UNRESOLVED,NO_CANDIDATE_FOUND
rp_HAPPY_20260603_3.15,rp_HAPPY_joy_of_spring,RACE_UNRESOLVED,NO_CANDIDATE_FOUND
rp_HAPPY_20260603_3.15,rp_HAPPY_pocketing,RACE_UNRESOLVED,NO_CANDIDATE_FOUND
rp_HAPPY_20260603_3.15,rp_HAPPY_californiatotality,RACE_UNRESOLVED,NO_CANDIDATE_FOUND
rp_HAPPY_20260603_3.50,rp_HAPPY_lucky_my_way,RACE_UNRESOLVED,NO_CANDIDATE_FOUND
rp_HAPPY_20260603_3.50,rp_HAPPY_all_round_winner,RACE_UNRESOLVED,NO_CANDIDATE_FOUND
rp_HAPPY_20260603_3.50,rp_HAPPY_seward,RACE_UNRESOLVED,NO_CANDIDATE_FOUND
rp_HAPPY_20260603_3.50,rp_HAPPY_smart_avenue,RACE_UNRESOLVED,NO_CANDIDATE_FOUND
rp_HAPPY_20260603_3.50,rp_HAPPY_yee_cheong_glory,RACE_UNRESOLVED,NO_CANDIDATE_FOUND
rp_HAPPY_20260603_3.50,rp_HAPPY_without_compare,RACE_UNRESOLVED,NO_CANDIDATE_FOUND
rp_HAPPY_20260603_3.50,rp_HAPPY_fivefortwo,RACE_UNRESOLVED,NO_CANDIDATE_FOUND
rp_HAPPY_20260603_3.50,rp_HAPPY_mister_dapper,RACE_UNRESOLVED,NO_CANDIDATE_FOUND
rp_HAPPY_20260603_3.50,rp_HAPPY_another_zonda,RACE_UNRESOLVED,NO_CANDIDATE_FOUND
rp_HAPPY_20260603_3.50,rp_HAPPY_casa_rochester,RACE_UNRESOLVED,NO_CANDIDATE_FOUND
rp_HAPPY_20260603_3.50,rp_HAPPY_stormi,RACE_UNRESOLVED,NO_CANDIDATE_FOUND
rp_HAPPY_20260603_3.50,rp_HAPPY_california_moxie,RACE_UNRESOLVED,NO_CANDIDATE_FOUND
rp_HAPPY_20260603_3.50,rp_HAPPY_keefy,RACE_UNRESOLVED,NO_CANDIDATE_FOUND
rp_HAPPY_20260603_3.50,rp_HAPPY_class,RACE_UNRESOLVED,NO_CANDIDATE_FOUND
rp_NEWTON_20260603_2.30,rp_NEWTON_premier_fantasy,RACE_UNRESOLVED,NO_CANDIDATE_FOUND
rp_NEWTON_20260603_2.30,rp_NEWTON_french_diablo,RACE_UNRESOLVED,NO_CANDIDATE_FOUND
rp_NEWTON_20260603_2.30,rp_NEWTON_yellow_card,RACE_UNRESOLVED,NO_CANDIDATE_FOUND
rp_NEWTON_20260603_2.30,rp_NEWTON_brenda_lady,RACE_UNRESOLVED,NO_CANDIDATE_FOUND
rp_NEWTON_20260603_2.30,rp_NEWTON_polemon,RACE_UNRESOLVED,NO_CANDIDATE_FOUND
rp_NEWTON_20260603_2.30,rp_NEWTON_river_don,RACE_UNRESOLVED,NO_CANDIDATE_FOUND
rp_NEWTON_20260603_2.30,rp_NEWTON_tiger_rouge,RACE_UNRESOLVED,NO_CANDIDATE_FOUND
rp_NEWTON_20260603_2.30,rp_NEWTON_tiger_tobin,RACE_UNRESOLVED,NO_CANDIDATE_FOUND
rp_NEWTON_20260603_2.30,rp_NEWTON_keep_off_the_sugar,RACE_UNRESOLVED,NO_CANDIDATE_FOUND
rp_NEWTON_20260603_3.00,rp_NEWTON_dunkerque,RACE_UNRESOLVED,NO_CANDIDATE_FOUND
rp_NEWTON_20260603_3.00,rp_NEWTON_vengeance,RACE_UNRESOLVED,NO_CANDIDATE_FOUND
rp_NEWTON_20260603_3.00,rp_NEWTON_doc_mccoy,RACE_UNRESOLVED,NO_CANDIDATE_FOUND
rp_NEWTON_20260603_3.00,rp_NEWTON_franigane,RACE_UNRESOLVED,NO_CANDIDATE_FOUND
rp_NEWTON_20260603_3.30,rp_NEWTON_ferando,RACE_UNRESOLVED,NO_CANDIDATE_FOUND
rp_NEWTON_20260603_3.30,rp_NEWTON_daring_plan,RACE_UNRESOLVED,NO_CANDIDATE_FOUND
rp_NEWTON_20260603_3.30,rp_NEWTON_black_occ,RACE_UNRESOLVED,NO_CANDIDATE_FOUND
rp_NEWTON_20260603_3.30,rp_NEWTON_isle_of_sark,RACE_UNRESOLVED,NO_CANDIDATE_FOUND
rp_NEWTON_20260603_3.30,rp_NEWTON_bee's_kiss,RACE_UNRESOLVED,NO_CANDIDATE_FOUND
rp_NEWTON_20260603_3.30,rp_NEWTON_kenzo_des_bruyeres,RACE_UNRESOLVED,NO_CANDIDATE_FOUND
rp_NEWTON_20260603_3.30,rp_NEWTON_winning_paddy,RACE_UNRESOLVED,NO_CANDIDATE_FOUND
rp_NEWTON_20260603_3.30,rp_NEWTON_it's_a_breeze,RACE_UNRESOLVED,NO_CANDIDATE_FOUND
rp_NEWTON_20260603_4.00,rp_NEWTON_queens_venture,RACE_UNRESOLVED,NO_CANDIDATE_FOUND
rp_NEWTON_20260603_4.00,rp_NEWTON_miss_goldfire,RACE_UNRESOLVED,NO_CANDIDATE_FOUND
rp_NEWTON_20260603_4.00,rp_NEWTON_porter_in_the_park,RACE_UNRESOLVED,NO_CANDIDATE_FOUND
rp_NEWTON_20260603_4.00,rp_NEWTON_jena_d'oudairies,RACE_UNRESOLVED,NO_CANDIDATE_FOUND
rp_NEWTON_20260603_4.00,rp_NEWTON_just_a_memory,RACE_UNRESOLVED,NO_CANDIDATE_FOUND
rp_NEWTON_20260603_4.30,rp_NEWTON_arctic_voyage,RACE_UNRESOLVED,NO_CANDIDATE_FOUND
rp_NEWTON_20260603_4.30,rp_NEWTON_morning_mayhem,RACE_UNRESOLVED,NO_CANDIDATE_FOUND
rp_NEWTON_20260603_4.30,rp_NEWTON_american_land,RACE_UNRESOLVED,NO_CANDIDATE_FOUND
rp_NEWTON_20260603_4.30,rp_NEWTON_howth,RACE_UNRESOLVED,NO_CANDIDATE_FOUND
rp_NEWTON_20260603_4.30,rp_NEWTON_centara,RACE_UNRESOLVED,NO_CANDIDATE_FOUND
rp_NEWTON_20260603_5.00,rp_NEWTON_ambassador,RACE_UNRESOLVED,NO_CANDIDATE_FOUND
rp_NEWTON_20260603_5.00,rp_NEWTON_cogital,RACE_UNRESOLVED,NO_CANDIDATE_FOUND
rp_NEWTON_20260603_5.00,rp_NEWTON_jukebox_annie,RACE_UNRESOLVED,NO_CANDIDATE_FOUND
rp_NEWTON_20260603_5.00,rp_NEWTON_warfleet,RACE_UNRESOLVED,NO_CANDIDATE_FOUND
rp_NEWTON_20260603_5.00,rp_NEWTON_ugo_bingo,RACE_UNRESOLVED,NO_CANDIDATE_FOUND
rp_NEWTON_20260603_5.00,rp_NEWTON_westerton,RACE_UNRESOLVED,NO_CANDIDATE_FOUND
rp_NEWTON_20260603_5.00,rp_NEWTON_lord_cauvelliere,RACE_UNRESOLVED,NO_CANDIDATE_FOUND
rp_NEWTON_20260603_5.00,rp_NEWTON_get_the_value,RACE_UNRESOLVED,NO_CANDIDATE_FOUND
rp_NEWTON_20260603_5.00,rp_NEWTON_hawa_jumeirah,RACE_UNRESOLVED,NO_CANDIDATE_FOUND
rp_NEWTON_20260603_5.00,rp_NEWTON_peace_motivator,RACE_UNRESOLVED,NO_CANDIDATE_FOUND
rp_NEWTON_20260603_5.00,rp_NEWTON_marhaba_the_champ,RACE_UNRESOLVED,NO_CANDIDATE_FOUND
rp_NEWTON_20260603_5.00,rp_NEWTON_zambezi_fix,RACE_UNRESOLVED,NO_CANDIDATE_FOUND
rp_NEWTON_20260603_5.30,rp_NEWTON_winter_flight,RACE_UNRESOLVED,NO_CANDIDATE_FOUND
rp_NEWTON_20260603_5.30,rp_NEWTON_mr_sunny,RACE_UNRESOLVED,NO_CANDIDATE_FOUND
rp_NEWTON_20260603_5.30,rp_NEWTON_thepassingtyphoon,RACE_UNRESOLVED,NO_CANDIDATE_FOUND
rp_NEWTON_20260603_5.30,rp_NEWTON_ocean_rose,RACE_UNRESOLVED,NO_CANDIDATE_FOUND
rp_NEWTON_20260603_5.30,rp_NEWTON_matty's_mate,RACE_UNRESOLVED,NO_CANDIDATE_FOUND
rp_NEWTON_20260603_5.30,rp_NEWTON_five_lanes,RACE_UNRESOLVED,NO_CANDIDATE_FOUND
rp_NEWTON_20260603_5.30,rp_NEWTON_megatothemax,RACE_UNRESOLVED,NO_CANDIDATE_FOUND
rp_NEWTON_20260603_5.30,rp_NEWTON_three_of_spades,RACE_UNRESOLVED,NO_CANDIDATE_FOUND
rp_NEWTON_20260603_5.30,rp_NEWTON_roccana_rose,RACE_UNRESOLVED,NO_CANDIDATE_FOUND
rp_NOT_20260603_2.48,rp_NOT_menhaal,HORSE_UNRESOLVED,NO_CANDIDATE_FOUND
rp_NOT_20260603_2.48,rp_NOT_true_charm,HORSE_UNRESOLVED,NO_CANDIDATE_FOUND
rp_NOT_20260603_2.48,rp_NOT_hadlan,HORSE_UNRESOLVED,NO_CANDIDATE_FOUND
rp_NOT_20260603_2.48,rp_NOT_la_fuerza,HORSE_UNRESOLVED,NO_CANDIDATE_FOUND
rp_NOT_20260603_2.48,rp_NOT_lochryan,HORSE_UNRESOLVED,NO_CANDIDATE_FOUND
rp_NOT_20260603_2.48,rp_NOT_le_grand_etoile,HORSE_UNRESOLVED,NO_CANDIDATE_FOUND
rp_NOT_20260603_2.48,rp_NOT_tumishi,HORSE_UNRESOLVED,NO_CANDIDATE_FOUND
rp_NOT_20260603_2.48,rp_NOT_primal,HORSE_UNRESOLVED,NO_CANDIDATE_FOUND
rp_NOT_20260603_2.48,rp_NOT_trust_yourself,HORSE_UNRESOLVED,NO_CANDIDATE_FOUND
rp_NOT_20260603_3.18,rp_NOT_miss_tuite,HORSE_UNRESOLVED,NO_CANDIDATE_FOUND
rp_NOT_20260603_3.18,rp_NOT_queen_of_christmas,HORSE_UNRESOLVED,NO_CANDIDATE_FOUND
rp_NOT_20260603_3.18,rp_NOT_miss_u_gino,HORSE_UNRESOLVED,NO_CANDIDATE_FOUND
rp_NOT_20260603_3.18,rp_NOT_dreams_galore,HORSE_UNRESOLVED,NO_CANDIDATE_FOUND
rp_NOT_20260603_3.18,rp_NOT_delighfully_hot,HORSE_UNRESOLVED,NO_CANDIDATE_FOUND
rp_NOT_20260603_3.18,rp_NOT_halliwell_stream,HORSE_UNRESOLVED,NO_CANDIDATE_FOUND
rp_NOT_20260603_3.18,rp_NOT_my_normandie,HORSE_UNRESOLVED,NO_CANDIDATE_FOUND
rp_NOT_20260603_3.48,rp_NOT_laughterintherain,HORSE_UNRESOLVED,NO_CANDIDATE_FOUND
rp_NOT_20260603_3.48,rp_NOT_mimi's_magic,HORSE_UNRESOLVED,NO_CANDIDATE_FOUND
rp_NOT_20260603_3.48,rp_NOT_vitality,HORSE_UNRESOLVED,NO_CANDIDATE_FOUND
rp_NOT_20260603_3.48,rp_NOT_bami,HORSE_UNRESOLVED,NO_CANDIDATE_FOUND
rp_NOT_20260603_3.48,rp_NOT_katalyst,HORSE_UNRESOLVED,NO_CANDIDATE_FOUND
rp_NOT_20260603_3.48,rp_NOT_mayfair_market,HORSE_UNRESOLVED,NO_CANDIDATE_FOUND
rp_NOT_20260603_3.48,rp_NOT_glasgow_kiss,HORSE_UNRESOLVED,NO_CANDIDATE_FOUND
rp_NOT_20260603_3.48,rp_NOT_morningtoncrescent,HORSE_UNRESOLVED,NO_CANDIDATE_FOUND
rp_NOT_20260603_4.18,rp_NOT_give_me_the_night,HORSE_UNRESOLVED,NO_CANDIDATE_FOUND
rp_NOT_20260603_4.18,rp_NOT_kasgani,HORSE_UNRESOLVED,NO_CANDIDATE_FOUND
rp_NOT_20260603_4.18,rp_NOT_caph_star,HORSE_UNRESOLVED,NO_CANDIDATE_FOUND
rp_NOT_20260603_4.18,rp_NOT_something_splendid,HORSE_UNRESOLVED,NO_CANDIDATE_FOUND
rp_NOT_20260603_4.18,rp_NOT_orangesandlemons,HORSE_UNRESOLVED,NO_CANDIDATE_FOUND
rp_NOT_20260603_4.18,rp_NOT_star_time,HORSE_UNRESOLVED,NO_CANDIDATE_FOUND
rp_NOT_20260603_4.18,rp_NOT_abando,HORSE_UNRESOLVED,NO_CANDIDATE_FOUND
rp_NOT_20260603_4.48,rp_NOT_mudita,HORSE_UNRESOLVED,NO_CANDIDATE_FOUND
rp_NOT_20260603_4.48,rp_NOT_that_darn_cantor,HORSE_UNRESOLVED,NO_CANDIDATE_FOUND
rp_NOT_20260603_4.48,rp_NOT_unchartedterritory,HORSE_UNRESOLVED,NO_CANDIDATE_FOUND
rp_NOT_20260603_4.48,rp_NOT_midnight_rodeo,HORSE_UNRESOLVED,NO_CANDIDATE_FOUND
rp_NOT_20260603_4.48,rp_NOT_mr_bollinger,HORSE_UNRESOLVED,NO_CANDIDATE_FOUND
rp_NOT_20260603_5.18,rp_NOT_rinky_tinky_tinky,HORSE_UNRESOLVED,NO_CANDIDATE_FOUND
rp_NOT_20260603_5.18,rp_NOT_my_boy_jack,HORSE_UNRESOLVED,NO_CANDIDATE_FOUND
rp_NOT_20260603_5.18,rp_NOT_fancy_dancer,HORSE_UNRESOLVED,NO_CANDIDATE_FOUND
rp_NOT_20260603_5.18,rp_NOT_jake_loves_laura,HORSE_UNRESOLVED,NO_CANDIDATE_FOUND
rp_NOT_20260603_5.18,rp_NOT_run_this_way,HORSE_UNRESOLVED,NO_CANDIDATE_FOUND
rp_NOT_20260603_5.18,rp_NOT_may_encounter,HORSE_UNRESOLVED,NO_CANDIDATE_FOUND
rp_NOT_20260603_5.18,rp_NOT_surprise_again,HORSE_UNRESOLVED,NO_CANDIDATE_FOUND
rp_NOT_20260603_5.18,rp_NOT_tilsworth_turf,HORSE_UNRESOLVED,NO_CANDIDATE_FOUND
rp_NOT_20260603_5.18,rp_NOT_alafdhal,HORSE_UNRESOLVED,NO_CANDIDATE_FOUND
rp_RIP_20260603_6.00,rp_RIP_fantasy_force,HORSE_UNRESOLVED,NO_CANDIDATE_FOUND
rp_RIP_20260603_6.00,rp_RIP_calef,HORSE_UNRESOLVED,NO_CANDIDATE_FOUND
rp_RIP_20260603_6.00,rp_RIP_sole_ruler,HORSE_UNRESOLVED,NO_CANDIDATE_FOUND
rp_RIP_20260603_6.00,rp_RIP_spectacular_diver,HORSE_UNRESOLVED,NO_CANDIDATE_FOUND
rp_RIP_20260603_6.00,rp_RIP_dubai_champion,HORSE_UNRESOLVED,NO_CANDIDATE_FOUND
rp_RIP_20260603_6.35,rp_RIP_golden_step,HORSE_UNRESOLVED,NO_CANDIDATE_FOUND
rp_RIP_20260603_6.35,rp_RIP_joud,HORSE_UNRESOLVED,NO_CANDIDATE_FOUND
rp_RIP_20260603_6.35,rp_RIP_wootton's_gal,HORSE_UNRESOLVED,NO_CANDIDATE_FOUND
rp_RIP_20260603_7.10,rp_RIP_perfidia,HORSE_UNRESOLVED,NO_CANDIDATE_FOUND
rp_RIP_20260603_7.10,rp_RIP_travis,HORSE_UNRESOLVED,NO_CANDIDATE_FOUND
rp_RIP_20260603_7.10,rp_RIP_yafaarr,HORSE_UNRESOLVED,NO_CANDIDATE_FOUND
rp_RIP_20260603_7.10,rp_RIP_kiss_me_my_love,HORSE_UNRESOLVED,NO_CANDIDATE_FOUND
rp_RIP_20260603_7.10,rp_RIP_amidst_the_chaos,HORSE_UNRESOLVED,NO_CANDIDATE_FOUND
rp_RIP_20260603_7.10,rp_RIP_eeetee,HORSE_UNRESOLVED,NO_CANDIDATE_FOUND
rp_RIP_20260603_7.10,rp_RIP_the_childe_of_hale,HORSE_UNRESOLVED,NO_CANDIDATE_FOUND
rp_RIP_20260603_7.10,rp_RIP_superfortress,HORSE_UNRESOLVED,NO_CANDIDATE_FOUND
rp_RIP_20260603_7.10,rp_RIP_the_new_bay_pearl,HORSE_UNRESOLVED,NO_CANDIDATE_FOUND
rp_RIP_20260603_7.10,rp_RIP_havana_touch,HORSE_UNRESOLVED,NO_CANDIDATE_FOUND
rp_RIP_20260603_7.10,rp_RIP_avatar_jet,HORSE_UNRESOLVED,NO_CANDIDATE_FOUND
rp_RIP_20260603_7.42,rp_RIP_miss_willows,HORSE_UNRESOLVED,NO_CANDIDATE_FOUND
rp_RIP_20260603_7.42,rp_RIP_cairdeas,HORSE_UNRESOLVED,NO_CANDIDATE_FOUND
rp_RIP_20260603_7.42,rp_RIP_men_of_honour,HORSE_UNRESOLVED,NO_CANDIDATE_FOUND
rp_RIP_20260603_7.42,rp_RIP_keldeo,HORSE_UNRESOLVED,NO_CANDIDATE_FOUND
rp_RIP_20260603_7.42,rp_RIP_blind_beggar,HORSE_UNRESOLVED,NO_CANDIDATE_FOUND
rp_RIP_20260603_7.42,rp_RIP_beattie_is_back,HORSE_UNRESOLVED,NO_CANDIDATE_FOUND
rp_RIP_20260603_7.42,rp_RIP_fortamour,HORSE_UNRESOLVED,NO_CANDIDATE_FOUND
rp_RIP_20260603_7.42,rp_RIP_blazing_son,HORSE_UNRESOLVED,NO_CANDIDATE_FOUND
rp_RIP_20260603_7.42,rp_RIP_raft_up,HORSE_UNRESOLVED,NO_CANDIDATE_FOUND
rp_RIP_20260603_7.42,rp_RIP_william_dewhirst,HORSE_UNRESOLVED,NO_CANDIDATE_FOUND
rp_RIP_20260603_8.12,rp_RIP_high_opinion,HORSE_UNRESOLVED,NO_CANDIDATE_FOUND
rp_RIP_20260603_8.12,rp_RIP_betweenthesticks,HORSE_UNRESOLVED,NO_CANDIDATE_FOUND
rp_RIP_20260603_8.12,rp_RIP_hurt_you_never,HORSE_UNRESOLVED,NO_CANDIDATE_FOUND
rp_RIP_20260603_8.12,rp_RIP_azuinthejungle,HORSE_UNRESOLVED,NO_CANDIDATE_FOUND
rp_RIP_20260603_8.12,rp_RIP_speeding_bullet,HORSE_UNRESOLVED,NO_CANDIDATE_FOUND
rp_RIP_20260603_8.42,rp_RIP_what_fools_believe,HORSE_UNRESOLVED,NO_CANDIDATE_FOUND
rp_RIP_20260603_8.42,rp_RIP_popty_ping,HORSE_UNRESOLVED,NO_CANDIDATE_FOUND
rp_RIP_20260603_8.42,rp_RIP_talking_in_kode,HORSE_UNRESOLVED,NO_CANDIDATE_FOUND
rp_RIP_20260603_8.42,rp_RIP_cobalt_comet,HORSE_UNRESOLVED,NO_CANDIDATE_FOUND
rp_RIP_20260603_8.42,rp_RIP_deep_sleep,HORSE_UNRESOLVED,NO_CANDIDATE_FOUND
rp_SARATOGA_20260603_5.35,rp_SARATOGA_coutach,RACE_UNRESOLVED,NO_CANDIDATE_FOUND
rp_SARATOGA_20260603_5.35,rp_SARATOGA_little_trilby,RACE_UNRESOLVED,NO_CANDIDATE_FOUND
rp_SARATOGA_20260603_5.35,rp_SARATOGA_ziggle_pops,RACE_UNRESOLVED,NO_CANDIDATE_FOUND
rp_SARATOGA_20260603_5.35,rp_SARATOGA_jimmy_p,RACE_UNRESOLVED,NO_CANDIDATE_FOUND
rp_SARATOGA_20260603_5.35,rp_SARATOGA_we're_back_again,RACE_UNRESOLVED,NO_CANDIDATE_FOUND
rp_SARATOGA_20260603_5.35,rp_SARATOGA_hidden_path,RACE_UNRESOLVED,NO_CANDIDATE_FOUND
rp_SARATOGA_20260603_5.35,rp_SARATOGA_rocket_one,RACE_UNRESOLVED,NO_CANDIDATE_FOUND
rp_SARATOGA_20260603_5.35,rp_SARATOGA_mctigue,RACE_UNRESOLVED,NO_CANDIDATE_FOUND
rp_WARWICK_20260603_6.20,rp_WARWICK_garde_my_guinness,HORSE_UNRESOLVED,NO_CANDIDATE_FOUND
rp_WARWICK_20260603_6.20,rp_WARWICK_lyric,HORSE_UNRESOLVED,NO_CANDIDATE_FOUND
rp_WARWICK_20260603_6.20,rp_WARWICK_chambers,HORSE_UNRESOLVED,NO_CANDIDATE_FOUND
rp_WARWICK_20260603_6.20,rp_WARWICK_colibri_bleu,HORSE_UNRESOLVED,NO_CANDIDATE_FOUND
rp_WARWICK_20260603_6.20,rp_WARWICK_connemara_joe,HORSE_UNRESOLVED,NO_CANDIDATE_FOUND
rp_WARWICK_20260603_6.55,rp_WARWICK_spitalfield,HORSE_UNRESOLVED,NO_CANDIDATE_FOUND
rp_WARWICK_20260603_6.55,rp_WARWICK_touchwoodexpress,HORSE_UNRESOLVED,NO_CANDIDATE_FOUND
rp_WARWICK_20260603_6.55,rp_WARWICK_baltray,HORSE_UNRESOLVED,NO_CANDIDATE_FOUND
rp_WARWICK_20260603_6.55,rp_WARWICK_broadway_honey,HORSE_UNRESOLVED,NO_CANDIDATE_FOUND
rp_WARWICK_20260603_6.55,rp_WARWICK_hitthekettle,HORSE_UNRESOLVED,NO_CANDIDATE_FOUND
rp_WARWICK_20260603_6.55,rp_WARWICK_walkinthecotswolds,HORSE_UNRESOLVED,NO_CANDIDATE_FOUND
rp_WARWICK_20260603_7.30,rp_WARWICK_modern_style,HORSE_UNRESOLVED,NO_CANDIDATE_FOUND
rp_WARWICK_20260603_7.30,rp_WARWICK_midnight_view,HORSE_UNRESOLVED,NO_CANDIDATE_FOUND
rp_WARWICK_20260603_7.30,rp_WARWICK_amatchmadeinheaven,HORSE_UNRESOLVED,NO_CANDIDATE_FOUND
rp_WARWICK_20260603_8.00,rp_WARWICK_thickthorn_tom,HORSE_UNRESOLVED,NO_CANDIDATE_FOUND
rp_WARWICK_20260603_8.00,rp_WARWICK_king_of_the_story,HORSE_UNRESOLVED,NO_CANDIDATE_FOUND
rp_WARWICK_20260603_8.00,rp_WARWICK_misteroddsocks,HORSE_UNRESOLVED,NO_CANDIDATE_FOUND
rp_WARWICK_20260603_8.00,rp_WARWICK_northern_symphonie,HORSE_UNRESOLVED,NO_CANDIDATE_FOUND
rp_WARWICK_20260603_8.00,rp_WARWICK_pescatorius,HORSE_UNRESOLVED,NO_CANDIDATE_FOUND
rp_WARWICK_20260603_8.30,rp_WARWICK_granny_b,HORSE_UNRESOLVED,NO_CANDIDATE_FOUND
rp_WARWICK_20260603_8.30,rp_WARWICK_quick_of_the_night,HORSE_UNRESOLVED,NO_CANDIDATE_FOUND
rp_WARWICK_20260603_8.30,rp_WARWICK_siorai,HORSE_UNRESOLVED,NO_CANDIDATE_FOUND
rp_WARWICK_20260603_8.30,rp_WARWICK_blackwater_lilly,HORSE_UNRESOLVED,NO_CANDIDATE_FOUND
rp_WARWICK_20260603_8.30,rp_WARWICK_northern_air,HORSE_UNRESOLVED,NO_CANDIDATE_FOUND
rp_WARWICK_20260603_9.00,rp_WARWICK_bahtiyar,HORSE_UNRESOLVED,NO_CANDIDATE_FOUND
rp_WARWICK_20260603_9.00,rp_WARWICK_zestful_hope,HORSE_UNRESOLVED,NO_CANDIDATE_FOUND
rp_WARWICK_20260603_9.00,rp_WARWICK_therhythmofthenite,HORSE_UNRESOLVED,NO_CANDIDATE_FOUND
921988,5276226,RACE_UNRESOLVED,NO_CANDIDATE_FOUND
921988,3014382,RACE_UNRESOLVED,NO_CANDIDATE_FOUND
921988,5203872,RACE_UNRESOLVED,NO_CANDIDATE_FOUND
921988,3309402,RACE_UNRESOLVED,NO_CANDIDATE_FOUND
921988,6793579,RACE_UNRESOLVED,NO_CANDIDATE_FOUND
921988,4303361,RACE_UNRESOLVED,NO_CANDIDATE_FOUND
921988,4741455,RACE_UNRESOLVED,NO_CANDIDATE_FOUND
921988,6537141,RACE_UNRESOLVED,NO_CANDIDATE_FOUND
921988,5357810,RACE_UNRESOLVED,NO_CANDIDATE_FOUND
921988,7722751,RACE_UNRESOLVED,NO_CANDIDATE_FOUND
921988,5627390,RACE_UNRESOLVED,NO_CANDIDATE_FOUND
921988,5539589,RACE_UNRESOLVED,NO_CANDIDATE_FOUND
921988,7395129,RACE_UNRESOLVED,NO_CANDIDATE_FOUND
921988,4140700,RACE_UNRESOLVED,NO_CANDIDATE_FOUND
921989,6069482,RACE_UNRESOLVED,NO_CANDIDATE_FOUND
921989,6613651,RACE_UNRESOLVED,NO_CANDIDATE_FOUND
921989,7117340,RACE_UNRESOLVED,NO_CANDIDATE_FOUND
921989,7771317,RACE_UNRESOLVED,NO_CANDIDATE_FOUND
921989,7307980,RACE_UNRESOLVED,NO_CANDIDATE_FOUND
921989,6737360,RACE_UNRESOLVED,NO_CANDIDATE_FOUND
921989,5091219,RACE_UNRESOLVED,NO_CANDIDATE_FOUND
921989,6042349,RACE_UNRESOLVED,NO_CANDIDATE_FOUND
921989,7242702,RACE_UNRESOLVED,NO_CANDIDATE_FOUND
921989,6644986,RACE_UNRESOLVED,NO_CANDIDATE_FOUND
921989,6768153,RACE_UNRESOLVED,NO_CANDIDATE_FOUND
921989,6921008,RACE_UNRESOLVED,NO_CANDIDATE_FOUND
921989,7338973,RACE_UNRESOLVED,NO_CANDIDATE_FOUND
921989,5820819,RACE_UNRESOLVED,NO_CANDIDATE_FOUND
921990,3880842,RACE_UNRESOLVED,NO_CANDIDATE_FOUND
921990,4033860,RACE_UNRESOLVED,NO_CANDIDATE_FOUND
921990,5077352,RACE_UNRESOLVED,NO_CANDIDATE_FOUND
921990,4785142,RACE_UNRESOLVED,NO_CANDIDATE_FOUND
921990,5186110,RACE_UNRESOLVED,NO_CANDIDATE_FOUND
921990,6027904,RACE_UNRESOLVED,NO_CANDIDATE_FOUND
921990,4614896,RACE_UNRESOLVED,NO_CANDIDATE_FOUND
921990,8530015,RACE_UNRESOLVED,NO_CANDIDATE_FOUND
921990,4520669,RACE_UNRESOLVED,NO_CANDIDATE_FOUND
921990,3102097,RACE_UNRESOLVED,NO_CANDIDATE_FOUND
921990,8463781,RACE_UNRESOLVED,NO_CANDIDATE_FOUND
921990,6251839,RACE_UNRESOLVED,NO_CANDIDATE_FOUND
921990,9227126,RACE_UNRESOLVED,NO_CANDIDATE_FOUND
921990,7338979,RACE_UNRESOLVED,NO_CANDIDATE_FOUND
921991,3445016,RACE_UNRESOLVED,NO_CANDIDATE_FOUND
921991,5176390,RACE_UNRESOLVED,NO_CANDIDATE_FOUND
921991,5445561,RACE_UNRESOLVED,NO_CANDIDATE_FOUND
921991,3974413,RACE_UNRESOLVED,NO_CANDIDATE_FOUND
921991,5186090,RACE_UNRESOLVED,NO_CANDIDATE_FOUND
921991,5563318,RACE_UNRESOLVED,NO_CANDIDATE_FOUND
921991,5778967,RACE_UNRESOLVED,NO_CANDIDATE_FOUND
921991,5417244,RACE_UNRESOLVED,NO_CANDIDATE_FOUND
921991,6350034,RACE_UNRESOLVED,NO_CANDIDATE_FOUND
921991,7691570,RACE_UNRESOLVED,NO_CANDIDATE_FOUND
921991,8632753,RACE_UNRESOLVED,NO_CANDIDATE_FOUND
921991,6803043,RACE_UNRESOLVED,NO_CANDIDATE_FOUND
921991,7691573,RACE_UNRESOLVED,NO_CANDIDATE_FOUND
921991,7771321,RACE_UNRESOLVED,NO_CANDIDATE_FOUND
921992,6107012,RACE_UNRESOLVED,NO_CANDIDATE_FOUND
921992,7117334,RACE_UNRESOLVED,NO_CANDIDATE_FOUND
921992,5342110,RACE_UNRESOLVED,NO_CANDIDATE_FOUND
921992,5749190,RACE_UNRESOLVED,NO_CANDIDATE_FOUND
921992,7227167,RACE_UNRESOLVED,NO_CANDIDATE_FOUND
921992,7757756,RACE_UNRESOLVED,NO_CANDIDATE_FOUND
921992,8494339,RACE_UNRESOLVED,NO_CANDIDATE_FOUND
921992,8309209,RACE_UNRESOLVED,NO_CANDIDATE_FOUND
921992,8401574,RACE_UNRESOLVED,NO_CANDIDATE_FOUND
921992,3825986,RACE_UNRESOLVED,NO_CANDIDATE_FOUND
921992,5509231,RACE_UNRESOLVED,NO_CANDIDATE_FOUND
921992,9092799,RACE_UNRESOLVED,NO_CANDIDATE_FOUND
921992,6010495,RACE_UNRESOLVED,NO_CANDIDATE_FOUND
921992,8309208,RACE_UNRESOLVED,NO_CANDIDATE_FOUND
921993,4043909,RACE_UNRESOLVED,NO_CANDIDATE_FOUND
921993,4904794,RACE_UNRESOLVED,NO_CANDIDATE_FOUND
921993,4982018,RACE_UNRESOLVED,NO_CANDIDATE_FOUND
921993,8309212,RACE_UNRESOLVED,NO_CANDIDATE_FOUND
921993,5787782,RACE_UNRESOLVED,NO_CANDIDATE_FOUND
921993,6737363,RACE_UNRESOLVED,NO_CANDIDATE_FOUND
921993,5418970,RACE_UNRESOLVED,NO_CANDIDATE_FOUND
921993,4113866,RACE_UNRESOLVED,NO_CANDIDATE_FOUND
921993,8807025,RACE_UNRESOLVED,NO_CANDIDATE_FOUND
921993,8494337,RACE_UNRESOLVED,NO_CANDIDATE_FOUND
921993,5398538,RACE_UNRESOLVED,NO_CANDIDATE_FOUND
921993,6644987,RACE_UNRESOLVED,NO_CANDIDATE_FOUND
921993,9227123,RACE_UNRESOLVED,NO_CANDIDATE_FOUND
921993,7582992,RACE_UNRESOLVED,NO_CANDIDATE_FOUND
921994,2801558,RACE_UNRESOLVED,NO_CANDIDATE_FOUND
921994,3228340,RACE_UNRESOLVED,NO_CANDIDATE_FOUND
921994,3284384,RACE_UNRESOLVED,NO_CANDIDATE_FOUND
921994,6645036,RACE_UNRESOLVED,NO_CANDIDATE_FOUND
921994,5646918,RACE_UNRESOLVED,NO_CANDIDATE_FOUND
921994,6555301,RACE_UNRESOLVED,NO_CANDIDATE_FOUND
921994,7643417,RACE_UNRESOLVED,NO_CANDIDATE_FOUND
921994,5005718,RACE_UNRESOLVED,NO_CANDIDATE_FOUND
921994,8418711,RACE_UNRESOLVED,NO_CANDIDATE_FOUND
921994,6188609,RACE_UNRESOLVED,NO_CANDIDATE_FOUND
921994,6074490,RACE_UNRESOLVED,NO_CANDIDATE_FOUND
921994,58956407,RACE_UNRESOLVED,NO_CANDIDATE_FOUND
921994,7534494,RACE_UNRESOLVED,NO_CANDIDATE_FOUND
921994,7148037,RACE_UNRESOLVED,NO_CANDIDATE_FOUND
921995,6949206,RACE_UNRESOLVED,NO_CANDIDATE_FOUND
921995,4307315,RACE_UNRESOLVED,NO_CANDIDATE_FOUND
921995,5322852,RACE_UNRESOLVED,NO_CANDIDATE_FOUND
921995,5526379,RACE_UNRESOLVED,NO_CANDIDATE_FOUND
921995,8463784,RACE_UNRESOLVED,NO_CANDIDATE_FOUND
921995,4542733,RACE_UNRESOLVED,NO_CANDIDATE_FOUND
921995,5867558,RACE_UNRESOLVED,NO_CANDIDATE_FOUND
921995,5204022,RACE_UNRESOLVED,NO_CANDIDATE_FOUND
921995,6171110,RACE_UNRESOLVED,NO_CANDIDATE_FOUND
921995,4263141,RACE_UNRESOLVED,NO_CANDIDATE_FOUND
921995,5295434,RACE_UNRESOLVED,NO_CANDIDATE_FOUND
921996,3402614,RACE_UNRESOLVED,NO_CANDIDATE_FOUND
921996,6957196,RACE_UNRESOLVED,NO_CANDIDATE_FOUND
921996,7209393,RACE_UNRESOLVED,NO_CANDIDATE_FOUND
921996,5092876,RACE_UNRESOLVED,NO_CANDIDATE_FOUND
921996,6737356,RACE_UNRESOLVED,NO_CANDIDATE_FOUND
921996,6087984,RACE_UNRESOLVED,NO_CANDIDATE_FOUND
921996,8660918,RACE_UNRESOLVED,NO_CANDIDATE_FOUND
921996,7073217,RACE_UNRESOLVED,NO_CANDIDATE_FOUND
921996,7440979,RACE_UNRESOLVED,NO_CANDIDATE_FOUND
921996,5388025,RACE_UNRESOLVED,NO_CANDIDATE_FOUND
921996,7015842,RACE_UNRESOLVED,NO_CANDIDATE_FOUND
921996,5829403,RACE_UNRESOLVED,NO_CANDIDATE_FOUND
921996,7238279,RACE_UNRESOLVED,NO_CANDIDATE_FOUND
921996,6032295,RACE_UNRESOLVED,NO_CANDIDATE_FOUND
921934,3177262,RACE_UNRESOLVED,NO_CANDIDATE_FOUND
921934,7471121,RACE_UNRESOLVED,NO_CANDIDATE_FOUND
921934,5029100,RACE_UNRESOLVED,NO_CANDIDATE_FOUND
921934,5870136,RACE_UNRESOLVED,NO_CANDIDATE_FOUND
921934,2651915,RACE_UNRESOLVED,NO_CANDIDATE_FOUND
921934,3654178,RACE_UNRESOLVED,NO_CANDIDATE_FOUND
921934,3662493,RACE_UNRESOLVED,NO_CANDIDATE_FOUND
921934,7784966,RACE_UNRESOLVED,NO_CANDIDATE_FOUND
920007,9331770,HORSE_UNRESOLVED,NO_CANDIDATE_FOUND
920007,9286457,HORSE_UNRESOLVED,NO_CANDIDATE_FOUND
919998,9092927,HORSE_UNRESOLVED,NO_CANDIDATE_FOUND
920001,3523598,HORSE_UNRESOLVED,NO_CANDIDATE_FOUND
919886,3377611,HORSE_UNRESOLVED,NO_CANDIDATE_FOUND
920005,6555381,HORSE_UNRESOLVED,NO_CANDIDATE_FOUND
920006,5641189,HORSE_UNRESOLVED,NO_CANDIDATE_FOUND
920006,7551812,HORSE_UNRESOLVED,NO_CANDIDATE_FOUND
920006,8656403,HORSE_UNRESOLVED,NO_CANDIDATE_FOUND
920006,6838439,HORSE_UNRESOLVED,NO_CANDIDATE_FOUND
919999,6640468,HORSE_UNRESOLVED,NO_CANDIDATE_FOUND
919997,5069209,HORSE_UNRESOLVED,NO_CANDIDATE_FOUND
919997,5624622,HORSE_UNRESOLVED,NO_CANDIDATE_FOUND
919887,6215501,HORSE_UNRESOLVED,NO_CANDIDATE_FOUND
919887,6197911,HORSE_UNRESOLVED,NO_CANDIDATE_FOUND
920009,8397008,HORSE_UNRESOLVED,NO_CANDIDATE_FOUND
920009,7922014,HORSE_UNRESOLVED,NO_CANDIDATE_FOUND
919885,5784839,HORSE_UNRESOLVED,NO_CANDIDATE_FOUND
920004,4175322,HORSE_UNRESOLVED,NO_CANDIDATE_FOUND
920004,4932289,HORSE_UNRESOLVED,NO_CANDIDATE_FOUND
920000,3152116,HORSE_UNRESOLVED,NO_CANDIDATE_FOUND
919888,5579969,HORSE_UNRESOLVED,NO_CANDIDATE_FOUND
919888,2644707,HORSE_UNRESOLVED,NO_CANDIDATE_FOUND
920008,6829613,HORSE_UNRESOLVED,NO_CANDIDATE_FOUND
921873,9300197,HORSE_UNRESOLVED,NO_CANDIDATE_FOUND
920010,9115651,HORSE_UNRESOLVED,NO_CANDIDATE_FOUND
921874,6573381,HORSE_UNRESOLVED,NO_CANDIDATE_FOUND
919991,9331777,HORSE_UNRESOLVED,NO_CANDIDATE_FOUND
921877,7834653,HORSE_UNRESOLVED,NO_CANDIDATE_FOUND
921877,9184974,HORSE_UNRESOLVED,NO_CANDIDATE_FOUND
920420,6550754,HORSE_UNRESOLVED,NO_CANDIDATE_FOUND
919993,6442166,HORSE_UNRESOLVED,NO_CANDIDATE_FOUND
919993,6812152,HORSE_UNRESOLVED,NO_CANDIDATE_FOUND
921876,8953954,HORSE_UNRESOLVED,NO_CANDIDATE_FOUND
921878,6197938,HORSE_UNRESOLVED,NO_CANDIDATE_FOUND
919996,7183164,HORSE_UNRESOLVED,NO_CANDIDATE_FOUND
919996,6974143,HORSE_UNRESOLVED,NO_CANDIDATE_FOUND
921879,7462313,HORSE_UNRESOLVED,NO_CANDIDATE_FOUND
921879,8048364,HORSE_UNRESOLVED,NO_CANDIDATE_FOUND
921879,7708576,HORSE_UNRESOLVED,NO_CANDIDATE_FOUND
921879,8183822,HORSE_UNRESOLVED,NO_CANDIDATE_FOUND
920423,8290522,HORSE_UNRESOLVED,NO_CANDIDATE_FOUND
rp_BAT_20260605_5.00,rp_BAT_lusaka,RACE_UNRESOLVED,NO_CANDIDATE_FOUND
rp_BAT_20260605_5.00,rp_BAT_percy_jones,RACE_UNRESOLVED,NO_CANDIDATE_FOUND
rp_BAT_20260605_5.00,rp_BAT_no_more_bolero,RACE_UNRESOLVED,NO_CANDIDATE_FOUND
rp_BAT_20260605_5.00,rp_BAT_taritino,RACE_UNRESOLVED,NO_CANDIDATE_FOUND
rp_BAT_20260605_5.00,rp_BAT_kotari,RACE_UNRESOLVED,NO_CANDIDATE_FOUND
rp_BAT_20260605_5.00,rp_BAT_curran,RACE_UNRESOLVED,NO_CANDIDATE_FOUND
rp_BAT_20260605_5.00,rp_BAT_golden_garden,RACE_UNRESOLVED,NO_CANDIDATE_FOUND
rp_BAT_20260605_5.00,rp_BAT_abando,RACE_UNRESOLVED,NO_CANDIDATE_FOUND
rp_BAT_20260605_5.35,rp_BAT_bill_the_bull,RACE_UNRESOLVED,NO_CANDIDATE_FOUND
rp_BAT_20260605_5.35,rp_BAT_katie's_cavalier,RACE_UNRESOLVED,NO_CANDIDATE_FOUND
rp_BAT_20260605_5.35,rp_BAT_invincible_isaac,RACE_UNRESOLVED,NO_CANDIDATE_FOUND
rp_BAT_20260605_5.35,rp_BAT_graceful_george,RACE_UNRESOLVED,NO_CANDIDATE_FOUND
rp_BAT_20260605_5.35,rp_BAT_south_west,RACE_UNRESOLVED,NO_CANDIDATE_FOUND
rp_BAT_20260605_5.35,rp_BAT_lucky_larry,RACE_UNRESOLVED,NO_CANDIDATE_FOUND
rp_BAT_20260605_5.35,rp_BAT_texas_crown,RACE_UNRESOLVED,NO_CANDIDATE_FOUND
rp_BAT_20260605_5.35,rp_BAT_golden_oasis,RACE_UNRESOLVED,NO_CANDIDATE_FOUND
rp_BAT_20260605_5.35,rp_BAT_holi_scarlett,RACE_UNRESOLVED,NO_CANDIDATE_FOUND
rp_BAT_20260605_5.35,rp_BAT_temple_court,RACE_UNRESOLVED,NO_CANDIDATE_FOUND
rp_BAT_20260605_5.35,rp_BAT_madentine,RACE_UNRESOLVED,NO_CANDIDATE_FOUND
rp_BAT_20260605_5.35,rp_BAT_taseem,RACE_UNRESOLVED,NO_CANDIDATE_FOUND
rp_BAT_20260605_6.40,rp_BAT_emporess,RACE_UNRESOLVED,NO_CANDIDATE_FOUND
rp_BAT_20260605_6.40,rp_BAT_glamour_show,RACE_UNRESOLVED,NO_CANDIDATE_FOUND
rp_BAT_20260605_6.40,rp_BAT_the_flying_seagull,RACE_UNRESOLVED,NO_CANDIDATE_FOUND
rp_BAT_20260605_6.40,rp_BAT_lequinto,RACE_UNRESOLVED,NO_CANDIDATE_FOUND
rp_BAT_20260605_6.40,rp_BAT_tiger_tulip,RACE_UNRESOLVED,NO_CANDIDATE_FOUND
rp_BAT_20260605_6.40,rp_BAT_strike,RACE_UNRESOLVED,NO_CANDIDATE_FOUND
rp_BAT_20260605_6.40,rp_BAT_manhattan_mirage,RACE_UNRESOLVED,NO_CANDIDATE_FOUND
rp_BAT_20260605_6.40,rp_BAT_jax_edge,RACE_UNRESOLVED,NO_CANDIDATE_FOUND
rp_BAT_20260605_6.40,rp_BAT_lazzar,RACE_UNRESOLVED,NO_CANDIDATE_FOUND
rp_BAT_20260605_6.40,rp_BAT_savannah_smiles,RACE_UNRESOLVED,NO_CANDIDATE_FOUND
rp_BAT_20260605_6.05,rp_BAT_tickettothestars,RACE_UNRESOLVED,NO_CANDIDATE_FOUND
rp_BAT_20260605_6.05,rp_BAT_forever_glamorous,RACE_UNRESOLVED,NO_CANDIDATE_FOUND
rp_BAT_20260605_6.05,rp_BAT_rogue_rebellion,RACE_UNRESOLVED,NO_CANDIDATE_FOUND
rp_BAT_20260605_6.05,rp_BAT_gal,RACE_UNRESOLVED,NO_CANDIDATE_FOUND
rp_BAT_20260605_6.05,rp_BAT_miss_magic_dragon,RACE_UNRESOLVED,NO_CANDIDATE_FOUND
rp_BAT_20260605_6.05,rp_BAT_luna_beaux,RACE_UNRESOLVED,NO_CANDIDATE_FOUND
rp_BAT_20260605_6.05,rp_BAT_apex_star,RACE_UNRESOLVED,NO_CANDIDATE_FOUND
rp_BAT_20260605_6.05,rp_BAT_geemann,RACE_UNRESOLVED,NO_CANDIDATE_FOUND
rp_BAT_20260605_6.05,rp_BAT_mortubo,RACE_UNRESOLVED,NO_CANDIDATE_FOUND
rp_BAT_20260605_6.05,rp_BAT_stolen,RACE_UNRESOLVED,NO_CANDIDATE_FOUND
rp_BAT_20260605_6.05,rp_BAT_snow_day,RACE_UNRESOLVED,NO_CANDIDATE_FOUND
rp_BAT_20260605_7.15,rp_BAT_dion_baker,RACE_UNRESOLVED,NO_CANDIDATE_FOUND
rp_BAT_20260605_7.15,rp_BAT_wedgewood,RACE_UNRESOLVED,NO_CANDIDATE_FOUND
rp_BAT_20260605_7.15,rp_BAT_porfin,RACE_UNRESOLVED,NO_CANDIDATE_FOUND
rp_BAT_20260605_7.15,rp_BAT_magnificent_mel,RACE_UNRESOLVED,NO_CANDIDATE_FOUND
rp_BAT_20260605_7.15,rp_BAT_rokuni,RACE_UNRESOLVED,NO_CANDIDATE_FOUND
rp_BAT_20260605_7.15,rp_BAT_payforanother_daay,RACE_UNRESOLVED,NO_CANDIDATE_FOUND
rp_BAT_20260605_7.15,rp_BAT_jackie_brown,RACE_UNRESOLVED,NO_CANDIDATE_FOUND
rp_BAT_20260605_7.15,rp_BAT_symbol_of_hope,RACE_UNRESOLVED,NO_CANDIDATE_FOUND
rp_BAT_20260605_7.15,rp_BAT_coco_hill,RACE_UNRESOLVED,NO_CANDIDATE_FOUND
rp_BAT_20260605_8.25,rp_BAT_mali_star,RACE_UNRESOLVED,NO_CANDIDATE_FOUND
rp_BAT_20260605_8.25,rp_BAT_atalanta_mist,RACE_UNRESOLVED,NO_CANDIDATE_FOUND
rp_BAT_20260605_8.25,rp_BAT_castlekeely,RACE_UNRESOLVED,NO_CANDIDATE_FOUND
rp_BAT_20260605_8.25,rp_BAT_shirakawa,RACE_UNRESOLVED,NO_CANDIDATE_FOUND
rp_BAT_20260605_8.25,rp_BAT_elora_prince,RACE_UNRESOLVED,NO_CANDIDATE_FOUND
rp_BAT_20260605_8.25,rp_BAT_three_builders,RACE_UNRESOLVED,NO_CANDIDATE_FOUND
rp_BAT_20260605_8.25,rp_BAT_rajbello,RACE_UNRESOLVED,NO_CANDIDATE_FOUND
rp_BAT_20260605_8.25,rp_BAT_emerald_coast,RACE_UNRESOLVED,NO_CANDIDATE_FOUND
rp_BAT_20260605_8.25,rp_BAT_us_officer,RACE_UNRESOLVED,NO_CANDIDATE_FOUND
rp_BAT_20260605_8.25,rp_BAT_skyolaire,RACE_UNRESOLVED,NO_CANDIDATE_FOUND
rp_BAT_20260605_8.25,rp_BAT_ethereal_charm,RACE_UNRESOLVED,NO_CANDIDATE_FOUND
rp_BAT_20260605_8.25,rp_BAT_maryland_star,RACE_UNRESOLVED,NO_CANDIDATE_FOUND
rp_BAT_20260605_8.25,rp_BAT_new_objective,RACE_UNRESOLVED,NO_CANDIDATE_FOUND
rp_BAT_20260605_8.25,rp_BAT_a_daughters_love,RACE_UNRESOLVED,NO_CANDIDATE_FOUND
rp_BAT_20260605_9.00,rp_BAT_man_is_king,RACE_UNRESOLVED,NO_CANDIDATE_FOUND
rp_BAT_20260605_9.00,rp_BAT_moonlit_cloud,RACE_UNRESOLVED,NO_CANDIDATE_FOUND
rp_BAT_20260605_9.00,rp_BAT_nuptown_girl,RACE_UNRESOLVED,NO_CANDIDATE_FOUND
rp_BAT_20260605_9.00,rp_BAT_city_escape,RACE_UNRESOLVED,NO_CANDIDATE_FOUND
rp_BAT_20260605_9.00,rp_BAT_revich,RACE_UNRESOLVED,NO_CANDIDATE_FOUND
rp_BAT_20260605_9.00,rp_BAT_galactic_glow,RACE_UNRESOLVED,NO_CANDIDATE_FOUND
rp_BAT_20260605_9.00,rp_BAT_bobby_dassler,RACE_UNRESOLVED,NO_CANDIDATE_FOUND
rp_BAT_20260605_9.00,rp_BAT_four_fifty,RACE_UNRESOLVED,NO_CANDIDATE_FOUND
rp_BAT_20260605_9.00,rp_BAT_douglas_dc,RACE_UNRESOLVED,NO_CANDIDATE_FOUND
rp_BAT_20260605_9.00,rp_BAT_crimson_road,RACE_UNRESOLVED,NO_CANDIDATE_FOUND
rp_CLO_20260605_5.05,rp_CLO_whats_new,RACE_UNRESOLVED,NO_CANDIDATE_FOUND
rp_CLO_20260605_5.05,rp_CLO_earthwatch,RACE_UNRESOLVED,NO_CANDIDATE_FOUND
rp_CLO_20260605_5.05,rp_CLO_straightenyourhand,RACE_UNRESOLVED,NO_CANDIDATE_FOUND
rp_CLO_20260605_5.05,rp_CLO_clanokre_lass,RACE_UNRESOLVED,NO_CANDIDATE_FOUND
rp_CLO_20260605_5.05,rp_CLO_open_approach,RACE_UNRESOLVED,NO_CANDIDATE_FOUND
rp_CLO_20260605_5.05,rp_CLO_the_chancie_grey,RACE_UNRESOLVED,NO_CANDIDATE_FOUND
rp_CLO_20260605_5.05,rp_CLO_magna_gee_gee,RACE_UNRESOLVED,NO_CANDIDATE_FOUND
rp_CLO_20260605_5.05,rp_CLO_johnny_rambo,RACE_UNRESOLVED,NO_CANDIDATE_FOUND
rp_CLO_20260605_5.05,rp_CLO_nuestro_caballo,RACE_UNRESOLVED,NO_CANDIDATE_FOUND
rp_CLO_20260605_5.05,rp_CLO_the_west_a_yeats,RACE_UNRESOLVED,NO_CANDIDATE_FOUND
rp_CLO_20260605_5.05,rp_CLO_mambo_du_large,RACE_UNRESOLVED,NO_CANDIDATE_FOUND
rp_CLO_20260605_5.05,rp_CLO_dahoma,RACE_UNRESOLVED,NO_CANDIDATE_FOUND
rp_CLO_20260605_5.05,rp_CLO_laligurash,RACE_UNRESOLVED,NO_CANDIDATE_FOUND
rp_CLO_20260605_5.05,rp_CLO_william_f_browne,RACE_UNRESOLVED,NO_CANDIDATE_FOUND
rp_CLO_20260605_5.05,rp_CLO_shakita,RACE_UNRESOLVED,NO_CANDIDATE_FOUND
rp_CLO_20260605_5.05,rp_CLO_mirfaq,RACE_UNRESOLVED,NO_CANDIDATE_FOUND
rp_CLO_20260605_5.05,rp_CLO_stone_rulya,RACE_UNRESOLVED,NO_CANDIDATE_FOUND
rp_CLO_20260605_5.40,rp_CLO_benzine,RACE_UNRESOLVED,NO_CANDIDATE_FOUND
rp_CLO_20260605_5.40,rp_CLO_hatfield_hammer,RACE_UNRESOLVED,NO_CANDIDATE_FOUND
rp_CLO_20260605_5.40,rp_CLO_tingarran_express,RACE_UNRESOLVED,NO_CANDIDATE_FOUND
rp_CLO_20260605_5.40,rp_CLO_small_bucks,RACE_UNRESOLVED,NO_CANDIDATE_FOUND
rp_CLO_20260605_5.40,rp_CLO_mon_sheriffe,RACE_UNRESOLVED,NO_CANDIDATE_FOUND
rp_CLO_20260605_5.40,rp_CLO_urban_war,RACE_UNRESOLVED,NO_CANDIDATE_FOUND
rp_CLO_20260605_5.40,rp_CLO_gentle_annie,RACE_UNRESOLVED,NO_CANDIDATE_FOUND
rp_CLO_20260605_5.40,rp_CLO_marlpark,RACE_UNRESOLVED,NO_CANDIDATE_FOUND
rp_CLO_20260605_5.40,rp_CLO_dontdooddson,RACE_UNRESOLVED,NO_CANDIDATE_FOUND
rp_CLO_20260605_5.40,rp_CLO_gino_bella,RACE_UNRESOLVED,NO_CANDIDATE_FOUND
rp_CLO_20260605_5.40,rp_CLO_ishan,RACE_UNRESOLVED,NO_CANDIDATE_FOUND
rp_CLO_20260605_5.40,rp_CLO_max_meridius,RACE_UNRESOLVED,NO_CANDIDATE_FOUND
rp_CLO_20260605_5.40,rp_CLO_frontier_rose,RACE_UNRESOLVED,NO_CANDIDATE_FOUND
rp_CLO_20260605_5.40,rp_CLO_boogie_inthejungle,RACE_UNRESOLVED,NO_CANDIDATE_FOUND
rp_CLO_20260605_5.40,rp_CLO_theanniversary_man,RACE_UNRESOLVED,NO_CANDIDATE_FOUND
rp_CLO_20260605_5.40,rp_CLO_timurshah,RACE_UNRESOLVED,NO_CANDIDATE_FOUND
rp_CLO_20260605_5.40,rp_CLO_keep_it_together,RACE_UNRESOLVED,NO_CANDIDATE_FOUND
rp_DON_20260605_8.05,rp_DON_kats_bob,RACE_UNRESOLVED,NO_CANDIDATE_FOUND
rp_DON_20260605_8.05,rp_DON_novello_lad,RACE_UNRESOLVED,NO_CANDIDATE_FOUND
rp_DON_20260605_8.05,rp_DON_american_style,RACE_UNRESOLVED,NO_CANDIDATE_FOUND
rp_DON_20260605_8.05,rp_DON_photosynthesis,RACE_UNRESOLVED,NO_CANDIDATE_FOUND
rp_DON_20260605_8.05,rp_DON_betties_bay,RACE_UNRESOLVED,NO_CANDIDATE_FOUND
rp_DON_20260605_8.05,rp_DON_papa_cocktail,RACE_UNRESOLVED,NO_CANDIDATE_FOUND
rp_DON_20260605_8.05,rp_DON_bright,RACE_UNRESOLVED,NO_CANDIDATE_FOUND
rp_DON_20260605_8.05,rp_DON_mythical_phoenix,RACE_UNRESOLVED,NO_CANDIDATE_FOUND
rp_DON_20260605_8.05,rp_DON_lord_bertie,RACE_UNRESOLVED,NO_CANDIDATE_FOUND
rp_DON_20260605_8.05,rp_DON_tough_enough,RACE_UNRESOLVED,NO_CANDIDATE_FOUND
rp_DON_20260605_8.05,rp_DON_alondra,RACE_UNRESOLVED,NO_CANDIDATE_FOUND
rp_DON_20260605_8.05,rp_DON_media_darling,RACE_UNRESOLVED,NO_CANDIDATE_FOUND
rp_DON_20260605_8.05,rp_DON_misunderstood,RACE_UNRESOLVED,NO_CANDIDATE_FOUND
rp_DON_20260605_8.05,rp_DON_smart_vision,RACE_UNRESOLVED,NO_CANDIDATE_FOUND
rp_CLO_20260605_6.45,rp_CLO_in_the_trenches,RACE_UNRESOLVED,NO_CANDIDATE_FOUND
rp_CLO_20260605_6.45,rp_CLO_this_songisforyou,RACE_UNRESOLVED,NO_CANDIDATE_FOUND
rp_CLO_20260605_6.45,rp_CLO_market_ready,RACE_UNRESOLVED,NO_CANDIDATE_FOUND
rp_CLO_20260605_6.45,rp_CLO_welcome_back,RACE_UNRESOLVED,NO_CANDIDATE_FOUND
rp_CLO_20260605_6.45,rp_CLO_holy_joe,RACE_UNRESOLVED,NO_CANDIDATE_FOUND
rp_CLO_20260605_6.45,rp_CLO_it's_all_clear,RACE_UNRESOLVED,NO_CANDIDATE_FOUND
rp_CLO_20260605_6.45,rp_CLO_quest_with_copper,RACE_UNRESOLVED,NO_CANDIDATE_FOUND
rp_CLO_20260605_6.45,rp_CLO_riverstown_boy,RACE_UNRESOLVED,NO_CANDIDATE_FOUND
rp_CLO_20260605_6.45,rp_CLO_whoyougonnacall,RACE_UNRESOLVED,NO_CANDIDATE_FOUND
rp_CLO_20260605_6.45,rp_CLO_care_to_differ,RACE_UNRESOLVED,NO_CANDIDATE_FOUND
rp_CLO_20260605_6.45,rp_CLO_thetwocharlies,RACE_UNRESOLVED,NO_CANDIDATE_FOUND
rp_CLO_20260605_6.45,rp_CLO_slowdownbarney,RACE_UNRESOLVED,NO_CANDIDATE_FOUND
rp_CLO_20260605_6.45,rp_CLO_it's_time_to_leave,RACE_UNRESOLVED,NO_CANDIDATE_FOUND
rp_CLO_20260605_6.45,rp_CLO_china_grill,RACE_UNRESOLVED,NO_CANDIDATE_FOUND
rp_CLO_20260605_6.45,rp_CLO_secret_order,RACE_UNRESOLVED,NO_CANDIDATE_FOUND
rp_CLO_20260605_7.20,rp_CLO_farren_glory,RACE_UNRESOLVED,NO_CANDIDATE_FOUND
rp_CLO_20260605_7.20,rp_CLO_mighty_tom,RACE_UNRESOLVED,NO_CANDIDATE_FOUND
rp_CLO_20260605_7.20,rp_CLO_king_of_kingsfield,RACE_UNRESOLVED,NO_CANDIDATE_FOUND
rp_CLO_20260605_7.20,rp_CLO_thecompanysergeant,RACE_UNRESOLVED,NO_CANDIDATE_FOUND
rp_CLO_20260605_7.20,rp_CLO_encanto_bruno,RACE_UNRESOLVED,NO_CANDIDATE_FOUND
rp_CLO_20260605_7.20,rp_CLO_crohan_lady,RACE_UNRESOLVED,NO_CANDIDATE_FOUND
rp_CLO_20260605_7.55,rp_CLO_le_diablo,RACE_UNRESOLVED,NO_CANDIDATE_FOUND
rp_CLO_20260605_7.55,rp_CLO_coded_welder,RACE_UNRESOLVED,NO_CANDIDATE_FOUND
rp_CLO_20260605_7.55,rp_CLO_stonecarthy,RACE_UNRESOLVED,NO_CANDIDATE_FOUND
rp_CLO_20260605_7.55,rp_CLO_hidalgo_des_mottes,RACE_UNRESOLVED,NO_CANDIDATE_FOUND
rp_CLO_20260605_7.55,rp_CLO_global_skies,RACE_UNRESOLVED,NO_CANDIDATE_FOUND
rp_CLO_20260605_7.55,rp_CLO_takarengo,RACE_UNRESOLVED,NO_CANDIDATE_FOUND
rp_CLO_20260605_7.55,rp_CLO_speakasyoufind,RACE_UNRESOLVED,NO_CANDIDATE_FOUND
rp_CLO_20260605_7.55,rp_CLO_inthenickoftime,RACE_UNRESOLVED,NO_CANDIDATE_FOUND
rp_CLO_20260605_7.55,rp_CLO_the_monkey_pole,RACE_UNRESOLVED,NO_CANDIDATE_FOUND
rp_CLO_20260605_7.55,rp_CLO_penny_jar,RACE_UNRESOLVED,NO_CANDIDATE_FOUND
rp_CLO_20260605_7.55,rp_CLO_stumblin_in,RACE_UNRESOLVED,NO_CANDIDATE_FOUND
rp_CLO_20260605_7.55,rp_CLO_boujee,RACE_UNRESOLVED,NO_CANDIDATE_FOUND
rp_CLO_20260605_7.55,rp_CLO_ned_in_the_park,RACE_UNRESOLVED,NO_CANDIDATE_FOUND
rp_CLO_20260605_7.55,rp_CLO_in_for_the_night,RACE_UNRESOLVED,NO_CANDIDATE_FOUND
rp_CLO_20260605_7.55,rp_CLO_portarlington,RACE_UNRESOLVED,NO_CANDIDATE_FOUND
rp_CLO_20260605_7.55,rp_CLO_mister_vic,RACE_UNRESOLVED,NO_CANDIDATE_FOUND
rp_CLO_20260605_7.55,rp_CLO_churchwarden,RACE_UNRESOLVED,NO_CANDIDATE_FOUND
rp_CLO_20260605_8.30,rp_CLO_zolpharine,RACE_UNRESOLVED,NO_CANDIDATE_FOUND
rp_CLO_20260605_8.30,rp_CLO_where_are_you_now,RACE_UNRESOLVED,NO_CANDIDATE_FOUND
rp_CLO_20260605_8.30,rp_CLO_love_like_this,RACE_UNRESOLVED,NO_CANDIDATE_FOUND
rp_CLO_20260605_8.30,rp_CLO_oogum_boogum,RACE_UNRESOLVED,NO_CANDIDATE_FOUND
rp_CLO_20260605_8.30,rp_CLO_three_county_star,RACE_UNRESOLVED,NO_CANDIDATE_FOUND
rp_CLO_20260605_8.30,rp_CLO_spellacy's_cross,RACE_UNRESOLVED,NO_CANDIDATE_FOUND
rp_CLO_20260605_8.30,rp_CLO_queen_kulina,RACE_UNRESOLVED,NO_CANDIDATE_FOUND
rp_CLO_20260605_8.30,rp_CLO_sallap,RACE_UNRESOLVED,NO_CANDIDATE_FOUND
rp_CLO_20260605_8.30,rp_CLO_miss_donna,RACE_UNRESOLVED,NO_CANDIDATE_FOUND
rp_CLO_20260605_8.30,rp_CLO_nashville_notions,RACE_UNRESOLVED,NO_CANDIDATE_FOUND
rp_CLO_20260605_8.30,rp_CLO_last_note,RACE_UNRESOLVED,NO_CANDIDATE_FOUND
rp_CLO_20260605_8.30,rp_CLO_cullig,RACE_UNRESOLVED,NO_CANDIDATE_FOUND
rp_CLO_20260605_8.30,rp_CLO_lily_milan,RACE_UNRESOLVED,NO_CANDIDATE_FOUND
rp_CLO_20260605_8.30,rp_CLO_it's_time_again,RACE_UNRESOLVED,NO_CANDIDATE_FOUND
rp_CLO_20260605_8.30,rp_CLO_rizedda,RACE_UNRESOLVED,NO_CANDIDATE_FOUND
rp_CLO_20260605_8.30,rp_CLO_fire_coral,RACE_UNRESOLVED,NO_CANDIDATE_FOUND
rp_CLO_20260605_8.30,rp_CLO_thewaybackhome,RACE_UNRESOLVED,NO_CANDIDATE_FOUND
rp_CLO_20260605_8.30,rp_CLO_appian_way,RACE_UNRESOLVED,NO_CANDIDATE_FOUND
rp_CLO_20260605_8.30,rp_CLO_whoswhointhezoo,RACE_UNRESOLVED,NO_CANDIDATE_FOUND
rp_DON_20260605_5.10,rp_DON_the_ubermensch,RACE_UNRESOLVED,NO_CANDIDATE_FOUND
rp_DON_20260605_5.10,rp_DON_division_day,RACE_UNRESOLVED,NO_CANDIDATE_FOUND
rp_DON_20260605_5.10,rp_DON_it's_only_fun,RACE_UNRESOLVED,NO_CANDIDATE_FOUND
rp_DON_20260605_5.10,rp_DON_sweet_kiss,RACE_UNRESOLVED,NO_CANDIDATE_FOUND
rp_DON_20260605_5.10,rp_DON_letmeseethecolts,RACE_UNRESOLVED,NO_CANDIDATE_FOUND
rp_DON_20260605_5.10,rp_DON_muhib,RACE_UNRESOLVED,NO_CANDIDATE_FOUND
rp_DON_20260605_5.10,rp_DON_animato,RACE_UNRESOLVED,NO_CANDIDATE_FOUND
rp_DON_20260605_5.45,rp_DON_my_mate_roger,RACE_UNRESOLVED,NO_CANDIDATE_FOUND
rp_DON_20260605_5.45,rp_DON_harmonics,RACE_UNRESOLVED,NO_CANDIDATE_FOUND
rp_DON_20260605_5.45,rp_DON_cliff_danger,RACE_UNRESOLVED,NO_CANDIDATE_FOUND
rp_DON_20260605_5.45,rp_DON_le_morbihan,RACE_UNRESOLVED,NO_CANDIDATE_FOUND
rp_DON_20260605_5.45,rp_DON_ingemar,RACE_UNRESOLVED,NO_CANDIDATE_FOUND
rp_DON_20260605_5.45,rp_DON_hawksworth,RACE_UNRESOLVED,NO_CANDIDATE_FOUND
rp_DON_20260605_5.45,rp_DON_i_got_rhythm,RACE_UNRESOLVED,NO_CANDIDATE_FOUND
rp_DON_20260605_5.45,rp_DON_annahita,RACE_UNRESOLVED,NO_CANDIDATE_FOUND
rp_DON_20260605_5.45,rp_DON_west_sleekburn_lad,RACE_UNRESOLVED,NO_CANDIDATE_FOUND
rp_DON_20260605_6.20,rp_DON_ruler_of_time,RACE_UNRESOLVED,NO_CANDIDATE_FOUND
rp_DON_20260605_6.20,rp_DON_seet,RACE_UNRESOLVED,NO_CANDIDATE_FOUND
rp_DON_20260605_6.20,rp_DON_upper_east,RACE_UNRESOLVED,NO_CANDIDATE_FOUND
rp_DON_20260605_6.20,rp_DON_master_of_delphi,RACE_UNRESOLVED,NO_CANDIDATE_FOUND
rp_DON_20260605_6.20,rp_DON_impierious,RACE_UNRESOLVED,NO_CANDIDATE_FOUND
rp_DON_20260605_6.20,rp_DON_forever_endless,RACE_UNRESOLVED,NO_CANDIDATE_FOUND
rp_DON_20260605_6.55,rp_DON_king's_cavalry,RACE_UNRESOLVED,NO_CANDIDATE_FOUND
rp_DON_20260605_6.55,rp_DON_french_affair,RACE_UNRESOLVED,NO_CANDIDATE_FOUND
rp_DON_20260605_6.55,rp_DON_toastmaster,RACE_UNRESOLVED,NO_CANDIDATE_FOUND
rp_DON_20260605_6.55,rp_DON_peel_park,RACE_UNRESOLVED,NO_CANDIDATE_FOUND
rp_DON_20260605_6.55,rp_DON_valpovo,RACE_UNRESOLVED,NO_CANDIDATE_FOUND
rp_DON_20260605_6.55,rp_DON_thunder_call,RACE_UNRESOLVED,NO_CANDIDATE_FOUND
rp_DON_20260605_6.55,rp_DON_king's_trust,RACE_UNRESOLVED,NO_CANDIDATE_FOUND
rp_DON_20260605_6.55,rp_DON_blakefell,RACE_UNRESOLVED,NO_CANDIDATE_FOUND
rp_DON_20260605_6.55,rp_DON_rogue_messiah,RACE_UNRESOLVED,NO_CANDIDATE_FOUND
rp_DON_20260605_6.55,rp_DON_sanaam,RACE_UNRESOLVED,NO_CANDIDATE_FOUND
rp_DON_20260605_6.55,rp_DON_illy's_roo,RACE_UNRESOLVED,NO_CANDIDATE_FOUND
rp_DON_20260605_6.55,rp_DON_night_patrol,RACE_UNRESOLVED,NO_CANDIDATE_FOUND
rp_DON_20260605_7.30,rp_DON_sailthisshipalone,RACE_UNRESOLVED,NO_CANDIDATE_FOUND
rp_DON_20260605_7.30,rp_DON_it'sneverjustone,RACE_UNRESOLVED,NO_CANDIDATE_FOUND
rp_DON_20260605_7.30,rp_DON_intrusively,RACE_UNRESOLVED,NO_CANDIDATE_FOUND
rp_DON_20260605_7.30,rp_DON_canvas,RACE_UNRESOLVED,NO_CANDIDATE_FOUND
rp_DON_20260605_7.30,rp_DON_tilted_kilt,RACE_UNRESOLVED,NO_CANDIDATE_FOUND
rp_DON_20260605_7.30,rp_DON_mr_mistoffelees,RACE_UNRESOLVED,NO_CANDIDATE_FOUND
rp_DON_20260605_7.30,rp_DON_cavolo_nero,RACE_UNRESOLVED,NO_CANDIDATE_FOUND
rp_DON_20260605_7.30,rp_DON_miletus,RACE_UNRESOLVED,NO_CANDIDATE_FOUND
rp_DON_20260605_7.30,rp_DON_rumba_numba,RACE_UNRESOLVED,NO_CANDIDATE_FOUND
rp_DON_20260605_7.30,rp_DON_talis_evolvere,RACE_UNRESOLVED,NO_CANDIDATE_FOUND
rp_DON_20260605_7.30,rp_DON_bowood,RACE_UNRESOLVED,NO_CANDIDATE_FOUND
rp_DON_20260605_7.30,rp_DON_city_of_kings,RACE_UNRESOLVED,NO_CANDIDATE_FOUND
rp_DON_20260605_7.30,rp_DON_cadarn,RACE_UNRESOLVED,NO_CANDIDATE_FOUND
rp_DON_20260605_8.40,rp_DON_faeberon,RACE_UNRESOLVED,NO_CANDIDATE_FOUND
rp_DON_20260605_8.40,rp_DON_battosai,RACE_UNRESOLVED,NO_CANDIDATE_FOUND
rp_DON_20260605_8.40,rp_DON_madjid,RACE_UNRESOLVED,NO_CANDIDATE_FOUND
rp_DON_20260605_8.40,rp_DON_domination,RACE_UNRESOLVED,NO_CANDIDATE_FOUND
rp_DON_20260605_8.40,rp_DON_dryburgh,RACE_UNRESOLVED,NO_CANDIDATE_FOUND
rp_DON_20260605_8.40,rp_DON_howsham,RACE_UNRESOLVED,NO_CANDIDATE_FOUND
rp_DON_20260605_8.40,rp_DON_aerial_silk,RACE_UNRESOLVED,NO_CANDIDATE_FOUND
rp_DON_20260605_8.40,rp_DON_filly_eilish,RACE_UNRESOLVED,NO_CANDIDATE_FOUND
rp_DON_20260605_8.40,rp_DON_turtle_reef,RACE_UNRESOLVED,NO_CANDIDATE_FOUND
rp_DON_20260605_8.40,rp_DON_attention_seeker,RACE_UNRESOLVED,NO_CANDIDATE_FOUND
rp_EPS_20260605_1.30,rp_EPS_naana's_shadow,RACE_UNRESOLVED,NO_CANDIDATE_FOUND
rp_EPS_20260605_1.30,rp_EPS_coyy,RACE_UNRESOLVED,NO_CANDIDATE_FOUND
rp_EPS_20260605_1.30,rp_EPS_alfa_duplicate,RACE_UNRESOLVED,NO_CANDIDATE_FOUND
rp_EPS_20260605_1.30,rp_EPS_one_and_gone,RACE_UNRESOLVED,NO_CANDIDATE_FOUND
rp_EPS_20260605_1.30,rp_EPS_proof,RACE_UNRESOLVED,NO_CANDIDATE_FOUND
rp_EPS_20260605_1.30,rp_EPS_hanney_girl,RACE_UNRESOLVED,NO_CANDIDATE_FOUND
rp_EPS_20260605_1.30,rp_EPS_call_margot,RACE_UNRESOLVED,NO_CANDIDATE_FOUND
rp_EPS_20260605_1.30,rp_EPS_riley_rocks,RACE_UNRESOLVED,NO_CANDIDATE_FOUND
rp_EPS_20260605_1.30,rp_EPS_henrythenate,RACE_UNRESOLVED,NO_CANDIDATE_FOUND
rp_EPS_20260605_1.30,rp_EPS_shes_got_a_brother,RACE_UNRESOLVED,NO_CANDIDATE_FOUND
rp_EPS_20260605_1.30,rp_EPS_artista,RACE_UNRESOLVED,NO_CANDIDATE_FOUND
rp_EPS_20260605_1.30,rp_EPS_chairmanfourtimes,RACE_UNRESOLVED,NO_CANDIDATE_FOUND
rp_EPS_20260605_1.30,rp_EPS_wedonttelllies,RACE_UNRESOLVED,NO_CANDIDATE_FOUND
rp_EPS_20260605_1.30,rp_EPS_temple_of_athena,RACE_UNRESOLVED,NO_CANDIDATE_FOUND
rp_EPS_20260605_1.30,rp_EPS_u_s_s_charleston,RACE_UNRESOLVED,NO_CANDIDATE_FOUND
rp_EPS_20260605_1.30,rp_EPS_rosie_frith,RACE_UNRESOLVED,NO_CANDIDATE_FOUND
rp_EPS_20260605_2.05,rp_EPS_hickory_lad,RACE_UNRESOLVED,NO_CANDIDATE_FOUND
rp_EPS_20260605_2.05,rp_EPS_possessive,RACE_UNRESOLVED,NO_CANDIDATE_FOUND
rp_EPS_20260605_2.05,rp_EPS_rlasthope,RACE_UNRESOLVED,NO_CANDIDATE_FOUND
rp_EPS_20260605_2.05,rp_EPS_havana_flash,RACE_UNRESOLVED,NO_CANDIDATE_FOUND
rp_EPS_20260605_2.05,rp_EPS_dandyman_dan,RACE_UNRESOLVED,NO_CANDIDATE_FOUND
rp_EPS_20260605_2.05,rp_EPS_wild_terrain,RACE_UNRESOLVED,NO_CANDIDATE_FOUND
rp_EPS_20260605_2.05,rp_EPS_ardad_steve,RACE_UNRESOLVED,NO_CANDIDATE_FOUND
rp_EPS_20260605_2.05,rp_EPS_social_spirit,RACE_UNRESOLVED,NO_CANDIDATE_FOUND
rp_EPS_20260605_2.05,rp_EPS_the_bookkeeper,RACE_UNRESOLVED,NO_CANDIDATE_FOUND
rp_EPS_20260605_2.05,rp_EPS_romidijo,RACE_UNRESOLVED,NO_CANDIDATE_FOUND
rp_EPS_20260605_2.05,rp_EPS_alpe_d'huez,RACE_UNRESOLVED,NO_CANDIDATE_FOUND
rp_EPS_20260605_2.05,rp_EPS_el_lambo,RACE_UNRESOLVED,NO_CANDIDATE_FOUND
rp_EPS_20260605_2.05,rp_EPS_time_and_effort,RACE_UNRESOLVED,NO_CANDIDATE_FOUND
rp_EPS_20260605_2.40,rp_EPS_boiling_point,RACE_UNRESOLVED,NO_CANDIDATE_FOUND
rp_EPS_20260605_2.40,rp_EPS_persica,RACE_UNRESOLVED,NO_CANDIDATE_FOUND
rp_EPS_20260605_2.40,rp_EPS_seagulls_eleven,RACE_UNRESOLVED,NO_CANDIDATE_FOUND
rp_EPS_20260605_2.40,rp_EPS_ice_max,RACE_UNRESOLVED,NO_CANDIDATE_FOUND
rp_EPS_20260605_2.40,rp_EPS_chancellor,RACE_UNRESOLVED,NO_CANDIDATE_FOUND
rp_EPS_20260605_2.40,rp_EPS_qirat,RACE_UNRESOLVED,NO_CANDIDATE_FOUND
rp_EPS_20260605_2.40,rp_EPS_skukuza,RACE_UNRESOLVED,NO_CANDIDATE_FOUND
rp_EPS_20260605_2.40,rp_EPS_royal_playwright,RACE_UNRESOLVED,NO_CANDIDATE_FOUND
rp_EPS_20260605_3.15,rp_EPS_sallaal,RACE_UNRESOLVED,NO_CANDIDATE_FOUND
rp_EPS_20260605_3.15,rp_EPS_alpha_crucis,RACE_UNRESOLVED,NO_CANDIDATE_FOUND
rp_EPS_20260605_3.15,rp_EPS_hand_of_god,RACE_UNRESOLVED,NO_CANDIDATE_FOUND
rp_EPS_20260605_3.15,rp_EPS_tycoon,RACE_UNRESOLVED,NO_CANDIDATE_FOUND
rp_EPS_20260605_3.15,rp_EPS_spoken_truth,RACE_UNRESOLVED,NO_CANDIDATE_FOUND
rp_EPS_20260605_3.15,rp_EPS_ammes,RACE_UNRESOLVED,NO_CANDIDATE_FOUND
rp_EPS_20260605_3.15,rp_EPS_respond,RACE_UNRESOLVED,NO_CANDIDATE_FOUND
rp_EPS_20260605_3.15,rp_EPS_quai_de_bethune,RACE_UNRESOLVED,NO_CANDIDATE_FOUND
rp_EPS_20260605_3.15,rp_EPS_auld_toon_loon,RACE_UNRESOLVED,NO_CANDIDATE_FOUND
rp_EPS_20260605_3.15,rp_EPS_have_secret,RACE_UNRESOLVED,NO_CANDIDATE_FOUND
rp_EPS_20260605_3.15,rp_EPS_let's_dream,RACE_UNRESOLVED,NO_CANDIDATE_FOUND
rp_EPS_20260605_3.15,rp_EPS_liberty_lane,RACE_UNRESOLVED,NO_CANDIDATE_FOUND
rp_EPS_20260605_3.15,rp_EPS_beylerbeyi,RACE_UNRESOLVED,NO_CANDIDATE_FOUND
rp_EPS_20260605_3.15,rp_EPS_bolster,RACE_UNRESOLVED,NO_CANDIDATE_FOUND
rp_EPS_20260605_3.15,rp_EPS_great_david,RACE_UNRESOLVED,NO_CANDIDATE_FOUND
rp_EPS_20260605_3.15,rp_EPS_dhahabi,RACE_UNRESOLVED,NO_CANDIDATE_FOUND
rp_EPS_20260605_3.15,rp_EPS_king's_code,RACE_UNRESOLVED,NO_CANDIDATE_FOUND
rp_GOO_20260605_5.25,rp_GOO_bizou,RACE_UNRESOLVED,NO_CANDIDATE_FOUND
rp_GOO_20260605_5.25,rp_GOO_look_back_smiling,RACE_UNRESOLVED,NO_CANDIDATE_FOUND
rp_GOO_20260605_5.25,rp_GOO_tilani,RACE_UNRESOLVED,NO_CANDIDATE_FOUND
rp_GOO_20260605_5.25,rp_GOO_platinum_prince,RACE_UNRESOLVED,NO_CANDIDATE_FOUND
rp_GOO_20260605_5.25,rp_GOO_pay_attention,RACE_UNRESOLVED,NO_CANDIDATE_FOUND
rp_GOO_20260605_5.25,rp_GOO_trooper,RACE_UNRESOLVED,NO_CANDIDATE_FOUND
rp_GOO_20260605_5.25,rp_GOO_oman,RACE_UNRESOLVED,NO_CANDIDATE_FOUND
rp_GOO_20260605_5.25,rp_GOO_perfect_scoundrel,RACE_UNRESOLVED,NO_CANDIDATE_FOUND
rp_GOO_20260605_5.25,rp_GOO_somkiyr,RACE_UNRESOLVED,NO_CANDIDATE_FOUND
rp_EPS_20260605_4.00,rp_EPS_legacy_link,RACE_UNRESOLVED,NO_CANDIDATE_FOUND
rp_EPS_20260605_4.00,rp_EPS_venetian_lace,RACE_UNRESOLVED,NO_CANDIDATE_FOUND
rp_EPS_20260605_4.00,rp_EPS_thundering_on,RACE_UNRESOLVED,NO_CANDIDATE_FOUND
rp_EPS_20260605_4.00,rp_EPS_cameo,RACE_UNRESOLVED,NO_CANDIDATE_FOUND
rp_EPS_20260605_4.00,rp_EPS_k_sarra,RACE_UNRESOLVED,NO_CANDIDATE_FOUND
rp_EPS_20260605_4.00,rp_EPS_amelia_earhart,RACE_UNRESOLVED,NO_CANDIDATE_FOUND
rp_EPS_20260605_4.00,rp_EPS_sugar_island,RACE_UNRESOLVED,NO_CANDIDATE_FOUND
rp_EPS_20260605_4.00,rp_EPS_a_la_prochaine,RACE_UNRESOLVED,NO_CANDIDATE_FOUND
rp_EPS_20260605_4.00,rp_EPS_on_message,RACE_UNRESOLVED,NO_CANDIDATE_FOUND
rp_EPS_20260605_4.40,rp_EPS_asmen_warrior,RACE_UNRESOLVED,NO_CANDIDATE_FOUND
rp_EPS_20260605_4.40,rp_EPS_principality,RACE_UNRESOLVED,NO_CANDIDATE_FOUND
rp_EPS_20260605_4.40,rp_EPS_ozat,RACE_UNRESOLVED,NO_CANDIDATE_FOUND
rp_EPS_20260605_4.40,rp_EPS_bragbor,RACE_UNRESOLVED,NO_CANDIDATE_FOUND
rp_EPS_20260605_4.40,rp_EPS_mr_swivell,RACE_UNRESOLVED,NO_CANDIDATE_FOUND
rp_EPS_20260605_4.40,rp_EPS_thunder_roar,RACE_UNRESOLVED,NO_CANDIDATE_FOUND
rp_EPS_20260605_4.40,rp_EPS_mister_winston,RACE_UNRESOLVED,NO_CANDIDATE_FOUND
rp_EPS_20260605_4.40,rp_EPS_mirsky,RACE_UNRESOLVED,NO_CANDIDATE_FOUND
rp_EPS_20260605_4.40,rp_EPS_celeborn,RACE_UNRESOLVED,NO_CANDIDATE_FOUND
rp_EPS_20260605_4.40,rp_EPS_walsingham,RACE_UNRESOLVED,NO_CANDIDATE_FOUND
rp_EPS_20260605_4.40,rp_EPS_man_of_la_mancha,RACE_UNRESOLVED,NO_CANDIDATE_FOUND
rp_EPS_20260605_4.40,rp_EPS_stem,RACE_UNRESOLVED,NO_CANDIDATE_FOUND
rp_EPS_20260605_4.40,rp_EPS_popmaster,RACE_UNRESOLVED,NO_CANDIDATE_FOUND
rp_EPS_20260605_4.40,rp_EPS_hot_cash,RACE_UNRESOLVED,NO_CANDIDATE_FOUND
rp_EPS_20260605_4.40,rp_EPS_final_night,RACE_UNRESOLVED,NO_CANDIDATE_FOUND
rp_EPS_20260605_4.40,rp_EPS_sterling_knight,RACE_UNRESOLVED,NO_CANDIDATE_FOUND
rp_EPS_20260605_4.40,rp_EPS_jimmy_speaking,RACE_UNRESOLVED,NO_CANDIDATE_FOUND
rp_EPS_20260605_4.40,rp_EPS_nizam,RACE_UNRESOLVED,NO_CANDIDATE_FOUND
rp_EPS_20260605_5.15,rp_EPS_stellar_sunrise,RACE_UNRESOLVED,NO_CANDIDATE_FOUND
rp_EPS_20260605_5.15,rp_EPS_greek_mythology,RACE_UNRESOLVED,NO_CANDIDATE_FOUND
rp_EPS_20260605_5.15,rp_EPS_ten_carat_harry,RACE_UNRESOLVED,NO_CANDIDATE_FOUND
rp_EPS_20260605_5.15,rp_EPS_awaken,RACE_UNRESOLVED,NO_CANDIDATE_FOUND
rp_EPS_20260605_5.15,rp_EPS_ardisia,RACE_UNRESOLVED,NO_CANDIDATE_FOUND
rp_EPS_20260605_5.15,rp_EPS_postmodern,RACE_UNRESOLVED,NO_CANDIDATE_FOUND
rp_EPS_20260605_5.15,rp_EPS_ellusive_butterfly,RACE_UNRESOLVED,NO_CANDIDATE_FOUND
rp_EPS_20260605_5.15,rp_EPS_northern_champion,RACE_UNRESOLVED,NO_CANDIDATE_FOUND
rp_EPS_20260605_5.15,rp_EPS_assaranca,RACE_UNRESOLVED,NO_CANDIDATE_FOUND
rp_EPS_20260605_5.50,rp_EPS_dance_in_the_storm,RACE_UNRESOLVED,NO_CANDIDATE_FOUND
rp_EPS_20260605_5.50,rp_EPS_rhoscolyn,RACE_UNRESOLVED,NO_CANDIDATE_FOUND
rp_EPS_20260605_5.50,rp_EPS_son,RACE_UNRESOLVED,NO_CANDIDATE_FOUND
rp_EPS_20260605_5.50,rp_EPS_arctic_thunder,RACE_UNRESOLVED,NO_CANDIDATE_FOUND
rp_EPS_20260605_5.50,rp_EPS_zarathos,RACE_UNRESOLVED,NO_CANDIDATE_FOUND
rp_EPS_20260605_5.50,rp_EPS_crimson_spirit,RACE_UNRESOLVED,NO_CANDIDATE_FOUND
rp_EPS_20260605_5.50,rp_EPS_the_angel_king,RACE_UNRESOLVED,NO_CANDIDATE_FOUND
rp_EPS_20260605_5.50,rp_EPS_pietro,RACE_UNRESOLVED,NO_CANDIDATE_FOUND
rp_EPS_20260605_5.50,rp_EPS_mister_bluebird,RACE_UNRESOLVED,NO_CANDIDATE_FOUND
rp_EPS_20260605_5.50,rp_EPS_veblen_good,RACE_UNRESOLVED,NO_CANDIDATE_FOUND
rp_EPS_20260605_5.50,rp_EPS_aurora_majesty,RACE_UNRESOLVED,NO_CANDIDATE_FOUND
rp_EPS_20260605_5.50,rp_EPS_a_war_eagle,RACE_UNRESOLVED,NO_CANDIDATE_FOUND
rp_EPS_20260605_5.50,rp_EPS_musical_angel,RACE_UNRESOLVED,NO_CANDIDATE_FOUND
rp_EPS_20260605_5.50,rp_EPS_monarch's_gold,RACE_UNRESOLVED,NO_CANDIDATE_FOUND
rp_EPS_20260605_5.50,rp_EPS_colombier,RACE_UNRESOLVED,NO_CANDIDATE_FOUND
rp_EPS_20260605_5.50,rp_EPS_sunny_smile,RACE_UNRESOLVED,NO_CANDIDATE_FOUND
rp_FAI_20260605_4.20,rp_FAI_florida_bay,RACE_UNRESOLVED,NO_CANDIDATE_FOUND
rp_FAI_20260605_4.20,rp_FAI_dancing_destiny,RACE_UNRESOLVED,NO_CANDIDATE_FOUND
rp_FAI_20260605_4.20,rp_FAI_telegraph_road,RACE_UNRESOLVED,NO_CANDIDATE_FOUND
rp_FAI_20260605_4.20,rp_FAI_apollo's_comet,RACE_UNRESOLVED,NO_CANDIDATE_FOUND
rp_FAI_20260605_4.20,rp_FAI_always_magic,RACE_UNRESOLVED,NO_CANDIDATE_FOUND
rp_FAI_20260605_4.20,rp_FAI_my_antonio,RACE_UNRESOLVED,NO_CANDIDATE_FOUND
rp_FAI_20260605_4.20,rp_FAI_tina_tereshkova,RACE_UNRESOLVED,NO_CANDIDATE_FOUND
rp_FAI_20260605_4.20,rp_FAI_blitogue,RACE_UNRESOLVED,NO_CANDIDATE_FOUND
rp_FAI_20260605_4.20,rp_FAI_mudyrk,RACE_UNRESOLVED,NO_CANDIDATE_FOUND
rp_FAI_20260605_4.55,rp_FAI_al_haarith,RACE_UNRESOLVED,NO_CANDIDATE_FOUND
rp_FAI_20260605_4.55,rp_FAI_suspicious_mindz,RACE_UNRESOLVED,NO_CANDIDATE_FOUND
rp_FAI_20260605_4.55,rp_FAI_solana_beach,RACE_UNRESOLVED,NO_CANDIDATE_FOUND
rp_FAI_20260605_4.55,rp_FAI_zenford,RACE_UNRESOLVED,NO_CANDIDATE_FOUND
rp_FAI_20260605_4.55,rp_FAI_oro_blanco,RACE_UNRESOLVED,NO_CANDIDATE_FOUND
rp_FAI_20260605_4.55,rp_FAI_krasimir,RACE_UNRESOLVED,NO_CANDIDATE_FOUND
rp_FAI_20260605_4.55,rp_FAI_green_amoro,RACE_UNRESOLVED,NO_CANDIDATE_FOUND
rp_FAI_20260605_4.55,rp_FAI_sands_castle,RACE_UNRESOLVED,NO_CANDIDATE_FOUND
rp_FAI_20260605_4.55,rp_FAI_elusive_path,RACE_UNRESOLVED,NO_CANDIDATE_FOUND
rp_FAI_20260605_4.55,rp_FAI_coney_major,RACE_UNRESOLVED,NO_CANDIDATE_FOUND
rp_FAI_20260605_4.55,rp_FAI_thumama_sands,RACE_UNRESOLVED,NO_CANDIDATE_FOUND
rp_FAI_20260605_4.55,rp_FAI_capall_cuain,RACE_UNRESOLVED,NO_CANDIDATE_FOUND
rp_FAI_20260605_4.55,rp_FAI_motta_alta,RACE_UNRESOLVED,NO_CANDIDATE_FOUND
rp_FAI_20260605_4.55,rp_FAI_ocean_echo,RACE_UNRESOLVED,NO_CANDIDATE_FOUND
rp_FAI_20260605_4.55,rp_FAI_due_in_june,RACE_UNRESOLVED,NO_CANDIDATE_FOUND
rp_FAI_20260605_4.55,rp_FAI_hope_n_pray,RACE_UNRESOLVED,NO_CANDIDATE_FOUND
rp_FAI_20260605_4.55,rp_FAI_roman_sands,RACE_UNRESOLVED,NO_CANDIDATE_FOUND
rp_FAI_20260605_5.30,rp_FAI_ocean's_breath,RACE_UNRESOLVED,NO_CANDIDATE_FOUND
rp_FAI_20260605_5.30,rp_FAI_substance,RACE_UNRESOLVED,NO_CANDIDATE_FOUND
rp_FAI_20260605_5.30,rp_FAI_county_carlow,RACE_UNRESOLVED,NO_CANDIDATE_FOUND
rp_FAI_20260605_5.30,rp_FAI_morehampton,RACE_UNRESOLVED,NO_CANDIDATE_FOUND
rp_FAI_20260605_5.30,rp_FAI_breaking_dawn,RACE_UNRESOLVED,NO_CANDIDATE_FOUND
rp_FAI_20260605_5.30,rp_FAI_kindergarten,RACE_UNRESOLVED,NO_CANDIDATE_FOUND
rp_FAI_20260605_5.30,rp_FAI_luna_mia,RACE_UNRESOLVED,NO_CANDIDATE_FOUND
rp_FAI_20260605_6.00,rp_FAI_gazelle_d'or,RACE_UNRESOLVED,NO_CANDIDATE_FOUND
rp_FAI_20260605_6.00,rp_FAI_tango_flare,RACE_UNRESOLVED,NO_CANDIDATE_FOUND
rp_FAI_20260605_6.00,rp_FAI_little_queenie,RACE_UNRESOLVED,NO_CANDIDATE_FOUND
rp_FAI_20260605_6.00,rp_FAI_howd'yadoit,RACE_UNRESOLVED,NO_CANDIDATE_FOUND
rp_FAI_20260605_6.00,rp_FAI_she's_too_kool,RACE_UNRESOLVED,NO_CANDIDATE_FOUND
rp_FAI_20260605_6.00,rp_FAI_tina's_indian,RACE_UNRESOLVED,NO_CANDIDATE_FOUND
rp_FAI_20260605_6.00,rp_FAI_alibah,RACE_UNRESOLVED,NO_CANDIDATE_FOUND
rp_FAI_20260605_6.34,rp_FAI_whatswrongnow,RACE_UNRESOLVED,NO_CANDIDATE_FOUND
rp_FAI_20260605_6.34,rp_FAI_i'm_spartacus,RACE_UNRESOLVED,NO_CANDIDATE_FOUND
rp_FAI_20260605_6.34,rp_FAI_sunday_sovereign,RACE_UNRESOLVED,NO_CANDIDATE_FOUND
rp_FAI_20260605_6.34,rp_FAI_reponse_finale,RACE_UNRESOLVED,NO_CANDIDATE_FOUND
rp_FAI_20260605_6.34,rp_FAI_verhoyen,RACE_UNRESOLVED,NO_CANDIDATE_FOUND
rp_FAI_20260605_6.34,rp_FAI_jampa_ling,RACE_UNRESOLVED,NO_CANDIDATE_FOUND
rp_FAI_20260605_6.34,rp_FAI_unfamiliar,RACE_UNRESOLVED,NO_CANDIDATE_FOUND
rp_FAI_20260605_6.34,rp_FAI_platino_bianco,RACE_UNRESOLVED,NO_CANDIDATE_FOUND
rp_FAI_20260605_6.34,rp_FAI_sovereign_banter,RACE_UNRESOLVED,NO_CANDIDATE_FOUND
rp_FAI_20260605_6.34,rp_FAI_skillman_ave,RACE_UNRESOLVED,NO_CANDIDATE_FOUND
rp_FAI_20260605_6.34,rp_FAI_glen_breeze,RACE_UNRESOLVED,NO_CANDIDATE_FOUND
rp_FAI_20260605_6.34,rp_FAI_luminessa,RACE_UNRESOLVED,NO_CANDIDATE_FOUND
rp_FAI_20260605_6.34,rp_FAI_andosky,RACE_UNRESOLVED,NO_CANDIDATE_FOUND
rp_FAI_20260605_6.34,rp_FAI_la_la_lucrative,RACE_UNRESOLVED,NO_CANDIDATE_FOUND
rp_FAI_20260605_6.34,rp_FAI_monastere,RACE_UNRESOLVED,NO_CANDIDATE_FOUND
rp_FAI_20260605_6.34,rp_FAI_livingston_range,RACE_UNRESOLVED,NO_CANDIDATE_FOUND
rp_FAI_20260605_6.34,rp_FAI_polar_bear,RACE_UNRESOLVED,NO_CANDIDATE_FOUND
rp_FAI_20260605_6.34,rp_FAI_subiaco,RACE_UNRESOLVED,NO_CANDIDATE_FOUND
rp_FAI_20260605_6.34,rp_FAI_mini_cotai,RACE_UNRESOLVED,NO_CANDIDATE_FOUND
rp_FAI_20260605_6.34,rp_FAI_oitentinha,RACE_UNRESOLVED,NO_CANDIDATE_FOUND
rp_FAI_20260605_6.34,rp_FAI_bel_espoir,RACE_UNRESOLVED,NO_CANDIDATE_FOUND
rp_FAI_20260605_7.09,rp_FAI_big_cypress,RACE_UNRESOLVED,NO_CANDIDATE_FOUND
rp_FAI_20260605_7.09,rp_FAI_pierre_grosse,RACE_UNRESOLVED,NO_CANDIDATE_FOUND
rp_FAI_20260605_7.09,rp_FAI_trustmore,RACE_UNRESOLVED,NO_CANDIDATE_FOUND
rp_FAI_20260605_7.09,rp_FAI_antigua,RACE_UNRESOLVED,NO_CANDIDATE_FOUND
rp_FAI_20260605_7.09,rp_FAI_noble_honour,RACE_UNRESOLVED,NO_CANDIDATE_FOUND
rp_FAI_20260605_7.09,rp_FAI_noble_venture,RACE_UNRESOLVED,NO_CANDIDATE_FOUND
rp_FAI_20260605_7.09,rp_FAI_giordano,RACE_UNRESOLVED,NO_CANDIDATE_FOUND
rp_FAI_20260605_7.09,rp_FAI_shewillow,RACE_UNRESOLVED,NO_CANDIDATE_FOUND
rp_FAI_20260605_7.09,rp_FAI_satisfy_my_soul,RACE_UNRESOLVED,NO_CANDIDATE_FOUND
rp_FAI_20260605_7.09,rp_FAI_tanzanite_diamond,RACE_UNRESOLVED,NO_CANDIDATE_FOUND
rp_FAI_20260605_7.09,rp_FAI_dun_aonghasa,RACE_UNRESOLVED,NO_CANDIDATE_FOUND
rp_FAI_20260605_7.09,rp_FAI_hydream,RACE_UNRESOLVED,NO_CANDIDATE_FOUND
rp_FAI_20260605_7.09,rp_FAI_elzaam_express,RACE_UNRESOLVED,NO_CANDIDATE_FOUND
rp_FAI_20260605_7.44,rp_FAI_amavasya,RACE_UNRESOLVED,NO_CANDIDATE_FOUND
rp_FAI_20260605_7.44,rp_FAI_sweet_baby_zou,RACE_UNRESOLVED,NO_CANDIDATE_FOUND
rp_FAI_20260605_7.44,rp_FAI_thegooseiscooked,RACE_UNRESOLVED,NO_CANDIDATE_FOUND
rp_FAI_20260605_7.44,rp_FAI_master_garvey,RACE_UNRESOLVED,NO_CANDIDATE_FOUND
rp_FAI_20260605_7.44,rp_FAI_cuckaloo_hill,RACE_UNRESOLVED,NO_CANDIDATE_FOUND
rp_FAI_20260605_7.44,rp_FAI_kilgharrahs_love,RACE_UNRESOLVED,NO_CANDIDATE_FOUND
rp_FAI_20260605_7.44,rp_FAI_hiltons_pass,RACE_UNRESOLVED,NO_CANDIDATE_FOUND
rp_FAI_20260605_7.44,rp_FAI_barretstown,RACE_UNRESOLVED,NO_CANDIDATE_FOUND
rp_FAI_20260605_7.44,rp_FAI_onyeisi,RACE_UNRESOLVED,NO_CANDIDATE_FOUND
rp_FAI_20260605_7.44,rp_FAI_tara_na_ri,RACE_UNRESOLVED,NO_CANDIDATE_FOUND
rp_FAI_20260605_7.44,rp_FAI_captain_ciano,RACE_UNRESOLVED,NO_CANDIDATE_FOUND
rp_FAI_20260605_7.44,rp_FAI_she's_ideal,RACE_UNRESOLVED,NO_CANDIDATE_FOUND
rp_FAI_20260605_7.44,rp_FAI_medieval_night,RACE_UNRESOLVED,NO_CANDIDATE_FOUND
rp_FAI_20260605_7.44,rp_FAI_lust,RACE_UNRESOLVED,NO_CANDIDATE_FOUND
rp_FAI_20260605_7.44,rp_FAI_ella's_gold,RACE_UNRESOLVED,NO_CANDIDATE_FOUND
rp_FAI_20260605_7.44,rp_FAI_coul_dore,RACE_UNRESOLVED,NO_CANDIDATE_FOUND
rp_GOO_20260605_5.55,rp_GOO_matilda_joslyngage,RACE_UNRESOLVED,NO_CANDIDATE_FOUND
rp_GOO_20260605_5.55,rp_GOO_venetian_gold,RACE_UNRESOLVED,NO_CANDIDATE_FOUND
rp_GOO_20260605_5.55,rp_GOO_afraj,RACE_UNRESOLVED,NO_CANDIDATE_FOUND
rp_GOO_20260605_5.55,rp_GOO_poddle_park,RACE_UNRESOLVED,NO_CANDIDATE_FOUND
rp_GOO_20260605_5.55,rp_GOO_miss_guinevere,RACE_UNRESOLVED,NO_CANDIDATE_FOUND
rp_GOO_20260605_5.55,rp_GOO_living_in_hope,RACE_UNRESOLVED,NO_CANDIDATE_FOUND
rp_GOO_20260605_5.55,rp_GOO_blue_birdie,RACE_UNRESOLVED,NO_CANDIDATE_FOUND
rp_GOO_20260605_6.27,rp_GOO_insuspense,RACE_UNRESOLVED,NO_CANDIDATE_FOUND
rp_GOO_20260605_6.27,rp_GOO_rye,RACE_UNRESOLVED,NO_CANDIDATE_FOUND
rp_GOO_20260605_6.27,rp_GOO_magna,RACE_UNRESOLVED,NO_CANDIDATE_FOUND
rp_GOO_20260605_6.27,rp_GOO_land_of_magic,RACE_UNRESOLVED,NO_CANDIDATE_FOUND
rp_GOO_20260605_6.27,rp_GOO_moostar,RACE_UNRESOLVED,NO_CANDIDATE_FOUND
rp_GOO_20260605_6.27,rp_GOO_twirler,RACE_UNRESOLVED,NO_CANDIDATE_FOUND
rp_GOO_20260605_6.27,rp_GOO_midnight_call,RACE_UNRESOLVED,NO_CANDIDATE_FOUND
rp_GOO_20260605_6.27,rp_GOO_cameley_days,RACE_UNRESOLVED,NO_CANDIDATE_FOUND
rp_GOO_20260605_6.27,rp_GOO_thunderous_love,RACE_UNRESOLVED,NO_CANDIDATE_FOUND
rp_GOO_20260605_6.27,rp_GOO_addarella,RACE_UNRESOLVED,NO_CANDIDATE_FOUND
rp_GOO_20260605_7.02,rp_GOO_ice_cube,RACE_UNRESOLVED,NO_CANDIDATE_FOUND
rp_GOO_20260605_7.02,rp_GOO_twilight_glow,RACE_UNRESOLVED,NO_CANDIDATE_FOUND
rp_GOO_20260605_7.02,rp_GOO_chelio,RACE_UNRESOLVED,NO_CANDIDATE_FOUND
rp_GOO_20260605_7.02,rp_GOO_miss_lady_grace,RACE_UNRESOLVED,NO_CANDIDATE_FOUND
rp_GOO_20260605_7.02,rp_GOO_ahead_of_fashion,RACE_UNRESOLVED,NO_CANDIDATE_FOUND
rp_GOO_20260605_7.02,rp_GOO_fanjove,RACE_UNRESOLVED,NO_CANDIDATE_FOUND
rp_GOO_20260605_7.02,rp_GOO_feisty_minx,RACE_UNRESOLVED,NO_CANDIDATE_FOUND
rp_GOO_20260605_7.02,rp_GOO_perfect_location,RACE_UNRESOLVED,NO_CANDIDATE_FOUND
rp_GOO_20260605_7.02,rp_GOO_irish_fusilier,RACE_UNRESOLVED,NO_CANDIDATE_FOUND
rp_GOO_20260605_7.37,rp_GOO_asteverdi,RACE_UNRESOLVED,NO_CANDIDATE_FOUND
rp_GOO_20260605_7.37,rp_GOO_cristo,RACE_UNRESOLVED,NO_CANDIDATE_FOUND
rp_GOO_20260605_7.37,rp_GOO_silca_bay,RACE_UNRESOLVED,NO_CANDIDATE_FOUND
rp_GOO_20260605_7.37,rp_GOO_port_erin,RACE_UNRESOLVED,NO_CANDIDATE_FOUND
rp_GOO_20260605_7.37,rp_GOO_rising_force,RACE_UNRESOLVED,NO_CANDIDATE_FOUND
rp_GOO_20260605_7.37,rp_GOO_jakarta,RACE_UNRESOLVED,NO_CANDIDATE_FOUND
rp_GOO_20260605_7.37,rp_GOO_city_of_god,RACE_UNRESOLVED,NO_CANDIDATE_FOUND
rp_GOO_20260605_7.37,rp_GOO_ararat,RACE_UNRESOLVED,NO_CANDIDATE_FOUND
rp_GOO_20260605_7.37,rp_GOO_canopus,RACE_UNRESOLVED,NO_CANDIDATE_FOUND
rp_GOO_20260605_8.12,rp_GOO_dancing_tiger,RACE_UNRESOLVED,NO_CANDIDATE_FOUND
rp_GOO_20260605_8.12,rp_GOO_salamanca_city,RACE_UNRESOLVED,NO_CANDIDATE_FOUND
rp_GOO_20260605_8.12,rp_GOO_adjuvant,RACE_UNRESOLVED,NO_CANDIDATE_FOUND
rp_GOO_20260605_8.12,rp_GOO_tiger,RACE_UNRESOLVED,NO_CANDIDATE_FOUND
rp_GOO_20260605_8.12,rp_GOO_love_is_golden,RACE_UNRESOLVED,NO_CANDIDATE_FOUND
rp_GOO_20260605_8.12,rp_GOO_sixpack,RACE_UNRESOLVED,NO_CANDIDATE_FOUND
rp_GOO_20260605_8.12,rp_GOO_must_believe,RACE_UNRESOLVED,NO_CANDIDATE_FOUND
rp_GOO_20260605_8.12,rp_GOO_renesmee,RACE_UNRESOLVED,NO_CANDIDATE_FOUND
rp_GOO_20260605_8.12,rp_GOO_arthur's_realm,RACE_UNRESOLVED,NO_CANDIDATE_FOUND
rp_MUS_20260605_1.50,rp_MUS_cascade_hall,RACE_UNRESOLVED,NO_CANDIDATE_FOUND
rp_MUS_20260605_1.50,rp_MUS_elemental_eye,RACE_UNRESOLVED,NO_CANDIDATE_FOUND
rp_MUS_20260605_1.50,rp_MUS_kisiyra,RACE_UNRESOLVED,NO_CANDIDATE_FOUND
rp_MUS_20260605_1.50,rp_MUS_simple_star,RACE_UNRESOLVED,NO_CANDIDATE_FOUND
rp_MUS_20260605_1.50,rp_MUS_velvet_whisper,RACE_UNRESOLVED,NO_CANDIDATE_FOUND
rp_MUS_20260605_1.50,rp_MUS_spit_spot,RACE_UNRESOLVED,NO_CANDIDATE_FOUND
rp_MUS_20260605_1.50,rp_MUS_star_of_markinch,RACE_UNRESOLVED,NO_CANDIDATE_FOUND
rp_MUS_20260605_2.25,rp_MUS_time_for_the_moon,RACE_UNRESOLVED,NO_CANDIDATE_FOUND
rp_MUS_20260605_2.25,rp_MUS_tribal_appearance,RACE_UNRESOLVED,NO_CANDIDATE_FOUND
rp_MUS_20260605_2.25,rp_MUS_heldobeldo,RACE_UNRESOLVED,NO_CANDIDATE_FOUND
rp_MUS_20260605_2.25,rp_MUS_mr_minz,RACE_UNRESOLVED,NO_CANDIDATE_FOUND
rp_MUS_20260605_2.25,rp_MUS_odegaard,RACE_UNRESOLVED,NO_CANDIDATE_FOUND
rp_MUS_20260605_2.25,rp_MUS_amantha,RACE_UNRESOLVED,NO_CANDIDATE_FOUND
rp_MUS_20260605_3.00,rp_MUS_sandy_craic,RACE_UNRESOLVED,NO_CANDIDATE_FOUND
rp_MUS_20260605_3.00,rp_MUS_maximum_velocity,RACE_UNRESOLVED,NO_CANDIDATE_FOUND
rp_MUS_20260605_3.00,rp_MUS_the_anthony_gover,RACE_UNRESOLVED,NO_CANDIDATE_FOUND
rp_MUS_20260605_3.00,rp_MUS_stoic_poet,RACE_UNRESOLVED,NO_CANDIDATE_FOUND
rp_MUS_20260605_3.00,rp_MUS_homestrait,RACE_UNRESOLVED,NO_CANDIDATE_FOUND
rp_MUS_20260605_3.00,rp_MUS_walk_on_walk_on,RACE_UNRESOLVED,NO_CANDIDATE_FOUND
rp_MUS_20260605_3.00,rp_MUS_born_a_star,RACE_UNRESOLVED,NO_CANDIDATE_FOUND
rp_MUS_20260605_3.00,rp_MUS_yorkshire_queen,RACE_UNRESOLVED,NO_CANDIDATE_FOUND
rp_MUS_20260605_3.00,rp_MUS_wise_crack,RACE_UNRESOLVED,NO_CANDIDATE_FOUND
rp_MUS_20260605_3.00,rp_MUS_highland_shah,RACE_UNRESOLVED,NO_CANDIDATE_FOUND
rp_MUS_20260605_3.40,rp_MUS_amidst_the_chaos,RACE_UNRESOLVED,NO_CANDIDATE_FOUND
rp_MUS_20260605_3.40,rp_MUS_starliner,RACE_UNRESOLVED,NO_CANDIDATE_FOUND
rp_MUS_20260605_3.40,rp_MUS_union_island,RACE_UNRESOLVED,NO_CANDIDATE_FOUND
rp_MUS_20260605_3.40,rp_MUS_poet's_dawn,RACE_UNRESOLVED,NO_CANDIDATE_FOUND
rp_MUS_20260605_3.40,rp_MUS_detective,RACE_UNRESOLVED,NO_CANDIDATE_FOUND
rp_MUS_20260605_3.40,rp_MUS_mayor_of_maghera,RACE_UNRESOLVED,NO_CANDIDATE_FOUND
rp_MUS_20260605_3.40,rp_MUS_dingwall,RACE_UNRESOLVED,NO_CANDIDATE_FOUND
rp_MUS_20260605_3.40,rp_MUS_motawaared,RACE_UNRESOLVED,NO_CANDIDATE_FOUND
rp_MUS_20260605_4.15,rp_MUS_tiva,RACE_UNRESOLVED,NO_CANDIDATE_FOUND
rp_MUS_20260605_4.15,rp_MUS_right_and_exact,RACE_UNRESOLVED,NO_CANDIDATE_FOUND
rp_MUS_20260605_4.15,rp_MUS_woohoo,RACE_UNRESOLVED,NO_CANDIDATE_FOUND
rp_MUS_20260605_4.15,rp_MUS_miss_brazen,RACE_UNRESOLVED,NO_CANDIDATE_FOUND
rp_MUS_20260605_4.15,rp_MUS_little_mi_mi,RACE_UNRESOLVED,NO_CANDIDATE_FOUND
rp_MUS_20260605_4.15,rp_MUS_i'm_next,RACE_UNRESOLVED,NO_CANDIDATE_FOUND
rp_MUS_20260605_4.15,rp_MUS_curious_rover,RACE_UNRESOLVED,NO_CANDIDATE_FOUND
rp_MUS_20260605_4.15,rp_MUS_lion's_house,RACE_UNRESOLVED,NO_CANDIDATE_FOUND
rp_MUS_20260605_4.50,rp_MUS_lope_y_linda,RACE_UNRESOLVED,NO_CANDIDATE_FOUND
rp_MUS_20260605_4.50,rp_MUS_mereside_princess,RACE_UNRESOLVED,NO_CANDIDATE_FOUND
rp_MUS_20260605_4.50,rp_MUS_royal_baroness,RACE_UNRESOLVED,NO_CANDIDATE_FOUND
rp_MUS_20260605_4.50,rp_MUS_saxon_gem,RACE_UNRESOLVED,NO_CANDIDATE_FOUND
rp_MUS_20260605_4.50,rp_MUS_bobbys_pride,RACE_UNRESOLVED,NO_CANDIDATE_FOUND
rp_MUS_20260605_4.50,rp_MUS_longevity,RACE_UNRESOLVED,NO_CANDIDATE_FOUND
rp_SARATOGA_20260605_10.08,rp_SARATOGA_always_a_runner,RACE_UNRESOLVED,NO_CANDIDATE_FOUND
rp_SARATOGA_20260605_10.08,rp_SARATOGA_meaning,RACE_UNRESOLVED,NO_CANDIDATE_FOUND
rp_SARATOGA_20260605_10.08,rp_SARATOGA_prom_queen,RACE_UNRESOLVED,NO_CANDIDATE_FOUND
rp_SARATOGA_20260605_10.08,rp_SARATOGA_counting_stars,RACE_UNRESOLVED,NO_CANDIDATE_FOUND
rp_SARATOGA_20260605_10.08,rp_SARATOGA_maximum_offer,RACE_UNRESOLVED,NO_CANDIDATE_FOUND
rp_SARATOGA_20260605_10.46,rp_SARATOGA_gezora,RACE_UNRESOLVED,NO_CANDIDATE_FOUND
rp_SARATOGA_20260605_10.46,rp_SARATOGA_kathynmarissa,RACE_UNRESOLVED,NO_CANDIDATE_FOUND
rp_SARATOGA_20260605_10.46,rp_SARATOGA_portfolio_duration,RACE_UNRESOLVED,NO_CANDIDATE_FOUND
rp_SARATOGA_20260605_10.46,rp_SARATOGA_city_girl,RACE_UNRESOLVED,NO_CANDIDATE_FOUND
rp_SARATOGA_20260605_10.46,rp_SARATOGA_laurelin,RACE_UNRESOLVED,NO_CANDIDATE_FOUND
rp_SARATOGA_20260605_10.46,rp_SARATOGA_cankoura,RACE_UNRESOLVED,NO_CANDIDATE_FOUND
rp_SARATOGA_20260605_10.46,rp_SARATOGA_speed_shopper,RACE_UNRESOLVED,NO_CANDIDATE_FOUND
rp_SARATOGA_20260605_10.46,rp_SARATOGA_bellezza,RACE_UNRESOLVED,NO_CANDIDATE_FOUND
rp_SARATOGA_20260605_10.46,rp_SARATOGA_pretty_picture,RACE_UNRESOLVED,NO_CANDIDATE_FOUND
rp_SARATOGA_20260605_11.25,rp_SARATOGA_nitrogen,RACE_UNRESOLVED,NO_CANDIDATE_FOUND
rp_SARATOGA_20260605_11.25,rp_SARATOGA_fully_subscribed,RACE_UNRESOLVED,NO_CANDIDATE_FOUND
rp_SARATOGA_20260605_11.25,rp_SARATOGA_alpine_princess,RACE_UNRESOLVED,NO_CANDIDATE_FOUND
rp_SARATOGA_20260605_11.25,rp_SARATOGA_regaled,RACE_UNRESOLVED,NO_CANDIDATE_FOUND
rp_SARATOGA_20260605_11.25,rp_SARATOGA_bless_the_broken,RACE_UNRESOLVED,NO_CANDIDATE_FOUND
rp_SARATOGA_20260605_11.25,rp_SARATOGA_cassiar,RACE_UNRESOLVED,NO_CANDIDATE_FOUND
rp_THI_20260605_1.40,rp_THI_eagle_bay,RACE_UNRESOLVED,NO_CANDIDATE_FOUND
rp_THI_20260605_1.40,rp_THI_ma_leila,RACE_UNRESOLVED,NO_CANDIDATE_FOUND
rp_THI_20260605_1.40,rp_THI_revolutionelle,RACE_UNRESOLVED,NO_CANDIDATE_FOUND
rp_THI_20260605_1.40,rp_THI_rake_lane,RACE_UNRESOLVED,NO_CANDIDATE_FOUND
rp_THI_20260605_1.40,rp_THI_circle_of_trust,RACE_UNRESOLVED,NO_CANDIDATE_FOUND
rp_THI_20260605_1.40,rp_THI_ice_show,RACE_UNRESOLVED,NO_CANDIDATE_FOUND
rp_THI_20260605_1.40,rp_THI_soda,RACE_UNRESOLVED,NO_CANDIDATE_FOUND
rp_THI_20260605_1.40,rp_THI_kyrenia,RACE_UNRESOLVED,NO_CANDIDATE_FOUND
rp_THI_20260605_1.40,rp_THI_brash,RACE_UNRESOLVED,NO_CANDIDATE_FOUND
rp_THI_20260605_1.40,rp_THI_dolly_golightly,RACE_UNRESOLVED,NO_CANDIDATE_FOUND
rp_THI_20260605_2.50,rp_THI_keep_the_gold,RACE_UNRESOLVED,NO_CANDIDATE_FOUND
rp_THI_20260605_2.50,rp_THI_miss_rainbow,RACE_UNRESOLVED,NO_CANDIDATE_FOUND
rp_THI_20260605_2.50,rp_THI_irish_dancer,RACE_UNRESOLVED,NO_CANDIDATE_FOUND
rp_THI_20260605_2.50,rp_THI_beerwah,RACE_UNRESOLVED,NO_CANDIDATE_FOUND
rp_THI_20260605_2.50,rp_THI_toptime,RACE_UNRESOLVED,NO_CANDIDATE_FOUND
rp_THI_20260605_2.50,rp_THI_zuffolo,RACE_UNRESOLVED,NO_CANDIDATE_FOUND
rp_THI_20260605_2.50,rp_THI_without_flaw,RACE_UNRESOLVED,NO_CANDIDATE_FOUND
rp_THI_20260605_2.50,rp_THI_kyber_crystal,RACE_UNRESOLVED,NO_CANDIDATE_FOUND
rp_THI_20260605_2.50,rp_THI_invincible_crown,RACE_UNRESOLVED,NO_CANDIDATE_FOUND
rp_THI_20260605_2.50,rp_THI_aurora's_doublesix,RACE_UNRESOLVED,NO_CANDIDATE_FOUND
rp_THI_20260605_2.50,rp_THI_harry_mole,RACE_UNRESOLVED,NO_CANDIDATE_FOUND
rp_THI_20260605_2.50,rp_THI_ninety_nine,RACE_UNRESOLVED,NO_CANDIDATE_FOUND
rp_THI_20260605_3.30,rp_THI_sherlock,RACE_UNRESOLVED,NO_CANDIDATE_FOUND
rp_THI_20260605_3.30,rp_THI_fan_mail,RACE_UNRESOLVED,NO_CANDIDATE_FOUND
rp_THI_20260605_3.30,rp_THI_taygar,RACE_UNRESOLVED,NO_CANDIDATE_FOUND
rp_THI_20260605_3.30,rp_THI_imperial_guard,RACE_UNRESOLVED,NO_CANDIDATE_FOUND
rp_THI_20260605_3.30,rp_THI_elvetham,RACE_UNRESOLVED,NO_CANDIDATE_FOUND
rp_THI_20260605_3.30,rp_THI_teddy_shaw,RACE_UNRESOLVED,NO_CANDIDATE_FOUND
rp_THI_20260605_3.30,rp_THI_annie_edson_taylor,RACE_UNRESOLVED,NO_CANDIDATE_FOUND
rp_THI_20260605_3.30,rp_THI_east_tyrone,RACE_UNRESOLVED,NO_CANDIDATE_FOUND
rp_THI_20260605_3.30,rp_THI_woodhay_whisper,RACE_UNRESOLVED,NO_CANDIDATE_FOUND
rp_THI_20260605_3.30,rp_THI_bibendum,RACE_UNRESOLVED,NO_CANDIDATE_FOUND
rp_THI_20260605_3.30,rp_THI_kitaab,RACE_UNRESOLVED,NO_CANDIDATE_FOUND
rp_THI_20260605_4.10,rp_THI_king_of_berkshire,RACE_UNRESOLVED,NO_CANDIDATE_FOUND
rp_THI_20260605_4.10,rp_THI_forever_perfect,RACE_UNRESOLVED,NO_CANDIDATE_FOUND
rp_THI_20260605_4.10,rp_THI_myrrh,RACE_UNRESOLVED,NO_CANDIDATE_FOUND
rp_THI_20260605_4.10,rp_THI_fareenar,RACE_UNRESOLVED,NO_CANDIDATE_FOUND
rp_THI_20260605_4.10,rp_THI_rumbustious,RACE_UNRESOLVED,NO_CANDIDATE_FOUND
rp_THI_20260605_4.10,rp_THI_wave_power,RACE_UNRESOLVED,NO_CANDIDATE_FOUND
rp_THI_20260605_4.45,rp_THI_fille_unique,RACE_UNRESOLVED,NO_CANDIDATE_FOUND
rp_THI_20260605_4.45,rp_THI_military_girl,RACE_UNRESOLVED,NO_CANDIDATE_FOUND
rp_THI_20260605_4.45,rp_THI_data_fata_secutus,RACE_UNRESOLVED,NO_CANDIDATE_FOUND
rp_THI_20260605_4.45,rp_THI_cheerleader,RACE_UNRESOLVED,NO_CANDIDATE_FOUND
rp_THI_20260605_4.45,rp_THI_startling,RACE_UNRESOLVED,NO_CANDIDATE_FOUND
rp_THI_20260605_4.45,rp_THI_star_marian,RACE_UNRESOLVED,NO_CANDIDATE_FOUND
rp_THI_20260605_4.45,rp_THI_j_street,RACE_UNRESOLVED,NO_CANDIDATE_FOUND
rp_THI_20260605_4.45,rp_THI_tanjen,RACE_UNRESOLVED,NO_CANDIDATE_FOUND
rp_THI_20260605_4.45,rp_THI_dragon_spin,RACE_UNRESOLVED,NO_CANDIDATE_FOUND
rp_THI_20260605_4.45,rp_THI_solid_bond,RACE_UNRESOLVED,NO_CANDIDATE_FOUND
rp_THI_20260605_4.45,rp_THI_pull_the_rug,RACE_UNRESOLVED,NO_CANDIDATE_FOUND
rp_THI_20260605_4.45,rp_THI_thunder_star,RACE_UNRESOLVED,NO_CANDIDATE_FOUND
rp_THI_20260605_5.20,rp_THI_brave_traveller,RACE_UNRESOLVED,NO_CANDIDATE_FOUND
rp_THI_20260605_5.20,rp_THI_logi_bear,RACE_UNRESOLVED,NO_CANDIDATE_FOUND
rp_THI_20260605_5.20,rp_THI_showtown,RACE_UNRESOLVED,NO_CANDIDATE_FOUND
rp_THI_20260605_5.20,rp_THI_empress_olivia,RACE_UNRESOLVED,NO_CANDIDATE_FOUND
rp_THI_20260605_5.20,rp_THI_different_opinions,RACE_UNRESOLVED,NO_CANDIDATE_FOUND
rp_THI_20260605_5.20,rp_THI_von_trotter,RACE_UNRESOLVED,NO_CANDIDATE_FOUND
rp_THI_20260605_5.20,rp_THI_real_jack,RACE_UNRESOLVED,NO_CANDIDATE_FOUND
rp_THI_20260605_5.20,rp_THI_napolian,RACE_UNRESOLVED,NO_CANDIDATE_FOUND
rp_THI_20260605_5.20,rp_THI_perineighs,RACE_UNRESOLVED,NO_CANDIDATE_FOUND
rp_THI_20260605_5.20,rp_THI_bye_law,RACE_UNRESOLVED,NO_CANDIDATE_FOUND
rp_THI_20260605_5.20,rp_THI_hvar,RACE_UNRESOLVED,NO_CANDIDATE_FOUND
rp_THI_20260605_5.20,rp_THI_daizen,RACE_UNRESOLVED,NO_CANDIDATE_FOUND
rp_THI_20260605_5.20,rp_THI_uncertainty,RACE_UNRESOLVED,NO_CANDIDATE_FOUND
rp_CHP_20260606_5.45,rp_CHP_fletcher's_flight,RACE_UNRESOLVED,NO_CANDIDATE_FOUND
rp_CHP_20260606_5.45,rp_CHP_recon_mission,RACE_UNRESOLVED,NO_CANDIDATE_FOUND
rp_CHP_20260606_5.45,rp_CHP_so_smart,RACE_UNRESOLVED,NO_CANDIDATE_FOUND
rp_CHP_20260606_5.45,rp_CHP_call_time,RACE_UNRESOLVED,NO_CANDIDATE_FOUND
rp_CHP_20260606_5.45,rp_CHP_macarone,RACE_UNRESOLVED,NO_CANDIDATE_FOUND
rp_CHP_20260606_5.45,rp_CHP_son_of_astar,RACE_UNRESOLVED,NO_CANDIDATE_FOUND
rp_CHP_20260606_5.45,rp_CHP_hidden_verse,RACE_UNRESOLVED,NO_CANDIDATE_FOUND
rp_CHP_20260606_5.45,rp_CHP_pearl's_edge,RACE_UNRESOLVED,NO_CANDIDATE_FOUND
rp_CHP_20260606_5.45,rp_CHP_some_nightmare,RACE_UNRESOLVED,NO_CANDIDATE_FOUND
rp_CHP_20260606_5.45,rp_CHP_daley_t,RACE_UNRESOLVED,NO_CANDIDATE_FOUND
rp_CHP_20260606_5.45,rp_CHP_captain_bentley,RACE_UNRESOLVED,NO_CANDIDATE_FOUND
rp_CHP_20260606_5.45,rp_CHP_tomarlo,RACE_UNRESOLVED,NO_CANDIDATE_FOUND
rp_CHP_20260606_5.45,rp_CHP_scent_of_may,RACE_UNRESOLVED,NO_CANDIDATE_FOUND
rp_CHP_20260606_6.20,rp_CHP_poetry_of_time,RACE_UNRESOLVED,NO_CANDIDATE_FOUND
rp_CHP_20260606_6.20,rp_CHP_lyra_lea,RACE_UNRESOLVED,NO_CANDIDATE_FOUND
rp_CHP_20260606_6.20,rp_CHP_mighty_vega,RACE_UNRESOLVED,NO_CANDIDATE_FOUND
rp_CHP_20260606_6.20,rp_CHP_aigeas,RACE_UNRESOLVED,NO_CANDIDATE_FOUND
rp_CHP_20260606_6.20,rp_CHP_island_bear,RACE_UNRESOLVED,NO_CANDIDATE_FOUND
rp_CHP_20260606_6.20,rp_CHP_ebn_sabt,RACE_UNRESOLVED,NO_CANDIDATE_FOUND
rp_CHP_20260606_6.20,rp_CHP_electrical,RACE_UNRESOLVED,NO_CANDIDATE_FOUND
rp_CHP_20260606_6.53,rp_CHP_connie's_rose,RACE_UNRESOLVED,NO_CANDIDATE_FOUND
rp_CHP_20260606_6.53,rp_CHP_this_farh,RACE_UNRESOLVED,NO_CANDIDATE_FOUND
rp_CHP_20260606_6.53,rp_CHP_kisskodi,RACE_UNRESOLVED,NO_CANDIDATE_FOUND
rp_CHP_20260606_6.53,rp_CHP_racingbreaks_ryder,RACE_UNRESOLVED,NO_CANDIDATE_FOUND
rp_CHP_20260606_6.53,rp_CHP_bela_sonata,RACE_UNRESOLVED,NO_CANDIDATE_FOUND
rp_CHP_20260606_6.53,rp_CHP_dapper_gee_gee,RACE_UNRESOLVED,NO_CANDIDATE_FOUND
rp_CHP_20260606_6.53,rp_CHP_slipper_time,RACE_UNRESOLVED,NO_CANDIDATE_FOUND
rp_CHP_20260606_6.53,rp_CHP_brave_byreflection,RACE_UNRESOLVED,NO_CANDIDATE_FOUND
rp_CHP_20260606_6.53,rp_CHP_bold_impact,RACE_UNRESOLVED,NO_CANDIDATE_FOUND
rp_CHP_20260606_6.53,rp_CHP_receipt,RACE_UNRESOLVED,NO_CANDIDATE_FOUND
rp_CHP_20260606_7.25,rp_CHP_judge_frank,RACE_UNRESOLVED,NO_CANDIDATE_FOUND
rp_CHP_20260606_7.25,rp_CHP_fifty_sent,RACE_UNRESOLVED,NO_CANDIDATE_FOUND
rp_CHP_20260606_7.25,rp_CHP_mooretown_lad,RACE_UNRESOLVED,NO_CANDIDATE_FOUND
rp_CHP_20260606_7.25,rp_CHP_saturnalia,RACE_UNRESOLVED,NO_CANDIDATE_FOUND
rp_CHP_20260606_7.25,rp_CHP_liberty_bird,RACE_UNRESOLVED,NO_CANDIDATE_FOUND
rp_CHP_20260606_7.25,rp_CHP_eye_of_the_water,RACE_UNRESOLVED,NO_CANDIDATE_FOUND
rp_CHP_20260606_7.25,rp_CHP_a_rose_adaay,RACE_UNRESOLVED,NO_CANDIDATE_FOUND
rp_CHP_20260606_7.25,rp_CHP_scarfo,RACE_UNRESOLVED,NO_CANDIDATE_FOUND
rp_CHP_20260606_7.55,rp_CHP_liberty_bird,RACE_UNRESOLVED,NO_CANDIDATE_FOUND
rp_CHP_20260606_7.55,rp_CHP_homeland,RACE_UNRESOLVED,NO_CANDIDATE_FOUND
rp_CHP_20260606_7.55,rp_CHP_charencey,RACE_UNRESOLVED,NO_CANDIDATE_FOUND
rp_CHP_20260606_7.55,rp_CHP_port_noir,RACE_UNRESOLVED,NO_CANDIDATE_FOUND
rp_CHP_20260606_7.55,rp_CHP_judge_frank,RACE_UNRESOLVED,NO_CANDIDATE_FOUND
rp_CHP_20260606_7.55,rp_CHP_a_rose_adaay,RACE_UNRESOLVED,NO_CANDIDATE_FOUND
rp_CHP_20260606_7.55,rp_CHP_whiskey_sunrise,RACE_UNRESOLVED,NO_CANDIDATE_FOUND
rp_CHP_20260606_7.55,rp_CHP_uncle_albert,RACE_UNRESOLVED,NO_CANDIDATE_FOUND
rp_CHP_20260606_7.55,rp_CHP_rival,RACE_UNRESOLVED,NO_CANDIDATE_FOUND
rp_CHP_20260606_7.55,rp_CHP_king_of_the_dance,RACE_UNRESOLVED,NO_CANDIDATE_FOUND
rp_CHP_20260606_7.55,rp_CHP_fifty_sent,RACE_UNRESOLVED,NO_CANDIDATE_FOUND
rp_CHP_20260606_7.55,rp_CHP_simba's_gift,RACE_UNRESOLVED,NO_CANDIDATE_FOUND
rp_CHP_20260606_7.55,rp_CHP_mooretown_lad,RACE_UNRESOLVED,NO_CANDIDATE_FOUND
rp_CHP_20260606_7.55,rp_CHP_eye_of_the_water,RACE_UNRESOLVED,NO_CANDIDATE_FOUND
rp_CHP_20260606_7.55,rp_CHP_prince_ali,RACE_UNRESOLVED,NO_CANDIDATE_FOUND
rp_CHP_20260606_7.55,rp_CHP_alyara,RACE_UNRESOLVED,NO_CANDIDATE_FOUND
rp_CHP_20260606_7.55,rp_CHP_saturnalia,RACE_UNRESOLVED,NO_CANDIDATE_FOUND
rp_CHP_20260606_7.55,rp_CHP_marisitta,RACE_UNRESOLVED,NO_CANDIDATE_FOUND
rp_CHP_20260606_7.55,rp_CHP_scarfo,RACE_UNRESOLVED,NO_CANDIDATE_FOUND
rp_CHP_20260606_7.55,rp_CHP_fitzmaurice,RACE_UNRESOLVED,NO_CANDIDATE_FOUND
rp_CHP_20260606_7.55,rp_CHP_nutcracker,RACE_UNRESOLVED,NO_CANDIDATE_FOUND
rp_CHP_20260606_7.55,rp_CHP_praise_indeed,RACE_UNRESOLVED,NO_CANDIDATE_FOUND
rp_CHP_20260606_8.25,rp_CHP_on_key,RACE_UNRESOLVED,NO_CANDIDATE_FOUND
rp_CHP_20260606_8.25,rp_CHP_autumn_angel,RACE_UNRESOLVED,NO_CANDIDATE_FOUND
rp_CHP_20260606_8.25,rp_CHP_too_much_trevor,RACE_UNRESOLVED,NO_CANDIDATE_FOUND
rp_CHP_20260606_8.25,rp_CHP_the_bear_of_saints,RACE_UNRESOLVED,NO_CANDIDATE_FOUND
rp_CHP_20260606_8.25,rp_CHP_be_an_angel,RACE_UNRESOLVED,NO_CANDIDATE_FOUND
rp_CHP_20260606_8.25,rp_CHP_diamondsinthesand,RACE_UNRESOLVED,NO_CANDIDATE_FOUND
rp_CHP_20260606_8.25,rp_CHP_punchbowl_flyer,RACE_UNRESOLVED,NO_CANDIDATE_FOUND
rp_CHP_20260606_8.25,rp_CHP_snuggle,RACE_UNRESOLVED,NO_CANDIDATE_FOUND
rp_CHP_20260606_8.25,rp_CHP_margorie,RACE_UNRESOLVED,NO_CANDIDATE_FOUND
rp_CHP_20260606_8.25,rp_CHP_kaleidoscope_eyes,RACE_UNRESOLVED,NO_CANDIDATE_FOUND
rp_CHP_20260606_8.25,rp_CHP_sub_thirteen,RACE_UNRESOLVED,NO_CANDIDATE_FOUND
rp_CHP_20260606_9.00,rp_CHP_cloudside_rock,RACE_UNRESOLVED,NO_CANDIDATE_FOUND
rp_CHP_20260606_9.00,rp_CHP_big_win,RACE_UNRESOLVED,NO_CANDIDATE_FOUND
rp_CHP_20260606_9.00,rp_CHP_electric_bass,RACE_UNRESOLVED,NO_CANDIDATE_FOUND
rp_CHP_20260606_9.00,rp_CHP_rosco_rogers,RACE_UNRESOLVED,NO_CANDIDATE_FOUND
rp_CHP_20260606_9.00,rp_CHP_port_of_entry,RACE_UNRESOLVED,NO_CANDIDATE_FOUND
rp_CHP_20260606_9.00,rp_CHP_marinakis,RACE_UNRESOLVED,NO_CANDIDATE_FOUND
rp_CHP_20260606_9.00,rp_CHP_bug_boy,RACE_UNRESOLVED,NO_CANDIDATE_FOUND
rp_CHP_20260606_9.00,rp_CHP_baileys_warrior,RACE_UNRESOLVED,NO_CANDIDATE_FOUND
rp_CHP_20260606_9.00,rp_CHP_wonderful_wendy,RACE_UNRESOLVED,NO_CANDIDATE_FOUND
rp_DON_20260606_1.20,rp_DON_profiteer,RACE_UNRESOLVED,NO_CANDIDATE_FOUND
rp_DON_20260606_1.20,rp_DON_roundhay_park,RACE_UNRESOLVED,NO_CANDIDATE_FOUND
rp_DON_20260606_1.20,rp_DON_brave_empire,RACE_UNRESOLVED,NO_CANDIDATE_FOUND
rp_DON_20260606_1.20,rp_DON_elvetham,RACE_UNRESOLVED,NO_CANDIDATE_FOUND
rp_DON_20260606_1.20,rp_DON_mart,RACE_UNRESOLVED,NO_CANDIDATE_FOUND
rp_DON_20260606_1.20,rp_DON_candy_warhol,RACE_UNRESOLVED,NO_CANDIDATE_FOUND
rp_DON_20260606_1.20,rp_DON_bibendum,RACE_UNRESOLVED,NO_CANDIDATE_FOUND
rp_DON_20260606_1.20,rp_DON_moonhall_lass,RACE_UNRESOLVED,NO_CANDIDATE_FOUND
rp_DON_20260606_1.20,rp_DON_ishe_worth_agamble,RACE_UNRESOLVED,NO_CANDIDATE_FOUND
rp_DON_20260606_1.20,rp_DON_grand_citadel,RACE_UNRESOLVED,NO_CANDIDATE_FOUND
rp_DON_20260606_1.20,rp_DON_hurstwood,RACE_UNRESOLVED,NO_CANDIDATE_FOUND
rp_DON_20260606_1.20,rp_DON_teddy_shaw,RACE_UNRESOLVED,NO_CANDIDATE_FOUND
rp_DON_20260606_1.20,rp_DON_instant_bond,RACE_UNRESOLVED,NO_CANDIDATE_FOUND
rp_DON_20260606_1.20,rp_DON_thornaby_pearl,RACE_UNRESOLVED,NO_CANDIDATE_FOUND
rp_DON_20260606_1.20,rp_DON_run_this_way,RACE_UNRESOLVED,NO_CANDIDATE_FOUND
rp_DON_20260606_1.20,rp_DON_ticktyboo,RACE_UNRESOLVED,NO_CANDIDATE_FOUND
rp_DON_20260606_1.20,rp_DON_mu_mu_land,RACE_UNRESOLVED,NO_CANDIDATE_FOUND
rp_DON_20260606_1.20,rp_DON_on_key,RACE_UNRESOLVED,NO_CANDIDATE_FOUND
rp_DON_20260606_1.20,rp_DON_megaphone,RACE_UNRESOLVED,NO_CANDIDATE_FOUND
rp_DON_20260606_1.20,rp_DON_rain_cap,RACE_UNRESOLVED,NO_CANDIDATE_FOUND
rp_DON_20260606_1.20,rp_DON_mickey_mongoose,RACE_UNRESOLVED,NO_CANDIDATE_FOUND
rp_DON_20260606_1.20,rp_DON_asadjumeirah,RACE_UNRESOLVED,NO_CANDIDATE_FOUND
rp_DON_20260606_1.20,rp_DON_rambuso_creek,RACE_UNRESOLVED,NO_CANDIDATE_FOUND
rp_DON_20260606_1.20,rp_DON_desert_master,RACE_UNRESOLVED,NO_CANDIDATE_FOUND
rp_DON_20260606_1.20,rp_DON_solar_biricz,RACE_UNRESOLVED,NO_CANDIDATE_FOUND
rp_DON_20260606_1.20,rp_DON_tomarlo,RACE_UNRESOLVED,NO_CANDIDATE_FOUND
rp_DON_20260606_1.20,rp_DON_melissa_honey,RACE_UNRESOLVED,NO_CANDIDATE_FOUND
rp_DON_20260606_1.20,rp_DON_little_beck_annie,RACE_UNRESOLVED,NO_CANDIDATE_FOUND
rp_DON_20260606_1.20,rp_DON_canaria_sun,RACE_UNRESOLVED,NO_CANDIDATE_FOUND
rp_DON_20260606_1.55,rp_DON_jazz_queen,RACE_UNRESOLVED,NO_CANDIDATE_FOUND
rp_DON_20260606_1.55,rp_DON_rogue_passion,RACE_UNRESOLVED,NO_CANDIDATE_FOUND
rp_DON_20260606_1.55,rp_DON_clueisinthetitle,RACE_UNRESOLVED,NO_CANDIDATE_FOUND
rp_DON_20260606_1.55,rp_DON_ashina,RACE_UNRESOLVED,NO_CANDIDATE_FOUND
rp_DON_20260606_1.55,rp_DON_met_ball,RACE_UNRESOLVED,NO_CANDIDATE_FOUND
rp_DON_20260606_1.55,rp_DON_love_dubai,RACE_UNRESOLVED,NO_CANDIDATE_FOUND
rp_DON_20260606_1.55,rp_DON_bayside_view,RACE_UNRESOLVED,NO_CANDIDATE_FOUND
rp_DON_20260606_1.55,rp_DON_divine_concerto,RACE_UNRESOLVED,NO_CANDIDATE_FOUND
rp_DON_20260606_1.55,rp_DON_spirit_of_glory,RACE_UNRESOLVED,NO_CANDIDATE_FOUND
rp_DON_20260606_1.55,rp_DON_carpe_portus,RACE_UNRESOLVED,NO_CANDIDATE_FOUND
rp_DON_20260606_1.55,rp_DON_faith_in_florence,RACE_UNRESOLVED,NO_CANDIDATE_FOUND
rp_DON_20260606_1.55,rp_DON_bymiddaytomorrow,RACE_UNRESOLVED,NO_CANDIDATE_FOUND
rp_DON_20260606_1.55,rp_DON_heldobeldo,RACE_UNRESOLVED,NO_CANDIDATE_FOUND
rp_DON_20260606_1.55,rp_DON_rhodes_runner,RACE_UNRESOLVED,NO_CANDIDATE_FOUND
rp_DON_20260606_1.55,rp_DON_cash_cove,RACE_UNRESOLVED,NO_CANDIDATE_FOUND
rp_DON_20260606_2.30,rp_DON_elegant_erin,RACE_UNRESOLVED,NO_CANDIDATE_FOUND
rp_DON_20260606_2.30,rp_DON_rose_of_honour,RACE_UNRESOLVED,NO_CANDIDATE_FOUND
rp_DON_20260606_2.30,rp_DON_smart_vision,RACE_UNRESOLVED,NO_CANDIDATE_FOUND
rp_DON_20260606_2.30,rp_DON_naana's_sparkle,RACE_UNRESOLVED,NO_CANDIDATE_FOUND
rp_DON_20260606_2.30,rp_DON_rogue_enforcer,RACE_UNRESOLVED,NO_CANDIDATE_FOUND
rp_DON_20260606_2.30,rp_DON_baldomero,RACE_UNRESOLVED,NO_CANDIDATE_FOUND
rp_DON_20260606_2.30,rp_DON_rhythm_n_hooves,RACE_UNRESOLVED,NO_CANDIDATE_FOUND
rp_DON_20260606_2.30,rp_DON_paddy's_day,RACE_UNRESOLVED,NO_CANDIDATE_FOUND
rp_DON_20260606_2.30,rp_DON_michaela's_boy,RACE_UNRESOLVED,NO_CANDIDATE_FOUND
rp_DON_20260606_2.30,rp_DON_wheels_of_fire,RACE_UNRESOLVED,NO_CANDIDATE_FOUND
rp_DON_20260606_2.30,rp_DON_marty_hopkirk,RACE_UNRESOLVED,NO_CANDIDATE_FOUND
rp_DON_20260606_2.30,rp_DON_toca_madera,RACE_UNRESOLVED,NO_CANDIDATE_FOUND
rp_DON_20260606_2.30,rp_DON_brazen_bolt,RACE_UNRESOLVED,NO_CANDIDATE_FOUND
rp_DON_20260606_2.30,rp_DON_master_of_my_fate,RACE_UNRESOLVED,NO_CANDIDATE_FOUND
rp_DON_20260606_2.30,rp_DON_moulin_booj,RACE_UNRESOLVED,NO_CANDIDATE_FOUND
rp_DON_20260606_2.30,rp_DON_almaty_star,RACE_UNRESOLVED,NO_CANDIDATE_FOUND
rp_DON_20260606_2.30,rp_DON_blinky,RACE_UNRESOLVED,NO_CANDIDATE_FOUND
rp_DON_20260606_2.30,rp_DON_rocking_ends,RACE_UNRESOLVED,NO_CANDIDATE_FOUND
rp_DON_20260606_2.30,rp_DON_i'm_next,RACE_UNRESOLVED,NO_CANDIDATE_FOUND
rp_DON_20260606_2.30,rp_DON_counsel,RACE_UNRESOLVED,NO_CANDIDATE_FOUND
rp_DON_20260606_2.30,rp_DON_pixie_diva,RACE_UNRESOLVED,NO_CANDIDATE_FOUND
rp_DON_20260606_2.30,rp_DON_intervention,RACE_UNRESOLVED,NO_CANDIDATE_FOUND
rp_DON_20260606_2.30,rp_DON_spoof,RACE_UNRESOLVED,NO_CANDIDATE_FOUND
rp_DON_20260606_2.30,rp_DON_vintage_clarets,RACE_UNRESOLVED,NO_CANDIDATE_FOUND
rp_DON_20260606_2.30,rp_DON_squealer,RACE_UNRESOLVED,NO_CANDIDATE_FOUND
rp_DON_20260606_2.30,rp_DON_tan_rapido,RACE_UNRESOLVED,NO_CANDIDATE_FOUND
rp_DON_20260606_3.05,rp_DON_study_of_words,RACE_UNRESOLVED,NO_CANDIDATE_FOUND
rp_DON_20260606_3.05,rp_DON_glory_of_the_seas,RACE_UNRESOLVED,NO_CANDIDATE_FOUND
rp_DON_20260606_3.05,rp_DON_venetia,RACE_UNRESOLVED,NO_CANDIDATE_FOUND
rp_DON_20260606_3.05,rp_DON_lopeo,RACE_UNRESOLVED,NO_CANDIDATE_FOUND
rp_DON_20260606_3.05,rp_DON_hell_yeah_he_did,RACE_UNRESOLVED,NO_CANDIDATE_FOUND
rp_DON_20260606_3.05,rp_DON_gaelic_approach,RACE_UNRESOLVED,NO_CANDIDATE_FOUND
rp_DON_20260606_3.05,rp_DON_mythical_bay,RACE_UNRESOLVED,NO_CANDIDATE_FOUND
rp_DON_20260606_3.05,rp_DON_my_ballyquinn,RACE_UNRESOLVED,NO_CANDIDATE_FOUND
rp_DON_20260606_3.05,rp_DON_any_which_way,RACE_UNRESOLVED,NO_CANDIDATE_FOUND
rp_DON_20260606_3.05,rp_DON_killer_whale,RACE_UNRESOLVED,NO_CANDIDATE_FOUND
rp_DON_20260606_3.05,rp_DON_siam_ruby,RACE_UNRESOLVED,NO_CANDIDATE_FOUND
rp_DON_20260606_3.45,rp_DON_shipbourne,RACE_UNRESOLVED,NO_CANDIDATE_FOUND
rp_DON_20260606_3.45,rp_DON_quartermaster,RACE_UNRESOLVED,NO_CANDIDATE_FOUND
rp_DON_20260606_3.45,rp_DON_flight_control,RACE_UNRESOLVED,NO_CANDIDATE_FOUND
rp_DON_20260606_3.45,rp_DON_bright_summer,RACE_UNRESOLVED,NO_CANDIDATE_FOUND
rp_DON_20260606_3.45,rp_DON_quadrillion,RACE_UNRESOLVED,NO_CANDIDATE_FOUND
rp_DON_20260606_3.45,rp_DON_areti,RACE_UNRESOLVED,NO_CANDIDATE_FOUND
rp_DON_20260606_3.45,rp_DON_glen_nevis,RACE_UNRESOLVED,NO_CANDIDATE_FOUND
rp_DON_20260606_3.45,rp_DON_odogwu,RACE_UNRESOLVED,NO_CANDIDATE_FOUND
rp_DON_20260606_3.45,rp_DON_english_time,RACE_UNRESOLVED,NO_CANDIDATE_FOUND
rp_DON_20260606_3.45,rp_DON_race_to_the_edge,RACE_UNRESOLVED,NO_CANDIDATE_FOUND
rp_DON_20260606_3.45,rp_DON_stolen_kisses,RACE_UNRESOLVED,NO_CANDIDATE_FOUND
rp_DON_20260606_3.45,rp_DON_renovator,RACE_UNRESOLVED,NO_CANDIDATE_FOUND
rp_DON_20260606_3.45,rp_DON_bold_shout,RACE_UNRESOLVED,NO_CANDIDATE_FOUND
rp_DON_20260606_3.45,rp_DON_deadline,RACE_UNRESOLVED,NO_CANDIDATE_FOUND
rp_DON_20260606_3.45,rp_DON_phantom_recon,RACE_UNRESOLVED,NO_CANDIDATE_FOUND
rp_DON_20260606_3.45,rp_DON_rogue_invincible,RACE_UNRESOLVED,NO_CANDIDATE_FOUND
rp_DON_20260606_3.45,rp_DON_park_lane_penny,RACE_UNRESOLVED,NO_CANDIDATE_FOUND
rp_DON_20260606_3.45,rp_DON_brouhaha,RACE_UNRESOLVED,NO_CANDIDATE_FOUND
rp_DON_20260606_3.45,rp_DON_vintage_marsala,RACE_UNRESOLVED,NO_CANDIDATE_FOUND
rp_DON_20260606_3.45,rp_DON_able_astra,RACE_UNRESOLVED,NO_CANDIDATE_FOUND
rp_DON_20260606_3.45,rp_DON_turton,RACE_UNRESOLVED,NO_CANDIDATE_FOUND
rp_DON_20260606_3.45,rp_DON_brave_new_world,RACE_UNRESOLVED,NO_CANDIDATE_FOUND
rp_DON_20260606_3.45,rp_DON_binmalk,RACE_UNRESOLVED,NO_CANDIDATE_FOUND
rp_DON_20260606_3.45,rp_DON_albemagic,RACE_UNRESOLVED,NO_CANDIDATE_FOUND
rp_DON_20260606_3.45,rp_DON_blue_icon,RACE_UNRESOLVED,NO_CANDIDATE_FOUND
rp_DON_20260606_3.45,rp_DON_mass_for_kathleen,RACE_UNRESOLVED,NO_CANDIDATE_FOUND
rp_DON_20260606_3.45,rp_DON_lineofsuccession,RACE_UNRESOLVED,NO_CANDIDATE_FOUND
rp_DON_20260606_4.25,rp_DON_galeron,RACE_UNRESOLVED,NO_CANDIDATE_FOUND
rp_DON_20260606_4.25,rp_DON_akkadian_thunder,RACE_UNRESOLVED,NO_CANDIDATE_FOUND
rp_DON_20260606_4.25,rp_DON_arctic_dawn,RACE_UNRESOLVED,NO_CANDIDATE_FOUND
rp_DON_20260606_4.25,rp_DON_new_image,RACE_UNRESOLVED,NO_CANDIDATE_FOUND
rp_DON_20260606_4.25,rp_DON_spell_master,RACE_UNRESOLVED,NO_CANDIDATE_FOUND
rp_DON_20260606_4.25,rp_DON_desert_falcon,RACE_UNRESOLVED,NO_CANDIDATE_FOUND
rp_DON_20260606_4.25,rp_DON_khafiz,RACE_UNRESOLVED,NO_CANDIDATE_FOUND
rp_DON_20260606_4.25,rp_DON_eminency,RACE_UNRESOLVED,NO_CANDIDATE_FOUND
rp_DON_20260606_4.25,rp_DON_apotheosis,RACE_UNRESOLVED,NO_CANDIDATE_FOUND
rp_DON_20260606_4.25,rp_DON_montezin,RACE_UNRESOLVED,NO_CANDIDATE_FOUND
rp_DON_20260606_4.25,rp_DON_monsieur_bondy,RACE_UNRESOLVED,NO_CANDIDATE_FOUND
rp_DON_20260606_5.00,rp_DON_thapa_vc,RACE_UNRESOLVED,NO_CANDIDATE_FOUND
rp_DON_20260606_5.00,rp_DON_finn_ironside,RACE_UNRESOLVED,NO_CANDIDATE_FOUND
rp_DON_20260606_5.00,rp_DON_singoura,RACE_UNRESOLVED,NO_CANDIDATE_FOUND
rp_DON_20260606_5.00,rp_DON_mayo_county,RACE_UNRESOLVED,NO_CANDIDATE_FOUND
rp_DON_20260606_5.00,rp_DON_bizarre_law,RACE_UNRESOLVED,NO_CANDIDATE_FOUND
rp_DON_20260606_5.00,rp_DON_highfield_sunshine,RACE_UNRESOLVED,NO_CANDIDATE_FOUND
rp_DON_20260606_5.00,rp_DON_age_of_baroque,RACE_UNRESOLVED,NO_CANDIDATE_FOUND
rp_DON_20260606_5.00,rp_DON_magic_music,RACE_UNRESOLVED,NO_CANDIDATE_FOUND
rp_DON_20260606_5.00,rp_DON_amelia's_joy,RACE_UNRESOLVED,NO_CANDIDATE_FOUND
rp_DON_20260606_5.00,rp_DON_ziggy's_angel,RACE_UNRESOLVED,NO_CANDIDATE_FOUND
rp_DON_20260606_5.00,rp_DON_palmarian,RACE_UNRESOLVED,NO_CANDIDATE_FOUND
rp_EPS_20260606_2.40,rp_EPS_calandagan,RACE_UNRESOLVED,NO_CANDIDATE_FOUND
rp_EPS_20260606_2.40,rp_EPS_jan_brueghel,RACE_UNRESOLVED,NO_CANDIDATE_FOUND
rp_EPS_20260606_2.40,rp_EPS_see_the_fire,RACE_UNRESOLVED,NO_CANDIDATE_FOUND
rp_EPS_20260606_2.40,rp_EPS_lambourn,RACE_UNRESOLVED,NO_CANDIDATE_FOUND
rp_EPS_20260606_2.40,rp_EPS_bay_city_roller,RACE_UNRESOLVED,NO_CANDIDATE_FOUND
rp_EPS_20260606_2.40,rp_EPS_convergent,RACE_UNRESOLVED,NO_CANDIDATE_FOUND
rp_EPS_20260606_2.40,rp_EPS_sunway,RACE_UNRESOLVED,NO_CANDIDATE_FOUND
rp_EPS_20260606_2.40,rp_EPS_illinois,RACE_UNRESOLVED,NO_CANDIDATE_FOUND
rp_EPS_20260606_1.30,rp_EPS_witness_stand,RACE_UNRESOLVED,NO_CANDIDATE_FOUND
rp_EPS_20260606_1.30,rp_EPS_never_so_brave,RACE_UNRESOLVED,NO_CANDIDATE_FOUND
rp_EPS_20260606_1.30,rp_EPS_lake_forest,RACE_UNRESOLVED,NO_CANDIDATE_FOUND
rp_EPS_20260606_1.30,rp_EPS_linwood,RACE_UNRESOLVED,NO_CANDIDATE_FOUND
rp_EPS_20260606_1.30,rp_EPS_alcantor,RACE_UNRESOLVED,NO_CANDIDATE_FOUND
rp_EPS_20260606_1.30,rp_EPS_ten_bob_tony,RACE_UNRESOLVED,NO_CANDIDATE_FOUND
rp_EPS_20260606_1.30,rp_EPS_poet_master,RACE_UNRESOLVED,NO_CANDIDATE_FOUND
rp_EPS_20260606_1.30,rp_EPS_chicago_critic,RACE_UNRESOLVED,NO_CANDIDATE_FOUND
rp_EPS_20260606_1.30,rp_EPS_golden_mind,RACE_UNRESOLVED,NO_CANDIDATE_FOUND
rp_EPS_20260606_1.30,rp_EPS_copacabana_sands,RACE_UNRESOLVED,NO_CANDIDATE_FOUND
rp_EPS_20260606_1.30,rp_EPS_audience,RACE_UNRESOLVED,NO_CANDIDATE_FOUND
rp_EPS_20260606_1.30,rp_EPS_humam,RACE_UNRESOLVED,NO_CANDIDATE_FOUND
rp_EPS_20260606_1.30,rp_EPS_balmacara,RACE_UNRESOLVED,NO_CANDIDATE_FOUND
rp_EPS_20260606_1.30,rp_EPS_cowardofthecounty,RACE_UNRESOLVED,NO_CANDIDATE_FOUND
rp_EPS_20260606_1.30,rp_EPS_breckenbrough,RACE_UNRESOLVED,NO_CANDIDATE_FOUND
rp_EPS_20260606_4.40,rp_EPS_hell_yeah_he_did,RACE_UNRESOLVED,NO_CANDIDATE_FOUND
rp_EPS_20260606_4.40,rp_EPS_folk_pageant,RACE_UNRESOLVED,NO_CANDIDATE_FOUND
rp_EPS_20260606_4.40,rp_EPS_pendella,RACE_UNRESOLVED,NO_CANDIDATE_FOUND
rp_EPS_20260606_4.40,rp_EPS_allegresse,RACE_UNRESOLVED,NO_CANDIDATE_FOUND
rp_EPS_20260606_4.40,rp_EPS_starlight_time,RACE_UNRESOLVED,NO_CANDIDATE_FOUND
rp_EPS_20260606_4.40,rp_EPS_york_tower,RACE_UNRESOLVED,NO_CANDIDATE_FOUND
rp_EPS_20260606_4.40,rp_EPS_lake_como,RACE_UNRESOLVED,NO_CANDIDATE_FOUND
rp_EPS_20260606_4.40,rp_EPS_savvy_disko,RACE_UNRESOLVED,NO_CANDIDATE_FOUND
rp_EPS_20260606_4.40,rp_EPS_silver_state,RACE_UNRESOLVED,NO_CANDIDATE_FOUND
rp_EPS_20260606_4.40,rp_EPS_tailgunner_joe,RACE_UNRESOLVED,NO_CANDIDATE_FOUND
rp_EPS_20260606_2.05,rp_EPS_sparks_fly,RACE_UNRESOLVED,NO_CANDIDATE_FOUND
rp_EPS_20260606_2.05,rp_EPS_shes_perfect,RACE_UNRESOLVED,NO_CANDIDATE_FOUND
rp_EPS_20260606_2.05,rp_EPS_princess_child,RACE_UNRESOLVED,NO_CANDIDATE_FOUND
rp_EPS_20260606_2.05,rp_EPS_arisaig,RACE_UNRESOLVED,NO_CANDIDATE_FOUND
rp_EPS_20260606_2.05,rp_EPS_celestial_orbit,RACE_UNRESOLVED,NO_CANDIDATE_FOUND
rp_EPS_20260606_2.05,rp_EPS_pina_sonata,RACE_UNRESOLVED,NO_CANDIDATE_FOUND
rp_EPS_20260606_2.05,rp_EPS_pacific_mission,RACE_UNRESOLVED,NO_CANDIDATE_FOUND
rp_EPS_20260606_2.05,rp_EPS_breckenbrough,RACE_UNRESOLVED,NO_CANDIDATE_FOUND
rp_EPS_20260606_2.05,rp_EPS_sindria,RACE_UNRESOLVED,NO_CANDIDATE_FOUND
rp_EPS_20260606_2.05,rp_EPS_betty_clover,RACE_UNRESOLVED,NO_CANDIDATE_FOUND
rp_EPS_20260606_2.05,rp_EPS_alobayyah,RACE_UNRESOLVED,NO_CANDIDATE_FOUND
rp_EPS_20260606_2.05,rp_EPS_love_dynasty,RACE_UNRESOLVED,NO_CANDIDATE_FOUND
rp_EPS_20260606_2.05,rp_EPS_sunlit_uplands,RACE_UNRESOLVED,NO_CANDIDATE_FOUND
rp_EPS_20260606_3.15,rp_EPS_democracy_dilemma,RACE_UNRESOLVED,NO_CANDIDATE_FOUND
rp_EPS_20260606_3.15,rp_EPS_eclairage,RACE_UNRESOLVED,NO_CANDIDATE_FOUND
rp_EPS_20260606_3.15,rp_EPS_partisan_hero,RACE_UNRESOLVED,NO_CANDIDATE_FOUND
rp_EPS_20260606_3.15,rp_EPS_another_baar,RACE_UNRESOLVED,NO_CANDIDATE_FOUND
rp_EPS_20260606_3.15,rp_EPS_cindy_lou_who,RACE_UNRESOLVED,NO_CANDIDATE_FOUND
rp_EPS_20260606_3.15,rp_EPS_lexington_blitz,RACE_UNRESOLVED,NO_CANDIDATE_FOUND
rp_EPS_20260606_3.15,rp_EPS_stormy_impact,RACE_UNRESOLVED,NO_CANDIDATE_FOUND
rp_EPS_20260606_3.15,rp_EPS_ziggy's_triton,RACE_UNRESOLVED,NO_CANDIDATE_FOUND
rp_EPS_20260606_3.15,rp_EPS_kinswoman,RACE_UNRESOLVED,NO_CANDIDATE_FOUND
rp_EPS_20260606_3.15,rp_EPS_king_of_light,RACE_UNRESOLVED,NO_CANDIDATE_FOUND
rp_EPS_20260606_3.15,rp_EPS_rhythm_n_hooves,RACE_UNRESOLVED,NO_CANDIDATE_FOUND
rp_EPS_20260606_3.15,rp_EPS_rogue_enforcer,RACE_UNRESOLVED,NO_CANDIDATE_FOUND
rp_EPS_20260606_3.15,rp_EPS_seven_questions,RACE_UNRESOLVED,NO_CANDIDATE_FOUND
rp_EPS_20260606_3.15,rp_EPS_michaela's_boy,RACE_UNRESOLVED,NO_CANDIDATE_FOUND
rp_EPS_20260606_3.15,rp_EPS_tatterstall,RACE_UNRESOLVED,NO_CANDIDATE_FOUND
rp_EPS_20260606_3.15,rp_EPS_betsen,RACE_UNRESOLVED,NO_CANDIDATE_FOUND
rp_EPS_20260606_3.15,rp_EPS_desert_cop,RACE_UNRESOLVED,NO_CANDIDATE_FOUND
rp_EPS_20260606_3.15,rp_EPS_star_chorus,RACE_UNRESOLVED,NO_CANDIDATE_FOUND
rp_EPS_20260606_3.15,rp_EPS_sturlasson,RACE_UNRESOLVED,NO_CANDIDATE_FOUND
rp_EPS_20260606_3.15,rp_EPS_arklow_lad,RACE_UNRESOLVED,NO_CANDIDATE_FOUND
rp_EPS_20260606_3.15,rp_EPS_brazen_bolt,RACE_UNRESOLVED,NO_CANDIDATE_FOUND
rp_EPS_20260606_3.15,rp_EPS_dyonisos,RACE_UNRESOLVED,NO_CANDIDATE_FOUND
rp_EPS_20260606_3.15,rp_EPS_almaty_star,RACE_UNRESOLVED,NO_CANDIDATE_FOUND
rp_EPS_20260606_3.15,rp_EPS_marching_mac,RACE_UNRESOLVED,NO_CANDIDATE_FOUND
rp_EPS_20260606_3.15,rp_EPS_emperor_spirit,RACE_UNRESOLVED,NO_CANDIDATE_FOUND
rp_EPS_20260606_3.15,rp_EPS_francisco's_piece,RACE_UNRESOLVED,NO_CANDIDATE_FOUND
rp_EPS_20260606_3.15,rp_EPS_forager,RACE_UNRESOLVED,NO_CANDIDATE_FOUND
rp_EPS_20260606_3.15,rp_EPS_the_bell_conductor,RACE_UNRESOLVED,NO_CANDIDATE_FOUND
rp_EPS_20260606_3.15,rp_EPS_dream_composer,RACE_UNRESOLVED,NO_CANDIDATE_FOUND
rp_EPS_20260606_3.15,rp_EPS_counsel,RACE_UNRESOLVED,NO_CANDIDATE_FOUND
rp_EPS_20260606_3.15,rp_EPS_vintage_clarets,RACE_UNRESOLVED,NO_CANDIDATE_FOUND
rp_EPS_20260606_3.15,rp_EPS_nogo's_dream,RACE_UNRESOLVED,NO_CANDIDATE_FOUND
rp_EPS_20260606_3.15,rp_EPS_law_of_average,RACE_UNRESOLVED,NO_CANDIDATE_FOUND
rp_EPS_20260606_3.15,rp_EPS_golden_long,RACE_UNRESOLVED,NO_CANDIDATE_FOUND
rp_EPS_20260606_4.00,rp_EPS_item,RACE_UNRESOLVED,NO_CANDIDATE_FOUND
rp_EPS_20260606_4.00,rp_EPS_benvenuto_cellini,RACE_UNRESOLVED,NO_CANDIDATE_FOUND
rp_EPS_20260606_4.00,rp_EPS_action,RACE_UNRESOLVED,NO_CANDIDATE_FOUND
rp_EPS_20260606_4.00,rp_EPS_causeway,RACE_UNRESOLVED,NO_CANDIDATE_FOUND
rp_EPS_20260606_4.00,rp_EPS_maltese_cross,RACE_UNRESOLVED,NO_CANDIDATE_FOUND
rp_EPS_20260606_4.00,rp_EPS_pierre_bonnard,RACE_UNRESOLVED,NO_CANDIDATE_FOUND
rp_EPS_20260606_4.00,rp_EPS_bay_of_brilliance,RACE_UNRESOLVED,NO_CANDIDATE_FOUND
rp_EPS_20260606_4.00,rp_EPS_christmas_day,RACE_UNRESOLVED,NO_CANDIDATE_FOUND
rp_EPS_20260606_4.00,rp_EPS_ancient_egypt,RACE_UNRESOLVED,NO_CANDIDATE_FOUND
rp_EPS_20260606_4.00,rp_EPS_james_j_braddock,RACE_UNRESOLVED,NO_CANDIDATE_FOUND
rp_EPS_20260606_4.00,rp_EPS_endorsement,RACE_UNRESOLVED,NO_CANDIDATE_FOUND
rp_EPS_20260606_4.00,rp_EPS_proposition,RACE_UNRESOLVED,NO_CANDIDATE_FOUND
rp_EPS_20260606_4.00,rp_EPS_rebel_rocker,RACE_UNRESOLVED,NO_CANDIDATE_FOUND
rp_EPS_20260606_4.00,rp_EPS_balzac,RACE_UNRESOLVED,NO_CANDIDATE_FOUND
rp_EPS_20260606_4.00,rp_EPS_alderman,RACE_UNRESOLVED,NO_CANDIDATE_FOUND
rp_EPS_20260606_4.00,rp_EPS_poker,RACE_UNRESOLVED,NO_CANDIDATE_FOUND
rp_EPS_20260606_4.00,rp_EPS_a_taste_of_glory,RACE_UNRESOLVED,NO_CANDIDATE_FOUND
rp_EPS_20260606_5.20,rp_EPS_spinning_wheel,RACE_UNRESOLVED,NO_CANDIDATE_FOUND
rp_EPS_20260606_5.20,rp_EPS_too_soon,RACE_UNRESOLVED,NO_CANDIDATE_FOUND
rp_EPS_20260606_5.20,rp_EPS_give_it_to_me_oj,RACE_UNRESOLVED,NO_CANDIDATE_FOUND
rp_EPS_20260606_5.20,rp_EPS_elsass,RACE_UNRESOLVED,NO_CANDIDATE_FOUND
rp_EPS_20260606_5.20,rp_EPS_bulletin,RACE_UNRESOLVED,NO_CANDIDATE_FOUND
rp_EPS_20260606_5.20,rp_EPS_lord_melbourne,RACE_UNRESOLVED,NO_CANDIDATE_FOUND
rp_EPS_20260606_5.20,rp_EPS_gordon_grey,RACE_UNRESOLVED,NO_CANDIDATE_FOUND
rp_EPS_20260606_5.20,rp_EPS_max_mayhem,RACE_UNRESOLVED,NO_CANDIDATE_FOUND
rp_EPS_20260606_5.20,rp_EPS_dancing_in_paris,RACE_UNRESOLVED,NO_CANDIDATE_FOUND
rp_EPS_20260606_5.20,rp_EPS_prydwen,RACE_UNRESOLVED,NO_CANDIDATE_FOUND
rp_EPS_20260606_5.20,rp_EPS_regal_ulixes,RACE_UNRESOLVED,NO_CANDIDATE_FOUND
rp_EPS_20260606_5.20,rp_EPS_hengest,RACE_UNRESOLVED,NO_CANDIDATE_FOUND
rp_EPS_20260606_5.20,rp_EPS_night_breeze,RACE_UNRESOLVED,NO_CANDIDATE_FOUND
rp_EPS_20260606_5.20,rp_EPS_antrim,RACE_UNRESOLVED,NO_CANDIDATE_FOUND
rp_EPS_20260606_5.20,rp_EPS_asgard's_captain,RACE_UNRESOLVED,NO_CANDIDATE_FOUND
rp_EPS_20260606_5.20,rp_EPS_military_academy,RACE_UNRESOLVED,NO_CANDIDATE_FOUND
rp_EPS_20260606_5.55,rp_EPS_fine_interview,RACE_UNRESOLVED,NO_CANDIDATE_FOUND
rp_EPS_20260606_5.55,rp_EPS_topwarrior,RACE_UNRESOLVED,NO_CANDIDATE_FOUND
rp_EPS_20260606_5.55,rp_EPS_sondad,RACE_UNRESOLVED,NO_CANDIDATE_FOUND
rp_EPS_20260606_5.55,rp_EPS_apollo_one,RACE_UNRESOLVED,NO_CANDIDATE_FOUND
rp_EPS_20260606_5.55,rp_EPS_gold_star_hero,RACE_UNRESOLVED,NO_CANDIDATE_FOUND
rp_EPS_20260606_5.55,rp_EPS_badri,RACE_UNRESOLVED,NO_CANDIDATE_FOUND
rp_EPS_20260606_5.55,rp_EPS_eye_of_dubai,RACE_UNRESOLVED,NO_CANDIDATE_FOUND
rp_EPS_20260606_5.55,rp_EPS_purest_time,RACE_UNRESOLVED,NO_CANDIDATE_FOUND
rp_EPS_20260606_5.55,rp_EPS_strike_red,RACE_UNRESOLVED,NO_CANDIDATE_FOUND
rp_EPS_20260606_5.55,rp_EPS_kylian,RACE_UNRESOLVED,NO_CANDIDATE_FOUND
rp_EPS_20260606_5.55,rp_EPS_saint_lawrence,RACE_UNRESOLVED,NO_CANDIDATE_FOUND
rp_EPS_20260606_5.55,rp_EPS_partisan_hero,RACE_UNRESOLVED,NO_CANDIDATE_FOUND
rp_EPS_20260606_5.55,rp_EPS_invictus_gold,RACE_UNRESOLVED,NO_CANDIDATE_FOUND
rp_EPS_20260606_5.55,rp_EPS_twilight_jet,RACE_UNRESOLVED,NO_CANDIDATE_FOUND
rp_EPS_20260606_5.55,rp_EPS_roman_dragon,RACE_UNRESOLVED,NO_CANDIDATE_FOUND
rp_EPS_20260606_5.55,rp_EPS_solar_aclaim,RACE_UNRESOLVED,NO_CANDIDATE_FOUND
rp_HEX_20260606_7.13,rp_HEX_abbey_scope,RACE_UNRESOLVED,NO_CANDIDATE_FOUND
rp_HEX_20260606_7.13,rp_HEX_ebselysees,RACE_UNRESOLVED,NO_CANDIDATE_FOUND
rp_HEX_20260606_7.13,rp_HEX_stylish_recruit,RACE_UNRESOLVED,NO_CANDIDATE_FOUND
rp_HEX_20260606_7.13,rp_HEX_robert_d'ores,RACE_UNRESOLVED,NO_CANDIDATE_FOUND
rp_HEX_20260606_7.13,rp_HEX_jeteye,RACE_UNRESOLVED,NO_CANDIDATE_FOUND
rp_HEX_20260606_7.13,rp_HEX_dinons,RACE_UNRESOLVED,NO_CANDIDATE_FOUND
rp_HEX_20260606_4.30,rp_HEX_malangen,RACE_UNRESOLVED,NO_CANDIDATE_FOUND
rp_HEX_20260606_4.30,rp_HEX_byron_hill,RACE_UNRESOLVED,NO_CANDIDATE_FOUND
rp_HEX_20260606_4.30,rp_HEX_cuillin_ridge,RACE_UNRESOLVED,NO_CANDIDATE_FOUND
rp_HEX_20260606_4.30,rp_HEX_my_my_my_delilah,RACE_UNRESOLVED,NO_CANDIDATE_FOUND
rp_HEX_20260606_4.30,rp_HEX_rickety_gate,RACE_UNRESOLVED,NO_CANDIDATE_FOUND
rp_HEX_20260606_4.30,rp_HEX_ushuaia_dancer,RACE_UNRESOLVED,NO_CANDIDATE_FOUND
rp_HEX_20260606_4.30,rp_HEX_fine_point,RACE_UNRESOLVED,NO_CANDIDATE_FOUND
rp_HEX_20260606_4.30,rp_HEX_road_to_rosley,RACE_UNRESOLVED,NO_CANDIDATE_FOUND
rp_HEX_20260606_4.30,rp_HEX_c'mon_so,RACE_UNRESOLVED,NO_CANDIDATE_FOUND
rp_HEX_20260606_4.30,rp_HEX_follow_the_leader,RACE_UNRESOLVED,NO_CANDIDATE_FOUND
rp_HEX_20260606_5.05,rp_HEX_sudbury_hill,RACE_UNRESOLVED,NO_CANDIDATE_FOUND
rp_HEX_20260606_5.05,rp_HEX_tiny_riot,RACE_UNRESOLVED,NO_CANDIDATE_FOUND
rp_HEX_20260606_5.05,rp_HEX_mount_eden,RACE_UNRESOLVED,NO_CANDIDATE_FOUND
rp_HEX_20260606_5.05,rp_HEX_steel_fixer,RACE_UNRESOLVED,NO_CANDIDATE_FOUND
rp_HEX_20260606_5.05,rp_HEX_jambearee,RACE_UNRESOLVED,NO_CANDIDATE_FOUND
rp_HEX_20260606_5.05,rp_HEX_cracking_anna,RACE_UNRESOLVED,NO_CANDIDATE_FOUND
rp_HEX_20260606_5.40,rp_HEX_conquer_the_breeze,RACE_UNRESOLVED,NO_CANDIDATE_FOUND
rp_HEX_20260606_5.40,rp_HEX_passengerontheship,RACE_UNRESOLVED,NO_CANDIDATE_FOUND
rp_HEX_20260606_5.40,rp_HEX_out_on_her_own,RACE_UNRESOLVED,NO_CANDIDATE_FOUND
rp_HEX_20260606_5.40,rp_HEX_dream_jet,RACE_UNRESOLVED,NO_CANDIDATE_FOUND
rp_HEX_20260606_5.40,rp_HEX_halpha_soleil,RACE_UNRESOLVED,NO_CANDIDATE_FOUND
rp_HEX_20260606_5.40,rp_HEX_cosmic_blizzard,RACE_UNRESOLVED,NO_CANDIDATE_FOUND
rp_HEX_20260606_5.40,rp_HEX_similar_story,RACE_UNRESOLVED,NO_CANDIDATE_FOUND
rp_HEX_20260606_5.40,rp_HEX_the_clonmel_kid,RACE_UNRESOLVED,NO_CANDIDATE_FOUND
rp_HEX_20260606_5.40,rp_HEX_manhattan_valley,RACE_UNRESOLVED,NO_CANDIDATE_FOUND
rp_HEX_20260606_6.10,rp_HEX_sir_carnegie,RACE_UNRESOLVED,NO_CANDIDATE_FOUND
rp_HEX_20260606_6.10,rp_HEX_lights_are_green,RACE_UNRESOLVED,NO_CANDIDATE_FOUND
rp_HEX_20260606_6.10,rp_HEX_always_busy,RACE_UNRESOLVED,NO_CANDIDATE_FOUND
rp_HEX_20260606_6.10,rp_HEX_giovanni_change,RACE_UNRESOLVED,NO_CANDIDATE_FOUND
rp_HEX_20260606_6.10,rp_HEX_lakefield_flyer,RACE_UNRESOLVED,NO_CANDIDATE_FOUND
rp_HEX_20260606_6.10,rp_HEX_tell_me_again,RACE_UNRESOLVED,NO_CANDIDATE_FOUND
rp_HEX_20260606_6.10,rp_HEX_no_regrets,RACE_UNRESOLVED,NO_CANDIDATE_FOUND
rp_HEX_20260606_6.10,rp_HEX_west_lawn,RACE_UNRESOLVED,NO_CANDIDATE_FOUND
rp_HEX_20260606_6.10,rp_HEX_foxinthebox,RACE_UNRESOLVED,NO_CANDIDATE_FOUND
rp_HEX_20260606_6.43,rp_HEX_well_educated,RACE_UNRESOLVED,NO_CANDIDATE_FOUND
rp_HEX_20260606_6.43,rp_HEX_two_auld_pals,RACE_UNRESOLVED,NO_CANDIDATE_FOUND
rp_HEX_20260606_6.43,rp_HEX_glory_and_honour,RACE_UNRESOLVED,NO_CANDIDATE_FOUND
rp_HEX_20260606_6.43,rp_HEX_stay_in_the_game,RACE_UNRESOLVED,NO_CANDIDATE_FOUND
rp_HEX_20260606_6.43,rp_HEX_freddy_robinson,RACE_UNRESOLVED,NO_CANDIDATE_FOUND
rp_HEX_20260606_6.43,rp_HEX_pyramid_place,RACE_UNRESOLVED,NO_CANDIDATE_FOUND
rp_LIN_20260606_5.35,rp_LIN_bobacious,RACE_UNRESOLVED,NO_CANDIDATE_FOUND
rp_LIN_20260606_5.35,rp_LIN_bintkend,RACE_UNRESOLVED,NO_CANDIDATE_FOUND
rp_LIN_20260606_5.35,rp_LIN_a_major_payne,RACE_UNRESOLVED,NO_CANDIDATE_FOUND
rp_LIN_20260606_5.35,rp_LIN_kokanee,RACE_UNRESOLVED,NO_CANDIDATE_FOUND
rp_LIN_20260606_5.35,rp_LIN_birthday_angel,RACE_UNRESOLVED,NO_CANDIDATE_FOUND
rp_LIN_20260606_5.35,rp_LIN_kaaranah,RACE_UNRESOLVED,NO_CANDIDATE_FOUND
rp_LIN_20260606_6.05,rp_LIN_sovereign_bay,RACE_UNRESOLVED,NO_CANDIDATE_FOUND
rp_LIN_20260606_6.05,rp_LIN_del_corso,RACE_UNRESOLVED,NO_CANDIDATE_FOUND
rp_LIN_20260606_6.05,rp_LIN_royal_bodyguard,RACE_UNRESOLVED,NO_CANDIDATE_FOUND
rp_LIN_20260606_6.05,rp_LIN_fans_favourite,RACE_UNRESOLVED,NO_CANDIDATE_FOUND
rp_LIN_20260606_6.05,rp_LIN_takeitorleaveit,RACE_UNRESOLVED,NO_CANDIDATE_FOUND
rp_LIN_20260606_6.05,rp_LIN_daretobedifferent,RACE_UNRESOLVED,NO_CANDIDATE_FOUND
rp_LIN_20260606_6.05,rp_LIN_rajendra,RACE_UNRESOLVED,NO_CANDIDATE_FOUND
rp_LIN_20260606_6.35,rp_LIN_cold_fish,RACE_UNRESOLVED,NO_CANDIDATE_FOUND
rp_LIN_20260606_6.35,rp_LIN_cherringham,RACE_UNRESOLVED,NO_CANDIDATE_FOUND
rp_LIN_20260606_6.35,rp_LIN_probation,RACE_UNRESOLVED,NO_CANDIDATE_FOUND
rp_LIN_20260606_6.35,rp_LIN_relentless_hero,RACE_UNRESOLVED,NO_CANDIDATE_FOUND
rp_LIN_20260606_6.35,rp_LIN_parc_dosne,RACE_UNRESOLVED,NO_CANDIDATE_FOUND
rp_LIN_20260606_6.35,rp_LIN_liberate,RACE_UNRESOLVED,NO_CANDIDATE_FOUND
rp_LIN_20260606_6.35,rp_LIN_celestial_cen,RACE_UNRESOLVED,NO_CANDIDATE_FOUND
rp_LIN_20260606_6.35,rp_LIN_fabled_spirit,RACE_UNRESOLVED,NO_CANDIDATE_FOUND
rp_LIN_20260606_6.35,rp_LIN_ataturk,RACE_UNRESOLVED,NO_CANDIDATE_FOUND
rp_LIN_20260606_7.05,rp_LIN_zoustar_dreams,RACE_UNRESOLVED,NO_CANDIDATE_FOUND
rp_LIN_20260606_7.05,rp_LIN_my_mate_mackley,RACE_UNRESOLVED,NO_CANDIDATE_FOUND
rp_LIN_20260606_7.05,rp_LIN_rosieisme_darling,RACE_UNRESOLVED,NO_CANDIDATE_FOUND
rp_LIN_20260606_7.40,rp_LIN_princess_maitha,RACE_UNRESOLVED,NO_CANDIDATE_FOUND
rp_LIN_20260606_7.40,rp_LIN_show_me_gold,RACE_UNRESOLVED,NO_CANDIDATE_FOUND
rp_LIN_20260606_7.40,rp_LIN_drymee,RACE_UNRESOLVED,NO_CANDIDATE_FOUND
rp_LIN_20260606_7.40,rp_LIN_dovecote,RACE_UNRESOLVED,NO_CANDIDATE_FOUND
rp_LIN_20260606_7.40,rp_LIN_call_alert,RACE_UNRESOLVED,NO_CANDIDATE_FOUND
rp_LIN_20260606_7.40,rp_LIN_nothing_but_love,RACE_UNRESOLVED,NO_CANDIDATE_FOUND
rp_LIN_20260606_7.40,rp_LIN_sayidah_aleen,RACE_UNRESOLVED,NO_CANDIDATE_FOUND
rp_LIN_20260606_7.40,rp_LIN_don_pablo_colina,RACE_UNRESOLVED,NO_CANDIDATE_FOUND
rp_LIN_20260606_7.40,rp_LIN_arc_at_her,RACE_UNRESOLVED,NO_CANDIDATE_FOUND
rp_LIN_20260606_7.40,rp_LIN_vicit_venture,RACE_UNRESOLVED,NO_CANDIDATE_FOUND
rp_LIN_20260606_7.40,rp_LIN_turton,RACE_UNRESOLVED,NO_CANDIDATE_FOUND
rp_LIN_20260606_7.40,rp_LIN_ernie_mccrew,RACE_UNRESOLVED,NO_CANDIDATE_FOUND
rp_LIN_20260606_7.40,rp_LIN_mr_jeffrey,RACE_UNRESOLVED,NO_CANDIDATE_FOUND
rp_LIN_20260606_8.10,rp_LIN_pixie_diva,RACE_UNRESOLVED,NO_CANDIDATE_FOUND
rp_LIN_20260606_8.10,rp_LIN_charlie_mason,RACE_UNRESOLVED,NO_CANDIDATE_FOUND
rp_LIN_20260606_8.10,rp_LIN_raffles_angel,RACE_UNRESOLVED,NO_CANDIDATE_FOUND
rp_LIN_20260606_8.10,rp_LIN_brazen_idol,RACE_UNRESOLVED,NO_CANDIDATE_FOUND
rp_LIN_20260606_8.10,rp_LIN_queue_dos,RACE_UNRESOLVED,NO_CANDIDATE_FOUND
rp_LIN_20260606_8.10,rp_LIN_monsieur_kodi,RACE_UNRESOLVED,NO_CANDIDATE_FOUND
rp_LIN_20260606_8.10,rp_LIN_tyger_bay,RACE_UNRESOLVED,NO_CANDIDATE_FOUND
rp_LIN_20260606_8.10,rp_LIN_hierarchy,RACE_UNRESOLVED,NO_CANDIDATE_FOUND
rp_LIN_20260606_8.40,rp_LIN_no_gain,RACE_UNRESOLVED,NO_CANDIDATE_FOUND
rp_LIN_20260606_8.40,rp_LIN_beau_jardine,RACE_UNRESOLVED,NO_CANDIDATE_FOUND
rp_LIN_20260606_8.40,rp_LIN_drafted,RACE_UNRESOLVED,NO_CANDIDATE_FOUND
rp_LIN_20260606_8.40,rp_LIN_fulford_cross,RACE_UNRESOLVED,NO_CANDIDATE_FOUND
rp_LIN_20260606_8.40,rp_LIN_ballybaymoonshiner,RACE_UNRESOLVED,NO_CANDIDATE_FOUND
rp_LIN_20260606_8.40,rp_LIN_kessaar_power,RACE_UNRESOLVED,NO_CANDIDATE_FOUND
rp_LIN_20260606_8.40,rp_LIN_zambezi_diamond,RACE_UNRESOLVED,NO_CANDIDATE_FOUND
rp_LIN_20260606_8.40,rp_LIN_daddy_chill,RACE_UNRESOLVED,NO_CANDIDATE_FOUND
rp_MUS_20260606_1.40,rp_MUS_pop_star,RACE_UNRESOLVED,NO_CANDIDATE_FOUND
rp_MUS_20260606_1.40,rp_MUS_albegone,RACE_UNRESOLVED,NO_CANDIDATE_FOUND
rp_MUS_20260606_1.40,rp_MUS_tanjen,RACE_UNRESOLVED,NO_CANDIDATE_FOUND
rp_MUS_20260606_1.40,rp_MUS_komorkis,RACE_UNRESOLVED,NO_CANDIDATE_FOUND
rp_MUS_20260606_1.40,rp_MUS_canaria_queen,RACE_UNRESOLVED,NO_CANDIDATE_FOUND
rp_MUS_20260606_1.40,rp_MUS_wrestling_revenue,RACE_UNRESOLVED,NO_CANDIDATE_FOUND
rp_MUS_20260606_1.40,rp_MUS_until_dawn,RACE_UNRESOLVED,NO_CANDIDATE_FOUND
rp_MUS_20260606_1.40,rp_MUS_classy_clarets,RACE_UNRESOLVED,NO_CANDIDATE_FOUND
rp_MUS_20260606_1.40,rp_MUS_hard_nut,RACE_UNRESOLVED,NO_CANDIDATE_FOUND
rp_MUS_20260606_1.40,rp_MUS_sixcor,RACE_UNRESOLVED,NO_CANDIDATE_FOUND
rp_MUS_20260606_1.40,rp_MUS_wee_mary,RACE_UNRESOLVED,NO_CANDIDATE_FOUND
rp_MUS_20260606_1.40,rp_MUS_royal_duke,RACE_UNRESOLVED,NO_CANDIDATE_FOUND
rp_MUS_20260606_1.40,rp_MUS_fear_and_fast,RACE_UNRESOLVED,NO_CANDIDATE_FOUND
rp_MUS_20260606_2.15,rp_MUS_furturra,RACE_UNRESOLVED,NO_CANDIDATE_FOUND
rp_MUS_20260606_2.15,rp_MUS_turnstile,RACE_UNRESOLVED,NO_CANDIDATE_FOUND
rp_MUS_20260606_2.15,rp_MUS_fern_clyde,RACE_UNRESOLVED,NO_CANDIDATE_FOUND
rp_MUS_20260606_2.15,rp_MUS_lairy_mary,RACE_UNRESOLVED,NO_CANDIDATE_FOUND
rp_MUS_20260606_2.15,rp_MUS_spectacular_diver,RACE_UNRESOLVED,NO_CANDIDATE_FOUND
rp_MUS_20260606_2.15,rp_MUS_tricky_jenny,RACE_UNRESOLVED,NO_CANDIDATE_FOUND
rp_MUS_20260606_2.15,rp_MUS_tree_wizard,RACE_UNRESOLVED,NO_CANDIDATE_FOUND
rp_MUS_20260606_2.15,rp_MUS_dee's_star,RACE_UNRESOLVED,NO_CANDIDATE_FOUND
rp_MUS_20260606_2.15,rp_MUS_havana_gift,RACE_UNRESOLVED,NO_CANDIDATE_FOUND
rp_MUS_20260606_2.15,rp_MUS_tango_hotel,RACE_UNRESOLVED,NO_CANDIDATE_FOUND
rp_MUS_20260606_2.15,rp_MUS_fortunate,RACE_UNRESOLVED,NO_CANDIDATE_FOUND
rp_MUS_20260606_2.15,rp_MUS_stay_on_tab,RACE_UNRESOLVED,NO_CANDIDATE_FOUND
rp_MUS_20260606_2.15,rp_MUS_needin'_u,RACE_UNRESOLVED,NO_CANDIDATE_FOUND
rp_MUS_20260606_2.50,rp_MUS_mae_amor,RACE_UNRESOLVED,NO_CANDIDATE_FOUND
rp_MUS_20260606_2.50,rp_MUS_son,RACE_UNRESOLVED,NO_CANDIDATE_FOUND
rp_MUS_20260606_2.50,rp_MUS_zubaru,RACE_UNRESOLVED,NO_CANDIDATE_FOUND
rp_MUS_20260606_2.50,rp_MUS_royalty_bay,RACE_UNRESOLVED,NO_CANDIDATE_FOUND
rp_MUS_20260606_2.50,rp_MUS_calyxoh,RACE_UNRESOLVED,NO_CANDIDATE_FOUND
rp_MUS_20260606_2.50,rp_MUS_society_man,RACE_UNRESOLVED,NO_CANDIDATE_FOUND
rp_MUS_20260606_2.50,rp_MUS_wreck_it_ryley,RACE_UNRESOLVED,NO_CANDIDATE_FOUND
rp_MUS_20260606_2.50,rp_MUS_abduction,RACE_UNRESOLVED,NO_CANDIDATE_FOUND
rp_MUS_20260606_2.50,rp_MUS_one_night_thunder,RACE_UNRESOLVED,NO_CANDIDATE_FOUND
rp_MUS_20260606_2.50,rp_MUS_monsieur_kodi,RACE_UNRESOLVED,NO_CANDIDATE_FOUND
rp_MUS_20260606_2.50,rp_MUS_inspired,RACE_UNRESOLVED,NO_CANDIDATE_FOUND
rp_MUS_20260606_2.50,rp_MUS_modern_times,RACE_UNRESOLVED,NO_CANDIDATE_FOUND
rp_MUS_20260606_2.50,rp_MUS_yaaser,RACE_UNRESOLVED,NO_CANDIDATE_FOUND
rp_MUS_20260606_2.50,rp_MUS_black_storm,RACE_UNRESOLVED,NO_CANDIDATE_FOUND
rp_MUS_20260606_2.50,rp_MUS_qazaq,RACE_UNRESOLVED,NO_CANDIDATE_FOUND
rp_MUS_20260606_2.50,rp_MUS_war_howl,RACE_UNRESOLVED,NO_CANDIDATE_FOUND
rp_MUS_20260606_2.50,rp_MUS_pickersgill,RACE_UNRESOLVED,NO_CANDIDATE_FOUND
rp_MUS_20260606_3.28,rp_MUS_copacabana_sands,RACE_UNRESOLVED,NO_CANDIDATE_FOUND
rp_MUS_20260606_3.28,rp_MUS_la_brodeuse,RACE_UNRESOLVED,NO_CANDIDATE_FOUND
rp_MUS_20260606_3.28,rp_MUS_cinque_verde,RACE_UNRESOLVED,NO_CANDIDATE_FOUND
rp_MUS_20260606_3.28,rp_MUS_magic_basma,RACE_UNRESOLVED,NO_CANDIDATE_FOUND
rp_MUS_20260606_3.28,rp_MUS_circe,RACE_UNRESOLVED,NO_CANDIDATE_FOUND
rp_MUS_20260606_3.28,rp_MUS_havana_pusey,RACE_UNRESOLVED,NO_CANDIDATE_FOUND
rp_MUS_20260606_3.28,rp_MUS_betty_clover,RACE_UNRESOLVED,NO_CANDIDATE_FOUND
rp_MUS_20260606_3.28,rp_MUS_forty_years_on,RACE_UNRESOLVED,NO_CANDIDATE_FOUND
rp_MUS_20260606_3.28,rp_MUS_awaken,RACE_UNRESOLVED,NO_CANDIDATE_FOUND
rp_MUS_20260606_3.28,rp_MUS_ellusive_butterfly,RACE_UNRESOLVED,NO_CANDIDATE_FOUND
rp_MUS_20260606_3.28,rp_MUS_maeva,RACE_UNRESOLVED,NO_CANDIDATE_FOUND
rp_MUS_20260606_3.28,rp_MUS_golden_palace,RACE_UNRESOLVED,NO_CANDIDATE_FOUND
rp_MUS_20260606_3.28,rp_MUS_beaujolais_nouveau,RACE_UNRESOLVED,NO_CANDIDATE_FOUND
rp_MUS_20260606_3.28,rp_MUS_brazilian_rose,RACE_UNRESOLVED,NO_CANDIDATE_FOUND
rp_MUS_20260606_3.28,rp_MUS_figjam,RACE_UNRESOLVED,NO_CANDIDATE_FOUND
rp_MUS_20260606_3.28,rp_MUS_just_a_girl,RACE_UNRESOLVED,NO_CANDIDATE_FOUND
rp_MUS_20260606_3.28,rp_MUS_greydreambeliever,RACE_UNRESOLVED,NO_CANDIDATE_FOUND
rp_MUS_20260606_3.28,rp_MUS_secret_of_life,RACE_UNRESOLVED,NO_CANDIDATE_FOUND
rp_MUS_20260606_4.10,rp_MUS_haayimm,RACE_UNRESOLVED,NO_CANDIDATE_FOUND
rp_MUS_20260606_4.10,rp_MUS_vincenzo_peruggia,RACE_UNRESOLVED,NO_CANDIDATE_FOUND
rp_MUS_20260606_4.10,rp_MUS_lake_como,RACE_UNRESOLVED,NO_CANDIDATE_FOUND
rp_MUS_20260606_4.10,rp_MUS_strength_of_spirit,RACE_UNRESOLVED,NO_CANDIDATE_FOUND
rp_MUS_20260606_4.10,rp_MUS_evening_blues,RACE_UNRESOLVED,NO_CANDIDATE_FOUND
rp_MUS_20260606_4.10,rp_MUS_morven,RACE_UNRESOLVED,NO_CANDIDATE_FOUND
rp_MUS_20260606_4.10,rp_MUS_monoceros,RACE_UNRESOLVED,NO_CANDIDATE_FOUND
rp_MUS_20260606_4.10,rp_MUS_pandemonium,RACE_UNRESOLVED,NO_CANDIDATE_FOUND
rp_MUS_20260606_4.10,rp_MUS_blues_and_royals,RACE_UNRESOLVED,NO_CANDIDATE_FOUND
rp_MUS_20260606_4.10,rp_MUS_magical_merlot,RACE_UNRESOLVED,NO_CANDIDATE_FOUND
rp_MUS_20260606_4.10,rp_MUS_victory_ace,RACE_UNRESOLVED,NO_CANDIDATE_FOUND
rp_MUS_20260606_4.45,rp_MUS_mighty_magnus,RACE_UNRESOLVED,NO_CANDIDATE_FOUND
rp_MUS_20260606_4.45,rp_MUS_major_neigh_sayer,RACE_UNRESOLVED,NO_CANDIDATE_FOUND
rp_MUS_20260606_4.45,rp_MUS_lebron_power,RACE_UNRESOLVED,NO_CANDIDATE_FOUND
rp_MUS_20260606_4.45,rp_MUS_arduis_invicta,RACE_UNRESOLVED,NO_CANDIDATE_FOUND
rp_MUS_20260606_4.45,rp_MUS_kind_touch,RACE_UNRESOLVED,NO_CANDIDATE_FOUND
rp_MUS_20260606_4.45,rp_MUS_dandy_breeze,RACE_UNRESOLVED,NO_CANDIDATE_FOUND
rp_MUS_20260606_4.45,rp_MUS_merlier,RACE_UNRESOLVED,NO_CANDIDATE_FOUND
rp_MUS_20260606_4.45,rp_MUS_justmyluck,RACE_UNRESOLVED,NO_CANDIDATE_FOUND
rp_MUS_20260606_5.15,rp_MUS_little_ted,RACE_UNRESOLVED,NO_CANDIDATE_FOUND
rp_MUS_20260606_5.15,rp_MUS_nakatomi,RACE_UNRESOLVED,NO_CANDIDATE_FOUND
rp_MUS_20260606_5.15,rp_MUS_war_memorial,RACE_UNRESOLVED,NO_CANDIDATE_FOUND
rp_MUS_20260606_5.15,rp_MUS_monhammer,RACE_UNRESOLVED,NO_CANDIDATE_FOUND
rp_MUS_20260606_5.15,rp_MUS_on_the_bubble,RACE_UNRESOLVED,NO_CANDIDATE_FOUND
rp_MUS_20260606_5.15,rp_MUS_zebra_star,RACE_UNRESOLVED,NO_CANDIDATE_FOUND
rp_MUS_20260606_5.15,rp_MUS_samra_star,RACE_UNRESOLVED,NO_CANDIDATE_FOUND
rp_MUS_20260606_5.15,rp_MUS_doon_the_glen,RACE_UNRESOLVED,NO_CANDIDATE_FOUND
rp_MUS_20260606_5.15,rp_MUS_pebble_dash,RACE_UNRESOLVED,NO_CANDIDATE_FOUND
rp_MUS_20260606_5.15,rp_MUS_freak_encounter,RACE_UNRESOLVED,NO_CANDIDATE_FOUND
rp_MUS_20260606_5.15,rp_MUS_mavetheforcebewivu,RACE_UNRESOLVED,NO_CANDIDATE_FOUND
rp_MUS_20260606_5.15,rp_MUS_approaching_dawn,RACE_UNRESOLVED,NO_CANDIDATE_FOUND
rp_WOR_20260606_1.45,rp_WOR_captain_boudet,RACE_UNRESOLVED,NO_CANDIDATE_FOUND
rp_WOR_20260606_1.45,rp_WOR_dyno_dave,RACE_UNRESOLVED,NO_CANDIDATE_FOUND
rp_WOR_20260606_1.45,rp_WOR_jongleur_d'etoiles,RACE_UNRESOLVED,NO_CANDIDATE_FOUND
rp_WOR_20260606_1.45,rp_WOR_the_flying_poet,RACE_UNRESOLVED,NO_CANDIDATE_FOUND
rp_WOR_20260606_1.45,rp_WOR_redbridge_rambler,RACE_UNRESOLVED,NO_CANDIDATE_FOUND
rp_WOR_20260606_1.45,rp_WOR_anytrixwilldo,RACE_UNRESOLVED,NO_CANDIDATE_FOUND
rp_WOR_20260606_1.45,rp_WOR_hall_lane,RACE_UNRESOLVED,NO_CANDIDATE_FOUND
rp_WOR_20260606_1.45,rp_WOR_stay_hopeful,RACE_UNRESOLVED,NO_CANDIDATE_FOUND
rp_WOR_20260606_1.45,rp_WOR_les's_destiny_star,RACE_UNRESOLVED,NO_CANDIDATE_FOUND
rp_WOR_20260606_1.45,rp_WOR_balkardy,RACE_UNRESOLVED,NO_CANDIDATE_FOUND
rp_WOR_20260606_1.45,rp_WOR_atlanta_brave,RACE_UNRESOLVED,NO_CANDIDATE_FOUND
rp_WOR_20260606_1.45,rp_WOR_axel_bleue,RACE_UNRESOLVED,NO_CANDIDATE_FOUND
rp_WOR_20260606_1.45,rp_WOR_gata_ban,RACE_UNRESOLVED,NO_CANDIDATE_FOUND
rp_WOR_20260606_1.45,rp_WOR_est_illic,RACE_UNRESOLVED,NO_CANDIDATE_FOUND
rp_WOR_20260606_1.45,rp_WOR_king_of_the_story,RACE_UNRESOLVED,NO_CANDIDATE_FOUND
rp_WOR_20260606_1.45,rp_WOR_henry_box_brown,RACE_UNRESOLVED,NO_CANDIDATE_FOUND
rp_WOR_20260606_1.45,rp_WOR_jullou_de_grissay,RACE_UNRESOLVED,NO_CANDIDATE_FOUND
rp_WOR_20260606_1.45,rp_WOR_another_mystery,RACE_UNRESOLVED,NO_CANDIDATE_FOUND
rp_WOR_20260606_1.45,rp_WOR_kenzo_des_bruyeres,RACE_UNRESOLVED,NO_CANDIDATE_FOUND
rp_WOR_20260606_1.45,rp_WOR_jack_to_bat,RACE_UNRESOLVED,NO_CANDIDATE_FOUND
rp_WOR_20260606_1.45,rp_WOR_the_moonlight_man,RACE_UNRESOLVED,NO_CANDIDATE_FOUND
rp_WOR_20260606_2.20,rp_WOR_jiair_madrik,RACE_UNRESOLVED,NO_CANDIDATE_FOUND
rp_WOR_20260606_2.20,rp_WOR_majestic_moment,RACE_UNRESOLVED,NO_CANDIDATE_FOUND
rp_WOR_20260606_2.20,rp_WOR_a_little_something,RACE_UNRESOLVED,NO_CANDIDATE_FOUND
rp_WOR_20260606_2.20,rp_WOR_la_quarite,RACE_UNRESOLVED,NO_CANDIDATE_FOUND
rp_WOR_20260606_2.20,rp_WOR_applicationofcash,RACE_UNRESOLVED,NO_CANDIDATE_FOUND
rp_WOR_20260606_2.20,rp_WOR_les's_destiny_star,RACE_UNRESOLVED,NO_CANDIDATE_FOUND
rp_WOR_20260606_2.20,rp_WOR_wings_on_wheels,RACE_UNRESOLVED,NO_CANDIDATE_FOUND
rp_WOR_20260606_2.20,rp_WOR_kings_order,RACE_UNRESOLVED,NO_CANDIDATE_FOUND
rp_WOR_20260606_2.20,rp_WOR_culligran,RACE_UNRESOLVED,NO_CANDIDATE_FOUND
rp_WOR_20260606_2.20,rp_WOR_holy_legend,RACE_UNRESOLVED,NO_CANDIDATE_FOUND
rp_WOR_20260606_2.20,rp_WOR_charity_barnum,RACE_UNRESOLVED,NO_CANDIDATE_FOUND
rp_WOR_20260606_2.20,rp_WOR_song_of_earth,RACE_UNRESOLVED,NO_CANDIDATE_FOUND
rp_WOR_20260606_2.20,rp_WOR_rockvale,RACE_UNRESOLVED,NO_CANDIDATE_FOUND
rp_WOR_20260606_2.20,rp_WOR_noble_recall,RACE_UNRESOLVED,NO_CANDIDATE_FOUND
rp_WOR_20260606_2.20,rp_WOR_pooroldmackley,RACE_UNRESOLVED,NO_CANDIDATE_FOUND
rp_WOR_20260606_2.20,rp_WOR_the_moonlight_man,RACE_UNRESOLVED,NO_CANDIDATE_FOUND
rp_WOR_20260606_2.55,rp_WOR_she_is_for_me_boys,RACE_UNRESOLVED,NO_CANDIDATE_FOUND
rp_WOR_20260606_2.55,rp_WOR_a_little_something,RACE_UNRESOLVED,NO_CANDIDATE_FOUND
rp_WOR_20260606_2.55,rp_WOR_laffer_curve,RACE_UNRESOLVED,NO_CANDIDATE_FOUND
rp_WOR_20260606_2.55,rp_WOR_i_am_the_moon,RACE_UNRESOLVED,NO_CANDIDATE_FOUND
rp_WOR_20260606_2.55,rp_WOR_beorma,RACE_UNRESOLVED,NO_CANDIDATE_FOUND
rp_WOR_20260606_2.55,rp_WOR_culligran,RACE_UNRESOLVED,NO_CANDIDATE_FOUND
rp_WOR_20260606_2.55,rp_WOR_charity_barnum,RACE_UNRESOLVED,NO_CANDIDATE_FOUND
rp_WOR_20260606_2.55,rp_WOR_miss_denver,RACE_UNRESOLVED,NO_CANDIDATE_FOUND
rp_WOR_20260606_3.33,rp_WOR_ultimately,RACE_UNRESOLVED,NO_CANDIDATE_FOUND
rp_WOR_20260606_3.33,rp_WOR_giant's_way,RACE_UNRESOLVED,NO_CANDIDATE_FOUND
rp_WOR_20260606_3.33,rp_WOR_storm_dudley,RACE_UNRESOLVED,NO_CANDIDATE_FOUND
rp_WOR_20260606_3.33,rp_WOR_master_tim,RACE_UNRESOLVED,NO_CANDIDATE_FOUND
rp_WOR_20260606_3.33,rp_WOR_delusionofgrandeur,RACE_UNRESOLVED,NO_CANDIDATE_FOUND
rp_WOR_20260606_3.33,rp_WOR_litaque,RACE_UNRESOLVED,NO_CANDIDATE_FOUND
rp_WOR_20260606_3.33,rp_WOR_emerald_tir,RACE_UNRESOLVED,NO_CANDIDATE_FOUND
rp_WOR_20260606_3.33,rp_WOR_loman_lady,RACE_UNRESOLVED,NO_CANDIDATE_FOUND
rp_WOR_20260606_3.33,rp_WOR_redbarn,RACE_UNRESOLVED,NO_CANDIDATE_FOUND
rp_WOR_20260606_3.33,rp_WOR_thepassingtyphoon,RACE_UNRESOLVED,NO_CANDIDATE_FOUND
rp_WOR_20260606_3.33,rp_WOR_matty's_mate,RACE_UNRESOLVED,NO_CANDIDATE_FOUND
rp_WOR_20260606_3.33,rp_WOR_c'est_pour_moi,RACE_UNRESOLVED,NO_CANDIDATE_FOUND
rp_WOR_20260606_4.15,rp_WOR_miss_kingston,RACE_UNRESOLVED,NO_CANDIDATE_FOUND
rp_WOR_20260606_4.15,rp_WOR_pioneer_pete,RACE_UNRESOLVED,NO_CANDIDATE_FOUND
rp_WOR_20260606_4.15,rp_WOR_molten_sea,RACE_UNRESOLVED,NO_CANDIDATE_FOUND
rp_WOR_20260606_4.15,rp_WOR_little_lady_rock,RACE_UNRESOLVED,NO_CANDIDATE_FOUND
rp_WOR_20260606_4.15,rp_WOR_mayo,RACE_UNRESOLVED,NO_CANDIDATE_FOUND
rp_WOR_20260606_4.15,rp_WOR_solo_eclipse,RACE_UNRESOLVED,NO_CANDIDATE_FOUND
rp_WOR_20260606_4.15,rp_WOR_fine_fellow,RACE_UNRESOLVED,NO_CANDIDATE_FOUND
rp_WOR_20260606_4.15,rp_WOR_thatsnotmyname,RACE_UNRESOLVED,NO_CANDIDATE_FOUND
rp_WOR_20260606_4.50,rp_WOR_oakley,RACE_UNRESOLVED,NO_CANDIDATE_FOUND
rp_WOR_20260606_4.50,rp_WOR_speed_davis,RACE_UNRESOLVED,NO_CANDIDATE_FOUND
rp_WOR_20260606_4.50,rp_WOR_continuance,RACE_UNRESOLVED,NO_CANDIDATE_FOUND
rp_WOR_20260606_4.50,rp_WOR_castle_ivers,RACE_UNRESOLVED,NO_CANDIDATE_FOUND
rp_WOR_20260606_4.50,rp_WOR_trust_house,RACE_UNRESOLVED,NO_CANDIDATE_FOUND
rp_WOR_20260606_4.50,rp_WOR_bertie_b,RACE_UNRESOLVED,NO_CANDIDATE_FOUND
rp_WOR_20260606_4.50,rp_WOR_theatre_tom,RACE_UNRESOLVED,NO_CANDIDATE_FOUND
rp_WOR_20260606_5.25,rp_WOR_pike_road,RACE_UNRESOLVED,NO_CANDIDATE_FOUND
rp_WOR_20260606_5.25,rp_WOR_the_long_walk,RACE_UNRESOLVED,NO_CANDIDATE_FOUND
rp_WOR_20260606_5.25,rp_WOR_impecunious,RACE_UNRESOLVED,NO_CANDIDATE_FOUND
rp_WOR_20260606_5.25,rp_WOR_eaton_anne,RACE_UNRESOLVED,NO_CANDIDATE_FOUND
rp_WOR_20260606_5.25,rp_WOR_lacrima,RACE_UNRESOLVED,NO_CANDIDATE_FOUND
rp_WOR_20260606_5.25,rp_WOR_peter's_last_deal,RACE_UNRESOLVED,NO_CANDIDATE_FOUND
rp_WOR_20260606_5.25,rp_WOR_gwash,RACE_UNRESOLVED,NO_CANDIDATE_FOUND
rp_WOR_20260606_5.25,rp_WOR_prince_de_juilley,RACE_UNRESOLVED,NO_CANDIDATE_FOUND
rp_WOR_20260606_5.25,rp_WOR_ebony_warrior,RACE_UNRESOLVED,NO_CANDIDATE_FOUND
rp_WOR_20260606_5.25,rp_WOR_fairlawn_skipper,RACE_UNRESOLVED,NO_CANDIDATE_FOUND
rp_WOR_20260606_5.25,rp_WOR_balkardy,RACE_UNRESOLVED,NO_CANDIDATE_FOUND
rp_CHP_20260606_5.10,rp_CHP_tomarlo,RACE_UNRESOLVED,NO_CANDIDATE_FOUND
rp_CHP_20260606_5.10,rp_CHP_so_smart,RACE_UNRESOLVED,NO_CANDIDATE_FOUND
rp_CHP_20260606_5.10,rp_CHP_some_nightmare,RACE_UNRESOLVED,NO_CANDIDATE_FOUND
rp_CHP_20260606_5.10,rp_CHP_call_time,RACE_UNRESOLVED,NO_CANDIDATE_FOUND
rp_CHP_20260606_5.10,rp_CHP_son_of_astar,RACE_UNRESOLVED,NO_CANDIDATE_FOUND
rp_CHP_20260606_5.10,rp_CHP_hidden_verse,RACE_UNRESOLVED,NO_CANDIDATE_FOUND
rp_CHP_20260606_5.10,rp_CHP_macarone,RACE_UNRESOLVED,NO_CANDIDATE_FOUND
rp_CHP_20260606_5.10,rp_CHP_pearl's_edge,RACE_UNRESOLVED,NO_CANDIDATE_FOUND
rp_CHP_20260606_5.10,rp_CHP_fletcher's_flight,RACE_UNRESOLVED,NO_CANDIDATE_FOUND
rp_CHP_20260606_5.47,rp_CHP_resemblance,RACE_UNRESOLVED,NO_CANDIDATE_FOUND
rp_CHP_20260606_5.47,rp_CHP_secret_rival,RACE_UNRESOLVED,NO_CANDIDATE_FOUND
rp_CHP_20260606_5.47,rp_CHP_clueisinthetitle,RACE_UNRESOLVED,NO_CANDIDATE_FOUND
rp_CHP_20260606_5.47,rp_CHP_big_hitter,RACE_UNRESOLVED,NO_CANDIDATE_FOUND
rp_CHP_20260606_5.47,rp_CHP_chilli,RACE_UNRESOLVED,NO_CANDIDATE_FOUND
rp_CHP_20260606_5.47,rp_CHP_angels_lane,RACE_UNRESOLVED,NO_CANDIDATE_FOUND
rp_CHP_20260606_5.47,rp_CHP_miss_moneypit,RACE_UNRESOLVED,NO_CANDIDATE_FOUND
rp_CHP_20260606_5.47,rp_CHP_my_maria,RACE_UNRESOLVED,NO_CANDIDATE_FOUND
rp_CHP_20260606_5.47,rp_CHP_penny_capri,RACE_UNRESOLVED,NO_CANDIDATE_FOUND
rp_GOO_20260607_1.50,5408638,RACE_UNRESOLVED,NO_CANDIDATE_FOUND
rp_GOO_20260607_1.50,3158776,RACE_UNRESOLVED,NO_CANDIDATE_FOUND
rp_GOO_20260607_1.50,5048131,RACE_UNRESOLVED,NO_CANDIDATE_FOUND
rp_GOO_20260607_1.50,5580200,RACE_UNRESOLVED,NO_CANDIDATE_FOUND
rp_GOO_20260607_1.50,4963772,RACE_UNRESOLVED,NO_CANDIDATE_FOUND
rp_GOO_20260607_1.50,5279949,RACE_UNRESOLVED,NO_CANDIDATE_FOUND
rp_GOO_20260607_1.50,6523177,RACE_UNRESOLVED,NO_CANDIDATE_FOUND
rp_GOO_20260607_1.50,6046645,RACE_UNRESOLVED,NO_CANDIDATE_FOUND
rp_GOO_20260607_1.50,5746531,RACE_UNRESOLVED,NO_CANDIDATE_FOUND
rp_GOO_20260607_2.25,9268183,RACE_UNRESOLVED,NO_CANDIDATE_FOUND
rp_GOO_20260607_2.25,9344967,RACE_UNRESOLVED,NO_CANDIDATE_FOUND
rp_GOO_20260607_2.25,9317879,RACE_UNRESOLVED,NO_CANDIDATE_FOUND
rp_GOO_20260607_2.25,9244710,RACE_UNRESOLVED,NO_CANDIDATE_FOUND
rp_GOO_20260607_2.25,9231644,RACE_UNRESOLVED,NO_CANDIDATE_FOUND
rp_GOO_20260607_2.25,8881414,RACE_UNRESOLVED,NO_CANDIDATE_FOUND
rp_GOO_20260607_3.00,9153298,RACE_UNRESOLVED,NO_CANDIDATE_FOUND
rp_GOO_20260607_3.00,8881491,RACE_UNRESOLVED,NO_CANDIDATE_FOUND
rp_GOO_20260607_3.00,9344931,RACE_UNRESOLVED,NO_CANDIDATE_FOUND
rp_GOO_20260607_3.00,9153296,RACE_UNRESOLVED,NO_CANDIDATE_FOUND
rp_GOO_20260607_3.00,8688613,RACE_UNRESOLVED,NO_CANDIDATE_FOUND
rp_GOO_20260607_3.35,8174790,RACE_UNRESOLVED,NO_CANDIDATE_FOUND
rp_GOO_20260607_3.35,7987997,RACE_UNRESOLVED,NO_CANDIDATE_FOUND
rp_GOO_20260607_3.35,8494424,RACE_UNRESOLVED,NO_CANDIDATE_FOUND
rp_GOO_20260607_3.35,8245520,RACE_UNRESOLVED,NO_CANDIDATE_FOUND
rp_GOO_20260607_3.35,7776072,RACE_UNRESOLVED,NO_CANDIDATE_FOUND
rp_GOO_20260607_3.35,7957281,RACE_UNRESOLVED,NO_CANDIDATE_FOUND
rp_GOO_20260607_3.35,8188050,RACE_UNRESOLVED,NO_CANDIDATE_FOUND
rp_GOO_20260607_3.35,7627175,RACE_UNRESOLVED,NO_CANDIDATE_FOUND
rp_GOO_20260607_3.35,9060383,RACE_UNRESOLVED,NO_CANDIDATE_FOUND
rp_GOO_20260607_3.35,8227227,RACE_UNRESOLVED,NO_CANDIDATE_FOUND
rp_GOO_20260607_4.10,6397997,RACE_UNRESOLVED,NO_CANDIDATE_FOUND
rp_GOO_20260607_4.10,4001892,RACE_UNRESOLVED,NO_CANDIDATE_FOUND
rp_GOO_20260607_4.10,2456719,RACE_UNRESOLVED,NO_CANDIDATE_FOUND
rp_GOO_20260607_4.10,5349553,RACE_UNRESOLVED,NO_CANDIDATE_FOUND
rp_GOO_20260607_4.10,2039358,RACE_UNRESOLVED,NO_CANDIDATE_FOUND
rp_GOO_20260607_4.10,7987965,RACE_UNRESOLVED,NO_CANDIDATE_FOUND
rp_GOO_20260607_4.10,3193509,RACE_UNRESOLVED,NO_CANDIDATE_FOUND
rp_GOO_20260607_4.10,3757027,RACE_UNRESOLVED,NO_CANDIDATE_FOUND
rp_GOO_20260607_4.10,2871731,RACE_UNRESOLVED,NO_CANDIDATE_FOUND
rp_GOO_20260607_4.45,7561590,RACE_UNRESOLVED,NO_CANDIDATE_FOUND
rp_GOO_20260607_4.45,5162465,RACE_UNRESOLVED,NO_CANDIDATE_FOUND
rp_GOO_20260607_4.45,2644667,RACE_UNRESOLVED,NO_CANDIDATE_FOUND
rp_GOO_20260607_4.45,5329819,RACE_UNRESOLVED,NO_CANDIDATE_FOUND
rp_GOO_20260607_4.45,4841494,RACE_UNRESOLVED,NO_CANDIDATE_FOUND
rp_GOO_20260607_4.45,7427003,RACE_UNRESOLVED,NO_CANDIDATE_FOUND
rp_GOO_20260607_5.20,6410531,RACE_UNRESOLVED,NO_CANDIDATE_FOUND
rp_GOO_20260607_5.20,3092706,RACE_UNRESOLVED,NO_CANDIDATE_FOUND
rp_GOO_20260607_5.20,3161578,RACE_UNRESOLVED,NO_CANDIDATE_FOUND
rp_GOO_20260607_5.20,6657544,RACE_UNRESOLVED,NO_CANDIDATE_FOUND
rp_GOO_20260607_5.20,4990396,RACE_UNRESOLVED,NO_CANDIDATE_FOUND
rp_GOO_20260607_5.20,6737441,RACE_UNRESOLVED,NO_CANDIDATE_FOUND
rp_GOO_20260607_5.20,5118327,RACE_UNRESOLVED,NO_CANDIDATE_FOUND
rp_GOO_20260607_5.20,5128000,RACE_UNRESOLVED,NO_CANDIDATE_FOUND
rp_GOO_20260607_5.20,5708625,RACE_UNRESOLVED,NO_CANDIDATE_FOUND
rp_NAV_20260607_1.07,9254402,RACE_UNRESOLVED,NO_CANDIDATE_FOUND
rp_NAV_20260607_1.07,9263835,RACE_UNRESOLVED,NO_CANDIDATE_FOUND
rp_NAV_20260607_1.07,9184968,RACE_UNRESOLVED,NO_CANDIDATE_FOUND
rp_NAV_20260607_1.07,9350207,RACE_UNRESOLVED,NO_CANDIDATE_FOUND
rp_NAV_20260607_1.07,9350206,RACE_UNRESOLVED,NO_CANDIDATE_FOUND
rp_NAV_20260607_1.07,9350205,RACE_UNRESOLVED,NO_CANDIDATE_FOUND
rp_NAV_20260607_1.07,9004852,RACE_UNRESOLVED,NO_CANDIDATE_FOUND
rp_NAV_20260607_1.07,9263822,RACE_UNRESOLVED,NO_CANDIDATE_FOUND
rp_NAV_20260607_1.07,9157491,RACE_UNRESOLVED,NO_CANDIDATE_FOUND
rp_NAV_20260607_1.07,9254397,RACE_UNRESOLVED,NO_CANDIDATE_FOUND
rp_NAV_20260607_1.42,7499455,RACE_UNRESOLVED,NO_CANDIDATE_FOUND
rp_NAV_20260607_1.42,4076274,RACE_UNRESOLVED,NO_CANDIDATE_FOUND
rp_NAV_20260607_1.42,3332129,RACE_UNRESOLVED,NO_CANDIDATE_FOUND
rp_NAV_20260607_1.42,4589979,RACE_UNRESOLVED,NO_CANDIDATE_FOUND
rp_NAV_20260607_1.42,3332122,RACE_UNRESOLVED,NO_CANDIDATE_FOUND
rp_NAV_20260607_1.42,3538640,RACE_UNRESOLVED,NO_CANDIDATE_FOUND
rp_NAV_20260607_1.42,6460908,RACE_UNRESOLVED,NO_CANDIDATE_FOUND
rp_NAV_20260607_2.17,6855110,RACE_UNRESOLVED,NO_CANDIDATE_FOUND
rp_NAV_20260607_2.17,6037400,RACE_UNRESOLVED,NO_CANDIDATE_FOUND
rp_NAV_20260607_2.17,8018231,RACE_UNRESOLVED,NO_CANDIDATE_FOUND
rp_NAV_20260607_2.17,6728418,RACE_UNRESOLVED,NO_CANDIDATE_FOUND
rp_NAV_20260607_2.17,5147986,RACE_UNRESOLVED,NO_CANDIDATE_FOUND
rp_NAV_20260607_2.17,3178686,RACE_UNRESOLVED,NO_CANDIDATE_FOUND
rp_NAV_20260607_2.17,4826997,RACE_UNRESOLVED,NO_CANDIDATE_FOUND
rp_NAV_20260607_2.17,5889829,RACE_UNRESOLVED,NO_CANDIDATE_FOUND
rp_NAV_20260607_2.17,4315457,RACE_UNRESOLVED,NO_CANDIDATE_FOUND
rp_NAV_20260607_2.17,7757802,RACE_UNRESOLVED,NO_CANDIDATE_FOUND
rp_NAV_20260607_2.17,5198206,RACE_UNRESOLVED,NO_CANDIDATE_FOUND
rp_NAV_20260607_2.17,8120530,RACE_UNRESOLVED,NO_CANDIDATE_FOUND
rp_NAV_20260607_2.17,3509923,RACE_UNRESOLVED,NO_CANDIDATE_FOUND
rp_NAV_20260607_2.17,7627168,RACE_UNRESOLVED,NO_CANDIDATE_FOUND
rp_NAV_20260607_2.17,5668374,RACE_UNRESOLVED,NO_CANDIDATE_FOUND
rp_NAV_20260607_2.17,5820844,RACE_UNRESOLVED,NO_CANDIDATE_FOUND
rp_NAV_20260607_2.17,3233474,RACE_UNRESOLVED,NO_CANDIDATE_FOUND
rp_NAV_20260607_2.17,3904187,RACE_UNRESOLVED,NO_CANDIDATE_FOUND
rp_NAV_20260607_2.17,5982384,RACE_UNRESOLVED,NO_CANDIDATE_FOUND
rp_NAV_20260607_2.17,6027932,RACE_UNRESOLVED,NO_CANDIDATE_FOUND
rp_NAV_20260607_2.17,6838375,RACE_UNRESOLVED,NO_CANDIDATE_FOUND
rp_NAV_20260607_2.17,4231662,RACE_UNRESOLVED,NO_CANDIDATE_FOUND
rp_NAV_20260607_2.17,7882527,RACE_UNRESOLVED,NO_CANDIDATE_FOUND
rp_NAV_20260607_2.52,4550206,RACE_UNRESOLVED,NO_CANDIDATE_FOUND
rp_NAV_20260607_2.52,5287721,RACE_UNRESOLVED,NO_CANDIDATE_FOUND
rp_NAV_20260607_2.52,3662442,RACE_UNRESOLVED,NO_CANDIDATE_FOUND
rp_NAV_20260607_2.52,8214836,RACE_UNRESOLVED,NO_CANDIDATE_FOUND
rp_NAV_20260607_2.52,3102126,RACE_UNRESOLVED,NO_CANDIDATE_FOUND
rp_NAV_20260607_2.52,5412908,RACE_UNRESOLVED,NO_CANDIDATE_FOUND
rp_NAV_20260607_2.52,3509924,RACE_UNRESOLVED,NO_CANDIDATE_FOUND
rp_NAV_20260607_2.52,5381938,RACE_UNRESOLVED,NO_CANDIDATE_FOUND
rp_NAV_20260607_2.52,5073314,RACE_UNRESOLVED,NO_CANDIDATE_FOUND
rp_NAV_20260607_2.52,5845519,RACE_UNRESOLVED,NO_CANDIDATE_FOUND
rp_NAV_20260607_3.27,6429642,RACE_UNRESOLVED,NO_CANDIDATE_FOUND
rp_NAV_20260607_3.27,5903601,RACE_UNRESOLVED,NO_CANDIDATE_FOUND
rp_NAV_20260607_3.27,5089300,RACE_UNRESOLVED,NO_CANDIDATE_FOUND
rp_NAV_20260607_3.27,6037321,RACE_UNRESOLVED,NO_CANDIDATE_FOUND
rp_NAV_20260607_3.27,5881631,RACE_UNRESOLVED,NO_CANDIDATE_FOUND
rp_NAV_20260607_3.27,5376164,RACE_UNRESOLVED,NO_CANDIDATE_FOUND
rp_NAV_20260607_3.27,7870207,RACE_UNRESOLVED,NO_CANDIDATE_FOUND
rp_NAV_20260607_3.27,7856867,RACE_UNRESOLVED,NO_CANDIDATE_FOUND
rp_NAV_20260607_3.27,7551786,RACE_UNRESOLVED,NO_CANDIDATE_FOUND
rp_NAV_20260607_3.27,6604811,RACE_UNRESOLVED,NO_CANDIDATE_FOUND
rp_NAV_20260607_3.27,7436328,RACE_UNRESOLVED,NO_CANDIDATE_FOUND
rp_NAV_20260607_3.27,7073234,RACE_UNRESOLVED,NO_CANDIDATE_FOUND
rp_NAV_20260607_4.02,8187994,RACE_UNRESOLVED,NO_CANDIDATE_FOUND
rp_NAV_20260607_4.02,5746550,RACE_UNRESOLVED,NO_CANDIDATE_FOUND
rp_NAV_20260607_4.02,7441017,RACE_UNRESOLVED,NO_CANDIDATE_FOUND
rp_NAV_20260607_4.02,6613614,RACE_UNRESOLVED,NO_CANDIDATE_FOUND
rp_NAV_20260607_4.02,7793569,RACE_UNRESOLVED,NO_CANDIDATE_FOUND
rp_NAV_20260607_4.02,6465134,RACE_UNRESOLVED,NO_CANDIDATE_FOUND
rp_NAV_20260607_4.02,7834649,RACE_UNRESOLVED,NO_CANDIDATE_FOUND
rp_NAV_20260607_4.02,7834661,RACE_UNRESOLVED,NO_CANDIDATE_FOUND
rp_NAV_20260607_4.02,6577997,RACE_UNRESOLVED,NO_CANDIDATE_FOUND
rp_NAV_20260607_4.02,7618341,RACE_UNRESOLVED,NO_CANDIDATE_FOUND
rp_NAV_20260607_4.02,4568933,RACE_UNRESOLVED,NO_CANDIDATE_FOUND
rp_NAV_20260607_4.37,5301534,RACE_UNRESOLVED,NO_CANDIDATE_FOUND
rp_NAV_20260607_4.37,5270606,RACE_UNRESOLVED,NO_CANDIDATE_FOUND
rp_NAV_20260607_4.37,7378619,RACE_UNRESOLVED,NO_CANDIDATE_FOUND
rp_NAV_20260607_4.37,2205901,RACE_UNRESOLVED,NO_CANDIDATE_FOUND
rp_NAV_20260607_4.37,6202589,RACE_UNRESOLVED,NO_CANDIDATE_FOUND
rp_NAV_20260607_4.37,5172499,RACE_UNRESOLVED,NO_CANDIDATE_FOUND
rp_NAV_20260607_4.37,7503738,RACE_UNRESOLVED,NO_CANDIDATE_FOUND
rp_NAV_20260607_4.37,4076044,RACE_UNRESOLVED,NO_CANDIDATE_FOUND
rp_NAV_20260607_4.37,7462323,RACE_UNRESOLVED,NO_CANDIDATE_FOUND
rp_NAV_20260607_4.37,3866974,RACE_UNRESOLVED,NO_CANDIDATE_FOUND
rp_NAV_20260607_4.37,5366250,RACE_UNRESOLVED,NO_CANDIDATE_FOUND
rp_NAV_20260607_4.37,2176197,RACE_UNRESOLVED,NO_CANDIDATE_FOUND
rp_NAV_20260607_4.37,4628811,RACE_UNRESOLVED,NO_CANDIDATE_FOUND
rp_NAV_20260607_4.37,4578072,RACE_UNRESOLVED,NO_CANDIDATE_FOUND
rp_NAV_20260607_4.37,5218294,RACE_UNRESOLVED,NO_CANDIDATE_FOUND
rp_NAV_20260607_4.37,4701426,RACE_UNRESOLVED,NO_CANDIDATE_FOUND
rp_NAV_20260607_5.12,3719571,RACE_UNRESOLVED,NO_CANDIDATE_FOUND
rp_NAV_20260607_5.12,5317152,RACE_UNRESOLVED,NO_CANDIDATE_FOUND
rp_NAV_20260607_5.12,2765610,RACE_UNRESOLVED,NO_CANDIDATE_FOUND
rp_NAV_20260607_5.12,7436297,RACE_UNRESOLVED,NO_CANDIDATE_FOUND
rp_NAV_20260607_5.12,2617668,RACE_UNRESOLVED,NO_CANDIDATE_FOUND
rp_NAV_20260607_5.12,3366681,RACE_UNRESOLVED,NO_CANDIDATE_FOUND
rp_NAV_20260607_5.12,5320941,RACE_UNRESOLVED,NO_CANDIDATE_FOUND
rp_NAV_20260607_5.12,6419985,RACE_UNRESOLVED,NO_CANDIDATE_FOUND
rp_NAV_20260607_5.12,2810423,RACE_UNRESOLVED,NO_CANDIDATE_FOUND
rp_NAV_20260607_5.12,3261266,RACE_UNRESOLVED,NO_CANDIDATE_FOUND
rp_NAV_20260607_5.12,5092889,RACE_UNRESOLVED,NO_CANDIDATE_FOUND
rp_NAV_20260607_5.12,5864824,RACE_UNRESOLVED,NO_CANDIDATE_FOUND
rp_NAV_20260607_5.12,4493050,RACE_UNRESOLVED,NO_CANDIDATE_FOUND
rp_NAV_20260607_5.12,3588754,RACE_UNRESOLVED,NO_CANDIDATE_FOUND
rp_NAV_20260607_5.12,8120523,RACE_UNRESOLVED,NO_CANDIDATE_FOUND
rp_PER_20260607_2.07,8111196,RACE_UNRESOLVED,NO_CANDIDATE_FOUND
rp_PER_20260607_2.07,6238157,RACE_UNRESOLVED,NO_CANDIDATE_FOUND
rp_PER_20260607_2.07,8423313,RACE_UNRESOLVED,NO_CANDIDATE_FOUND
rp_PER_20260607_2.07,9227240,RACE_UNRESOLVED,NO_CANDIDATE_FOUND
rp_PER_20260607_2.07,9115648,RACE_UNRESOLVED,NO_CANDIDATE_FOUND
rp_PER_20260607_2.07,8802147,RACE_UNRESOLVED,NO_CANDIDATE_FOUND
rp_PER_20260607_2.07,8656396,RACE_UNRESOLVED,NO_CANDIDATE_FOUND
rp_PER_20260607_2.42,4582286,RACE_UNRESOLVED,NO_CANDIDATE_FOUND
rp_PER_20260607_2.42,7200369,RACE_UNRESOLVED,NO_CANDIDATE_FOUND
rp_PER_20260607_2.42,6957210,RACE_UNRESOLVED,NO_CANDIDATE_FOUND
rp_PER_20260607_2.42,4003961,RACE_UNRESOLVED,NO_CANDIDATE_FOUND
rp_PER_20260607_2.42,6737444,RACE_UNRESOLVED,NO_CANDIDATE_FOUND
rp_PER_20260607_2.42,5488165,RACE_UNRESOLVED,NO_CANDIDATE_FOUND
rp_PER_20260607_2.42,6130354,RACE_UNRESOLVED,NO_CANDIDATE_FOUND
rp_PER_20260607_2.42,5884307,RACE_UNRESOLVED,NO_CANDIDATE_FOUND
rp_PER_20260607_2.42,6092524,RACE_UNRESOLVED,NO_CANDIDATE_FOUND
rp_PER_20260607_2.42,7493115,RACE_UNRESOLVED,NO_CANDIDATE_FOUND
rp_PER_20260607_2.42,4497047,RACE_UNRESOLVED,NO_CANDIDATE_FOUND
rp_PER_20260607_2.42,6710698,RACE_UNRESOLVED,NO_CANDIDATE_FOUND
rp_PER_20260607_2.42,4117869,RACE_UNRESOLVED,NO_CANDIDATE_FOUND
rp_PER_20260607_3.17,7160496,RACE_UNRESOLVED,NO_CANDIDATE_FOUND
rp_PER_20260607_3.17,3468180,RACE_UNRESOLVED,NO_CANDIDATE_FOUND
rp_PER_20260607_3.17,5357759,RACE_UNRESOLVED,NO_CANDIDATE_FOUND
rp_PER_20260607_3.17,3193518,RACE_UNRESOLVED,NO_CANDIDATE_FOUND
rp_PER_20260607_3.17,4130972,RACE_UNRESOLVED,NO_CANDIDATE_FOUND
rp_PER_20260607_3.17,4409374,RACE_UNRESOLVED,NO_CANDIDATE_FOUND
rp_PER_20260607_3.17,4751466,RACE_UNRESOLVED,NO_CANDIDATE_FOUND
rp_PER_20260607_3.17,7865940,RACE_UNRESOLVED,NO_CANDIDATE_FOUND
rp_PER_20260607_3.17,7534481,RACE_UNRESOLVED,NO_CANDIDATE_FOUND
rp_PER_20260607_3.17,4922498,RACE_UNRESOLVED,NO_CANDIDATE_FOUND
rp_PER_20260607_3.17,4420153,RACE_UNRESOLVED,NO_CANDIDATE_FOUND
rp_PER_20260607_3.17,4910539,RACE_UNRESOLVED,NO_CANDIDATE_FOUND
rp_PER_20260607_3.17,7708591,RACE_UNRESOLVED,NO_CANDIDATE_FOUND
rp_PER_20260607_3.52,3789345,RACE_UNRESOLVED,NO_CANDIDATE_FOUND
rp_PER_20260607_3.52,3046832,RACE_UNRESOLVED,NO_CANDIDATE_FOUND
rp_PER_20260607_3.52,5864649,RACE_UNRESOLVED,NO_CANDIDATE_FOUND
rp_PER_20260607_3.52,4217583,RACE_UNRESOLVED,NO_CANDIDATE_FOUND
rp_PER_20260607_3.52,5746437,RACE_UNRESOLVED,NO_CANDIDATE_FOUND
rp_PER_20260607_3.52,3417368,RACE_UNRESOLVED,NO_CANDIDATE_FOUND
rp_PER_20260607_4.27,4725954,RACE_UNRESOLVED,NO_CANDIDATE_FOUND
rp_PER_20260607_4.27,3434295,RACE_UNRESOLVED,NO_CANDIDATE_FOUND
rp_PER_20260607_4.27,3908390,RACE_UNRESOLVED,NO_CANDIDATE_FOUND
rp_PER_20260607_4.27,4922496,RACE_UNRESOLVED,NO_CANDIDATE_FOUND
rp_PER_20260607_4.27,3216237,RACE_UNRESOLVED,NO_CANDIDATE_FOUND
rp_PER_20260607_4.27,4305379,RACE_UNRESOLVED,NO_CANDIDATE_FOUND
rp_PER_20260607_4.27,1619577,RACE_UNRESOLVED,NO_CANDIDATE_FOUND
rp_PER_20260607_4.27,3833535,RACE_UNRESOLVED,NO_CANDIDATE_FOUND
rp_PER_20260607_4.27,3208497,RACE_UNRESOLVED,NO_CANDIDATE_FOUND
rp_PER_20260607_4.27,1804579,RACE_UNRESOLVED,NO_CANDIDATE_FOUND
rp_PER_20260607_5.02,6166356,RACE_UNRESOLVED,NO_CANDIDATE_FOUND
rp_PER_20260607_5.02,3999621,RACE_UNRESOLVED,NO_CANDIDATE_FOUND
rp_PER_20260607_5.02,5867556,RACE_UNRESOLVED,NO_CANDIDATE_FOUND
rp_PER_20260607_5.02,2657518,RACE_UNRESOLVED,NO_CANDIDATE_FOUND
rp_PER_20260607_5.02,4824927,RACE_UNRESOLVED,NO_CANDIDATE_FOUND
rp_PER_20260607_5.02,5689604,RACE_UNRESOLVED,NO_CANDIDATE_FOUND
rp_PER_20260607_5.02,5428916,RACE_UNRESOLVED,NO_CANDIDATE_FOUND
rp_PER_20260607_5.37,5798857,RACE_UNRESOLVED,NO_CANDIDATE_FOUND
rp_PER_20260607_5.37,4867637,RACE_UNRESOLVED,NO_CANDIDATE_FOUND
rp_PER_20260607_5.37,7148045,RACE_UNRESOLVED,NO_CANDIDATE_FOUND
rp_PER_20260607_5.37,5689541,RACE_UNRESOLVED,NO_CANDIDATE_FOUND
rp_PER_20260607_5.37,4211321,RACE_UNRESOLVED,NO_CANDIDATE_FOUND
rp_PER_20260607_5.37,1266525,RACE_UNRESOLVED,NO_CANDIDATE_FOUND
rp_PER_20260607_5.37,3357195,RACE_UNRESOLVED,NO_CANDIDATE_FOUND
rp_PER_20260607_5.37,3248546,RACE_UNRESOLVED,NO_CANDIDATE_FOUND
rp_PER_20260607_5.37,3118050,RACE_UNRESOLVED,NO_CANDIDATE_FOUND
rp_PER_20260607_5.37,5127302,RACE_UNRESOLVED,NO_CANDIDATE_FOUND
rp_PER_20260607_5.37,4187581,RACE_UNRESOLVED,NO_CANDIDATE_FOUND
rp_PER_20260607_5.37,4578066,RACE_UNRESOLVED,NO_CANDIDATE_FOUND
rp_PER_20260607_5.37,4247963,RACE_UNRESOLVED,NO_CANDIDATE_FOUND
rp_PER_20260607_5.37,7466743,RACE_UNRESOLVED,NO_CANDIDATE_FOUND
rp_PUN_20260607_1.22,4273951,RACE_UNRESOLVED,NO_CANDIDATE_FOUND
rp_PUN_20260607_1.22,5521381,RACE_UNRESOLVED,NO_CANDIDATE_FOUND
rp_PUN_20260607_1.22,5459660,RACE_UNRESOLVED,NO_CANDIDATE_FOUND
rp_PUN_20260607_1.22,5764634,RACE_UNRESOLVED,NO_CANDIDATE_FOUND
rp_PUN_20260607_1.22,7312297,RACE_UNRESOLVED,NO_CANDIDATE_FOUND
rp_PUN_20260607_1.57,5574483,RACE_UNRESOLVED,NO_CANDIDATE_FOUND
rp_PUN_20260607_1.57,4711780,RACE_UNRESOLVED,NO_CANDIDATE_FOUND
rp_PUN_20260607_1.57,5034824,RACE_UNRESOLVED,NO_CANDIDATE_FOUND
rp_PUN_20260607_2.32,5457573,RACE_UNRESOLVED,NO_CANDIDATE_FOUND
rp_PUN_20260607_2.32,5172573,RACE_UNRESOLVED,NO_CANDIDATE_FOUND
rp_PUN_20260607_2.32,5521376,RACE_UNRESOLVED,NO_CANDIDATE_FOUND
rp_PUN_20260607_2.32,5379859,RACE_UNRESOLVED,NO_CANDIDATE_FOUND
rp_PUN_20260607_2.32,4315494,RACE_UNRESOLVED,NO_CANDIDATE_FOUND
rp_PUN_20260607_2.32,6829601,RACE_UNRESOLVED,NO_CANDIDATE_FOUND
rp_PUN_20260607_2.32,3547573,RACE_UNRESOLVED,NO_CANDIDATE_FOUND
rp_PUN_20260607_2.32,2888933,RACE_UNRESOLVED,NO_CANDIDATE_FOUND
rp_PUN_20260607_2.32,3536925,RACE_UNRESOLVED,NO_CANDIDATE_FOUND
rp_PUN_20260607_2.32,5334545,RACE_UNRESOLVED,NO_CANDIDATE_FOUND
rp_PUN_20260607_2.32,4908816,RACE_UNRESOLVED,NO_CANDIDATE_FOUND
rp_PUN_20260607_2.32,3355747,RACE_UNRESOLVED,NO_CANDIDATE_FOUND
rp_PUN_20260607_2.32,4918273,RACE_UNRESOLVED,NO_CANDIDATE_FOUND
rp_PUN_20260607_3.07,3500929,RACE_UNRESOLVED,NO_CANDIDATE_FOUND
rp_PUN_20260607_3.07,7204721,RACE_UNRESOLVED,NO_CANDIDATE_FOUND
rp_PUN_20260607_3.07,4286047,RACE_UNRESOLVED,NO_CANDIDATE_FOUND
rp_PUN_20260607_3.07,4808608,RACE_UNRESOLVED,NO_CANDIDATE_FOUND
rp_PUN_20260607_3.07,3288764,RACE_UNRESOLVED,NO_CANDIDATE_FOUND
rp_PUN_20260607_3.07,4824923,RACE_UNRESOLVED,NO_CANDIDATE_FOUND
rp_PUN_20260607_3.07,5942427,RACE_UNRESOLVED,NO_CANDIDATE_FOUND
rp_PUN_20260607_3.07,5003645,RACE_UNRESOLVED,NO_CANDIDATE_FOUND
rp_PUN_20260607_3.07,4611040,RACE_UNRESOLVED,NO_CANDIDATE_FOUND
rp_PUN_20260607_3.07,3179940,RACE_UNRESOLVED,NO_CANDIDATE_FOUND
rp_PUN_20260607_3.07,3986084,RACE_UNRESOLVED,NO_CANDIDATE_FOUND
rp_PUN_20260607_3.07,4217590,RACE_UNRESOLVED,NO_CANDIDATE_FOUND
rp_PUN_20260607_3.07,5268405,RACE_UNRESOLVED,NO_CANDIDATE_FOUND
rp_PUN_20260607_3.07,7046539,RACE_UNRESOLVED,NO_CANDIDATE_FOUND
rp_PUN_20260607_3.07,6125823,RACE_UNRESOLVED,NO_CANDIDATE_FOUND
rp_PUN_20260607_3.07,1596877,RACE_UNRESOLVED,NO_CANDIDATE_FOUND
rp_PUN_20260607_3.07,6393214,RACE_UNRESOLVED,NO_CANDIDATE_FOUND
rp_PUN_20260607_3.42,6256738,RACE_UNRESOLVED,NO_CANDIDATE_FOUND
rp_PUN_20260607_3.42,7272302,RACE_UNRESOLVED,NO_CANDIDATE_FOUND
rp_PUN_20260607_3.42,7865942,RACE_UNRESOLVED,NO_CANDIDATE_FOUND
rp_PUN_20260607_3.42,4652648,RACE_UNRESOLVED,NO_CANDIDATE_FOUND
rp_PUN_20260607_3.42,6350109,RACE_UNRESOLVED,NO_CANDIDATE_FOUND
rp_PUN_20260607_3.42,8268309,RACE_UNRESOLVED,NO_CANDIDATE_FOUND
rp_PUN_20260607_3.42,9350238,RACE_UNRESOLVED,NO_CANDIDATE_FOUND
rp_PUN_20260607_3.42,9028983,RACE_UNRESOLVED,NO_CANDIDATE_FOUND
rp_PUN_20260607_3.42,6265709,RACE_UNRESOLVED,NO_CANDIDATE_FOUND
rp_PUN_20260607_3.42,8214887,RACE_UNRESOLVED,NO_CANDIDATE_FOUND
rp_PUN_20260607_3.42,9083747,RACE_UNRESOLVED,NO_CANDIDATE_FOUND
rp_PUN_20260607_3.42,4175212,RACE_UNRESOLVED,NO_CANDIDATE_FOUND
rp_PUN_20260607_3.42,5942450,RACE_UNRESOLVED,NO_CANDIDATE_FOUND
rp_PUN_20260607_3.42,6796763,RACE_UNRESOLVED,NO_CANDIDATE_FOUND
rp_PUN_20260607_3.42,7529856,RACE_UNRESOLVED,NO_CANDIDATE_FOUND
rp_PUN_20260607_3.42,7436294,RACE_UNRESOLVED,NO_CANDIDATE_FOUND
rp_PUN_20260607_3.42,6894205,RACE_UNRESOLVED,NO_CANDIDATE_FOUND
rp_PUN_20260607_3.42,8561167,RACE_UNRESOLVED,NO_CANDIDATE_FOUND
rp_PUN_20260607_3.42,4484941,RACE_UNRESOLVED,NO_CANDIDATE_FOUND
rp_PUN_20260607_4.17,6723565,RACE_UNRESOLVED,NO_CANDIDATE_FOUND
rp_PUN_20260607_4.17,5705878,RACE_UNRESOLVED,NO_CANDIDATE_FOUND
rp_PUN_20260607_4.17,8556512,RACE_UNRESOLVED,NO_CANDIDATE_FOUND
rp_PUN_20260607_4.17,5025146,RACE_UNRESOLVED,NO_CANDIDATE_FOUND
rp_PUN_20260607_4.17,7347745,RACE_UNRESOLVED,NO_CANDIDATE_FOUND
rp_PUN_20260607_4.17,8968547,RACE_UNRESOLVED,NO_CANDIDATE_FOUND
rp_PUN_20260607_4.17,8455154,RACE_UNRESOLVED,NO_CANDIDATE_FOUND
rp_PUN_20260607_4.17,8236326,RACE_UNRESOLVED,NO_CANDIDATE_FOUND
rp_PUN_20260607_4.17,7347748,RACE_UNRESOLVED,NO_CANDIDATE_FOUND
rp_PUN_20260607_4.17,7436293,RACE_UNRESOLVED,NO_CANDIDATE_FOUND
rp_PUN_20260607_4.17,6640444,RACE_UNRESOLVED,NO_CANDIDATE_FOUND
rp_PUN_20260607_4.17,7238190,RACE_UNRESOLVED,NO_CANDIDATE_FOUND
rp_PUN_20260607_4.52,5490465,RACE_UNRESOLVED,NO_CANDIDATE_FOUND
rp_PUN_20260607_4.52,6265704,RACE_UNRESOLVED,NO_CANDIDATE_FOUND
rp_PUN_20260607_4.52,7082560,RACE_UNRESOLVED,NO_CANDIDATE_FOUND
rp_PUN_20260607_4.52,5826643,RACE_UNRESOLVED,NO_CANDIDATE_FOUND
rp_PUN_20260607_4.52,3187253,RACE_UNRESOLVED,NO_CANDIDATE_FOUND
rp_PUN_20260607_4.52,1913964,RACE_UNRESOLVED,NO_CANDIDATE_FOUND
rp_PUN_20260607_4.52,3301615,RACE_UNRESOLVED,NO_CANDIDATE_FOUND
rp_PUN_20260607_4.52,2639890,RACE_UNRESOLVED,NO_CANDIDATE_FOUND
rp_PUN_20260607_4.52,7174479,RACE_UNRESOLVED,NO_CANDIDATE_FOUND
rp_PUN_20260607_4.52,5453403,RACE_UNRESOLVED,NO_CANDIDATE_FOUND
rp_PUN_20260607_4.52,1266582,RACE_UNRESOLVED,NO_CANDIDATE_FOUND
rp_PUN_20260607_4.52,7462391,RACE_UNRESOLVED,NO_CANDIDATE_FOUND
rp_PUN_20260607_4.52,5574498,RACE_UNRESOLVED,NO_CANDIDATE_FOUND
rp_PUN_20260607_5.27,6354482,RACE_UNRESOLVED,NO_CANDIDATE_FOUND
rp_PUN_20260607_5.27,8561231,RACE_UNRESOLVED,NO_CANDIDATE_FOUND
rp_PUN_20260607_5.27,7891665,RACE_UNRESOLVED,NO_CANDIDATE_FOUND
rp_PUN_20260607_5.27,9350239,RACE_UNRESOLVED,NO_CANDIDATE_FOUND
rp_PUN_20260607_5.27,8084424,RACE_UNRESOLVED,NO_CANDIDATE_FOUND
rp_PUN_20260607_5.27,9350240,RACE_UNRESOLVED,NO_CANDIDATE_FOUND
rp_PUN_20260607_5.27,9254428,RACE_UNRESOLVED,NO_CANDIDATE_FOUND
rp_PUN_20260607_5.27,8392260,RACE_UNRESOLVED,NO_CANDIDATE_FOUND
rp_PUN_20260607_5.27,7307990,RACE_UNRESOLVED,NO_CANDIDATE_FOUND
rp_PUN_20260607_5.27,8908751,RACE_UNRESOLVED,NO_CANDIDATE_FOUND
rp_CAR_20260608_2.15,6345381,RACE_UNRESOLVED,NO_CANDIDATE_FOUND
rp_CAR_20260608_2.15,5884215,RACE_UNRESOLVED,NO_CANDIDATE_FOUND
rp_CAR_20260608_2.15,4420156,RACE_UNRESOLVED,NO_CANDIDATE_FOUND
rp_CAR_20260608_2.15,4318857,RACE_UNRESOLVED,NO_CANDIDATE_FOUND
rp_CAR_20260608_2.15,3117997,RACE_UNRESOLVED,NO_CANDIDATE_FOUND
rp_CAR_20260608_2.15,4425827,RACE_UNRESOLVED,NO_CANDIDATE_FOUND
rp_CAR_20260608_2.15,4310836,RACE_UNRESOLVED,NO_CANDIDATE_FOUND
rp_CAR_20260608_2.15,6278735,RACE_UNRESOLVED,NO_CANDIDATE_FOUND
rp_CAR_20260608_2.15,4739691,RACE_UNRESOLVED,NO_CANDIDATE_FOUND
rp_CAR_20260608_2.45,9312926,RACE_UNRESOLVED,NO_CANDIDATE_FOUND
rp_CAR_20260608_2.45,9312930,RACE_UNRESOLVED,NO_CANDIDATE_FOUND
rp_CAR_20260608_2.45,8688447,RACE_UNRESOLVED,NO_CANDIDATE_FOUND
rp_CAR_20260608_2.45,9258985,RACE_UNRESOLVED,NO_CANDIDATE_FOUND
rp_CAR_20260608_3.15,9244721,RACE_UNRESOLVED,NO_CANDIDATE_FOUND
rp_CAR_20260608_3.15,9153190,RACE_UNRESOLVED,NO_CANDIDATE_FOUND
rp_CAR_20260608_3.15,9295570,RACE_UNRESOLVED,NO_CANDIDATE_FOUND
rp_CAR_20260608_3.15,9326757,RACE_UNRESOLVED,NO_CANDIDATE_FOUND
rp_CAR_20260608_3.15,9350211,RACE_UNRESOLVED,NO_CANDIDATE_FOUND
rp_CAR_20260608_3.15,9092898,RACE_UNRESOLVED,NO_CANDIDATE_FOUND
rp_CAR_20260608_3.15,5875740,RACE_UNRESOLVED,NO_CANDIDATE_FOUND
rp_CAR_20260608_3.45,8547317,RACE_UNRESOLVED,NO_CANDIDATE_FOUND
rp_CAR_20260608_3.45,7887296,RACE_UNRESOLVED,NO_CANDIDATE_FOUND
rp_CAR_20260608_3.45,7613511,RACE_UNRESOLVED,NO_CANDIDATE_FOUND
rp_CAR_20260608_3.45,7436417,RACE_UNRESOLVED,NO_CANDIDATE_FOUND
rp_CAR_20260608_3.45,8137359,RACE_UNRESOLVED,NO_CANDIDATE_FOUND
rp_CAR_20260608_3.45,7861447,RACE_UNRESOLVED,NO_CANDIDATE_FOUND
rp_CAR_20260608_3.45,8084428,RACE_UNRESOLVED,NO_CANDIDATE_FOUND
rp_CAR_20260608_3.45,8849053,RACE_UNRESOLVED,NO_CANDIDATE_FOUND
rp_CAR_20260608_3.45,7865979,RACE_UNRESOLVED,NO_CANDIDATE_FOUND
rp_CAR_20260608_3.45,8656398,RACE_UNRESOLVED,NO_CANDIDATE_FOUND
rp_CAR_20260608_3.45,7609898,RACE_UNRESOLVED,NO_CANDIDATE_FOUND
rp_CAR_20260608_4.18,5759905,RACE_UNRESOLVED,NO_CANDIDATE_FOUND
rp_CAR_20260608_4.18,5186147,RACE_UNRESOLVED,NO_CANDIDATE_FOUND
rp_CAR_20260608_4.18,6582589,RACE_UNRESOLVED,NO_CANDIDATE_FOUND
rp_CAR_20260608_4.18,5262428,RACE_UNRESOLVED,NO_CANDIDATE_FOUND
rp_CAR_20260608_4.18,7355941,RACE_UNRESOLVED,NO_CANDIDATE_FOUND
rp_CAR_20260608_4.18,8137383,RACE_UNRESOLVED,NO_CANDIDATE_FOUND
rp_CAR_20260608_4.18,8188063,RACE_UNRESOLVED,NO_CANDIDATE_FOUND
rp_CAR_20260608_4.18,5845677,RACE_UNRESOLVED,NO_CANDIDATE_FOUND
rp_CAR_20260608_4.18,7648489,RACE_UNRESOLVED,NO_CANDIDATE_FOUND
rp_CAR_20260608_4.53,4987824,RACE_UNRESOLVED,NO_CANDIDATE_FOUND
rp_CAR_20260608_4.53,3538642,RACE_UNRESOLVED,NO_CANDIDATE_FOUND
rp_CAR_20260608_4.53,5216517,RACE_UNRESOLVED,NO_CANDIDATE_FOUND
rp_CAR_20260608_4.53,1006061,RACE_UNRESOLVED,NO_CANDIDATE_FOUND
rp_CAR_20260608_4.53,6388816,RACE_UNRESOLVED,NO_CANDIDATE_FOUND
rp_CAR_20260608_4.53,6193168,RACE_UNRESOLVED,NO_CANDIDATE_FOUND
rp_CAR_20260608_4.53,6215485,RACE_UNRESOLVED,NO_CANDIDATE_FOUND
rp_CAR_20260608_4.53,6042412,RACE_UNRESOLVED,NO_CANDIDATE_FOUND
rp_CAR_20260608_4.53,5875742,RACE_UNRESOLVED,NO_CANDIDATE_FOUND
rp_CAR_20260608_4.53,4273974,RACE_UNRESOLVED,NO_CANDIDATE_FOUND
rp_CAR_20260608_4.53,6868937,RACE_UNRESOLVED,NO_CANDIDATE_FOUND
rp_CAR_20260608_4.53,6560231,RACE_UNRESOLVED,NO_CANDIDATE_FOUND
rp_CAR_20260608_4.53,3423161,RACE_UNRESOLVED,NO_CANDIDATE_FOUND
rp_CAR_20260608_5.28,4980123,RACE_UNRESOLVED,NO_CANDIDATE_FOUND
rp_CAR_20260608_5.28,3612345,RACE_UNRESOLVED,NO_CANDIDATE_FOUND
rp_CAR_20260608_5.28,6079187,RACE_UNRESOLVED,NO_CANDIDATE_FOUND
rp_CAR_20260608_5.28,3662546,RACE_UNRESOLVED,NO_CANDIDATE_FOUND
rp_CAR_20260608_5.28,6151842,RACE_UNRESOLVED,NO_CANDIDATE_FOUND
rp_CAR_20260608_5.28,4445416,RACE_UNRESOLVED,NO_CANDIDATE_FOUND
rp_CAR_20260608_5.28,5900675,RACE_UNRESOLVED,NO_CANDIDATE_FOUND
rp_CAR_20260608_5.28,3521625,RACE_UNRESOLVED,NO_CANDIDATE_FOUND
rp_CAR_20260608_5.28,6046805,RACE_UNRESOLVED,NO_CANDIDATE_FOUND
rp_CAR_20260608_5.28,5845663,RACE_UNRESOLVED,NO_CANDIDATE_FOUND
rp_LEI_20260608_1.30,7978775,RACE_UNRESOLVED,NO_CANDIDATE_FOUND
rp_LEI_20260608_1.30,8018239,RACE_UNRESOLVED,NO_CANDIDATE_FOUND
rp_LEI_20260608_1.30,8406206,RACE_UNRESOLVED,NO_CANDIDATE_FOUND
rp_LEI_20260608_1.30,8001141,RACE_UNRESOLVED,NO_CANDIDATE_FOUND
rp_LEI_20260608_1.30,7992606,RACE_UNRESOLVED,NO_CANDIDATE_FOUND
rp_LEI_20260608_1.30,8084427,RACE_UNRESOLVED,NO_CANDIDATE_FOUND
rp_LEI_20260608_1.30,8890830,RACE_UNRESOLVED,NO_CANDIDATE_FOUND
rp_LEI_20260608_2.00,9166868,RACE_UNRESOLVED,NO_CANDIDATE_FOUND
rp_LEI_20260608_2.00,9254378,RACE_UNRESOLVED,NO_CANDIDATE_FOUND
rp_LEI_20260608_2.00,9254377,RACE_UNRESOLVED,NO_CANDIDATE_FOUND
rp_LEI_20260608_2.00,9350219,RACE_UNRESOLVED,NO_CANDIDATE_FOUND
rp_LEI_20260608_2.00,9254250,RACE_UNRESOLVED,NO_CANDIDATE_FOUND
rp_LEI_20260608_2.00,9350213,RACE_UNRESOLVED,NO_CANDIDATE_FOUND
rp_LEI_20260608_2.00,9115898,RACE_UNRESOLVED,NO_CANDIDATE_FOUND
rp_LEI_20260608_2.00,9166857,RACE_UNRESOLVED,NO_CANDIDATE_FOUND
rp_LEI_20260608_2.00,9166859,RACE_UNRESOLVED,NO_CANDIDATE_FOUND
rp_LEI_20260608_2.00,9212577,RACE_UNRESOLVED,NO_CANDIDATE_FOUND
rp_LEI_20260608_3.00,7900531,RACE_UNRESOLVED,NO_CANDIDATE_FOUND
rp_LEI_20260608_3.00,7436435,RACE_UNRESOLVED,NO_CANDIDATE_FOUND
rp_LEI_20260608_3.00,9350212,RACE_UNRESOLVED,NO_CANDIDATE_FOUND
rp_LEI_20260608_3.00,7436345,RACE_UNRESOLVED,NO_CANDIDATE_FOUND
rp_LEI_20260608_3.30,8013553,RACE_UNRESOLVED,NO_CANDIDATE_FOUND
rp_LEI_20260608_3.30,9083758,RACE_UNRESOLVED,NO_CANDIDATE_FOUND
rp_LEI_20260608_3.30,7865990,RACE_UNRESOLVED,NO_CANDIDATE_FOUND
rp_LEI_20260608_3.30,7789364,RACE_UNRESOLVED,NO_CANDIDATE_FOUND
rp_LEI_20260608_3.30,8445261,RACE_UNRESOLVED,NO_CANDIDATE_FOUND
rp_LEI_20260608_3.30,7020244,RACE_UNRESOLVED,NO_CANDIDATE_FOUND
rp_LEI_20260608_3.30,8144061,RACE_UNRESOLVED,NO_CANDIDATE_FOUND
rp_LEI_20260608_3.30,7722805,RACE_UNRESOLVED,NO_CANDIDATE_FOUND
rp_LEI_20260608_4.00,3577230,RACE_UNRESOLVED,NO_CANDIDATE_FOUND
rp_LEI_20260608_4.00,3164273,RACE_UNRESOLVED,NO_CANDIDATE_FOUND
rp_LEI_20260608_4.00,7771197,RACE_UNRESOLVED,NO_CANDIDATE_FOUND
rp_LEI_20260608_4.00,8849052,RACE_UNRESOLVED,NO_CANDIDATE_FOUND
rp_LEI_20260608_4.00,7404613,RACE_UNRESOLVED,NO_CANDIDATE_FOUND
rp_LEI_20260608_4.00,7493140,RACE_UNRESOLVED,NO_CANDIDATE_FOUND
rp_LEI_20260608_4.00,9097220,RACE_UNRESOLVED,NO_CANDIDATE_FOUND
rp_LEI_20260608_4.00,5803607,RACE_UNRESOLVED,NO_CANDIDATE_FOUND
rp_LEI_20260608_4.00,9083754,RACE_UNRESOLVED,NO_CANDIDATE_FOUND
rp_LEI_20260608_4.00,6032408,RACE_UNRESOLVED,NO_CANDIDATE_FOUND
rp_LEI_20260608_4.00,7436411,RACE_UNRESOLVED,NO_CANDIDATE_FOUND
rp_LEI_20260608_4.00,8013550,RACE_UNRESOLVED,NO_CANDIDATE_FOUND
rp_LEI_20260608_4.00,8210151,RACE_UNRESOLVED,NO_CANDIDATE_FOUND
rp_LEI_20260608_4.35,6728378,RACE_UNRESOLVED,NO_CANDIDATE_FOUND
rp_LEI_20260608_4.35,6446585,RACE_UNRESOLVED,NO_CANDIDATE_FOUND
rp_LEI_20260608_4.35,5708631,RACE_UNRESOLVED,NO_CANDIDATE_FOUND
rp_LEI_20260608_4.35,5237869,RACE_UNRESOLVED,NO_CANDIDATE_FOUND
rp_LEI_20260608_4.35,8725542,RACE_UNRESOLVED,NO_CANDIDATE_FOUND
rp_LEI_20260608_4.35,6504984,RACE_UNRESOLVED,NO_CANDIDATE_FOUND
rp_LEI_20260608_4.35,4827115,RACE_UNRESOLVED,NO_CANDIDATE_FOUND
rp_LEI_20260608_4.35,4676209,RACE_UNRESOLVED,NO_CANDIDATE_FOUND
rp_LEI_20260608_4.35,6803075,RACE_UNRESOLVED,NO_CANDIDATE_FOUND
rp_LEI_20260608_4.35,8459461,RACE_UNRESOLVED,NO_CANDIDATE_FOUND
rp_LEI_20260608_4.35,4001877,RACE_UNRESOLVED,NO_CANDIDATE_FOUND
rp_LEI_20260608_5.10,5982392,RACE_UNRESOLVED,NO_CANDIDATE_FOUND
rp_LEI_20260608_5.10,3499385,RACE_UNRESOLVED,NO_CANDIDATE_FOUND
rp_LEI_20260608_5.10,8058112,RACE_UNRESOLVED,NO_CANDIDATE_FOUND
rp_LEI_20260608_5.10,5973533,RACE_UNRESOLVED,NO_CANDIDATE_FOUND
rp_LEI_20260608_5.10,7682448,RACE_UNRESOLVED,NO_CANDIDATE_FOUND
rp_LEI_20260608_5.10,4225299,RACE_UNRESOLVED,NO_CANDIDATE_FOUND
rp_LEI_20260608_5.10,3791406,RACE_UNRESOLVED,NO_CANDIDATE_FOUND
rp_LEI_20260608_5.10,6345373,RACE_UNRESOLVED,NO_CANDIDATE_FOUND
rp_LEI_20260608_5.10,7900601,RACE_UNRESOLVED,NO_CANDIDATE_FOUND
rp_PON_20260608_6.30,5104289,RACE_UNRESOLVED,NO_CANDIDATE_FOUND
rp_PON_20260608_6.30,4498957,RACE_UNRESOLVED,NO_CANDIDATE_FOUND
rp_PON_20260608_6.30,4924424,RACE_UNRESOLVED,NO_CANDIDATE_FOUND
rp_PON_20260608_6.30,5708865,RACE_UNRESOLVED,NO_CANDIDATE_FOUND
rp_PON_20260608_6.30,3188341,RACE_UNRESOLVED,NO_CANDIDATE_FOUND
rp_PON_20260608_6.30,5073251,RACE_UNRESOLVED,NO_CANDIDATE_FOUND
rp_PON_20260608_6.30,5806696,RACE_UNRESOLVED,NO_CANDIDATE_FOUND
rp_PON_20260608_7.00,8881480,RACE_UNRESOLVED,NO_CANDIDATE_FOUND
rp_PON_20260608_7.00,9350221,RACE_UNRESOLVED,NO_CANDIDATE_FOUND
rp_PON_20260608_7.00,8688561,RACE_UNRESOLVED,NO_CANDIDATE_FOUND
rp_PON_20260608_7.00,9350225,RACE_UNRESOLVED,NO_CANDIDATE_FOUND
rp_PON_20260608_7.00,9350224,RACE_UNRESOLVED,NO_CANDIDATE_FOUND
rp_PON_20260608_7.00,8688787,RACE_UNRESOLVED,NO_CANDIDATE_FOUND
rp_PON_20260608_7.00,9350223,RACE_UNRESOLVED,NO_CANDIDATE_FOUND
rp_PON_20260608_7.00,9208610,RACE_UNRESOLVED,NO_CANDIDATE_FOUND
rp_PON_20260608_7.00,9115922,RACE_UNRESOLVED,NO_CANDIDATE_FOUND
rp_PON_20260608_7.00,9290872,RACE_UNRESOLVED,NO_CANDIDATE_FOUND
rp_PON_20260608_7.00,9222245,RACE_UNRESOLVED,NO_CANDIDATE_FOUND
rp_PON_20260608_7.30,6509785,RACE_UNRESOLVED,NO_CANDIDATE_FOUND
rp_PON_20260608_7.30,6340640,RACE_UNRESOLVED,NO_CANDIDATE_FOUND
rp_PON_20260608_7.30,6247248,RACE_UNRESOLVED,NO_CANDIDATE_FOUND
rp_PON_20260608_7.30,5330961,RACE_UNRESOLVED,NO_CANDIDATE_FOUND
rp_PON_20260608_7.30,5394042,RACE_UNRESOLVED,NO_CANDIDATE_FOUND
rp_PON_20260608_8.00,5848836,RACE_UNRESOLVED,NO_CANDIDATE_FOUND
rp_PON_20260608_8.00,5313328,RACE_UNRESOLVED,NO_CANDIDATE_FOUND
rp_PON_20260608_8.00,7657432,RACE_UNRESOLVED,NO_CANDIDATE_FOUND
rp_PON_20260608_8.00,7148059,RACE_UNRESOLVED,NO_CANDIDATE_FOUND
rp_PON_20260608_8.00,5025149,RACE_UNRESOLVED,NO_CANDIDATE_FOUND
rp_PON_20260608_8.00,4611032,RACE_UNRESOLVED,NO_CANDIDATE_FOUND
rp_PON_20260608_8.00,3827994,RACE_UNRESOLVED,NO_CANDIDATE_FOUND
rp_PON_20260608_8.00,5170353,RACE_UNRESOLVED,NO_CANDIDATE_FOUND
rp_PON_20260608_8.00,3558268,RACE_UNRESOLVED,NO_CANDIDATE_FOUND
rp_PON_20260608_8.00,7462333,RACE_UNRESOLVED,NO_CANDIDATE_FOUND
rp_PON_20260608_8.00,7462335,RACE_UNRESOLVED,NO_CANDIDATE_FOUND
rp_PON_20260608_8.00,4465675,RACE_UNRESOLVED,NO_CANDIDATE_FOUND
rp_PON_20260608_8.30,4728079,RACE_UNRESOLVED,NO_CANDIDATE_FOUND
rp_PON_20260608_8.30,5708632,RACE_UNRESOLVED,NO_CANDIDATE_FOUND
rp_PON_20260608_8.30,3816932,RACE_UNRESOLVED,NO_CANDIDATE_FOUND
rp_PON_20260608_8.30,6314176,RACE_UNRESOLVED,NO_CANDIDATE_FOUND
rp_PON_20260608_8.30,5327072,RACE_UNRESOLVED,NO_CANDIDATE_FOUND
rp_PON_20260608_8.30,3177334,RACE_UNRESOLVED,NO_CANDIDATE_FOUND
rp_PON_20260608_8.30,4415502,RACE_UNRESOLVED,NO_CANDIDATE_FOUND
rp_PON_20260608_8.30,2663645,RACE_UNRESOLVED,NO_CANDIDATE_FOUND
rp_PON_20260608_8.30,6645055,RACE_UNRESOLVED,NO_CANDIDATE_FOUND
rp_PON_20260608_8.30,7631465,RACE_UNRESOLVED,NO_CANDIDATE_FOUND
rp_PON_20260608_8.30,6327916,RACE_UNRESOLVED,NO_CANDIDATE_FOUND
rp_PON_20260608_8.30,7484083,RACE_UNRESOLVED,NO_CANDIDATE_FOUND
rp_PON_20260608_9.00,5708720,RACE_UNRESOLVED,NO_CANDIDATE_FOUND
rp_PON_20260608_9.00,4534420,RACE_UNRESOLVED,NO_CANDIDATE_FOUND
rp_PON_20260608_9.00,4277869,RACE_UNRESOLVED,NO_CANDIDATE_FOUND
rp_PON_20260608_9.00,5968963,RACE_UNRESOLVED,NO_CANDIDATE_FOUND
rp_PON_20260608_9.00,5708856,RACE_UNRESOLVED,NO_CANDIDATE_FOUND
rp_PON_20260608_9.00,4403189,RACE_UNRESOLVED,NO_CANDIDATE_FOUND
rp_PON_20260608_9.00,7657470,RACE_UNRESOLVED,NO_CANDIDATE_FOUND
rp_PON_20260608_9.00,5089376,RACE_UNRESOLVED,NO_CANDIDATE_FOUND
rp_PON_20260608_9.00,5216449,RACE_UNRESOLVED,NO_CANDIDATE_FOUND
rp_PON_20260608_9.00,4175487,RACE_UNRESOLVED,NO_CANDIDATE_FOUND
rp_ROS_20260608_4.43,8881564,RACE_UNRESOLVED,NO_CANDIDATE_FOUND
rp_ROS_20260608_4.43,9051081,RACE_UNRESOLVED,NO_CANDIDATE_FOUND
rp_ROS_20260608_4.43,6855107,RACE_UNRESOLVED,NO_CANDIDATE_FOUND
rp_ROS_20260608_4.43,7267911,RACE_UNRESOLVED,NO_CANDIDATE_FOUND
rp_ROS_20260608_4.43,9115721,RACE_UNRESOLVED,NO_CANDIDATE_FOUND
rp_ROS_20260608_4.43,8881568,RACE_UNRESOLVED,NO_CANDIDATE_FOUND
rp_ROS_20260608_4.43,9354990,RACE_UNRESOLVED,NO_CANDIDATE_FOUND
rp_ROS_20260608_4.43,9354989,RACE_UNRESOLVED,NO_CANDIDATE_FOUND
rp_ROS_20260608_4.43,9185003,RACE_UNRESOLVED,NO_CANDIDATE_FOUND
rp_ROS_20260608_4.43,9217554,RACE_UNRESOLVED,NO_CANDIDATE_FOUND
rp_ROS_20260608_4.43,7378619,RACE_UNRESOLVED,NO_CANDIDATE_FOUND
rp_ROS_20260608_4.43,9217553,RACE_UNRESOLVED,NO_CANDIDATE_FOUND
rp_ROS_20260608_4.43,9078733,RACE_UNRESOLVED,NO_CANDIDATE_FOUND
rp_ROS_20260608_4.43,9110898,RACE_UNRESOLVED,NO_CANDIDATE_FOUND
rp_ROS_20260608_5.18,6042409,RACE_UNRESOLVED,NO_CANDIDATE_FOUND
rp_ROS_20260608_5.18,5787799,RACE_UNRESOLVED,NO_CANDIDATE_FOUND
rp_ROS_20260608_5.18,5870139,RACE_UNRESOLVED,NO_CANDIDATE_FOUND
rp_ROS_20260608_5.48,5343916,RACE_UNRESOLVED,NO_CANDIDATE_FOUND
rp_ROS_20260608_5.48,7441032,RACE_UNRESOLVED,NO_CANDIDATE_FOUND
rp_ROS_20260608_5.48,8344457,RACE_UNRESOLVED,NO_CANDIDATE_FOUND
rp_ROS_20260608_5.48,4938805,RACE_UNRESOLVED,NO_CANDIDATE_FOUND
rp_ROS_20260608_5.48,3168643,RACE_UNRESOLVED,NO_CANDIDATE_FOUND
rp_ROS_20260608_5.48,7534577,RACE_UNRESOLVED,NO_CANDIDATE_FOUND
rp_ROS_20260608_5.48,4979976,RACE_UNRESOLVED,NO_CANDIDATE_FOUND
rp_ROS_20260608_5.48,5521372,RACE_UNRESOLVED,NO_CANDIDATE_FOUND
rp_ROS_20260608_5.48,3603973,RACE_UNRESOLVED,NO_CANDIDATE_FOUND
rp_ROS_20260608_5.48,2590637,RACE_UNRESOLVED,NO_CANDIDATE_FOUND
rp_ROS_20260608_5.48,4275953,RACE_UNRESOLVED,NO_CANDIDATE_FOUND
rp_ROS_20260608_6.18,4837103,RACE_UNRESOLVED,NO_CANDIDATE_FOUND
rp_ROS_20260608_6.18,7205147,RACE_UNRESOLVED,NO_CANDIDATE_FOUND
rp_ROS_20260608_6.18,4737864,RACE_UNRESOLVED,NO_CANDIDATE_FOUND
rp_ROS_20260608_6.18,58958864,RACE_UNRESOLVED,NO_CANDIDATE_FOUND
rp_ROS_20260608_6.18,6265700,RACE_UNRESOLVED,NO_CANDIDATE_FOUND
rp_ROS_20260608_6.18,6737491,RACE_UNRESOLVED,NO_CANDIDATE_FOUND
rp_ROS_20260608_6.18,5784829,RACE_UNRESOLVED,NO_CANDIDATE_FOUND
rp_ROS_20260608_6.18,5342167,RACE_UNRESOLVED,NO_CANDIDATE_FOUND
rp_ROS_20260608_6.48,5059593,RACE_UNRESOLVED,NO_CANDIDATE_FOUND
rp_ROS_20260608_6.48,3290532,RACE_UNRESOLVED,NO_CANDIDATE_FOUND
rp_ROS_20260608_6.48,6679753,RACE_UNRESOLVED,NO_CANDIDATE_FOUND
rp_ROS_20260608_6.48,4880925,RACE_UNRESOLVED,NO_CANDIDATE_FOUND
rp_ROS_20260608_6.48,5428930,RACE_UNRESOLVED,NO_CANDIDATE_FOUND
rp_ROS_20260608_6.48,5574496,RACE_UNRESOLVED,NO_CANDIDATE_FOUND
rp_ROS_20260608_6.48,1838172,RACE_UNRESOLVED,NO_CANDIDATE_FOUND
rp_ROS_20260608_6.48,3293723,RACE_UNRESOLVED,NO_CANDIDATE_FOUND
rp_ROS_20260608_6.48,4231738,RACE_UNRESOLVED,NO_CANDIDATE_FOUND
rp_ROS_20260608_6.48,4272448,RACE_UNRESOLVED,NO_CANDIDATE_FOUND
rp_ROS_20260608_6.48,5048006,RACE_UNRESOLVED,NO_CANDIDATE_FOUND
rp_ROS_20260608_6.48,4908760,RACE_UNRESOLVED,NO_CANDIDATE_FOUND
rp_ROS_20260608_6.48,4994547,RACE_UNRESOLVED,NO_CANDIDATE_FOUND
rp_ROS_20260608_6.48,5021484,RACE_UNRESOLVED,NO_CANDIDATE_FOUND
rp_ROS_20260608_6.48,5727941,RACE_UNRESOLVED,NO_CANDIDATE_FOUND
rp_ROS_20260608_6.48,5884478,RACE_UNRESOLVED,NO_CANDIDATE_FOUND
rp_ROS_20260608_6.48,4440459,RACE_UNRESOLVED,NO_CANDIDATE_FOUND
rp_ROS_20260608_6.48,4707522,RACE_UNRESOLVED,NO_CANDIDATE_FOUND
rp_ROS_20260608_6.48,6233873,RACE_UNRESOLVED,NO_CANDIDATE_FOUND
rp_ROS_20260608_7.18,5521391,RACE_UNRESOLVED,NO_CANDIDATE_FOUND
rp_ROS_20260608_7.18,4952225,RACE_UNRESOLVED,NO_CANDIDATE_FOUND
rp_ROS_20260608_7.18,3404048,RACE_UNRESOLVED,NO_CANDIDATE_FOUND
rp_ROS_20260608_7.18,7303478,RACE_UNRESOLVED,NO_CANDIDATE_FOUND
rp_ROS_20260608_7.18,3290531,RACE_UNRESOLVED,NO_CANDIDATE_FOUND
rp_ROS_20260608_7.18,8335365,RACE_UNRESOLVED,NO_CANDIDATE_FOUND
rp_ROS_20260608_7.18,5864702,RACE_UNRESOLVED,NO_CANDIDATE_FOUND
rp_ROS_20260608_7.18,5689562,RACE_UNRESOLVED,NO_CANDIDATE_FOUND
rp_ROS_20260608_7.18,4201349,RACE_UNRESOLVED,NO_CANDIDATE_FOUND
rp_ROS_20260608_7.18,7395177,RACE_UNRESOLVED,NO_CANDIDATE_FOUND
rp_ROS_20260608_7.18,7046556,RACE_UNRESOLVED,NO_CANDIDATE_FOUND
rp_ROS_20260608_7.18,3459472,RACE_UNRESOLVED,NO_CANDIDATE_FOUND
rp_ROS_20260608_7.18,4628849,RACE_UNRESOLVED,NO_CANDIDATE_FOUND
rp_ROS_20260608_7.18,3997611,RACE_UNRESOLVED,NO_CANDIDATE_FOUND
rp_ROS_20260608_7.48,2579312,RACE_UNRESOLVED,NO_CANDIDATE_FOUND
rp_ROS_20260608_7.48,5711172,RACE_UNRESOLVED,NO_CANDIDATE_FOUND
rp_ROS_20260608_7.48,2871728,RACE_UNRESOLVED,NO_CANDIDATE_FOUND
rp_ROS_20260608_7.48,2498002,RACE_UNRESOLVED,NO_CANDIDATE_FOUND
rp_ROS_20260608_7.48,7169820,RACE_UNRESOLVED,NO_CANDIDATE_FOUND
rp_ROS_20260608_7.48,5746458,RACE_UNRESOLVED,NO_CANDIDATE_FOUND
rp_ROS_20260608_7.48,7404521,RACE_UNRESOLVED,NO_CANDIDATE_FOUND
rp_ROS_20260608_7.48,4780760,RACE_UNRESOLVED,NO_CANDIDATE_FOUND
rp_ROS_20260608_7.48,3041567,RACE_UNRESOLVED,NO_CANDIDATE_FOUND
rp_ROS_20260608_7.48,4867633,RACE_UNRESOLVED,NO_CANDIDATE_FOUND
rp_ROS_20260608_7.48,58956137,RACE_UNRESOLVED,NO_CANDIDATE_FOUND
rp_ROS_20260608_7.48,4177624,RACE_UNRESOLVED,NO_CANDIDATE_FOUND
rp_ROS_20260608_7.48,2471236,RACE_UNRESOLVED,NO_CANDIDATE_FOUND
rp_ROS_20260608_7.48,5689597,RACE_UNRESOLVED,NO_CANDIDATE_FOUND
rp_ROS_20260608_7.48,2564309,RACE_UNRESOLVED,NO_CANDIDATE_FOUND
rp_ROS_20260608_7.48,4952193,RACE_UNRESOLVED,NO_CANDIDATE_FOUND
rp_ROS_20260608_7.48,3461230,RACE_UNRESOLVED,NO_CANDIDATE_FOUND
rp_ROS_20260608_7.48,4520646,RACE_UNRESOLVED,NO_CANDIDATE_FOUND
rp_ROS_20260608_7.48,4893357,RACE_UNRESOLVED,NO_CANDIDATE_FOUND
rp_ROS_20260608_8.18,9162177,RACE_UNRESOLVED,NO_CANDIDATE_FOUND
rp_ROS_20260608_8.18,8917886,RACE_UNRESOLVED,NO_CANDIDATE_FOUND
rp_ROS_20260608_8.18,9222140,RACE_UNRESOLVED,NO_CANDIDATE_FOUND
rp_ROS_20260608_8.18,9354994,RACE_UNRESOLVED,NO_CANDIDATE_FOUND
rp_ROS_20260608_8.18,9354993,RACE_UNRESOLVED,NO_CANDIDATE_FOUND
rp_ROS_20260608_8.18,9350195,RACE_UNRESOLVED,NO_CANDIDATE_FOUND
rp_ROS_20260608_8.18,9189390,RACE_UNRESOLVED,NO_CANDIDATE_FOUND
rp_ROS_20260608_8.18,9189388,RACE_UNRESOLVED,NO_CANDIDATE_FOUND
rp_ROS_20260608_8.18,9222141,RACE_UNRESOLVED,NO_CANDIDATE_FOUND
rp_WIN_20260608_5.04,7493110,RACE_UNRESOLVED,NO_CANDIDATE_FOUND
rp_WIN_20260608_5.04,7020582,RACE_UNRESOLVED,NO_CANDIDATE_FOUND
rp_WIN_20260608_5.04,7952284,RACE_UNRESOLVED,NO_CANDIDATE_FOUND
rp_WIN_20260608_5.04,7847669,RACE_UNRESOLVED,NO_CANDIDATE_FOUND
rp_WIN_20260608_5.04,8031347,RACE_UNRESOLVED,NO_CANDIDATE_FOUND
rp_WIN_20260608_5.04,8432204,RACE_UNRESOLVED,NO_CANDIDATE_FOUND
rp_WIN_20260608_5.04,7722810,RACE_UNRESOLVED,NO_CANDIDATE_FOUND
rp_WIN_20260608_5.04,7722809,RACE_UNRESOLVED,NO_CANDIDATE_FOUND
rp_WIN_20260608_5.04,7525327,RACE_UNRESOLVED,NO_CANDIDATE_FOUND
rp_WIN_20260608_5.04,7204896,RACE_UNRESOLVED,NO_CANDIDATE_FOUND
rp_WIN_20260608_5.04,7789352,RACE_UNRESOLVED,NO_CANDIDATE_FOUND
rp_WIN_20260608_5.04,8236337,RACE_UNRESOLVED,NO_CANDIDATE_FOUND
rp_WIN_20260608_5.39,9115887,RACE_UNRESOLVED,NO_CANDIDATE_FOUND
rp_WIN_20260608_5.39,8688847,RACE_UNRESOLVED,NO_CANDIDATE_FOUND
rp_WIN_20260608_5.39,9344934,RACE_UNRESOLVED,NO_CANDIDATE_FOUND
rp_WIN_20260608_5.39,9189208,RACE_UNRESOLVED,NO_CANDIDATE_FOUND
rp_WIN_20260608_5.39,8688543,RACE_UNRESOLVED,NO_CANDIDATE_FOUND
rp_WIN_20260608_5.39,8688848,RACE_UNRESOLVED,NO_CANDIDATE_FOUND
rp_WIN_20260608_5.39,9350232,RACE_UNRESOLVED,NO_CANDIDATE_FOUND
rp_WIN_20260608_5.39,9295566,RACE_UNRESOLVED,NO_CANDIDATE_FOUND
rp_WIN_20260608_5.39,8881394,RACE_UNRESOLVED,NO_CANDIDATE_FOUND
rp_WIN_20260608_5.39,9179736,RACE_UNRESOLVED,NO_CANDIDATE_FOUND
rp_WIN_20260608_5.39,9350230,RACE_UNRESOLVED,NO_CANDIDATE_FOUND
rp_WIN_20260608_5.39,9350233,RACE_UNRESOLVED,NO_CANDIDATE_FOUND
rp_WIN_20260608_6.09,8406269,RACE_UNRESOLVED,NO_CANDIDATE_FOUND
rp_WIN_20260608_6.09,7204800,RACE_UNRESOLVED,NO_CANDIDATE_FOUND
rp_WIN_20260608_6.09,9115628,RACE_UNRESOLVED,NO_CANDIDATE_FOUND
rp_WIN_20260608_6.09,9350227,RACE_UNRESOLVED,NO_CANDIDATE_FOUND
rp_WIN_20260608_6.09,9263860,RACE_UNRESOLVED,NO_CANDIDATE_FOUND
rp_WIN_20260608_6.09,8406201,RACE_UNRESOLVED,NO_CANDIDATE_FOUND
rp_WIN_20260608_6.09,9060380,RACE_UNRESOLVED,NO_CANDIDATE_FOUND
rp_WIN_20260608_6.09,8945020,RACE_UNRESOLVED,NO_CANDIDATE_FOUND
rp_WIN_20260608_6.09,9212584,RACE_UNRESOLVED,NO_CANDIDATE_FOUND
rp_WIN_20260608_6.09,8132989,RACE_UNRESOLVED,NO_CANDIDATE_FOUND
rp_WIN_20260608_6.09,9212583,RACE_UNRESOLVED,NO_CANDIDATE_FOUND
rp_WIN_20260608_7.09,7020446,RACE_UNRESOLVED,NO_CANDIDATE_FOUND
rp_WIN_20260608_7.09,9083768,RACE_UNRESOLVED,NO_CANDIDATE_FOUND
rp_WIN_20260608_7.09,6807911,RACE_UNRESOLVED,NO_CANDIDATE_FOUND
rp_WIN_20260608_7.09,8295083,RACE_UNRESOLVED,NO_CANDIDATE_FOUND
rp_WIN_20260608_7.09,9212587,RACE_UNRESOLVED,NO_CANDIDATE_FOUND
rp_WIN_20260608_7.09,9249285,RACE_UNRESOLVED,NO_CANDIDATE_FOUND
rp_WIN_20260608_7.09,9115629,RACE_UNRESOLVED,NO_CANDIDATE_FOUND
rp_WIN_20260608_7.09,9244715,RACE_UNRESOLVED,NO_CANDIDATE_FOUND
rp_WIN_20260608_7.09,8991595,RACE_UNRESOLVED,NO_CANDIDATE_FOUND
rp_WIN_20260608_7.09,8299918,RACE_UNRESOLVED,NO_CANDIDATE_FOUND
rp_WIN_20260608_7.09,9231648,RACE_UNRESOLVED,NO_CANDIDATE_FOUND
rp_WIN_20260608_7.09,8157545,RACE_UNRESOLVED,NO_CANDIDATE_FOUND
rp_WIN_20260608_7.09,8485663,RACE_UNRESOLVED,NO_CANDIDATE_FOUND
rp_WIN_20260608_7.09,9258997,RACE_UNRESOLVED,NO_CANDIDATE_FOUND
rp_WIN_20260608_7.09,5428928,RACE_UNRESOLVED,NO_CANDIDATE_FOUND
rp_WIN_20260608_7.09,8986923,RACE_UNRESOLVED,NO_CANDIDATE_FOUND
rp_WIN_20260608_7.39,3526605,RACE_UNRESOLVED,NO_CANDIDATE_FOUND
rp_WIN_20260608_7.39,5216546,RACE_UNRESOLVED,NO_CANDIDATE_FOUND
rp_WIN_20260608_7.39,7516446,RACE_UNRESOLVED,NO_CANDIDATE_FOUND
rp_WIN_20260608_7.39,4213775,RACE_UNRESOLVED,NO_CANDIDATE_FOUND
rp_WIN_20260608_7.39,4076521,RACE_UNRESOLVED,NO_CANDIDATE_FOUND
rp_WIN_20260608_7.39,5624623,RACE_UNRESOLVED,NO_CANDIDATE_FOUND
rp_WIN_20260608_7.39,3638598,RACE_UNRESOLVED,NO_CANDIDATE_FOUND
rp_WIN_20260608_7.39,7520198,RACE_UNRESOLVED,NO_CANDIDATE_FOUND
rp_WIN_20260608_7.39,8263593,RACE_UNRESOLVED,NO_CANDIDATE_FOUND
rp_WIN_20260608_8.09,6451108,RACE_UNRESOLVED,NO_CANDIDATE_FOUND
rp_WIN_20260608_8.09,3162626,RACE_UNRESOLVED,NO_CANDIDATE_FOUND
rp_WIN_20260608_8.09,1756230,RACE_UNRESOLVED,NO_CANDIDATE_FOUND
rp_WIN_20260608_8.09,3216252,RACE_UNRESOLVED,NO_CANDIDATE_FOUND
rp_WIN_20260608_8.09,4175293,RACE_UNRESOLVED,NO_CANDIDATE_FOUND
rp_WIN_20260608_8.09,6626305,RACE_UNRESOLVED,NO_CANDIDATE_FOUND
rp_WIN_20260608_8.09,6092551,RACE_UNRESOLVED,NO_CANDIDATE_FOUND
rp_WIN_20260608_8.09,7661874,RACE_UNRESOLVED,NO_CANDIDATE_FOUND
rp_WIN_20260608_8.09,7780579,RACE_UNRESOLVED,NO_CANDIDATE_FOUND
rp_WIN_20260608_8.09,8137379,RACE_UNRESOLVED,NO_CANDIDATE_FOUND
rp_WIN_20260608_8.09,6626281,RACE_UNRESOLVED,NO_CANDIDATE_FOUND
rp_WIN_20260608_8.09,7757827,RACE_UNRESOLVED,NO_CANDIDATE_FOUND
rp_WIN_20260608_8.09,5552246,RACE_UNRESOLVED,NO_CANDIDATE_FOUND
rp_WIN_20260608_8.09,8210163,RACE_UNRESOLVED,NO_CANDIDATE_FOUND
rp_WIN_20260608_8.09,6613687,RACE_UNRESOLVED,NO_CANDIDATE_FOUND
rp_WIN_20260608_8.09,9055757,RACE_UNRESOLVED,NO_CANDIDATE_FOUND
rp_WIN_20260608_8.39,8427606,RACE_UNRESOLVED,NO_CANDIDATE_FOUND
rp_WIN_20260608_8.39,7648502,RACE_UNRESOLVED,NO_CANDIDATE_FOUND
rp_WIN_20260608_8.39,7020415,RACE_UNRESOLVED,NO_CANDIDATE_FOUND
rp_WIN_20260608_8.39,7529925,RACE_UNRESOLVED,NO_CANDIDATE_FOUND
rp_WIN_20260608_8.39,8048321,RACE_UNRESOLVED,NO_CANDIDATE_FOUND
rp_WIN_20260608_8.39,7677645,RACE_UNRESOLVED,NO_CANDIDATE_FOUND
rp_WIN_20260608_8.39,7939674,RACE_UNRESOLVED,NO_CANDIDATE_FOUND
rp_WIN_20260608_8.39,7922007,RACE_UNRESOLVED,NO_CANDIDATE_FOUND
rp_WIN_20260608_8.39,8632773,RACE_UNRESOLVED,NO_CANDIDATE_FOUND
rp_WIN_20260608_8.39,7930852,RACE_UNRESOLVED,NO_CANDIDATE_FOUND
rp_WIN_20260608_8.39,7020373,RACE_UNRESOLVED,NO_CANDIDATE_FOUND
rp_WIN_20260608_8.39,7520215,RACE_UNRESOLVED,NO_CANDIDATE_FOUND
rp_WIN_20260608_8.39,8111188,RACE_UNRESOLVED,NO_CANDIDATE_FOUND
rp_WIN_20260608_8.39,8968479,RACE_UNRESOLVED,NO_CANDIDATE_FOUND
rp_BRIGHTON_20260609_6.21,rp_BRIGHTON_banksman,RACE_UNRESOLVED,NO_CANDIDATE_FOUND
rp_BRIGHTON_20260609_6.21,rp_BRIGHTON_horus,RACE_UNRESOLVED,NO_CANDIDATE_FOUND
rp_BRIGHTON_20260609_6.21,rp_BRIGHTON_mokata,RACE_UNRESOLVED,NO_CANDIDATE_FOUND
rp_BRIGHTON_20260609_6.21,rp_BRIGHTON_pacific_prince,RACE_UNRESOLVED,NO_CANDIDATE_FOUND
rp_BRIGHTON_20260609_6.21,rp_BRIGHTON_rainbow_sign,RACE_UNRESOLVED,NO_CANDIDATE_FOUND
rp_BRIGHTON_20260609_6.21,rp_BRIGHTON_barnsnape_boy,RACE_UNRESOLVED,NO_CANDIDATE_FOUND
rp_BRIGHTON_20260609_6.21,rp_BRIGHTON_fai_fai,RACE_UNRESOLVED,NO_CANDIDATE_FOUND
rp_BRIGHTON_20260609_6.21,rp_BRIGHTON_almavillalobas,RACE_UNRESOLVED,NO_CANDIDATE_FOUND
rp_BRIGHTON_20260609_6.21,rp_BRIGHTON_voodoo_ray,RACE_UNRESOLVED,NO_CANDIDATE_FOUND
rp_BRIGHTON_20260609_6.21,rp_BRIGHTON_embarked,RACE_UNRESOLVED,NO_CANDIDATE_FOUND
rp_BRIGHTON_20260609_6.51,rp_BRIGHTON_mister_sandman,RACE_UNRESOLVED,NO_CANDIDATE_FOUND
rp_BRIGHTON_20260609_6.51,rp_BRIGHTON_big_time_rascal,RACE_UNRESOLVED,NO_CANDIDATE_FOUND
rp_BRIGHTON_20260609_6.51,rp_BRIGHTON_poetic_jack,RACE_UNRESOLVED,NO_CANDIDATE_FOUND
rp_BRIGHTON_20260609_6.51,rp_BRIGHTON_battle_point,RACE_UNRESOLVED,NO_CANDIDATE_FOUND
rp_BRIGHTON_20260609_6.51,rp_BRIGHTON_she_went_whoosh,RACE_UNRESOLVED,NO_CANDIDATE_FOUND
rp_BRIGHTON_20260609_6.51,rp_BRIGHTON_washington_heir,RACE_UNRESOLVED,NO_CANDIDATE_FOUND
rp_BRIGHTON_20260609_7.21,rp_BRIGHTON_far_and_above,RACE_UNRESOLVED,NO_CANDIDATE_FOUND
rp_BRIGHTON_20260609_7.21,rp_BRIGHTON_lordsbridge_grey,RACE_UNRESOLVED,NO_CANDIDATE_FOUND
rp_BRIGHTON_20260609_7.21,rp_BRIGHTON_gunfighter,RACE_UNRESOLVED,NO_CANDIDATE_FOUND
rp_BRIGHTON_20260609_7.21,rp_BRIGHTON_tactical_plan,RACE_UNRESOLVED,NO_CANDIDATE_FOUND
rp_BRIGHTON_20260609_7.21,rp_BRIGHTON_tea_sea,RACE_UNRESOLVED,NO_CANDIDATE_FOUND
rp_BRIGHTON_20260609_7.21,rp_BRIGHTON_rogue_dynasty,RACE_UNRESOLVED,NO_CANDIDATE_FOUND
rp_BRIGHTON_20260609_7.21,rp_BRIGHTON_blue_collar_lad,RACE_UNRESOLVED,NO_CANDIDATE_FOUND
rp_BRIGHTON_20260609_7.21,rp_BRIGHTON_astronomica,RACE_UNRESOLVED,NO_CANDIDATE_FOUND
rp_BRIGHTON_20260609_7.21,rp_BRIGHTON_king_of_war,RACE_UNRESOLVED,NO_CANDIDATE_FOUND
rp_BRIGHTON_20260609_7.21,rp_BRIGHTON_play_me,RACE_UNRESOLVED,NO_CANDIDATE_FOUND
rp_BRIGHTON_20260609_7.21,rp_BRIGHTON_gone_rogue,RACE_UNRESOLVED,NO_CANDIDATE_FOUND
rp_BRIGHTON_20260609_7.51,rp_BRIGHTON_masqool,RACE_UNRESOLVED,NO_CANDIDATE_FOUND
rp_BRIGHTON_20260609_7.51,rp_BRIGHTON_celebrating_ethel,RACE_UNRESOLVED,NO_CANDIDATE_FOUND
rp_BRIGHTON_20260609_7.51,rp_BRIGHTON_letsbeatsepsis,RACE_UNRESOLVED,NO_CANDIDATE_FOUND
rp_BRIGHTON_20260609_7.51,rp_BRIGHTON_celtic_john,RACE_UNRESOLVED,NO_CANDIDATE_FOUND
rp_BRIGHTON_20260609_7.51,rp_BRIGHTON_power_of_prayer,RACE_UNRESOLVED,NO_CANDIDATE_FOUND
rp_BRIGHTON_20260609_7.51,rp_BRIGHTON_night_bear,RACE_UNRESOLVED,NO_CANDIDATE_FOUND
rp_BRIGHTON_20260609_7.51,rp_BRIGHTON_bohemian_breeze,RACE_UNRESOLVED,NO_CANDIDATE_FOUND
rp_BRIGHTON_20260609_7.51,rp_BRIGHTON_foinix,RACE_UNRESOLVED,NO_CANDIDATE_FOUND
rp_BRIGHTON_20260609_7.51,rp_BRIGHTON_monks_mead,RACE_UNRESOLVED,NO_CANDIDATE_FOUND
rp_BRIGHTON_20260609_7.51,rp_BRIGHTON_fighting_poet,RACE_UNRESOLVED,NO_CANDIDATE_FOUND
rp_BRIGHTON_20260609_7.51,rp_BRIGHTON_little_tiger,RACE_UNRESOLVED,NO_CANDIDATE_FOUND
rp_BRIGHTON_20260609_7.51,rp_BRIGHTON_twilight_guest,RACE_UNRESOLVED,NO_CANDIDATE_FOUND
rp_BRIGHTON_20260609_8.21,rp_BRIGHTON_cape_toronada,RACE_UNRESOLVED,NO_CANDIDATE_FOUND
rp_BRIGHTON_20260609_8.21,rp_BRIGHTON_rivera_queen,RACE_UNRESOLVED,NO_CANDIDATE_FOUND
rp_BRIGHTON_20260609_8.21,rp_BRIGHTON_a_lott_of_kane,RACE_UNRESOLVED,NO_CANDIDATE_FOUND
rp_BRIGHTON_20260609_8.21,rp_BRIGHTON_no_claims_bonus,RACE_UNRESOLVED,NO_CANDIDATE_FOUND
rp_BRIGHTON_20260609_8.21,rp_BRIGHTON_poetic_grace,RACE_UNRESOLVED,NO_CANDIDATE_FOUND
rp_BRIGHTON_20260609_8.21,rp_BRIGHTON_lieutenant_sir,RACE_UNRESOLVED,NO_CANDIDATE_FOUND
rp_BRIGHTON_20260609_8.21,rp_BRIGHTON_arvana_belle,RACE_UNRESOLVED,NO_CANDIDATE_FOUND
rp_BRIGHTON_20260609_8.51,rp_BRIGHTON_rory_rocket,RACE_UNRESOLVED,NO_CANDIDATE_FOUND
rp_BRIGHTON_20260609_8.51,rp_BRIGHTON_ancient_state,RACE_UNRESOLVED,NO_CANDIDATE_FOUND
rp_BRIGHTON_20260609_8.51,rp_BRIGHTON_recon_mission,RACE_UNRESOLVED,NO_CANDIDATE_FOUND
rp_BRIGHTON_20260609_8.51,rp_BRIGHTON_mick's_spirit,RACE_UNRESOLVED,NO_CANDIDATE_FOUND
rp_BRIGHTON_20260609_8.51,rp_BRIGHTON_kento,RACE_UNRESOLVED,NO_CANDIDATE_FOUND
rp_BRIGHTON_20260609_8.51,rp_BRIGHTON_merrimack,RACE_UNRESOLVED,NO_CANDIDATE_FOUND
rp_BRIGHTON_20260609_8.51,rp_BRIGHTON_secret_handsheikh,RACE_UNRESOLVED,NO_CANDIDATE_FOUND
rp_BRIGHTON_20260609_8.51,rp_BRIGHTON_roman_spring,RACE_UNRESOLVED,NO_CANDIDATE_FOUND
rp_CARLISLE_20260609_6.12,rp_CARLISLE_bay_breeze,RACE_UNRESOLVED,NO_CANDIDATE_FOUND
rp_CARLISLE_20260609_6.12,rp_CARLISLE_andalprofit,RACE_UNRESOLVED,NO_CANDIDATE_FOUND
rp_CARLISLE_20260609_6.12,rp_CARLISLE_jet_warrior,RACE_UNRESOLVED,NO_CANDIDATE_FOUND
rp_CARLISLE_20260609_6.12,rp_CARLISLE_amaysmont,RACE_UNRESOLVED,NO_CANDIDATE_FOUND
rp_CARLISLE_20260609_6.12,rp_CARLISLE_lumenbourg,RACE_UNRESOLVED,NO_CANDIDATE_FOUND
rp_CARLISLE_20260609_6.12,rp_CARLISLE_groundsman,RACE_UNRESOLVED,NO_CANDIDATE_FOUND
rp_CARLISLE_20260609_6.42,rp_CARLISLE_rock_steady_beat,RACE_UNRESOLVED,NO_CANDIDATE_FOUND
rp_CARLISLE_20260609_6.42,rp_CARLISLE_eevee_star,RACE_UNRESOLVED,NO_CANDIDATE_FOUND
rp_CARLISLE_20260609_6.42,rp_CARLISLE_sydney_grace,RACE_UNRESOLVED,NO_CANDIDATE_FOUND
rp_CARLISLE_20260609_6.42,rp_CARLISLE_blakey_ridge,RACE_UNRESOLVED,NO_CANDIDATE_FOUND
rp_CARLISLE_20260609_6.42,rp_CARLISLE_kaiulani_spirit,RACE_UNRESOLVED,NO_CANDIDATE_FOUND
rp_CARLISLE_20260609_6.42,rp_CARLISLE_mangham,RACE_UNRESOLVED,NO_CANDIDATE_FOUND
rp_CARLISLE_20260609_6.42,rp_CARLISLE_yorkshire_dream,RACE_UNRESOLVED,NO_CANDIDATE_FOUND
rp_CARLISLE_20260609_6.42,rp_CARLISLE_excessive,RACE_UNRESOLVED,NO_CANDIDATE_FOUND
rp_CARLISLE_20260609_7.12,rp_CARLISLE_glory_road,RACE_UNRESOLVED,NO_CANDIDATE_FOUND
rp_CARLISLE_20260609_7.12,rp_CARLISLE_affettuoso,RACE_UNRESOLVED,NO_CANDIDATE_FOUND
rp_CARLISLE_20260609_7.12,rp_CARLISLE_pepsea,RACE_UNRESOLVED,NO_CANDIDATE_FOUND
rp_CARLISLE_20260609_7.12,rp_CARLISLE_snake_hips,RACE_UNRESOLVED,NO_CANDIDATE_FOUND
rp_CARLISLE_20260609_7.12,rp_CARLISLE_sodeto,RACE_UNRESOLVED,NO_CANDIDATE_FOUND
rp_CARLISLE_20260609_7.12,rp_CARLISLE_vintage_marsala,RACE_UNRESOLVED,NO_CANDIDATE_FOUND
rp_CARLISLE_20260609_7.12,rp_CARLISLE_thistle_nil,RACE_UNRESOLVED,NO_CANDIDATE_FOUND
rp_CARLISLE_20260609_7.12,rp_CARLISLE_sun_lord,RACE_UNRESOLVED,NO_CANDIDATE_FOUND
rp_CARLISLE_20260609_7.12,rp_CARLISLE_sanny_doo,RACE_UNRESOLVED,NO_CANDIDATE_FOUND
rp_CARLISLE_20260609_7.12,rp_CARLISLE_turret,RACE_UNRESOLVED,NO_CANDIDATE_FOUND
rp_CARLISLE_20260609_7.12,rp_CARLISLE_steel_raven,RACE_UNRESOLVED,NO_CANDIDATE_FOUND
rp_CARLISLE_20260609_7.12,rp_CARLISLE_ceinture_d'orion,RACE_UNRESOLVED,NO_CANDIDATE_FOUND
rp_CARLISLE_20260609_7.12,rp_CARLISLE_lorton_valley,RACE_UNRESOLVED,NO_CANDIDATE_FOUND
rp_CARLISLE_20260609_7.42,rp_CARLISLE_peter_the_wolf,RACE_UNRESOLVED,NO_CANDIDATE_FOUND
rp_CARLISLE_20260609_7.42,rp_CARLISLE_arctic_summer,RACE_UNRESOLVED,NO_CANDIDATE_FOUND
rp_CARLISLE_20260609_7.42,rp_CARLISLE_qila,RACE_UNRESOLVED,NO_CANDIDATE_FOUND
rp_CARLISLE_20260609_7.42,rp_CARLISLE_francisco's_piece,RACE_UNRESOLVED,NO_CANDIDATE_FOUND
rp_CARLISLE_20260609_7.42,rp_CARLISLE_accrual,RACE_UNRESOLVED,NO_CANDIDATE_FOUND
rp_CARLISLE_20260609_7.42,rp_CARLISLE_the_bell_conductor,RACE_UNRESOLVED,NO_CANDIDATE_FOUND
rp_CARLISLE_20260609_7.42,rp_CARLISLE_station_x,RACE_UNRESOLVED,NO_CANDIDATE_FOUND
rp_CARLISLE_20260609_7.42,rp_CARLISLE_spoof,RACE_UNRESOLVED,NO_CANDIDATE_FOUND
rp_CARLISLE_20260609_7.42,rp_CARLISLE_trilby,RACE_UNRESOLVED,NO_CANDIDATE_FOUND
rp_CARLISLE_20260609_7.42,rp_CARLISLE_hundred_caps,RACE_UNRESOLVED,NO_CANDIDATE_FOUND
rp_CARLISLE_20260609_7.42,rp_CARLISLE_parisiac,RACE_UNRESOLVED,NO_CANDIDATE_FOUND
rp_CARLISLE_20260609_7.42,rp_CARLISLE_vince_l'amour,RACE_UNRESOLVED,NO_CANDIDATE_FOUND
rp_CARLISLE_20260609_8.12,rp_CARLISLE_west_tyrone,RACE_UNRESOLVED,NO_CANDIDATE_FOUND
rp_CARLISLE_20260609_8.12,rp_CARLISLE_polygram,RACE_UNRESOLVED,NO_CANDIDATE_FOUND
rp_CARLISLE_20260609_8.12,rp_CARLISLE_scotland_the_brave,RACE_UNRESOLVED,NO_CANDIDATE_FOUND
rp_CARLISLE_20260609_8.12,rp_CARLISLE_v_twelve,RACE_UNRESOLVED,NO_CANDIDATE_FOUND
rp_CARLISLE_20260609_8.12,rp_CARLISLE_golspie,RACE_UNRESOLVED,NO_CANDIDATE_FOUND
rp_CARLISLE_20260609_8.12,rp_CARLISLE_taylormade_lad,RACE_UNRESOLVED,NO_CANDIDATE_FOUND
rp_CARLISLE_20260609_8.12,rp_CARLISLE_dubai_venture,RACE_UNRESOLVED,NO_CANDIDATE_FOUND
rp_CARLISLE_20260609_8.12,rp_CARLISLE_naturalia,RACE_UNRESOLVED,NO_CANDIDATE_FOUND
rp_CARLISLE_20260609_8.12,rp_CARLISLE_dr_rio,RACE_UNRESOLVED,NO_CANDIDATE_FOUND
rp_CARLISLE_20260609_8.12,rp_CARLISLE_jaminoz,RACE_UNRESOLVED,NO_CANDIDATE_FOUND
rp_CARLISLE_20260609_8.12,rp_CARLISLE_letmeseethecolts,RACE_UNRESOLVED,NO_CANDIDATE_FOUND
rp_CARLISLE_20260609_8.42,rp_CARLISLE_hatamoto,RACE_UNRESOLVED,NO_CANDIDATE_FOUND
rp_CARLISLE_20260609_8.42,rp_CARLISLE_clocker,RACE_UNRESOLVED,NO_CANDIDATE_FOUND
rp_CARLISLE_20260609_8.42,rp_CARLISLE_attention_seeker,RACE_UNRESOLVED,NO_CANDIDATE_FOUND
rp_CARLISLE_20260609_8.42,rp_CARLISLE_cosmic_man,RACE_UNRESOLVED,NO_CANDIDATE_FOUND
rp_CARLISLE_20260609_8.42,rp_CARLISLE_unchartedterritory,RACE_UNRESOLVED,NO_CANDIDATE_FOUND
rp_CARLISLE_20260609_8.42,rp_CARLISLE_scheffler,RACE_UNRESOLVED,NO_CANDIDATE_FOUND
rp_CARLISLE_20260609_8.42,rp_CARLISLE_balmoral_boy,RACE_UNRESOLVED,NO_CANDIDATE_FOUND
rp_CARLISLE_20260609_8.42,rp_CARLISLE_mr_moonshine,RACE_UNRESOLVED,NO_CANDIDATE_FOUND
rp_CARLISLE_20260609_8.42,rp_CARLISLE_ibn_altheeb,RACE_UNRESOLVED,NO_CANDIDATE_FOUND
rp_CARLISLE_20260609_8.42,rp_CARLISLE_ephron,RACE_UNRESOLVED,NO_CANDIDATE_FOUND
rp_SALISBURY_20260609_2.18,rp_SALISBURY_undiscovered,RACE_UNRESOLVED,NO_CANDIDATE_FOUND
rp_SALISBURY_20260609_2.18,rp_SALISBURY_benefacta,RACE_UNRESOLVED,NO_CANDIDATE_FOUND
rp_SALISBURY_20260609_2.18,rp_SALISBURY_secret_society,RACE_UNRESOLVED,NO_CANDIDATE_FOUND
rp_SALISBURY_20260609_2.18,rp_SALISBURY_minzazi,RACE_UNRESOLVED,NO_CANDIDATE_FOUND
rp_SALISBURY_20260609_2.18,rp_SALISBURY_foscarini,RACE_UNRESOLVED,NO_CANDIDATE_FOUND
rp_SALISBURY_20260609_2.18,rp_SALISBURY_half_a_hoof,RACE_UNRESOLVED,NO_CANDIDATE_FOUND
rp_SALISBURY_20260609_2.18,rp_SALISBURY_lord_of_winterfell,RACE_UNRESOLVED,NO_CANDIDATE_FOUND
rp_SALISBURY_20260609_2.18,rp_SALISBURY_ten_year_stretch,RACE_UNRESOLVED,NO_CANDIDATE_FOUND
rp_SALISBURY_20260609_2.18,rp_SALISBURY_prince_kameo,RACE_UNRESOLVED,NO_CANDIDATE_FOUND
rp_SALISBURY_20260609_2.18,rp_SALISBURY_green_titan,RACE_UNRESOLVED,NO_CANDIDATE_FOUND
rp_SALISBURY_20260609_2.18,rp_SALISBURY_empire_rising,RACE_UNRESOLVED,NO_CANDIDATE_FOUND
rp_SALISBURY_20260609_2.18,rp_SALISBURY_glory_bound,RACE_UNRESOLVED,NO_CANDIDATE_FOUND
rp_SALISBURY_20260609_2.48,rp_SALISBURY_harry_knows,RACE_UNRESOLVED,NO_CANDIDATE_FOUND
rp_SALISBURY_20260609_2.48,rp_SALISBURY_flying_pirate,RACE_UNRESOLVED,NO_CANDIDATE_FOUND
rp_SALISBURY_20260609_2.48,rp_SALISBURY_blue_skies_above,RACE_UNRESOLVED,NO_CANDIDATE_FOUND
rp_SALISBURY_20260609_2.48,rp_SALISBURY_aphra_behn,RACE_UNRESOLVED,NO_CANDIDATE_FOUND
rp_SALISBURY_20260609_2.48,rp_SALISBURY_rattenbury,RACE_UNRESOLVED,NO_CANDIDATE_FOUND
rp_SALISBURY_20260609_2.48,rp_SALISBURY_beresford_gap,RACE_UNRESOLVED,NO_CANDIDATE_FOUND
rp_SALISBURY_20260609_2.48,rp_SALISBURY_goodwood_meteor,RACE_UNRESOLVED,NO_CANDIDATE_FOUND
rp_SALISBURY_20260609_2.48,rp_SALISBURY_make_no_mistake,RACE_UNRESOLVED,NO_CANDIDATE_FOUND
rp_SALISBURY_20260609_2.48,rp_SALISBURY_no_more_pino,RACE_UNRESOLVED,NO_CANDIDATE_FOUND
rp_SALISBURY_20260609_2.48,rp_SALISBURY_walbrook,RACE_UNRESOLVED,NO_CANDIDATE_FOUND
rp_SALISBURY_20260609_2.48,rp_SALISBURY_green_dividend,RACE_UNRESOLVED,NO_CANDIDATE_FOUND
rp_SALISBURY_20260609_2.48,rp_SALISBURY_invicta_rose,RACE_UNRESOLVED,NO_CANDIDATE_FOUND
rp_SALISBURY_20260609_3.18,rp_SALISBURY_arantes_nascimento,RACE_UNRESOLVED,NO_CANDIDATE_FOUND
rp_SALISBURY_20260609_3.18,rp_SALISBURY_lodge,RACE_UNRESOLVED,NO_CANDIDATE_FOUND
rp_SALISBURY_20260609_3.18,rp_SALISBURY_phoenix_moon,RACE_UNRESOLVED,NO_CANDIDATE_FOUND
rp_SALISBURY_20260609_3.18,rp_SALISBURY_invincible_speed,RACE_UNRESOLVED,NO_CANDIDATE_FOUND
rp_SALISBURY_20260609_3.18,rp_SALISBURY_newsreader,RACE_UNRESOLVED,NO_CANDIDATE_FOUND
rp_SALISBURY_20260609_3.18,rp_SALISBURY_addictive,RACE_UNRESOLVED,NO_CANDIDATE_FOUND
rp_SALISBURY_20260609_3.18,rp_SALISBURY_distant_rumble,RACE_UNRESOLVED,NO_CANDIDATE_FOUND
rp_SALISBURY_20260609_3.18,rp_SALISBURY_unico,RACE_UNRESOLVED,NO_CANDIDATE_FOUND
rp_SALISBURY_20260609_3.18,rp_SALISBURY_thunderous_love,RACE_UNRESOLVED,NO_CANDIDATE_FOUND
rp_SALISBURY_20260609_3.18,rp_SALISBURY_supreme_king,RACE_UNRESOLVED,NO_CANDIDATE_FOUND
rp_SALISBURY_20260609_3.48,rp_SALISBURY_le_samourai,RACE_UNRESOLVED,NO_CANDIDATE_FOUND
rp_SALISBURY_20260609_3.48,rp_SALISBURY_bold_shout,RACE_UNRESOLVED,NO_CANDIDATE_FOUND
rp_SALISBURY_20260609_3.48,rp_SALISBURY_lucky_luna,RACE_UNRESOLVED,NO_CANDIDATE_FOUND
rp_SALISBURY_20260609_3.48,rp_SALISBURY_hugh,RACE_UNRESOLVED,NO_CANDIDATE_FOUND
rp_SALISBURY_20260609_3.48,rp_SALISBURY_back_at_one,RACE_UNRESOLVED,NO_CANDIDATE_FOUND
rp_SALISBURY_20260609_3.48,rp_SALISBURY_cosmic_jive,RACE_UNRESOLVED,NO_CANDIDATE_FOUND
rp_SALISBURY_20260609_3.48,rp_SALISBURY_dupont_circle,RACE_UNRESOLVED,NO_CANDIDATE_FOUND
rp_SALISBURY_20260609_3.48,rp_SALISBURY_jean's_boy,RACE_UNRESOLVED,NO_CANDIDATE_FOUND
rp_SALISBURY_20260609_3.48,rp_SALISBURY_paint_your_palette,RACE_UNRESOLVED,NO_CANDIDATE_FOUND
rp_SALISBURY_20260609_3.48,rp_SALISBURY_sapphire_secret,RACE_UNRESOLVED,NO_CANDIDATE_FOUND
rp_SALISBURY_20260609_3.48,rp_SALISBURY_siddal,RACE_UNRESOLVED,NO_CANDIDATE_FOUND
rp_SALISBURY_20260609_3.48,rp_SALISBURY_rajiba,RACE_UNRESOLVED,NO_CANDIDATE_FOUND
rp_SALISBURY_20260609_3.48,rp_SALISBURY_areti,RACE_UNRESOLVED,NO_CANDIDATE_FOUND
rp_SALISBURY_20260609_3.48,rp_SALISBURY_bright_summer,RACE_UNRESOLVED,NO_CANDIDATE_FOUND
rp_SALISBURY_20260609_4.18,rp_SALISBURY_besieged,RACE_UNRESOLVED,NO_CANDIDATE_FOUND
rp_SALISBURY_20260609_4.18,rp_SALISBURY_centrum,RACE_UNRESOLVED,NO_CANDIDATE_FOUND
rp_SALISBURY_20260609_4.18,rp_SALISBURY_poor_relation,RACE_UNRESOLVED,NO_CANDIDATE_FOUND
rp_SALISBURY_20260609_4.18,rp_SALISBURY_cartrefle,RACE_UNRESOLVED,NO_CANDIDATE_FOUND
rp_SALISBURY_20260609_4.18,rp_SALISBURY_easwrith_destiny,RACE_UNRESOLVED,NO_CANDIDATE_FOUND
rp_SALISBURY_20260609_4.18,rp_SALISBURY_long_reign,RACE_UNRESOLVED,NO_CANDIDATE_FOUND
rp_SALISBURY_20260609_4.18,rp_SALISBURY_notable_charm,RACE_UNRESOLVED,NO_CANDIDATE_FOUND
rp_SALISBURY_20260609_4.18,rp_SALISBURY_traveling_man,RACE_UNRESOLVED,NO_CANDIDATE_FOUND
rp_SALISBURY_20260609_4.18,rp_SALISBURY_last_trump,RACE_UNRESOLVED,NO_CANDIDATE_FOUND
rp_SALISBURY_20260609_4.18,rp_SALISBURY_much,RACE_UNRESOLVED,NO_CANDIDATE_FOUND
rp_SALISBURY_20260609_4.18,rp_SALISBURY_herstmonceux,RACE_UNRESOLVED,NO_CANDIDATE_FOUND
rp_SALISBURY_20260609_4.53,rp_SALISBURY_rossa_raheen,RACE_UNRESOLVED,NO_CANDIDATE_FOUND
rp_SALISBURY_20260609_4.53,rp_SALISBURY_regal_charm,RACE_UNRESOLVED,NO_CANDIDATE_FOUND
rp_SALISBURY_20260609_4.53,rp_SALISBURY_royal_poetry,RACE_UNRESOLVED,NO_CANDIDATE_FOUND
rp_SALISBURY_20260609_4.53,rp_SALISBURY_jazzy_baby,RACE_UNRESOLVED,NO_CANDIDATE_FOUND
rp_SALISBURY_20260609_4.53,rp_SALISBURY_affection,RACE_UNRESOLVED,NO_CANDIDATE_FOUND
rp_SALISBURY_20260609_4.53,rp_SALISBURY_typical_woman,RACE_UNRESOLVED,NO_CANDIDATE_FOUND
rp_SALISBURY_20260609_4.53,rp_SALISBURY_albus_anne,RACE_UNRESOLVED,NO_CANDIDATE_FOUND
rp_SALISBURY_20260609_5.28,rp_SALISBURY_tenzi,RACE_UNRESOLVED,NO_CANDIDATE_FOUND
rp_SALISBURY_20260609_5.28,rp_SALISBURY_stock_market,RACE_UNRESOLVED,NO_CANDIDATE_FOUND
rp_SALISBURY_20260609_5.28,rp_SALISBURY_grimese's_special,RACE_UNRESOLVED,NO_CANDIDATE_FOUND
rp_SALISBURY_20260609_5.28,rp_SALISBURY_yes_waliim,RACE_UNRESOLVED,NO_CANDIDATE_FOUND
rp_SALISBURY_20260609_5.28,rp_SALISBURY_maid_in_devon,RACE_UNRESOLVED,NO_CANDIDATE_FOUND
rp_SALISBURY_20260609_5.28,rp_SALISBURY_follow_my_heart,RACE_UNRESOLVED,NO_CANDIDATE_FOUND
rp_SALISBURY_20260609_5.28,rp_SALISBURY_that's_random,RACE_UNRESOLVED,NO_CANDIDATE_FOUND
rp_SALISBURY_20260609_5.28,rp_SALISBURY_wayward_queen,RACE_UNRESOLVED,NO_CANDIDATE_FOUND
rp_SLIGO_20260609_5.20,rp_SLIGO_rich_belief,RACE_UNRESOLVED,NO_CANDIDATE_FOUND
rp_SLIGO_20260609_5.20,rp_SLIGO_woodstream_lad,RACE_UNRESOLVED,NO_CANDIDATE_FOUND
rp_SLIGO_20260609_5.20,rp_SLIGO_hasten_slowly,RACE_UNRESOLVED,NO_CANDIDATE_FOUND
rp_SLIGO_20260609_5.20,rp_SLIGO_torquay_road,RACE_UNRESOLVED,NO_CANDIDATE_FOUND
rp_SLIGO_20260609_5.20,rp_SLIGO_eyeeye,RACE_UNRESOLVED,NO_CANDIDATE_FOUND
rp_SLIGO_20260609_5.20,rp_SLIGO_jaariam,RACE_UNRESOLVED,NO_CANDIDATE_FOUND
rp_SLIGO_20260609_5.20,rp_SLIGO_raydamann,RACE_UNRESOLVED,NO_CANDIDATE_FOUND
rp_SLIGO_20260609_5.20,rp_SLIGO_tomas_o_maille,RACE_UNRESOLVED,NO_CANDIDATE_FOUND
rp_SLIGO_20260609_5.20,rp_SLIGO_phoenix_arizona,RACE_UNRESOLVED,NO_CANDIDATE_FOUND
rp_SLIGO_20260609_5.20,rp_SLIGO_bocelli's_voice,RACE_UNRESOLVED,NO_CANDIDATE_FOUND
rp_SLIGO_20260609_5.55,rp_SLIGO_mia_in_milan,RACE_UNRESOLVED,NO_CANDIDATE_FOUND
rp_SLIGO_20260609_5.55,rp_SLIGO_clash_gold,RACE_UNRESOLVED,NO_CANDIDATE_FOUND
rp_SLIGO_20260609_5.55,rp_SLIGO_family_getaway,RACE_UNRESOLVED,NO_CANDIDATE_FOUND
rp_SLIGO_20260609_5.55,rp_SLIGO_ellens_pride,RACE_UNRESOLVED,NO_CANDIDATE_FOUND
rp_SLIGO_20260609_5.55,rp_SLIGO_scathach,RACE_UNRESOLVED,NO_CANDIDATE_FOUND
rp_SLIGO_20260609_5.55,rp_SLIGO_cherry_red,RACE_UNRESOLVED,NO_CANDIDATE_FOUND
rp_SLIGO_20260609_5.55,rp_SLIGO_crios_cu_chulainn,RACE_UNRESOLVED,NO_CANDIDATE_FOUND
rp_SLIGO_20260609_5.55,rp_SLIGO_mo_chailin_mor,RACE_UNRESOLVED,NO_CANDIDATE_FOUND
rp_SLIGO_20260609_5.55,rp_SLIGO_tawny_lea,RACE_UNRESOLVED,NO_CANDIDATE_FOUND
rp_SLIGO_20260609_5.55,rp_SLIGO_carrigeen_kirkia,RACE_UNRESOLVED,NO_CANDIDATE_FOUND
rp_SLIGO_20260609_5.55,rp_SLIGO_bangor_lady,RACE_UNRESOLVED,NO_CANDIDATE_FOUND
rp_SLIGO_20260609_6.30,rp_SLIGO_killowen_house,RACE_UNRESOLVED,NO_CANDIDATE_FOUND
rp_SLIGO_20260609_6.30,rp_SLIGO_commodity_broker,RACE_UNRESOLVED,NO_CANDIDATE_FOUND
rp_SLIGO_20260609_6.30,rp_SLIGO_hopeful_hero,RACE_UNRESOLVED,NO_CANDIDATE_FOUND
rp_SLIGO_20260609_6.30,rp_SLIGO_mc_swagger,RACE_UNRESOLVED,NO_CANDIDATE_FOUND
rp_SLIGO_20260609_6.30,rp_SLIGO_rosenborg,RACE_UNRESOLVED,NO_CANDIDATE_FOUND
rp_SLIGO_20260609_6.30,rp_SLIGO_sampoet,RACE_UNRESOLVED,NO_CANDIDATE_FOUND
rp_SLIGO_20260609_6.30,rp_SLIGO_swagger,RACE_UNRESOLVED,NO_CANDIDATE_FOUND
rp_SLIGO_20260609_6.30,rp_SLIGO_let's_go_la_fichad,RACE_UNRESOLVED,NO_CANDIDATE_FOUND
rp_SLIGO_20260609_6.30,rp_SLIGO_koliath_de_couely,RACE_UNRESOLVED,NO_CANDIDATE_FOUND
rp_SLIGO_20260609_6.30,rp_SLIGO_lilac_lady,RACE_UNRESOLVED,NO_CANDIDATE_FOUND
rp_SLIGO_20260609_6.30,rp_SLIGO_ballyminnion_boy,RACE_UNRESOLVED,NO_CANDIDATE_FOUND
rp_SLIGO_20260609_6.30,rp_SLIGO_eastwestconnection,RACE_UNRESOLVED,NO_CANDIDATE_FOUND
rp_SLIGO_20260609_6.30,rp_SLIGO_goldenkap,RACE_UNRESOLVED,NO_CANDIDATE_FOUND
rp_SLIGO_20260609_6.30,rp_SLIGO_humble_berkshire,RACE_UNRESOLVED,NO_CANDIDATE_FOUND
rp_SLIGO_20260609_6.30,rp_SLIGO_the_boysofairhill,RACE_UNRESOLVED,NO_CANDIDATE_FOUND
rp_SLIGO_20260609_6.30,rp_SLIGO_alentejo,RACE_UNRESOLVED,NO_CANDIDATE_FOUND
rp_SLIGO_20260609_6.30,rp_SLIGO_crystabel,RACE_UNRESOLVED,NO_CANDIDATE_FOUND
rp_SLIGO_20260609_7.00,rp_SLIGO_soldier_saint,RACE_UNRESOLVED,NO_CANDIDATE_FOUND
rp_SLIGO_20260609_7.00,rp_SLIGO_granlahan,RACE_UNRESOLVED,NO_CANDIDATE_FOUND
rp_SLIGO_20260609_7.00,rp_SLIGO_hurricane_honey,RACE_UNRESOLVED,NO_CANDIDATE_FOUND
rp_SLIGO_20260609_7.00,rp_SLIGO_grennanstown_lady,RACE_UNRESOLVED,NO_CANDIDATE_FOUND
rp_SLIGO_20260609_7.00,rp_SLIGO_coole_vision,RACE_UNRESOLVED,NO_CANDIDATE_FOUND
rp_SLIGO_20260609_7.00,rp_SLIGO_cholo,RACE_UNRESOLVED,NO_CANDIDATE_FOUND
rp_SLIGO_20260609_7.00,rp_SLIGO_dark_berkshire,RACE_UNRESOLVED,NO_CANDIDATE_FOUND
rp_SLIGO_20260609_7.00,rp_SLIGO_glin_road_boy,RACE_UNRESOLVED,NO_CANDIDATE_FOUND
rp_SLIGO_20260609_7.00,rp_SLIGO_sonny_fella,RACE_UNRESOLVED,NO_CANDIDATE_FOUND
rp_SLIGO_20260609_7.00,rp_SLIGO_boston_bobby,RACE_UNRESOLVED,NO_CANDIDATE_FOUND
rp_SLIGO_20260609_7.00,rp_SLIGO_timurshah,RACE_UNRESOLVED,NO_CANDIDATE_FOUND
rp_SLIGO_20260609_7.00,rp_SLIGO_avandra,RACE_UNRESOLVED,NO_CANDIDATE_FOUND
rp_SLIGO_20260609_7.00,rp_SLIGO_gforcejenny,RACE_UNRESOLVED,NO_CANDIDATE_FOUND
rp_SLIGO_20260609_7.00,rp_SLIGO_mount_ferns,RACE_UNRESOLVED,NO_CANDIDATE_FOUND
rp_SLIGO_20260609_7.00,rp_SLIGO_theanniversary_man,RACE_UNRESOLVED,NO_CANDIDATE_FOUND
rp_SLIGO_20260609_7.30,rp_SLIGO_spellacy's_cross,RACE_UNRESOLVED,NO_CANDIDATE_FOUND
rp_SLIGO_20260609_7.30,rp_SLIGO_aine's_lad,RACE_UNRESOLVED,NO_CANDIDATE_FOUND
rp_SLIGO_20260609_7.30,rp_SLIGO_ilbdare,RACE_UNRESOLVED,NO_CANDIDATE_FOUND
rp_SLIGO_20260609_7.30,rp_SLIGO_loyal_praetorian,RACE_UNRESOLVED,NO_CANDIDATE_FOUND
rp_SLIGO_20260609_7.30,rp_SLIGO_private_policy,RACE_UNRESOLVED,NO_CANDIDATE_FOUND
rp_SLIGO_20260609_7.30,rp_SLIGO_brandt,RACE_UNRESOLVED,NO_CANDIDATE_FOUND
rp_SLIGO_20260609_7.30,rp_SLIGO_smallcraftwarning,RACE_UNRESOLVED,NO_CANDIDATE_FOUND
rp_SLIGO_20260609_7.30,rp_SLIGO_the_dabbler,RACE_UNRESOLVED,NO_CANDIDATE_FOUND
rp_SLIGO_20260609_7.30,rp_SLIGO_joshua's_daylami,RACE_UNRESOLVED,NO_CANDIDATE_FOUND
rp_SLIGO_20260609_7.30,rp_SLIGO_walking_in_mayo,RACE_UNRESOLVED,NO_CANDIDATE_FOUND
rp_SLIGO_20260609_7.30,rp_SLIGO_attaboyarchie,RACE_UNRESOLVED,NO_CANDIDATE_FOUND
rp_SLIGO_20260609_7.30,rp_SLIGO_jetstream_jeff,RACE_UNRESOLVED,NO_CANDIDATE_FOUND
rp_SLIGO_20260609_7.30,rp_SLIGO_lissen_to_the_lady,RACE_UNRESOLVED,NO_CANDIDATE_FOUND
rp_SLIGO_20260609_8.00,rp_SLIGO_tradonthebay,RACE_UNRESOLVED,NO_CANDIDATE_FOUND
rp_SLIGO_20260609_8.00,rp_SLIGO_clone_cross,RACE_UNRESOLVED,NO_CANDIDATE_FOUND
rp_SLIGO_20260609_8.00,rp_SLIGO_love_like_this,RACE_UNRESOLVED,NO_CANDIDATE_FOUND
rp_SLIGO_20260609_8.00,rp_SLIGO_joe's_turn,RACE_UNRESOLVED,NO_CANDIDATE_FOUND
rp_SLIGO_20260609_8.00,rp_SLIGO_steps_in_the_sand,RACE_UNRESOLVED,NO_CANDIDATE_FOUND
rp_SLIGO_20260609_8.00,rp_SLIGO_joya_del_mar,RACE_UNRESOLVED,NO_CANDIDATE_FOUND
rp_SLIGO_20260609_8.00,rp_SLIGO_lake_okeechobee,RACE_UNRESOLVED,NO_CANDIDATE_FOUND
rp_SLIGO_20260609_8.00,rp_SLIGO_larkins_lane,RACE_UNRESOLVED,NO_CANDIDATE_FOUND
rp_SLIGO_20260609_8.00,rp_SLIGO_sarah's_express,RACE_UNRESOLVED,NO_CANDIDATE_FOUND
rp_SLIGO_20260609_8.00,rp_SLIGO_backinabit,RACE_UNRESOLVED,NO_CANDIDATE_FOUND
rp_SLIGO_20260609_8.00,rp_SLIGO_thats_all,RACE_UNRESOLVED,NO_CANDIDATE_FOUND
rp_SLIGO_20260609_8.00,rp_SLIGO_whatafoolbelieves,RACE_UNRESOLVED,NO_CANDIDATE_FOUND
rp_SLIGO_20260609_8.00,rp_SLIGO_max_time,RACE_UNRESOLVED,NO_CANDIDATE_FOUND
rp_SLIGO_20260609_8.00,rp_SLIGO_itaintmebabe,RACE_UNRESOLVED,NO_CANDIDATE_FOUND
rp_SLIGO_20260609_8.30,rp_SLIGO_circus_hill,RACE_UNRESOLVED,NO_CANDIDATE_FOUND
rp_SLIGO_20260609_8.30,rp_SLIGO_tacograph,RACE_UNRESOLVED,NO_CANDIDATE_FOUND
rp_SLIGO_20260609_8.30,rp_SLIGO_whizz_bizz,RACE_UNRESOLVED,NO_CANDIDATE_FOUND
rp_SLIGO_20260609_8.30,rp_SLIGO_moyneard,RACE_UNRESOLVED,NO_CANDIDATE_FOUND
rp_SLIGO_20260609_8.30,rp_SLIGO_claire's_maiden,RACE_UNRESOLVED,NO_CANDIDATE_FOUND
rp_SLIGO_20260609_8.30,rp_SLIGO_clovelly_charm,RACE_UNRESOLVED,NO_CANDIDATE_FOUND
rp_SLIGO_20260609_8.30,rp_SLIGO_glenmore_graduate,RACE_UNRESOLVED,NO_CANDIDATE_FOUND
rp_SLIGO_20260609_8.30,rp_SLIGO_leva_deva,RACE_UNRESOLVED,NO_CANDIDATE_FOUND
rp_SLIGO_20260609_8.30,rp_SLIGO_marvele_de_la_mare,RACE_UNRESOLVED,NO_CANDIDATE_FOUND
rp_SLIGO_20260609_8.30,rp_SLIGO_my_claire's_maiden,RACE_UNRESOLVED,NO_CANDIDATE_FOUND
rp_SLIGO_20260609_8.30,rp_SLIGO_pets_georgina,RACE_UNRESOLVED,NO_CANDIDATE_FOUND
rp_SLIGO_20260609_8.30,rp_SLIGO_rosie_apple,RACE_UNRESOLVED,NO_CANDIDATE_FOUND
rp_SLIGO_20260609_8.30,rp_SLIGO_wild_eagle,RACE_UNRESOLVED,NO_CANDIDATE_FOUND
rp_SLIGO_20260609_8.30,rp_SLIGO_treacys_ella,RACE_UNRESOLVED,NO_CANDIDATE_FOUND
rp_SLIGO_20260609_8.30,rp_SLIGO_tennessee_waltz,RACE_UNRESOLVED,NO_CANDIDATE_FOUND
rp_SOUTHWELL_20260609_2.30,rp_SOUTHWELL_wings_on_wheels,RACE_UNRESOLVED,NO_CANDIDATE_FOUND
rp_SOUTHWELL_20260609_2.30,rp_SOUTHWELL_limerick_leader,RACE_UNRESOLVED,NO_CANDIDATE_FOUND
rp_SOUTHWELL_20260609_2.30,rp_SOUTHWELL_anytrixwilldo,RACE_UNRESOLVED,NO_CANDIDATE_FOUND
rp_SOUTHWELL_20260609_2.30,rp_SOUTHWELL_friends_don't_ask,RACE_UNRESOLVED,NO_CANDIDATE_FOUND
rp_SOUTHWELL_20260609_2.30,rp_SOUTHWELL_no_more_no,RACE_UNRESOLVED,NO_CANDIDATE_FOUND
rp_SOUTHWELL_20260609_2.30,rp_SOUTHWELL_pleasure_garden,RACE_UNRESOLVED,NO_CANDIDATE_FOUND
rp_SOUTHWELL_20260609_2.30,rp_SOUTHWELL_huckleberry_sting,RACE_UNRESOLVED,NO_CANDIDATE_FOUND
rp_SOUTHWELL_20260609_2.30,rp_SOUTHWELL_another_mystery,RACE_UNRESOLVED,NO_CANDIDATE_FOUND
rp_SOUTHWELL_20260609_2.30,rp_SOUTHWELL_milan_milos,RACE_UNRESOLVED,NO_CANDIDATE_FOUND
rp_SOUTHWELL_20260609_3.00,rp_SOUTHWELL_electric_eddy,RACE_UNRESOLVED,NO_CANDIDATE_FOUND
rp_SOUTHWELL_20260609_3.00,rp_SOUTHWELL_catchim,RACE_UNRESOLVED,NO_CANDIDATE_FOUND
rp_SOUTHWELL_20260609_3.00,rp_SOUTHWELL_kill_the_groove,RACE_UNRESOLVED,NO_CANDIDATE_FOUND
rp_SOUTHWELL_20260609_3.00,rp_SOUTHWELL_fond_farewell,RACE_UNRESOLVED,NO_CANDIDATE_FOUND
rp_SOUTHWELL_20260609_3.00,rp_SOUTHWELL_beorma,RACE_UNRESOLVED,NO_CANDIDATE_FOUND
rp_SOUTHWELL_20260609_3.00,rp_SOUTHWELL_alshadhian,RACE_UNRESOLVED,NO_CANDIDATE_FOUND
rp_SOUTHWELL_20260609_3.00,rp_SOUTHWELL_walk_the_plank,RACE_UNRESOLVED,NO_CANDIDATE_FOUND
rp_SOUTHWELL_20260609_3.30,rp_SOUTHWELL_nazare,RACE_UNRESOLVED,NO_CANDIDATE_FOUND
rp_SOUTHWELL_20260609_3.30,rp_SOUTHWELL_thank_you_blue,RACE_UNRESOLVED,NO_CANDIDATE_FOUND
rp_SOUTHWELL_20260609_3.30,rp_SOUTHWELL_manowest,RACE_UNRESOLVED,NO_CANDIDATE_FOUND
rp_SOUTHWELL_20260609_3.30,rp_SOUTHWELL_cher_monsieur,RACE_UNRESOLVED,NO_CANDIDATE_FOUND
rp_SOUTHWELL_20260609_4.00,rp_SOUTHWELL_hawk's_rock,RACE_UNRESOLVED,NO_CANDIDATE_FOUND
rp_SOUTHWELL_20260609_4.00,rp_SOUTHWELL_rock_sensation,RACE_UNRESOLVED,NO_CANDIDATE_FOUND
rp_SOUTHWELL_20260609_4.00,rp_SOUTHWELL_papillondelumiere,RACE_UNRESOLVED,NO_CANDIDATE_FOUND
rp_SOUTHWELL_20260609_4.00,rp_SOUTHWELL_who's_glen,RACE_UNRESOLVED,NO_CANDIDATE_FOUND
rp_SOUTHWELL_20260609_4.00,rp_SOUTHWELL_granite_sands,RACE_UNRESOLVED,NO_CANDIDATE_FOUND
rp_SOUTHWELL_20260609_4.00,rp_SOUTHWELL_manalishi,RACE_UNRESOLVED,NO_CANDIDATE_FOUND
rp_SOUTHWELL_20260609_4.00,rp_SOUTHWELL_run_happy,RACE_UNRESOLVED,NO_CANDIDATE_FOUND
rp_SOUTHWELL_20260609_4.00,rp_SOUTHWELL_jacquette,RACE_UNRESOLVED,NO_CANDIDATE_FOUND
rp_SOUTHWELL_20260609_4.00,rp_SOUTHWELL_trigger_the_light,RACE_UNRESOLVED,NO_CANDIDATE_FOUND
rp_SOUTHWELL_20260609_4.30,rp_SOUTHWELL_collanisi,RACE_UNRESOLVED,NO_CANDIDATE_FOUND
rp_SOUTHWELL_20260609_4.30,rp_SOUTHWELL_paragon,RACE_UNRESOLVED,NO_CANDIDATE_FOUND
rp_SOUTHWELL_20260609_4.30,rp_SOUTHWELL_red_trail,RACE_UNRESOLVED,NO_CANDIDATE_FOUND
rp_SOUTHWELL_20260609_4.30,rp_SOUTHWELL_littletown_lad,RACE_UNRESOLVED,NO_CANDIDATE_FOUND
rp_SOUTHWELL_20260609_4.30,rp_SOUTHWELL_caspada,RACE_UNRESOLVED,NO_CANDIDATE_FOUND
rp_SOUTHWELL_20260609_4.30,rp_SOUTHWELL_brooklyn_lullaby,RACE_UNRESOLVED,NO_CANDIDATE_FOUND
rp_SOUTHWELL_20260609_4.30,rp_SOUTHWELL_beaufort_breeze,RACE_UNRESOLVED,NO_CANDIDATE_FOUND
rp_SOUTHWELL_20260609_4.30,rp_SOUTHWELL_versatile,RACE_UNRESOLVED,NO_CANDIDATE_FOUND
rp_SOUTHWELL_20260609_4.30,rp_SOUTHWELL_phantom_gold,RACE_UNRESOLVED,NO_CANDIDATE_FOUND
rp_SOUTHWELL_20260609_4.30,rp_SOUTHWELL_global_hideaway,RACE_UNRESOLVED,NO_CANDIDATE_FOUND
rp_SOUTHWELL_20260609_4.30,rp_SOUTHWELL_prettylady,RACE_UNRESOLVED,NO_CANDIDATE_FOUND
rp_SOUTHWELL_20260609_5.05,rp_SOUTHWELL_achille_des_rocs,RACE_UNRESOLVED,NO_CANDIDATE_FOUND
rp_SOUTHWELL_20260609_5.05,rp_SOUTHWELL_golden_glance,RACE_UNRESOLVED,NO_CANDIDATE_FOUND
rp_SOUTHWELL_20260609_5.05,rp_SOUTHWELL_royal_rhythm,RACE_UNRESOLVED,NO_CANDIDATE_FOUND
rp_SOUTHWELL_20260609_5.05,rp_SOUTHWELL_fighting_falcon,RACE_UNRESOLVED,NO_CANDIDATE_FOUND
rp_SOUTHWELL_20260609_5.05,rp_SOUTHWELL_william_of_york,RACE_UNRESOLVED,NO_CANDIDATE_FOUND
rp_SOUTHWELL_20260609_5.05,rp_SOUTHWELL_callin_baton_rouge,RACE_UNRESOLVED,NO_CANDIDATE_FOUND
rp_SOUTHWELL_20260609_5.05,rp_SOUTHWELL_gone_in_sixty,RACE_UNRESOLVED,NO_CANDIDATE_FOUND
rp_SOUTHWELL_20260609_5.05,rp_SOUTHWELL_ruler_legend,RACE_UNRESOLVED,NO_CANDIDATE_FOUND
rp_SOUTHWELL_20260609_5.35,rp_SOUTHWELL_copper_beach,RACE_UNRESOLVED,NO_CANDIDATE_FOUND
rp_SOUTHWELL_20260609_5.35,rp_SOUTHWELL_danger_nap,RACE_UNRESOLVED,NO_CANDIDATE_FOUND
rp_SOUTHWELL_20260609_5.35,rp_SOUTHWELL_porridge,RACE_UNRESOLVED,NO_CANDIDATE_FOUND
rp_SOUTHWELL_20260609_5.35,rp_SOUTHWELL_ikigai_star,RACE_UNRESOLVED,NO_CANDIDATE_FOUND
rp_SOUTHWELL_20260609_5.35,rp_SOUTHWELL_can_u_feel_it,RACE_UNRESOLVED,NO_CANDIDATE_FOUND
rp_SOUTHWELL_20260609_5.35,rp_SOUTHWELL_iamcelestialgift,RACE_UNRESOLVED,NO_CANDIDATE_FOUND
rp_SOUTHWELL_20260609_5.35,rp_SOUTHWELL_artiste_d'ainay,RACE_UNRESOLVED,NO_CANDIDATE_FOUND
rp_SOUTHWELL_20260609_5.35,rp_SOUTHWELL_getaway_glory,RACE_UNRESOLVED,NO_CANDIDATE_FOUND
rp_SOUTHWELL_20260609_5.35,rp_SOUTHWELL_indian_sunbird,RACE_UNRESOLVED,NO_CANDIDATE_FOUND
rp_SOUTHWELL_20260609_5.35,rp_SOUTHWELL_stripe_of_honour,RACE_UNRESOLVED,NO_CANDIDATE_FOUND
rp_SOUTHWELL_20260609_5.35,rp_SOUTHWELL_east_eagle,RACE_UNRESOLVED,NO_CANDIDATE_FOUND
rp_SOUTHWELL_20260609_5.35,rp_SOUTHWELL_l'air_du_large,RACE_UNRESOLVED,NO_CANDIDATE_FOUND
rp_SOUTHWELL_20260609_5.35,rp_SOUTHWELL_fairly_fulling,RACE_UNRESOLVED,NO_CANDIDATE_FOUND
920143,7847680,RACE_AMBIGUOUS,DUPLICATE_EXACT_RACE_ID
920143,9166875,RACE_AMBIGUOUS,DUPLICATE_EXACT_RACE_ID
920143,8335514,RACE_AMBIGUOUS,DUPLICATE_EXACT_RACE_ID
920143,9290865,RACE_AMBIGUOUS,DUPLICATE_EXACT_RACE_ID
920143,9359957,RACE_AMBIGUOUS,DUPLICATE_EXACT_RACE_ID
920143,9268195,RACE_AMBIGUOUS,DUPLICATE_EXACT_RACE_ID
920143,9222319,RACE_AMBIGUOUS,DUPLICATE_EXACT_RACE_ID
920143,9258984,RACE_AMBIGUOUS,DUPLICATE_EXACT_RACE_ID
920143,8463836,RACE_AMBIGUOUS,DUPLICATE_EXACT_RACE_ID
920143,9189368,RACE_AMBIGUOUS,DUPLICATE_EXACT_RACE_ID
920143,9244719,RACE_AMBIGUOUS,DUPLICATE_EXACT_RACE_ID
920146,7970713,RACE_AMBIGUOUS,DUPLICATE_EXACT_RACE_ID
920146,7436373,RACE_AMBIGUOUS,DUPLICATE_EXACT_RACE_ID
920146,7556690,RACE_AMBIGUOUS,DUPLICATE_EXACT_RACE_ID
920146,8205607,RACE_AMBIGUOUS,DUPLICATE_EXACT_RACE_ID
920146,7493111,RACE_AMBIGUOUS,DUPLICATE_EXACT_RACE_ID
920146,7395212,RACE_AMBIGUOUS,DUPLICATE_EXACT_RACE_ID
920146,7762486,RACE_AMBIGUOUS,DUPLICATE_EXACT_RACE_ID
920146,7657438,RACE_AMBIGUOUS,DUPLICATE_EXACT_RACE_ID
920146,7735733,RACE_AMBIGUOUS,DUPLICATE_EXACT_RACE_ID
920146,7551813,RACE_AMBIGUOUS,DUPLICATE_EXACT_RACE_ID
920146,7947738,RACE_AMBIGUOUS,DUPLICATE_EXACT_RACE_ID
920146,7762494,RACE_AMBIGUOUS,DUPLICATE_EXACT_RACE_ID
920146,8437047,RACE_AMBIGUOUS,DUPLICATE_EXACT_RACE_ID
920146,8058114,RACE_AMBIGUOUS,DUPLICATE_EXACT_RACE_ID
920146,7739799,RACE_AMBIGUOUS,DUPLICATE_EXACT_RACE_ID
920145,3808886,RACE_AMBIGUOUS,DUPLICATE_EXACT_RACE_ID
920145,4481321,RACE_AMBIGUOUS,DUPLICATE_EXACT_RACE_ID
920145,6134853,RACE_AMBIGUOUS,DUPLICATE_EXACT_RACE_ID
920145,5079042,RACE_AMBIGUOUS,DUPLICATE_EXACT_RACE_ID
920145,5787759,RACE_AMBIGUOUS,DUPLICATE_EXACT_RACE_ID
920145,3601931,RACE_AMBIGUOUS,DUPLICATE_EXACT_RACE_ID
920145,6256741,RACE_AMBIGUOUS,DUPLICATE_EXACT_RACE_ID
920145,6023334,RACE_AMBIGUOUS,DUPLICATE_EXACT_RACE_ID
920145,3443184,RACE_AMBIGUOUS,DUPLICATE_EXACT_RACE_ID
920144,6842692,RACE_AMBIGUOUS,DUPLICATE_EXACT_RACE_ID
920144,2924568,RACE_AMBIGUOUS,DUPLICATE_EXACT_RACE_ID
920144,3382815,RACE_AMBIGUOUS,DUPLICATE_EXACT_RACE_ID
920144,7457881,RACE_AMBIGUOUS,DUPLICATE_EXACT_RACE_ID
920144,3101927,RACE_AMBIGUOUS,DUPLICATE_EXACT_RACE_ID
920144,4330672,RACE_AMBIGUOUS,DUPLICATE_EXACT_RACE_ID
920144,6509787,RACE_AMBIGUOUS,DUPLICATE_EXACT_RACE_ID
920144,5580199,RACE_AMBIGUOUS,DUPLICATE_EXACT_RACE_ID
920144,6358976,RACE_AMBIGUOUS,DUPLICATE_EXACT_RACE_ID
920144,6102185,RACE_AMBIGUOUS,DUPLICATE_EXACT_RACE_ID
920142,6868933,RACE_AMBIGUOUS,DUPLICATE_EXACT_RACE_ID
920142,5580089,RACE_AMBIGUOUS,DUPLICATE_EXACT_RACE_ID
920142,7134169,RACE_AMBIGUOUS,DUPLICATE_EXACT_RACE_ID
920142,5002205,RACE_AMBIGUOUS,DUPLICATE_EXACT_RACE_ID
920142,6005913,RACE_AMBIGUOUS,DUPLICATE_EXACT_RACE_ID
920142,5011619,RACE_AMBIGUOUS,DUPLICATE_EXACT_RACE_ID
920142,6710705,RACE_AMBIGUOUS,DUPLICATE_EXACT_RACE_ID
920142,7117370,RACE_AMBIGUOUS,DUPLICATE_EXACT_RACE_ID
920142,6478012,RACE_AMBIGUOUS,DUPLICATE_EXACT_RACE_ID
920142,7169685,RACE_AMBIGUOUS,DUPLICATE_EXACT_RACE_ID
920142,6732838,RACE_AMBIGUOUS,DUPLICATE_EXACT_RACE_ID
920147,7441070,RACE_AMBIGUOUS,DUPLICATE_EXACT_RACE_ID
920147,3671726,RACE_AMBIGUOUS,DUPLICATE_EXACT_RACE_ID
920147,4924797,RACE_AMBIGUOUS,DUPLICATE_EXACT_RACE_ID
920147,3438109,RACE_AMBIGUOUS,DUPLICATE_EXACT_RACE_ID
920147,7020499,RACE_AMBIGUOUS,DUPLICATE_EXACT_RACE_ID
920147,8062557,RACE_AMBIGUOUS,DUPLICATE_EXACT_RACE_ID
920147,7957277,RACE_AMBIGUOUS,DUPLICATE_EXACT_RACE_ID
920147,4735684,RACE_AMBIGUOUS,DUPLICATE_EXACT_RACE_ID
920147,8277424,RACE_AMBIGUOUS,DUPLICATE_EXACT_RACE_ID
920147,8344603,RACE_AMBIGUOUS,DUPLICATE_EXACT_RACE_ID
920147,8627877,RACE_AMBIGUOUS,DUPLICATE_EXACT_RACE_ID
920147,7020591,RACE_AMBIGUOUS,DUPLICATE_EXACT_RACE_ID
920147,7631485,RACE_AMBIGUOUS,DUPLICATE_EXACT_RACE_ID
rp_NBY_20260611_2.20,rp_NBY_sole_ambition,RACE_UNRESOLVED,NO_CANDIDATE_FOUND
rp_NBY_20260611_2.20,rp_NBY_cloud_summit,RACE_UNRESOLVED,NO_CANDIDATE_FOUND
rp_NBY_20260611_2.20,rp_NBY_herbert_hall,RACE_UNRESOLVED,NO_CANDIDATE_FOUND
rp_NBY_20260611_2.20,rp_NBY_amir_lehbab,RACE_UNRESOLVED,NO_CANDIDATE_FOUND
rp_NBY_20260611_2.20,rp_NBY_al_qayed,RACE_UNRESOLVED,NO_CANDIDATE_FOUND
rp_NBY_20260611_2.20,rp_NBY_arabian_blue,RACE_UNRESOLVED,NO_CANDIDATE_FOUND
rp_NBY_20260611_2.20,rp_NBY_jimtrott,RACE_UNRESOLVED,NO_CANDIDATE_FOUND
rp_NBY_20260611_2.20,rp_NBY_keep_grating,RACE_UNRESOLVED,NO_CANDIDATE_FOUND
rp_NBY_20260611_2.20,rp_NBY_night_star,RACE_UNRESOLVED,NO_CANDIDATE_FOUND
rp_NBY_20260611_2.20,rp_NBY_percy_shaw,RACE_UNRESOLVED,NO_CANDIDATE_FOUND
rp_NBY_20260611_2.20,rp_NBY_silver_dominion,RACE_UNRESOLVED,NO_CANDIDATE_FOUND
rp_NBY_20260611_2.20,rp_NBY_note_to_self,RACE_UNRESOLVED,NO_CANDIDATE_FOUND
rp_NBY_20260611_2.20,rp_NBY_rafe's_da_man,RACE_UNRESOLVED,NO_CANDIDATE_FOUND
rp_NBY_20260611_2.20,rp_NBY_cavalier,RACE_UNRESOLVED,NO_CANDIDATE_FOUND
rp_NBY_20260611_2.55,rp_NBY_suggy,RACE_UNRESOLVED,NO_CANDIDATE_FOUND
rp_NBY_20260611_2.55,rp_NBY_mayflower_billy,RACE_UNRESOLVED,NO_CANDIDATE_FOUND
rp_NBY_20260611_2.55,rp_NBY_box_clever,RACE_UNRESOLVED,NO_CANDIDATE_FOUND
rp_NBY_20260611_2.55,rp_NBY_alpine_culture,RACE_UNRESOLVED,NO_CANDIDATE_FOUND
rp_NBY_20260611_2.55,rp_NBY_storm_point,RACE_UNRESOLVED,NO_CANDIDATE_FOUND
rp_NBY_20260611_2.55,rp_NBY_the_stone_power,RACE_UNRESOLVED,NO_CANDIDATE_FOUND
rp_NBY_20260611_2.55,rp_NBY_you_sexy_thing,RACE_UNRESOLVED,NO_CANDIDATE_FOUND
rp_NBY_20260611_3.30,rp_NBY_chalk_mountain,RACE_UNRESOLVED,NO_CANDIDATE_FOUND
rp_NBY_20260611_3.30,rp_NBY_obsidian_dream,RACE_UNRESOLVED,NO_CANDIDATE_FOUND
rp_NBY_20260611_3.30,rp_NBY_consecrated,RACE_UNRESOLVED,NO_CANDIDATE_FOUND
rp_NBY_20260611_3.30,rp_NBY_warm_spell,RACE_UNRESOLVED,NO_CANDIDATE_FOUND
rp_NBY_20260611_3.30,rp_NBY_i_still_have_faith,RACE_UNRESOLVED,NO_CANDIDATE_FOUND
rp_NBY_20260611_3.30,rp_NBY_still_have_faith,RACE_UNRESOLVED,NO_CANDIDATE_FOUND
rp_NBY_20260611_3.30,rp_NBY_nostrum,RACE_UNRESOLVED,NO_CANDIDATE_FOUND
rp_NBY_20260611_3.30,rp_NBY_i'm_workin_on_it,RACE_UNRESOLVED,NO_CANDIDATE_FOUND
rp_NBY_20260611_3.30,rp_NBY_city_of_kings,RACE_UNRESOLVED,NO_CANDIDATE_FOUND
rp_NBY_20260611_3.30,rp_NBY_ata_rangi,RACE_UNRESOLVED,NO_CANDIDATE_FOUND
rp_NBY_20260611_3.30,rp_NBY_forty_years_on,RACE_UNRESOLVED,NO_CANDIDATE_FOUND
rp_NBY_20260611_3.30,rp_NBY_storm_free,RACE_UNRESOLVED,NO_CANDIDATE_FOUND
rp_NBY_20260611_3.30,rp_NBY_tanmawwy,RACE_UNRESOLVED,NO_CANDIDATE_FOUND
rp_NBY_20260611_3.30,rp_NBY_morte_point,RACE_UNRESOLVED,NO_CANDIDATE_FOUND
rp_NBY_20260611_3.30,rp_NBY_spangled_mac,RACE_UNRESOLVED,NO_CANDIDATE_FOUND
rp_NBY_20260611_4.05,rp_NBY_wild_clary,RACE_UNRESOLVED,NO_CANDIDATE_FOUND
rp_NBY_20260611_4.05,rp_NBY_moving_force,RACE_UNRESOLVED,NO_CANDIDATE_FOUND
rp_NBY_20260611_4.05,rp_NBY_righthere_rightnow,RACE_UNRESOLVED,NO_CANDIDATE_FOUND
rp_NBY_20260611_4.05,rp_NBY_kiniro,RACE_UNRESOLVED,NO_CANDIDATE_FOUND
rp_NBY_20260611_4.05,rp_NBY_never_just_a_dream,RACE_UNRESOLVED,NO_CANDIDATE_FOUND
rp_NBY_20260611_4.05,rp_NBY_hockney,RACE_UNRESOLVED,NO_CANDIDATE_FOUND
rp_NBY_20260611_4.05,rp_NBY_golden_long,RACE_UNRESOLVED,NO_CANDIDATE_FOUND
rp_NBY_20260611_4.05,rp_NBY_justcallmepete,RACE_UNRESOLVED,NO_CANDIDATE_FOUND
rp_NBY_20260611_4.05,rp_NBY_pressure's_on,RACE_UNRESOLVED,NO_CANDIDATE_FOUND
rp_NBY_20260611_4.40,rp_NBY_shady_dame,RACE_UNRESOLVED,NO_CANDIDATE_FOUND
rp_NBY_20260611_4.40,rp_NBY_miss_scott,RACE_UNRESOLVED,NO_CANDIDATE_FOUND
rp_NBY_20260611_4.40,rp_NBY_manaar,RACE_UNRESOLVED,NO_CANDIDATE_FOUND
rp_NBY_20260611_4.40,rp_NBY_tarrant,RACE_UNRESOLVED,NO_CANDIDATE_FOUND
rp_NBY_20260611_4.40,rp_NBY_trelissick,RACE_UNRESOLVED,NO_CANDIDATE_FOUND
rp_NBY_20260611_4.40,rp_NBY_hatta_romance,RACE_UNRESOLVED,NO_CANDIDATE_FOUND
rp_NBY_20260611_4.40,rp_NBY_pseudonym,RACE_UNRESOLVED,NO_CANDIDATE_FOUND
rp_NBY_20260611_4.40,rp_NBY_pierpoint,RACE_UNRESOLVED,NO_CANDIDATE_FOUND
rp_NBY_20260611_4.40,rp_NBY_tropical_sands,RACE_UNRESOLVED,NO_CANDIDATE_FOUND
rp_NBY_20260611_4.40,rp_NBY_aunt_roberta,RACE_UNRESOLVED,NO_CANDIDATE_FOUND
rp_NBY_20260611_4.40,rp_NBY_mountain_of_light,RACE_UNRESOLVED,NO_CANDIDATE_FOUND
rp_NBY_20260611_5.15,rp_NBY_kindly_queen,RACE_UNRESOLVED,NO_CANDIDATE_FOUND
rp_NBY_20260611_5.15,rp_NBY_impossible_mission,RACE_UNRESOLVED,NO_CANDIDATE_FOUND
rp_NBY_20260611_5.15,rp_NBY_hard_to_believe,RACE_UNRESOLVED,NO_CANDIDATE_FOUND
rp_NBY_20260611_5.15,rp_NBY_glenna,RACE_UNRESOLVED,NO_CANDIDATE_FOUND
rp_NBY_20260611_5.15,rp_NBY_honouramongthieves,RACE_UNRESOLVED,NO_CANDIDATE_FOUND
rp_NBY_20260611_5.15,rp_NBY_barrister,RACE_UNRESOLVED,NO_CANDIDATE_FOUND
rp_NBY_20260611_5.15,rp_NBY_cosmo_brown,RACE_UNRESOLVED,NO_CANDIDATE_FOUND
921020,6309457,HORSE_UNRESOLVED,NO_CANDIDATE_FOUND
922912,7347760,HORSE_UNRESOLVED,NO_CANDIDATE_FOUND
921146,6577905,HORSE_UNRESOLVED,NO_CANDIDATE_FOUND
921021,6175440,HORSE_UNRESOLVED,NO_CANDIDATE_FOUND
919069,5884228,HORSE_UNRESOLVED,NO_CANDIDATE_FOUND
919069,6803058,HORSE_UNRESOLVED,NO_CANDIDATE_FOUND
921023,6812151,HORSE_UNRESOLVED,NO_CANDIDATE_FOUND
921023,3822300,HORSE_UNRESOLVED,NO_CANDIDATE_FOUND
921121,6881409,HORSE_UNRESOLVED,NO_CANDIDATE_FOUND
921144,7682448,HORSE_UNRESOLVED,NO_CANDIDATE_FOUND
921144,7436313,HORSE_UNRESOLVED,NO_CANDIDATE_FOUND
921141,9350233,HORSE_UNRESOLVED,NO_CANDIDATE_FOUND
921143,7631487,HORSE_UNRESOLVED,NO_CANDIDATE_FOUND
921138,6193141,HORSE_UNRESOLVED,NO_CANDIDATE_FOUND
921140,5937858,HORSE_UNRESOLVED,NO_CANDIDATE_FOUND
921140,5303479,HORSE_UNRESOLVED,NO_CANDIDATE_FOUND
921157,7547295,HORSE_UNRESOLVED,NO_CANDIDATE_FOUND
921161,9046201,RACE_UNRESOLVED,NO_CANDIDATE_FOUND
921161,8881482,RACE_UNRESOLVED,NO_CANDIDATE_FOUND
921161,9322120,RACE_UNRESOLVED,NO_CANDIDATE_FOUND
921161,9222199,RACE_UNRESOLVED,NO_CANDIDATE_FOUND
921161,9396321,RACE_UNRESOLVED,NO_CANDIDATE_FOUND
921161,9372917,RACE_UNRESOLVED,NO_CANDIDATE_FOUND
921161,9004863,RACE_UNRESOLVED,NO_CANDIDATE_FOUND
921161,9115837,RACE_UNRESOLVED,NO_CANDIDATE_FOUND
921161,9286461,RACE_UNRESOLVED,NO_CANDIDATE_FOUND
921161,9254367,RACE_UNRESOLVED,NO_CANDIDATE_FOUND
921161,9312947,RACE_UNRESOLVED,NO_CANDIDATE_FOUND
