race_id,course,off_time,horse,rp_uid,trainer,champion_intent_shadow_prob,rank_in_race,top_pick_shadow,passport_found,intent_history_runs_used,doctrine_features_median_filled,model_label,model_verdict_basis,trust_policy,velo_scoring_allowed,learning_class,stake_authorised,promotion_eligible,dashboard_visible
924710,Happy Valley,2026-07-15T11:30:00,Conrad The Great,7691573,Douglas Whyte,0.098366,1,True,True,5,True,CHAMPION_INTENT_SHADOW,"INTENT_ADDS_SIGNAL (2025 unseen holdout, 4/4 promotion gates passed)",ARCHIVE_CONTEXT_ONLY_NOT_SCORING,False,SHADOW_INTENT_SIGNAL,False,False,True
924710,Happy Valley,2026-07-15T11:30:00,Viva Boss,8725443,K L Man,0.081677,2,False,False,0,True,CHAMPION_INTENT_SHADOW,"INTENT_ADDS_SIGNAL (2025 unseen holdout, 4/4 promotion gates passed)",ARCHIVE_CONTEXT_ONLY_NOT_SCORING,False,SHADOW_INTENT_SIGNAL,False,False,True
924710,Happy Valley,2026-07-15T11:30:00,Fashion Legend,4418000,David Eustace,0.080289,3,False,False,0,True,CHAMPION_INTENT_SHADOW,"INTENT_ADDS_SIGNAL (2025 unseen holdout, 4/4 promotion gates passed)",ARCHIVE_CONTEXT_ONLY_NOT_SCORING,False,SHADOW_INTENT_SIGNAL,False,False,True
924710,Happy Valley,2026-07-15T11:30:00,To Infinity,4305421,Jamie Richards,0.071544,4,False,False,0,True,CHAMPION_INTENT_SHADOW,"INTENT_ADDS_SIGNAL (2025 unseen holdout, 4/4 promotion gates passed)",ARCHIVE_CONTEXT_ONLY_NOT_SCORING,False,SHADOW_INTENT_SIGNAL,False,False,True
924710,Happy Valley,2026-07-15T11:30:00,Celestial Harmony,5244554,Brett Crawford,0.071532,5,False,False,0,True,CHAMPION_INTENT_SHADOW,"INTENT_ADDS_SIGNAL (2025 unseen holdout, 4/4 promotion gates passed)",ARCHIVE_CONTEXT_ONLY_NOT_SCORING,False,SHADOW_INTENT_SIGNAL,False,False,True
924710,Happy Valley,2026-07-15T11:30:00,Setanta,3014382,Mark Newnham,0.069893,6,False,True,5,True,CHAMPION_INTENT_SHADOW,"INTENT_ADDS_SIGNAL (2025 unseen holdout, 4/4 promotion gates passed)",ARCHIVE_CONTEXT_ONLY_NOT_SCORING,False,SHADOW_INTENT_SIGNAL,False,False,True
924710,Happy Valley,2026-07-15T11:30:00,Our Lucky Glory,3569273,W Y So,0.067843,7,False,False,0,True,CHAMPION_INTENT_SHADOW,"INTENT_ADDS_SIGNAL (2025 unseen holdout, 4/4 promotion gates passed)",ARCHIVE_CONTEXT_ONLY_NOT_SCORING,False,SHADOW_INTENT_SIGNAL,False,False,True
924710,Happy Valley,2026-07-15T11:30:00,Lucky Blessing,6706332,W K Mo,0.064495,8,False,False,0,True,CHAMPION_INTENT_SHADOW,"INTENT_ADDS_SIGNAL (2025 unseen holdout, 4/4 promotion gates passed)",ARCHIVE_CONTEXT_ONLY_NOT_SCORING,False,SHADOW_INTENT_SIGNAL,False,False,True
924710,Happy Valley,2026-07-15T11:30:00,Telecom Power,5357810,Y S Tsui,0.055816,9,False,True,5,True,CHAMPION_INTENT_SHADOW,"INTENT_ADDS_SIGNAL (2025 unseen holdout, 4/4 promotion gates passed)",ARCHIVE_CONTEXT_ONLY_NOT_SCORING,False,SHADOW_INTENT_SIGNAL,False,False,True
924710,Happy Valley,2026-07-15T11:30:00,Kasa Papa,3255765,A S Cruz,0.052486,10,False,False,0,True,CHAMPION_INTENT_SHADOW,"INTENT_ADDS_SIGNAL (2025 unseen holdout, 4/4 promotion gates passed)",ARCHIVE_CONTEXT_ONLY_NOT_SCORING,False,SHADOW_INTENT_SIGNAL,False,False,True
924710,Happy Valley,2026-07-15T11:30:00,Perfecto Moments,5539590,Jimmy Ting,0.037884,11,False,True,0,True,CHAMPION_INTENT_SHADOW,"INTENT_ADDS_SIGNAL (2025 unseen holdout, 4/4 promotion gates passed)",ARCHIVE_CONTEXT_ONLY_NOT_SCORING,False,SHADOW_INTENT_SIGNAL,False,False,True
924710,Happy Valley,2026-07-15T11:30:00,Emerging Star,7691571,C W Chang,0.01223,12,False,True,5,True,CHAMPION_INTENT_SHADOW,"INTENT_ADDS_SIGNAL (2025 unseen holdout, 4/4 promotion gates passed)",ARCHIVE_CONTEXT_ONLY_NOT_SCORING,False,SHADOW_INTENT_SIGNAL,False,False,True
924711,Happy Valley,2026-07-15T12:00:00,Loving Vibes,6107012,Mark Newnham,0.084738,1,True,True,5,True,CHAMPION_INTENT_SHADOW,"INTENT_ADDS_SIGNAL (2025 unseen holdout, 4/4 promotion gates passed)",ARCHIVE_CONTEXT_ONLY_NOT_SCORING,False,SHADOW_INTENT_SIGNAL,False,False,True
924711,Happy Valley,2026-07-15T12:00:00,Genius Baby,6010454,Brett Crawford,0.07261,2,False,False,0,True,CHAMPION_INTENT_SHADOW,"INTENT_ADDS_SIGNAL (2025 unseen holdout, 4/4 promotion gates passed)",ARCHIVE_CONTEXT_ONLY_NOT_SCORING,False,SHADOW_INTENT_SIGNAL,False,False,True
924711,Happy Valley,2026-07-15T12:00:00,Jolly Bonus,9549248,F C Lor,0.071041,3,False,False,0,True,CHAMPION_INTENT_SHADOW,"INTENT_ADDS_SIGNAL (2025 unseen holdout, 4/4 promotion gates passed)",ARCHIVE_CONTEXT_ONLY_NOT_SCORING,False,SHADOW_INTENT_SIGNAL,False,False,True
924711,Happy Valley,2026-07-15T12:00:00,I Am Back,8481000,C Fownes,0.070278,4,False,False,0,True,CHAMPION_INTENT_SHADOW,"INTENT_ADDS_SIGNAL (2025 unseen holdout, 4/4 promotion gates passed)",ARCHIVE_CONTEXT_ONLY_NOT_SCORING,False,SHADOW_INTENT_SIGNAL,False,False,True
924711,Happy Valley,2026-07-15T12:00:00,Winning Money,5809837,K W Lui,0.068834,5,False,False,0,True,CHAMPION_INTENT_SHADOW,"INTENT_ADDS_SIGNAL (2025 unseen holdout, 4/4 promotion gates passed)",ARCHIVE_CONTEXT_ONLY_NOT_SCORING,False,SHADOW_INTENT_SIGNAL,False,False,True
924711,Happy Valley,2026-07-15T12:00:00,Find My Love,3583178,Douglas Whyte,0.065111,6,False,False,0,True,CHAMPION_INTENT_SHADOW,"INTENT_ADDS_SIGNAL (2025 unseen holdout, 4/4 promotion gates passed)",ARCHIVE_CONTEXT_ONLY_NOT_SCORING,False,SHADOW_INTENT_SIGNAL,False,False,True
924711,Happy Valley,2026-07-15T12:00:00,Exceptional Santos,8594133,W Y So,0.060154,7,False,False,0,True,CHAMPION_INTENT_SHADOW,"INTENT_ADDS_SIGNAL (2025 unseen holdout, 4/4 promotion gates passed)",ARCHIVE_CONTEXT_ONLY_NOT_SCORING,False,SHADOW_INTENT_SIGNAL,False,False,True
924711,Happy Valley,2026-07-15T12:00:00,Free Pony,5186110,C W Chang,0.058437,8,False,True,5,True,CHAMPION_INTENT_SHADOW,"INTENT_ADDS_SIGNAL (2025 unseen holdout, 4/4 promotion gates passed)",ARCHIVE_CONTEXT_ONLY_NOT_SCORING,False,SHADOW_INTENT_SIGNAL,False,False,True
924711,Happy Valley,2026-07-15T12:00:00,Good Luck Babe,5761761,A S Cruz,0.055063,9,False,False,0,True,CHAMPION_INTENT_SHADOW,"INTENT_ADDS_SIGNAL (2025 unseen holdout, 4/4 promotion gates passed)",ARCHIVE_CONTEXT_ONLY_NOT_SCORING,False,SHADOW_INTENT_SIGNAL,False,False,True
924711,Happy Valley,2026-07-15T12:00:00,Luck Is Back,5237903,P C Ng,0.053649,10,False,False,0,True,CHAMPION_INTENT_SHADOW,"INTENT_ADDS_SIGNAL (2025 unseen holdout, 4/4 promotion gates passed)",ARCHIVE_CONTEXT_ONLY_NOT_SCORING,False,SHADOW_INTENT_SIGNAL,False,False,True
924711,Happy Valley,2026-07-15T12:00:00,Jolly Companion,4614896,K L Man,0.047191,11,False,True,5,True,CHAMPION_INTENT_SHADOW,"INTENT_ADDS_SIGNAL (2025 unseen holdout, 4/4 promotion gates passed)",ARCHIVE_CONTEXT_ONLY_NOT_SCORING,False,SHADOW_INTENT_SIGNAL,False,False,True
924711,Happy Valley,2026-07-15T12:00:00,Lean Master,4076278,C H Yip,0.041609,12,False,False,0,True,CHAMPION_INTENT_SHADOW,"INTENT_ADDS_SIGNAL (2025 unseen holdout, 4/4 promotion gates passed)",ARCHIVE_CONTEXT_ONLY_NOT_SCORING,False,SHADOW_INTENT_SIGNAL,False,False,True
924711,Happy Valley,2026-07-15T12:00:00,Swagger Bro,6768163,Jamie Richards,0.041513,13,False,False,0,True,CHAMPION_INTENT_SHADOW,"INTENT_ADDS_SIGNAL (2025 unseen holdout, 4/4 promotion gates passed)",ARCHIVE_CONTEXT_ONLY_NOT_SCORING,False,SHADOW_INTENT_SIGNAL,False,False,True
924711,Happy Valley,2026-07-15T12:00:00,Starry Show,8494339,David A Hayes,0.037651,14,False,True,5,True,CHAMPION_INTENT_SHADOW,"INTENT_ADDS_SIGNAL (2025 unseen holdout, 4/4 promotion gates passed)",ARCHIVE_CONTEXT_ONLY_NOT_SCORING,False,SHADOW_INTENT_SIGNAL,False,False,True
924712,Happy Valley,2026-07-15T12:30:00,Casa Rochester,6737356,Mark Newnham,0.086136,1,True,True,5,True,CHAMPION_INTENT_SHADOW,"INTENT_ADDS_SIGNAL (2025 unseen holdout, 4/4 promotion gates passed)",ARCHIVE_CONTEXT_ONLY_NOT_SCORING,False,SHADOW_INTENT_SIGNAL,False,False,True
924712,Happy Valley,2026-07-15T12:30:00,Harmony Galaxy,5055522,C S Shum,0.075194,2,False,False,0,True,CHAMPION_INTENT_SHADOW,"INTENT_ADDS_SIGNAL (2025 unseen holdout, 4/4 promotion gates passed)",ARCHIVE_CONTEXT_ONLY_NOT_SCORING,False,SHADOW_INTENT_SIGNAL,False,False,True
924712,Happy Valley,2026-07-15T12:30:00,Noble Pursuit,5176390,C Fownes,0.070397,3,False,True,5,True,CHAMPION_INTENT_SHADOW,"INTENT_ADDS_SIGNAL (2025 unseen holdout, 4/4 promotion gates passed)",ARCHIVE_CONTEXT_ONLY_NOT_SCORING,False,SHADOW_INTENT_SIGNAL,False,False,True
924712,Happy Valley,2026-07-15T12:30:00,Noisy Boy,5340219,C H Yip,0.064845,4,False,False,0,True,CHAMPION_INTENT_SHADOW,"INTENT_ADDS_SIGNAL (2025 unseen holdout, 4/4 promotion gates passed)",ARCHIVE_CONTEXT_ONLY_NOT_SCORING,False,SHADOW_INTENT_SIGNAL,False,False,True
924712,Happy Valley,2026-07-15T12:30:00,Fast Speed,5436873,Y S Tsui,0.064478,5,False,False,0,True,CHAMPION_INTENT_SHADOW,"INTENT_ADDS_SIGNAL (2025 unseen holdout, 4/4 promotion gates passed)",ARCHIVE_CONTEXT_ONLY_NOT_SCORING,False,SHADOW_INTENT_SIGNAL,False,False,True
924712,Happy Valley,2026-07-15T12:30:00,Storm Runner,6903300,P C Ng,0.063251,6,False,False,0,True,CHAMPION_INTENT_SHADOW,"INTENT_ADDS_SIGNAL (2025 unseen holdout, 4/4 promotion gates passed)",ARCHIVE_CONTEXT_ONLY_NOT_SCORING,False,SHADOW_INTENT_SIGNAL,False,False,True
924712,Happy Valley,2026-07-15T12:30:00,Serangoon,4676244,A S Cruz,0.062293,7,False,False,0,True,CHAMPION_INTENT_SHADOW,"INTENT_ADDS_SIGNAL (2025 unseen holdout, 4/4 promotion gates passed)",ARCHIVE_CONTEXT_ONLY_NOT_SCORING,False,SHADOW_INTENT_SIGNAL,False,False,True
924712,Happy Valley,2026-07-15T12:30:00,Volcanic Spark,5403028,P F Yiu,0.058801,8,False,False,0,True,CHAMPION_INTENT_SHADOW,"INTENT_ADDS_SIGNAL (2025 unseen holdout, 4/4 promotion gates passed)",ARCHIVE_CONTEXT_ONLY_NOT_SCORING,False,SHADOW_INTENT_SIGNAL,False,False,True
924712,Happy Valley,2026-07-15T12:30:00,Kyrus Treasure,8214791,David Eustace,0.0581,9,False,False,0,True,CHAMPION_INTENT_SHADOW,"INTENT_ADDS_SIGNAL (2025 unseen holdout, 4/4 promotion gates passed)",ARCHIVE_CONTEXT_ONLY_NOT_SCORING,False,SHADOW_INTENT_SIGNAL,False,False,True
924712,Happy Valley,2026-07-15T12:30:00,Romantic Laos,4785146,W K Mo,0.057508,10,False,False,0,True,CHAMPION_INTENT_SHADOW,"INTENT_ADDS_SIGNAL (2025 unseen holdout, 4/4 promotion gates passed)",ARCHIVE_CONTEXT_ONLY_NOT_SCORING,False,SHADOW_INTENT_SIGNAL,False,False,True
924712,Happy Valley,2026-07-15T12:30:00,Firefoot,5702814,W Y So,0.054057,11,False,False,0,True,CHAMPION_INTENT_SHADOW,"INTENT_ADDS_SIGNAL (2025 unseen holdout, 4/4 promotion gates passed)",ARCHIVE_CONTEXT_ONLY_NOT_SCORING,False,SHADOW_INTENT_SIGNAL,False,False,True
924712,Happy Valley,2026-07-15T12:30:00,Can't Go Wong,3974413,F C Lor,0.051834,12,False,True,5,True,CHAMPION_INTENT_SHADOW,"INTENT_ADDS_SIGNAL (2025 unseen holdout, 4/4 promotion gates passed)",ARCHIVE_CONTEXT_ONLY_NOT_SCORING,False,SHADOW_INTENT_SIGNAL,False,False,True
924712,Happy Valley,2026-07-15T12:30:00,Ocean Impact,7073215,Douglas Whyte,0.047317,13,False,False,0,True,CHAMPION_INTENT_SHADOW,"INTENT_ADDS_SIGNAL (2025 unseen holdout, 4/4 promotion gates passed)",ARCHIVE_CONTEXT_ONLY_NOT_SCORING,False,SHADOW_INTENT_SIGNAL,False,False,True
924712,Happy Valley,2026-07-15T12:30:00,Northern Beast,5063681,D J Hall,0.043301,14,False,False,0,True,CHAMPION_INTENT_SHADOW,"INTENT_ADDS_SIGNAL (2025 unseen holdout, 4/4 promotion gates passed)",ARCHIVE_CONTEXT_ONLY_NOT_SCORING,False,SHADOW_INTENT_SIGNAL,False,False,True
924713,Happy Valley,2026-07-15T13:00:00,Take Action,5563318,J Size,0.158077,1,True,True,5,True,CHAMPION_INTENT_SHADOW,"INTENT_ADDS_SIGNAL (2025 unseen holdout, 4/4 promotion gates passed)",ARCHIVE_CONTEXT_ONLY_NOT_SCORING,False,SHADOW_INTENT_SIGNAL,False,False,True
924713,Happy Valley,2026-07-15T13:00:00,Sky Deep,6706338,C Fownes,0.078462,2,False,False,0,True,CHAMPION_INTENT_SHADOW,"INTENT_ADDS_SIGNAL (2025 unseen holdout, 4/4 promotion gates passed)",ARCHIVE_CONTEXT_ONLY_NOT_SCORING,False,SHADOW_INTENT_SIGNAL,False,False,True
924713,Happy Valley,2026-07-15T13:00:00,Light Years Glory,7597272,David Eustace,0.07373,3,False,False,0,True,CHAMPION_INTENT_SHADOW,"INTENT_ADDS_SIGNAL (2025 unseen holdout, 4/4 promotion gates passed)",ARCHIVE_CONTEXT_ONLY_NOT_SCORING,False,SHADOW_INTENT_SIGNAL,False,False,True
924713,Happy Valley,2026-07-15T13:00:00,Very Grateful,7582993,W K Mo,0.072895,4,False,False,0,True,CHAMPION_INTENT_SHADOW,"INTENT_ADDS_SIGNAL (2025 unseen holdout, 4/4 promotion gates passed)",ARCHIVE_CONTEXT_ONLY_NOT_SCORING,False,SHADOW_INTENT_SIGNAL,False,False,True
924713,Happy Valley,2026-07-15T13:00:00,Lucky Together,7404580,F C Lor,0.069996,5,False,False,0,True,CHAMPION_INTENT_SHADOW,"INTENT_ADDS_SIGNAL (2025 unseen holdout, 4/4 promotion gates passed)",ARCHIVE_CONTEXT_ONLY_NOT_SCORING,False,SHADOW_INTENT_SIGNAL,False,False,True
924713,Happy Valley,2026-07-15T13:00:00,Shamz,7258517,A S Cruz,0.064623,6,False,False,0,True,CHAMPION_INTENT_SHADOW,"INTENT_ADDS_SIGNAL (2025 unseen holdout, 4/4 promotion gates passed)",ARCHIVE_CONTEXT_ONLY_NOT_SCORING,False,SHADOW_INTENT_SIGNAL,False,False,True
924713,Happy Valley,2026-07-15T13:00:00,Ivy League,3662491,Douglas Whyte,0.063936,7,False,False,0,True,CHAMPION_INTENT_SHADOW,"INTENT_ADDS_SIGNAL (2025 unseen holdout, 4/4 promotion gates passed)",ARCHIVE_CONTEXT_ONLY_NOT_SCORING,False,SHADOW_INTENT_SIGNAL,False,False,True
924713,Happy Valley,2026-07-15T13:00:00,Prestige Superior,5141746,C W Chang,0.054131,8,False,False,0,True,CHAMPION_INTENT_SHADOW,"INTENT_ADDS_SIGNAL (2025 unseen holdout, 4/4 promotion gates passed)",ARCHIVE_CONTEXT_ONLY_NOT_SCORING,False,SHADOW_INTENT_SIGNAL,False,False,True
924713,Happy Valley,2026-07-15T13:00:00,King Of Selection,8183784,D J Hall,0.051351,9,False,False,0,True,CHAMPION_INTENT_SHADOW,"INTENT_ADDS_SIGNAL (2025 unseen holdout, 4/4 promotion gates passed)",ARCHIVE_CONTEXT_ONLY_NOT_SCORING,False,SHADOW_INTENT_SIGNAL,False,False,True
924713,Happy Valley,2026-07-15T13:00:00,Gorgeous Victory,8594132,C S Shum,0.050938,10,False,False,0,True,CHAMPION_INTENT_SHADOW,"INTENT_ADDS_SIGNAL (2025 unseen holdout, 4/4 promotion gates passed)",ARCHIVE_CONTEXT_ONLY_NOT_SCORING,False,SHADOW_INTENT_SIGNAL,False,False,True
924713,Happy Valley,2026-07-15T13:00:00,Whowrotethatsong,8579599,C H Yip,0.049236,11,False,False,0,True,CHAMPION_INTENT_SHADOW,"INTENT_ADDS_SIGNAL (2025 unseen holdout, 4/4 promotion gates passed)",ARCHIVE_CONTEXT_ONLY_NOT_SCORING,False,SHADOW_INTENT_SIGNAL,False,False,True
924713,Happy Valley,2026-07-15T13:00:00,Prestige Ricky,5293179,P F Yiu,0.049065,12,False,False,0,True,CHAMPION_INTENT_SHADOW,"INTENT_ADDS_SIGNAL (2025 unseen holdout, 4/4 promotion gates passed)",ARCHIVE_CONTEXT_ONLY_NOT_SCORING,False,SHADOW_INTENT_SIGNAL,False,False,True
924713,Happy Valley,2026-07-15T13:00:00,Aestheticism,5031194,P C Ng,0.043464,13,False,True,44,True,CHAMPION_INTENT_SHADOW,"INTENT_ADDS_SIGNAL (2025 unseen holdout, 4/4 promotion gates passed)",ARCHIVE_CONTEXT_ONLY_NOT_SCORING,False,SHADOW_INTENT_SIGNAL,False,False,True
924713,Happy Valley,2026-07-15T13:00:00,Gazeley,6350034,K W Lui,0.027097,14,False,True,5,True,CHAMPION_INTENT_SHADOW,"INTENT_ADDS_SIGNAL (2025 unseen holdout, 4/4 promotion gates passed)",ARCHIVE_CONTEXT_ONLY_NOT_SCORING,False,SHADOW_INTENT_SIGNAL,False,False,True
924714,Happy Valley,2026-07-15T13:30:00,Pejibaye,7378504,C Fownes,0.078618,1,True,False,0,True,CHAMPION_INTENT_SHADOW,"INTENT_ADDS_SIGNAL (2025 unseen holdout, 4/4 promotion gates passed)",ARCHIVE_CONTEXT_ONLY_NOT_SCORING,False,SHADOW_INTENT_SIGNAL,False,False,True
924714,Happy Valley,2026-07-15T13:30:00,Poet's Reign,8758101,W Y So,0.068505,2,False,False,0,True,CHAMPION_INTENT_SHADOW,"INTENT_ADDS_SIGNAL (2025 unseen holdout, 4/4 promotion gates passed)",ARCHIVE_CONTEXT_ONLY_NOT_SCORING,False,SHADOW_INTENT_SIGNAL,False,False,True
924714,Happy Valley,2026-07-15T13:30:00,Shotgun,6945306,D J Hall,0.067763,3,False,False,0,True,CHAMPION_INTENT_SHADOW,"INTENT_ADDS_SIGNAL (2025 unseen holdout, 4/4 promotion gates passed)",ARCHIVE_CONTEXT_ONLY_NOT_SCORING,False,SHADOW_INTENT_SIGNAL,False,False,True
924714,Happy Valley,2026-07-15T13:30:00,Lucky Bid,9092800,Jamie Richards,0.065449,4,False,False,0,True,CHAMPION_INTENT_SHADOW,"INTENT_ADDS_SIGNAL (2025 unseen holdout, 4/4 promotion gates passed)",ARCHIVE_CONTEXT_ONLY_NOT_SCORING,False,SHADOW_INTENT_SIGNAL,False,False,True
924714,Happy Valley,2026-07-15T13:30:00,Beauty Thunder,5111613,W K Mo,0.064702,5,False,False,0,True,CHAMPION_INTENT_SHADOW,"INTENT_ADDS_SIGNAL (2025 unseen holdout, 4/4 promotion gates passed)",ARCHIVE_CONTEXT_ONLY_NOT_SCORING,False,SHADOW_INTENT_SIGNAL,False,False,True
924714,Happy Valley,2026-07-15T13:30:00,Fun N Fun Together,5915755,F C Lor,0.063941,6,False,False,0,True,CHAMPION_INTENT_SHADOW,"INTENT_ADDS_SIGNAL (2025 unseen holdout, 4/4 promotion gates passed)",ARCHIVE_CONTEXT_ONLY_NOT_SCORING,False,SHADOW_INTENT_SIGNAL,False,False,True
924714,Happy Valley,2026-07-15T13:30:00,Cloud Nine,8594139,Mark Newnham,0.063747,7,False,False,0,True,CHAMPION_INTENT_SHADOW,"INTENT_ADDS_SIGNAL (2025 unseen holdout, 4/4 promotion gates passed)",ARCHIVE_CONTEXT_ONLY_NOT_SCORING,False,SHADOW_INTENT_SIGNAL,False,False,True
924714,Happy Valley,2026-07-15T13:30:00,Winalot,9227126,K W Lui,0.059903,8,False,True,1,True,CHAMPION_INTENT_SHADOW,"INTENT_ADDS_SIGNAL (2025 unseen holdout, 4/4 promotion gates passed)",ARCHIVE_CONTEXT_ONLY_NOT_SCORING,False,SHADOW_INTENT_SIGNAL,False,False,True
924714,Happy Valley,2026-07-15T13:30:00,Smiling Champion,8788741,Douglas Whyte,0.057591,9,False,False,0,True,CHAMPION_INTENT_SHADOW,"INTENT_ADDS_SIGNAL (2025 unseen holdout, 4/4 promotion gates passed)",ARCHIVE_CONTEXT_ONLY_NOT_SCORING,False,SHADOW_INTENT_SIGNAL,False,False,True
924714,Happy Valley,2026-07-15T13:30:00,My Triumph,8632759,David A Hayes,0.054953,10,False,False,0,True,CHAMPION_INTENT_SHADOW,"INTENT_ADDS_SIGNAL (2025 unseen holdout, 4/4 promotion gates passed)",ARCHIVE_CONTEXT_ONLY_NOT_SCORING,False,SHADOW_INTENT_SIGNAL,False,False,True
924714,Happy Valley,2026-07-15T13:30:00,Star Satyr,7409353,A S Cruz,0.050124,11,False,False,0,True,CHAMPION_INTENT_SHADOW,"INTENT_ADDS_SIGNAL (2025 unseen holdout, 4/4 promotion gates passed)",ARCHIVE_CONTEXT_ONLY_NOT_SCORING,False,SHADOW_INTENT_SIGNAL,False,False,True
924714,Happy Valley,2026-07-15T13:30:00,Zeta Hedge,8295047,C W Chang,0.047586,12,False,False,0,True,CHAMPION_INTENT_SHADOW,"INTENT_ADDS_SIGNAL (2025 unseen holdout, 4/4 promotion gates passed)",ARCHIVE_CONTEXT_ONLY_NOT_SCORING,False,SHADOW_INTENT_SIGNAL,False,False,True
924714,Happy Valley,2026-07-15T13:30:00,Winning Champion,7597270,C S Shum,0.043685,13,False,False,0,True,CHAMPION_INTENT_SHADOW,"INTENT_ADDS_SIGNAL (2025 unseen holdout, 4/4 promotion gates passed)",ARCHIVE_CONTEXT_ONLY_NOT_SCORING,False,SHADOW_INTENT_SIGNAL,False,False,True
924714,Happy Valley,2026-07-15T13:30:00,Phoenix Light,4113866,C H Yip,0.042892,14,False,True,5,True,CHAMPION_INTENT_SHADOW,"INTENT_ADDS_SIGNAL (2025 unseen holdout, 4/4 promotion gates passed)",ARCHIVE_CONTEXT_ONLY_NOT_SCORING,False,SHADOW_INTENT_SIGNAL,False,False,True
924715,Happy Valley,2026-07-15T14:00:00,Double Alpha,9281081,C S Shum,0.111848,1,True,True,2,True,CHAMPION_INTENT_SHADOW,"INTENT_ADDS_SIGNAL (2025 unseen holdout, 4/4 promotion gates passed)",ARCHIVE_CONTEXT_ONLY_NOT_SCORING,False,SHADOW_INTENT_SIGNAL,False,False,True
924715,Happy Valley,2026-07-15T14:00:00,Real Gentleman,7339088,K L Man,0.075283,2,False,False,0,True,CHAMPION_INTENT_SHADOW,"INTENT_ADDS_SIGNAL (2025 unseen holdout, 4/4 promotion gates passed)",ARCHIVE_CONTEXT_ONLY_NOT_SCORING,False,SHADOW_INTENT_SIGNAL,False,False,True
924715,Happy Valley,2026-07-15T14:00:00,Armour War Eagle,5526383,Mark Newnham,0.074373,3,False,False,0,True,CHAMPION_INTENT_SHADOW,"INTENT_ADDS_SIGNAL (2025 unseen holdout, 4/4 promotion gates passed)",ARCHIVE_CONTEXT_ONLY_NOT_SCORING,False,SHADOW_INTENT_SIGNAL,False,False,True
924715,Happy Valley,2026-07-15T14:00:00,Gratifide,6864527,David Eustace,0.072324,4,False,False,0,True,CHAMPION_INTENT_SHADOW,"INTENT_ADDS_SIGNAL (2025 unseen holdout, 4/4 promotion gates passed)",ARCHIVE_CONTEXT_ONLY_NOT_SCORING,False,SHADOW_INTENT_SIGNAL,False,False,True
924715,Happy Valley,2026-07-15T14:00:00,Copartner Fleet,7597277,K W Lui,0.070576,5,False,False,0,True,CHAMPION_INTENT_SHADOW,"INTENT_ADDS_SIGNAL (2025 unseen holdout, 4/4 promotion gates passed)",ARCHIVE_CONTEXT_ONLY_NOT_SCORING,False,SHADOW_INTENT_SIGNAL,False,False,True
924715,Happy Valley,2026-07-15T14:00:00,Giant Leap,5749192,P F Yiu,0.066315,6,False,False,0,True,CHAMPION_INTENT_SHADOW,"INTENT_ADDS_SIGNAL (2025 unseen holdout, 4/4 promotion gates passed)",ARCHIVE_CONTEXT_ONLY_NOT_SCORING,False,SHADOW_INTENT_SIGNAL,False,False,True
924715,Happy Valley,2026-07-15T14:00:00,Healthy Healthy,4982018,P C Ng,0.064554,7,False,True,5,True,CHAMPION_INTENT_SHADOW,"INTENT_ADDS_SIGNAL (2025 unseen holdout, 4/4 promotion gates passed)",ARCHIVE_CONTEXT_ONLY_NOT_SCORING,False,SHADOW_INTENT_SIGNAL,False,False,True
924715,Happy Valley,2026-07-15T14:00:00,Little Monster,8183786,W K Mo,0.063512,8,False,False,0,True,CHAMPION_INTENT_SHADOW,"INTENT_ADDS_SIGNAL (2025 unseen holdout, 4/4 promotion gates passed)",ARCHIVE_CONTEXT_ONLY_NOT_SCORING,False,SHADOW_INTENT_SIGNAL,False,False,True
924715,Happy Valley,2026-07-15T14:00:00,Smiling Sky,9499101,Jimmy Ting,0.062716,9,False,False,0,True,CHAMPION_INTENT_SHADOW,"INTENT_ADDS_SIGNAL (2025 unseen holdout, 4/4 promotion gates passed)",ARCHIVE_CONTEXT_ONLY_NOT_SCORING,False,SHADOW_INTENT_SIGNAL,False,False,True
924715,Happy Valley,2026-07-15T14:00:00,Perfect Triumph,8949265,C Fownes,0.047143,10,False,False,0,True,CHAMPION_INTENT_SHADOW,"INTENT_ADDS_SIGNAL (2025 unseen holdout, 4/4 promotion gates passed)",ARCHIVE_CONTEXT_ONLY_NOT_SCORING,False,SHADOW_INTENT_SIGNAL,False,False,True
924715,Happy Valley,2026-07-15T14:00:00,Dan Attack,5023468,Douglas Whyte,0.042157,11,False,False,0,True,CHAMPION_INTENT_SHADOW,"INTENT_ADDS_SIGNAL (2025 unseen holdout, 4/4 promotion gates passed)",ARCHIVE_CONTEXT_ONLY_NOT_SCORING,False,SHADOW_INTENT_SIGNAL,False,False,True
924715,Happy Valley,2026-07-15T14:00:00,Stormy Knight,8515662,David A Hayes,0.040898,12,False,False,0,True,CHAMPION_INTENT_SHADOW,"INTENT_ADDS_SIGNAL (2025 unseen holdout, 4/4 promotion gates passed)",ARCHIVE_CONTEXT_ONLY_NOT_SCORING,False,SHADOW_INTENT_SIGNAL,False,False,True
924715,Happy Valley,2026-07-15T14:00:00,Marvel And Gold,7338979,C H Yip,0.023622,13,False,True,5,True,CHAMPION_INTENT_SHADOW,"INTENT_ADDS_SIGNAL (2025 unseen holdout, 4/4 promotion gates passed)",ARCHIVE_CONTEXT_ONLY_NOT_SCORING,False,SHADOW_INTENT_SIGNAL,False,False,True
924715,Happy Valley,2026-07-15T14:00:00,Forza Leader,8530015,Y S Tsui,0.016274,14,False,True,5,True,CHAMPION_INTENT_SHADOW,"INTENT_ADDS_SIGNAL (2025 unseen holdout, 4/4 promotion gates passed)",ARCHIVE_CONTEXT_ONLY_NOT_SCORING,False,SHADOW_INTENT_SIGNAL,False,False,True
923092,Catterick,2026-07-15T14:10:00,Made All,5289576,Sam England,0.210123,1,True,False,0,True,CHAMPION_INTENT_SHADOW,"INTENT_ADDS_SIGNAL (2025 unseen holdout, 4/4 promotion gates passed)",ARCHIVE_CONTEXT_ONLY_NOT_SCORING,False,SHADOW_INTENT_SIGNAL,False,False,True
923092,Catterick,2026-07-15T14:10:00,On The Bubble,5176452,Gary Rutherford,0.14339,2,False,True,5,True,CHAMPION_INTENT_SHADOW,"INTENT_ADDS_SIGNAL (2025 unseen holdout, 4/4 promotion gates passed)",ARCHIVE_CONTEXT_ONLY_NOT_SCORING,False,SHADOW_INTENT_SIGNAL,False,False,True
923092,Catterick,2026-07-15T14:10:00,Palazzo Persico,4827118,Tony Carroll,0.132004,3,False,False,0,True,CHAMPION_INTENT_SHADOW,"INTENT_ADDS_SIGNAL (2025 unseen holdout, 4/4 promotion gates passed)",ARCHIVE_CONTEXT_ONLY_NOT_SCORING,False,SHADOW_INTENT_SIGNAL,False,False,True
923092,Catterick,2026-07-15T14:10:00,He's Our Cracker,8101895,Jennie Candlish,0.124131,4,False,False,0,True,CHAMPION_INTENT_SHADOW,"INTENT_ADDS_SIGNAL (2025 unseen holdout, 4/4 promotion gates passed)",ARCHIVE_CONTEXT_ONLY_NOT_SCORING,False,SHADOW_INTENT_SIGNAL,False,False,True
923092,Catterick,2026-07-15T14:10:00,Cougar,3662488,Michael Chapman,0.12096,5,False,False,0,True,CHAMPION_INTENT_SHADOW,"INTENT_ADDS_SIGNAL (2025 unseen holdout, 4/4 promotion gates passed)",ARCHIVE_CONTEXT_ONLY_NOT_SCORING,False,SHADOW_INTENT_SIGNAL,False,False,True
923092,Catterick,2026-07-15T14:10:00,Ruler Of The River,4568900,Philip Kirby,0.094157,6,False,False,0,True,CHAMPION_INTENT_SHADOW,"INTENT_ADDS_SIGNAL (2025 unseen holdout, 4/4 promotion gates passed)",ARCHIVE_CONTEXT_ONLY_NOT_SCORING,False,SHADOW_INTENT_SIGNAL,False,False,True
922986,Uttoxeter,2026-07-15T14:18:00,Fine Thing,7404531,Dan Skelton,0.120047,1,True,False,0,True,CHAMPION_INTENT_SHADOW,"INTENT_ADDS_SIGNAL (2025 unseen holdout, 4/4 promotion gates passed)",ARCHIVE_CONTEXT_ONLY_NOT_SCORING,False,SHADOW_INTENT_SIGNAL,False,False,True
922986,Uttoxeter,2026-07-15T14:18:00,Cougarontheloose,7529845,Olly Murphy,0.120047,2,False,False,0,True,CHAMPION_INTENT_SHADOW,"INTENT_ADDS_SIGNAL (2025 unseen holdout, 4/4 promotion gates passed)",ARCHIVE_CONTEXT_ONLY_NOT_SCORING,False,SHADOW_INTENT_SIGNAL,False,False,True
922986,Uttoxeter,2026-07-15T14:18:00,Diamond Grace,7347775,Jonjo & A J O'Neill,0.120047,3,False,False,0,True,CHAMPION_INTENT_SHADOW,"INTENT_ADDS_SIGNAL (2025 unseen holdout, 4/4 promotion gates passed)",ARCHIVE_CONTEXT_ONLY_NOT_SCORING,False,SHADOW_INTENT_SIGNAL,False,False,True
922986,Uttoxeter,2026-07-15T14:18:00,Orestina,7238295,Rebecca Menzies,0.120047,4,False,False,0,True,CHAMPION_INTENT_SHADOW,"INTENT_ADDS_SIGNAL (2025 unseen holdout, 4/4 promotion gates passed)",ARCHIVE_CONTEXT_ONLY_NOT_SCORING,False,SHADOW_INTENT_SIGNAL,False,False,True
922986,Uttoxeter,2026-07-15T14:18:00,Miss The Sting,7312398,Charles & Adam Pogson,0.109055,5,False,False,0,True,CHAMPION_INTENT_SHADOW,"INTENT_ADDS_SIGNAL (2025 unseen holdout, 4/4 promotion gates passed)",ARCHIVE_CONTEXT_ONLY_NOT_SCORING,False,SHADOW_INTENT_SIGNAL,False,False,True
922986,Uttoxeter,2026-07-15T14:18:00,Lipstick Traces,7289168,Justin Landy,0.106756,6,False,False,0,True,CHAMPION_INTENT_SHADOW,"INTENT_ADDS_SIGNAL (2025 unseen holdout, 4/4 promotion gates passed)",ARCHIVE_CONTEXT_ONLY_NOT_SCORING,False,SHADOW_INTENT_SIGNAL,False,False,True
922986,Uttoxeter,2026-07-15T14:18:00,Midnight Pass,7757829,Emma Lavelle,0.08699,7,False,False,0,True,CHAMPION_INTENT_SHADOW,"INTENT_ADDS_SIGNAL (2025 unseen holdout, 4/4 promotion gates passed)",ARCHIVE_CONTEXT_ONLY_NOT_SCORING,False,SHADOW_INTENT_SIGNAL,False,False,True
922986,Uttoxeter,2026-07-15T14:18:00,Jessie Jump Jet,5798854,Samuel Drinkwater,0.081898,8,False,False,0,True,CHAMPION_INTENT_SHADOW,"INTENT_ADDS_SIGNAL (2025 unseen holdout, 4/4 promotion gates passed)",ARCHIVE_CONTEXT_ONLY_NOT_SCORING,False,SHADOW_INTENT_SIGNAL,False,False,True
923084,Bath,2026-07-15T14:31:00,Saucy Jane,7400076,Jack Morland,0.237955,1,True,True,4,True,CHAMPION_INTENT_SHADOW,"INTENT_ADDS_SIGNAL (2025 unseen holdout, 4/4 promotion gates passed)",ARCHIVE_CONTEXT_ONLY_NOT_SCORING,False,SHADOW_INTENT_SIGNAL,False,False,True
923084,Bath,2026-07-15T14:31:00,Grey Horizon,7020582,Scott Dixon,0.19714,2,False,True,5,True,CHAMPION_INTENT_SHADOW,"INTENT_ADDS_SIGNAL (2025 unseen holdout, 4/4 promotion gates passed)",ARCHIVE_CONTEXT_ONLY_NOT_SCORING,False,SHADOW_INTENT_SIGNAL,False,False,True
923084,Bath,2026-07-15T14:31:00,Safari Dream,4076255,Rod Millman,0.171342,3,False,True,5,True,CHAMPION_INTENT_SHADOW,"INTENT_ADDS_SIGNAL (2025 unseen holdout, 4/4 promotion gates passed)",ARCHIVE_CONTEXT_ONLY_NOT_SCORING,False,SHADOW_INTENT_SIGNAL,False,False,True
923084,Bath,2026-07-15T14:31:00,Early Release,5895609,David Evans,0.162371,4,False,True,5,True,CHAMPION_INTENT_SHADOW,"INTENT_ADDS_SIGNAL (2025 unseen holdout, 4/4 promotion gates passed)",ARCHIVE_CONTEXT_ONLY_NOT_SCORING,False,SHADOW_INTENT_SIGNAL,False,False,True
923084,Bath,2026-07-15T14:31:00,Reality Queen,7957279,Michael Appleby,0.138141,5,False,True,5,True,CHAMPION_INTENT_SHADOW,"INTENT_ADDS_SIGNAL (2025 unseen holdout, 4/4 promotion gates passed)",ARCHIVE_CONTEXT_ONLY_NOT_SCORING,False,SHADOW_INTENT_SIGNAL,False,False,True
923084,Bath,2026-07-15T14:31:00,Merrimack,5102058,Stuart Williams,0.136781,6,False,True,0,True,CHAMPION_INTENT_SHADOW,"INTENT_ADDS_SIGNAL (2025 unseen holdout, 4/4 promotion gates passed)",ARCHIVE_CONTEXT_ONLY_NOT_SCORING,False,SHADOW_INTENT_SIGNAL,False,False,True
924716,Happy Valley,2026-07-15T14:35:00,Flying Fortune,8632753,W K Mo,0.072277,1,True,True,5,True,CHAMPION_INTENT_SHADOW,"INTENT_ADDS_SIGNAL (2025 unseen holdout, 4/4 promotion gates passed)",ARCHIVE_CONTEXT_ONLY_NOT_SCORING,False,SHADOW_INTENT_SIGNAL,False,False,True
924716,Happy Valley,2026-07-15T14:35:00,Pass Line,7834560,D J Hall,0.070466,2,False,False,0,True,CHAMPION_INTENT_SHADOW,"INTENT_ADDS_SIGNAL (2025 unseen holdout, 4/4 promotion gates passed)",ARCHIVE_CONTEXT_ONLY_NOT_SCORING,False,SHADOW_INTENT_SIGNAL,False,False,True
924716,Happy Valley,2026-07-15T14:35:00,Call Me Topseed,5092917,K L Man,0.061084,3,False,False,0,True,CHAMPION_INTENT_SHADOW,"INTENT_ADDS_SIGNAL (2025 unseen holdout, 4/4 promotion gates passed)",ARCHIVE_CONTEXT_ONLY_NOT_SCORING,False,SHADOW_INTENT_SIGNAL,False,False,True
924716,Happy Valley,2026-07-15T14:35:00,I Can,5176386,P C Ng,0.060606,4,False,False,0,True,CHAMPION_INTENT_SHADOW,"INTENT_ADDS_SIGNAL (2025 unseen holdout, 4/4 promotion gates passed)",ARCHIVE_CONTEXT_ONLY_NOT_SCORING,False,SHADOW_INTENT_SIGNAL,False,False,True
924716,Happy Valley,2026-07-15T14:35:00,Winning Dragon,3346503,A S Cruz,0.059569,5,False,False,0,True,CHAMPION_INTENT_SHADOW,"INTENT_ADDS_SIGNAL (2025 unseen holdout, 4/4 promotion gates passed)",ARCHIVE_CONTEXT_ONLY_NOT_SCORING,False,SHADOW_INTENT_SIGNAL,False,False,True
924716,Happy Valley,2026-07-15T14:35:00,Winning Buddies,8725456,Jimmy Ting,0.055763,6,False,False,0,True,CHAMPION_INTENT_SHADOW,"INTENT_ADDS_SIGNAL (2025 unseen holdout, 4/4 promotion gates passed)",ARCHIVE_CONTEXT_ONLY_NOT_SCORING,False,SHADOW_INTENT_SIGNAL,False,False,True
924716,Happy Valley,2026-07-15T14:35:00,Somelovefromabove,6706327,C Fownes,0.055346,7,False,False,0,True,CHAMPION_INTENT_SHADOW,"INTENT_ADDS_SIGNAL (2025 unseen holdout, 4/4 promotion gates passed)",ARCHIVE_CONTEXT_ONLY_NOT_SCORING,False,SHADOW_INTENT_SIGNAL,False,False,True
924716,Happy Valley,2026-07-15T14:35:00,True Brothers,6032386,Y S Tsui,0.055247,8,False,False,0,True,CHAMPION_INTENT_SHADOW,"INTENT_ADDS_SIGNAL (2025 unseen holdout, 4/4 promotion gates passed)",ARCHIVE_CONTEXT_ONLY_NOT_SCORING,False,SHADOW_INTENT_SIGNAL,False,False,True
924716,Happy Valley,2026-07-15T14:35:00,Thriving Brothers,5431174,C H Yip,0.051884,9,False,False,0,True,CHAMPION_INTENT_SHADOW,"INTENT_ADDS_SIGNAL (2025 unseen holdout, 4/4 promotion gates passed)",ARCHIVE_CONTEXT_ONLY_NOT_SCORING,False,SHADOW_INTENT_SIGNAL,False,False,True
924716,Happy Valley,2026-07-15T14:35:00,A Americ Te Specso,4684999,J Size,0.04923,10,False,False,0,True,CHAMPION_INTENT_SHADOW,"INTENT_ADDS_SIGNAL (2025 unseen holdout, 4/4 promotion gates passed)",ARCHIVE_CONTEXT_ONLY_NOT_SCORING,False,SHADOW_INTENT_SIGNAL,False,False,True
924716,Happy Valley,2026-07-15T14:35:00,Happy Tercentenary,7409414,Douglas Whyte,0.048978,11,False,False,0,True,CHAMPION_INTENT_SHADOW,"INTENT_ADDS_SIGNAL (2025 unseen holdout, 4/4 promotion gates passed)",ARCHIVE_CONTEXT_ONLY_NOT_SCORING,False,SHADOW_INTENT_SIGNAL,False,False,True
924716,Happy Valley,2026-07-15T14:35:00,General Redwood,8594135,C S Shum,0.048593,12,False,False,0,True,CHAMPION_INTENT_SHADOW,"INTENT_ADDS_SIGNAL (2025 unseen holdout, 4/4 promotion gates passed)",ARCHIVE_CONTEXT_ONLY_NOT_SCORING,False,SHADOW_INTENT_SIGNAL,False,False,True
924716,Happy Valley,2026-07-15T14:35:00,Super Unicorn,5767662,Mark Newnham,0.047088,13,False,True,0,True,CHAMPION_INTENT_SHADOW,"INTENT_ADDS_SIGNAL (2025 unseen holdout, 4/4 promotion gates passed)",ARCHIVE_CONTEXT_ONLY_NOT_SCORING,False,SHADOW_INTENT_SIGNAL,False,False,True
924716,Happy Valley,2026-07-15T14:35:00,Class,7238279,P F Yiu,0.022761,14,False,True,4,True,CHAMPION_INTENT_SHADOW,"INTENT_ADDS_SIGNAL (2025 unseen holdout, 4/4 promotion gates passed)",ARCHIVE_CONTEXT_ONLY_NOT_SCORING,False,SHADOW_INTENT_SIGNAL,False,False,True
923093,Catterick,2026-07-15T14:40:00,South West,9340079,Richard Hughes,0.109476,1,True,True,0,True,CHAMPION_INTENT_SHADOW,"INTENT_ADDS_SIGNAL (2025 unseen holdout, 4/4 promotion gates passed)",ARCHIVE_CONTEXT_ONLY_NOT_SCORING,False,SHADOW_INTENT_SIGNAL,False,False,True
923093,Catterick,2026-07-15T14:40:00,Lion Of Persia,9115830,Robert Cowell,0.096044,2,False,True,0,True,CHAMPION_INTENT_SHADOW,"INTENT_ADDS_SIGNAL (2025 unseen holdout, 4/4 promotion gates passed)",ARCHIVE_CONTEXT_ONLY_NOT_SCORING,False,SHADOW_INTENT_SIGNAL,False,False,True
923093,Catterick,2026-07-15T14:40:00,Mr De Maggs,9184986,Tony Culhane & Stella Barclay,0.091312,3,False,False,0,True,CHAMPION_INTENT_SHADOW,"INTENT_ADDS_SIGNAL (2025 unseen holdout, 4/4 promotion gates passed)",ARCHIVE_CONTEXT_ONLY_NOT_SCORING,False,SHADOW_INTENT_SIGNAL,False,False,True
923093,Catterick,2026-07-15T14:40:00,Mick's The Boy,9263855,Michael & David Easterby,0.091033,4,False,False,0,True,CHAMPION_INTENT_SHADOW,"INTENT_ADDS_SIGNAL (2025 unseen holdout, 4/4 promotion gates passed)",ARCHIVE_CONTEXT_ONLY_NOT_SCORING,False,SHADOW_INTENT_SIGNAL,False,False,True
923093,Catterick,2026-07-15T14:40:00,Kaiulani Spirit,9354966,Tim Easterby,0.089206,5,False,False,0,True,CHAMPION_INTENT_SHADOW,"INTENT_ADDS_SIGNAL (2025 unseen holdout, 4/4 promotion gates passed)",ARCHIVE_CONTEXT_ONLY_NOT_SCORING,False,SHADOW_INTENT_SIGNAL,False,False,True
923093,Catterick,2026-07-15T14:40:00,Prosperity Angel,9419806,Ben Haslam,0.089059,6,False,False,0,True,CHAMPION_INTENT_SHADOW,"INTENT_ADDS_SIGNAL (2025 unseen holdout, 4/4 promotion gates passed)",ARCHIVE_CONTEXT_ONLY_NOT_SCORING,False,SHADOW_INTENT_SIGNAL,False,False,True
923093,Catterick,2026-07-15T14:40:00,Neverbeatdeswalker,9377507,Mark Walford,0.08854,7,False,False,0,True,CHAMPION_INTENT_SHADOW,"INTENT_ADDS_SIGNAL (2025 unseen holdout, 4/4 promotion gates passed)",ARCHIVE_CONTEXT_ONLY_NOT_SCORING,False,SHADOW_INTENT_SIGNAL,False,False,True
923093,Catterick,2026-07-15T14:40:00,Longshanks Luke,9531392,Patrick Neville,0.08854,8,False,False,0,True,CHAMPION_INTENT_SHADOW,"INTENT_ADDS_SIGNAL (2025 unseen holdout, 4/4 promotion gates passed)",ARCHIVE_CONTEXT_ONLY_NOT_SCORING,False,SHADOW_INTENT_SIGNAL,False,False,True
923093,Catterick,2026-07-15T14:40:00,Johns Power,9372917,Roger Fell,0.08823,9,False,False,0,True,CHAMPION_INTENT_SHADOW,"INTENT_ADDS_SIGNAL (2025 unseen holdout, 4/4 promotion gates passed)",ARCHIVE_CONTEXT_ONLY_NOT_SCORING,False,SHADOW_INTENT_SIGNAL,False,False,True
923093,Catterick,2026-07-15T14:40:00,Cheeky Chesca,9115658,Tim Easterby,0.057605,10,False,True,2,True,CHAMPION_INTENT_SHADOW,"INTENT_ADDS_SIGNAL (2025 unseen holdout, 4/4 promotion gates passed)",ARCHIVE_CONTEXT_ONLY_NOT_SCORING,False,SHADOW_INTENT_SIGNAL,False,False,True
922990,Uttoxeter,2026-07-15T14:48:00,Golden Circet,5092881,Jim & Suzi Best,0.104412,1,True,True,5,True,CHAMPION_INTENT_SHADOW,"INTENT_ADDS_SIGNAL (2025 unseen holdout, 4/4 promotion gates passed)",ARCHIVE_CONTEXT_ONLY_NOT_SCORING,False,SHADOW_INTENT_SIGNAL,False,False,True
922990,Uttoxeter,2026-07-15T14:48:00,Karthala,7493115,Jennie Candlish,0.099534,2,False,True,5,True,CHAMPION_INTENT_SHADOW,"INTENT_ADDS_SIGNAL (2025 unseen holdout, 4/4 promotion gates passed)",ARCHIVE_CONTEXT_ONLY_NOT_SCORING,False,SHADOW_INTENT_SIGNAL,False,False,True
922990,Uttoxeter,2026-07-15T14:48:00,Character Testing,5048061,Mark Walford,0.083688,3,False,True,28,True,CHAMPION_INTENT_SHADOW,"INTENT_ADDS_SIGNAL (2025 unseen holdout, 4/4 promotion gates passed)",ARCHIVE_CONTEXT_ONLY_NOT_SCORING,False,SHADOW_INTENT_SIGNAL,False,False,True
922990,Uttoxeter,2026-07-15T14:48:00,Daring To Dream,7263132,Harriet Dickin,0.083509,4,False,False,0,True,CHAMPION_INTENT_SHADOW,"INTENT_ADDS_SIGNAL (2025 unseen holdout, 4/4 promotion gates passed)",ARCHIVE_CONTEXT_ONLY_NOT_SCORING,False,SHADOW_INTENT_SIGNAL,False,False,True
922990,Uttoxeter,2026-07-15T14:48:00,Louie The Legend,6079175,Dylan Cunha,0.081738,5,False,False,0,True,CHAMPION_INTENT_SHADOW,"INTENT_ADDS_SIGNAL (2025 unseen holdout, 4/4 promotion gates passed)",ARCHIVE_CONTEXT_ONLY_NOT_SCORING,False,SHADOW_INTENT_SIGNAL,False,False,True
922990,Uttoxeter,2026-07-15T14:48:00,Colinski,7293771,Rebecca Menzies,0.073396,6,False,True,13,True,CHAMPION_INTENT_SHADOW,"INTENT_ADDS_SIGNAL (2025 unseen holdout, 4/4 promotion gates passed)",ARCHIVE_CONTEXT_ONLY_NOT_SCORING,False,SHADOW_INTENT_SIGNAL,False,False,True
922990,Uttoxeter,2026-07-15T14:48:00,Battle Stride,6358970,Richard Armson,0.064268,7,False,False,0,True,CHAMPION_INTENT_SHADOW,"INTENT_ADDS_SIGNAL (2025 unseen holdout, 4/4 promotion gates passed)",ARCHIVE_CONTEXT_ONLY_NOT_SCORING,False,SHADOW_INTENT_SIGNAL,False,False,True
922990,Uttoxeter,2026-07-15T14:48:00,Giddyupadingdong,5355679,Neil Mulholland,0.062571,8,False,False,0,True,CHAMPION_INTENT_SHADOW,"INTENT_ADDS_SIGNAL (2025 unseen holdout, 4/4 promotion gates passed)",ARCHIVE_CONTEXT_ONLY_NOT_SCORING,False,SHADOW_INTENT_SIGNAL,False,False,True
922990,Uttoxeter,2026-07-15T14:48:00,Brenda Lady,9263903,David Rees,0.05628,9,False,True,1,True,CHAMPION_INTENT_SHADOW,"INTENT_ADDS_SIGNAL (2025 unseen holdout, 4/4 promotion gates passed)",ARCHIVE_CONTEXT_ONLY_NOT_SCORING,False,SHADOW_INTENT_SIGNAL,False,False,True
922990,Uttoxeter,2026-07-15T14:48:00,Lady Fortune,6032353,Barry Brennan,0.045472,10,False,False,0,True,CHAMPION_INTENT_SHADOW,"INTENT_ADDS_SIGNAL (2025 unseen holdout, 4/4 promotion gates passed)",ARCHIVE_CONTEXT_ONLY_NOT_SCORING,False,SHADOW_INTENT_SIGNAL,False,False,True
922990,Uttoxeter,2026-07-15T14:48:00,Granny B,4274042,Michael Mullineaux,0.042625,11,False,True,5,True,CHAMPION_INTENT_SHADOW,"INTENT_ADDS_SIGNAL (2025 unseen holdout, 4/4 promotion gates passed)",ARCHIVE_CONTEXT_ONLY_NOT_SCORING,False,SHADOW_INTENT_SIGNAL,False,False,True
922990,Uttoxeter,2026-07-15T14:48:00,Littletown Lad,5867537,Sam England,0.031276,12,False,True,5,True,CHAMPION_INTENT_SHADOW,"INTENT_ADDS_SIGNAL (2025 unseen holdout, 4/4 promotion gates passed)",ARCHIVE_CONTEXT_ONLY_NOT_SCORING,False,SHADOW_INTENT_SIGNAL,False,False,True
923085,Bath,2026-07-15T15:01:00,Bellatina,9051066,Charlie Johnston,0.170232,1,True,True,4,True,CHAMPION_INTENT_SHADOW,"INTENT_ADDS_SIGNAL (2025 unseen holdout, 4/4 promotion gates passed)",ARCHIVE_CONTEXT_ONLY_NOT_SCORING,False,SHADOW_INTENT_SIGNAL,False,False,True
923085,Bath,2026-07-15T15:01:00,Sayidah Ardad,9184997,Grace Harris,0.150575,2,False,True,1,True,CHAMPION_INTENT_SHADOW,"INTENT_ADDS_SIGNAL (2025 unseen holdout, 4/4 promotion gates passed)",ARCHIVE_CONTEXT_ONLY_NOT_SCORING,False,SHADOW_INTENT_SIGNAL,False,False,True
923085,Bath,2026-07-15T15:01:00,Tricky Jenny,9046207,James Owen,0.128139,3,False,True,0,True,CHAMPION_INTENT_SHADOW,"INTENT_ADDS_SIGNAL (2025 unseen holdout, 4/4 promotion gates passed)",ARCHIVE_CONTEXT_ONLY_NOT_SCORING,False,SHADOW_INTENT_SIGNAL,False,False,True
923085,Bath,2026-07-15T15:01:00,Space Dreamer,9308777,Ollie Sangster,0.127059,4,False,True,0,True,CHAMPION_INTENT_SHADOW,"INTENT_ADDS_SIGNAL (2025 unseen holdout, 4/4 promotion gates passed)",ARCHIVE_CONTEXT_ONLY_NOT_SCORING,False,SHADOW_INTENT_SIGNAL,False,False,True
923085,Bath,2026-07-15T15:01:00,Sheer Beauty,9382623,Julia & Shelley Birkett,0.123282,5,False,False,0,True,CHAMPION_INTENT_SHADOW,"INTENT_ADDS_SIGNAL (2025 unseen holdout, 4/4 promotion gates passed)",ARCHIVE_CONTEXT_ONLY_NOT_SCORING,False,SHADOW_INTENT_SIGNAL,False,False,True
923085,Bath,2026-07-15T15:01:00,Yankeedoodledandy,9419805,J S Moore,0.123094,6,False,False,0,True,CHAMPION_INTENT_SHADOW,"INTENT_ADDS_SIGNAL (2025 unseen holdout, 4/4 promotion gates passed)",ARCHIVE_CONTEXT_ONLY_NOT_SCORING,False,SHADOW_INTENT_SIGNAL,False,False,True
923085,Bath,2026-07-15T15:01:00,Last Dandelion,9162146,Stuart Williams,0.075264,7,False,True,2,True,CHAMPION_INTENT_SHADOW,"INTENT_ADDS_SIGNAL (2025 unseen holdout, 4/4 promotion gates passed)",ARCHIVE_CONTEXT_ONLY_NOT_SCORING,False,SHADOW_INTENT_SIGNAL,False,False,True
923095,Catterick,2026-07-15T15:10:00,Lady Dublin,9092904,Ollie Pears,0.269206,1,True,False,0,True,CHAMPION_INTENT_SHADOW,"INTENT_ADDS_SIGNAL (2025 unseen holdout, 4/4 promotion gates passed)",ARCHIVE_CONTEXT_ONLY_NOT_SCORING,False,SHADOW_INTENT_SIGNAL,False,False,True
923095,Catterick,2026-07-15T15:10:00,Mardy Bum,9198393,David O'Meara,0.257952,2,False,True,2,True,CHAMPION_INTENT_SHADOW,"INTENT_ADDS_SIGNAL (2025 unseen holdout, 4/4 promotion gates passed)",ARCHIVE_CONTEXT_ONLY_NOT_SCORING,False,SHADOW_INTENT_SIGNAL,False,False,True
923095,Catterick,2026-07-15T15:10:00,Sunrise At Dawn,9092911,Craig Lidster,0.177285,3,False,False,0,True,CHAMPION_INTENT_SHADOW,"INTENT_ADDS_SIGNAL (2025 unseen holdout, 4/4 promotion gates passed)",ARCHIVE_CONTEXT_ONLY_NOT_SCORING,False,SHADOW_INTENT_SIGNAL,False,False,True
923095,Catterick,2026-07-15T15:10:00,Showmethebubbles,8881487,Brian Ellison,0.117587,4,False,True,3,True,CHAMPION_INTENT_SHADOW,"INTENT_ADDS_SIGNAL (2025 unseen holdout, 4/4 promotion gates passed)",ARCHIVE_CONTEXT_ONLY_NOT_SCORING,False,SHADOW_INTENT_SIGNAL,False,False,True
924717,Happy Valley,2026-07-15T15:10:00,Bottomuptogether,5887288,F C Lor,0.094508,1,True,False,0,True,CHAMPION_INTENT_SHADOW,"INTENT_ADDS_SIGNAL (2025 unseen holdout, 4/4 promotion gates passed)",ARCHIVE_CONTEXT_ONLY_NOT_SCORING,False,SHADOW_INTENT_SIGNAL,False,False,True
924717,Happy Valley,2026-07-15T15:10:00,Crimson Flash,6193179,Mark Newnham,0.094264,2,False,True,16,True,CHAMPION_INTENT_SHADOW,"INTENT_ADDS_SIGNAL (2025 unseen holdout, 4/4 promotion gates passed)",ARCHIVE_CONTEXT_ONLY_NOT_SCORING,False,SHADOW_INTENT_SIGNAL,False,False,True
924717,Happy Valley,2026-07-15T15:10:00,Lucky With You,3607321,F C Lor,0.083703,3,False,False,0,True,CHAMPION_INTENT_SHADOW,"INTENT_ADDS_SIGNAL (2025 unseen holdout, 4/4 promotion gates passed)",ARCHIVE_CONTEXT_ONLY_NOT_SCORING,False,SHADOW_INTENT_SIGNAL,False,False,True
924717,Happy Valley,2026-07-15T15:10:00,Young Champion,4640738,J Size,0.075847,4,False,False,0,True,CHAMPION_INTENT_SHADOW,"INTENT_ADDS_SIGNAL (2025 unseen holdout, 4/4 promotion gates passed)",ARCHIVE_CONTEXT_ONLY_NOT_SCORING,False,SHADOW_INTENT_SIGNAL,False,False,True
924717,Happy Valley,2026-07-15T15:10:00,Sing Dragon,4310782,W Y So,0.063784,5,False,False,0,True,CHAMPION_INTENT_SHADOW,"INTENT_ADDS_SIGNAL (2025 unseen holdout, 4/4 promotion gates passed)",ARCHIVE_CONTEXT_ONLY_NOT_SCORING,False,SHADOW_INTENT_SIGNAL,False,False,True
924717,Happy Valley,2026-07-15T15:10:00,Romantic Son,6644989,David A Hayes,0.061914,6,False,False,0,True,CHAMPION_INTENT_SHADOW,"INTENT_ADDS_SIGNAL (2025 unseen holdout, 4/4 promotion gates passed)",ARCHIVE_CONTEXT_ONLY_NOT_SCORING,False,SHADOW_INTENT_SIGNAL,False,False,True
924717,Happy Valley,2026-07-15T15:10:00,Magic Control,4990318,W K Mo,0.057389,7,False,False,0,True,CHAMPION_INTENT_SHADOW,"INTENT_ADDS_SIGNAL (2025 unseen holdout, 4/4 promotion gates passed)",ARCHIVE_CONTEXT_ONLY_NOT_SCORING,False,SHADOW_INTENT_SIGNAL,False,False,True
924717,Happy Valley,2026-07-15T15:10:00,Victor The Winner,4568784,P C Ng,0.053219,8,False,False,0,True,CHAMPION_INTENT_SHADOW,"INTENT_ADDS_SIGNAL (2025 unseen holdout, 4/4 promotion gates passed)",ARCHIVE_CONTEXT_ONLY_NOT_SCORING,False,SHADOW_INTENT_SIGNAL,False,False,True
924717,Happy Valley,2026-07-15T15:10:00,Turquoise Velocity,8565877,K W Lui,0.052522,9,False,False,0,True,CHAMPION_INTENT_SHADOW,"INTENT_ADDS_SIGNAL (2025 unseen holdout, 4/4 promotion gates passed)",ARCHIVE_CONTEXT_ONLY_NOT_SCORING,False,SHADOW_INTENT_SIGNAL,False,False,True
924717,Happy Valley,2026-07-15T15:10:00,Brave Star,4421968,K W Lui,0.047125,10,False,False,0,True,CHAMPION_INTENT_SHADOW,"INTENT_ADDS_SIGNAL (2025 unseen holdout, 4/4 promotion gates passed)",ARCHIVE_CONTEXT_ONLY_NOT_SCORING,False,SHADOW_INTENT_SIGNAL,False,False,True
924717,Happy Valley,2026-07-15T15:10:00,Son Pak Fu,4415552,A S Cruz,0.043752,11,False,False,0,True,CHAMPION_INTENT_SHADOW,"INTENT_ADDS_SIGNAL (2025 unseen holdout, 4/4 promotion gates passed)",ARCHIVE_CONTEXT_ONLY_NOT_SCORING,False,SHADOW_INTENT_SIGNAL,False,False,True
922985,Uttoxeter,2026-07-15T15:18:00,Sony Bill,5809801,Faye Bramley,0.349646,1,True,False,0,True,CHAMPION_INTENT_SHADOW,"INTENT_ADDS_SIGNAL (2025 unseen holdout, 4/4 promotion gates passed)",ARCHIVE_CONTEXT_ONLY_NOT_SCORING,False,SHADOW_INTENT_SIGNAL,False,False,True
922985,Uttoxeter,2026-07-15T15:18:00,La Pinsonniere,5293196,Nicky Henderson,0.138352,2,False,False,0,True,CHAMPION_INTENT_SHADOW,"INTENT_ADDS_SIGNAL (2025 unseen holdout, 4/4 promotion gates passed)",ARCHIVE_CONTEXT_ONLY_NOT_SCORING,False,SHADOW_INTENT_SIGNAL,False,False,True
922985,Uttoxeter,2026-07-15T15:18:00,Samuel Spade,3787100,Ben Pauling,0.131803,3,False,False,0,True,CHAMPION_INTENT_SHADOW,"INTENT_ADDS_SIGNAL (2025 unseen holdout, 4/4 promotion gates passed)",ARCHIVE_CONTEXT_ONLY_NOT_SCORING,False,SHADOW_INTENT_SIGNAL,False,False,True
922985,Uttoxeter,2026-07-15T15:18:00,Sunray Shadow,58950449,Dan Skelton,0.128482,4,False,False,0,True,CHAMPION_INTENT_SHADOW,"INTENT_ADDS_SIGNAL (2025 unseen holdout, 4/4 promotion gates passed)",ARCHIVE_CONTEXT_ONLY_NOT_SCORING,False,SHADOW_INTENT_SIGNAL,False,False,True
923089,Bath,2026-07-15T15:31:00,Darkened Edge,5154296,Christopher Mason,0.204122,1,True,True,22,True,CHAMPION_INTENT_SHADOW,"INTENT_ADDS_SIGNAL (2025 unseen holdout, 4/4 promotion gates passed)",ARCHIVE_CONTEXT_ONLY_NOT_SCORING,False,SHADOW_INTENT_SIGNAL,False,False,True
923089,Bath,2026-07-15T15:31:00,Little Miss Magic,5299530,Patrick Chamings,0.153723,2,False,True,5,True,CHAMPION_INTENT_SHADOW,"INTENT_ADDS_SIGNAL (2025 unseen holdout, 4/4 promotion gates passed)",ARCHIVE_CONTEXT_ONLY_NOT_SCORING,False,SHADOW_INTENT_SIGNAL,False,False,True
923089,Bath,2026-07-15T15:31:00,Secret Handsheikh,3098705,John Gallagher,0.150497,3,False,True,5,True,CHAMPION_INTENT_SHADOW,"INTENT_ADDS_SIGNAL (2025 unseen holdout, 4/4 promotion gates passed)",ARCHIVE_CONTEXT_ONLY_NOT_SCORING,False,SHADOW_INTENT_SIGNAL,False,False,True
923089,Bath,2026-07-15T15:31:00,Beach Partee,7020235,Scott Dixon,0.100342,4,False,True,5,True,CHAMPION_INTENT_SHADOW,"INTENT_ADDS_SIGNAL (2025 unseen holdout, 4/4 promotion gates passed)",ARCHIVE_CONTEXT_ONLY_NOT_SCORING,False,SHADOW_INTENT_SIGNAL,False,False,True
923089,Bath,2026-07-15T15:31:00,Symbol Of Hope,3164267,Grace Harris,0.063185,5,False,True,5,True,CHAMPION_INTENT_SHADOW,"INTENT_ADDS_SIGNAL (2025 unseen holdout, 4/4 promotion gates passed)",ARCHIVE_CONTEXT_ONLY_NOT_SCORING,False,SHADOW_INTENT_SIGNAL,False,False,True
923089,Bath,2026-07-15T15:31:00,Coast,3791405,Scott Dixon,0.061653,6,False,True,5,True,CHAMPION_INTENT_SHADOW,"INTENT_ADDS_SIGNAL (2025 unseen holdout, 4/4 promotion gates passed)",ARCHIVE_CONTEXT_ONLY_NOT_SCORING,False,SHADOW_INTENT_SIGNAL,False,False,True
923091,Catterick,2026-07-15T15:40:00,The Good Biscuit,5125896,Ruth Carr,0.155394,1,True,True,4,True,CHAMPION_INTENT_SHADOW,"INTENT_ADDS_SIGNAL (2025 unseen holdout, 4/4 promotion gates passed)",ARCHIVE_CONTEXT_ONLY_NOT_SCORING,False,SHADOW_INTENT_SIGNAL,False,False,True
923091,Catterick,2026-07-15T15:40:00,Two Commanders,9249229,Edward Bethell,0.144005,2,False,True,0,True,CHAMPION_INTENT_SHADOW,"INTENT_ADDS_SIGNAL (2025 unseen holdout, 4/4 promotion gates passed)",ARCHIVE_CONTEXT_ONLY_NOT_SCORING,False,SHADOW_INTENT_SIGNAL,False,False,True
923091,Catterick,2026-07-15T15:40:00,Kody B,8018243,Craig Lidster,0.118888,3,False,True,6,True,CHAMPION_INTENT_SHADOW,"INTENT_ADDS_SIGNAL (2025 unseen holdout, 4/4 promotion gates passed)",ARCHIVE_CONTEXT_ONLY_NOT_SCORING,False,SHADOW_INTENT_SIGNAL,False,False,True
923091,Catterick,2026-07-15T15:40:00,Awraad,7400070,Gemma Tutty,0.110892,4,False,False,0,True,CHAMPION_INTENT_SHADOW,"INTENT_ADDS_SIGNAL (2025 unseen holdout, 4/4 promotion gates passed)",ARCHIVE_CONTEXT_ONLY_NOT_SCORING,False,SHADOW_INTENT_SIGNAL,False,False,True
923091,Catterick,2026-07-15T15:40:00,Aberama Gold,2645543,David O'Meara,0.110518,5,False,True,4,True,CHAMPION_INTENT_SHADOW,"INTENT_ADDS_SIGNAL (2025 unseen holdout, 4/4 promotion gates passed)",ARCHIVE_CONTEXT_ONLY_NOT_SCORING,False,SHADOW_INTENT_SIGNAL,False,False,True
923091,Catterick,2026-07-15T15:40:00,Archduke Ferdinand,3862862,Seb Spencer,0.106693,6,False,True,34,True,CHAMPION_INTENT_SHADOW,"INTENT_ADDS_SIGNAL (2025 unseen holdout, 4/4 promotion gates passed)",ARCHIVE_CONTEXT_ONLY_NOT_SCORING,False,SHADOW_INTENT_SIGNAL,False,False,True
923091,Catterick,2026-07-15T15:40:00,Dream Deal,3767116,Tim Easterby,0.050194,7,False,True,33,True,CHAMPION_INTENT_SHADOW,"INTENT_ADDS_SIGNAL (2025 unseen holdout, 4/4 promotion gates passed)",ARCHIVE_CONTEXT_ONLY_NOT_SCORING,False,SHADOW_INTENT_SIGNAL,False,False,True
923091,Catterick,2026-07-15T15:40:00,Quercus,2811632,Noel Wilson,0.04296,8,False,True,5,True,CHAMPION_INTENT_SHADOW,"INTENT_ADDS_SIGNAL (2025 unseen holdout, 4/4 promotion gates passed)",ARCHIVE_CONTEXT_ONLY_NOT_SCORING,False,SHADOW_INTENT_SIGNAL,False,False,True
922988,Uttoxeter,2026-07-15T15:48:00,An Bradan Feasa,4001991,Jack Jones,0.243574,1,True,True,5,True,CHAMPION_INTENT_SHADOW,"INTENT_ADDS_SIGNAL (2025 unseen holdout, 4/4 promotion gates passed)",ARCHIVE_CONTEXT_ONLY_NOT_SCORING,False,SHADOW_INTENT_SIGNAL,False,False,True
922988,Uttoxeter,2026-07-15T15:48:00,Romany Brown,5826613,Ben Case,0.196999,2,False,False,0,True,CHAMPION_INTENT_SHADOW,"INTENT_ADDS_SIGNAL (2025 unseen holdout, 4/4 promotion gates passed)",ARCHIVE_CONTEXT_ONLY_NOT_SCORING,False,SHADOW_INTENT_SIGNAL,False,False,True
922988,Uttoxeter,2026-07-15T15:48:00,Machete Beach,5809876,Jamie Snowden,0.174366,3,False,True,5,True,CHAMPION_INTENT_SHADOW,"INTENT_ADDS_SIGNAL (2025 unseen holdout, 4/4 promotion gates passed)",ARCHIVE_CONTEXT_ONLY_NOT_SCORING,False,SHADOW_INTENT_SIGNAL,False,False,True
922988,Uttoxeter,2026-07-15T15:48:00,King Ulanda,5889962,Oliver Greenall & Josh Guerriero,0.112875,4,False,False,0,True,CHAMPION_INTENT_SHADOW,"INTENT_ADDS_SIGNAL (2025 unseen holdout, 4/4 promotion gates passed)",ARCHIVE_CONTEXT_ONLY_NOT_SCORING,False,SHADOW_INTENT_SIGNAL,False,False,True
922988,Uttoxeter,2026-07-15T15:48:00,Ask A Sainte,7191405,Olly Murphy,0.081473,5,False,True,5,True,CHAMPION_INTENT_SHADOW,"INTENT_ADDS_SIGNAL (2025 unseen holdout, 4/4 promotion gates passed)",ARCHIVE_CONTEXT_ONLY_NOT_SCORING,False,SHADOW_INTENT_SIGNAL,False,False,True
922988,Uttoxeter,2026-07-15T15:48:00,Ip Up,4305431,Jedd O'Keeffe,0.078116,6,False,False,0,True,CHAMPION_INTENT_SHADOW,"INTENT_ADDS_SIGNAL (2025 unseen holdout, 4/4 promotion gates passed)",ARCHIVE_CONTEXT_ONLY_NOT_SCORING,False,SHADOW_INTENT_SIGNAL,False,False,True
924718,Happy Valley,2026-07-15T15:50:00,The Heir,8807025,C Fownes,0.08588,1,True,True,5,True,CHAMPION_INTENT_SHADOW,"INTENT_ADDS_SIGNAL (2025 unseen holdout, 4/4 promotion gates passed)",ARCHIVE_CONTEXT_ONLY_NOT_SCORING,False,SHADOW_INTENT_SIGNAL,False,False,True
924718,Happy Valley,2026-07-15T15:50:00,Young Emperor,5353791,David Eustace,0.075203,2,False,False,0,True,CHAMPION_INTENT_SHADOW,"INTENT_ADDS_SIGNAL (2025 unseen holdout, 4/4 promotion gates passed)",ARCHIVE_CONTEXT_ONLY_NOT_SCORING,False,SHADOW_INTENT_SIGNAL,False,False,True
924718,Happy Valley,2026-07-15T15:50:00,Thunder Kit,8594144,K W Lui,0.067378,3,False,False,0,True,CHAMPION_INTENT_SHADOW,"INTENT_ADDS_SIGNAL (2025 unseen holdout, 4/4 promotion gates passed)",ARCHIVE_CONTEXT_ONLY_NOT_SCORING,False,SHADOW_INTENT_SIGNAL,False,False,True
924718,Happy Valley,2026-07-15T15:50:00,City Gold Banner,7152118,Jamie Richards,0.062835,4,False,False,0,True,CHAMPION_INTENT_SHADOW,"INTENT_ADDS_SIGNAL (2025 unseen holdout, 4/4 promotion gates passed)",ARCHIVE_CONTEXT_ONLY_NOT_SCORING,False,SHADOW_INTENT_SIGNAL,False,False,True
924718,Happy Valley,2026-07-15T15:50:00,Flying Wrote,5878921,A S Cruz,0.06283,5,False,False,0,True,CHAMPION_INTENT_SHADOW,"INTENT_ADDS_SIGNAL (2025 unseen holdout, 4/4 promotion gates passed)",ARCHIVE_CONTEXT_ONLY_NOT_SCORING,False,SHADOW_INTENT_SIGNAL,False,False,True
924718,Happy Valley,2026-07-15T15:50:00,Ace Champion,6645036,P C Ng,0.058441,6,False,True,5,True,CHAMPION_INTENT_SHADOW,"INTENT_ADDS_SIGNAL (2025 unseen holdout, 4/4 promotion gates passed)",ARCHIVE_CONTEXT_ONLY_NOT_SCORING,False,SHADOW_INTENT_SIGNAL,False,False,True
924718,Happy Valley,2026-07-15T15:50:00,Morgan Success,5189705,Douglas Whyte,0.056788,7,False,False,0,True,CHAMPION_INTENT_SHADOW,"INTENT_ADDS_SIGNAL (2025 unseen holdout, 4/4 promotion gates passed)",ARCHIVE_CONTEXT_ONLY_NOT_SCORING,False,SHADOW_INTENT_SIGNAL,False,False,True
924718,Happy Valley,2026-07-15T15:50:00,Endurance Express,9295434,P F Yiu,0.056132,8,False,False,0,True,CHAMPION_INTENT_SHADOW,"INTENT_ADDS_SIGNAL (2025 unseen holdout, 4/4 promotion gates passed)",ARCHIVE_CONTEXT_ONLY_NOT_SCORING,False,SHADOW_INTENT_SIGNAL,False,False,True
924718,Happy Valley,2026-07-15T15:50:00,Flying Knight,6477987,W K Mo,0.051766,9,False,True,0,True,CHAMPION_INTENT_SHADOW,"INTENT_ADDS_SIGNAL (2025 unseen holdout, 4/4 promotion gates passed)",ARCHIVE_CONTEXT_ONLY_NOT_SCORING,False,SHADOW_INTENT_SIGNAL,False,False,True
924718,Happy Valley,2026-07-15T15:50:00,Master Of All,4934595,W Y So,0.050338,10,False,False,0,True,CHAMPION_INTENT_SHADOW,"INTENT_ADDS_SIGNAL (2025 unseen holdout, 4/4 promotion gates passed)",ARCHIVE_CONTEXT_ONLY_NOT_SCORING,False,SHADOW_INTENT_SIGNAL,False,False,True
924718,Happy Valley,2026-07-15T15:50:00,Daryl Flash,5492810,Y S Tsui,0.04846,11,False,False,0,True,CHAMPION_INTENT_SHADOW,"INTENT_ADDS_SIGNAL (2025 unseen holdout, 4/4 promotion gates passed)",ARCHIVE_CONTEXT_ONLY_NOT_SCORING,False,SHADOW_INTENT_SIGNAL,False,False,True
924718,Happy Valley,2026-07-15T15:50:00,King Of Fighters,5244558,Brett Crawford,0.04825,12,False,False,0,True,CHAMPION_INTENT_SHADOW,"INTENT_ADDS_SIGNAL (2025 unseen holdout, 4/4 promotion gates passed)",ARCHIVE_CONTEXT_ONLY_NOT_SCORING,False,SHADOW_INTENT_SIGNAL,False,False,True
924718,Happy Valley,2026-07-15T15:50:00,Harmony N Blessed,3284384,David A Hayes,0.044867,13,False,True,5,True,CHAMPION_INTENT_SHADOW,"INTENT_ADDS_SIGNAL (2025 unseen holdout, 4/4 promotion gates passed)",ARCHIVE_CONTEXT_ONLY_NOT_SCORING,False,SHADOW_INTENT_SIGNAL,False,False,True
924718,Happy Valley,2026-07-15T15:50:00,Danica's Choice,8401574,K L Man,0.041335,14,False,True,5,True,CHAMPION_INTENT_SHADOW,"INTENT_ADDS_SIGNAL (2025 unseen holdout, 4/4 promotion gates passed)",ARCHIVE_CONTEXT_ONLY_NOT_SCORING,False,SHADOW_INTENT_SIGNAL,False,False,True
923086,Bath,2026-07-15T16:01:00,Campeona,8437046,Sir Mark Prescott Bt,0.238131,1,True,True,4,True,CHAMPION_INTENT_SHADOW,"INTENT_ADDS_SIGNAL (2025 unseen holdout, 4/4 promotion gates passed)",ARCHIVE_CONTEXT_ONLY_NOT_SCORING,False,SHADOW_INTENT_SIGNAL,False,False,True
923086,Bath,2026-07-15T16:01:00,Assured,5870123,Tom Gretton,0.145609,2,False,False,0,True,CHAMPION_INTENT_SHADOW,"INTENT_ADDS_SIGNAL (2025 unseen holdout, 4/4 promotion gates passed)",ARCHIVE_CONTEXT_ONLY_NOT_SCORING,False,SHADOW_INTENT_SIGNAL,False,False,True
923086,Bath,2026-07-15T16:01:00,Blue Siam,6296530,Syd Hosie,0.133977,3,False,True,5,True,CHAMPION_INTENT_SHADOW,"INTENT_ADDS_SIGNAL (2025 unseen holdout, 4/4 promotion gates passed)",ARCHIVE_CONTEXT_ONLY_NOT_SCORING,False,SHADOW_INTENT_SIGNAL,False,False,True
923086,Bath,2026-07-15T16:01:00,Man Of The Sea,1992597,Neil Mulholland,0.129148,4,False,False,0,True,CHAMPION_INTENT_SHADOW,"INTENT_ADDS_SIGNAL (2025 unseen holdout, 4/4 promotion gates passed)",ARCHIVE_CONTEXT_ONLY_NOT_SCORING,False,SHADOW_INTENT_SIGNAL,False,False,True
923086,Bath,2026-07-15T16:01:00,Endofastorm,4586195,Joe Ponting,0.127443,5,False,True,43,True,CHAMPION_INTENT_SHADOW,"INTENT_ADDS_SIGNAL (2025 unseen holdout, 4/4 promotion gates passed)",ARCHIVE_CONTEXT_ONLY_NOT_SCORING,False,SHADOW_INTENT_SIGNAL,False,False,True
923090,Catterick,2026-07-15T16:10:00,Haaderr,7852210,Edward Bethell,0.309051,1,True,True,3,True,CHAMPION_INTENT_SHADOW,"INTENT_ADDS_SIGNAL (2025 unseen holdout, 4/4 promotion gates passed)",ARCHIVE_CONTEXT_ONLY_NOT_SCORING,False,SHADOW_INTENT_SIGNAL,False,False,True
923090,Catterick,2026-07-15T16:10:00,Naval Light,7578889,K R Burke,0.216392,2,False,False,0,True,CHAMPION_INTENT_SHADOW,"INTENT_ADDS_SIGNAL (2025 unseen holdout, 4/4 promotion gates passed)",ARCHIVE_CONTEXT_ONLY_NOT_SCORING,False,SHADOW_INTENT_SIGNAL,False,False,True
923090,Catterick,2026-07-15T16:10:00,Mudamer,3578978,Geoffrey Harker,0.175794,3,False,False,0,True,CHAMPION_INTENT_SHADOW,"INTENT_ADDS_SIGNAL (2025 unseen holdout, 4/4 promotion gates passed)",ARCHIVE_CONTEXT_ONLY_NOT_SCORING,False,SHADOW_INTENT_SIGNAL,False,False,True
923090,Catterick,2026-07-15T16:10:00,Woodstock,4175545,Ruth Carr,0.125642,4,False,False,0,True,CHAMPION_INTENT_SHADOW,"INTENT_ADDS_SIGNAL (2025 unseen holdout, 4/4 promotion gates passed)",ARCHIVE_CONTEXT_ONLY_NOT_SCORING,False,SHADOW_INTENT_SIGNAL,False,False,True
922987,Uttoxeter,2026-07-15T16:18:00,Theonlywayiswessex,3630330,Alan King,0.249919,1,True,True,5,True,CHAMPION_INTENT_SHADOW,"INTENT_ADDS_SIGNAL (2025 unseen holdout, 4/4 promotion gates passed)",ARCHIVE_CONTEXT_ONLY_NOT_SCORING,False,SHADOW_INTENT_SIGNAL,False,False,True
922987,Uttoxeter,2026-07-15T16:18:00,Pep Talking,4739608,Billy Aprahamian,0.242341,2,False,True,5,True,CHAMPION_INTENT_SHADOW,"INTENT_ADDS_SIGNAL (2025 unseen holdout, 4/4 promotion gates passed)",ARCHIVE_CONTEXT_ONLY_NOT_SCORING,False,SHADOW_INTENT_SIGNAL,False,False,True
922987,Uttoxeter,2026-07-15T16:18:00,My Friend Sean,5386031,Tom Lacey,0.149558,3,False,True,5,True,CHAMPION_INTENT_SHADOW,"INTENT_ADDS_SIGNAL (2025 unseen holdout, 4/4 promotion gates passed)",ARCHIVE_CONTEXT_ONLY_NOT_SCORING,False,SHADOW_INTENT_SIGNAL,False,False,True
922987,Uttoxeter,2026-07-15T16:18:00,Le Gentleman,6577916,Oliver Greenall & Josh Guerriero,0.132272,4,False,False,0,True,CHAMPION_INTENT_SHADOW,"INTENT_ADDS_SIGNAL (2025 unseen holdout, 4/4 promotion gates passed)",ARCHIVE_CONTEXT_ONLY_NOT_SCORING,False,SHADOW_INTENT_SIGNAL,False,False,True
922987,Uttoxeter,2026-07-15T16:18:00,Ukantango,3525029,Olly Murphy,0.120494,5,False,False,0,True,CHAMPION_INTENT_SHADOW,"INTENT_ADDS_SIGNAL (2025 unseen holdout, 4/4 promotion gates passed)",ARCHIVE_CONTEXT_ONLY_NOT_SCORING,False,SHADOW_INTENT_SIGNAL,False,False,True
923087,Bath,2026-07-15T16:31:00,Hope Rising,5357886,Jamie Snowden,0.211347,1,True,True,5,True,CHAMPION_INTENT_SHADOW,"INTENT_ADDS_SIGNAL (2025 unseen holdout, 4/4 promotion gates passed)",ARCHIVE_CONTEXT_ONLY_NOT_SCORING,False,SHADOW_INTENT_SIGNAL,False,False,True
923087,Bath,2026-07-15T16:31:00,Jimmy Mark,4407204,Zoe Hawkins,0.147112,2,False,True,5,True,CHAMPION_INTENT_SHADOW,"INTENT_ADDS_SIGNAL (2025 unseen holdout, 4/4 promotion gates passed)",ARCHIVE_CONTEXT_ONLY_NOT_SCORING,False,SHADOW_INTENT_SIGNAL,False,False,True
923087,Bath,2026-07-15T16:31:00,Man Is King,3839266,David Flood,0.108328,3,False,True,5,True,CHAMPION_INTENT_SHADOW,"INTENT_ADDS_SIGNAL (2025 unseen holdout, 4/4 promotion gates passed)",ARCHIVE_CONTEXT_ONLY_NOT_SCORING,False,SHADOW_INTENT_SIGNAL,False,False,True
923087,Bath,2026-07-15T16:31:00,Yokkell,3565652,Adrian Wintle,0.104419,4,False,False,0,True,CHAMPION_INTENT_SHADOW,"INTENT_ADDS_SIGNAL (2025 unseen holdout, 4/4 promotion gates passed)",ARCHIVE_CONTEXT_ONLY_NOT_SCORING,False,SHADOW_INTENT_SIGNAL,False,False,True
923087,Bath,2026-07-15T16:31:00,Offiah's Boy,5889970,Joe Tickle,0.093757,5,False,False,0,True,CHAMPION_INTENT_SHADOW,"INTENT_ADDS_SIGNAL (2025 unseen holdout, 4/4 promotion gates passed)",ARCHIVE_CONTEXT_ONLY_NOT_SCORING,False,SHADOW_INTENT_SIGNAL,False,False,True
923087,Bath,2026-07-15T16:31:00,Cezarro,7588038,Max Young,0.082616,6,False,True,5,True,CHAMPION_INTENT_SHADOW,"INTENT_ADDS_SIGNAL (2025 unseen holdout, 4/4 promotion gates passed)",ARCHIVE_CONTEXT_ONLY_NOT_SCORING,False,SHADOW_INTENT_SIGNAL,False,False,True
923087,Bath,2026-07-15T16:31:00,Sea Of Charm,3189698,Georgina Nicholls,0.075379,7,False,True,63,True,CHAMPION_INTENT_SHADOW,"INTENT_ADDS_SIGNAL (2025 unseen holdout, 4/4 promotion gates passed)",ARCHIVE_CONTEXT_ONLY_NOT_SCORING,False,SHADOW_INTENT_SIGNAL,False,False,True
923087,Bath,2026-07-15T16:31:00,Bug Boy,2057725,Tony Newcombe,0.064131,8,False,True,5,True,CHAMPION_INTENT_SHADOW,"INTENT_ADDS_SIGNAL (2025 unseen holdout, 4/4 promotion gates passed)",ARCHIVE_CONTEXT_ONLY_NOT_SCORING,False,SHADOW_INTENT_SIGNAL,False,False,True
923094,Catterick,2026-07-15T16:40:00,South Shore,5045864,Robert Cowell,0.13962,1,True,True,0,True,CHAMPION_INTENT_SHADOW,"INTENT_ADDS_SIGNAL (2025 unseen holdout, 4/4 promotion gates passed)",ARCHIVE_CONTEXT_ONLY_NOT_SCORING,False,SHADOW_INTENT_SIGNAL,False,False,True
923094,Catterick,2026-07-15T16:40:00,Irish Dancer,4449875,Declan Carroll,0.128907,2,False,True,5,True,CHAMPION_INTENT_SHADOW,"INTENT_ADDS_SIGNAL (2025 unseen holdout, 4/4 promotion gates passed)",ARCHIVE_CONTEXT_ONLY_NOT_SCORING,False,SHADOW_INTENT_SIGNAL,False,False,True
923094,Catterick,2026-07-15T16:40:00,Zuffolo,4175584,Michael Dods,0.10722,3,False,True,5,True,CHAMPION_INTENT_SHADOW,"INTENT_ADDS_SIGNAL (2025 unseen holdout, 4/4 promotion gates passed)",ARCHIVE_CONTEXT_ONLY_NOT_SCORING,False,SHADOW_INTENT_SIGNAL,False,False,True
923094,Catterick,2026-07-15T16:40:00,Edmond Halley,5884242,Edward Bethell,0.08674,4,False,False,0,True,CHAMPION_INTENT_SHADOW,"INTENT_ADDS_SIGNAL (2025 unseen holdout, 4/4 promotion gates passed)",ARCHIVE_CONTEXT_ONLY_NOT_SCORING,False,SHADOW_INTENT_SIGNAL,False,False,True
923094,Catterick,2026-07-15T16:40:00,Our Absent Friends,2996828,Tristan Davidson,0.085765,5,False,False,0,True,CHAMPION_INTENT_SHADOW,"INTENT_ADDS_SIGNAL (2025 unseen holdout, 4/4 promotion gates passed)",ARCHIVE_CONTEXT_ONLY_NOT_SCORING,False,SHADOW_INTENT_SIGNAL,False,False,True
923094,Catterick,2026-07-15T16:40:00,Invincible Crown,5991240,Ruth Carr,0.081799,6,False,True,5,True,CHAMPION_INTENT_SHADOW,"INTENT_ADDS_SIGNAL (2025 unseen holdout, 4/4 promotion gates passed)",ARCHIVE_CONTEXT_ONLY_NOT_SCORING,False,SHADOW_INTENT_SIGNAL,False,False,True
923094,Catterick,2026-07-15T16:40:00,Lucius Aurelius,5947085,Kevin Ryan,0.079863,7,False,False,0,True,CHAMPION_INTENT_SHADOW,"INTENT_ADDS_SIGNAL (2025 unseen holdout, 4/4 promotion gates passed)",ARCHIVE_CONTEXT_ONLY_NOT_SCORING,False,SHADOW_INTENT_SIGNAL,False,False,True
923094,Catterick,2026-07-15T16:40:00,Gwen Tennyson,8547318,Gemma Tutty,0.071297,8,False,True,2,True,CHAMPION_INTENT_SHADOW,"INTENT_ADDS_SIGNAL (2025 unseen holdout, 4/4 promotion gates passed)",ARCHIVE_CONTEXT_ONLY_NOT_SCORING,False,SHADOW_INTENT_SIGNAL,False,False,True
923094,Catterick,2026-07-15T16:40:00,Albegone,3454843,Tim Easterby,0.06553,9,False,True,5,True,CHAMPION_INTENT_SHADOW,"INTENT_ADDS_SIGNAL (2025 unseen holdout, 4/4 promotion gates passed)",ARCHIVE_CONTEXT_ONLY_NOT_SCORING,False,SHADOW_INTENT_SIGNAL,False,False,True
922989,Uttoxeter,2026-07-15T16:48:00,Hello Cello,5725087,Harry Fry,0.145345,1,True,False,0,True,CHAMPION_INTENT_SHADOW,"INTENT_ADDS_SIGNAL (2025 unseen holdout, 4/4 promotion gates passed)",ARCHIVE_CONTEXT_ONLY_NOT_SCORING,False,SHADOW_INTENT_SIGNAL,False,False,True
922989,Uttoxeter,2026-07-15T16:48:00,Kayla's Friend,7238200,Olly Murphy,0.131832,2,False,False,0,True,CHAMPION_INTENT_SHADOW,"INTENT_ADDS_SIGNAL (2025 unseen holdout, 4/4 promotion gates passed)",ARCHIVE_CONTEXT_ONLY_NOT_SCORING,False,SHADOW_INTENT_SIGNAL,False,False,True
922989,Uttoxeter,2026-07-15T16:48:00,Camshaft,8607161,Jonjo & A J O'Neill,0.120455,3,False,False,0,True,CHAMPION_INTENT_SHADOW,"INTENT_ADDS_SIGNAL (2025 unseen holdout, 4/4 promotion gates passed)",ARCHIVE_CONTEXT_ONLY_NOT_SCORING,False,SHADOW_INTENT_SIGNAL,False,False,True
922989,Uttoxeter,2026-07-15T16:48:00,Blackwater Lilly,6130360,Neil King,0.108984,4,False,True,5,True,CHAMPION_INTENT_SHADOW,"INTENT_ADDS_SIGNAL (2025 unseen holdout, 4/4 promotion gates passed)",ARCHIVE_CONTEXT_ONLY_NOT_SCORING,False,SHADOW_INTENT_SIGNAL,False,False,True
922989,Uttoxeter,2026-07-15T16:48:00,Athena's Dream,8366581,Harriet Dickin,0.103327,5,False,True,8,True,CHAMPION_INTENT_SHADOW,"INTENT_ADDS_SIGNAL (2025 unseen holdout, 4/4 promotion gates passed)",ARCHIVE_CONTEXT_ONLY_NOT_SCORING,False,SHADOW_INTENT_SIGNAL,False,False,True
922989,Uttoxeter,2026-07-15T16:48:00,Grey Gamble,8299917,Emma Lavelle,0.098142,6,False,False,0,True,CHAMPION_INTENT_SHADOW,"INTENT_ADDS_SIGNAL (2025 unseen holdout, 4/4 promotion gates passed)",ARCHIVE_CONTEXT_ONLY_NOT_SCORING,False,SHADOW_INTENT_SIGNAL,False,False,True
922989,Uttoxeter,2026-07-15T16:48:00,Belladinotte,5809878,Sara Ender,0.076677,7,False,True,5,True,CHAMPION_INTENT_SHADOW,"INTENT_ADDS_SIGNAL (2025 unseen holdout, 4/4 promotion gates passed)",ARCHIVE_CONTEXT_ONLY_NOT_SCORING,False,SHADOW_INTENT_SIGNAL,False,False,True
922989,Uttoxeter,2026-07-15T16:48:00,Faerie Cutlass,4669053,Kim Bailey & Mat Nicholls,0.057908,8,False,False,0,True,CHAMPION_INTENT_SHADOW,"INTENT_ADDS_SIGNAL (2025 unseen holdout, 4/4 promotion gates passed)",ARCHIVE_CONTEXT_ONLY_NOT_SCORING,False,SHADOW_INTENT_SIGNAL,False,False,True
922989,Uttoxeter,2026-07-15T16:48:00,Theirshegoes,4795997,Sandy Thomson,0.056318,9,False,False,0,True,CHAMPION_INTENT_SHADOW,"INTENT_ADDS_SIGNAL (2025 unseen holdout, 4/4 promotion gates passed)",ARCHIVE_CONTEXT_ONLY_NOT_SCORING,False,SHADOW_INTENT_SIGNAL,False,False,True
922989,Uttoxeter,2026-07-15T16:48:00,Global Hideaway,6710691,Christian Williams,0.026123,10,False,True,4,True,CHAMPION_INTENT_SHADOW,"INTENT_ADDS_SIGNAL (2025 unseen holdout, 4/4 promotion gates passed)",ARCHIVE_CONTEXT_ONLY_NOT_SCORING,False,SHADOW_INTENT_SIGNAL,False,False,True
923104,Yarmouth,2026-07-15T17:00:00,Adalida,7578900,Stuart Williams,0.30003,1,True,True,5,True,CHAMPION_INTENT_SHADOW,"INTENT_ADDS_SIGNAL (2025 unseen holdout, 4/4 promotion gates passed)",ARCHIVE_CONTEXT_ONLY_NOT_SCORING,False,SHADOW_INTENT_SIGNAL,False,False,True
923104,Yarmouth,2026-07-15T17:00:00,Ambishio,7020241,Michael Appleby,0.223156,2,False,True,5,True,CHAMPION_INTENT_SHADOW,"INTENT_ADDS_SIGNAL (2025 unseen holdout, 4/4 promotion gates passed)",ARCHIVE_CONTEXT_ONLY_NOT_SCORING,False,SHADOW_INTENT_SIGNAL,False,False,True
923104,Yarmouth,2026-07-15T17:00:00,London Is Blue,7020143,Robert Cowell,0.188816,3,False,False,0,True,CHAMPION_INTENT_SHADOW,"INTENT_ADDS_SIGNAL (2025 unseen holdout, 4/4 promotion gates passed)",ARCHIVE_CONTEXT_ONLY_NOT_SCORING,False,SHADOW_INTENT_SIGNAL,False,False,True
923104,Yarmouth,2026-07-15T17:00:00,Victor Cee,7592690,Phil McEntee,0.174747,4,False,True,5,True,CHAMPION_INTENT_SHADOW,"INTENT_ADDS_SIGNAL (2025 unseen holdout, 4/4 promotion gates passed)",ARCHIVE_CONTEXT_ONLY_NOT_SCORING,False,SHADOW_INTENT_SIGNAL,False,False,True
923088,Bath,2026-07-15T17:05:00,Mbappe,5085220,Mark Loughnane,0.161213,1,True,True,0,True,CHAMPION_INTENT_SHADOW,"INTENT_ADDS_SIGNAL (2025 unseen holdout, 4/4 promotion gates passed)",ARCHIVE_CONTEXT_ONLY_NOT_SCORING,False,SHADOW_INTENT_SIGNAL,False,False,True
923088,Bath,2026-07-15T17:05:00,Thai Princess,8949367,Andrew Balding,0.144514,2,False,False,0,True,CHAMPION_INTENT_SHADOW,"INTENT_ADDS_SIGNAL (2025 unseen holdout, 4/4 promotion gates passed)",ARCHIVE_CONTEXT_ONLY_NOT_SCORING,False,SHADOW_INTENT_SIGNAL,False,False,True
923088,Bath,2026-07-15T17:05:00,Havana Club,6092554,Adrian Wintle,0.12516,3,False,False,0,True,CHAMPION_INTENT_SHADOW,"INTENT_ADDS_SIGNAL (2025 unseen holdout, 4/4 promotion gates passed)",ARCHIVE_CONTEXT_ONLY_NOT_SCORING,False,SHADOW_INTENT_SIGNAL,False,False,True
923088,Bath,2026-07-15T17:05:00,Blue Hero,3097957,Adrian Wintle,0.101755,4,False,True,5,True,CHAMPION_INTENT_SHADOW,"INTENT_ADDS_SIGNAL (2025 unseen holdout, 4/4 promotion gates passed)",ARCHIVE_CONTEXT_ONLY_NOT_SCORING,False,SHADOW_INTENT_SIGNAL,False,False,True
923088,Bath,2026-07-15T17:05:00,Whisper Of Mist,8660980,Tony Newcombe,0.099125,5,False,False,0,True,CHAMPION_INTENT_SHADOW,"INTENT_ADDS_SIGNAL (2025 unseen holdout, 4/4 promotion gates passed)",ARCHIVE_CONTEXT_ONLY_NOT_SCORING,False,SHADOW_INTENT_SIGNAL,False,False,True
923088,Bath,2026-07-15T17:05:00,Rival,3122422,John & Rhys Flint,0.096353,6,False,True,5,True,CHAMPION_INTENT_SHADOW,"INTENT_ADDS_SIGNAL (2025 unseen holdout, 4/4 promotion gates passed)",ARCHIVE_CONTEXT_ONLY_NOT_SCORING,False,SHADOW_INTENT_SIGNAL,False,False,True
923088,Bath,2026-07-15T17:05:00,Weston Court,5109646,Ronald Harris,0.079858,7,False,True,5,True,CHAMPION_INTENT_SHADOW,"INTENT_ADDS_SIGNAL (2025 unseen holdout, 4/4 promotion gates passed)",ARCHIVE_CONTEXT_ONLY_NOT_SCORING,False,SHADOW_INTENT_SIGNAL,False,False,True
923098,Lingfield,2026-07-15T17:20:00,Golden Orbit,8174731,Ralph Beckett,0.414782,1,True,True,2,True,CHAMPION_INTENT_SHADOW,"INTENT_ADDS_SIGNAL (2025 unseen holdout, 4/4 promotion gates passed)",ARCHIVE_CONTEXT_ONLY_NOT_SCORING,False,SHADOW_INTENT_SIGNAL,False,False,True
923098,Lingfield,2026-07-15T17:20:00,Probation,8858093,Kevin Philippart De Foy,0.20952,2,False,True,2,True,CHAMPION_INTENT_SHADOW,"INTENT_ADDS_SIGNAL (2025 unseen holdout, 4/4 promotion gates passed)",ARCHIVE_CONTEXT_ONLY_NOT_SCORING,False,SHADOW_INTENT_SIGNAL,False,False,True
923098,Lingfield,2026-07-15T17:20:00,Rajendra,8062547,David Simcock,0.197768,3,False,True,3,True,CHAMPION_INTENT_SHADOW,"INTENT_ADDS_SIGNAL (2025 unseen holdout, 4/4 promotion gates passed)",ARCHIVE_CONTEXT_ONLY_NOT_SCORING,False,SHADOW_INTENT_SIGNAL,False,False,True
922991,Uttoxeter,2026-07-15T17:25:00,Redbarn,8455192,Dan Skelton,0.090124,1,True,True,0,True,CHAMPION_INTENT_SHADOW,"INTENT_ADDS_SIGNAL (2025 unseen holdout, 4/4 promotion gates passed)",ARCHIVE_CONTEXT_ONLY_NOT_SCORING,False,SHADOW_INTENT_SIGNAL,False,False,True
922991,Uttoxeter,2026-07-15T17:25:00,Emerald West,8079904,Dom Elsworth & Ryan Hatch,0.090124,2,False,True,0,True,CHAMPION_INTENT_SHADOW,"INTENT_ADDS_SIGNAL (2025 unseen holdout, 4/4 promotion gates passed)",ARCHIVE_CONTEXT_ONLY_NOT_SCORING,False,SHADOW_INTENT_SIGNAL,False,False,True
922991,Uttoxeter,2026-07-15T17:25:00,Stand Proud,9485660,Don Cantillon,0.089657,3,False,False,0,True,CHAMPION_INTENT_SHADOW,"INTENT_ADDS_SIGNAL (2025 unseen holdout, 4/4 promotion gates passed)",ARCHIVE_CONTEXT_ONLY_NOT_SCORING,False,SHADOW_INTENT_SIGNAL,False,False,True
922991,Uttoxeter,2026-07-15T17:25:00,Downtown Nashville,8844451,Olly Murphy,0.089657,4,False,False,0,True,CHAMPION_INTENT_SHADOW,"INTENT_ADDS_SIGNAL (2025 unseen holdout, 4/4 promotion gates passed)",ARCHIVE_CONTEXT_ONLY_NOT_SCORING,False,SHADOW_INTENT_SIGNAL,False,False,True
922991,Uttoxeter,2026-07-15T17:25:00,The Elusive Pike,9522210,Jamie Snowden,0.089657,5,False,False,0,True,CHAMPION_INTENT_SHADOW,"INTENT_ADDS_SIGNAL (2025 unseen holdout, 4/4 promotion gates passed)",ARCHIVE_CONTEXT_ONLY_NOT_SCORING,False,SHADOW_INTENT_SIGNAL,False,False,True
922991,Uttoxeter,2026-07-15T17:25:00,Talladale,9531397,Tom Lacey,0.089657,6,False,False,0,True,CHAMPION_INTENT_SHADOW,"INTENT_ADDS_SIGNAL (2025 unseen holdout, 4/4 promotion gates passed)",ARCHIVE_CONTEXT_ONLY_NOT_SCORING,False,SHADOW_INTENT_SIGNAL,False,False,True
922991,Uttoxeter,2026-07-15T17:25:00,On The Fly,9276872,Jim & Suzi Best,0.089657,7,False,False,0,True,CHAMPION_INTENT_SHADOW,"INTENT_ADDS_SIGNAL (2025 unseen holdout, 4/4 promotion gates passed)",ARCHIVE_CONTEXT_ONLY_NOT_SCORING,False,SHADOW_INTENT_SIGNAL,False,False,True
922991,Uttoxeter,2026-07-15T17:25:00,Christine's Star,9051050,Michael Mullineaux,0.089657,8,False,False,0,True,CHAMPION_INTENT_SHADOW,"INTENT_ADDS_SIGNAL (2025 unseen holdout, 4/4 promotion gates passed)",ARCHIVE_CONTEXT_ONLY_NOT_SCORING,False,SHADOW_INTENT_SIGNAL,False,False,True
922991,Uttoxeter,2026-07-15T17:25:00,Ifyouhaveaplan,9051007,Louise Allan,0.085769,9,False,False,0,True,CHAMPION_INTENT_SHADOW,"INTENT_ADDS_SIGNAL (2025 unseen holdout, 4/4 promotion gates passed)",ARCHIVE_CONTEXT_ONLY_NOT_SCORING,False,SHADOW_INTENT_SIGNAL,False,False,True
922991,Uttoxeter,2026-07-15T17:25:00,Dreaming Of The Dr,8214910,Dr Richard Newland & Jamie Insole,0.082781,10,False,False,0,True,CHAMPION_INTENT_SHADOW,"INTENT_ADDS_SIGNAL (2025 unseen holdout, 4/4 promotion gates passed)",ARCHIVE_CONTEXT_ONLY_NOT_SCORING,False,SHADOW_INTENT_SIGNAL,False,False,True
922991,Uttoxeter,2026-07-15T17:25:00,Pearl Cove,9364279,Shaun Lycett,0.082781,11,False,False,0,True,CHAMPION_INTENT_SHADOW,"INTENT_ADDS_SIGNAL (2025 unseen holdout, 4/4 promotion gates passed)",ARCHIVE_CONTEXT_ONLY_NOT_SCORING,False,SHADOW_INTENT_SIGNAL,False,False,True
924611,Killarney,2026-07-15T17:30:00,Land Of The Giants,6465137,Adrian McGuinness,0.100033,1,True,True,5,True,CHAMPION_INTENT_SHADOW,"INTENT_ADDS_SIGNAL (2025 unseen holdout, 4/4 promotion gates passed)",ARCHIVE_CONTEXT_ONLY_NOT_SCORING,False,SHADOW_INTENT_SIGNAL,False,False,True
924611,Killarney,2026-07-15T17:30:00,Aurora Mist,7530040,Andrew Slattery,0.090492,2,False,True,9,True,CHAMPION_INTENT_SHADOW,"INTENT_ADDS_SIGNAL (2025 unseen holdout, 4/4 promotion gates passed)",ARCHIVE_CONTEXT_ONLY_NOT_SCORING,False,SHADOW_INTENT_SIGNAL,False,False,True
924611,Killarney,2026-07-15T17:30:00,Glamazon,7503729,Mrs John Harrington,0.081393,3,False,True,5,True,CHAMPION_INTENT_SHADOW,"INTENT_ADDS_SIGNAL (2025 unseen holdout, 4/4 promotion gates passed)",ARCHIVE_CONTEXT_ONLY_NOT_SCORING,False,SHADOW_INTENT_SIGNAL,False,False,True
924611,Killarney,2026-07-15T17:30:00,Hazrama,7996922,D K Weld,0.070132,4,False,False,0,True,CHAMPION_INTENT_SHADOW,"INTENT_ADDS_SIGNAL (2025 unseen holdout, 4/4 promotion gates passed)",ARCHIVE_CONTEXT_ONLY_NOT_SCORING,False,SHADOW_INTENT_SIGNAL,False,False,True
924611,Killarney,2026-07-15T17:30:00,Love Orchid,7708576,Noel Meade,0.069811,5,False,True,5,True,CHAMPION_INTENT_SHADOW,"INTENT_ADDS_SIGNAL (2025 unseen holdout, 4/4 promotion gates passed)",ARCHIVE_CONTEXT_ONLY_NOT_SCORING,False,SHADOW_INTENT_SIGNAL,False,False,True
924611,Killarney,2026-07-15T17:30:00,Seti One,7691585,Denis Gerard Hogan,0.068436,6,False,False,0,True,CHAMPION_INTENT_SHADOW,"INTENT_ADDS_SIGNAL (2025 unseen holdout, 4/4 promotion gates passed)",ARCHIVE_CONTEXT_ONLY_NOT_SCORING,False,SHADOW_INTENT_SIGNAL,False,False,True
924611,Killarney,2026-07-15T17:30:00,Magna Kotcha,8973304,Noel Meade,0.065007,7,False,False,0,True,CHAMPION_INTENT_SHADOW,"INTENT_ADDS_SIGNAL (2025 unseen holdout, 4/4 promotion gates passed)",ARCHIVE_CONTEXT_ONLY_NOT_SCORING,False,SHADOW_INTENT_SIGNAL,False,False,True
924611,Killarney,2026-07-15T17:30:00,Go Out,7183158,Daniel James Murphy,0.059474,8,False,False,0,True,CHAMPION_INTENT_SHADOW,"INTENT_ADDS_SIGNAL (2025 unseen holdout, 4/4 promotion gates passed)",ARCHIVE_CONTEXT_ONLY_NOT_SCORING,False,SHADOW_INTENT_SIGNAL,False,False,True
924611,Killarney,2026-07-15T17:30:00,Timandi,6487590,James M Barrett,0.056147,9,False,True,5,True,CHAMPION_INTENT_SHADOW,"INTENT_ADDS_SIGNAL (2025 unseen holdout, 4/4 promotion gates passed)",ARCHIVE_CONTEXT_ONLY_NOT_SCORING,False,SHADOW_INTENT_SIGNAL,False,False,True
924611,Killarney,2026-07-15T17:30:00,Cosmic Funk,9125046,G M Lyons,0.052797,10,False,True,4,True,CHAMPION_INTENT_SHADOW,"INTENT_ADDS_SIGNAL (2025 unseen holdout, 4/4 promotion gates passed)",ARCHIVE_CONTEXT_ONLY_NOT_SCORING,False,SHADOW_INTENT_SIGNAL,False,False,True
924611,Killarney,2026-07-15T17:30:00,Minaun View,6528841,Adrian McGuinness,0.051277,11,False,True,5,True,CHAMPION_INTENT_SHADOW,"INTENT_ADDS_SIGNAL (2025 unseen holdout, 4/4 promotion gates passed)",ARCHIVE_CONTEXT_ONLY_NOT_SCORING,False,SHADOW_INTENT_SIGNAL,False,False,True
924611,Killarney,2026-07-15T17:30:00,Usuario Amigo,5829362,Richard John O'Brien,0.048771,12,False,True,5,True,CHAMPION_INTENT_SHADOW,"INTENT_ADDS_SIGNAL (2025 unseen holdout, 4/4 promotion gates passed)",ARCHIVE_CONTEXT_ONLY_NOT_SCORING,False,SHADOW_INTENT_SIGNAL,False,False,True
924611,Killarney,2026-07-15T17:30:00,Darkdeserthighway,3315564,M D O'Callaghan,0.04227,13,False,False,0,True,CHAMPION_INTENT_SHADOW,"INTENT_ADDS_SIGNAL (2025 unseen holdout, 4/4 promotion gates passed)",ARCHIVE_CONTEXT_ONLY_NOT_SCORING,False,SHADOW_INTENT_SIGNAL,False,False,True
924611,Killarney,2026-07-15T17:30:00,Elman,7324750,Denis Gerard Hogan,0.02927,14,False,True,8,True,CHAMPION_INTENT_SHADOW,"INTENT_ADDS_SIGNAL (2025 unseen holdout, 4/4 promotion gates passed)",ARCHIVE_CONTEXT_ONLY_NOT_SCORING,False,SHADOW_INTENT_SIGNAL,False,False,True
923105,Yarmouth,2026-07-15T17:35:00,Rogue Exile,9531400,James Owen,0.161422,1,True,False,0,True,CHAMPION_INTENT_SHADOW,"INTENT_ADDS_SIGNAL (2025 unseen holdout, 4/4 promotion gates passed)",ARCHIVE_CONTEXT_ONLY_NOT_SCORING,False,SHADOW_INTENT_SIGNAL,False,False,True
923105,Yarmouth,2026-07-15T17:35:00,Sterling Fortune,9189368,James Tate,0.158747,2,False,False,0,True,CHAMPION_INTENT_SHADOW,"INTENT_ADDS_SIGNAL (2025 unseen holdout, 4/4 promotion gates passed)",ARCHIVE_CONTEXT_ONLY_NOT_SCORING,False,SHADOW_INTENT_SIGNAL,False,False,True
923105,Yarmouth,2026-07-15T17:35:00,Spareapenny,9531398,Patrick Owens,0.158394,3,False,False,0,True,CHAMPION_INTENT_SHADOW,"INTENT_ADDS_SIGNAL (2025 unseen holdout, 4/4 promotion gates passed)",ARCHIVE_CONTEXT_ONLY_NOT_SCORING,False,SHADOW_INTENT_SIGNAL,False,False,True
923105,Yarmouth,2026-07-15T17:35:00,Starship Lily,7020490,George Scott,0.156666,4,False,False,0,True,CHAMPION_INTENT_SHADOW,"INTENT_ADDS_SIGNAL (2025 unseen holdout, 4/4 promotion gates passed)",ARCHIVE_CONTEXT_ONLY_NOT_SCORING,False,SHADOW_INTENT_SIGNAL,False,False,True
923105,Yarmouth,2026-07-15T17:35:00,Splash,7957267,Dean Ivory,0.108725,5,False,True,4,True,CHAMPION_INTENT_SHADOW,"INTENT_ADDS_SIGNAL (2025 unseen holdout, 4/4 promotion gates passed)",ARCHIVE_CONTEXT_ONLY_NOT_SCORING,False,SHADOW_INTENT_SIGNAL,False,False,True
923097,Lingfield,2026-07-15T17:50:00,Brunhilde,9254381,George Boughey,0.330959,1,True,True,3,True,CHAMPION_INTENT_SHADOW,"INTENT_ADDS_SIGNAL (2025 unseen holdout, 4/4 promotion gates passed)",ARCHIVE_CONTEXT_ONLY_NOT_SCORING,False,SHADOW_INTENT_SIGNAL,False,False,True
923097,Lingfield,2026-07-15T17:50:00,Battle Hymn,8530102,David Simcock,0.19204,2,False,False,0,True,CHAMPION_INTENT_SHADOW,"INTENT_ADDS_SIGNAL (2025 unseen holdout, 4/4 promotion gates passed)",ARCHIVE_CONTEXT_ONLY_NOT_SCORING,False,SHADOW_INTENT_SIGNAL,False,False,True
923097,Lingfield,2026-07-15T17:50:00,Lunella,9208607,Ollie Sangster,0.191785,3,False,False,0,True,CHAMPION_INTENT_SHADOW,"INTENT_ADDS_SIGNAL (2025 unseen holdout, 4/4 promotion gates passed)",ARCHIVE_CONTEXT_ONLY_NOT_SCORING,False,SHADOW_INTENT_SIGNAL,False,False,True
923097,Lingfield,2026-07-15T17:50:00,Silk Mountain,7753411,Jim & Suzi Best,0.155922,4,False,True,3,True,CHAMPION_INTENT_SHADOW,"INTENT_ADDS_SIGNAL (2025 unseen holdout, 4/4 promotion gates passed)",ARCHIVE_CONTEXT_ONLY_NOT_SCORING,False,SHADOW_INTENT_SIGNAL,False,False,True
924612,Killarney,2026-07-15T18:00:00,South Dakota,9286477,A P O'Brien,0.199369,1,True,True,1,True,CHAMPION_INTENT_SHADOW,"INTENT_ADDS_SIGNAL (2025 unseen holdout, 4/4 promotion gates passed)",ARCHIVE_CONTEXT_ONLY_NOT_SCORING,False,SHADOW_INTENT_SIGNAL,False,False,True
924612,Killarney,2026-07-15T18:00:00,Full Volume,9409938,Mrs John Harrington,0.159993,2,False,False,0,True,CHAMPION_INTENT_SHADOW,"INTENT_ADDS_SIGNAL (2025 unseen holdout, 4/4 promotion gates passed)",ARCHIVE_CONTEXT_ONLY_NOT_SCORING,False,SHADOW_INTENT_SIGNAL,False,False,True
924612,Killarney,2026-07-15T18:00:00,Venetian Power,9424753,Joseph Patrick O'Brien,0.159062,3,False,False,0,True,CHAMPION_INTENT_SHADOW,"INTENT_ADDS_SIGNAL (2025 unseen holdout, 4/4 promotion gates passed)",ARCHIVE_CONTEXT_ONLY_NOT_SCORING,False,SHADOW_INTENT_SIGNAL,False,False,True
924612,Killarney,2026-07-15T18:00:00,Dakota Jack,9392236,Paul W Flynn,0.158714,4,False,False,0,True,CHAMPION_INTENT_SHADOW,"INTENT_ADDS_SIGNAL (2025 unseen holdout, 4/4 promotion gates passed)",ARCHIVE_CONTEXT_ONLY_NOT_SCORING,False,SHADOW_INTENT_SIGNAL,False,False,True
924612,Killarney,2026-07-15T18:00:00,Pints Of Glory,9424770,G M Lyons,0.15777,5,False,False,0,True,CHAMPION_INTENT_SHADOW,"INTENT_ADDS_SIGNAL (2025 unseen holdout, 4/4 promotion gates passed)",ARCHIVE_CONTEXT_ONLY_NOT_SCORING,False,SHADOW_INTENT_SIGNAL,False,False,True
923103,Yarmouth,2026-07-15T18:10:00,Kochella,9300266,Henry Dwyer,0.143488,1,True,True,0,True,CHAMPION_INTENT_SHADOW,"INTENT_ADDS_SIGNAL (2025 unseen holdout, 4/4 promotion gates passed)",ARCHIVE_CONTEXT_ONLY_NOT_SCORING,False,SHADOW_INTENT_SIGNAL,False,False,True
923103,Yarmouth,2026-07-15T18:10:00,Anchiano,9222312,George Scott,0.141691,2,False,False,0,True,CHAMPION_INTENT_SHADOW,"INTENT_ADDS_SIGNAL (2025 unseen holdout, 4/4 promotion gates passed)",ARCHIVE_CONTEXT_ONLY_NOT_SCORING,False,SHADOW_INTENT_SIGNAL,False,False,True
923103,Yarmouth,2026-07-15T18:10:00,War Gaming,9424934,George Scott,0.141248,3,False,False,0,True,CHAMPION_INTENT_SHADOW,"INTENT_ADDS_SIGNAL (2025 unseen holdout, 4/4 promotion gates passed)",ARCHIVE_CONTEXT_ONLY_NOT_SCORING,False,SHADOW_INTENT_SIGNAL,False,False,True
923103,Yarmouth,2026-07-15T18:10:00,Horndean,9419792,Adam Kirby,0.141248,4,False,False,0,True,CHAMPION_INTENT_SHADOW,"INTENT_ADDS_SIGNAL (2025 unseen holdout, 4/4 promotion gates passed)",ARCHIVE_CONTEXT_ONLY_NOT_SCORING,False,SHADOW_INTENT_SIGNAL,False,False,True
923103,Yarmouth,2026-07-15T18:10:00,Henley On Thames,9326750,Kevin Philippart De Foy,0.13956,5,False,False,0,True,CHAMPION_INTENT_SHADOW,"INTENT_ADDS_SIGNAL (2025 unseen holdout, 4/4 promotion gates passed)",ARCHIVE_CONTEXT_ONLY_NOT_SCORING,False,SHADOW_INTENT_SIGNAL,False,False,True
923103,Yarmouth,2026-07-15T18:10:00,Bolt Of Blue,9522215,Ed Dunlop,0.13956,6,False,False,0,True,CHAMPION_INTENT_SHADOW,"INTENT_ADDS_SIGNAL (2025 unseen holdout, 4/4 promotion gates passed)",ARCHIVE_CONTEXT_ONLY_NOT_SCORING,False,SHADOW_INTENT_SIGNAL,False,False,True
923099,Lingfield,2026-07-15T18:20:00,Fire Thunder,9208608,Marco Botti,0.147397,1,True,True,2,True,CHAMPION_INTENT_SHADOW,"INTENT_ADDS_SIGNAL (2025 unseen holdout, 4/4 promotion gates passed)",ARCHIVE_CONTEXT_ONLY_NOT_SCORING,False,SHADOW_INTENT_SIGNAL,False,False,True
923099,Lingfield,2026-07-15T18:20:00,Mrs Mole,9350213,Steph Hollinshead,0.12309,2,False,False,0,True,CHAMPION_INTENT_SHADOW,"INTENT_ADDS_SIGNAL (2025 unseen holdout, 4/4 promotion gates passed)",ARCHIVE_CONTEXT_ONLY_NOT_SCORING,False,SHADOW_INTENT_SIGNAL,False,False,True
923099,Lingfield,2026-07-15T18:20:00,Mystic Ballistic,9531391,Hilal Kobeissi,0.12309,3,False,False,0,True,CHAMPION_INTENT_SHADOW,"INTENT_ADDS_SIGNAL (2025 unseen holdout, 4/4 promotion gates passed)",ARCHIVE_CONTEXT_ONLY_NOT_SCORING,False,SHADOW_INTENT_SIGNAL,False,False,True
923099,Lingfield,2026-07-15T18:20:00,Nightspell,9331766,Ross Burdon,0.122681,4,False,False,0,True,CHAMPION_INTENT_SHADOW,"INTENT_ADDS_SIGNAL (2025 unseen holdout, 4/4 promotion gates passed)",ARCHIVE_CONTEXT_ONLY_NOT_SCORING,False,SHADOW_INTENT_SIGNAL,False,False,True
923099,Lingfield,2026-07-15T18:20:00,Palm Breeze,9503908,David Loughnane,0.12103,5,False,False,0,True,CHAMPION_INTENT_SHADOW,"INTENT_ADDS_SIGNAL (2025 unseen holdout, 4/4 promotion gates passed)",ARCHIVE_CONTEXT_ONLY_NOT_SCORING,False,SHADOW_INTENT_SIGNAL,False,False,True
923099,Lingfield,2026-07-15T18:20:00,Langdale Lass,9531393,David Simcock,0.121009,6,False,False,0,True,CHAMPION_INTENT_SHADOW,"INTENT_ADDS_SIGNAL (2025 unseen holdout, 4/4 promotion gates passed)",ARCHIVE_CONTEXT_ONLY_NOT_SCORING,False,SHADOW_INTENT_SIGNAL,False,False,True
923099,Lingfield,2026-07-15T18:20:00,Deja Vu Diva,9227251,Clare Hobson,0.030494,7,False,True,1,True,CHAMPION_INTENT_SHADOW,"INTENT_ADDS_SIGNAL (2025 unseen holdout, 4/4 promotion gates passed)",ARCHIVE_CONTEXT_ONLY_NOT_SCORING,False,SHADOW_INTENT_SIGNAL,False,False,True
924613,Killarney,2026-07-15T18:30:00,Cello Sonata,8205591,M D O'Callaghan,0.107291,1,True,True,1,True,CHAMPION_INTENT_SHADOW,"INTENT_ADDS_SIGNAL (2025 unseen holdout, 4/4 promotion gates passed)",ARCHIVE_CONTEXT_ONLY_NOT_SCORING,False,SHADOW_INTENT_SIGNAL,False,False,True
924613,Killarney,2026-07-15T18:30:00,Elusive Path,9344916,G M Lyons,0.102624,2,False,True,0,True,CHAMPION_INTENT_SHADOW,"INTENT_ADDS_SIGNAL (2025 unseen holdout, 4/4 promotion gates passed)",ARCHIVE_CONTEXT_ONLY_NOT_SCORING,False,SHADOW_INTENT_SIGNAL,False,False,True
924613,Killarney,2026-07-15T18:30:00,Holy Lettuce,9531352,K J Condon,0.100165,3,False,False,0,True,CHAMPION_INTENT_SHADOW,"INTENT_ADDS_SIGNAL (2025 unseen holdout, 4/4 promotion gates passed)",ARCHIVE_CONTEXT_ONLY_NOT_SCORING,False,SHADOW_INTENT_SIGNAL,False,False,True
924613,Killarney,2026-07-15T18:30:00,Winston's Promise,9263927,Liam P Cusack,0.099843,4,False,False,0,True,CHAMPION_INTENT_SHADOW,"INTENT_ADDS_SIGNAL (2025 unseen holdout, 4/4 promotion gates passed)",ARCHIVE_CONTEXT_ONLY_NOT_SCORING,False,SHADOW_INTENT_SIGNAL,False,False,True
924613,Killarney,2026-07-15T18:30:00,Private Peaceful,9522183,E McNamara,0.099826,5,False,False,0,True,CHAMPION_INTENT_SHADOW,"INTENT_ADDS_SIGNAL (2025 unseen holdout, 4/4 promotion gates passed)",ARCHIVE_CONTEXT_ONLY_NOT_SCORING,False,SHADOW_INTENT_SIGNAL,False,False,True
924613,Killarney,2026-07-15T18:30:00,Strikewhileitshot,7856870,David Marnane,0.099504,6,False,False,0,True,CHAMPION_INTENT_SHADOW,"INTENT_ADDS_SIGNAL (2025 unseen holdout, 4/4 promotion gates passed)",ARCHIVE_CONTEXT_ONLY_NOT_SCORING,False,SHADOW_INTENT_SIGNAL,False,False,True
924613,Killarney,2026-07-15T18:30:00,Omissions,8245435,Eoin Griffin,0.098746,7,False,False,0,True,CHAMPION_INTENT_SHADOW,"INTENT_ADDS_SIGNAL (2025 unseen holdout, 4/4 promotion gates passed)",ARCHIVE_CONTEXT_ONLY_NOT_SCORING,False,SHADOW_INTENT_SIGNAL,False,False,True
924613,Killarney,2026-07-15T18:30:00,Pinoroyale,9322103,Gavin Cromwell,0.096951,8,False,True,0,True,CHAMPION_INTENT_SHADOW,"INTENT_ADDS_SIGNAL (2025 unseen holdout, 4/4 promotion gates passed)",ARCHIVE_CONTEXT_ONLY_NOT_SCORING,False,SHADOW_INTENT_SIGNAL,False,False,True
924613,Killarney,2026-07-15T18:30:00,Kalir,7935094,D K Weld,0.092213,9,False,False,0,True,CHAMPION_INTENT_SHADOW,"INTENT_ADDS_SIGNAL (2025 unseen holdout, 4/4 promotion gates passed)",ARCHIVE_CONTEXT_ONLY_NOT_SCORING,False,SHADOW_INTENT_SIGNAL,False,False,True
923102,Yarmouth,2026-07-15T18:40:00,Gorgeous Mr George,7134169,Dylan Cunha,0.227912,1,True,True,5,True,CHAMPION_INTENT_SHADOW,"INTENT_ADDS_SIGNAL (2025 unseen holdout, 4/4 promotion gates passed)",ARCHIVE_CONTEXT_ONLY_NOT_SCORING,False,SHADOW_INTENT_SIGNAL,False,False,True
923102,Yarmouth,2026-07-15T18:40:00,Sea Suite,7365386,James Owen,0.185378,2,False,True,5,True,CHAMPION_INTENT_SHADOW,"INTENT_ADDS_SIGNAL (2025 unseen holdout, 4/4 promotion gates passed)",ARCHIVE_CONTEXT_ONLY_NOT_SCORING,False,SHADOW_INTENT_SIGNAL,False,False,True
923102,Yarmouth,2026-07-15T18:40:00,Tryst,7900596,George Boughey,0.158291,3,False,False,0,True,CHAMPION_INTENT_SHADOW,"INTENT_ADDS_SIGNAL (2025 unseen holdout, 4/4 promotion gates passed)",ARCHIVE_CONTEXT_ONLY_NOT_SCORING,False,SHADOW_INTENT_SIGNAL,False,False,True
923102,Yarmouth,2026-07-15T18:40:00,Up The Agenda,7708613,Jack Morland,0.138954,4,False,False,0,True,CHAMPION_INTENT_SHADOW,"INTENT_ADDS_SIGNAL (2025 unseen holdout, 4/4 promotion gates passed)",ARCHIVE_CONTEXT_ONLY_NOT_SCORING,False,SHADOW_INTENT_SIGNAL,False,False,True
923102,Yarmouth,2026-07-15T18:40:00,Dion Baker,3886662,Michael Wigham,0.138565,5,False,True,5,True,CHAMPION_INTENT_SHADOW,"INTENT_ADDS_SIGNAL (2025 unseen holdout, 4/4 promotion gates passed)",ARCHIVE_CONTEXT_ONLY_NOT_SCORING,False,SHADOW_INTENT_SIGNAL,False,False,True
923102,Yarmouth,2026-07-15T18:40:00,Izzy Fast,8205610,Philip McBride,0.099802,6,False,False,0,True,CHAMPION_INTENT_SHADOW,"INTENT_ADDS_SIGNAL (2025 unseen holdout, 4/4 promotion gates passed)",ARCHIVE_CONTEXT_ONLY_NOT_SCORING,False,SHADOW_INTENT_SIGNAL,False,False,True
923100,Lingfield,2026-07-15T18:50:00,Jazz Queen,9092927,Hugo Palmer,0.314568,1,True,True,3,True,CHAMPION_INTENT_SHADOW,"INTENT_ADDS_SIGNAL (2025 unseen holdout, 4/4 promotion gates passed)",ARCHIVE_CONTEXT_ONLY_NOT_SCORING,False,SHADOW_INTENT_SIGNAL,False,False,True
923100,Lingfield,2026-07-15T18:50:00,Ron's Angel,9184996,John Butler,0.184055,2,False,True,0,True,CHAMPION_INTENT_SHADOW,"INTENT_ADDS_SIGNAL (2025 unseen holdout, 4/4 promotion gates passed)",ARCHIVE_CONTEXT_ONLY_NOT_SCORING,False,SHADOW_INTENT_SIGNAL,False,False,True
923100,Lingfield,2026-07-15T18:50:00,Knock Three Times,9212582,Jamie Osborne,0.157584,3,False,False,0,True,CHAMPION_INTENT_SHADOW,"INTENT_ADDS_SIGNAL (2025 unseen holdout, 4/4 promotion gates passed)",ARCHIVE_CONTEXT_ONLY_NOT_SCORING,False,SHADOW_INTENT_SIGNAL,False,False,True
923100,Lingfield,2026-07-15T18:50:00,Quantum Swift,9060389,Richard Hannon,0.157378,4,False,False,0,True,CHAMPION_INTENT_SHADOW,"INTENT_ADDS_SIGNAL (2025 unseen holdout, 4/4 promotion gates passed)",ARCHIVE_CONTEXT_ONLY_NOT_SCORING,False,SHADOW_INTENT_SIGNAL,False,False,True
923100,Lingfield,2026-07-15T18:50:00,Pageant Girl,9092906,James Owen,0.140316,5,False,False,0,True,CHAMPION_INTENT_SHADOW,"INTENT_ADDS_SIGNAL (2025 unseen holdout, 4/4 promotion gates passed)",ARCHIVE_CONTEXT_ONLY_NOT_SCORING,False,SHADOW_INTENT_SIGNAL,False,False,True
924614,Killarney,2026-07-15T19:00:00,Drop Dead Gorgeous,8187994,A P O'Brien,0.169983,1,True,True,3,True,CHAMPION_INTENT_SHADOW,"INTENT_ADDS_SIGNAL (2025 unseen holdout, 4/4 promotion gates passed)",ARCHIVE_CONTEXT_ONLY_NOT_SCORING,False,SHADOW_INTENT_SIGNAL,False,False,True
924614,Killarney,2026-07-15T19:00:00,Pivotal Attack,7780571,Joseph G Murphy,0.08899,2,False,True,5,True,CHAMPION_INTENT_SHADOW,"INTENT_ADDS_SIGNAL (2025 unseen holdout, 4/4 promotion gates passed)",ARCHIVE_CONTEXT_ONLY_NOT_SCORING,False,SHADOW_INTENT_SIGNAL,False,False,True
924614,Killarney,2026-07-15T19:00:00,Green Carrera,7204928,Joseph Patrick O'Brien,0.08687,3,False,False,0,True,CHAMPION_INTENT_SHADOW,"INTENT_ADDS_SIGNAL (2025 unseen holdout, 4/4 promotion gates passed)",ARCHIVE_CONTEXT_ONLY_NOT_SCORING,False,SHADOW_INTENT_SIGNAL,False,False,True
924614,Killarney,2026-07-15T19:00:00,Sky Watch,7588065,M D O'Callaghan,0.085019,4,False,False,0,True,CHAMPION_INTENT_SHADOW,"INTENT_ADDS_SIGNAL (2025 unseen holdout, 4/4 promotion gates passed)",ARCHIVE_CONTEXT_ONLY_NOT_SCORING,False,SHADOW_INTENT_SIGNAL,False,False,True
924614,Killarney,2026-07-15T19:00:00,Meriden,9009942,Denis Gerard Hogan,0.083318,5,False,True,4,True,CHAMPION_INTENT_SHADOW,"INTENT_ADDS_SIGNAL (2025 unseen holdout, 4/4 promotion gates passed)",ARCHIVE_CONTEXT_ONLY_NOT_SCORING,False,SHADOW_INTENT_SIGNAL,False,False,True
924614,Killarney,2026-07-15T19:00:00,Wild Bessie,8170211,Henry De Bromhead,0.067281,6,False,False,0,True,CHAMPION_INTENT_SHADOW,"INTENT_ADDS_SIGNAL (2025 unseen holdout, 4/4 promotion gates passed)",ARCHIVE_CONTEXT_ONLY_NOT_SCORING,False,SHADOW_INTENT_SIGNAL,False,False,True
924614,Killarney,2026-07-15T19:00:00,Quiet Mutiny,7677616,P Twomey,0.064937,7,False,False,0,True,CHAMPION_INTENT_SHADOW,"INTENT_ADDS_SIGNAL (2025 unseen holdout, 4/4 promotion gates passed)",ARCHIVE_CONTEXT_ONLY_NOT_SCORING,False,SHADOW_INTENT_SIGNAL,False,False,True
924614,Killarney,2026-07-15T19:00:00,Sinmara,8188002,Joseph Patrick O'Brien,0.057698,8,False,True,4,True,CHAMPION_INTENT_SHADOW,"INTENT_ADDS_SIGNAL (2025 unseen holdout, 4/4 promotion gates passed)",ARCHIVE_CONTEXT_ONLY_NOT_SCORING,False,SHADOW_INTENT_SIGNAL,False,False,True
924614,Killarney,2026-07-15T19:00:00,Spinning Around,7551793,Donnacha Aidan O'Brien,0.054672,9,False,False,0,True,CHAMPION_INTENT_SHADOW,"INTENT_ADDS_SIGNAL (2025 unseen holdout, 4/4 promotion gates passed)",ARCHIVE_CONTEXT_ONLY_NOT_SCORING,False,SHADOW_INTENT_SIGNAL,False,False,True
924614,Killarney,2026-07-15T19:00:00,Donna Time,8725538,C W J Farrell,0.026107,10,False,True,1,True,CHAMPION_INTENT_SHADOW,"INTENT_ADDS_SIGNAL (2025 unseen holdout, 4/4 promotion gates passed)",ARCHIVE_CONTEXT_ONLY_NOT_SCORING,False,SHADOW_INTENT_SIGNAL,False,False,True
923107,Yarmouth,2026-07-15T19:10:00,Highland Harvey,6974143,Gihan Arnolda,0.132866,1,True,True,5,True,CHAMPION_INTENT_SHADOW,"INTENT_ADDS_SIGNAL (2025 unseen holdout, 4/4 promotion gates passed)",ARCHIVE_CONTEXT_ONLY_NOT_SCORING,False,SHADOW_INTENT_SIGNAL,False,False,True
923107,Yarmouth,2026-07-15T19:10:00,Suitcase Smith,7708601,John Berry,0.131661,2,False,False,0,True,CHAMPION_INTENT_SHADOW,"INTENT_ADDS_SIGNAL (2025 unseen holdout, 4/4 promotion gates passed)",ARCHIVE_CONTEXT_ONLY_NOT_SCORING,False,SHADOW_INTENT_SIGNAL,False,False,True
923107,Yarmouth,2026-07-15T19:10:00,Spaceage Love Song,6193156,Michael Bell,0.128515,3,False,False,0,True,CHAMPION_INTENT_SHADOW,"INTENT_ADDS_SIGNAL (2025 unseen holdout, 4/4 promotion gates passed)",ARCHIVE_CONTEXT_ONLY_NOT_SCORING,False,SHADOW_INTENT_SIGNAL,False,False,True
923107,Yarmouth,2026-07-15T19:10:00,Ten Ten Twenty,3239204,D J Jeffreys,0.109626,4,False,False,0,True,CHAMPION_INTENT_SHADOW,"INTENT_ADDS_SIGNAL (2025 unseen holdout, 4/4 promotion gates passed)",ARCHIVE_CONTEXT_ONLY_NOT_SCORING,False,SHADOW_INTENT_SIGNAL,False,False,True
923107,Yarmouth,2026-07-15T19:10:00,Fletcher,7757827,Jim Boyle,0.061801,5,False,True,4,True,CHAMPION_INTENT_SHADOW,"INTENT_ADDS_SIGNAL (2025 unseen holdout, 4/4 promotion gates passed)",ARCHIVE_CONTEXT_ONLY_NOT_SCORING,False,SHADOW_INTENT_SIGNAL,False,False,True
923107,Yarmouth,2026-07-15T19:10:00,Duke Orsino,5845558,J R Jenkins,0.042787,6,False,True,5,True,CHAMPION_INTENT_SHADOW,"INTENT_ADDS_SIGNAL (2025 unseen holdout, 4/4 promotion gates passed)",ARCHIVE_CONTEXT_ONLY_NOT_SCORING,False,SHADOW_INTENT_SIGNAL,False,False,True
923107,Yarmouth,2026-07-15T19:10:00,Cormorant Rock,9222322,Jim Boyle,0.035771,7,False,True,2,True,CHAMPION_INTENT_SHADOW,"INTENT_ADDS_SIGNAL (2025 unseen holdout, 4/4 promotion gates passed)",ARCHIVE_CONTEXT_ONLY_NOT_SCORING,False,SHADOW_INTENT_SIGNAL,False,False,True
923096,Lingfield,2026-07-15T19:20:00,Desert Shadow,6952473,Saeed bin Suroor,0.270703,1,True,True,7,True,CHAMPION_INTENT_SHADOW,"INTENT_ADDS_SIGNAL (2025 unseen holdout, 4/4 promotion gates passed)",ARCHIVE_CONTEXT_ONLY_NOT_SCORING,False,SHADOW_INTENT_SIGNAL,False,False,True
923096,Lingfield,2026-07-15T19:20:00,Classic Encounter,5234275,George Boughey,0.212936,2,False,True,16,True,CHAMPION_INTENT_SHADOW,"INTENT_ADDS_SIGNAL (2025 unseen holdout, 4/4 promotion gates passed)",ARCHIVE_CONTEXT_ONLY_NOT_SCORING,False,SHADOW_INTENT_SIGNAL,False,False,True
923096,Lingfield,2026-07-15T19:20:00,Great Chieftain,5398613,Oliver Cole,0.21003,3,False,False,0,True,CHAMPION_INTENT_SHADOW,"INTENT_ADDS_SIGNAL (2025 unseen holdout, 4/4 promotion gates passed)",ARCHIVE_CONTEXT_ONLY_NOT_SCORING,False,SHADOW_INTENT_SIGNAL,False,False,True
923096,Lingfield,2026-07-15T19:20:00,Huscal,6193141,Charles Hills,0.203269,4,False,True,14,True,CHAMPION_INTENT_SHADOW,"INTENT_ADDS_SIGNAL (2025 unseen holdout, 4/4 promotion gates passed)",ARCHIVE_CONTEXT_ONLY_NOT_SCORING,False,SHADOW_INTENT_SIGNAL,False,False,True
924615,Killarney,2026-07-15T19:30:00,Jasmine Affanalis,6855105,David Marnane,0.10338,1,True,True,5,True,CHAMPION_INTENT_SHADOW,"INTENT_ADDS_SIGNAL (2025 unseen holdout, 4/4 promotion gates passed)",ARCHIVE_CONTEXT_ONLY_NOT_SCORING,False,SHADOW_INTENT_SIGNAL,False,False,True
924615,Killarney,2026-07-15T19:30:00,Bella Colombia,5248354,W McCreery,0.085194,2,False,True,5,True,CHAMPION_INTENT_SHADOW,"INTENT_ADDS_SIGNAL (2025 unseen holdout, 4/4 promotion gates passed)",ARCHIVE_CONTEXT_ONLY_NOT_SCORING,False,SHADOW_INTENT_SIGNAL,False,False,True
924615,Killarney,2026-07-15T19:30:00,Convincing,6102194,Ciaran Murphy,0.070806,3,False,False,0,True,CHAMPION_INTENT_SHADOW,"INTENT_ADDS_SIGNAL (2025 unseen holdout, 4/4 promotion gates passed)",ARCHIVE_CONTEXT_ONLY_NOT_SCORING,False,SHADOW_INTENT_SIGNAL,False,False,True
924615,Killarney,2026-07-15T19:30:00,Medieval Night,6202590,Denis Gerard Hogan,0.068599,4,False,True,0,True,CHAMPION_INTENT_SHADOW,"INTENT_ADDS_SIGNAL (2025 unseen holdout, 4/4 promotion gates passed)",ARCHIVE_CONTEXT_ONLY_NOT_SCORING,False,SHADOW_INTENT_SIGNAL,False,False,True
924615,Killarney,2026-07-15T19:30:00,Tortola,6238193,Eoin Griffin,0.066999,5,False,False,0,True,CHAMPION_INTENT_SHADOW,"INTENT_ADDS_SIGNAL (2025 unseen holdout, 4/4 promotion gates passed)",ARCHIVE_CONTEXT_ONLY_NOT_SCORING,False,SHADOW_INTENT_SIGNAL,False,False,True
924615,Killarney,2026-07-15T19:30:00,Pete's Dream,7525333,Andrew Slattery,0.065744,6,False,False,0,True,CHAMPION_INTENT_SHADOW,"INTENT_ADDS_SIGNAL (2025 unseen holdout, 4/4 promotion gates passed)",ARCHIVE_CONTEXT_ONLY_NOT_SCORING,False,SHADOW_INTENT_SIGNAL,False,False,True
924615,Killarney,2026-07-15T19:30:00,James Henry,4272378,Eoin Christopher McCarthy,0.063072,7,False,True,5,True,CHAMPION_INTENT_SHADOW,"INTENT_ADDS_SIGNAL (2025 unseen holdout, 4/4 promotion gates passed)",ARCHIVE_CONTEXT_ONLY_NOT_SCORING,False,SHADOW_INTENT_SIGNAL,False,False,True
924615,Killarney,2026-07-15T19:30:00,Shahada Ace,7365401,Andrew Slattery,0.062089,8,False,False,0,True,CHAMPION_INTENT_SHADOW,"INTENT_ADDS_SIGNAL (2025 unseen holdout, 4/4 promotion gates passed)",ARCHIVE_CONTEXT_ONLY_NOT_SCORING,False,SHADOW_INTENT_SIGNAL,False,False,True
924615,Killarney,2026-07-15T19:30:00,William F Browne,5864553,Paul W Flynn,0.059884,9,False,True,5,True,CHAMPION_INTENT_SHADOW,"INTENT_ADDS_SIGNAL (2025 unseen holdout, 4/4 promotion gates passed)",ARCHIVE_CONTEXT_ONLY_NOT_SCORING,False,SHADOW_INTENT_SIGNAL,False,False,True
924615,Killarney,2026-07-15T19:30:00,Secret Magician,3839267,Martin Hassett,0.059386,10,False,True,5,True,CHAMPION_INTENT_SHADOW,"INTENT_ADDS_SIGNAL (2025 unseen holdout, 4/4 promotion gates passed)",ARCHIVE_CONTEXT_ONLY_NOT_SCORING,False,SHADOW_INTENT_SIGNAL,False,False,True
924615,Killarney,2026-07-15T19:30:00,The Blue Panther,3075256,R P Burns,0.053003,11,False,True,5,True,CHAMPION_INTENT_SHADOW,"INTENT_ADDS_SIGNAL (2025 unseen holdout, 4/4 promotion gates passed)",ARCHIVE_CONTEXT_ONLY_NOT_SCORING,False,SHADOW_INTENT_SIGNAL,False,False,True
924615,Killarney,2026-07-15T19:30:00,Draiocht,6327911,T J O'Mara,0.048339,12,False,False,0,True,CHAMPION_INTENT_SHADOW,"INTENT_ADDS_SIGNAL (2025 unseen holdout, 4/4 promotion gates passed)",ARCHIVE_CONTEXT_ONLY_NOT_SCORING,False,SHADOW_INTENT_SIGNAL,False,False,True
924615,Killarney,2026-07-15T19:30:00,Liamo,5258511,Brendan Maurice Walsh,0.038292,13,False,True,5,True,CHAMPION_INTENT_SHADOW,"INTENT_ADDS_SIGNAL (2025 unseen holdout, 4/4 promotion gates passed)",ARCHIVE_CONTEXT_ONLY_NOT_SCORING,False,SHADOW_INTENT_SIGNAL,False,False,True
923106,Yarmouth,2026-07-15T19:40:00,Dark Side Thunder,4150427,Jessica Macey,0.216506,1,True,True,48,True,CHAMPION_INTENT_SHADOW,"INTENT_ADDS_SIGNAL (2025 unseen holdout, 4/4 promotion gates passed)",ARCHIVE_CONTEXT_ONLY_NOT_SCORING,False,SHADOW_INTENT_SIGNAL,False,False,True
923106,Yarmouth,2026-07-15T19:40:00,Startled Lady,7727251,William Knight,0.189289,2,False,True,5,True,CHAMPION_INTENT_SHADOW,"INTENT_ADDS_SIGNAL (2025 unseen holdout, 4/4 promotion gates passed)",ARCHIVE_CONTEXT_ONLY_NOT_SCORING,False,SHADOW_INTENT_SIGNAL,False,False,True
923106,Yarmouth,2026-07-15T19:40:00,Komodo Rose,7947738,T J Kent,0.127725,3,False,False,0,True,CHAMPION_INTENT_SHADOW,"INTENT_ADDS_SIGNAL (2025 unseen holdout, 4/4 promotion gates passed)",ARCHIVE_CONTEXT_ONLY_NOT_SCORING,False,SHADOW_INTENT_SIGNAL,False,False,True
923106,Yarmouth,2026-07-15T19:40:00,Lieutenant Sir,8450086,Archie Watson,0.126925,4,False,False,0,True,CHAMPION_INTENT_SHADOW,"INTENT_ADDS_SIGNAL (2025 unseen holdout, 4/4 promotion gates passed)",ARCHIVE_CONTEXT_ONLY_NOT_SCORING,False,SHADOW_INTENT_SIGNAL,False,False,True
923106,Yarmouth,2026-07-15T19:40:00,Viking Glory,7966274,James Owen,0.124909,5,False,False,0,True,CHAMPION_INTENT_SHADOW,"INTENT_ADDS_SIGNAL (2025 unseen holdout, 4/4 promotion gates passed)",ARCHIVE_CONTEXT_ONLY_NOT_SCORING,False,SHADOW_INTENT_SIGNAL,False,False,True
923106,Yarmouth,2026-07-15T19:40:00,Superstorm,7493111,Charlie Fellowes,0.11269,6,False,True,5,True,CHAMPION_INTENT_SHADOW,"INTENT_ADDS_SIGNAL (2025 unseen holdout, 4/4 promotion gates passed)",ARCHIVE_CONTEXT_ONLY_NOT_SCORING,False,SHADOW_INTENT_SIGNAL,False,False,True
923101,Lingfield,2026-07-15T19:50:00,Mister Moet,7445337,Scott Dixon,0.356108,1,True,True,5,True,CHAMPION_INTENT_SHADOW,"INTENT_ADDS_SIGNAL (2025 unseen holdout, 4/4 promotion gates passed)",ARCHIVE_CONTEXT_ONLY_NOT_SCORING,False,SHADOW_INTENT_SIGNAL,False,False,True
923101,Lingfield,2026-07-15T19:50:00,Sunlit Sea,8183834,Sir Mark Prescott Bt,0.245385,2,False,False,0,True,CHAMPION_INTENT_SHADOW,"INTENT_ADDS_SIGNAL (2025 unseen holdout, 4/4 promotion gates passed)",ARCHIVE_CONTEXT_ONLY_NOT_SCORING,False,SHADOW_INTENT_SIGNAL,False,False,True
923101,Lingfield,2026-07-15T19:50:00,Real Gold,8058105,Rachel Cook & John Bridger,0.213102,3,False,False,0,True,CHAMPION_INTENT_SHADOW,"INTENT_ADDS_SIGNAL (2025 unseen holdout, 4/4 promotion gates passed)",ARCHIVE_CONTEXT_ONLY_NOT_SCORING,False,SHADOW_INTENT_SIGNAL,False,False,True
924616,Killarney,2026-07-15T20:00:00,Alto Sax,5198196,Peter Fahey,0.080835,1,True,True,5,True,CHAMPION_INTENT_SHADOW,"INTENT_ADDS_SIGNAL (2025 unseen holdout, 4/4 promotion gates passed)",ARCHIVE_CONTEXT_ONLY_NOT_SCORING,False,SHADOW_INTENT_SIGNAL,False,False,True
924616,Killarney,2026-07-15T20:00:00,God Of Thunder,3366681,Denis Gerard Hogan,0.080518,2,False,True,47,True,CHAMPION_INTENT_SHADOW,"INTENT_ADDS_SIGNAL (2025 unseen holdout, 4/4 promotion gates passed)",ARCHIVE_CONTEXT_ONLY_NOT_SCORING,False,SHADOW_INTENT_SIGNAL,False,False,True
924616,Killarney,2026-07-15T20:00:00,Young Churchill,5751518,Richard John O'Brien,0.073777,3,False,True,16,True,CHAMPION_INTENT_SHADOW,"INTENT_ADDS_SIGNAL (2025 unseen holdout, 4/4 promotion gates passed)",ARCHIVE_CONTEXT_ONLY_NOT_SCORING,False,SHADOW_INTENT_SIGNAL,False,False,True
924616,Killarney,2026-07-15T20:00:00,Limbocall,7566117,M D O'Callaghan,0.069103,4,False,False,0,True,CHAMPION_INTENT_SHADOW,"INTENT_ADDS_SIGNAL (2025 unseen holdout, 4/4 promotion gates passed)",ARCHIVE_CONTEXT_ONLY_NOT_SCORING,False,SHADOW_INTENT_SIGNAL,False,False,True
924616,Killarney,2026-07-15T20:00:00,Arch Enemy,3586957,Patrick Magee,0.066488,5,False,True,75,True,CHAMPION_INTENT_SHADOW,"INTENT_ADDS_SIGNAL (2025 unseen holdout, 4/4 promotion gates passed)",ARCHIVE_CONTEXT_ONLY_NOT_SCORING,False,SHADOW_INTENT_SIGNAL,False,False,True
924616,Killarney,2026-07-15T20:00:00,Tassarolo,6582481,Denis Gerard Hogan,0.065153,6,False,True,5,True,CHAMPION_INTENT_SHADOW,"INTENT_ADDS_SIGNAL (2025 unseen holdout, 4/4 promotion gates passed)",ARCHIVE_CONTEXT_ONLY_NOT_SCORING,False,SHADOW_INTENT_SIGNAL,False,False,True
924616,Killarney,2026-07-15T20:00:00,Vervain,6175436,David Harry Kelly,0.064648,7,False,False,0,True,CHAMPION_INTENT_SHADOW,"INTENT_ADDS_SIGNAL (2025 unseen holdout, 4/4 promotion gates passed)",ARCHIVE_CONTEXT_ONLY_NOT_SCORING,False,SHADOW_INTENT_SIGNAL,False,False,True
924616,Killarney,2026-07-15T20:00:00,Voice Of Northeast,7293767,Terence O'Brien,0.062008,8,False,False,0,True,CHAMPION_INTENT_SHADOW,"INTENT_ADDS_SIGNAL (2025 unseen holdout, 4/4 promotion gates passed)",ARCHIVE_CONTEXT_ONLY_NOT_SCORING,False,SHADOW_INTENT_SIGNAL,False,False,True
924616,Killarney,2026-07-15T20:00:00,Kevin The Great,7462323,Gavin Cromwell,0.060405,9,False,False,0,True,CHAMPION_INTENT_SHADOW,"INTENT_ADDS_SIGNAL (2025 unseen holdout, 4/4 promotion gates passed)",ARCHIVE_CONTEXT_ONLY_NOT_SCORING,False,SHADOW_INTENT_SIGNAL,False,False,True
924616,Killarney,2026-07-15T20:00:00,Deuteronomy,4332862,R P Burns,0.056676,10,False,True,40,True,CHAMPION_INTENT_SHADOW,"INTENT_ADDS_SIGNAL (2025 unseen holdout, 4/4 promotion gates passed)",ARCHIVE_CONTEXT_ONLY_NOT_SCORING,False,SHADOW_INTENT_SIGNAL,False,False,True
924616,Killarney,2026-07-15T20:00:00,Highway Sixty One,5911354,L Young,0.055883,11,False,True,5,True,CHAMPION_INTENT_SHADOW,"INTENT_ADDS_SIGNAL (2025 unseen holdout, 4/4 promotion gates passed)",ARCHIVE_CONTEXT_ONLY_NOT_SCORING,False,SHADOW_INTENT_SIGNAL,False,False,True
924616,Killarney,2026-07-15T20:00:00,Monroe Dasher,7503734,A J Martin,0.055626,12,False,False,0,True,CHAMPION_INTENT_SHADOW,"INTENT_ADDS_SIGNAL (2025 unseen holdout, 4/4 promotion gates passed)",ARCHIVE_CONTEXT_ONLY_NOT_SCORING,False,SHADOW_INTENT_SIGNAL,False,False,True
924616,Killarney,2026-07-15T20:00:00,Limestone Red,5141793,Tracey Collins,0.047416,13,False,False,0,True,CHAMPION_INTENT_SHADOW,"INTENT_ADDS_SIGNAL (2025 unseen holdout, 4/4 promotion gates passed)",ARCHIVE_CONTEXT_ONLY_NOT_SCORING,False,SHADOW_INTENT_SIGNAL,False,False,True
924616,Killarney,2026-07-15T20:00:00,Crypto Crash,58950409,David Kenneth Budds,0.027088,14,False,True,18,True,CHAMPION_INTENT_SHADOW,"INTENT_ADDS_SIGNAL (2025 unseen holdout, 4/4 promotion gates passed)",ARCHIVE_CONTEXT_ONLY_NOT_SCORING,False,SHADOW_INTENT_SIGNAL,False,False,True
924616,Killarney,2026-07-15T20:00:00,Fantasy Fara,7966373,Timothy Doyle,0.018451,15,False,True,6,True,CHAMPION_INTENT_SHADOW,"INTENT_ADDS_SIGNAL (2025 unseen holdout, 4/4 promotion gates passed)",ARCHIVE_CONTEXT_ONLY_NOT_SCORING,False,SHADOW_INTENT_SIGNAL,False,False,True
924617,Killarney,2026-07-15T20:30:00,Celestially,8183823,Donnacha Aidan O'Brien,0.117778,1,True,True,7,True,CHAMPION_INTENT_SHADOW,"INTENT_ADDS_SIGNAL (2025 unseen holdout, 4/4 promotion gates passed)",ARCHIVE_CONTEXT_ONLY_NOT_SCORING,False,SHADOW_INTENT_SIGNAL,False,False,True
924617,Killarney,2026-07-15T20:30:00,Sonic Invader,7267906,Noel Meade,0.114534,2,False,True,5,True,CHAMPION_INTENT_SHADOW,"INTENT_ADDS_SIGNAL (2025 unseen holdout, 4/4 promotion gates passed)",ARCHIVE_CONTEXT_ONLY_NOT_SCORING,False,SHADOW_INTENT_SIGNAL,False,False,True
924617,Killarney,2026-07-15T20:30:00,Jurality,5317152,Paul W Flynn,0.108448,3,False,True,5,True,CHAMPION_INTENT_SHADOW,"INTENT_ADDS_SIGNAL (2025 unseen holdout, 4/4 promotion gates passed)",ARCHIVE_CONTEXT_ONLY_NOT_SCORING,False,SHADOW_INTENT_SIGNAL,False,False,True
924617,Killarney,2026-07-15T20:30:00,Party Dress,5248370,W McCreery,0.07118,4,False,False,0,True,CHAMPION_INTENT_SHADOW,"INTENT_ADDS_SIGNAL (2025 unseen holdout, 4/4 promotion gates passed)",ARCHIVE_CONTEXT_ONLY_NOT_SCORING,False,SHADOW_INTENT_SIGNAL,False,False,True
924617,Killarney,2026-07-15T20:30:00,Lagoon Nebula,6314153,Andrew Kinirons,0.065099,5,False,True,5,True,CHAMPION_INTENT_SHADOW,"INTENT_ADDS_SIGNAL (2025 unseen holdout, 4/4 promotion gates passed)",ARCHIVE_CONTEXT_ONLY_NOT_SCORING,False,SHADOW_INTENT_SIGNAL,False,False,True
924617,Killarney,2026-07-15T20:30:00,Moyassr,5248393,Paul W Flynn,0.058397,6,False,True,23,True,CHAMPION_INTENT_SHADOW,"INTENT_ADDS_SIGNAL (2025 unseen holdout, 4/4 promotion gates passed)",ARCHIVE_CONTEXT_ONLY_NOT_SCORING,False,SHADOW_INTENT_SIGNAL,False,False,True
924617,Killarney,2026-07-15T20:30:00,Coulstys Way,5933550,Patrick Magee,0.055024,7,False,True,14,True,CHAMPION_INTENT_SHADOW,"INTENT_ADDS_SIGNAL (2025 unseen holdout, 4/4 promotion gates passed)",ARCHIVE_CONTEXT_ONLY_NOT_SCORING,False,SHADOW_INTENT_SIGNAL,False,False,True
924617,Killarney,2026-07-15T20:30:00,Loyal Touch,4340211,Denis Gerard Hogan,0.0543,8,False,True,5,True,CHAMPION_INTENT_SHADOW,"INTENT_ADDS_SIGNAL (2025 unseen holdout, 4/4 promotion gates passed)",ARCHIVE_CONTEXT_ONLY_NOT_SCORING,False,SHADOW_INTENT_SIGNAL,False,False,True
924617,Killarney,2026-07-15T20:30:00,Devine Genius,5845524,J Morrison,0.044638,9,False,True,5,True,CHAMPION_INTENT_SHADOW,"INTENT_ADDS_SIGNAL (2025 unseen holdout, 4/4 promotion gates passed)",ARCHIVE_CONTEXT_ONLY_NOT_SCORING,False,SHADOW_INTENT_SIGNAL,False,False,True
924617,Killarney,2026-07-15T20:30:00,Folly Beach,3261266,M A Molloy,0.042058,10,False,False,0,True,CHAMPION_INTENT_SHADOW,"INTENT_ADDS_SIGNAL (2025 unseen holdout, 4/4 promotion gates passed)",ARCHIVE_CONTEXT_ONLY_NOT_SCORING,False,SHADOW_INTENT_SIGNAL,False,False,True
924617,Killarney,2026-07-15T20:30:00,Parish Express,7117365,J S Bolger,0.039121,11,False,True,4,True,CHAMPION_INTENT_SHADOW,"INTENT_ADDS_SIGNAL (2025 unseen holdout, 4/4 promotion gates passed)",ARCHIVE_CONTEXT_ONLY_NOT_SCORING,False,SHADOW_INTENT_SIGNAL,False,False,True
