{
  "version": "v15.0",
  "model_type": "GradientBoostingClassifier",
  "auc": 0.7725743964065133,
  "logloss": 0.2963573923883941,
  "accuracy": 0.89145,
  "n_features": 4,
  "features": [
    "odds_decimal",
    "age_num",
    "runners_num",
    "draw_num"
  ],
  "trained_at": "2025-12-03T06:30:18.314186",
  "dataset_size": 100000,
  "train_size": 80000,
  "test_size": 20000
}