Name,Year,Sex,Sire,Dam,Trainer,"Flat rating","Diff Flat","Flat Clltrl","AWT rating","Diff AWT","AWT Clltrl","Chase rating","Diff Chase","Chase Clltrl","Hurdle rating","Diff Hurdle","Hurdle Clltrl"
"A BOY NAMED MARY (IRE)",2023,GELDING,"SUPREMACY (IRE)","MARY BOLEYN (IRE)","Nigel Tinkler",50,-3,,,,,,,,,,
"A DIFFERENT KIND (IRE)",2017,GELDING,"DOYEN (IRE)","MA MINX (IRE)","Donald McCain",,,,,,,,,,112,-3,
"A DUBLIN JOB (IRE)",2017,GELDING,"ASK (GB)","COPPERVEGA (IRE)","Sarah-Jayne Davies",,,,,,,110,-1,,,,
"A GOOD YOMP (GB)",2019,GELDING,"CLOVIS DU BERLAIS (FR)","MEWSTONE (GB)","Andrew Martin",,,,,,,,,,99,+1,collateral
"ABASHIRI (GB)",2023,FILLY,"FRANKEL (GB)","SOBETSU (GB)","Charlie Appleby",109,+3,,,,,,,,,,
"ABILA (FR)",2022,FILLY,"CAMELOT (GB)","FAST GAME (FR)","Ian Williams",49,-2,,,,,,,,,,
"ACCADEMIA (GB)",2023,FILLY,"ST MARK'S BASILICA (FR)","UMNIYAH (IRE)","Ed Walker",65,-2,,,,,,,,,,
"ACCOMMODATION (IRE)",2023,FILLY,"PALACE PIER (GB)","ACCOMMODATE (IRE)","Stuart Williams",52,-3,,,,,,,,,,
"ACES WILD (IRE)",2019,GELDING,"DANDY MAN (IRE)","FASHION CENTRAL (GB)","Adrian Wintle",74,+4,,,,,,,,,,
"ACHNAMARA (GB)",2019,GELDING,"KODIAC (GB)","ALBAMARA (GB)","Philip Kirby",49,,,,,,,,,91,-3,
"ADA ROSE (GB)",2023,FILLY,"SHOWCASING (GB)","MESSALINA (IRE)","Kevin Philippart de Foy",51,-1,,,,,,,,,,
"ADVANCE TWENTYFIVE (FR)",2023,GELDING,"VICTOR LUDORUM (GB)","SELFSAME (USA)","Richard & Peter Fahey",78,-4,,,,,,,,,,
"ADVANCING (GB)",2022,GELDING,"LOPE DE VEGA (IRE)","INTISAAR (USA)","Marco Botti",85,-3,,88,new,,,,,,,
"AFFECTION (FR)",2023,FILLY,"BOW CREEK (IRE)","FRAGRANCE (FR)","David Pipe",82,-1,collateral,,,,,,,,,
"AGRIC RANGER (GB)",2023,GELDING,"ACLAIM (IRE)","SPIRIT RANGER (IRE)","Tim Easterby",54,-1,,,,,,,,,,
"AILT AN CHORRAIN (IRE)",2019,GELDING,"MAHLER (GB)","MAZAGEE (FR)","Patrick Neville",,,,,,,105,,,105,new,
"AIM FOR THE BULL (IRE)",2022,GELDING,"SHOWCASING (GB)","ULTIMATE AIM (GB)","Mike Murphy",55,+2,,,,,,,,,,
"AJRAD (GB)",2018,GELDING,"NEW APPROACH (IRE)","PRINCESS CAMMIE (IRE)","Rod Millman",55,-2,,,,,,,,,,
"AKIRRA (IRE)",2023,GELDING,"KODIAC (GB)","WISH FOR ME (IRE)","Clive Cox",78,-2,,,,,,,,,,
"ALBAYDAA (IRE)",2023,FILLY,"PINATUBO (IRE)","MANAAJIM (IRE)","William Haggas",86,+2,,,,,,,,,,
"ALBEGONE (GB)",2018,GELDING,"ALHEBAYEB (IRE)","PACNGO (GB)","Tim Easterby",59,-2,,,,,,,,,,
"ALBERTS BAY (IRE)",2017,GELDING,"LEADING LIGHT (IRE)","MY VIKING BAY (IRE)","Jackie du Plessis",,,,,,,,,,83,-5,
"ALFARAZ (GB)",2023,COLT,"NATHANIEL (IRE)","SEQUILLA (FR)","Andrew Balding",88,-2,,,,,,,,,,
"ALICE DE CLARE (IRE)",2023,FILLY,"SPACE BLUES (IRE)","ELEGANT MAXIME (FR)","James Fanshawe",72,+4,,,,,,,,,,
"ALMERIC (GB)",2022,COLT,"STUDY OF MAN (IRE)","ALVARITA (GB)","Andrew Balding",115,-2,,,,,,,,,,
"ALONDRA (GB)",2022,FILLY,"SERGEI PROKOFIEV (CAN)","WEISSE SOCKEN (IRE)","Scott Dixon",73,-2,,,,,,,,,,
"ALPINE SIERRA (IRE)",2018,GELDING,"DISTORTED HUMOR (USA)","UNACCOMPANIED (IRE)","Jim Goldie",66,+4,,,,,,,,,,
"ALTA RICA (GB)",2022,FILLY,"STUDY OF MAN (IRE)","ALTA MODA (GB)","Marcus Tregoning",61,-2,,,,,,,,,,
"ALVESTA (GB)",2021,FILLY,"STUDY OF MAN (IRE)","ALINSTANTE (GB)","James Moffatt",49,,,,,,,,,80,+4,
"ALWAYS PERFECT (IRE)",2023,FILLY,"SIOUX NATION (USA)","CRIMSON SUNRISE (IRE)","Charlie Fellowes",63,+1,,,,,,,,,,
"AM STILL HERE (IRE)",2019,GELDING,"KINGSTON HILL (GB)","ELLE EST MILAN (IRE)","Lizzie Quinlan",,,,,,,87,new,,,,
"AMERICAN SNIPER (IRE)",2018,GELDING,"MALINAS (GER)","MOUNTAIN LEAP (IRE)","David Pipe",,,,,,,,,,123,+6,
"AMERICAN TRIO (IRE)",2021,GELDING,"COURT CAVE (IRE)","AUNTY MATTI (IRE)","Fergal O'Brien",,,,,,,,,,109,+4,
"AMERJEET (GB)",2022,GELDING,"BLUE POINT (IRE)","GUMRA (IRE)","Michael Herrington",51,-2,,,,,,,,,,
"ANDALPROFIT (IRE)",2022,GELDING,"PROFITABLE (IRE)","AUTUMN TIDE (IRE)","Nigel Tinkler",60,+2,,,,,,,,,,
"ANDESITE (GB)",2022,GELDING,"PINATUBO (IRE)","KATIE'S DIAMOND (FR)","Roger Fell",81,-1,,,,,,,,,,
"ANGEL HUNTER (GB)",2022,COLT,"ACCLAMATION (GB)","RUXLEYS STAR (USA)","Richard Hannon",90,-1,,,,,,,,,,
"ANIFICAS BEAUTY (IRE)",2019,FILLY,"EXCEED AND EXCEL (AUS)","KHAJOOL (IRE)","Peter Winks",50,+8,,,,,,,,,,
"ANNEXATION (FR)",2016,GELDING,"WOOTTON BASSETT (GB)","SCARLET SONNET (IRE)","Tony Carroll",58,-1,,,,,,,,,,
"ANORAH UNLEASHED (IRE)",2023,FILLY,"SUPREMACY (IRE)","SAMAAH (IRE)","Dr Richard Newland & Jamie Insole",55,-1,,,,,,,,,,
"ANOTHER ABBOT (IRE)",2022,GELDING,"HARRY ANGEL (IRE)","HUMA BIRD (GB)","William Haggas",87,+5,,,,,,,,,,
"ANOTHER BAAR (GB)",2020,GELDING,"MAYSON (GB)","RAPID RECRUIT (IRE)","Adrian Keatley",98,new,,,,,,,,,,
"ANTIPODES (IRE)",2022,GELDING,"STARSPANGLEDBANNER (AUS)","ALBEMARLE (GB)","Roger Varian",94,+6,,,,,,,,,,
"APPLE'S ANGEL (IRE)",2022,FILLY,"KAMEKO (USA)","LA DERNIERE FOIS (IRE)","Jim Boyle",47,-2,,,,,,,,,,
"AQUAMAN (GER)",2022,COLT,"CRACKSMAN (GB)","AUCTORITA (GER)","Richard Bandey",94,new,,,,,,,,,,
"AQWAAM (GB)",2018,GELDING,"SEA THE STARS (IRE)","AGHAANY (GB)","Ian Williams",88,-2,,,,,,,,,,
"ARABIAN CROWN (FR)",2021,GELDING,"DUBAWI (IRE)","DUBAI ROSE (GB)","Charlie Appleby",107,new,,,,,,,,,,
"ARBITRATION (IRE)",2022,GELDING,"BECKFORD (GB)","ORPHAN ANNIE (IRE)","Joe Tizzard",76,,,,,,,,,105,new,
"ARCHDUKE FERDINAND (IRE)",2019,GELDING,"GUTAIFAN (IRE)","SALARIAQ (USA)","Seb Spencer",78,-1,,,,,,,,,,
"ARCHER ROYAL (IRE)",2023,GELDING,"BLUE POINT (IRE)","AHD (USA)","John & Thady Gosden",92,-5,,,,,,,,,,
"ARGY BHAJI (GB)",2023,GELDING,"ARDAD (IRE)","BHANGRA (GB)","James Fanshawe",67,+1,,,,,,,,,,
"ARTHUR'S QUAY (IRE)",2014,GELDING,"BEAT HOLLOW (GB)","BANNOW GIRL (IRE)","Ben Haslam",,,,,,,112,-1,,,,
"ASCENDING STAR (IRE)",2023,GELDING,"STARMAN (GB)","DENSE STAR (IRE)","Owen Burrows",80,new,,,,,,,,,,
"ASMEN WARRIOR (IRE)",2022,GELDING,"SAXON WARRIOR (JPN)","FAIR SAILING (IRE)","James Owen",92,+4,,,,,,,,,,
"ASSORDA (FR)",2020,FILLY,"CHOEUR DU NORD (FR)","MAYZIE JAY FLYING (FR)","John Wainwright",,,,,,,,,,88,-5,
"ASTRACORNUS (GB)",2023,GELDING,"GOLDEN HORN (GB)","ASTRAGAL (GB)","David Menuisier",67,new,,,,,,,,,,
"ASTRAZAR (IRE)",2023,GELDING,"STARMAN (GB)","ZARA MAC (IRE)","Ed Walker",83,-2,,,,,,,,,,
"AT SUNRISE (GB)",2021,FILLY,"FLAG OF HONOUR (IRE)","AT FIRST LIGHT (GB)","David Weston",,,,,,,,,,75,new,
"AUBURN AVENUE (IRE)",2021,FILLY,"PHOENIX OF SPAIN (IRE)","BINT MALYANA (IRE)","John & Rhys Flint",65,new,,,,,,,,,,
"AUKUS (IRE)",2023,FILLY,"AUSTRALIA (GB)","APTICANTI (USA)","Ralph Beckett",70,new,,,,,,,,,,
"AUNTIE JO (GB)",2022,FILLY,"HAVANA GREY (GB)","MARY STEWART (IRE)","David O'Meara",52,+2,,,,,,,,,,
"AURORA'S DOUBLESIX (IRE)",2022,FILLY,"DANDY MAN (IRE)","LATE ROSEBUD (IRE)","Brian Rothwell",43,-1,,,,,,,,,,
"AUSPICIOUS (GB)",2023,GELDING,"AWTAAD (IRE)","KILBAHA LADY (IRE)","Nigel Tinkler",53,+1,,,,,,,,,,
"AUSTRIAN THEORY (IRE)",2019,GELDING,"AWTAAD (IRE)","CEDAR SEA (IRE)","Tim Easterby",74,-3,,,,,,,,,,
"AY UP DUCK (GB)",2023,GELDING,"EARTHLIGHT (IRE)","FOUNTAIN OF TIME (IRE)","Michael Appleby",78,-2,,,,,,,,,,
"AZANIYA (IRE)",2022,FILLY,"NIGHT OF THUNDER (IRE)","AZANARA (IRE)","Owen Burrows",108,-2,,,,,,,,,,
"BACK TO ME (IRE)",2023,GELDING,"MAGNA GRECIA (IRE)","NAZAAHA (IRE)","Ben Haslam",85,+3,,,,,,,,,,
"BADRI (GB)",2017,GELDING,"DARK ANGEL (IRE)","PENNY DROPS (GB)","Michael Herrington",90,+3,,,,,,,,,,
"BALLYHIHO (IRE)",2020,FILLY,"JUKEBOX JURY (IRE)","MERRY TESS (IRE)","D. J. Jeffreys",,,,,,,96,+4,,94,,
"BALLYNAHEER (IRE)",2019,GELDING,"MAHLER (GB)","BALLYNAGALL (IRE)","David Dennis",,,,,,,106,-1,,,,
"BALTIC (GB)",2020,GELDING,"FRANKEL (GB)","BALTIC BEST (IRE)","Lucy Wadham",76,-3,,,,,,,,,,
"BANDERAS (IRE)",2020,GELDING,"LOPE DE VEGA (IRE)","GLAMOROUS APPROACH (IRE)","Sam England",73,new,,,,,,,,117,,
"BANKSMAN (GB)",2022,GELDING,"RUMBLE INTHEJUNGLE (IRE)","DONNA RAY (GB)","Sheena West",50,-3,,,,,,,,82,,
"BANTZ (IRE)",2022,GELDING,"KODIAC (GB)","SHIFTING (IRE)","Alan Brown",50,-2,,,,,,,,,,
"BARLEY (IRE)",2019,GELDING,"MEHMAS (IRE)","CORNAKILL (USA)","Tim Easterby",68,+2,,,,,,,,,,
"BARMYBLADE (IRE)",2022,GELDING,"KODIAC (GB)","MAROUBRA (FR)","Tim Easterby",50,-1,,,,,,,,,,
"BARNSNAPE BOY (GB)",2021,GELDING,"IFFRAAJ (GB)","SCENESETTER (IRE)","Jim Boyle",48,-2,,,,,,,,,,
"BARRISTER (GB)",2023,COLT,"WITHOUT PAROLE (GB)","PAY COURT (GB)","Richard Hannon",70,new,,,,,,,,,,
"BATED BREEZE (IRE)",2021,GELDING,"BATED BREATH (GB)","OLGA DA POLGA (IRE)","Gary & Josh Moore",47,-1,,,,,,,,,,
"BAY CITY ROLLER (IRE)",2022,COLT,"NEW BAY (GB)","BLOOMFIELD (IRE)","George Scott",118,+1,,,,,,,,,,
"BAYNOONA (IRE)",2021,FILLY,"OASIS DREAM (GB)","HAPPY HIKER (IRE)","Susan Gardner",48,-1,,,,,,,,,,
"BAYRAAT (GB)",2016,GELDING,"HEERAAT (IRE)","BAYMIST (GB)","Tom Tate",53,+1,,,,,,,,,,
"BEARISH (IRE)",2023,COLT,"KODI BEAR (IRE)","CHIRINGUITA (USA)","Ed Dunlop",82,new,,,,,,,,,,
"BEAT THE EDGE (IRE)",2017,GELDING,"BEAT HOLLOW (GB)","DARSI O'GRADY (IRE)","Micky Hammond",,,,,,,69,-1,,,,
"BEAUFORT BREEZE (IRE)",2019,GELDING,"LUCKY SPEED (IRE)","SUMMER TALK (IRE)","D. J. Jeffreys",,,,,,,,,,87,new,
"BEAUNE (IRE)",2022,GELDING,"BLUE POINT (IRE)","CHATEAU LA FLEUR (IRE)","Bernard Llewellyn",59,-1,,,,,,,,,,
"BEAUTY GENERATION (IRE)",2021,GELDING,"ULYSSES (IRE)","BANANA SPLIT (GB)","Ross Burdon",55,-2,,58,-2,,,,,,,
"BEGIN THE LUCK (IRE)",2016,GELDING,"LE FOU (IRE)","BOBSYOURDAD (IRE)","Daisy Hitchins",,,,,,,104,-1,,,,
"BELGARUM (IRE)",2018,GELDING,"SHIROCCO (GER)","CYRILS GIRL (GB)","Joe Tizzard",,,,,,,,,,106,+2,
"BELIEVITANDUCAN (IRE)",2021,GELDING,"MAKE BELIEVE (GB)","SHIRIN OF PERSIA (IRE)","Alan King",84,+7,,,,,,,,123,,
"BELL SHOT (IRE)",2019,GELDING,"DARK ANGEL (IRE)","MERRY ME (IRE)","Michael Appleby",83,-1,,,,,,,,,,
"BELLA BISBEE (GB)",2021,FILLY,"MUHAARAR (GB)","STERLING SOUND (USA)","Scott Dixon",68,-1,,,,,,,,,,
"BELLE LE GRAND (GB)",2019,FILLY,"UNIVERSAL (IRE)","SAABOOG (GB)","Dan Skelton",,,,,,,111,new,,111,,
"BENACRE (IRE)",2020,GELDING,"AUSTRALIA (GB)","SENT FROM HEAVEN (IRE)","Charlie Johnston",76,-2,,,,,,,,,,
"BENY NAHAR ROAD (IRE)",2019,GELDING,"NATHANIEL (IRE)","WONDER WHY (GER)","Henry Hogarth",,,,,,,,,,104,-2,
"BEORMA (IRE)",2019,FILLY,"DOYEN (IRE)","MOURNESEAFOOD LASS (IRE)","Dan Skelton",,,,,,,91,+10,,91,+10,
"BERKSHIRE BOOM (IRE)",2023,GELDING,"SUPREMACY (IRE)","MY WISH (IRE)","Andrew Balding",70,-3,,,,,,,,,,
"BERRY CLEVER (GB)",2021,GELDING,"EXPERT EYE (GB)","ROSE BERRY (GB)","Chris Dwyer",74,+1,,,,,,,,,,
"BERYL'S GIRL (GB)",2023,FILLY,"UBETTABELIEVEIT (IRE)","CHERUBIC (GB)","Eve Johnson Houghton",56,-2,,,,,,,,,,
"BIG GYPSY KING (GB)",2022,FILLY,"SEA THE MOON (GER)","NOT AFTER HOURS (FR)","James Moffatt",46,,,,,,,,,71,new,
"BILLYB (FR)",2019,GELDING,"RAVEN'S PASS (USA)","AZTEC QUEEN (GB)","Craig Lidster",85,-1,,,,,,,,,,
"BINADHAM (IRE)",2022,GELDING,"KODIAC (GB)","RAJMAHAL (UAE)","Kevin Philippart de Foy",75,-1,,,,,,,,,,
"BITTALEMON (GB)",2021,FILLY,"DUBAWI (IRE)","BIZZARRIA (GB)","James Moffatt",,,,,,,,,,111,+4,
"BLACK MISSILE (IRE)",2023,GELDING,"SERGEI PROKOFIEV (CAN)","OH SIMPLE THING (IRE)","Julie Camacho",66,-2,,,,,,,,,,
"BLAZING SAM (GB)",2023,GELDING,"AL KAZEEM (GB)","ORAPIDS (GB)","Georgina Nicholls",45,new,,,,,,,,,,
"BLINDFOLD GAMES (IRE)",2023,FILLY,"MEHMAS (IRE)","KISSEPAL (IRE)","George Boughey",60,-1,,,,,,,,,,
"BLOSSOM IN THE AIR (GB)",2023,FILLY,"LAND FORCE (IRE)","POPPY IN THE WIND (GB)","Robert Edwards",46,-1,,,,,,,,,,
"BLUE COURVOISIER (GB)",2023,COLT,"SEA THE STARS (IRE)","PRICELESS (GB)","Clive Cox",92,+9,,,,,,,,,,
"BLUE FORCE (IRE)",2021,GELDING,"BLUE POINT (IRE)","MISS FAY (IRE)","Antony Brittain",61,-2,,,,,,,,,,
"BLUE HERCULES (IRE)",2023,COLT,"GHAIYYATH (IRE)","SOUSMAIN (GB)","William Muir & Chris Grassick",85,new,,,,,,,,,,
"BLUE NOON (IRE)",2023,FILLY,"BLUE POINT (IRE)","MOON SHADDOW (IRE)","Richard Hannon",75,-2,,,,,,,,,,
"BLUE POINT EXPRESS (IRE)",2022,FILLY,"BLUE POINT (IRE)","MISS FAY (IRE)","Adrian Wintle",46,-2,,,,,,,,,,
"BLUE SIAM (IRE)",2022,FILLY,"BLUE POINT (IRE)","GOLDEN TEMPS (IRE)","Syd Hosie",51,,,,,,,,,82,+2,
"BLUE TO BLUE (IRE)",2023,GELDING,"BLUE POINT (IRE)","HAZARABA (IRE)","Ruth Jefferson",83,-1,,,,,,,,,,
"BOBBY BENNU (IRE)",2021,GELDING,"PHOENIX OF SPAIN (IRE)","CLENAGHCASTLE LADY (IRE)","Roger Varian",92,-1,,,,,,,,,,
"BOBBY DASSLER (IRE)",2019,GELDING,"AWTAAD (IRE)","BUTOOLAT (GB)","Barry Murphy",52,-1,,,,,,,,,,
"BOLD IMPACT (IRE)",2022,GELDING,"BLUE POINT (IRE)","MOTHEEBA (USA)","Rod Millman",73,-4,,,,,,,,,,
"BOOK OF SECRETS (IRE)",2018,GELDING,"FREE EAGLE (IRE)","ALICE TREASURE (IRE)","James Moffatt",,,,,,,,,,96,-2,
"BOOM BOOM (IRE)",2018,GELDING,"CALIFET (FR)","SHE IS A CRACKER (FR)","Rob Summers",,,,,,,83,-1,,,,
"BOWNDER (IRE)",2022,GELDING,"BELARDO (IRE)","CITY VAULTS GIRL (IRE)","Jonathan Portman",64,-1,,,,,,,,,,
"BOYFRIEND (GB)",2021,COLT,"TWILIGHT SON (GB)","TALLOW (IRE)","Richard Hannon",90,+4,,,,,,,,,,
"BRADBURY (IRE)",2023,GELDING,"GHAIYYATH (IRE)","GLIMMER OF PEACE (IRE)","Edward Bethell",58,+1,,,,,,,,,,
"BRAIN FREEZE (IRE)",2023,FILLY,"KESSAAR (IRE)","LADY LIZABETH (IRE)","Michael Dods",54,+5,,,,,,,,,,
"BRAVE EMPIRE (IRE)",2021,GELDING,"DARK ANGEL (IRE)","ISABEAU (IRE)","Ivan Furtado",57,-2,,,,,,,,,,
"BRAVE MOVE (IRE)",2019,GELDING,"GETAWAY (GER)","WATER ROCK (GB)","Fergal O'Brien",,,,,,,,,,86,-2,
"BRAVO ZULU (IRE)",2021,GELDING,"NATIONAL DEFENSE (GB)","RUNWAY GIANT (USA)","David Loughnane",77,+1,,79,+1,,,,,,,
"BREAK POINT (GB)",2020,GELDING,"IFFRAAJ (GB)","FINAL SET (IRE)","Luke Dace",46,,,,,,,,,109,-3,
"BRIGHLEE (FR)",2023,FILLY,"PERSIAN KING (IRE)","SOUDAINETE (GER)","David Menuisier",73,-3,,,,,,,,,,
"BRIGHTON BOY (IRE)",2022,GELDING,"GREGORIAN (IRE)","NATURAL INSTINCT (IRE)","Tim Easterby",86,+2,,,,,,,,,,
"BRIONYWELLS (GB)",2020,FILLY,"JACK HOBBS (GB)","PANDY WELLS (GB)","David Killahena & Graeme McPherson",,,,,,,,,,84,+7,
"BROSAY (GB)",2022,GELDING,"TASLEET (GB)","HATTYTOWN (GB)","Charlie Pike",89,-2,,,,,,,,,,
"BRUCE BANNER (IRE)",2022,GELDING,"STARSPANGLEDBANNER (AUS)","SPECIAL MEANING (GB)","Rebecca Menzies",55,-1,,,,,,,,100,,
"BUCKLAND BELLE (GB)",2023,FILLY,"ST MARK'S BASILICA (FR)","FEDERATION (GB)","Ollie Sangster",53,+3,,,,,,,,,,
"BULLINGTON BRY (GB)",2022,GELDING,"BATED BREATH (GB)","OH DREAM (GB)","Joey Ramsden",50,-2,,,,,,,,,,
"BUNDOK (GB)",2023,FILLY,"PINATUBO (IRE)","BAHAMADAM (GB)","Hughie Morrison",70,new,,,,,,,,,,
"BUNKER BAY (IRE)",2019,GELDING,"AUSTRALIA (GB)","ALF GUINEAS (IRE)","Micky Hammond",62,,,,,,,,,88,+6,
"BURGEON (GB)",2021,FILLY,"MASAR (IRE)","BADWEIA (USA)","David Killahena & Graeme McPherson",,,,,,,,,,74,-3,
"BURGUNDY MAN (FR)",2017,GELDING,"MANDURO (GER)","KAPIROVSKA (FR)","R. Mike Smith",,,,,,,87,,,87,new,
"BUY SOME TIME (IRE)",2018,GELDING,"DOYEN (IRE)","SEND TO WAR (GB)","R. Mike Smith",,,,,,,107,new,,107,,
"CAIM (GB)",2023,FILLY,"OASIS DREAM (GB)","PRADO (GB)","Edward Bethell",89,-2,,,,,,,,,,
"CALL GLORY (IRE)",2021,GELDING,"SOLDIER'S CALL (GB)","LA PERLA (SPA)","Ian Williams",56,-1,,,,,,,,,,
"CALL ME TARA (GB)",2017,FILLY,"KAYF TARA (GB)","CALL ME EMMA (IRE)","Fergal O'Brien",,,,,,,,,,105,-3,
"CANARIA QUEEN (GB)",2020,FILLY,"PASTORAL PURSUITS (GB)","GRAN CANARIA QUEEN (GB)","Tim Easterby",62,+1,,,,,,,,,,
"CANDY WARHOL (USA)",2019,GELDING,"TWIRLING CANDY (USA)","COSTUME (GB)","Scott Dixon",59,-1,,,,,,,,,,
"CAPITAL GUARANTEE (IRE)",2020,GELDING,"LOPE DE VEGA (IRE)","PROMISED MONEY (IRE)","David O'Meara",79,-1,,,,,,,,,,
"CAPTAIN BRUCE (IRE)",2023,GELDING,"AWTAAD (IRE)","SEDUCT (IRE)","Andrew Crook",47,-3,,,,,,,,,,
"CAPTAIN COOL (IRE)",2020,GELDING,"JET AWAY (GB)","LEGAL PROCEEDINGS (IRE)","Jennie Candlish",,,,,,,121,+12,,116,+7,
"CARBINE HARVESTER (FR)",2022,GELDING,"HELLO YOUMZAIN (FR)","BONITA QUEEN (FR)","William Haggas",75,-1,,82,-1,,,,,,,
"CARIDA (GB)",2022,FILLY,"HAVANA GOLD (IRE)","SIGHTSEEING (GB)","Simon West",43,-1,,,,,,,,,,
"CAROLUS MAGNUS (IRE)",2018,GELDING,"HOLY ROMAN EMPEROR (IRE)","IZOLA (GB)","Michael & David Easterby",64,-1,,,,,,,,,,
"CARTWHEEL (GB)",2022,FILLY,"LIGHTNING SPEAR (GB)","DEEP BLUE SEA (GB)","Dylan Cunha",58,-1,,,,,,,,,,
"CARWYN (IRE)",2023,GELDING,"MASAR (IRE)","GWENDOLYN (GER)","Patrick Morris",64,-5,,,,,,,,,,
"CASTLE STUART (IRE)",2022,COLT,"DUBAWI (IRE)","GOLDEN CROWN (GB)","Richard & Peter Fahey",88,-2,,,,,,,,,,
"CATCHIM (IRE)",2018,GELDING,"DOYEN (IRE)","HIGHLY PRESENTABLE (IRE)","Charles & Adam Pogson",,,,,,,99,-1,,,,
"CATERPILLAR GIRL (GB)",2021,FILLY,"TELESCOPE (IRE)","GOT AWAY (FR)","Tom George",,,,,,,91,-4,,91,-4,
"CAVIAR COWBOY (GB)",2023,COLT,"ZOUSTAR (AUS)","EVIL SPELL (GB)","James Fanshawe",85,+3,,,,,,,,,,
"CAWTHORNE BANKER (IRE)",2018,GELDING,"FLEMENSFIRTH (USA)","SHEES A DANTE (IRE)","Jonjo & A.J. O'Neill",,,,,,,,,,83,-3,
"CAWTHORNE CRACKER (IRE)",2019,GELDING,"FRAMMASSONE (IRE)","BALL PARK (IRE)","Oliver Greenall & Josh Guerriero",,,,,,,81,+1,,,,
"CAYMAN TAI (IRE)",2022,GELDING,"EARTHLIGHT (IRE)","NAMIBIE (GB)","Richard Hannon",76,-1,,,,,,,,,,
"CELANDINE (GB)",2022,FILLY,"KINGMAN (GB)","PEPITA (IRE)","Ed Walker",100,-1,,,,,,,,,,
"CELEBRATING ETHEL (IRE)",2019,FILLY,"GLENEAGLES (IRE)","DETER (GB)","Tony Carroll",46,-3,,,,,,,,,,
"CELESTIAL REIGN (IRE)",2021,GELDING,"ZOFFANY (IRE)","SARAWATI (IRE)","Micky Hammond",,,,,,,,,,91,-2,
"CELTIC JOHN (IRE)",2021,GELDING,"BURATINO (IRE)","CELTIC AVA (IRE)","Pat Phelan",48,-1,,,,,,,,,,
"CEOL DRAIOCHTA (IRE)",2021,GELDING,"TEOFILO (IRE)","CRE NA COILLE (IRE)","Adam Nicol",,,,,,,,,,105,-4,
"CEOLWULF (GB)",2016,GELDING,"FAME AND GLORY (GB)","SPIETA (IRE)","Fionn McSharry",,,,,,,98,+1,collateral,,,
"CEZARRO (IRE)",2022,GELDING,"ACCLAMATION (GB)","GRACE TO GRACE (IRE)","Ross Burdon",47,-1,,,,,,,,,,
"CHAMPONIE (GB)",2023,FILLY,"SHOWCASING (GB)","FINAL OPTION (GB)","George Boughey",83,-2,,,,,,,,,,
"CHAPEL GREEN (IRE)",2017,GELDING,"DYLAN THOMAS (IRE)","THE COOLEST CAT (IRE)","Lucinda Russell & Michael Scudamore",,,,,,,105,-3,,,,
"CHAPMAN'S PEAK (GB)",2023,GELDING,"SHOWCASING (GB)","MELESINA (IRE)","Ed Dunlop",67,-2,,,,,,,,,,
"CHARACTER TESTING (GB)",2021,GELDING,"TIME TEST (GB)","CHARACTERIZED (GB)","Mark Walford",60,,,,,,,,,95,+3,
"CHARGING THUNDER (GB)",2018,GELDING,"WAR COMMAND (USA)","STORMING SIOUX (GB)","James Owen",88,,,,,,,,,108,-1,
"CHARLATAN (IRE)",2020,GELDING,"MASTERCRAFTSMAN (IRE)","LYIN EYES (GB)","David Simcock",51,-2,,,,,,,,,,
"CHARLES DARNAY (GB)",2023,GELDING,"PLANTEUR (IRE)","MADAME DEFARGE (IRE)","James Owen",78,+2,collateral,,,,,,,,,
"CHARTWELL JOCK (GB)",2022,GELDING,"CHURCHILL (IRE)","TIPTREE (IRE)","Seamus Mullins",78,,,,,,,,,93,-1,
"CHEMISTRY (IRE)",2021,GELDING,"KINGMAN (GB)","HIGHEST EVER (IRE)","Jennie Candlish",88,,,,,,,,,113,new,
"CHER MONSIEUR (FR)",2020,GELDING,"CASTLE DU BERLAIS (FR)","MA CHERE AMIE (FR)","Neil Mulholland",,,,,,,93,+3,,93,+3,
"CHER TARA (IRE)",2019,FILLY,"KAYF TARA (GB)","ROCK CHICK SUPREMO (IRE)","Daragh Bourke",,,,,,,,,,86,-3,
"CHERRY BAKER (GB)",2023,FILLY,"HARRY ANGEL (IRE)","BUTSOVA (IRE)","James Owen",89,+4,,,,,,,,,,
"CHICAGO STORM (GB)",2019,GELDING,"DABIRSIM (FR)","HOH MY DARLING (GB)","Barry Murtagh",66,,,,,,100,new,,100,-1,collateral
"CHILLHI (IRE)",2020,GELDING,"CHURCHILL (IRE)","HI KATRIONA (IRE)","Barry Murphy",58,,,,,,,,,97,-3,
"CHURCHMAN (GB)",2018,GELDING,"DUNADEN (FR)","PICKERSLEIGH (IRE)","Alastair Ralph",,,,,,,,,,77,+1,
"CINDERELLO (GB)",2020,FILLY,"DOYEN (IRE)","FERNELLO (GB)","Alex Hales",,,,,,,,,,89,+6,
"CINNODIN (GB)",2020,GELDING,"ANODIN (IRE)","CINNILLA (GB)","Jamie Snowden",,,,,,,,,,104,+2,
"CLASSIC ENCOUNTER (IRE)",2021,GELDING,"SHAMARDAL (USA)","ZHUKOVA (IRE)","George Boughey",88,+4,,,,,,,,,,
"CLAYMORE (FR)",2019,GELDING,"NEW BAY (GB)","BRIT WIT (GB)","Jane Chapple-Hyam",94,-1,,,,,,,,,,
"CLEAN GETAWAY (IRE)",2017,GELDING,"GETAWAY (GER)","DEE TWO O TWO (IRE)","Philip Kirby",,,,,,,89,-1,,86,-1,
"CLEVER RELATION (GB)",2020,GELDING,"INTELLO (GER)","SWEET SELECTION (GB)","Christian Williams",,,,,,,,,,85,new,
"CLIPSHAM NOBLE (IRE)",2022,GELDING,"MEHMAS (IRE)","NOT MISBEGOTTEN (IRE)","Charlie Clover",50,+4,,,,,,,,,,
"CLOUDS HILL (IRE)",2022,COLT,"CRACKSMAN (GB)","CALARE (IRE)","Charlie Johnston",86,-1,,,,,,,,,,
"CLOVA ROYALE (GB)",2023,GELDING,"TERRITORIES (IRE)","PALME ROYALE (IRE)","Peter Niven",52,new,,,,,,,,,,
"COAST (GB)",2019,FILLY,"ACLAIM (IRE)","RIO'S CLIFFS (GB)","Scott Dixon",44,+3,,,,,,,,,,
"COCKNEY CLEOPATRA (IRE)",2021,FILLY,"AFFINISEA (IRE)","HIGH SOCIETY GIRL (IRE)","Jim & Suzi Best",,,,,,,,,,101,-4,
"COEDANA (IRE)",2022,FILLY,"KING OF CHANGE (GB)","ACTS OUT LOUD (USA)","Edward Bethell",103,+7,,,,,,,,,,
"COME ON OVER (IRE)",2023,GELDING,"KODIAC (GB)","NO LIPPY (IRE)","David O'Meara",65,-3,,,,,,,,,,
"COMIC HERO (IRE)",2023,GELDING,"SAXON WARRIOR (JPN)","SENSE OF HUMOUR (GB)","Andrew Balding",82,+2,collateral,,,,,,,,,
"COMPRADOR (GB)",2023,COLT,"NO NAY NEVER (USA)","MARSH HAWK (GB)","Antony Brittain",71,-1,,,,,,,,,,
"CONDOTTI (IRE)",2022,GELDING,"SOLDIER'S CALL (GB)","FAST PICK (IRE)","Hugo Palmer",60,-3,,,,,,,,,,
"CONNIE'S ROSE (GB)",2019,FILLY,"ADAAY (IRE)","SING SO SWEETLY (GB)","Grace Harris",65,+1,,,,,,,,,,
"COOLAGH MAGIC (GB)",2016,GELDING,"SEPOY (AUS)","MILIIKA (GB)","Anthony Carson",46,-2,,51,-2,,,,,,,
"COOLREE (IRE)",2019,GELDING,"MONDIALISTE (IRE)","QUAICH (GB)","Sam England",69,+1,,,,,,,,,,
"CORRESPONDENCE (GB)",2022,GELDING,"WAR FRONT (USA)","WALK IN MARRAKESH (IRE)","Tony Carroll",68,+1,,,,,,,,,,
"CORSICAN CAPER (IRE)",2020,GELDING,"FAST COMPANY (IRE)","KANSHE (IRE)","Kevin & Lauren Frost",48,,,,,,,,,103,+6,
"COSMO BROWN (IRE)",2023,COLT,"GHAIYYATH (IRE)","COSMIC APPROACH (IRE)","William Muir & Chris Grassick",72,new,,,,,,,,,,
"COSMOS RAJ (GB)",2018,GELDING,"IFFRAAJ (GB)","COSMOS PINK (GB)","David O'Meara",74,-2,,,,,,,,,,
"COUGAR FORCE (GB)",2023,FILLY,"LAND FORCE (IRE)","BYRONESS (GB)","Heather Main",47,+2,,,,,,,,,,
"COUNTRY ARTISTE (IRE)",2023,FILLY,"SUPREMACY (IRE)","SOUTHERN GAL (USA)","Craig Lidster",62,-3,,,,,,,,,,
"COUP DE COEUR (FR)",2018,GELDING,"NO RISK AT ALL (FR)","CESARINE PALACE (FR)","Micky Hammond",,,,,,,131,+4,,,,
"COURT IN A STORM (IRE)",2019,GELDING,"COURT CAVE (IRE)","AIMIGAYLE (GB)","Kim Bailey & Mat Nicholls",,,,,,,118,+3,,118,+3,
"CRAC DE MEGAUDAIS (FR)",2019,GELDING,"SADDEX (GB)","KAUTO ETOILEE (FR)","Tom Gretton",,,,,,,75,-5,,,,
"CRAFTER (IRE)",2018,GELDING,"MUHAARAR (GB)","BOSTON ROCKER (IRE)","Mark Loughnane",52,-2,,,,,,,,,,
"CRAZY ABOUT HER (IRE)",2020,FILLY,"VADAMOS (FR)","GRAVINA (GB)","Jake Coulson",,,,,,,,,,84,new,
"CRAZY PLAN (GB)",2023,FILLY,"PLANTEUR (IRE)","TRONADA (GB)","Dan Horsford",51,new,,,,,,,,,,
"CREBILLY (IRE)",2017,GELDING,"SOLDIER OF FORTUNE (IRE)","BLUEBERRY BRAMBLE (IRE)","Jonjo & A.J. O'Neill",,,,,,,,,,124,+4,
"CRECIENTE (GB)",2023,FILLY,"LOPE Y FERNANDEZ (IRE)","INCREASING (IRE)","Rod Millman",53,-2,,,,,,,,,,
"CREPE SUZETTE (IRE)",2022,FILLY,"SAXON WARRIOR (JPN)","SULTANINA (GB)","John & Thady Gosden",101,-2,,,,,,,,,,
"CREST OF FIRE (IRE)",2023,GELDING,"PHOENIX OF SPAIN (IRE)","CHICITA BANANA (GB)","Jack Channon",91,+5,,,,,,,,,,
"CRIMSON RAMBLER (GB)",2023,GELDING,"BATED BREATH (GB)","INFANTA ISABELLA (GB)","Matt Crawley",68,-1,,,,,,,,,,
"CROCKHAM HEATH (GB)",2023,COLT,"SEA THE MOON (GER)","ULTRAMARINE (FR)","Andrew Balding",84,+4,,,,,,,,,,
"CROCUS TIME (IRE)",2021,FILLY,"ACCLAMATION (GB)","KISS OF SPRING (IRE)","Ron Barr",57,+5,,,,,,,,,,
"CROWN OF INDIA (IRE)",2021,GELDING,"CAMELOT (GB)","QUEEN OF INDIA (IRE)","Alex Hales",,,,,,,,,,93,+4,
"CROWNRIGHT (GB)",2023,FILLY,"FRANKEL (GB)","ENVIRONS (GB)","Ralph Beckett",83,new,,,,,,,,,,
"CRYSTAL AURORA (IRE)",2023,FILLY,"ALKUMAIT (GB)","CRYSTAL DREAM (GB)","Ivan Furtado",53,-2,,,,,,,,,,
"CULLIGRAN (IRE)",2019,FILLY,"NOTNOWCATO (GB)","MOONLIT THEATRE (IRE)","D. J. Jeffreys",,,,,,,86,new,,,,
"CURIOUS ROVER (IRE)",2021,GELDING,"THE IRISH ROVER (IRE)","ONLY LIVE ONCE (GB)","Katie Scott",72,-2,,,,,,,,,,
"CUZCO DU MATHAN (FR)",2018,GELDING,"MARTALINE (GB)","THISBEE DU MATHAN (FR)","James Moffatt",,,,,,,95,-2,,,,
"DAISY ROOTS (GB)",2020,FILLY,"FOOTSTEPSINTHESAND (GB)","CAMBRIDGE DUCHESS (GB)","Jim Boyle",68,-1,,,,,,,,,,
"DALMALLY (GB)",2022,GELDING,"HIGHLAND REEL (IRE)","RESPECTFILLY (GB)","Mark Pattinson",57,-3,,,,,,,,,,
"DANCE TIME (GB)",2020,FILLY,"TIME TEST (GB)","DANCING PRIMO (GB)","David Loughnane",72,-2,,,,,,,,,,
"DANGER BAY (IRE)",2022,COLT,"NEW BAY (GB)","QUICKSAND (IRE)","Edward Bethell",102,+8,,,,,,,,,,
"DANRANA (IRE)",2023,FILLY,"DANDY MAN (IRE)","IMRANA (GB)","Fionn McSharry",60,new,,,,,,,,,,
"DAPPER GUEST (IRE)",2022,GELDING,"DANDY MAN (IRE)","SEA OF DREAMS (IRE)","George Margarson",80,-2,,87,,,,,,,,
"DAPPLED LIGHT (GB)",2020,GELDING,"TWILIGHT SON (GB)","MUMTAZA (GB)","Adrian Wintle",59,+2,collateral,,,,,,,,,
"DARING LEGEND (GB)",2021,GELDING,"DARK ANGEL (IRE)","SWISS AIR (GB)","Mark Pattinson",76,-1,,,,,,,,,,
"DARK KESTREL (IRE)",2020,GELDING,"DARK ANGEL (IRE)","GOODNIGHT AND JOY (IRE)","Antony Brittain",55,-1,,70,-2,,,,,,,
"DARK SUN (GB)",2021,FILLY,"DARK ANGEL (IRE)","SOLAR GOLD (IRE)","James Bennett",54,-1,,,,,,,,,,
"DARK TORNADO (IRE)",2021,GELDING,"DARK ANGEL (IRE)","SNOWY PEAK (GB)","Michael Wigham",90,-3,,,,,,,,,,
"DARVEL (IRE)",2018,GELDING,"DARK ANGEL (IRE)","ANTHEM ALEXANDER (IRE)","Patrick Chamings",68,-2,,,,,,,,,,
"DATA FATA SECUTUS (GB)",2023,FILLY,"UBETTABELIEVEIT (IRE)","MRS DISCOMBE (GB)","Rebecca Menzies",59,+1,,,,,,,,,,
"DAVITA BLAZE (IRE)",2021,FILLY,"JET AWAY (GB)","LUGHNASA (IRE)","Jonjo & A.J. O'Neill",,,,,,,,,,78,new,
"DAWN OF LIBERATION (IRE)",2019,GELDING,"CHURCHILL (IRE)","DANETIME OUT (IRE)","Ruth Carr",70,-1,,,,,,,,,,
"DAYDREAMA (GB)",2023,GELDING,"DREAM AHEAD (USA)","SOCIAL MEDIA (GB)","Tim Easterby",89,-1,,,,,,,,,,
"DC COGENT (GB)",2022,GELDING,"WASHINGTON DC (IRE)","ANALYTICAL (GB)","Bryan Smart",64,-1,,,,,,,,,,
"DECALOGUE (USA)",2023,GELDING,"CONSTITUTION (USA)","SUN SUMMERS (USA)","Jamie Osborne",72,new,,,,,,,,,,
"DELPOTRO (FR)",2020,GELDING,"MASKED MARVEL (GB)","TIGRINE (FR)","Charlie Longsdon",,,,,,,105,-2,,,,
"DESERT COP (GB)",2020,GELDING,"OASIS DREAM (GB)","SPEED COP (GB)","George Baker",86,-3,,,,,,,,,,
"DESERT MASTER (GB)",2021,GELDING,"BLUE POINT (IRE)","AL FAREEJ (IRE)","Antony Brittain",46,-1,,,,,,,,,,
"DIAMOND AURA (IRE)",2023,FILLY,"WOOTTON BASSETT (GB)","POSSET (GB)","Hugo Palmer",48,-4,,,,,,,,,,
"DICKENS (IRE)",2018,GELDING,"EXCELEBRATION (IRE)","OPEN BOOK (GB)","Jennie Candlish",,,,,,,,,,115,+5,
"DICKO THE LEGEND (IRE)",2020,GELDING,"ARDAD (IRE)","CALEDONIA PRINCESS (GB)","Liam Bailey",69,-1,,,,,,,,,,
"DIDEROT (GB)",2018,GELDING,"BATED BREATH (GB)","MODERN LOOK (GB)","Julie Camacho",73,-5,,85,-5,,,,,,,
"DIGITAL (IRE)",2018,GELDING,"KODI BEAR (IRE)","NOTTE ILLUMINATA (IRE)","Ruth Carr",59,-3,,,,,,,,,,
"DILIGENT RESDEV (GB)",2021,GELDING,"DUE DILIGENCE (USA)","DOOBAHDEEDOO (USA)","Michael & David Easterby",82,-1,,,,,,,,,,
"DIOMED SPIRIT (GB)",2020,GELDING,"CHARM SPIRIT (IRE)","DAINTY DANDY (IRE)","Chris Gordon",54,-2,,69,-2,,,,,,,
"DION BAKER (IRE)",2019,GELDING,"RIBCHESTER (IRE)","TIGA TUAN (FR)","Michael Wigham",55,+8,,,,,,,,,,
"DIPLOMATIC ASH (IRE)",2019,GELDING,"DOYEN (IRE)","CARRIGEEN LECHUGA (IRE)","Gary & Josh Moore",,,,,,,111,+3,,111,+3,
"DISSIDENT (GB)",2022,GELDING,"FRANKEL (GB)","EMULOUS (GB)","Gary & Josh Moore",57,-3,,,,,,,,95,,
"DISTANT SHORE (GB)",2023,FILLY,"NEW BAY (GB)","FARZEEN (GB)","Roger Varian",75,-1,,,,,,,,,,
"DIVINE KNIGHT (IRE)",2021,GELDING,"NIGHT OF THUNDER (IRE)","DIANTHA (IRE)","William Haggas",84,-2,,,,,,,,,,
"DO BRONXS (IRE)",2023,GELDING,"OASIS DREAM (GB)","LOLA SHOWGIRL (IRE)","David Loughnane",88,-1,,,,,,,,,,
"DOCTOR GLIDE (FR)",2018,GELDING,"DOCTOR DINO (FR)","CAVALIERE (FR)","Tim Vaughan",,,,,,,104,new,,104,,
"DONNA NOOK (GB)",2022,FILLY,"BATED BREATH (GB)","ROSTOVA (USA)","David O'Meara",69,-1,,,,,,,,,,
"DORA VITA (GB)",2023,FILLY,"DREAM AHEAD (USA)","ENLIVEN (GB)","Richard Phillips",49,-3,,,,,,,,,,
"DORALEE (GB)",2021,FILLY,"SWISS SPIRIT (GB)","JOFRANKA (GB)","David & Nicola Barron",48,-1,,,,,,,,,,
"DORNEY LAKE (GB)",2021,GELDING,"ARDAD (IRE)","DORA'S SISTER (IRE)","Liam Bailey",66,-2,,,,,,,,,,
"DOUBLE DIGITS (GB)",2018,GELDING,"MASTERCRAFTSMAN (IRE)","SINGING BIRD (IRE)","Ann Hamilton",,,,,,,,,,114,+2,
"DOUBLE RED (GB)",2021,GELDING,"BELARDO (IRE)","RED BOOTS (IRE)","Henry Candy",76,-1,collateral,,,,,,,,,
"DOUWANTITRIGHTNOW (IRE)",2023,FILLY,"MEHMAS (IRE)","TALIYNA (IRE)","Kevin Ryan",67,-3,,,,,,,,,,
"DREAM DEAL (GB)",2019,GELDING,"DUE DILIGENCE (USA)","TRIVENI (FR)","Tim Easterby",56,-2,,,,,,,,,,
"DREAMBIRD DOLLY (GB)",2022,FILLY,"TASLEET (GB)","QUENCH DOLLY (GB)","John Gallagher",48,+6,,,,,,,,,,
"DUBAI FUTURE (GB)",2016,GELDING,"DUBAWI (IRE)","ANJAZ (USA)","Saeed bin Suroor",113,+4,,,,,,,,,,
"DUBAI JEANIUS (IRE)",2018,GELDING,"PRIDE OF DUBAI (AUS)","TEMPURA (GER)","Michael Herrington",76,-1,collateral,,,,,,,,,
"DUBLIN BAY (IRE)",2023,GELDING,"NEW BAY (GB)","LA FIAMMA (USA)","Ollie Sangster",85,+10,,,,,,,,,,
"DUBLIN CITY (IRE)",2020,GELDING,"WALK IN THE PARK (IRE)","JOLUCY (IRE)","Julian Smith",,,,,,,,,,80,-2,
"DUE RESPECT (IRE)",2022,FILLY,"SOLDIER'S CALL (GB)","DUE CARE (GB)","Gary Rutherford",51,-1,,,,,,,,,,
"DUKE OF LUCKLEY (IRE)",2017,GELDING,"MAHLER (GB)","EMILY'S PRINCESS (IRE)","Martin Keighley",,,,,,,114,new,,,,
"DUNKERQUE (DEN)",2020,GELDING,"APPEL AU MAITRE (FR)","SILVER SEAS (DEN)","Jennie Candlish",,,,,,,122,+4,,118,,
"DUSKY DAYS (IRE)",2017,GELDING,"FLEMENSFIRTH (USA)","DAY'S OVER (GB)","James Moffatt",,,,,,,,,,95,-2,
"EARLY RELEASE (GB)",2022,GELDING,"SERGEI PROKOFIEV (CAN)","EVENING STARLIGHT (GB)","David Evans",71,+3,,,,,,,,,,
"EATON ANNE (IRE)",2018,GELDING,"GOLDEN LARIAT (USA)","EXPRESS MAIL (IRE)","Olly Murphy",,,,,,,110,,,110,new,
"ECHO OF FAITH (IRE)",2023,GELDING,"LUCKY VEGA (IRE)","OH GRACE (IRE)","Charlie Wallis",78,new,,,,,,,,,,
"ECHO OF STARS (IRE)",2023,COLT,"SEA THE STARS (IRE)","VALAIS GIRL (GB)","Oliver Cole",90,+3,,,,,,,,,,
"ECHO VALLEY (GB)",2023,FILLY,"KAMEKO (USA)","TABLE MOUNTAIN (GB)","Tom Symonds",51,-2,,,,,,,,,,
"EDERGOLE'S GIFT (IRE)",2021,FILLY,"RELIABLE MAN (GB)","IRISHSTONE (IRE)","Conrad Allen",50,-2,,,,,,,,,,
"EL FOX (GB)",2022,FILLY,"TIME TEST (GB)","AMERICAN ENDEAVOUR (USA)","Marco Botti",55,-1,,,,,,,,,,
"EL MUCHACHO (IRE)",2017,GELDING,"WALK IN THE PARK (IRE)","LA SEGNORA (FR)","Mike Sowersby",,,,,,,96,-1,,,,
"EL NAY (IRE)",2023,GELDING,"PALACE PIER (GB)","ANGHAAM (IRE)","Richard Hannon",83,-3,,,,,,,,,,
"EL PINTO (GB)",2022,GELDING,"CRACKSMAN (GB)","BITHYNIA (IRE)","Christopher Kellett",58,-2,,,,,,,,,,
"ELEMENTS OF FIRE (GB)",2022,GELDING,"TOO DARN HOT (GB)","I REMEMBER YOU (IRE)","Archie Watson",93,-1,,,,,,,,,,
"ELEMMA (IRE)",2023,FILLY,"STARMAN (GB)","PALE ORCHID (IRE)","Richard & Peter Fahey",64,new,,,,,,,,,,
"ELETTARIA (IRE)",2019,FILLY,"MEHMAS (IRE)","RAYON ROUGE (IRE)","John Wainwright",44,-1,,,,,,,,,,
"ELIGIBLE (IRE)",2016,GELDING,"DARK ANGEL (IRE)","SECRETS AWAY (IRE)","Michael & David Easterby",80,-1,,,,,,,,,,
"ELIZABETH BAY (GB)",2022,FILLY,"NEW BAY (GB)","QUITE A THING (GB)","Katie Scott",58,-4,,,,,,,,,,
"ELORA PRINCE (IRE)",2023,GELDING,"COULSTY (IRE)","ELORA PRINCESS (GER)","Adrian Wintle",46,new,,,,,,,,,,
"EMERALD REINE (GB)",2023,FILLY,"MASAR (IRE)","DIVINE QUEEN (GB)","Julia & Shelley Birkett",48,new,,,,,,,,,,
"EMPEROR CARADOC (FR)",2019,GELDING,"SIYOUNI (FR)","TRIBUNE LIBRE (IRE)","Paul Midgley",76,-1,collateral,,,,,,,,,
"ENAMORUS (IRE)",2023,FILLY,"MEHMAS (IRE)","PERFECT LIGHT (IRE)","Hugo Palmer",74,-1,,,,,,,,,,
"ENDLESS WHISPER (GB)",2020,FILLY,"TEOFILO (IRE)","ALL CLEAR (GB)","Michael & David Easterby",65,-2,,,,,,,,,,
"ENEMY (GB)",2017,GELDING,"MUHAARAR (GB)","PRUDENZIA (IRE)","Ian Williams",99,-1,,,,,,,,,,
"ENRICHER (IRE)",2023,COLT,"PROFITABLE (IRE)","DREAMING MOMENT (IRE)","William Muir & Chris Grassick",81,-2,,,,,,,,,,
"ENVIOUS EDITOR (IRE)",2014,GELDING,"AIZAVOSKI (IRE)","MOLL THE ROL (IRE)","Daniel Cherriman",,,,,,,104,new,,104,new,
"EPICTETUS (IRE)",2020,GELDING,"KINGMAN (GB)","THISTLE BIRD (GB)","Jamie Osborne",80,-1,,,,,,,,,,
"ERNST BLOFELD (IRE)",2022,GELDING,"FRANKEL (GB)","QUIDURA (GB)","Hamad Al Jehani",96,+7,,,,,,,,,,
"ERUDITION (GB)",2023,GELDING,"MEHMAS (IRE)","STRAIGHT THINKING (USA)","George Boughey",84,new,,,,,,,,,,
"ESCAPE MAGIC (GB)",2023,FILLY,"WITHOUT PAROLE (GB)","EBRAHCADEBRAH (GB)","Owen Burrows",54,+5,,,,,,,,,,
"ESCAPOLOGIST (FR)",2019,GELDING,"IT'S GINO (GER)","COMOHIO (FR)","Nick Scholfield",,,,,,,,,,115,-1,
"ESPERTI (IRE)",2017,GELDING,"PRESENTING (GB)","ELSIE (IRE)","David Rees",,,,,,,106,-1,,,,
"ETERNAL ANGEL (FR)",2020,GELDING,"AUTHORIZED (IRE)","EARTH AFFAIR (GER)","Tom Lacey",,,,,,,,,,115,+3,
"ETERNAL SOLACE (GB)",2023,FILLY,"TASLEET (GB)","YES ALWAYS (IRE)","Ollie Sangster",81,-2,,,,,,,,,,
"EVA THE DEEVA (GB)",2023,FILLY,"TERRITORIES (IRE)","ANANDA KANDA (USA)","Nigel Tinkler",48,-2,,,,,,,,,,
"EVE'S BOY (GB)",2022,GELDING,"EXPERT EYE (GB)","GIRLS TALK (IRE)","Michael Dods",67,-1,,,,,,,,,,
"EVELYN'S PHOENIX (FR)",2021,GELDING,"PHOENIX OF SPAIN (IRE)","PEBBLES PLACE (GB)","Tim Easterby",52,-2,,,,,,,,,,
"EVENWOOD SONOFAGUN (IRE)",2018,GELDING,"THE GURKHA (IRE)","RAVISH (GB)","Lizzie Quinlan",53,,,,,,,,,104,+11,
"EVERGREEN EMERALD (GB)",2023,FILLY,"MASAR (IRE)","SUMMER'S EVE (GB)","Tim Easterby",48,-2,,,,,,,,,,
"EVIE ROSS (IRE)",2023,FILLY,"COULSTY (IRE)","MACARTHURS PARK (IRE)","Clive Cox",75,-2,,,,,,,,,,
"EVOLUIR (IRE)",2021,GELDING,"CABLE BAY (IRE)","BRIGHT NEW DAY (IRE)","Micky Hammond",42,-1,,,,,,,,,,
"EXOTIC BABY (GB)",2023,GELDING,"TOO DARN HOT (GB)","RUFFLED (GB)","George Boughey",78,-1,,,,,,,,,,
"EY UP HE'S A STAR (GB)",2022,GELDING,"SOGANN (FR)","VELVET JAGUAR (GB)","Tony Coyle & Kaine Wood",58,-1,,,,,,,,,,
"FAIRLAWN FLYER (GB)",2016,GELDING,"DR MASSINI (IRE)","SHE'S OUR NATIVE (IRE)","Mickey Bowen",,,,,,,115,-1,,,,
"FAIRYDALE (IRE)",2023,FILLY,"WALDGEIST (GB)","ANGEVINE (GB)","Tim Easterby",55,-3,,,,,,,,,,
"FALCON QUEEN (IRE)",2023,FILLY,"EARTHLIGHT (IRE)","ELNADIM STAR (IRE)","R. Mike Smith",64,-2,,,,,,,,,,
"FALLONS FIRST (IRE)",2022,FILLY,"KODIAC (GB)","SEA BAY (GB)","K. R. Burke",55,-3,,,,,,,,,,
"FANDABIDOZI (IRE)",2018,GELDING,"MASTERCRAFTSMAN (IRE)","CRANKY SPANKY (IRE)","Gary Hanmer",44,,,,,,,,,102,-2,
"FAR AHEAD (IRE)",2022,GELDING,"FAR ABOVE (IRE)","SAGENESS (IRE)","Richard & Peter Fahey",47,+1,,,,,,,,,,
"FENLANDER (GB)",2021,GELDING,"TERRITORIES (IRE)","SPECIALTY (IRE)","Pam Sly",63,+4,,,,,,,,,,
"FIFTY NIFTY (IRE)",2021,GELDING,"TEN SOVEREIGNS (IRE)","LEALA (IRE)","Chelsea Banham",76,-2,,,,,,,,,,
"FILIBUSTERING (GB)",2021,GELDING,"POSTPONED (IRE)","MYSTIQUE (GB)","Harry Derham",73,-2,,,,,,,,122,+1,
"FILLE IMBASSEE (GB)",2023,FILLY,"UBETTABELIEVEIT (IRE)","SASSIE (IRE)","Julie Camacho",63,-2,,,,,,,,,,
"FILLE UNIQUE (IRE)",2023,FILLY,"KODI BEAR (IRE)","MISS VIOLETTA (FR)","Bryan Smart",68,+2,,,,,,,,,,
"FILLY FODEN (IRE)",2023,FILLY,"ARDAD (IRE)","SOME SPIRIT (IRE)","Rod Millman",62,-2,,,,,,,,,,
"FINANCER (GB)",2021,GELDING,"CRACKSMAN (GB)","ISA (GB)","Tim Easterby",75,-1,,,,,,,,,,
"FIRCOMBE HALL (GB)",2018,GELDING,"CHARMING THOUGHT (GB)","MARMOT BAY (IRE)","Philip Kirby",54,-1,,,,,,,,,,
"FIRST FOLIO (GB)",2018,GELDING,"DARK ANGEL (IRE)","LILIAN BAYLIS (IRE)","Julie Camacho",78,-2,,,,,,,,,,
"FIRST LEGION (IRE)",2023,COLT,"MEHMAS (IRE)","NAVETTE (IRE)","Richard Hannon",88,-1,,,,,,,,,,
"FIRST PRINCIPLE (GB)",2022,GELDING,"KINGMAN (GB)","GUILTY TWELVE (USA)","William Haggas",93,-2,,,,,,,,,,
"FITZMAURICE (IRE)",2022,GELDING,"WOOTTON BASSETT (GB)","ALWAYS A DREAM (GB)","Tony Carroll",46,-1,,,,,,,,,,
"FIVETHOUSANDTOONE (IRE)",2018,GELDING,"FRANKEL (GB)","PROMISED MONEY (IRE)","Tim Easterby",81,-3,,98,,,,,,,,
"FLETCHER (GB)",2023,GELDING,"WITHOUT PAROLE (GB)","INKE (IRE)","Jim Boyle",49,-2,,,,,,,,,,
"FLYBAR (IRE)",2023,FILLY,"ARDAD (IRE)","HOUSEHOLD NAME (GB)","Hugo Palmer",47,-1,,,,,,,,,,
"FLYTA (IRE)",2023,FILLY,"STARMAN (GB)","PRINCESS ROSE (GB)","Mark Loughnane",67,-3,,,,,,,,,,
"FOLK PAGEANT (GB)",2023,FILLY,"MASAR (IRE)","LADY MARIAN (GER)","Charlie Johnston",80,+6,,,,,,,,,,
"FOLLOW THE LEADER (IRE)",2019,GELDING,"SHOLOKHOV (IRE)","VINORINE (FR)","John Wainwright",,,,,,,83,new,,83,new,
"FOOD FOR THOUGHT (GB)",2023,FILLY,"DUBAWI (IRE)","THOUGHT PROCESS (GB)","Ralph Beckett",80,new,,,,,,,,,,
"FOOTLOOSE MAN (GB)",2019,GELDING,"TELESCOPE (IRE)","ALIKAT (IRE)","Richard Hobson",,,,,,,92,+8,,,,
"FOOTWORK (GB)",2022,COLT,"FOOTSTEPSINTHESAND (GB)","DE VEER CLIFFS (IRE)","Charlie Johnston",87,+1,,,,,,,,,,
"FOR LOVE OF BEAUTY (GB)",2021,FILLY,"ULYSSES (IRE)","A LEGACY OF LOVE (IRE)","Noel Williams",,,,,,,,,,73,-1,
"FORCA TIMAO (IRE)",2020,GELDING,"KESSAAR (IRE)","BELLE DIVA (IRE)","Mark Pattinson",60,-1,,,,,,,,,,
"FOREST PHOENIX (GB)",2023,GELDING,"LOPE DE VEGA (IRE)","SILK FOREST (IRE)","Tim Easterby",72,new,,,,,,,,,,
"FOREVER MY PRINCE (GB)",2022,GELDING,"SHOWCASING (GB)","ONE KISS (GB)","Michael Blake",62,-2,,,,,,,,,,
"FOUETTE (IRE)",2022,FILLY,"ACCLAMATION (GB)","SPRING LEAF (FR)","James Horton",87,-2,,,,,,,,,,
"FOX AVATAR (IRE)",2021,GELDING,"FRANKEL (GB)","COME ON LEICESTER (IRE)","Roger Varian",85,-1,,,,,,,,,,
"FOX WALLACE (IRE)",2018,FILLY,"MAHLER (GB)","BOB ROBIN (IRE)","Ella Pickard",,,,,,,69,-3,,,,
"FRANK STAMPER (GB)",2022,GELDING,"FRANKEL (GB)","SWISS DREAM (GB)","Tony Carroll",72,,,,,,,,,96,-2,
"FRANTIC (GB)",2023,FILLY,"FRANKEL (GB)","FRENETIC (IRE)","Ed Walker",72,+2,,,,,,,,,,
"FRERE D'ARMES (FR)",2017,GELDING,"BATHYRHON (GER)","VILLE SAINTE (FR)","Dan Skelton",,,,,,,110,-2,,,,
"FRONT LINE FURY (IRE)",2023,GELDING,"KODI BEAR (IRE)","BOBBI GRACE (IRE)","George Scott",83,-2,,,,,,,,,,
"FURTHUR (IRE)",2022,GELDING,"WALDGEIST (GB)","DANAMIGHT (IRE)","Andrew Balding",109,-2,,,,,,,,,,
"GAELIC APPROACH (GB)",2023,GELDING,"MASAR (IRE)","FAUGHILL (IRE)","Charlie Johnston",76,+3,,,,,,,,,,
"GAL (IRE)",2023,FILLY,"BUNGLE INTHEJUNGLE (GB)","SOMMORE (IRE)","Mark Loughnane",52,new,,,,,,,,,,
"GALILEAN QUALITY (IRE)",2023,GELDING,"TEOFILO (IRE)","DUBAI QUALITY (IRE)","K. R. Burke",85,+4,,,,,,,,,,
"GALLANT LION (GB)",2020,GELDING,"ROARING LION (USA)","LYSANDA (GER)","Ian Williams",69,+3,,,,,,,,100,,
"GALOP DE CHASSE (FR)",2016,GELDING,"BORIS DE DEAUVILLE (IRE)","MOUSSE DES BOIS (FR)","Venetia Williams",,,,,,,120,+1,collateral,,,
"GANTHORPE (GB)",2023,GELDING,"DREAM AHEAD (USA)","AETNA (GB)","Michael & David Easterby",49,+2,,,,,,,,,,
"GARDEN OASIS (GB)",2015,GELDING,"EXCELEBRATION (IRE)","QUEEN ARABELLA (GB)","Tim Easterby",74,-1,,,,,,,,,,
"GATEAU DE MIEL (FR)",2016,GELDING,"APSIS (GB)","VIE SA VIE (FR)","Fergal O'Brien",,,,,,,115,+7,,,,
"GEMICAL (IRE)",2023,FILLY,"MAGNA GRECIA (IRE)","SALVE LIBERTE (IRE)","Rebecca Menzies",55,-3,,,,,,,,,,
"GENNADIUS (GB)",2022,GELDING,"ULYSSES (IRE)","GEMINA (IRE)","Richard Hannon",65,-2,,,,,,,,,,
"GENTLE WARRIOR (IRE)",2022,GELDING,"MOHAATHER (GB)","GENTLE ON MY MIND (IRE)","K. R. Burke",75,-2,,,,,,,,,,
"GENTLEMAN JOE (GB)",2018,GELDING,"AUTHORIZED (IRE)","BELLA LULU (GB)","Matt Crawley",86,-3,,,,,,,,108,,
"GEORDIE NIGHT (GB)",2019,GELDING,"GEORDIELAND (FR)","NIGHT SYMPHONIE (GB)","Nick Kent",,,,,,,,,,93,-1,
"GEORGIA'S CHARM (IRE)",2020,FILLY,"ORDER OF ST GEORGE (IRE)","REILLYS DAUGHTER (GB)","Fergal O'Brien",,,,,,,,,,83,-3,
"GEORGIE'S MALT (GB)",2020,FILLY,"ORDER OF ST GEORGE (IRE)","MRS MALT (IRE)","Ewan Whillans",,,,,,,,,,82,-1,
"GET A SUPERSTAR (IRE)",2018,GELDING,"GETAWAY (GER)","GLENARIFF (GB)","Dr Richard Newland & Jamie Insole",,,,,,,91,+3,,,,
"GET OUTTA HERE (FR)",2023,GELDING,"ZELZAL (FR)","ARTIFIX (IRE)","David Menuisier",76,+6,,,,,,,,,,
"GET UP EVERYBODY (IRE)",2022,GELDING,"INVINCIBLE ARMY (IRE)","LAILA HONIWILLOW (GB)","Paul Midgley",60,-1,,,,,,,,,,
"GETHIN (IRE)",2022,COLT,"GHAIYYATH (IRE)","ANISEED (IRE)","Owen Burrows",117,+4,,,,,,,,,,
"GETONE (IRE)",2019,GELDING,"GETAWAY (GER)","ONEWAYORANOTHER (IRE)",,,,,,,,,,,83,-5,
"GHADRA (IRE)",2023,FILLY,"INVINCIBLE SPIRIT (IRE)","CRISTAL FASHION (IRE)",,44,-1,,,,,,,,,,
"GHOST JURY (IRE)",2019,FILLY,"JUKEBOX JURY (IRE)","REVELLING (IRE)","Kayley Woollacott",,,,,,,,,,78,new,
"GIDDYUPADINGDONG (IRE)",2020,GELDING,"EL KABEIR (USA)","WIND INHER SLEEVES (USA)","Neil Mulholland",,,,,,,,,,85,-3,
"GILES GLORY (IRE)",2023,GELDING,"COTAI GLORY (GB)","IMPERIAL BUTTERFLY (IRE)","Tom Ellis",52,-1,,,,,,,,,,
"GIRLS ALLOWED (IRE)",2023,FILLY,"ALKUMAIT (GB)","ATLANTEIA (IRE)","Julia & Shelley Birkett",46,-1,,,,,,,,,,
"GLEN BUCK (IRE)",2019,GELDING,"LOPE DE VEGA (IRE)","PECKING ORDER (IRE)","Roger Varian",94,new,,,,,,,,,,
"GLENFINNAN (IRE)",2020,GELDING,"HARRY ANGEL (IRE)","FATANAH (IRE)","Michael Dods",79,+1,,,,,,,,,,
"GLENGOULY (FR)",2016,GELDING,"COASTAL PATH (GB)","ROULMAPOULE (FR)","Faye Bramley",,,,,,,135,+7,,,,
"GLORIOUS KITTY (IRE)",2022,FILLY,"COTAI GLORY (GB)","DESTINY'S KITTEN (IRE)","Michael & David Easterby",69,+1,,,,,,,,,,
"GLORY AND HONOUR (IRE)",2016,GELDING,"ELUSIVE PIMPERNEL (USA)","ON KHEE (GB)","Sam England",64,,,,,,115,,,110,new,
"GLOWCHESTER (GB)",2021,FILLY,"MASSAAT (IRE)","PIRANHA (IRE)","Ivan Furtado",60,new,,,,,,,,,,
"GNOCCHI (IRE)",2023,FILLY,"SUPREMACY (IRE)","SAR OICHE (IRE)","James Horton",59,-1,,,,,,,,,,
"GO FOR GOLD (GB)",2023,FILLY,"HAVANA GOLD (IRE)","PLAY STREET (GB)","Jonathan Portman",49,-2,,,,,,,,,,
"GOLDEN CIRCET (IRE)",2020,GELDING,"RAJJ (IRE)","ROSILIPSCURVEHIPS (GB)","Jim & Suzi Best",73,-1,,,,,,,,91,,
"GOLDEN KNIGHT (IRE)",2023,COLT,"CAMELOT (GB)","BYE BYE BIRDIE (IRE)","Ed Walker",87,new,,,,,,,,,,
"GOLDEN MABEL (GB)",2023,FILLY,"MASSAAT (IRE)","CALEDONIAN GOLD (GB)","Lisa Williamson",60,+5,,,,,,,,,,
"GOLDEN PROSPERITY (IRE)",2019,GELDING,"GALILEO GOLD (GB)","APRIL (IRE)","Tony Coyle & Kaine Wood",50,-2,,,,,,,,,,
"GOODWIN FACE (FR)",2020,GELDING,"NO RISK AT ALL (FR)","ROSE BOMBON (FR)","Chris Gordon",,,,,,,,,,103,+8,
"GORCOMBE MOONSHINE (GB)",2017,GELDING,"ALQAAHIR (USA)","SEEMMA (GB)","Robert Walford",,,,,,,76,-1,,,,
"GOREY GOLD (IRE)",2023,GELDING,"GALILEO GOLD (GB)","COLUMBIA KID (IRE)","Jonathan Portman",79,-2,,,,,,,,,,
"GORVENNEC (FR)",2019,GELDING,"MARTALINE (GB)","ROLANDALE (FR)","N. W. Alexander",,,,,,,85,-5,,85,-5,
"GOT GREY (FR)",2019,GELDING,"OUTSTRIP (GB)","LOVELY BEST (FR)","James Moffatt",,,,,,,111,-1,,,,
"GOZO (IRE)",2020,GELDING,"COTAI GLORY (GB)","MALTA (USA)","Andrew Hamilton",67,,,,,,,,,79,-5,
"GRAND CITADEL (IRE)",2021,FILLY,"RIBCHESTER (IRE)","ANDORRA (GB)","Micky Fenton",56,+2,,,,,,,,,,
"GRAND CLERMONT (FR)",2016,GELDING,"MARESCA SORRENTO (FR)","FLO DE CLERMONT (FR)","David Pipe",,,,,,,122,+10,,,,
"GRANT WOOD (IRE)",2019,GELDING,"CARAVAGGIO (USA)","AZAGBA (FR)","Paul Midgley",81,-1,,,,,,,,,,
"GREAT D'ANGE (FR)",2016,GELDING,"GREAT PRETENDER (IRE)","VICKX (FR)","Alexander Gibbons",,,,,,,97,,,83,-4,
"GREAT SUCCESS (GB)",2023,GELDING,"IFFRAAJ (GB)","BEAUTIFUL NEWS (GB)","Richard & Peter Fahey",60,-5,,,,,,,,,,
"GREEK ORDER (GB)",2020,GELDING,"KINGMAN (GB)","TROJAN QUEEN (USA)","Michael Bell",90,-2,,,,,,,,,,
"GREEN TEAM (FR)",2019,GELDING,"WOOTTON BASSETT (GB)","ON THE LINE (FR)","Nick Littmoden",65,+4,,,,,,,,,,
"GREER HILL (IRE)",2021,GELDING,"JET AWAY (GB)","SHE'S ON THE CASE (IRE)","Jennie Candlish",,,,,,,,,,85,-4,
"GRESSINGTON (IRE)",2021,GELDING,"OUTSTRIP (GB)","SILVER GAMES (IRE)","Katie Scott",71,-3,,,,,,,,,,
"GREY FOX (IRE)",2017,GELDING,"GUTAIFAN (IRE)","BOUCHERON (GB)","Emma Lavelle",68,new,,,,,,,,,,
"GREY HORIZON (GB)",2023,COLT,"HAVANA GREY (GB)","SHARLA (GB)","Scott Dixon",74,+3,,,,,,,,,,
"GRIZEDALE (GB)",2022,GELDING,"ZOUSTAR (AUS)","PENNY DROPS (GB)","Daniel & Claire Kubler",85,-1,collateral,,,,,,,,,
"GUITAR SOLO (GB)",2023,FILLY,"SHOWCASING (GB)","AMPLIFIER (GB)","Richard Hannon",74,new,,,,,,,,,,
"GUNFIGHTER (IRE)",2021,GELDING,"SIYOUNI (FR)","RAINBOW HEART (IRE)","John Butler",68,-2,,,,,,,,,,
"GUNSIGHT RIDGE (GB)",2015,GELDING,"MIDNIGHT LEGEND (GB)","GRANDMA GRIFFITHS (GB)","Mike Sowersby",,,,,,,134,-2,,,,
"GUSTAVO GOODWAY (IRE)",2018,GELDING,"SAGEBURG (IRE)","CHRISTINA (IRE)","Joanne Foster",,,,,,,,,,81,-5,
"GWEN TENNYSON (IRE)",2023,FILLY,"STARMAN (GB)","GWEN LADY BYRON (IRE)","Gemma Tutty",59,new,,,,,,,,,,
"GWENNIE MAY BOY (IRE)",2018,GELDING,"MAHLER (GB)","SAMSHA (IRE)","Christian Williams",,,,,,,,,,142,-2,collateral
"GWENNIE MAY STAR (FR)",2020,GELDING,"MASTERSTROKE (USA)","GRANDE SYMPHONIE (FR)","Christian Williams",,,,,,,,,,113,-2,
"HAMADHAN (IRE)",2022,COLT,"LOPE DE VEGA (IRE)","HAMARIYNA (IRE)","Jennie Candlish",75,-5,,,,,,,,,,
"HANDMEDOWNASTAR (IRE)",2020,GELDING,"DIAMOND BOY (FR)","BREAFFY HOUSE LADY (IRE)","Seamus Mullins",,,,,,,,,,115,+5,
"HAPPY CHANDLER (GB)",2021,GELDING,"AL KAZEEM (GB)","KENTUCKY BELLE (IRE)","Michael Blake",58,+2,,,,,,,,,,
"HAREL DU MARAIS (FR)",2017,GELDING,"AL NAMIX (FR)","URBI ET ORBI (FR)","Charles & Adam Pogson",,,,,,,109,,,109,new,
"HARLEQUIN BREEZE (IRE)",2023,FILLY,"NEW BAY (GB)","SACRED RHYME (IRE)","Jane Chapple-Hyam",90,+6,,,,,,,,,,
"HARLEY'S PRIDE (IRE)",2020,FILLY,"JET AWAY (GB)","CLOUD BREAK (GB)","Nick Scholfield",,,,,,,,,,88,+1,
"HARLINGTON (FR)",2021,GELDING,"HUNTER'S LIGHT (IRE)","LOG OFF (IRE)","Charlie Clover",72,-1,,,,,,,,,,
"HARSWELL RIVER (IRE)",2023,FILLY,"RIVER BOYNE (IRE)","PRINCESSE EVA (FR)","Roger Fell",50,-1,,,,,,,,,,
"HATAMOTO (GB)",2023,GELDING,"TASLEET (GB)","VOTE OFTEN (GB)","Tim Easterby",55,-1,,,,,,,,,,
"HATOS (FR)",2017,GELDING,"DIAMOND BOY (FR)","SANTALISA (FR)","Joe Tizzard",,,,,,,86,+3,,,,
"HATOUR (IRE)",2023,FILLY,"SIOUX NATION (USA)","ZA'HARA (IRE)","John & Thady Gosden",77,new,,,,,,,,,,
"HAVANA BLUE (GB)",2020,GELDING,"HAVANA GREY (GB)","EXRATING (GB)","Julie Camacho",79,-1,,,,,,,,,,
"HAVANA JOY (GB)",2022,FILLY,"HAVANA GREY (GB)","JOQUINA (IRE)","Charles Hills",55,-5,,,,,,,,,,
"HAVANA RUM (IRE)",2020,GELDING,"HAVANA GREY (GB)","URBAN HUNT (IRE)","Richard & Peter Fahey",80,-2,,,,,,,,,,
"HAVANA SMILE (GB)",2023,GELDING,"HAVANA GREY (GB)","ABUNDANT MOON (IRE)","Gary & Josh Moore",77,+5,,,,,,,,,,
"HAVEAGOBEAU (GB)",2019,GELDING,"BRAZEN BEAU (AUS)","JETHOU ISLAND (GB)","Jim Boyle",51,-1,,,,,,,,,,
"HAVIN A FLYER (GB)",2023,FILLY,"HAVANA GREY (GB)","NANTOSUELTA (IRE)","Rebecca Menzies",50,-2,,,,,,,,,,
"HAYYNAH (GB)",2023,FILLY,"SHOWCASING (GB)","PLATINUM PEARL (GB)","Ollie Sangster",78,-2,,,,,,,,,,
"HEAD FOR FREEDOM (GB)",2023,GELDING,"IFFRAAJ (GB)","MY PROPELLER (IRE)","Michael & David Easterby",62,-2,,,,,,,,,,
"HEAD GIRL (GB)",2023,FILLY,"TIME TEST (GB)","GREAT AND SMALL (GB)","Jonathan Portman",53,+1,,,,,,,,,,
"HEART ABOVE (GB)",2018,GELDING,"SHIROCCO (GER)","COOL BARANCA (GER)","Dianne Sayer",,,,,,,,,,107,+3,
"HEARTENED (IRE)",2022,FILLY,"CAMACHO (GB)","DUNA (GER)","Ollie Pears",48,+1,,,,,,,,,,
"HEDGE FUND (IRE)",2021,GELDING,"PROFITABLE (IRE)","ESCALLONIA (IRE)","Michael Appleby",71,-3,,,,,,,,,,
"HELSGETAWAY (IRE)",2019,GELDING,"GETAWAY (GER)","HELTORNIC (IRE)","Lucinda Russell & Michael Scudamore",,,,,,,,,,93,+1,
"HENFIELD (GB)",2023,FILLY,"CITYSCAPE (GB)","MAZIKEEN (GB)","Karen Jewell",48,-2,,,,,,,,,,
"HENGEST (GB)",2022,GELDING,"NIGHT OF THUNDER (IRE)","CONTRIBUTION (GB)","Dylan Cunha",82,+4,,,,,,,,,,
"HENRY TUDOR (GB)",2022,GELDING,"HAVANA GREY (GB)","HELLO GLORY (GB)","Mark Hoad",51,-1,,,,,,,,,,
"HEWI (GB)",2023,FILLY,"ARDAD (IRE)","SEPARATE (GB)","Julie Camacho",62,-1,,,,,,,,,,
"HICKORY (IRE)",2018,GELDING,"FREE EAGLE (IRE)","BADR AL BADOOR (IRE)","Jamie Osborne",95,-1,,,,,,,,,,
"HIGH APPROVAL (IRE)",2023,GELDING,"MEHMAS (IRE)","UNSINKABLE SAM (GB)","Hamad Al Jehani",72,-2,,,,,,,,,,
"HIGH DANCER (GB)",2020,GELDING,"NORSE DANCER (IRE)","UP HIGH (GB)","Nicky Richards",,,,,,,,,,116,+3,
"HIGH POINT (IRE)",2021,GELDING,"NEW BAY (GB)","PACHARANA (GB)","Ross Burdon",76,-2,,,,,,,,,,
"HIGH STORM (GB)",2023,GELDING,"NATHANIEL (IRE)","LA MORTOLA (GB)","K. R. Burke",82,-2,,,,,,,,,,
"HILLVIEW (IRE)",2016,GELDING,"FRUITS OF LOVE (USA)","DA DAS DELIGHT (IRE)","Gary Hanmer",,,,,,,,,,109,-3,
"HIMSELF (IRE)",2022,GELDING,"COULSTY (IRE)","COCOHULABABY (IRE)","Philip Kirby",57,-3,,60,new,,,,,,,
"HITCHED (IRE)",2020,GELDING,"COTAI GLORY (GB)","NEWLYWED (IRE)","David Simcock",76,-2,,,,,,,,,,
"HOLBACHE (GB)",2018,GELDING,"COACH HOUSE (IRE)","BY RIGHTS (GB)","Julie Camacho",75,+10,,,,,,,,,,
"HOPE RISING (IRE)",2021,FILLY,"PHOENIX OF SPAIN (IRE)","JELLICLE BALL (IRE)","Jamie Snowden",,,,,,,,,,116,+2,
"HORU KANU (GB)",2023,GELDING,"SANDS OF MALI (FR)","FAORA (USA)","Richard & Peter Fahey",70,-2,,,,,,,,,,
"HORWICH (GB)",2023,GELDING,"MAYSON (GB)","HILLDALE (GB)","Ruth Carr",63,-1,,,,,,,,,,
"HOSEKI (IRE)",2023,FILLY,"SAXON WARRIOR (JPN)","SEA KARATS (IRE)","William Haggas",78,new,,,,,,,,,,
"HOSTELRY (GB)",2017,FILLY,"COACH HOUSE (IRE)","QUEENS JUBILEE (GB)","Ruth Carr",55,-1,,,,,,,,,,
"HOSTILITY (IRE)",2022,GELDING,"NO NAY NEVER (USA)","GALLITEA (IRE)","David O'Meara",62,+1,,,,,,,,,,
"HOWTH (IRE)",2019,GELDING,"CHURCHILL (IRE)","MUWAKABA (USA)","Tom Lacey",,,,,,,,,,126,new,
"HUMBLE SPARK (IRE)",2020,GELDING,"ACCLAMATION (GB)","MAIDEN APPROACH (GB)","Jim Goldie",77,-1,,,,,,,,,,
"HUNTERIAN (IRE)",2023,COLT,"STUDY OF MAN (IRE)","TOTTIE (GB)","Charlie Johnston",60,-1,,,,,,,,,,
"HURRICANE ANN (GB)",2023,FILLY,"ACLAIM (IRE)","LA ARCADIA (FR)","Peter Chapple-Hyam",52,-2,,,,,,,,,,
"HURSTWOOD (GB)",2017,GELDING,"DARK ANGEL (IRE)","HAIGH HALL (GB)","Peter Niven",52,-1,,,,,,,,,,
"HUSCAL (IRE)",2022,GELDING,"SAXON WARRIOR (JPN)","GRAVITY QUEEN (IRE)","Charles Hills",82,-2,,,,,,,,,,
"HYRCANIAN (IRE)",2021,FILLY,"BUNGLE INTHEJUNGLE (GB)","NAADRAH (GB)","Ron Barr",39,-1,,,,,,,,,,
"I AM THE MOON (GB)",2019,FILLY,"PETHER'S MOON (IRE)","MIDNIGHT TOUR (GB)","Nigel & Willy Twiston-Davies",,,,,,,102,new,,108,,
"I'D GO MANIAC (FR)",2019,GELDING,"BOW CREEK (IRE)","SAINT GOUSTAN (FR)","Alan King",69,-1,,,,,,,,,,
"I'LL BE BACK (IRE)",2023,COLT,"LOPE DE VEGA (IRE)","HASTALAVISTABABY (FR)","K. R. Burke",92,+2,collateral,,,,,,,,,
"I'M DAN DARE (GB)",2023,GELDING,"DREAM AHEAD (USA)","TWEET TWEET (GB)","Mark Walford",63,+8,,,,,,,,,,
"IAMYOUARE (IRE)",2020,FILLY,"JUKEBOX JURY (IRE)","CHRISTINA (IRE)","Donald McCain",,,,,,,,,,105,-2,
"IF NOT FOR DYLAN (IRE)",2015,GELDING,"DOYEN (IRE)","EXIT STAGE LEFT (IRE)",,,,,,,,115,-2,,,,
"IMELDA (IRE)",2023,FILLY,"INVINCIBLE SPIRIT (IRE)","PELOSI (IRE)","David Loughnane",70,new,,,,,,,,,,
"IMPERIAL ALEX (IRE)",2017,GELDING,"IMPERIAL MONARCH (IRE)","WHAT CAN I SAY (IRE)","Tom Lacey",,,,,,,122,+3,,,,
"IMPERIAL DATA (IRE)",2017,GELDING,"IMPERIAL MONARCH (IRE)","RINDOON'S SISTER (IRE)","Rebecca Menzies",,,,,,,,,,122,-3,
"IMPERIAL IMP (IRE)",2016,GELDING,"IMPERIAL MONARCH (IRE)","ARDSALLAGH'S LARK (IRE)","Annabelle Sowray",,,,,,,80,-5,,80,-5,
"IMPERIAL RULE (IRE)",2017,GELDING,"IMPERIAL MONARCH (IRE)","OUR NED (IRE)","Lizzie Quinlan",,,,,,,101,+1,collateral,,,
"IMPERIAL SOVEREIGN (IRE)",2021,GELDING,"FRANKEL (GB)","IMPERIAL CHARM (GB)","Philip Kirby",78,-2,,,,,,,,,,
"IN A HURRY (GB)",2022,FILLY,"TIME TEST (GB)","TIGHT LINES (GB)","David O'Meara",67,-3,,,,,,,,,,
"IN THE AIR (FR)",2018,GELDING,"COASTAL PATH (GB)","SABLY (FR)","Alastair Ralph",,,,,,,120,-1,,115,-3,
"IN THE CITY (GB)",2022,GELDING,"SHOWCASING (GB)","ENCHANTED LINDA (GB)","Warren Greatrex",67,-4,,,,,,,,,,
"INCA HEIGHTS (IRE)",2023,GELDING,"NANDO PARRADO (GB)","KITTY SOFTPAWS (IRE)","Clive Cox",82,-3,,,,,,,,,,
"INDIAN SPIRIT (IRE)",2022,GELDING,"INVINCIBLE SPIRIT (IRE)","BONGIORNO (IRE)","Ian Williams",78,-3,,,,,,,,,,
"INFERNO (GB)",2023,GELDING,"TORONADO (IRE)","QUIET (GB)","Edward Bethell",65,-3,,,,,,,,,,
"INISHBEG (IRE)",2023,COLT,"GHAIYYATH (IRE)","LAJATICO (GB)","Kevin Ryan",83,-2,,,,,,,,,,
"INTENZO (FR)",2021,GELDING,"FRENCH FIFTEEN (FR)","ISABILIA (IRE)","Mark Walford",,,,,,,99,+3,,,,
"IP UP (FR)",2018,FILLY,"SECRET SINGER (FR)","UPISLAND (FR)","Jedd O'Keeffe",,,,,,,,,,107,-3,
"IRISH DANCER (IRE)",2020,GELDING,"GALILEO GOLD (GB)","CATAMARAN (IRE)","Declan Carroll",58,-1,collateral,,,,,,,,,
"ISLAND HERO (IRE)",2022,GELDING,"SOTTSASS (FR)","CASERTA (GB)","Heather Main",72,new,,,,,,,,,,
"ITWASFATE (GB)",2017,GELDING,"PASSING GLANCE (GB)","GRANDMA GRIFFITHS (GB)","R. Mike Smith",,,,,,,111,new,,,,
"IVANE (FR)",2018,GELDING,"NETWORK (GER)","UVANANA (FR)","James Owen",,,,,,,117,-2,,,,
"IZZY FAST (GB)",2022,FILLY,"LAND FORCE (IRE)","GHEDI (IRE)","Philip McBride",68,-2,,,,,,,,,,
"IZZY'S GREY (IRE)",2019,GELDING,"JUKEBOX JURY (IRE)","SHAMBLE STREET (IRE)","Belinda Clarke",,,,,,,,,,81,-2,
"JACK RABBIT SLIMS (GB)",2023,GELDING,"ACLAIM (IRE)","VELVET JAGUAR (GB)","Tony Coyle & Kaine Wood",58,-3,,,,,,,,,,
"JACK SPAROWE (IRE)",2019,GELDING,"ZOFFANY (IRE)","RED STARS (IRE)","John Butler",69,+2,,,,,,,,,,
"JACK SPRAT (IRE)",2018,GELDING,"WALK IN THE PARK (IRE)","HELL CAT MAGGIE (IRE)","James Moffatt",,,,,,,,,,98,-4,
"JACKSTELL (FR)",2019,GELDING,"NO RISK AT ALL (FR)","PRESTELLE (FR)","Jamie Snowden",,,,,,,,,,115,-1,
"JACQUETTA (IRE)",2021,GELDING,"CRYSTAL OCEAN (GB)","LIKE AN OPEN BOOK (IRE)","Gary & Josh Moore",,,,,,,,,,82,+2,
"JAMAICAN STORM (GB)",2022,GELDING,"HAVANA GREY (GB)","MORANT BAY (IRE)","Bryan Smart",62,-2,,,,,,,,,,
"JAMES MCHENRY (GB)",2020,GELDING,"STARSPANGLEDBANNER (AUS)","SAVVY (IRE)","Edward Bethell",86,-3,,,,,,,,,,
"JANWORTH (GB)",2017,FILLY,"NORSE DANCER (IRE)","BUXOM (IRE)","Jamie Snowden",,,,,,,,,,101,new,
"JAZL (IRE)",2023,GELDING,"NO NAY NEVER (USA)","MUMMY BEAR (IRE)","Simon & Ed Crisford",95,+10,,,,,,,,,,
"JEANY MAY (GB)",2022,FILLY,"MAYSON (GB)","JEANY (IRE)","Nigel Tinkler",48,-2,,,,,,,,,,
"JEZ BOMB (GB)",2021,GELDING,"HUNTER'S LIGHT (IRE)","CHERINA DYNAMITE (SPA)","Sam England",74,-1,,,,,,,,,,
"JOJO RABBIT (GB)",2018,GELDING,"DUE DILIGENCE (USA)","BERKSHIRE HONEY (GB)","Ruth Carr",66,-1,,,,,,,,,,
"JOLISSAINT (FR)",2019,FILLY,"KAPGARDE (FR)","CLAMEUR DES OBEAUX (FR)","Christian Williams",,,,,,,,,,85,new,
"JOLTIN N JIVING (IRE)",2020,GELDING,"COURT CAVE (IRE)","DRUMDERRY (IRE)","Donald McCain",,,,,,,118,new,,118,,
"JORDAN ELECTRICS (GB)",2016,GELDING,"DANDY MAN (IRE)","RUBY SLIPPERS (GB)","Jim Goldie",86,-2,,,,,,,,,,
"JOYCEAN WAY (GB)",2021,GELDING,"ULYSSES (IRE)","SACRE CAROLINE (USA)","Gary & Josh Moore",54,+2,,,,,,,,,,
"JUAN BERMUDEZ (GB)",2019,GELDING,"NATHANIEL (IRE)","LONG FACE (USA)","Henry Oliver",,,,,,,,,,110,+3,
"JUBERTILEE (IRE)",2017,GELDING,"MAHLER (GB)","OSCAR'S MATE (IRE)","Dean Summersby",,,,,,,,,,90,+1,
"JUBILANT (FR)",2019,GELDING,"DOCTOR DINO (FR)","A MERVEILLE (FR)","James Owen",,,,,,,122,,,120,+5,
"JUDICATURE (GB)",2022,GELDING,"INVINCIBLE SPIRIT (IRE)","MAGICAL JOURNEY (IRE)","Joel Parkinson & Sue Smith",67,-1,,,,,,,,,,
"JUNGLE WOOD (FR)",2019,GELDING,"COKORIKO (FR)","A DORMIR DEBOUT (FR)","Sara Bradstock",,,,,,,,,,87,-1,
"JUST A GIRL (GB)",2023,FILLY,"BOBBY'S KITTEN (USA)","MULLEIN (GB)","Charlie Johnston",83,+1,,,,,,,,,,
"JUST A MEMORY (FR)",2019,FILLY,"MUHTATHIR (GB)","L'AULNIERE (FR)","Fergal O'Brien",,,,,,,92,,,92,new,
"JUSTCALLMEPETE (GB)",2019,GELDING,"BATED BREATH (GB)","FIRENZE (GB)","Tony Carroll",86,+3,,,,,,,,,,
"JUSTLIKEFIRE (GB)",2019,GELDING,"DOYEN (IRE)","FIREY WITNESS (IRE)","Jennie Candlish",,,,,,,,,,93,-2,
"KALIKAPOUR (IRE)",2020,GELDING,"LOPE DE VEGA (IRE)","KALAXANA (IRE)","John Wainwright",53,-2,,,,,,,,,,
"KAMEEL (GB)",2022,GELDING,"TWILIGHT SON (GB)","ESTOURNEL (GB)","Jessica Macey",56,+1,,,,,,,,,,
"KAMEKO FEVER (IRE)",2023,GELDING,"KAMEKO (USA)","HOT FLUSH (IRE)","Richard & Peter Fahey",62,-2,,,,,,,,,,
"KATS BOB (GB)",2018,GELDING,"BOBBY'S KITTEN (USA)","DREAMING OF STELLA (IRE)","Ruth Carr",77,-1,collateral,,,,,,,,,
"KAYCE DUTTON (IRE)",2018,GELDING,"OCOVANGO (GB)","CASE HARDENED (IRE)","Charles & Adam Pogson",,,,,,,106,-2,,,,
"KEEP IT CLASSIC (GB)",2023,GELDING,"TOO DARN HOT (GB)","I'M SO FANCY (IRE)","William Haggas",52,-1,,,,,,,,,,
"KEN BRULEE (GB)",2023,GELDING,"UBETTABELIEVEIT (IRE)","KINDLY (GB)","Mark Usher",55,+6,,,,,,,,,,
"KENTO (GB)",2021,GELDING,"KUROSHIO (AUS)","JILLOLINI (GB)","Tony Carroll",56,+4,,,,,,,,,,
"KHALEEJY (IRE)",2021,GELDING,"SEA THE STARS (IRE)","OPAL HEART (IRE)","Ismail Mohammed",87,new,,,,,,,,,,
"KILLAVIA (GB)",2023,FILLY,"HAVANA GREY (GB)","KILLERMONT STREET (IRE)","Rod Millman",83,-2,,,,,,,,,,
"KILLYBEGS JET LADY (IRE)",2017,FILLY,"JET AWAY (GB)","LITTLE TWINKLE (IRE)","Lucinda Russell & Michael Scudamore",,,,,,,96,+6,,,,
"KILMORE ROCK (IRE)",2019,GELDING,"SHIROCCO (GER)","CHAMPAYNE HALLIE (IRE)","Susan Corbett",,,,,,,,,,112,-1,
"KIMEKO GLORY (GB)",2022,FILLY,"KAMEKO (USA)","APPLAUSE (IRE)","Charles Hills",73,-2,,,,,,,,,,
"KINBARA FIRSTDRAFT (IRE)",2019,GELDING,"KOROPICK (IRE)","KIMBERELY BAY (IRE)","Leonard Kerr",,,,,,,103,new,,110,new,
"KING OF CHAOS (IRE)",2023,GELDING,"SHOWCASING (GB)","ZEYRAN (IRE)","Dylan Cunha",66,-2,,,,,,,,,,
"KING OF CHARM (GB)",2021,GELDING,"CHARMING THOUGHT (GB)","ERMYNTRUDE (GB)","Martin Dunne",59,+1,,,,,,,,,,
"KING OF THE DANCE (IRE)",2019,GELDING,"HAVANA GOLD (IRE)","FIGURANTE (IRE)","Bernard Llewellyn",50,-2,,,,,,,,,,
"KING OF THE JUNGLE (IRE)",2020,GELDING,"BUNGLE INTHEJUNGLE (GB)","BONNE (GB)","Michael & David Easterby",59,+6,,,,,,,,,,
"KING'S HAND (GB)",2022,GELDING,"KINGMAN (GB)","ENTITY (GB)","Joseph Parr",75,+2,,,,,,,,,,
"KING'S TRUST (GB)",2023,GELDING,"KINGMAN (GB)","AWARD SCHEME (GB)","John & Thady Gosden",82,-1,,,,,,,,,,
"KINGOFTHEGAME (IRE)",2018,GELDING,"KINGSTON HILL (GB)","SAND LADY (GB)","Martin Todhunter",,,,,,,75,,,84,+9,
"KINGS MERCHANT (GB)",2021,GELDING,"BATED BREATH (GB)","RHOSSILI DOWN (GB)","Philip Kirby",63,-1,,,,,,,,,,
"KIRCHNER (IRE)",2022,GELDING,"PINATUBO (IRE)","KAMBURA (FR)","James Owen",88,-1,,,,,,,,,,
"KIT GABRIEL (IRE)",2019,GELDING,"KODIAC (GB)","MALEHA (IRE)","Simon Pearce",69,-1,,,,,,,,,,
"KITTY'S DREAM (IRE)",2022,GELDING,"KODIAC (GB)","ROCKTIQUE (USA)","Ed Dunlop",50,-4,,,,,,,,,,
"KNACKER TRAPPER (IRE)",2018,GELDING,"COURT CAVE (IRE)","PRESENT LINE (IRE)","Andrew Crook",,,,,,,,,,86,+2,
"KNOWLEDGE (GB)",2023,GELDING,"SEA THE STARS (IRE)","BESPANGLED (IRE)","Simon & Ed Crisford",79,-2,,,,,,,,,,
"KOLKATA KNIGHT (IRE)",2023,GELDING,"COTAI GLORY (GB)","GIN AND SLIM (IRE)","Tom Dascombe",85,-2,,,,,,,,,,
"KOMORKIS (IRE)",2022,FILLY,"COTAI GLORY (GB)","STARLIGHT DANCE (IRE)","Lawrence Mullaney",63,-2,,,,,,,,,,
"KORKER (IRE)",2019,GELDING,"DANDY MAN (IRE)","ADAPTATION (GB)","K. R. Burke",90,-1,,,,,,,,,,
"KYBER CRYSTAL (IRE)",2019,FILLY,"EL KABEIR (USA)","LAPIS BLUE (IRE)","Rebecca Menzies",52,-2,,,,,,,,,,
"KYLIAN (IRE)",2021,GELDING,"INVINCIBLE SPIRIT (IRE)","HIKMAA (IRE)","Robert Cowell",98,-1,,,,,,,,,,
"LA QUARITE (FR)",2020,GELDING,"SEAHENGE (USA)","ETOILE DE KERFELEC (FR)","Mickey Bowen",,,,,,,91,new,,,,
"LA TOSCA (GB)",2023,FILLY,"AUSTRALIA (GB)","LILLIAN RUSSELL (IRE)","Charlie Johnston",60,-2,,,,,,,,,,
"LACRIMA (FR)",2021,GELDING,"VOILADENUO (FR)","VIE ROYALE (FR)","Nick Scholfield",,,,,,,110,-3,,105,-3,
"LADY BOUQUET (GB)",2021,FILLY,"LAND FORCE (IRE)","LOULOU BELLINI (GB)","Philip Kirby",47,-1,,,,,,,,,,
"LADY FORTUNE (IRE)",2020,FILLY,"SOLDIER OF FORTUNE (IRE)","TOPLESS (IRE)","David Killahena & Graeme McPherson",,,,,,,,,,75,+4,
"LADY JAGO (IRE)",2019,FILLY,"GETAWAY (GER)","CLARA MC CLOUD (IRE)","Donald McCain",,,,,,,95,-1,,,,
"LADY KODIAC (IRE)",2023,FILLY,"KODIAC (GB)","SHY ANGEL (GB)","James Tate",85,-2,,,,,,,,,,
"LADY OF THE ISLES (IRE)",2022,FILLY,"MAKE BELIEVE (GB)","LADY OF THE COURT (IRE)","Heather Main",52,-3,,,,,,,,,,
"LAFFER CURVE (GB)",2021,FILLY,"JACK HOBBS (GB)","MARTILOO (FR)","Dan Skelton",,,,,,,101,new,,101,,
"LAHINA BAY (IRE)",2020,FILLY,"CRACKSMAN (GB)","SERENDIPITOUSLY (IRE)","Rachel Cook & John Bridger",58,-2,,,,,,,,,,
"LANGHOLM (IRE)",2016,GELDING,"DARK ANGEL (IRE)","PINDROP (GB)","Michael Dods",44,-2,,,,,,,,,,
"LANGSTONE (GB)",2023,GELDING,"MAYSON (GB)","VOLITION (IRE)","Clive Cox",93,+6,,,,,,,,,,
"LATIN (IRE)",2021,GELDING,"NO NAY NEVER (USA)","HAZAKIYRA (IRE)","James Owen",71,,,,,,,,,100,-1,collateral
"LAW COURT (IRE)",2023,COLT,"BLUE POINT (IRE)","NAADRAH (GB)","Richard Hannon",86,+4,,,,,,,,,,
"LAW OF AVERAGE (GB)",2021,GELDING,"PEARL SECRET (GB)","HIGH CLASS GIRL (GB)","Chelsea Banham",82,+6,,,,,,,,,,
"LAZY GRIFF (GER)",2022,COLT,"PROTECTIONIST (GER)","LINARDA (DEN)","Charlie Johnston",113,-1,,,,,,,,,,
"LC TIFFEN (GB)",2023,FILLY,"ALMANAARA (IRE)","MRS TIFFEN (GB)","Lisa Williamson",54,+10,,,,,,,,,,
"LEADING DANCER (IRE)",2023,FILLY,"STARMAN (GB)","GET UP AND DANCE (GB)","K. R. Burke",92,-1,collateral,,,,,,,,,
"LEIA ANTILLES (IRE)",2023,FILLY,"BUNGLE INTHEJUNGLE (GB)","LEIA ORGANA (IRE)","Henry Candy",48,-2,,,,,,,,,,
"LELANTOS (IRE)",2016,GELDING,"PRESENTING (GB)","WESTERN FOCUS (IRE)","Nicky Henderson",,,,,,,,,,95,-1,
"LENNY'S SPIRIT (FR)",2018,GELDING,"INTELLO (GER)","MOONEE VALLEY (FR)","Adam Kirby",64,-2,,,,,,,,,,
"LES'S DESTINY STAR (IRE)",2019,GELDING,"BLUE BRESIL (FR)","SPENDAJENNIE (IRE)","Ben Pauling",,,,,,,94,new,,94,,
"LET'S GO HUGO (IRE)",2020,GELDING,"UNFORTUNATELY (IRE)","BARBIERI (IRE)","Ollie Pears",51,-2,,,,,,,,,,
"LEXINGTON JET (IRE)",2022,GELDING,"COTAI GLORY (GB)","EJADAH (IRE)","David Loughnane",85,+3,,,,,,,,,,
"LHEUR DE GLOIRE (FR)",2021,GELDING,"GEMIX (FR)","DEUX CENT POURCENT (FR)","Ben Pauling",,,,,,,101,+6,,98,+3,
"LIASSE D'ARGENT (FR)",2020,FILLY,"TIRWANAKO (FR)","VILLEBRUYERE (FR)","Tom Gretton",,,,,,,,,,81,-5,
"LIBERTY LOOMING (IRE)",2021,GELDING,"TEOFILO (IRE)","IRISH QUESTION (IRE)","Adam Nicol",45,new,,,,,,,,76,,
"LIHOU LADY (GB)",2023,FILLY,"A'ALI (IRE)","KODIAC ISLAND (GB)","David Evans",54,-4,,,,,,,,,,
"LIL WADE (IRE)",2020,GELDING,"DANDY MAN (IRE)","WU ZETIAN (GB)","Scott Dixon",40,-1,,,,,,,,,,
"LINDORO (GB)",2022,GELDING,"WASHINGTON DC (IRE)","ROSINA (GB)","Stephen Hanlon",60,-2,,,,,,,,,,
"LION OF THE DESERT (IRE)",2020,GELDING,"VALIRANN (FR)","SKY QUEEN (IRE)","Grace Harris",,,,,,,,,,105,+3,
"LITTLE LADY LUCY (IRE)",2021,FILLY,"EXPERT EYE (GB)","JAZZY BELLE (IRE)","Neil Mulholland",70,,,,,,,,,87,+2,
"LITTLE SOIREE (IRE)",2018,FILLY,"VENDANGEUR (IRE)","TURMOSS (FR)","Olly Williams",,,,,,,,,,75,-3,
"LIVANO BELLO (FR)",2021,GELDING,"NIRVANA DU BERLAIS (FR)","EMELINA BELLA (FR)","Micky Hammond",,,,,,,95,-2,,95,-2,
"LIVELY CITIZEN (IRE)",2015,GELDING,"FRAMMASSONE (IRE)","ACINOREV (IRE)","D. J. Jeffreys",,,,,,,109,new,,104,,
"LIVERPOOL KNIGHT (GB)",2018,GELDING,"GOLDEN HORN (GB)","NOURIYA (GB)","Fergal O'Brien",,,,,,,,,,113,-2,
"LOBLOLLY (IRE)",2023,GELDING,"INVINCIBLE SPIRIT (IRE)","CORK HARBOUR (IRE)","S. P. C. Woods",80,+1,,,,,,,,,,
"LONDONER (IRE)",2020,GELDING,"SAXON WARRIOR (JPN)","GILT EDGE GIRL (GB)","Daniel & Claire Kubler",88,-1,,,,,,,,,,
"LONG SHOT (GB)",2023,GELDING,"MATTMU (GB)","GRAN CANARIA QUEEN (GB)","Tim Easterby",51,-1,,,,,,,,,,
"LOOK BACK SMILING (IRE)",2020,GELDING,"FAST COMPANY (IRE)","PORTICO (GB)","Neil Mulholland",65,-1,collateral,,,,,,,,,
"LOOKING SPLENDID (GB)",2018,GELDING,"PASSING GLANCE (GB)","SPLENDID BLUE (IRE)","Gary Rutherford",,,,,,,109,-1,,,,
"LOPE EL FUEGO (IRE)",2023,FILLY,"LOPE Y FERNANDEZ (IRE)","BURNT FINGERS (IRE)","Warren Greatrex",80,-2,,,,,,,,,,
"LORD BRITAIN (GB)",2023,COLT,"UNIVERSAL (IRE)","TIME TO STRIKE (IRE)","Ismail Mohammed",88,+4,,,,,,,,,,
"LORD CHAMBERLAIN (GB)",2021,GELDING,"MASAR (IRE)","PRIVACY ORDER (GB)","Dom Elsworth & Ryan Hatch",,,,,,,,,,111,-1,
"LORD SNOOTIE (IRE)",2017,GELDING,"MALINAS (GER)","MISS OGAN (IRE)","Christian Williams",,,,,,,,,,123,+1,
"LOST SIGNAL (IRE)",2023,COLT,"LUCKY VEGA (IRE)","SMILE AT ME (IRE)","Richard Hannon",91,+2,,,,,,,,,,
"LOVE ALIVE (GB)",2023,FILLY,"HAVANA GREY (GB)","ANADOLU (IRE)","Jessica Macey",66,-2,,,,,,,,,,
"LOWLANDS (IRE)",2019,FILLY,"COURT CAVE (IRE)","BROADWAY BOULEVARD (IRE)","Nicky Richards",,,,,,,,,,109,+1,
"LUCKY SEVENS (GB)",2023,GELDING,"A'ALI (IRE)","FAIRY SLIPPER (GB)","James Owen",54,-1,,,,,,,,,,
"LUDO'S LANDING (IRE)",2020,GELDING,"KODIAC (GB)","MOST BEAUTIFUL (GB)","Charlie Johnston",77,-1,,,,,,,,,,
"LUMINARE (IRE)",2023,FILLY,"DARK ANGEL (IRE)","RIHAAM (IRE)","William Haggas",73,-1,,,,,,,,,,
"LUNA A INBHIR NIS (GB)",2022,FILLY,"RAJASINGHE (IRE)","ABONOS (IRE)","Katie Scott",96,+4,,,,,,,,,,
"LUNA CELESTE (IRE)",2023,FILLY,"KODI BEAR (IRE)","DIKTA DEL MAR (SPA)","Tom Clover",75,new,,,,,,,,,,
"LUNA GRACE (GB)",2022,FILLY,"KAMEKO (USA)","LYSANDA (GER)","Lucinda Russell & Michael Scudamore",,,,,,,,,,98,new,
"LUZON HEIGHTS (GB)",2023,COLT,"PINATUBO (IRE)","AQUATINTA (GER)","William Knight",78,-1,,,,,,,,,,
"MAASAI MARA (GB)",2020,GELDING,"ROARING LION (USA)","WEKEELA (FR)","John O'Shea",76,+2,,,,,,,,,,
"MACANUDO (IRE)",2021,GELDING,"INVINCIBLE SPIRIT (IRE)","WORLD OF GOOD (GB)","Ian Williams",58,new,,,,,,,,,,
"MACHADADORP (GB)",2023,FILLY,"MEHMAS (IRE)","MAID TO REMEMBER (GB)","Andrew Balding",80,new,,,,,,,,,,
"MACHETE BEACH (GB)",2021,GELDING,"TERRITORIES (IRE)","SERENADA (FR)","Jamie Snowden",,,,,,,,,,114,+6,
"MADEMOISELLE BELLE (IRE)",2023,FILLY,"COULSTY (IRE)","MELABELLE (FR)","Brian Ellison",56,-1,,,,,,,,,,
"MAFTING (GB)",2022,GELDING,"TOO DARN HOT (GB)","SUB ROSE (IRE)","David O'Meara",78,-1,,,,,,,,,,
"MAGNA PATCH (GB)",2020,GELDING,"TELESCOPE (IRE)","SWEET VIXEN (GB)","Alastair Ralph",,,,,,,,,,81,new,
"MAHLER MOON (IRE)",2018,GELDING,"MAHLER (GB)","CELESTIAL SPIRIT (IRE)","Fergal O'Brien",,,,,,,105,-1,,,,
"MAJOR NEIGH SAYER (IRE)",2023,COLT,"NO NAY NEVER (USA)","QUEEN ISEULT (GB)","George Scott",86,+3,,,,,,,,,,
"MAKERSTOUN (IRE)",2023,COLT,"NIGHT OF THUNDER (IRE)","PARAMOUNT (FR)","Jane Chapple-Hyam",83,new,,,,,,,,,,
"MAKINBECON (GB)",2020,GELDING,"YEATS (IRE)","DEDRUNKNMUNKY (IRE)","Barry Murphy",,,,,,,,,,80,+5,
"MAN OF DESERT (GB)",2021,GELDING,"STUDY OF MAN (IRE)","DESERT BERRY (GB)","Chris Dwyer",67,-1,,,,,,,,,,
"MAN OH MAN (IRE)",2019,GELDING,"OL' MAN RIVER (IRE)","KITTY FLEM (IRE)","Dean Summersby",,,,,,,,,,77,-3,
"MANCERO (FR)",2022,GELDING,"STORM THE STARS (USA)","ARBEQUINA (IRE)","David Pipe",,,,,,,,,,89,+6,
"MANTON ROAD (GB)",2022,GELDING,"MOHAATHER (GB)","ROBBIE ROO ROO (GB)","Richard Phillips",43,-1,,49,-1,,,,,,,
"MAO SHANG WONG (IRE)",2022,GELDING,"TOO DARN HOT (GB)","MOMENT OF SILENCE (IRE)","David O'Meara",76,+3,,,,,,,,,,
"MAPLE (GB)",2021,GELDING,"CAMELOT (GB)","SPICE TRAIL (GB)","Ruth Jefferson",53,-2,,,,,,,,105,,
"MARAJITO (GB)",2022,FILLY,"ARDAD (IRE)","MIDNIGHT MOJITO (GB)","Tim Easterby",71,+5,,,,,,,,,,
"MARCH AHEAD (GB)",2023,FILLY,"DREAM AHEAD (USA)","DANCE ON THE DAY (IRE)","Bryan Smart",70,-2,,,,,,,,,,
"MARK'S CHOICE (IRE)",2016,GELDING,"BUNGLE INTHEJUNGLE (GB)","RAMAMARA (IRE)","Gemma Tutty",70,-1,,,,,,,,,,
"MARRY THE NIGHT (GB)",2022,GELDING,"ADVERTISE (GB)","FEN BREEZE (GB)","Tim Easterby",70,-2,,,,,,,,,,
"MART (GB)",2021,GELDING,"DARK ANGEL (IRE)","ADORN (GB)","Dylan Cunha",59,-1,,,,,,,,,,
"MARTIN'S BRIG (IRE)",2017,GELDING,"EQUIANO (FR)","WEEZA (IRE)","David Thompson",44,-1,,,,,,,,,,
"MARTY HOPKIRK (IRE)",2022,GELDING,"KODI BEAR (IRE)","SLOVAK (IRE)","David Loughnane",80,-3,,,,,,,,,,
"MARVELING (GB)",2023,FILLY,"IFFRAAJ (GB)","MISS MORRIS (GB)","Ollie Sangster",52,-1,,,,,,,,,,
"MASKED WARRIOR (GB)",2023,GELDING,"NEW BAY (GB)","DOMINO DARLING (GB)","William Haggas",89,+8,,,,,,,,,,
"MASTER VINTNER (IRE)",2022,GELDING,"MASTERCRAFTSMAN (IRE)","TROPICAL MIST (IRE)","Ralph Beckett",90,+3,,,,,,,,,,
"MASTERDREAM (FR)",2017,GELDING,"SEA THE STARS (IRE)","SANTA CHRISTIANA (FR)","Neil Mulholland",59,,,,,,102,-3,,,,
"MASTERMINDING (IRE)",2019,GELDING,"MASTERCRAFTSMAN (IRE)","ENJOY LIFE (IRE)","James Moffatt",,,,,,,,,,86,+2,
"MAX MAYHEM (GB)",2018,GELDING,"NEW BAY (GB)","MAYBE GRACE (IRE)","George Baker",89,-1,,,,,,,,,,
"MAXIMIZED (GB)",2023,GELDING,"MEHMAS (IRE)","BOOST (GB)","Charlie Appleby",95,-2,,,,,,,,,,
"MAYO COUNTY (GB)",2021,FILLY,"MAYSON (GB)","HORSFORTH (GB)","Julie Camacho",63,+6,,,,,,,,,,
"MAYOR OF MAGHERA (GB)",2022,GELDING,"KESSAAR (IRE)","OH SIMPLE THING (IRE)","R. Mike Smith",61,new,,,,,,,,,,
"MAZZA (GB)",2021,GELDING,"MASSAAT (IRE)","OCICAT (USA)",,53,-1,,,,,,,,,,
"MELISSA HONEY (GB)",2022,FILLY,"SHOWCASING (GB)","LIBRAS POWER (IRE)","Michael Herrington",50,-1,,,,,,,,,,
"MELOSA (GB)",2022,FILLY,"STUDY OF MAN (IRE)","SWEET GENTLE KISS (IRE)","Mike Sowersby",67,,,,,,,,,76,-5,
"MENWIRR (IRE)",2023,GELDING,"EARTHLIGHT (IRE)","MUNEYRA (GB)","Archie Watson",60,-2,,,,,,,,,,
"MERAPI (GB)",2022,FILLY,"FRANKEL (GB)","CANTON QUEEN (IRE)","Michael Keady",58,-1,,,,,,,,,,
"MERESIDE SPARK (IRE)",2023,FILLY,"FAR ABOVE (IRE)","CALIFORNIA TEE (GB)","David & Nicola Barron",55,-2,,,,,,,,,,
"MERTOUN (FR)",2023,GELDING,"OASIS DREAM (GB)","DUBIOUS AFFAIR (IRE)","Jane Chapple-Hyam",52,+2,,,,,,,,,,
"MIAMI MATRIX (IRE)",2022,GELDING,"INVINCIBLE SPIRIT (IRE)","DUCHESS OF DANZIG (GER)","Patrick Morris",84,-1,,,,,,,,,,
"MICK'S SPIRIT (GB)",2018,GELDING,"SWISS SPIRIT (GB)","FORTUNATELY (GB)","Conrad Allen",68,-1,,,,,,,,,,
"MICKTHESOLDIER (IRE)",2018,GELDING,"SOLDIER OF FORTUNE (IRE)","TORNIC ARC (IRE)","Philip Kirby",,,,,,,,,,84,+1,
"MIDAK (FR)",2022,GELDING,"FOOTSTEPSINTHESAND (GB)","MINYA (FR)","Ian Williams",102,new,,,,,,,,,,
"MIDNIGHT PASS (GB)",2021,FILLY,"PASSING GLANCE (GB)","MIDNIGHT GEM (GB)","Emma Lavelle",,,,,,,,,,91,-1,
"MIDNIGHT RUMBLE (GB)",2021,GELDING,"OASIS DREAM (GB)","INPROMPTU (IRE)","Jake Coulson",80,-2,,,,,,,,105,,
"MIDNIGHT STRIKE (IRE)",2022,GELDING,"STARSPANGLEDBANNER (AUS)","NOT AFTER MIDNIGHT (IRE)","Jennie Candlish",85,-3,,,,,,,,,,
"MIGHTY VEGA (IRE)",2023,GELDING,"LUCKY VEGA (IRE)","OWN GIFT (GB)","Scott Dixon",75,+3,,,,,,,,,,
"MILLIES MITE (IRE)",2016,FILLY,"ZOFFANY (IRE)","CHARMINGLY (USA)","Karen Jewell",,,,,,,70,-1,,,,
"MINI MAC (IRE)",2022,GELDING,"DARK ANGEL (IRE)","WEALTH OF WORDS (GB)","Jessica Macey",52,+1,,,,,,,,,,
"MINNIE BELLE (GB)",2022,FILLY,"FRONTIERSMAN (GB)","LYSANDER BELLE (IRE)","Sophie Leech",,,,,,,,,,75,+5,
"MISS TIARA (GB)",2020,FILLY,"KAYF TARA (GB)","MISS SERIOUS (IRE)","Jeremy Scott",,,,,,,,,,90,-2,
"MISS TONNERRE (IRE)",2022,FILLY,"NIGHT OF THUNDER (IRE)","SACRIFICE MY SOUL (IRE)","Ed Walker",83,-3,,,,,,,,,,
"MISSION COMMAND (IRE)",2022,GELDING,"ACCLAMATION (GB)","POINT REYES (IRE)","Jennie Candlish",71,-2,,,,,,,,,,
"MISTER DAYDREAM (IRE)",2021,GELDING,"MAKE BELIEVE (GB)","TEO'S SISTER (IRE)","Gary & Josh Moore",62,-2,,,,,,,,,,
"MISTER SANDMAN (GB)",2022,GELDING,"STARSPANGLEDBANNER (AUS)","DANDY GROOVE (IRE)","Gary & Josh Moore",50,-1,collateral,,,,,,,,,
"MISTER SKY BLUE (IRE)",2022,GELDING,"RIVER BOYNE (IRE)","SACRAMENT (IRE)","Gemma Tutty",50,-1,,,,,,,,,,
"MISTER SOX (GB)",2020,GELDING,"PIVOTAL (GB)","CROWNING GLORY (FR)","Tim Easterby",76,-2,,,,,,,,,,
"MISTERODDSOCKS (IRE)",2020,GELDING,"WALK IN THE PARK (IRE)","FAIRY HILL (IRE)","Ben Case",,,,,,,80,-1,collateral,,,
"MIX OF CLOVER (GB)",2014,GELDING,"FAIR MIX (IRE)","ALLFORCLOVER (IRE)","Alastair Ralph",,,,,,,104,-1,,,,
"MMMBOP (GB)",2023,FILLY,"TIME TEST (GB)","EBBESBOURNE (IRE)","Mark Rimell",65,new,,,,,,,,,,
"MOHAASSET (GB)",2023,FILLY,"MOHAATHER (GB)","COSSETED (GB)","Mike Sowersby",55,-3,,,,,,,,,,
"MOJO EGO (IRE)",2020,GELDING,"INTELLO (GER)","NEVER GREEN (IRE)","Fergal O'Brien",,,,,,,,,,91,-3,
"MOLO DEL PALAZZO (USA)",2023,FILLY,"PALACE PIER (GB)","FLORET (IRE)","Ralph Beckett",75,new,,,,,,,,,,
"MONTAGUE MENACE (GB)",2023,GELDING,"MEHMAS (IRE)","TOWER OF PISA (FR)","Andrew Balding",77,-2,,,,,,,,,,
"MOODOFTHEMOMENT (IRE)",2017,GELDING,"SHANTOU (USA)","MOOD I'M IN (GER)","David Thompson",,,,,,,107,-2,,,,
"MOOJ (IRE)",2023,FILLY,"CALYX (GB)","ALLEGRINA (IRE)","Jack Jones",54,-3,,,,,,,,,,
"MOON BEGINNINGS (IRE)",2022,GELDING,"SAXON WARRIOR (JPN)","MIMITEH (USA)","David Loughnane",75,-2,,,,,,,,,,
"MOON CHIME (GB)",2018,GELDING,"PETHER'S MOON (IRE)","BELLA (FR)","David Killahena & Graeme McPherson",74,+7,,,,,,,,133,,
"MOON MONARCH (IRE)",2020,GELDING,"SEA MOON (GB)","MORNING CALM (GB)","Chris Gordon",,,,,,,,,,84,-2,collateral
"MOONJID (GB)",2022,GELDING,"MOHAATHER (GB)","SWEET CECILY (IRE)","Michael Appleby",71,-1,,,,,,,,,,
"MOONLIT SURF (GB)",2023,FILLY,"OASIS DREAM (GB)","SURFSEEKER (GB)","Owen Burrows",73,new,,,,,,,,,,
"MORANDI SECOND (FR)",2019,GELDING,"MORANDI (FR)","HOLD THE THOUGHT (GB)","Patrick Neville",,,,,,,,,,91,new,
"MORETONS (GB)",2023,GELDING,"COTAI GLORY (GB)","MILLVINA (GB)","Simon Waugh",53,-2,,,,,,,,,,
"MOTAZZEN (IRE)",2018,GELDING,"DUBAWI (IRE)","YAAZY (IRE)","Henrietta C Knight",72,,,,,,,,,105,-2,
"MR GLOBALIST (IRE)",2019,GELDING,"HIGHLAND REEL (IRE)","TRIMURTI (USA)","Lizzie Quinlan",,,,,,,,,,72,-1,
"MR GRIFFITHS (FR)",2020,GELDING,"MASKED MARVEL (GB)","URIELA JIN (FR)","Jonjo & A.J. O'Neill",,,,,,,105,-1,,105,-1,
"MR KING (IRE)",2020,GELDING,"KINGMAN (GB)","DESERT SNOW (GB)","Geoffrey Harker",75,-3,,,,,,,,,,
"MREMBO (GB)",2019,FILLY,"ALBAASIL (IRE)","SHESHA BEAR (GB)","Jonathan Portman",59,+1,,,,,,,,,,
"MUDDY NORA (GB)",2023,FILLY,"LAND FORCE (IRE)","CTHULHU (USA)","Seb Spencer",46,-1,,,,,,,,,,
"MUSKERRY ROCK (IRE)",2019,GELDING,"SHIROCCO (GER)","ONE TREASURE (IRE)","Dan Skelton",,,,,,,115,new,,,,
"MUVABLE (GB)",2023,GELDING,"MATTMU (GB)","BREAKABLE (GB)","Tim Easterby",39,-3,,,,,,,,,,
"MY BALLYQUINN (GB)",2023,GELDING,"NEW BAY (GB)","EARLY SUMMER (IRE)","David O'Meara",80,+1,collateral,,,,,,,,,
"MY BOBBY DAZZLER (GB)",2015,GELDING,"MALINAS (GER)","EASE AND GRACE (GB)","Mel Rowley",,,,,,,111,-1,,,,
"MY MY MY DELILAH (GB)",2020,FILLY,"BLUE BRESIL (FR)","DILYS THOMAS (IRE)","Stuart Coltherd",,,,,,,,,,83,-2,
"MY OLD MATE (IRE)",2023,GELDING,"WOOTTON BASSETT (GB)","FRIENDLY (IRE)","Gary & Josh Moore",53,-2,,,,,,,,,,
"MYTHICAL VALENTINE (IRE)",2023,COLT,"SOTTSASS (FR)","HOLDA (IRE)","Andrew Balding",79,+2,,,,,,,,,,
"NAD ALSHIBA GREEN (IRE)",2022,FILLY,"DARK ANGEL (IRE)","ROYAL ROSE (IRE)","Clive Cox",87,-1,,,,,,,,,,
"NAGA (FR)",2022,FILLY,"DUBAWI (IRE)","LISTEN IN (IRE)","John & Thady Gosden",95,+9,,,,,,,,,,
"NANNYMOORESBRIDGE (IRE)",2021,FILLY,"KINGSTON HILL (GB)","CHANCEUX HOUX (FR)","Ella Pickard",,,,,,,,,,80,new,
"NARANKA (IRE)",2023,GELDING,"SUPREMACY (IRE)","GOLDEN STUNNER (IRE)","George Baker",47,+2,,,,,,,,,,
"NATURALIA (GB)",2021,FILLY,"SEA THE MOON (GER)","NA BALADA (BRZ)","Donald Whillans",61,+1,,56,+1,,,,,,,
"NEIGH BOTHA (IRE)",2017,GELDING,"DOYEN (IRE)","HOLMSHILL GILL (IRE)","Oliver Greenall & Josh Guerriero",,,,,,,110,,,105,new,
"NEYVA'S ANGEL (GB)",2022,FILLY,"HARRY ANGEL (IRE)","PETERS SPIRIT (IRE)","Martin Dunne",73,+4,,,,,,,,,,
"NIFTY (IRE)",2023,FILLY,"DANDY MAN (IRE)","LAW KEEPER (IRE)","Richard Hughes",66,-3,,,,,,,,,,
"NIGHT EMPEROR (IRE)",2022,GELDING,"HAVANA GREY (GB)","WAR EMPRESS (IRE)","Tina Jackson",51,-2,,,,,,,,,,
"NIGHT MISSION (IRE)",2023,GELDING,"DARK ANGEL (IRE)","DESERT BLOSSOM (IRE)","Mark Rimell",70,-2,,,,,,,,,,
"NIGHT SHINING (IRE)",2023,FILLY,"DARK ANGEL (IRE)","EXTRICATE (IRE)","George Boughey",73,new,,,,,,,,,,
"NIKOVO (GB)",2019,GELDING,"KINGMAN (GB)","ROSTOVA (USA)","Michael Herrington",86,-2,,93,,,,,,,,
"NINETY NINE (IRE)",2021,FILLY,"DANDY MAN (IRE)","RED BALLOONS (GB)","John Wainwright",45,-1,,,,,,,,,,
"NITTY GRITTY (IRE)",2020,GELDING,"ORDER OF ST GEORGE (IRE)","SCARLET SKY (IRE)","Mark Walford",,,,,,,,,,98,-2,
"NO CLAIMS BONUS (GB)",2023,FILLY,"ACLAIM (IRE)","WITH CAUTION (IRE)","Harry Eustace",48,-1,,,,,,,,,,
"NO DRAMA MAMA (IRE)",2023,FILLY,"NO NAY NEVER (USA)","REYAADAH (GB)","Ollie Sangster",47,-2,,,,,,,,,,
"NO NAY NEVERMIND (IRE)",2022,FILLY,"NO NAY NEVER (USA)","ZAIN ART (IRE)","Iain Jardine",48,-3,,,,,,,,,,
"NO ORDINARY JOE (IRE)",2016,GELDING,"GETAWAY (GER)","SHADOW DEARG (IRE)","Faye Bramley",,,,,,,,,,124,-1,
"NO REMATCH (IRE)",2014,GELDING,"WESTERNER (GB)","LOADSOFABILITY (IRE)","Samuel Drinkwater",,,,,,,,,,79,-5,
"NOBLE RECALL (GB)",2019,GELDING,"TELESCOPE (IRE)","FLUFFY CLOUDS (GB)","Anthony Day",,,,,,,73,new,,,,
"NOBOTHERATALL (IRE)",2020,GELDING,"JET AWAY (GB)","MY LADY DANE (IRE)","Tristan Davidson",,,,,,,,,,110,new,
"NORMAN INVASION (GB)",2023,GELDING,"LOPE DE VEGA (IRE)","SMOULDER (GB)","Ed Walker",75,new,,,,,,,,,,
"NORTHCLIFF (IRE)",2020,GELDING,"DANDY MAN (IRE)","COLGIN (GB)","Thomas Faulkner",67,+3,,,,,,,,,,
"NORTHERN EMPIRE (IRE)",2023,COLT,"NIGHT OF THUNDER (IRE)","AGAINST RULES (FR)","Ed Walker",77,-3,,,,,,,,,,
"NORTHERN TEMPEST (GB)",2023,GELDING,"EQTIDAAR (IRE)","TUMBLEWIND (GB)","Michael Dods",59,-1,,,,,,,,,,
"NOSTRUM (GB)",2020,GELDING,"KINGMAN (GB)","MIRROR LAKE (GB)","Michael Appleby",90,+1,,,,,,,,,,
"NOT SO SOBERS (GB)",2019,GELDING,"JACK HOBBS (GB)","RUBY RAMBLER (GB)","David Killahena & Graeme McPherson",61,+3,,,,,,,,110,,
"NOVAMAY (GB)",2022,FILLY,"MAYSON (GB)","ANTICO LADY (IRE)","Michael Dods",80,-2,,,,,,,,,,
"NOW THE EAGLE (FR)",2022,GELDING,"ADLERFLUG (GER)","NOW FOREVER (GER)","Luke Dace",69,+2,,,,,,,,,,
"NOW THEN WENDY (GB)",2017,FILLY,"MUKHADRAM (GB)","DUSTING (IRE)","Patrick Morris",56,-2,,,,,,,,74,,
"NYMAN (IRE)",2022,GELDING,"EARTHLIGHT (IRE)","SPLIT TROIS (FR)","Roger Fell",75,-2,,,,,,,,,,
"OASIS SUNRISE (IRE)",2022,FILLY,"BATED BREATH (GB)","SUNRISE ROSE (FR)","Grace Harris",69,+5,,,,,,,,83,,
"OBLEMENKO (FR)",2021,GELDING,"NO RISK AT ALL (FR)","EAU PERLEE (FR)","Gary & Josh Moore",,,,,,,,,,84,-2,collateral
"OBSIDIAN DREAM (GB)",2022,GELDING,"MOHAATHER (GB)","ITIQAD (GB)","J. S. Moore",73,-1,,,,,,,,,,
"OCEAN HEIGHTS (GB)",2017,GELDING,"DUBAWI (IRE)","ETHEREAL SKY (IRE)","David Pipe",57,,,,,,,,,88,-1,
"OFF SPIN (IRE)",2022,GELDING,"ALMANZOR (FR)","SPIN DOCTOR (GB)","Tim Easterby",55,-1,,,,,,,,,,
"OFF THE JURY (IRE)",2019,GELDING,"JUKEBOX JURY (IRE)","LA PELODETTE (FR)","Mickey Bowen",,,,,,,125,+1,,125,+1,
"OH SO AUDACIOUS (GB)",2019,FILLY,"MUKHADRAM (GB)","OH SO SAUCY (GB)","Jack Jones",51,-2,,,,,,,,,,
"OILISA (GB)",2022,FILLY,"SERGEI PROKOFIEV (CAN)","OILINDA (GB)","Mark Walford",51,-1,,,,,,,,,,
"OJ LIFESTYLE (IRE)",2020,GELDING,"GLENEAGLES (IRE)","VETLANA (IRE)","Gary & Josh Moore",70,-2,,,,,,,,,,
"OLD GREGORIAN (GB)",2019,GELDING,"JACK HOBBS (GB)","THANKYOU VERY MUCH (GB)","Lucinda Russell & Michael Scudamore",,,,,,,117,-4,,,,
"ON EDGE (GB)",2018,GELDING,"MAYSON (GB)","EDGE OF LIGHT (GB)","Christopher Mason",76,+3,,,,,,,,,,
"ON THE INLET (IRE)",2023,GELDING,"NEW BAY (GB)","SOUND OF GUNS (GB)","Dr Richard Newland & Jamie Insole",81,-1,,,,,,,,,,
"ONEMORENOMORE (GB)",2020,GELDING,"MUKHADRAM (GB)","EURO EMPIRE (USA)","Philip McBride",57,-1,,,,,,,,,,
"ONLY DREAM BIG (GB)",2023,FILLY,"DREAM AHEAD (USA)","RIVER SONG (USA)","Tim Easterby",53,-1,,,,,,,,,,
"OPERA WAVE (GB)",2022,FILLY,"SEA THE MOON (GER)","FOLK OPERA (IRE)","David Simcock",67,-3,,,,,,,,,,
"OPPORTUNITY (GB)",2022,GELDING,"FRANKEL (GB)","IZZI TOP (GB)","William Haggas",100,+8,,,,,,,,,,
"ORCHARD (FR)",2022,GELDING,"WOODED (IRE)","AL SHAHANIYA (IRE)","Warren Greatrex",73,new,,,,,,,,,,
"ORCHID (IRE)",2022,FILLY,"BLUE POINT (IRE)","DALKOVA (GB)","George Boughey",83,-2,,,,,,,,,,
"ORIENTAL PRINCE (GB)",2021,GELDING,"ORIENTOR (GB)","ETERNALIST (GB)","Jim Goldie",76,-2,,,,,,,,,,
"OSCAR'S SISTER (IRE)",2020,FILLY,"DANDY MAN (IRE)","WISHING CHAIR (USA)","Julie Camacho",56,-1,,,,,,,,,,
"OTTOMAN (IRE)",2022,GELDING,"ACCLAMATION (GB)","KAFTAN (GB)","Oliver Greenall & Josh Guerriero",53,-2,,,,,,,,,,
"OUR ABSENT FRIENDS (IRE)",2018,GELDING,"CAMACHO (GB)","PRACTICALLYPERFECT (IRE)","Tristan Davidson",64,-2,,,,,,,,,,
"OUR GIRL SAL (IRE)",2018,FILLY,"SHOLOKHOV (IRE)","MISS MAYBERRY (IRE)","Adam Nicol",,,,,,,,,,90,new,
"OURO PRETO (FR)",2021,GELDING,"WOOTTON BASSETT (GB)","HAREM MISTRESS (IRE)","Iain Jardine",75,-4,,,,,,,,,,
"OVER SPICED (GB)",2022,FILLY,"ADAAY (IRE)","ALICE'S DANCER (IRE)","Grace Harris",69,-1,,,,,,,,,,
"OVIEDO (IRE)",2020,GELDING,"LOPE DE VEGA (IRE)","GALLITEA (IRE)","Alexandra Dunn",49,-3,,,,,,,,,,
"PACIFIC GLORY (GB)",2023,GELDING,"MASAR (IRE)","PACIFIC PRIDE (USA)","Tim Easterby",65,new,,,,,,,,,,
"PALLAS LORD (IRE)",2018,GELDING,"DANDY MAN (IRE)","NUTSHELL (GB)","Donald Whillans",59,-1,,,,,,,,,,
"PALMAR BAY (FR)",2021,GELDING,"EXCEED AND EXCEL (AUS)","DI FEDE (IRE)","Ralph Beckett",101,-1,,,,,,,,,,
"PARADIAS (GER)",2019,GELDING,"KODIAC (GB)","PARAISA (GB)","Alan King",107,+2,,,,,,,,,,
"PARADISE WALK (IRE)",2023,FILLY,"STARMAN (GB)","LUFRICIA (GB)","Ralph Beckett",76,-1,,,,,,,,,,
"PARAGON (IRE)",2022,GELDING,"CHURCHILL (IRE)","WINTER BEAU (IRE)","Pam Sly",52,,,,,,,,,88,-2,
"PARANJAPE (GB)",2023,GELDING,"ARDAD (IRE)","OKSANA ASTANKOVA (GB)","S. P. C. Woods",69,-1,,,,,,,,,,
"PARISH STAR (IRE)",2020,FILLY,"PARISH HALL (IRE)","STAR STREET (IRE)","Adam Nicol",,,,,,,,,,83,+3,
"PARLANDO (GB)",2019,GELDING,"DUBAWI (IRE)","DISCOURSE (USA)","Ian Williams",85,-2,,,,,,,,,,
"PAROLE D'ORO (GB)",2022,GELDING,"WITHOUT PAROLE (GB)","PRETTY PAPER (IRE)","Michael Bell",93,+1,,,,,,,,,,
"PATH OF STARS (FR)",2021,FILLY,"MASAR (IRE)","AMELIA MAY (GB)","Seamus Mullins",,,,,,,,,,78,+8,
"PATONTHEBACK (IRE)",2018,GELDING,"KODI BEAR (IRE)","MISS BRIEF (IRE)","Gemma Tutty",57,-2,,,,,,,,,,
"PENNY GHENT (GB)",2020,FILLY,"PASTORAL PURSUITS (GB)","VELVET BAND (GB)","Simon Whitaker",60,+5,,,,,,,,,,
"PENTONVILLE (GB)",2023,GELDING,"TOO DARN HOT (GB)","CANONBURY (IRE)","George Boughey",67,+1,,,,,,,,,,
"PERCIVAL (FR)",2022,COLT,"CAMELOT (GB)","BELLA BOLIDE (FR)","Dylan Cunha",84,new,,,,,,,,,,
"PERCY'S STAR (GB)",2023,GELDING,"TERRITORIES (IRE)","THRAYA STAR (FR)","Chris Dwyer",68,new,,,,,,,,,,
"PHANTOM SHADOW (FR)",2023,GELDING,"TORONADO (IRE)","SHOYD (GB)","Harry Charlton",58,-1,,,,,,,,,,
"PICARO (GB)",2023,GELDING,"HAVANA GOLD (IRE)","ZARNAVA (FR)","James Owen",62,new,,,,,,,,,,
"PIERIAN (GB)",2023,FILLY,"PALACE PIER (GB)","GREAT HEAVENS (GB)","William Haggas",82,new,,,,,,,,,,
"PIGEON FORGE (IRE)",2021,FILLY,"WELL CHOSEN (GB)","CHILTERN HILLS (IRE)","Emma Lavelle",,,,,,,,,,106,new,
"PIKE ROAD (GB)",2019,GELDING,"YEATS (IRE)","ILE DE SEE (FR)","Martin Keighley",,,,,,,107,new,,112,,
"PILU (IRE)",2023,GELDING,"COULSTY (IRE)","BELLA REGINA (IRE)","Roger Teal",88,+2,,,,,,,,,,
"PISANELLO (IRE)",2017,GELDING,"RAVEN'S PASS (USA)","PAINTING (IRE)","David O'Meara",55,-1,,,,,,,,,,
"PLAY BY THE RULES (IRE)",2019,GELDING,"VOCALISED (USA)","TEODOLITE (IRE)","Adam Nicol",,,,,,,77,+2,,,,
"PLEASANT MAN (GB)",2018,GELDING,"GALILEO (IRE)","MELITO (AUS)","Joey Ramsden",67,-1,,,,,,,,,,
"POINT OF CONTACT (IRE)",2022,GELDING,"BLUE POINT (IRE)","ALLEGREZZA (GB)","Andrew Balding",85,-1,collateral,,,,,,,,,
"POLITACUS (IRE)",2018,FILLY,"EPAULETTE (AUS)","SANTACUS (IRE)","Fergal O'Brien",,,,,,,107,,,110,-2,
"POLKA BLUE (IRE)",2023,FILLY,"SPACE BLUES (IRE)","BOHEMIAN DANCE (IRE)","Charles Hills",75,+7,,,,,,,,,,
"POP STAR (IRE)",2020,GELDING,"SIOUX NATION (USA)","KNOCK STARS (IRE)","Iain Jardine",69,+5,,,,,,,,,,
"POPPEYE (GB)",2022,GELDING,"EXPERT EYE (GB)","EASY TERMS (GB)","Grant Tuer",62,new,,,,,,,,,,
"POPULUS (IRE)",2023,FILLY,"BUNGLE INTHEJUNGLE (GB)","HURRICANE LIL (IRE)",,50,-2,,,,,,,,,,
"PORTH EILIAN (GB)",2023,FILLY,"PALACE PIER (GB)","INITIALLY (GB)","Edward Bethell",75,+6,,,,,,,,,,
"POSITIVE THOUGHTS (IRE)",2023,FILLY,"ELZAAM (AUS)","CARPE DIEM LADY (IRE)","John & Sean Quinn",62,-3,,,,,,,,,,
"POST RIDER (GB)",2021,FILLY,"POSTPONED (IRE)","TIOGA PASS (GB)","Oliver Cole",77,-1,,,,,,,,,,
"PRAISE INDEED (GB)",2022,FILLY,"ACLAIM (IRE)","SPECIFIC DREAM (GB)","William Muir & Chris Grassick",54,new,,,,,,,,,,
"PREMIERE LIGNE (FR)",2019,GELDING,"LOPE DE VEGA (IRE)","REALISM (USA)","Hughie Morrison",79,-3,,,,,,,,,,
"PRIAPOS (IRE)",2022,GELDING,"ZOUSTAR (AUS)","LAUREL WREATH (GB)","Phillip Makin",81,+3,,,,,,,,,,
"PRIDE OF NEPAL (GB)",2018,GELDING,"THE GURKHA (IRE)","BEST REGARDS (IRE)","Tony Carroll",60,+3,,,,,,,,,,
"PRIMA DOMINA (GB)",2023,FILLY,"WASHINGTON DC (IRE)","SEACLUSION (GB)","Michael Dods",59,-4,,,,,,,,,,
"PRINCE ABU (IRE)",2017,GELDING,"DARK ANGEL (IRE)","SAOIRSE ABU (USA)","L J Morgan",45,,,,,,,,,75,new,
"PRINCE CLENI (FR)",2018,GELDING,"DOCTOR DINO (FR)","CLENI RIVER (FR)","Christian Williams",,,,,,,83,+1,,,,
"PRINCE OF THE SEAS (IRE)",2022,GELDING,"SEA THE STARS (IRE)","SWEET FIREBIRD (IRE)","David O'Meara",89,-2,,,,,,,,,,
"PRINCE RASAM (GB)",2021,GELDING,"MASAR (IRE)","EXCEED SENSAZIONE (GB)","Gary & Josh Moore",68,+1,,,,,,,,,,
"PRINCESS VIVI (GB)",2022,FILLY,"CITYSCAPE (GB)","PERFECT PERSUASION (GB)","Antony Brittain",47,+1,,,,,,,,,,
"PRINCLING (GB)",2023,COLT,"KINGMAN (GB)","FRANKELLINA (GB)","William Haggas",91,+4,,,,,,,,,,
"QUAMBY (IRE)",2022,FILLY,"SEA THE MOON (GER)","CANDILAND (IRE)","David Simcock",79,-1,,,,,,,,,,
"QUEENS VENTURE (IRE)",2020,FILLY,"WESTERNER (GB)","BOBBI'S VENTURE (IRE)","Dean Summersby",,,,,,,,,,114,-1,
"QUERCUS (IRE)",2017,GELDING,"NAYEF (USA)","DUFOOF (IRE)","Noel Wilson",64,-1,,51,-1,,,,,,,
"QUICK OF THE NIGHT (GB)",2017,FILLY,"GENTLEWAVE (IRE)","MESSAGE PERSONNEL (FR)","Dave Roberts",,,,,,,,,,89,new,
"QUICK TURN (FR)",2023,GELDING,"PROFITABLE (IRE)","ATLANTIC EDGE (IRE)","Ian Williams",60,-1,collateral,,,,,,,,,
"R BERNARD (GB)",2016,GELDING,"NORSE DANCER (IRE)","CHANNEL TREAT (GB)","Mel Rowley",,,,,,,,,,75,-3,
"RACING DEMON (GB)",2020,GELDING,"MUHAARAR (GB)","WHATDOIWANTTHATFOR (IRE)","Ed de Giles",56,-2,,,,,,,,,,
"RAFFLES ANGEL (GB)",2021,FILLY,"HARRY ANGEL (IRE)","L'EGLISE (GB)","Jack Jones",76,new,,,,,,,,,,
"RAFFLES NOBU (FR)",2020,GELDING,"AUTHORIZED (IRE)","UTOPIE DES BORDES (FR)","Nick Scholfield",,,,,,,,,,88,-2,
"RAINBOW SORBET (IRE)",2022,FILLY,"KODIAC (GB)","FAIRE CROIRE (IRE)","Jim & Suzi Best",51,-1,,,,,,,,,,
"RAJAPOUR (IRE)",2020,GELDING,"ALMANZOR (FR)","RAYDARA (IRE)","David O'Meara",74,+1,,,,,,,,,,
"RAMON DI LORIA (IRE)",2018,GELDING,"DANDY MAN (IRE)","PRIA BONA (IRE)","Ewan Whillans",56,-1,,,,,,,,,,
"RATING (IRE)",2021,FILLY,"PROFITABLE (IRE)","SAVOY SHOWGIRL (IRE)","Grace Harris",64,+2,,,,,,,,,,
"RAUZAN (IRE)",2020,GELDING,"AUSTRALIA (GB)","RAYISA (IRE)","Lizzie Quinlan",,,,,,,,,,105,-2,
"RAVENGLASS (IRE)",2019,GELDING,"RIBCHESTER (IRE)","SPARKLING (IRE)","Adrian Wintle",52,-1,,,,,,,,,,
"RAVENSCRAIG CASTLE (GB)",2018,GELDING,"NATHANIEL (IRE)","IN THE SOUP (USA)","Iain Jardine",58,-3,,,,,,,,106,,
"REAL DREAM (IRE)",2019,GELDING,"LOPE DE VEGA (IRE)","LAGANORE (IRE)","Ian Williams",99,-2,,,,,,,,,,
"REALIGN (FR)",2022,GELDING,"BLUE POINT (IRE)","MAGGIES ANGEL (IRE)","William Haggas",98,+6,,,,,,,,,,
"REALISATION (FR)",2018,FILLY,"MASKED MARVEL (GB)","FOUR GREEN (FR)","Charlie Longsdon",,,,,,,109,-1,,,,
"RECENCY BIAS (IRE)",2022,GELDING,"HAVANA GREY (GB)","APADANA (IRE)","K. R. Burke",85,+1,,,,,,,,,,
"RED HAT EAGLE (GB)",2020,GELDING,"GLENEAGLES (IRE)","SABAWEEYA (GB)","William Knight",75,-2,,,,,,,,,,
"RED RIFLE (GB)",2023,GELDING,"TASLEET (GB)","BEYOND FASHION (GB)","Grant Tuer",67,+6,,,,,,,,,,
"RED TRAIL (IRE)",2019,FILLY,"GALILEO GOLD (GB)","TAMIKA (IRE)","Mike Sowersby",59,,,,,,,,,78,-3,
"REDORANGE (GB)",2022,GELDING,"MEHMAS (IRE)","RING FOR BAILEYS (GB)","Clive Cox",107,-1,,,,,,,,,,
"REDREDROBIN (GB)",2017,FILLY,"HELMET (AUS)","CAPE ROSIE (GB)","Malcolm Saunders",62,-3,,,,,,,,,,
"REGAL ENVOY (IRE)",2019,GELDING,"ARDAD (IRE)","REGINA (GB)","William Knight",88,-1,collateral,,,,,,,,,
"REGAL GUEST (IRE)",2022,GELDING,"KODIAC (GB)","ODYSSEE (FR)","George Margarson",52,-5,,,,,,,,,,
"REGAL KNIGHT (GB)",2023,GELDING,"ZOUSTAR (AUS)","NOZHAR (IRE)","Tony Coyle & Kaine Wood",46,-2,,,,,,,,,,
"REGULUS BLACK (GB)",2023,COLT,"PALACE PIER (GB)","BUTTERSCOTCH (IRE)","Hugo Palmer",56,+5,,,,,,,,,,
"RELENTLESS HERO (GB)",2023,GELDING,"ULYSSES (IRE)","QUITE A THING (GB)","Andrew Balding",70,new,,,,,,,,,,
"RENOIR (GB)",2019,GELDING,"NATHANIEL (IRE)","FEIS CEOIL (IRE)","Ben Clarke",,,,,,,,,,95,-2,
"RESDEV TIME (GB)",2023,FILLY,"TIME TEST (GB)","DOOBAHDEEDOO (USA)","Michael & David Easterby",52,-2,,,,,,,,,,
"RESTANDBETHANKFUL (GB)",2016,GELDING,"CALIFET (FR)","PERSIAN FOREST (GB)","Lizzie Quinlan",,,,,,,73,-5,,73,-5,
"RHYTHM N ROCK (IRE)",2018,GELDING,"FASCINATING ROCK (IRE)","RYTHMIC (GB)","John Butler",70,+4,,,,,,,,,,
"RICKETY BRIDGE (FR)",2019,GELDING,"KAPGARDE (FR)","BUCK'S BABE (FR)","Paul Nicholls",,,,,,,117,+4,,117,+4,
"RICKETY GATE (GB)",2015,GELDING,"TRANS ISLAND (GB)","HANNAH JACQUES (IRE)","Nicky Richards",,,,,,,,,,87,-2,
"RIDGEMASTER (IRE)",2022,GELDING,"MASTERCRAFTSMAN (IRE)","COUNTER RIDGE (SAF)","Simon Waugh",48,-1,,,,,,,,,,
"RIFFA SPIRIT (IRE)",2023,GELDING,"BUNGLE INTHEJUNGLE (GB)","NAFA (IRE)","Declan Carroll",69,-1,,,,,,,,,,
"RIOJA ALTA (IRE)",2020,GELDING,"AUSTRALIA (GB)","PAVEMENT (IRE)","Micky Hammond",,,,,,,,,,101,-1,
"ROBBO (IRE)",2021,GELDING,"CAMACHO (GB)","MANDORIA (GER)","Thomas Faulkner",71,-1,collateral,,,,,,,,,
"ROBERTO CARO (IRE)",2021,GELDING,"INNS OF COURT (IRE)","BETT'S GIFT (GB)","Adrian Keatley",80,-1,,,,,,,,,,
"ROBUSTO (IRE)",2020,GELDING,"CHURCHILL (IRE)","BLACKGOLD FAIRY (USA)","Eve Johnson Houghton",69,-1,,78,-1,,,,,,,
"ROCK ARMOUR (IRE)",2021,GELDING,"FASTNET ROCK (AUS)","JULIENNE (IRE)","David Thompson",42,-3,,,,,,,,,,
"ROCK OPERA (GB)",2020,GELDING,"UNFORTUNATELY (IRE)","BROUGHTONS JEWEL (IRE)","Richard & Peter Fahey",69,-1,collateral,,,,,,,,,
"ROCKIN' THE BOAT (IRE)",2022,FILLY,"ACCLAMATION (GB)","MUSIC SHOW (IRE)","David Menuisier",83,+4,,,,,,,,,,
"ROCKS UP LATE (IRE)",2020,GELDING,"VADAMOS (FR)","DREAMTIDE (GB)","Ben Pauling",,,,,,,102,+4,,,,
"ROGER POL (IRE)",2018,GELDING,"SHANTOU (USA)","LAREN (GER)","Jamie Snowden",,,,,,,,,,128,-1,
"ROGERS DREAM (GB)",2021,FILLY,"HARRY ANGEL (IRE)","VIRGINIA HALL (GB)","Gihan Arnolda",41,new,,,,,,,,,,
"ROGUE DEFENCE (GB)",2023,GELDING,"DARK ANGEL (IRE)","REHN'S NEST (IRE)","Jack Jones",76,new,,,,,,,,,,
"ROGUE IMPACT (GB)",2022,GELDING,"STUDY OF MAN (IRE)","JUST SO (IRE)","James Owen",74,-1,,,,,,,,,,
"ROGUE LIGHTNING (IRE)",2020,GELDING,"KODIAC (GB)","FIELD OF STARS (GB)","Tom Clover",103,-3,,,,,,,,,,
"ROGUE MILLIONS (GB)",2022,GELDING,"DUBAWI (IRE)","NYALETI (IRE)","Edward Bethell",94,-2,,,,,,,,,,
"ROGUE SUPREMACY (GB)",2023,GELDING,"ST MARK'S BASILICA (FR)","MIGHTY SPIRIT (IRE)","Archie Watson",87,-3,,,,,,,,,,
"ROI DU ROUME (FR)",2020,GELDING,"AUTHORIZED (IRE)","CONAKRY (FR)","Mickey Bowen",,,,,,,76,-3,,78,-1,
"ROKUNI (IRE)",2022,GELDING,"SAXON WARRIOR (JPN)","RIYAZA (IRE)","Charlie Wallis",44,-2,,,,,,,,,,
"ROMANOVICH (IRE)",2019,GELDING,"DARK ANGEL (IRE)","MY FAVOURITE THING (GB)","John O'Shea",54,-1,,,,,,,,,,
"ROMANTICIZING (GB)",2023,COLT,"SEA THE STARS (IRE)","HEAVEN SENT (GB)","William Haggas",94,new,,,,,,,,,,
"RORY'S GOLD (IRE)",2022,GELDING,"HAVANA GOLD (IRE)","CELSIUS DEGRE (IRE)","Simon Waugh",60,-2,,,,,,,,,,
"ROSA DIAZ (IRE)",2020,FILLY,"PILLAR CORAL (GB)","QUINE DE SIVOLA (FR)","Philip Kirby",,,,,,,91,-5,,91,-5,
"ROSE WARRIOR (GB)",2022,GELDING,"INVINCIBLE SPIRIT (IRE)","PENNY ROSE (GB)","Jennie Candlish",49,-2,,,,,,,,,,
"ROUSHAM (GB)",2023,GELDING,"BOBBY'S KITTEN (USA)","ROUBLES (USA)","Nigel Tinkler",63,+3,,,,,,,,,,
"ROUSING ENCORE (IRE)",2020,GELDING,"ACCLAMATION (GB)","JOLIE CHANSON (FR)","Ruth Carr",85,-1,,,,,,,,,,
"ROVINIA (GB)",2022,FILLY,"LEGENDS OF WAR (USA)","WINDLASS (IRE)","Roger Teal",48,-3,,,,,,,,,,
"ROYAL DEESIDE (GB)",2020,GELDING,"CHURCHILL (IRE)","EBB (GB)","Patrick Morris",59,,,,,,96,+3,,,,
"ROYAL MAGGS (GB)",2020,FILLY,"TELESCOPE (IRE)","ROYAL PRESENT (IRE)","Mark Walford",,,,,,,87,-2,,87,-2,
"RUBY'S ANGEL (IRE)",2023,FILLY,"STARMAN (GB)","ANGEL MEADOW (GB)","Hugo Palmer",86,+5,,,,,,,,,,
"RULER LEGEND (IRE)",2019,GELDING,"CAMELOT (GB)","AVENUE DARGENT (FR)","Gary Hanmer",67,,,,,,,,,91,+1,
"RUNNING THE GAME (FR)",2020,GELDING,"ALMANZOR (FR)","COOL ESPRIT (IRE)","Gary & Josh Moore",64,new,,,,,,,,,,
"RUNNINSONOFAGUN (IRE)",2022,GELDING,"INNS OF COURT (IRE)","HIGH SOCIETY LADY (IRE)","Tristan Davidson",60,-2,,,,,,,,,,
"SADDADD (IRE)",2022,COLT,"PINATUBO (IRE)","TALMADA (USA)","Roger Varian",116,+1,,,,,,,,,,
"SAECULAMATION (IRE)",2023,GELDING,"ACCLAMATION (GB)","SAECULA SAECULORUM (IRE)","George Margarson",48,-1,,,,,,,,,,
"SAFFRON DANDY (IRE)",2023,FILLY,"DANDY MAN (IRE)","SAFFIAN (GB)","Richard Hannon",78,-2,,,,,,,,,,
"SAHM NAIF (IRE)",2023,GELDING,"CHURCHILL (IRE)","EOS (IRE)","James Horton",60,new,,,,,,,,,,
"SAINT ETIENNE (GB)",2020,GELDING,"LE HAVRE (IRE)","IDEAL WORLD (IRE)","Brian Ellison",90,-2,,,,,,,,,,
"SAINT VIC (FR)",2019,GELDING,"KAMSIN (GER)","PASSIONNANTE (FR)","Anthony Day",,,,,,,,,,77,-1,
"SAM'S AMOUR (GB)",2017,FILLY,"BLACK SAM BELLAMY (IRE)","APHRODISIAS (FR)","Keiran Burke",,,,,,,,,,92,-3,
"SAMUEL SPADE (GER)",2019,GELDING,"MYBOYCHARLIE (IRE)","SUMMARILY (IRE)","Ben Pauling",,,,,,,119,-3,,119,-3,
"SAN FRANCISCO BAY (IRE)",2019,GELDING,"MUHAARAR (GB)","STOR MO CHROI (IRE)","Henry Candy",56,-2,,,,,,,,,,
"SANAFI ZABEEL (FR)",2021,GELDING,"INTELLO (GER)","FULL ROSE (GB)","Jim Goldie",66,+3,,,,,,,,,,
"SAUCATS (FR)",2021,GELDING,"NIRVANA DU BERLAIS (FR)","TANESHKA (FR)","Joe Tickle",,,,,,,,,,77,+4,
"SAXON GEM (IRE)",2023,FILLY,"SAXON WARRIOR (JPN)","GLENLINI (GB)","Jim Goldie",48,-1,,,,,,,,,,
"SAXOPHONIST (IRE)",2023,GELDING,"SAXON WARRIOR (JPN)","MACHEERA (IRE)","David O'Meara",72,-1,,,,,,,,,,
"SCHMILSSON (GB)",2019,GELDING,"MUHAARAR (GB)","ZEE ZEE TOP (GB)","Olly Murphy",,,,,,,120,new,,,,
"SCINTILLANTE (GB)",2020,GELDING,"ROARING LION (USA)","FREESIA (IRE)","Alastair Ralph",,,,,,,,,,105,-2,
"SCOTS POET (GB)",2016,GELDING,"YEATS (IRE)","BLUE NYMPH (GB)","Ewan Whillans",,,,,,,,,,94,+5,
"SCOTTISH KING (IRE)",2016,GELDING,"IMPERIAL MONARCH (IRE)","THANKS BOBBY (IRE)","Richard Armson",,,,,,,105,-1,,,,
"SEA HER EXCEL (GB)",2023,FILLY,"BUNGLE INTHEJUNGLE (GB)","CIRENCESTER (GB)","Ivan Furtado",56,-2,,,,,,,,,,
"SEA OF CHARM (FR)",2018,FILLY,"CHARM SPIRIT (IRE)","SEA MEETS SKY (FR)","Georgina Nicholls",61,-1,,,,,,,,,,
"SEA SUITE (IRE)",2022,GELDING,"SEA THE STARS (IRE)","SWEET AFFECTION (IRE)","James Owen",77,+2,,,,,,,,,,
"SEA THE CLOUDS (IRE)",2017,GELDING,"BORN TO SEA (IRE)","LEO'S SPIRIT (IRE)","James Moffatt",,,,,,,,,,118,-1,
"SEAGOLAZO (IRE)",2022,GELDING,"HAVANA GREY (GB)","SOHO SUSIE (IRE)","Hugo Palmer",83,-2,,,,,,,,,,
"SEAN OG (IRE)",2018,GELDING,"GETAWAY (GER)","GENESTA (IRE)","Dianne Sayer",,,,,,,108,+7,,,,
"SECRET HANDSHEIKH (GB)",2018,GELDING,"MAYSON (GB)","DESCRIPTIVE (IRE)","John Gallagher",55,+2,,,,,,,,,,
"SECRET SECRET (IRE)",2016,GELDING,"BORN TO SEA (IRE)","MAUGHAMI (GB)","James Moffatt",,,,,,,,,,99,-1,
"SEEYOUINMYDREAMS (GB)",2018,FILLY,"TELESCOPE (IRE)","SIERRA (FR)","Tom Ellis",,,,,,,120,-1,,120,-1,
"SELENIC (IRE)",2022,FILLY,"SEA THE MOON (GER)","BANTAM (IRE)","Sir Mark Prescott Bt",74,-2,,,,,,,,,,
"SENOR CORTEZ (IRE)",2021,GELDING,"SEA THE STARS (IRE)","LILLIAN RUSSELL (IRE)","John Butler",72,-2,,,,,,,,,,
"SENOR DIAZ (IRE)",2019,GELDING,"RED JAZZ (USA)","BLASE CHEVALIER (IRE)","Jimmy Frost",,,,,,,69,-2,,69,-2,
"SERENGETI (FR)",2022,COLT,"WOOTTON BASSETT (GB)","HOLY ROMAN EMPRESS (IRE)","Mike Murphy",96,+1,,,,,,,,,,
"SETTLE DOWN JILL (IRE)",2020,FILLY,"AFFINISEA (IRE)","AZAILA (GB)","Tristan Davidson",,,,,,,112,,,108,new,
"SEU JO (IRE)",2023,COLT,"NANDO PARRADO (GB)","FLEETING PRINCESS (GB)","Jim Boyle",76,-3,,,,,,,,,,
"SHAHIK (GB)",2023,GELDING,"SHOWCASING (GB)","MUSICAL ART (IRE)","Michael Keady",79,-2,,,,,,,,,,
"SHALFA (IRE)",2019,FILLY,"RIBCHESTER (IRE)","MIKANDY (IRE)","Lydia Richards",64,,,,,,,,,102,+4,
"SHAMACID (IRE)",2022,GELDING,"SHAMAN (IRE)","ACID (GB)","S. P. C. Woods",66,-1,,,,,,,,,,
"SHARP ROMANCE (GB)",2023,FILLY,"ADVERTISE (GB)","NATSOVIA (GB)","Philip McBride",75,+1,collateral,,,,,,,,,
"SHAYEM (IRE)",2023,COLT,"KING OF CHANGE (GB)","SOUNDS OF APRIL (IRE)","K. R. Burke",106,+6,,,,,,,,,,
"SHAZANI (FR)",2022,GELDING,"DARK ANGEL (IRE)","SONJEU (FR)","Roy Bowring",67,-2,,,,,,,,,,
"SHE WON'T MIND (GB)",2018,FILLY,"MOUNT NELSON (GB)","MAKADAMIA (GB)","Tim Reed",,,,,,,74,-3,,74,-3,
"SHE'S A GOLDIGGER (GB)",2022,FILLY,"LAND FORCE (IRE)","MISS GOLDSMITH (IRE)","Mark Walford",43,-1,,,,,,,,,,
"SHE'S CRAFTY (IRE)",2023,FILLY,"STARMAN (GB)","SIMPLY AWESOME (IRE)","George Margarson",52,-2,,,,,,,,,,
"SHES ALL PRIDE (IRE)",2020,FILLY,"ORDER OF ST GEORGE (IRE)","BALLYALLIA PRIDE (IRE)","Deborah Cole",,,,,,,,,,78,+7,
"SHES GOT THE BLUES (IRE)",2023,FILLY,"SPACE BLUES (IRE)","VALTINA (IRE)","Tony Carroll",48,-1,,,,,,,,,,
"SHIFRA (IRE)",2022,FILLY,"POSTPONED (IRE)","AURORA BOREALIS (IRE)","Pat Phelan",46,+4,,,,,,,,,,
"SHINEALIGHT (IRE)",2021,FILLY,"SOLDIER OF FORTUNE (IRE)","CATHERINE'S MEADOW (IRE)","John Dawson",,,,,,,,,,98,-1,
"SHIPSHAPE (IRE)",2022,GELDING,"NEW BAY (GB)","PILATES (IRE)","Bernard Llewellyn",71,+3,,,,,,,,,,
"SHOW BIZ KID (IRE)",2021,GELDING,"ACCLAMATION (GB)","FASHION THEORY (GB)","Julia & Shelley Birkett",72,+7,,,,,,,,,,
"SIAM FOX (IRE)",2018,GELDING,"PRINCE OF LIR (IRE)","FOLEGANDROS ISLAND (FR)","Kevin & Lauren Frost",61,+4,,,,,,,,,,
"SIAM PARK (IRE)",2019,GELDING,"SHOLOKHOV (IRE)","PRESENT ATTRACTION (IRE)","Joe Tizzard",,,,,,,115,,,112,+2,
"SIERRA SANDS (IRE)",2023,COLT,"SANDS OF MALI (FR)","TICKERDI (IRE)","Ed Dunlop",78,-1,,,,,,,,,,
"SIERRA SUE (IRE)",2023,FILLY,"STARMAN (GB)","AURORA SPRING (IRE)","James Horton",69,new,,,,,,,,,,
"SILENT REVOLUTION (IRE)",2016,GELDING,"SHOLOKHOV (IRE)","WATSON RIVER (IRE)","Barry Murphy",,,,,,,,,,79,-5,
"SIMBA'S PRIDE (GB)",2023,GELDING,"DREAM AHEAD (USA)","TEQUILA ROYALE (GB)","Michael Dods",69,+4,,,,,,,,,,
"SIMPLE STAR (IRE)",2018,GELDING,"SEA THE STARS (IRE)","SIMPLE ELEGANCE (USA)","Dianne Sayer",71,,,,,,,,,105,-2,
"SINGOURA (GB)",2022,FILLY,"RAJASINGHE (IRE)","BAKOURA (GB)","Gemma Tutty",64,-1,,,,,,,,,,
"SIR ALBERT (IRE)",2023,COLT,"NO NAY NEVER (USA)","AL JOZA (GB)","Andrew Balding",96,-3,,,,,,,,,,
"SIR DAVID (FR)",2022,GELDING,"MEHMAS (IRE)","HESTERYA (IRE)","Nigel Tinkler",56,-3,,,,,,,,,,
"SIR EDWARD LEAR (GB)",2021,GELDING,"MUKHADRAM (GB)","SHE'S GORGEOUS (IRE)","James Owen",72,-2,,,,,,,,,,
"SIR GALAHAD (IRE)",2021,GELDING,"CHURCHILL (IRE)","KATIYRA (IRE)","Olly Murphy",,,,,,,,,,136,+10,
"SIR WILLIAM (IRE)",2022,GELDING,"NIGHT OF THUNDER (IRE)","LADY G (IRE)","Charlie Johnston",75,-1,,,,,,,,,,
"SISTERANDBROTHER (GB)",2018,GELDING,"SIXTIES ICON (GB)","PICALILY (GB)","Joey Ramsden",61,+3,,,,,,,,,,
"SKI ANGEL (GB)",2020,FILLY,"HARRY ANGEL (IRE)","EXCELETTE (IRE)","R. Mike Smith",46,-1,,,,,,,,,,
"SKIP TO VICTORY (GB)",2023,FILLY,"TASLEET (GB)","SKIP TO MY LOU (GB)","Dylan Cunha",77,-2,,,,,,,,,,
"SKIPPER (GB)",2021,GELDING,"CALYX (GB)","SKIPINNISH (GB)","Hamad Al Jehani",89,-1,,,,,,,,,,
"SLANEY OPERA (IRE)",2018,GELDING,"SHOLOKHOV (IRE)","MISS OPERA (GB)","Nick Scholfield",,,,,,,98,-2,,,,
"SLAY QUEEN (IRE)",2023,FILLY,"ACCLAMATION (GB)","ASTERELLA (FR)","Richard Hannon",82,-3,,,,,,,,,,
"SLIGHT OF FOOT (GB)",2023,GELDING,"KINGMAN (GB)","NIMBLE THIMBLE (USA)","Harry Charlton",75,-2,,,,,,,,,,
"SMUGGLERS HAVEN (IRE)",2019,FILLY,"ELUSIVE PIMPERNEL (USA)","OUR GRACE (IRE)","Sara Bradstock",,,,,,,120,+3,,120,+5,
"SNIPE (IRE)",2017,GELDING,"SOLDIER OF FORTUNE (IRE)","PISCES (GB)","Dan Skelton",,,,,,,127,-1,,,,
"SO GRATEFUL (GB)",2018,GELDING,"SWISS SPIRIT (GB)","BOW BRIDGE (GB)","Michael & David Easterby",51,-2,,,,,,,,,,
"SO PROUD (IRE)",2021,GELDING,"SHIROCCO (GER)","ROSA DANICA (IRE)","Jonjo & A.J. O'Neill",,,,,,,,,,103,new,
"SO SMART (IRE)",2019,GELDING,"DANDY MAN (IRE)","MODEL LOOKS (IRE)","Grace Harris",60,+1,,55,+1,,,,,,,
"SOCA STAR (IRE)",2023,FILLY,"STARMAN (GB)","SOUL OF CALYPSO (GB)","Seb Spencer",68,-2,,,,,,,,,,
"SOGNIAMO (GB)",2023,FILLY,"OASIS DREAM (GB)","GRACE AND FAVOUR (GB)","David O'Meara",71,new,,,,,,,,,,
"SOLAR PASS (GB)",2022,FILLY,"PHOENIX REACH (IRE)","HIGHLAND PASS (GB)","Andrew Balding",76,+2,,,,,,,,,,
"SOMEONE'S WISH (IRE)",2020,GELDING,"BURATINO (IRE)","CRYSTAL MOUNTAIN (USA)","Patrick Morris",52,-2,,,,,,,,,,
"SOMETHING (GB)",2021,GELDING,"GOLDEN HORN (GB)","CALIPATRIA (GB)","Liam Bailey",77,+4,,,,,,,,,,
"SON OF TYRAN (GB)",2021,GELDING,"PETHER'S MOON (IRE)","LETS HOPE SO (GB)","Dan Skelton",,,,,,,78,new,,78,,
"SONG OF THE STARS (GB)",2023,FILLY,"GHAIYYATH (IRE)","SINGING SKY (GB)","James Ferguson",58,+5,,,,,,,,,,
"SOUL SEEKER (IRE)",2017,GELDING,"OASIS DREAM (GB)","MAD ABOUT YOU (IRE)","Philip Kirby",43,-1,,40,-1,,,,,,,
"SOUTH PARADE (IRE)",2021,FILLY,"INVINCIBLE ARMY (IRE)","RURAL CELEBRATION (GB)","Richard & Peter Fahey",65,-3,,,,,,,,,,
"SOUTH SHORE (GB)",2021,GELDING,"BLUE POINT (IRE)","ANGEL'S GLORY (GB)","Ruth Carr",55,-1,,,,,,,,,,
"SOVEREIGN VIEW (GB)",2023,GELDING,"MOHAATHER (GB)","VELVET VISION (GB)","James Tate",83,-1,,,,,,,,,,
"SPARTAN TIMES (GB)",2021,GELDING,"FRONTIERSMAN (GB)","LYSANDER BELLE (IRE)","Jennie Candlish",72,-2,,,,,,,,105,,
"SPECIAL DIVIDEND (GB)",2023,GELDING,"ARDAD (IRE)","DABBLE (IRE)","Dr Richard Newland & Jamie Insole",85,-2,,,,,,,,,,
"SPIORADALTA (GB)",2020,GELDING,"RAJASINGHE (IRE)","BROUGHTONS SECRET (GB)","Mark Walford",91,+3,,,,,,,,,,
"SPIRIT DREAMER (IRE)",2023,GELDING,"AUSTRALIA (GB)","QUEEN RABAB (IRE)","Andrew Balding",59,new,,,,,,,,,,
"SPIRITOFTHEBLUES (GB)",2023,FILLY,"TIME TEST (GB)","BRIDESHEAD (GB)","David O'Meara",73,-3,,,,,,,,,,
"SPOKEN TRUTH (IRE)",2021,GELDING,"FRANKEL (GB)","JOAILLIERE (IRE)","David O'Meara",86,+1,,,,,,,,,,
"SPONSOR (IRE)",2023,GELDING,"MEHMAS (IRE)","RAINBOW VALE (FR)","Brian Meehan",79,-1,,,,,,,,,,
"SPORTINGSILVERMINE (IRE)",2021,GELDING,"HOLY ROMAN EMPEROR (IRE)","PRASKOVIA (IRE)","James Owen",86,+9,,,,,,,,,,
"SQUIRE DANAGHER (GB)",2020,GELDING,"AUSTRALIA (GB)","SUNDAY BESS (JPN)","Emma Lavelle",84,new,,,,,,,,,,
"ST ANTON (IRE)",2023,COLT,"MEHMAS (IRE)","JEVA (IRE)","Richard Hannon",91,+6,,,,,,,,,,
"ST LUKES CHELSEA (GB)",2021,GELDING,"TERRITORIES (IRE)","DESERT LIAISON (GB)","Robert Walford",,,,,,,,,,87,-2,
"STAFFORDSHIRE (IRE)",2022,GELDING,"GHAIYYATH (IRE)","PORCELAIN GIRL (IRE)","Jennie Candlish",56,-1,,,,,,,,,,
"STAR OF EMERALD (FR)",2023,GELDING,"RECOLETOS (FR)","BLUE SAIL (USA)","Edward Bethell",50,-2,,,,,,,,,,
"STARLUST (GB)",2021,COLT,"ZOUSTAR (AUS)","BEYOND DESIRE (GB)","Ralph Beckett",109,-2,,,,,,,,,,
"STARMAN (FR)",2016,GELDING,"SRI PUTRA (GB)","LAMBOGHINA (GER)","Joanne Foster",,,,,,,91,-2,,91,-2,
"STATEIRA (FR)",2022,FILLY,"PERSIAN KING (IRE)","DOUDA (IRE)","Andrew Balding",105,+3,,,,,,,,,,
"STATION BAR (GB)",2023,GELDING,"OASIS DREAM (GB)","MADAME TANTZY (GB)","Eve Johnson Houghton",67,+5,,,,,,,,,,
"STAY HOPEFUL (IRE)",2020,GELDING,"WALK IN THE PARK (IRE)","J'ESPERE (IRE)","Henry Oliver",,,,,,,74,new,,74,-4,
"STEEL TIGER (IRE)",2021,GELDING,"ALMANZOR (FR)","MISSION IMPASSIBLE (IRE)","Simon & Ed Crisford",82,-2,,86,-3,,,,,,,
"STELLARMASTERPIECE (FR)",2020,FILLY,"CLOTH OF STARS (IRE)","SISTER DAM'S (IRE)","Micky Hammond",63,,,,,,,,,77,+6,
"STONEACRE (IRE)",2020,GELDING,"MEHMAS (IRE)","TARABA (IRE)","Scott Dixon",39,-1,,,,,,,,,,
"STONEACRE JOE (GB)",2023,GELDING,"SHOWCASING (GB)","FAIRY DUST (IRE)","Tim Easterby",71,-2,,,,,,,,,,
"STRAIGHT A (GB)",2021,GELDING,"ACLAIM (IRE)","STRAIGHT AWAY (GB)","Michael Appleby",70,-1,,,,,,,,,,
"STRATAGEM (FR)",2016,GELDING,"SUNDAY BREAK (JPN)","OUR ZIGA (FR)","Mickey Bowen",,,,,,,120,+8,,,,
"STRIKING A POSE (IRE)",2016,GELDING,"GETAWAY (GER)","CLONSINGLE NATIVE (IRE)","Joe Tizzard",,,,,,,,,,106,-1,
"STROMNESS (GB)",2023,GELDING,"ZOUSTAR (AUS)","CREDIBLE (GB)","Nigel Tinkler",51,-5,,,,,,,,,,
"STUDY UP (GB)",2021,GELDING,"DUE DILIGENCE (USA)","CROSS MY HEART (GB)","Mark Loughnane",63,+3,,,,,,,,,,
"STYLE KING (IRE)",2022,GELDING,"DANDY MAN (IRE)","UAE QUEEN (GB)","Chris Dwyer",61,-2,,,,,,,,,,
"STYLISH RECRUIT (IRE)",2018,GELDING,"ASK (GB)","STYLISH WAYS (IRE)","Sandy Thomson",,,,,,,,,,91,-1,
"SUDDEN FLIGHT (GB)",2022,GELDING,"ACLAIM (IRE)","LINKS DRIVE LADY (GB)","Richard Hughes",85,-1,,94,,,,,,,,
"SUDDENLY I SEE (IRE)",2023,COLT,"RIBCHESTER (IRE)","SUDDENLY (GER)","Charlie Johnston",79,-1,,,,,,,,,,
"SUGAR BABY (GB)",2018,GELDING,"MONSIEUR BOND (IRE)","SUGAR TOWN (GB)","Peter Niven",67,-2,,,,,,,,,,
"SUITCASE SMITH (GB)",2022,GELDING,"SIXTIES ICON (GB)","HOPE IS HIGH (GB)","John Berry",52,-3,,,,,,,,,,
"SUMMER HEAT (GB)",2022,FILLY,"EARTHLIGHT (IRE)","DISCERNABLE (GB)","James Owen",73,+1,,,,,,,,,,
"SUN ART (FR)",2019,GELDING,"MASKED MARVEL (GB)","LEXUS DU CHARMIL (FR)","Fergal O'Brien",,,,,,,106,-1,,106,-1,
"SUNNY ORANGE (IRE)",2020,GELDING,"EXPERT EYE (GB)","ORANGEY RED (IRE)","Tim Easterby",60,-1,,,,,,,,,,
"SUNRAY SHADOW (GB)",2019,GELDING,"BLUE BRESIL (FR)","SILVER SPINNER (GB)","Dan Skelton",,,,,,,121,+2,,121,+2,
"SUNSHINE AND ROSES (GB)",2023,FILLY,"MASSAAT (IRE)","SUNSHINEANDBUBBLES (GB)","Jack Channon",56,-3,,,,,,,,,,
"SUPREME YEATS (IRE)",2016,GELDING,"YEATS (IRE)","SUPREME BAILERINA (IRE)","Dan Skelton",,,,,,,,,,114,+5,
"SUSPENDED SENTENCE (FR)",2023,COLT,"WITHOUT PAROLE (GB)","SILVER ACT (IRE)","Michael Bell",90,-3,,,,,,,,,,
"SWEET ECHO (GB)",2023,FILLY,"A'ALI (IRE)","CAMELOPARDALIS (GB)","Philip McBride",48,-5,,,,,,,,,,
"SWEET REWARD (IRE)",2017,GELDING,"ACCLAMATION (GB)","DANGLE (IRE)","Jonathan Portman",88,+3,,,,,,,,,,
"SYNERGISM (GER)",2022,GELDING,"SOLDIER HOLLOW (GB)","SFORZA RAGAZZA (GER)","Sir Mark Prescott Bt",89,+2,,,,,,,,,,
"SYNNERS KID (IRE)",2023,GELDING,"TEN SOVEREIGNS (IRE)","ALONG THE SHORE (IRE)","Lemos De Souza",89,-2,,,,,,,,,,
"TAKE A CHILL PILL (GB)",2023,COLT,"KINGMAN (GB)","RED STARLIGHT (GB)","James Owen",74,new,,,,,,,,,,
"TALIS EVOLVERE (IRE)",2020,GELDING,"AWTAAD (IRE)","MY HENRIETTA (USA)","Richard Hannon",85,-2,,,,,,,,,,
"TALK OF NEW YORK (GB)",2023,COLT,"WOOTTON BASSETT (GB)","USHERETTE (IRE)","Charlie Appleby",112,+8,,,,,,,,,,
"TAMASHAL (IRE)",2023,COLT,"PHOENIX OF SPAIN (IRE)","EMBIYRA (IRE)","Richard Hannon",80,-1,,,,,,,,,,
"TANAKA (IRE)",2023,FILLY,"MEHMAS (IRE)","CHESHIRE PLAIN (FR)","David O'Meara",41,-1,,,,,,,,,,
"TAO ENKI (FR)",2020,GELDING,"NO RISK AT ALL (FR)","LADY NEEDLES (IRE)","Alastair Ralph",,,,,,,,,,104,-1,
"TARLAC (IRE)",2022,GELDING,"PINATUBO (IRE)","SHARJA QUEEN (GB)","Katie Scott",51,-2,,,,,,,,,,
"TAROT (GB)",2023,FILLY,"STARSPANGLEDBANNER (AUS)","ASTROLOGER (GB)","Roger Varian",84,-1,,,,,,,,,,
"TEES AGGREGATES (IRE)",2022,GELDING,"EARTHLIGHT (IRE)","CLUB PRIVE (IRE)","Adrian Nicholls",69,-1,,,,,,,,,,
"TELLING TIME (GB)",2023,GELDING,"TIME TEST (GB)","CHRISTMAS JOY (IRE)","Charlie Longsdon",48,-2,,,,,,,,,,
"TEN POUNDS (IRE)",2021,GELDING,"TEN SOVEREIGNS (IRE)","LADY FASHION (GB)","Joey Ramsden",102,+3,,,,,,,,,,
"TENZI (IRE)",2023,FILLY,"PINATUBO (IRE)","VARIO (GB)","Jamie Osborne",64,-2,,,,,,,,,,
"TERRITORIAL STAR (GB)",2023,FILLY,"TERRITORIES (IRE)","MURITZ (GB)","Rebecca Menzies",57,-3,,,,,,,,,,
"TEX (FR)",2021,GELDING,"DARK ANGEL (IRE)","SUDU QUEEN (GER)","George Baker",67,-1,,,,,,,,,,
"THANKS DAD (GB)",2020,GELDING,"TWILIGHT SON (GB)","NEVER A QUARREL (IRE)","Scott Dixon",45,-1,,56,-1,,,,,,,
"THANOS (GB)",2023,GELDING,"LOPE Y FERNANDEZ (IRE)","REEDANJAS (IRE)","Harry Charlton",74,+6,,,,,,,,,,
"THAT'S ENOUGH (GB)",2023,FILLY,"SERGEI PROKOFIEV (CAN)","SUFFICIENT (GB)","Dr Richard Newland & Jamie Insole",56,+1,,,,,,,,,,
"THATS MY BOY LUKE (GB)",2021,GELDING,"ULYSSES (IRE)","PIVOTTING (GB)","Tim Easterby",60,-1,,,,,,,,,,
"THE BITTER MOOSE (IRE)",2021,GELDING,"KODIAC (GB)","BARONESS (IRE)","Patrick Chamings",70,-1,,,,,,,,,,
"THE DARK BARON (IRE)",2022,GELDING,"DARK ANGEL (IRE)","BARONESS (IRE)","Kathy Turner",63,-1,,,,,,,,,,
"THE GAY BLADE (GB)",2019,GELDING,"MAZAMEER (IRE)","BIG MYSTERY (IRE)","Iain Jardine",61,+4,,,,,,,,,,
"THE JOKER (FR)",2023,COLT,"ZARAK (FR)","SHAIYMA (FR)","Jane Chapple-Hyam",81,+1,,,,,,,,,,
"THE KEMBLE BREWERY (GB)",2019,GELDING,"BLUE BRESIL (FR)","LEGENDARA (GB)","Kim Bailey & Mat Nicholls",,,,,,,,,,142,+4,
"THE LOST SOCK (IRE)",2023,GELDING,"COTAI GLORY (GB)","JOWANA (IRE)","Roger Varian",78,-3,,,,,,,,,,
"THE ROC HOPPER (IRE)",2019,GELDING,"SHIROCCO (GER)","BORBOLETA (IRE)","Rebecca Menzies",,,,,,,,,,76,+3,
"THE TRUANT (IRE)",2017,GELDING,"MASTERCRAFTSMAN (IRE)","INVINCIBLE CARA (IRE)","Michael Attwater",61,,,,,,,,,102,-3,
"THE WIND AND SUN (GB)",2023,FILLY,"ARDAD (IRE)","SPICY DAL (GB)","Julie Camacho",44,new,,,,,,,,,,
"THE WISE TRAVELLER (IRE)",2016,GELDING,"GETAWAY (GER)","BUTTERFLY BETTY (IRE)","Sarah Humphrey",,,,,,,,,,93,+2,
"THEATRE TOM (IRE)",2019,GELDING,"SOLDIER OF FORTUNE (IRE)","THEATRE BIRD (IRE)","Olly Murphy",,,,,,,,,,103,new,
"THEIRSHEGOES (IRE)",2017,FILLY,"COURT CAVE (IRE)","BETTY SCOTT (GB)","Sandy Thomson",,,,,,,,,,93,-1,
"THICKTHORN TOM (IRE)",2020,GELDING,"OCOVANGO (GB)","BLUME (IRE)","Dan Skelton",,,,,,,91,+6,,,,
"THIS FARH (GB)",2022,GELDING,"FAR ABOVE (IRE)","THIS GIRL (GB)","David Loughnane",75,+3,,,,,,,,,,
"THISTLE BE THE ONE (IRE)",2019,GELDING,"ARCTIC COSMOS (USA)","WHICH THISTLE (IRE)","Ben Clarke",,,,,,,94,-3,,94,-3,
"THORNABY ANNIE (IRE)",2023,FILLY,"GALILEO GOLD (GB)","VARDIYNA (FR)","Adrian Nicholls",65,+1,,,,,,,,,,
"THORNABY PEARL (GB)",2018,GELDING,"PEARL SECRET (GB)","JUNCEA (GB)","Adrian Nicholls",59,-1,,,,,,,,,,
"THUNDEROUS LOVE (GB)",2021,FILLY,"LIGHTNING SPEAR (GB)","AIR STRICKER (FR)","Jonathan Portman",68,-2,,,,,,,,,,
"TIBERIO FORCE (GB)",2019,GELDING,"LETHAL FORCE (IRE)","RIO'S ROSANNA (IRE)","Simon Whitaker",48,-2,,,,,,,,,,
"TICKETS (GB)",2019,GELDING,"ACLAIM (IRE)","CZARNA ROZA (GB)","Patrick Neville",48,-2,,,,,,,,,,
"TICKETTOTHESTARS (IRE)",2023,FILLY,"PROFITABLE (IRE)","RANALLAGH ROCKET (IRE)","Rod Millman",55,+1,,,,,,,,,,
"TIERNAN (IRE)",2022,GELDING,"DUBAWI (IRE)","JOLLIFY (IRE)","Iain Jardine",85,-5,,,,,,,,,,
"TIMBER TWELVE (GB)",2023,GELDING,"ULYSSES (IRE)","WOOD CHORUS (GB)","Michael Bell",80,-2,,,,,,,,,,
"TIME LOOP (IRE)",2021,FILLY,"LOPE DE VEGA (IRE)","FINE TIME (GB)","William Haggas",84,-2,,,,,,,,,,
"TIME TO BITE (IRE)",2015,GELDING,"SCORPION (IRE)","TIME TO ACT (GB)","Chris Honour",,,,,,,126,-1,,112,,
"TIME TO SPARKLE (GB)",2023,FILLY,"TIME TEST (GB)","SPARKLE (GB)","James Keane",58,+1,,,,,,,,,,
"TINTO (GB)",2016,GELDING,"COMPTON PLACE (GB)","AMIRAH (IRE)","Michael Dods",78,-4,,,,,,,,,,
"TITIAN (IRE)",2018,GELDING,"IFFRAAJ (GB)","LUCELLE (IRE)","Julie Camacho",73,-2,,,,,,,,,,
"TITLE ROLE (GB)",2023,COLT,"TOO DARN HOT (GB)","VALIANT GIRL (GB)","Simon & Ed Crisford",109,+3,,,,,,,,,,
"TOMMIE BEAU (IRE)",2015,GELDING,"BRIAN BORU (GB)","BAJAN GIRL (FR)","Seamus Mullins",,,,,,,127,,,130,new,
"TOMMIE'S ANGEL (IRE)",2023,FILLY,"DARK ANGEL (IRE)","GLOBAL LIGHT (IRE)","Rebecca Menzies",54,new,,,,,,,,,,
"TOO MUCH TREVOR (GB)",2021,GELDING,"MAGNA GRECIA (IRE)","WALK ON BYE (IRE)","Grace Harris",50,-1,,,,,,,,,,
"TORBADOS (GB)",2023,GELDING,"ARDAD (IRE)","EXMOUTH (GB)","Charles Hills",61,-3,,,,,,,,,,
"TOWN QUEEN (IRE)",2023,FILLY,"BLUE POINT (IRE)","MADLY TRULY (USA)","K. R. Burke",75,new,,,,,,,,,,
"TRACKER ISSUE (IRE)",2022,GELDING,"VERBAL DEXTERITY (IRE)","PAISTIUL (IRE)","Adam Nicol",50,-1,,,,,,,,,,
"TRANQUIL SEA (IRE)",2020,GELDING,"TEOFILO (IRE)","FINATA (GB)","Dan Skelton",,,,,,,,,,128,+7,
"TRAVEL AGENT (IRE)",2022,GELDING,"NO NAY NEVER (USA)","FLOWER FASHION (FR)","Adam Kirby",71,-1,,,,,,,,,,
"TREFOR (IRE)",2021,GELDING,"INVINCIBLE ARMY (IRE)","SILK BOW (GB)","Charles Hills",95,-1,,,,,,,,,,
"TRICKY TEL (GB)",2023,GELDING,"UBETTABELIEVEIT (IRE)","ARDBRAE TARA (IRE)","Hugo Palmer",84,+5,,,,,,,,,,
"TRINCULO (GB)",2023,GELDING,"CARAVAGGIO (USA)","FLIGHTY ALMIGHTY (GB)","George Baker",69,new,,,,,,,,,,
"TRIO (GB)",2023,FILLY,"TERRITORIES (IRE)","SIBLING (GB)","Eve Johnson Houghton",70,-1,,,,,,,,,,
"TRIPLE FORCE (GB)",2021,GELDING,"LAND FORCE (IRE)","TRIPLE STAR (GB)","Craig Lidster",72,-2,,,,,,,,,,
"TRIPOLI FLYER (IRE)",2019,GELDING,"GETAWAY (GER)","COLLEN BEAG (IRE)","Fergal O'Brien",72,new,,,,,,,,141,,
"TROOPER (GER)",2020,GELDING,"HUNTER'S LIGHT (IRE)","TIPSY TANGERINE (GER)","Neil Mulholland",65,new,,,,,,,,73,,
"TRUE PROMISE (GB)",2021,GELDING,"WASHINGTON DC (IRE)","IN TRUTINA (GB)","Fionn McSharry",81,+7,,,,,,,,,,
"TRUST AMY (IRE)",2023,FILLY,"STARMAN (GB)","WIZZ UP (IRE)","Gary Hanmer",74,-2,,,,,,,,,,
"TURN AND FINISH (IRE)",2021,GELDING,"WINGS OF EAGLES (FR)","TRAP QUEEN (IRE)","Steph Hollinshead",65,,,,,,,,,105,-5,
"TURPIN GOLD (GB)",2016,GELDING,"DICK TURPIN (IRE)","TAMARA (GB)","Tom Lacey",,,,,,,102,-2,,102,-2,
"TWILIGHT FUN (GB)",2020,GELDING,"TWILIGHT SON (GB)","SWEET APPLAUSE (IRE)","Chelsea Banham",79,-1,,,,,,,,,,
"TWILIGHT GUEST (GB)",2020,GELDING,"TWILIGHT SON (GB)","ASTROSECRET (GB)","George Margarson",48,-2,,,,,,,,,,
"TWILIGHT JET (IRE)",2019,GELDING,"TWILIGHT SON (GB)","MY LUCKY LIZ (IRE)","Jim & Suzi Best",89,+12,,,,,,,,,,
"TWO TO TANGO (GB)",2018,GELDING,"KAYF TARA (GB)","FOLIE DANCER (GB)","Emma Lavelle",,,,,,,107,-1,,,,
"TYPEFACE (GB)",2022,GELDING,"WOOTTON BASSETT (GB)","PHIZ (GER)","Ian Williams",52,-2,,,,,,,,,,
"TYSON (GER)",2020,GELDING,"LORD OF ENGLAND (GER)","TININA (IRE)","Dan Skelton",,,,,,,111,new,,111,+10,
"U S S CONSTITUTION (IRE)",2020,GELDING,"U S NAVY FLAG (USA)","STOR MO CHROI (IRE)","Ed Walker",59,-2,,,,,,,,,,
"UNCERTAINTY (IRE)",2023,FILLY,"MOHAATHER (GB)","FAUSTINATHEYOUNGER (IRE)","Simon Whitaker",65,-2,,,,,,,,,,
"UNCLE AL (IRE)",2019,GELDING,"LEADING LIGHT (IRE)","MILLING ROAD (IRE)","Jessica Bedi",,,,,,,83,+2,,,,
"UNCLE ALBERT (IRE)",2021,GELDING,"DRAGON PULSE (IRE)","ROCCIA BELLA (IRE)","Adrian Wintle",47,new,,,,,,,,,,
"UNCLE DON (GB)",2022,GELDING,"OASIS DREAM (GB)","BEREKA (GB)","Robert Cowell",88,+2,,,,,,,,,,
"UNJEU ROYAL (FR)",2021,GELDING,"JEU ST ELOI (FR)","UNE VOIX ROYALE (FR)","Tom Lacey",,,,,,,,,,112,-1,collateral
"UNKNOWN JOURNEY (IRE)",2022,GELDING,"INNS OF COURT (IRE)","NOTHING COMPARES (GB)","Tony Carroll",43,-3,,,,,,,,,,
"UNSPEAKABLE (IRE)",2018,GELDING,"SHOLOKHOV (IRE)","CROISE NAOFA (IRE)","Christian Williams",,,,,,,80,-1,,,,
"UNTIL DAWN (IRE)",2022,FILLY,"INVINCIBLE ARMY (IRE)","RUSH OF BLOOD (IRE)","Alan Brown",57,-2,,,,,,,,,,
"URBAN GLIMPSE (GB)",2022,GELDING,"CITYSCAPE (GB)","SNEAKY PEEK (GB)","Andrew Balding",84,-1,,,,,,,,,,
"URCHIN (GB)",2023,GELDING,"ULYSSES (IRE)","SHIP'S BISCUIT (GB)","K. R. Burke",83,new,,,,,,,,,,
"V POWER (GB)",2020,GELDING,"PROTECTIONIST (GER)","VAGABONDE (IRE)","Thomas Faulkner",61,-1,,,,,,,,,,
"VALENTINE CATCHER (GB)",2021,GELDING,"BATED BREATH (GB)","FLYCATCHER (IRE)","Tim Easterby",64,+1,,,,,,,,,,
"VALOR SPIRIT (IRE)",2023,GELDING,"ARDAD (IRE)","GREAT DAME (IRE)","Bryan Smart",70,+2,,,,,,,,,,
"VAPE (GB)",2017,GELDING,"DARK ANGEL (IRE)","PUFF (IRE)","John & Rhys Flint",61,-1,,,,,,,,,,
"VEGA'S VIRTUE (IRE)",2023,FILLY,"LUCKY VEGA (IRE)","GRACE AND VIRTUE (IRE)","Tim Easterby",57,+3,,,,,,,,,,
"VENETIAN ROMANCE (IRE)",2023,FILLY,"ST MARK'S BASILICA (FR)","DAZZLING BEAUTY (GB)","Dr Richard Newland & Jamie Insole",62,-4,,,,,,,,,,
"VENETIAN SKY (FR)",2023,FILLY,"ST MARK'S BASILICA (FR)","SAILOR MOON (IRE)","William Haggas",74,new,,,,,,,,,,
"VICTOR CEE (GB)",2023,GELDING,"VICTOR LUDORUM (GB)","ALZAHRA (GB)","Phil McEntee",66,-4,,,,,,,,,,
"VIDMIYR (IRE)",2023,COLT,"FOOTSTEPSINTHESAND (GB)","VADAIYMA (FR)","Jennie Candlish",78,+3,,,,,,,,,,
"VIETNORM (IRE)",2023,GELDING,"KESSAAR (IRE)","SEAFARING (IRE)","Adrian Keatley",56,+3,,,,,,,,,,
"VINCIAMO (GB)",2023,GELDING,"SHOWCASING (GB)","MAKE FAST (GB)","Kevin Ryan",70,-3,,,,,,,,,,
"VINGEGAARD (IRE)",2022,GELDING,"MEHMAS (IRE)","CHEVANAH (IRE)","Julie Camacho",74,-3,,,,,,,,,,
"VINO SAURO (USA)",2022,GELDING,"VINO ROSSO (USA)","STORMY NOVEL (USA)","Jamie Osborne",76,new,,,,,,,,,,
"VINTAGE FIZZ (GB)",2017,GELDING,"SULAMANI (IRE)","MILAN ATHLETE (IRE)","Jedd O'Keeffe",,,,,,,118,-3,,,,
"VOCITO (IRE)",2018,GELDING,"VOCALISED (USA)","ASTRALAI (IRE)","Olly Murphy",,,,,,,119,+4,,124,+9,
"WADACRE GEISHA (GB)",2023,FILLY,"STUDY OF MAN (IRE)","WADACRE GOGO (GB)","Charlie Johnston",54,-1,,,,,,,,,,
"WADIRUMM (IRE)",2023,FILLY,"STARMAN (GB)","GILDED HEAVEN (GB)","Archie Watson",53,-2,,,,,,,,,,
"WAHRAAN (FR)",2018,GELDING,"LE HAVRE (IRE)","AL JASSASIYAH (IRE)","Jessica Bedi",73,,,,,,,,,108,new,
"WALK ON SON (IRE)",2020,GELDING,"WALK IN THE PARK (IRE)","WALKYRIE (FR)","Lucinda Russell & Michael Scudamore",,,,,,,,,,88,-5,
"WASDELL DUNDALK (FR)",2015,GELDING,"SPIRIT ONE (FR)","LINDA QUEEN (FR)","Lisa Harrison",,,,,,,114,new,,104,,
"WATCHA SNOOP (IRE)",2023,GELDING,"COULSTY (IRE)","SCOOP (IRE)","Hugo Palmer",77,-5,,,,,,,,,,
"WATER TO WINE (FR)",2023,COLT,"KINGMAN (GB)","LISTEN IN (IRE)","John & Thady Gosden",104,new,,,,,,,,,,
"WATERCRAFT (IRE)",2023,COLT,"NIGHT OF THUNDER (IRE)","BOATER (IRE)","Richard Hannon",57,new,,,,,,,,,,
"WEE MARY (IRE)",2022,FILLY,"SANDS OF MALI (FR)","TY ROCK BRANDY (IRE)","Jim Goldie",48,+1,,,,,,,,,,
"WEFFAAG (GB)",2023,COLT,"HAVANA GREY (GB)","MINORIA (GB)","William Haggas",77,new,,,,,,,,,,
"WELLJUDGED (GB)",2022,FILLY,"SIYOUNI (FR)","WELL YES (IRE)",,65,-3,,,,,,,,,,
"WESTERN GEORGE (IRE)",2021,GELDING,"ORDER OF ST GEORGE (IRE)","GORGEOUS KATE (IRE)","Jonjo & A.J. O'Neill",,,,,,,,,,105,new,
"WHAT A TAHOO (IRE)",2023,FILLY,"COTAI GLORY (GB)","TAHOO (IRE)","Richard & Peter Fahey",46,+1,,,,,,,,,,
"WHATCOMBE (IRE)",2022,GELDING,"CAMELOT (GB)","DUCHESS ANDORRA (IRE)","Faye Bramley",65,,,,,,,,,83,-5,
"WHENTHEMUSICSTOPS (IRE)",2021,GELDING,"JET AWAY (GB)","DIDN'T I TELL YOU (IRE)","Jennie Candlish",,,,,,,,,,92,-2,
"WHERES THE CRUMPET (GB)",2018,FILLY,"MUKHADRAM (GB)","JIVRY (GB)","David Thompson",43,-3,,,,,,,,,,
"WHO'S LOPE (GB)",2023,GELDING,"LOPE DE VEGA (IRE)","WHO'S STEPH (IRE)","Andrew Balding",83,new,,,,,,,,,,
"WICKSEY (GB)",2023,GELDING,"EXPERT EYE (GB)","DUSTY RED (GB)","Ben Haslam",67,-1,,,,,,,,,,
"WILD THOUGHTS (IRE)",2023,GELDING,"LUCKY VEGA (IRE)","SHE'S COMPLETE (IRE)","Richard Spencer",89,+5,,,,,,,,,,
"WILLIAM OF YORK (GB)",2016,GELDING,"KAYF TARA (GB)","SHADY ANNE (GB)","Rebecca Menzies",,,,,,,98,-3,,98,-3,
"WILLOWINGHURN (GB)",2023,FILLY,"ARDAD (IRE)","FAME GAME (IRE)","David O'Meara",61,-2,,,,,,,,,,
"WINGSTAR (IRE)",2022,FILLY,"ZOUSTAR (AUS)","SABREWING (IRE)","Michael Keady",44,-1,,,,,,,,,,
"WINNING PADDY (IRE)",2018,GELDING,"OCOVANGO (GB)","WINNING INDIAN (IRE)","Alexandra Dunn",,,,,,,86,new,,86,,
"WISE EAGLE (IRE)",2017,GELDING,"FREE EAGLE (IRE)","BEST BE CAREFUL (IRE)","Adam Nicol",95,,,,,,,,,126,-1,
"WISE PRINCE (IRE)",2023,COLT,"GHAIYYATH (IRE)","MILITATE (GB)","John & Thady Gosden",102,-2,,,,,,,,,,
"WITH GLORY (IRE)",2023,FILLY,"COTAI GLORY (GB)","WITH VIRTUE (GB)","Linda Perratt",54,-3,,,,,,,,,,
"WOBWOBWOB (IRE)",2018,GELDING,"PRINCE OF LIR (IRE)","ISHIMAGIC (GB)","Adrian Keatley",78,-3,,72,-3,,,,,,,
"WONDROUS (IRE)",2023,FILLY,"ACCLAMATION (GB)","QAFILAH (IRE)","Michael Bell",49,-3,,,,,,,,,,
"WOODLEIGH (IRE)",2021,GELDING,"INNS OF COURT (IRE)","NAQRAH (IRE)","Roger Fell",55,+2,,,,,,,,,,
"WOODY Y FERNANDEZ (GB)",2023,GELDING,"LOPE Y FERNANDEZ (IRE)","SHAIYDANA (FR)","Ivan Furtado",48,-1,,,,,,,,,,
"WRESTLING REVENUE (IRE)",2021,GELDING,"MEHMAS (IRE)","PARTY ANIMAL (GB)","Ben Haslam",55,-2,,,,,,,,,,
"WYLE COP (USA)",2023,GELDING,"OMAHA BEACH (USA)","TRUE EGYPTIAN (USA)","Jack Jones",70,-3,,,,,,,,,,
"YA KARIM (IRE)",2023,GELDING,"GHAIYYATH (IRE)","COSMIC LOVE (GB)","Harry Charlton",82,-1,,,,,,,,,,
"YAASER (IRE)",2018,GELDING,"LOPE DE VEGA (IRE)","URJUWAAN (GB)","Jim Goldie",65,-2,,,,,,,,,,
"YAFAARR (IRE)",2022,GELDING,"BLUE POINT (IRE)","ELUSIVE GIRL (IRE)","Sam England",60,-2,,,,,,,,,,
"YASALAM (GB)",2023,FILLY,"NIGHT OF THUNDER (IRE)","FEEDYAH (USA)",,65,-4,,,,,,,,,,
"YASMINA (GB)",2020,FILLY,"IFFRAAJ (GB)","WILAMINA (IRE)","Andy Irvine",60,,,,,,,,,101,-1,
"YERMANTHERE (IRE)",2018,GELDING,"FAST COMPANY (IRE)","FAST JAZZ (IRE)","Tim Easterby",65,-3,,,,,,,,,,
"YES DAY (IRE)",2018,GELDING,"COURT CAVE (IRE)","JIGGLE JOULES (IRE)","Jonjo & A.J. O'Neill",,,,,,,111,+1,,,,
"YOU MYSTIFY ME (IRE)",2023,FILLY,"A'ALI (IRE)","MYSTIFY ME (GB)","Michael & David Easterby",54,-2,,,,,,,,,,
"YOUTHFUL KING (GB)",2019,GELDING,"FOUNTAIN OF YOUTH (IRE)","LADY MOSCOU (IRE)","Luke Dace",79,-2,,,,,,,,,,
"ZAMOND (FR)",2016,GELDING,"DIAMOND GREEN (FR)","COSAVITA (FR)","Donald McCain",,,,,,,,,,94,-1,
"ZEPHLYN (IRE)",2019,GELDING,"IFFRAAJ (GB)","TAQDEES (IRE)","Ewan Whillans",56,-2,,,,,,,,104,,
"ZHANG FEI (FR)",2018,GELDING,"CAMELOT (GB)","MAMBOMISS (FR)","Fergal O'Brien",62,,,,,,,,,98,-2,
"ZIGGY'S ANGEL (FR)",2022,GELDING,"DARK ANGEL (IRE)","SIENDRA (IRE)","Richard & Peter Fahey",58,-3,,,,,,,,,,
"ZIGGY'S QUEEN (IRE)",2021,FILLY,"INVINCIBLE SPIRIT (IRE)","IRON LADY (IRE)","Richard & Peter Fahey",73,-1,,,,,,,,,,
"ZIPWIRE (IRE)",2023,GELDING,"BUNGLE INTHEJUNGLE (GB)","MELANIE PIMM (IRE)","J. S. Moore",69,-1,,,,,,,,,,
"ZOOTER (GB)",2023,GELDING,"AUSTRALIA (GB)","KALAGIA (IRE)","Jack Jones",65,-2,,,,,,,,,,
"ZOULETTE (IRE)",2023,FILLY,"ZOUSTAR (AUS)","CLIFFTOP DANCER (IRE)","Ollie Sangster",55,+2,,,,,,,,,,
"ZOUSTAR DREAMS (GB)",2023,FILLY,"ZOUSTAR (AUS)","A HUGE DREAM (IRE)","Ed Dunlop",63,+6,,,,,,,,,,
"ZU RUN (GB)",2020,GELDING,"ZOUSTAR (AUS)","BEWITCHMENT (GB)","Mark Loughnane",53,+1,,,,,,,,,,
"ZUBARU (GB)",2022,GELDING,"ZOUSTAR (AUS)","DOZY (IRE)","George Scott",83,+1,,,,,,,,,,
"ZUMBI (GER)",2017,GELDING,"RELIABLE MAN (GB)","ZALEXA (GER)","James Moffatt",,,,,,,95,+3,,,,
