Racehorse,YOF,Sex,Trainer,Latest,"2 runs ago","3 runs ago","4 runs ago","5 runs ago","6 runs ago"
"A BIT IFFY (IRE)",2022,FILLY,,A:0,T:40,T:28,M:37,T:43,T:37
"A BIT OF SPIRIT (IRE)",2023,COLT,,T:107,T:102,T:107,T:x,T:x,-
"A BOY NAMED MARY (IRE)",2023,GELDING,"Nigel Tinkler",T:42,T:17,A:33,A:x,A:x,T:x
"A CHARA (GB)",2021,FILLY,"Oliver Greenall & Josh Guerriero",H:x,H:x,-,-,-,-
"A DAUGHTERS LOVE (GB)",2023,FILLY,"David Flood",-,-,-,-,-,-
"A DAY IN BLOOM (IRE)",2022,FILLY,,A:22,A:33,M:36,T:43,T:39,T:0
"A DEFINITE GETAWAY (IRE)",2018,GELDING,"Mickey Bowen",S:106,S:87,S:115,S:113,S:109,S:111
"A DIFFERENT KIND (IRE)",2017,GELDING,"Donald McCain",H:36,H:0,H:116,H:115,H:120,H:100
"A DUBLIN JOB (IRE)",2017,GELDING,"Sarah-Jayne Davies",S:92,S:0,S:110,S:111,S:107,S:97
"A GIRL NAMED IVY (IRE)",2021,FILLY,,A:47,T:57,T:5,T:52,T:65,T:64
"A GOOD YOMP (GB)",2019,GELDING,"Andrew Martin",H:99,H:90,H:92,H:92,H:94,H:96
"A GREAT EXCUSE (IRE)",2020,GELDING,"Max Comley",S:88,S:80,S:0,S:102,S:90,H:x
"A JET OF OUR OWN (IRE)",2017,GELDING,"Mrs N. Sheppard",H:44,H:102,H:69,H:0,H:117,H:127
"A KING OF MAGIC (FR)",2021,GELDING,,H:129,H:x,H:x,H:x,N:x,N:x
"A LA PROCHAINE (FR)",2023,FILLY,"Ralph Beckett",T:98,T:x,-,-,-,-
"A LADY FOREVER (GB)",2019,FILLY,"Gary Harrison",T:42,T:34,A:40,A:33,A:39,A:39
"A LITTLE SOMETHING (GB)",2019,FILLY,"Emma Lavelle",S:89,S:89,S:89,S:0,H:90,H:90
"A LOTT OF KANE (IRE)",2023,GELDING,"Chelsea Banham",A:50,A:47,A:36,A:46,A:45,A:x
"A MAJOR PAYNE (GB)",2021,GELDING,"Michael Bell",T:75,T:75,T:75,T:74,A:74,T:76
"A MERE BAGATELLE (IRE)",2017,GELDING,"James Owen",A:55,H:98,H:94,H:103,H:64,H:103
"A MOMENTS MADNESS (IRE)",2019,GELDING,"Fergal O'Brien",H:121,H:107,S:113,S:107,S:96,S:107
"A PAI DE NOM (GB)",2020,GELDING,"Dan Skelton",H:134,H:129,H:122,H:x,H:124,H:x
"A PATH TO RONDA (IRE)",2020,FILLY,"Jamie Snowden",H:x,H:x,H:x,H:x,H:x,N:x
"A PERFECT DAY (IRE)",2020,GELDING,"Ben Clarke",H:109,H:123,H:113,H:114,H:120,H:119
"A PINT OF BEAR (IRE)",2018,GELDING,,A:38,A:58,A:21,A:50,T:40,T:55
"A ROSE ADAAY (GB)",2022,FILLY,"Grace Harris",T:41,T:34,T:37,T:x,T:x,T:x
"A SWAN SONG (GB)",2022,FILLY,,A:51,T:51,T:x,T:x,A:x,-
"A TASTE OF GLORY (GER)",2023,COLT,"Andrew Balding",T:85,A:84,T:x,T:x,A:x,-
"A TICKATICKATIMING (GB)",2018,FILLY,"Sheena West",H:0,H:92,H:54,H:95,A:40,H:96
"A WAR EAGLE (IRE)",2022,GELDING,"Michael & David Easterby",T:81,T:82,T:84,T:65,T:22,A:82
"AAJEJ (GB)",2022,GELDING,"Richard Phillips",T:71,A:80,A:69,A:69,A:80,T:54
"AALTO (FR)",2020,GELDING,"Ian Williams",T:83,A:65,A:82,T:80,T:93,T:61
"ABANDO (GER)",2022,GELDING,"Jamie Osborne",A:x,A:x,A:x,A:x,-,-
"ABASHIRI (GB)",2023,FILLY,"Charlie Appleby",T:106,A:x,-,-,-,-
"ABATE (GB)",2016,GELDING,,A:62,A:44,T:44,T:48,T:77,T:70
"ABBEY HEIGHTS (GB)",2018,GELDING,,A:71,A:53,T:76,A:86,T:59,A:84
"ABBEY LAW (GB)",2021,FILLY,"Lucy Wadham",H:0,H:0,H:47,H:0,H:x,H:x
"ABBEY SCOPE (GB)",2020,GELDING,"Nicky Richards",H:106,H:0,H:100,H:x,H:x,H:x
"ABDUCTION (FR)",2018,GELDING,"Jim Goldie",T:73,T:58,T:75,A:73,A:57,A:75
"ABERAMA GOLD (GB)",2017,GELDING,"David O'Meara",T:70,T:67,T:80,T:79,A:76,A:75
"ABILA (FR)",2022,FILLY,"Ian Williams",T:32,A:43,A:40,A:50,A:48,A:x
"ABINGWORTH (GB)",2018,GELDING,,S:0,A:x,S:0,S:98,T:91,T:x
"ABLON (FR)",2022,FILLY,"Richard Hannon",A:x,A:x,T:x,M:x,-,-
"ABLOOM (GB)",2022,FILLY,,T:91,T:x,T:x,T:x,T:x,T:x
"ABOUTDAMNTIME (IRE)",2019,GELDING,"Oliver Greenall & Josh Guerriero",S:0,S:118,S:119,S:0,S:116,S:116
"ABOVE (FR)",2017,GELDING,"Robert Cowell",T:65,A:44,T:70,A:59,T:74,A:75
"ABSOLUT GREY (FR)",2021,GELDING,"Mrs E. Summersby",H:52,H:38,H:0,H:x,H:x,-
"ABSOLUTE STAR (GB)",2021,FILLY,,A:77,A:78,T:68,T:73,A:63,A:x
"ABSOLUTELY DOYEN (IRE)",2020,GELDING,"Paul Nicholls",H:103,H:135,H:x,H:132,H:123,H:x
"ABSTRACT (IRE)",2018,GELDING,,A:0,A:32,T:26,T:38,T:35,A:0
"ABU ROYAL (IRE)",2020,GELDING,"L J Morgan",A:25,A:0,A:48,A:49,A:0,T:45
"ABUNDANT (IRE)",2023,GELDING,"Tom Ward",T:78,A:x,T:x,A:x,-,-
"ACCADEMIA (GB)",2023,FILLY,"Ed Walker",T:59,A:x,A:x,T:x,-,-
"ACCENTUATE (GB)",2022,GELDING,"Tim Easterby",T:87,T:63,T:89,T:x,T:x,T:x
"ACCLAIMED FREEDOM (GB)",2023,COLT,"George Scott",A:68,A:53,A:x,T:x,-,-
"ACCOMMODATION (IRE)",2023,FILLY,"Stuart Williams",T:11,A:x,A:x,A:x,-,-
"ACCREDIT (GB)",2023,COLT,"John & Thady Gosden",T:x,T:x,T:x,-,-,-
"ACCRUAL (GB)",2021,GELDING,"David Loughnane",T:69,A:61,A:0,A:83,A:62,A:74
"ACE OF SPADES (FR)",2019,GELDING,,H:128,H:135,H:138,H:135,H:130,H:130
"ACES WILD (IRE)",2019,GELDING,"Adrian Wintle",T:74,T:62,T:70,T:63,T:73,T:70
"ACHILLE DES ROCS (FR)",2019,GELDING,"L J Morgan",S:0,S:101,H:99,H:112,H:x,H:x
"ACHNAMARA (GB)",2019,GELDING,"Philip Kirby",H:72,T:48,H:80,H:72,A:48,A:48
"ACRISIUS (GB)",2022,GELDING,"Michael & David Easterby",T:55,T:52,T:78,T:69,T:63,T:36
"ACROSS EARTH (IRE)",2021,GELDING,"Gary & Josh Moore",H:115,H:118,H:116,H:116,H:114,H:112
"ACT OF AUTHORITY (FR)",2018,GELDING,"Olly Murphy",H:132,H:136,H:118,H:136,H:132,H:135
"ACT OF HONOR (GB)",2023,GELDING,,T:x,T:x,T:x,-,-,-
"ACT OF INNOCENCE (IRE)",2020,GELDING,,H:x,H:x,H:132,H:x,N:x,N:x
"ACT OF KINDNESS (GB)",2023,FILLY,"Charlie Appleby",T:95,T:101,T:x,T:x,-,-
"ACT OF VIOLENCE (GB)",2021,GELDING,"Tony Carroll",A:44,A:55,A:30,A:57,T:61,T:57
"ACTION PACT (GB)",2021,GELDING,"Michael & David Easterby",T:58,T:37,T:68,T:65,A:65,T:61
"ACTION REACTION (GB)",2023,FILLY,"George Boughey",T:0,A:45,A:x,A:x,A:x,-
"ACTIVIST (FR)",2019,GELDING,"David Pipe",H:58,H:104,H:0,H:108,H:106,H:20
"ACTUALLY ANN (GB)",2023,FILLY,,T:13,T:x,A:x,A:x,-,-
"ADA ROSE (GB)",2023,FILLY,"Kevin Philippart de Foy",T:25,A:52,A:x,A:x,A:x,-
"ADAAY DANCING (GB)",2021,FILLY,"Max Comley",H:76,H:0,H:69,H:88,H:84,H:x
"ADACE (GB)",2018,FILLY,,A:53,A:44,A:37,A:42,A:55,A:37
"ADALIDA (GB)",2023,FILLY,"Stuart Williams",T:69,T:58,T:63,A:x,A:x,A:x
"ADAMLYI (GB)",2023,COLT,"William Haggas",T:x,T:x,T:x,-,-,-
"ADBA (FR)",2023,FILLY,"Faye Bramley",T:54,A:47,A:x,A:x,A:x,-
"ADDARELLA (IRE)",2022,FILLY,"Scott Dixon",T:47,A:69,A:54,A:58,A:74,A:72
"ADDICTIVE (IRE)",2022,GELDING,"Craig Benton",T:50,T:34,T:71,T:x,A:x,A:x
"ADDISON GREY (GB)",2022,GELDING,"Clive Cox",T:93,T:94,T:94,T:86,T:92,T:88
"ADDMANN (GB)",2023,GELDING,"Joe Tickle",T:0,T:29,T:x,T:x,T:x,-
"ADE BOY (IRE)",2021,GELDING,"Charlie Longsdon",H:x,H:x,H:x,-,-,-
"ADELAIDE BAY (GB)",2022,GELDING,"Jane Chapple-Hyam",A:54,A:43,A:46,A:35,A:48,A:53
"ADIADA (GB)",2023,FILLY,"Michael Dods",A:x,T:x,T:x,-,-,-
"ADJUVANT (IRE)",2019,GELDING,"Michael Bell",A:74,A:83,T:70,T:86,T:85,T:88
"ADMIRAL STEWART (IRE)",2019,GELDING,"Jamie Snowden",S:115,S:116,S:110,S:81,S:0,S:122
"ADMIRALTY HOUSE (GB)",2019,GELDING,"Sandy Thomson",H:105,H:111,H:112,H:105,H:83,H:115
"ADONEDEAL (IRE)",2020,GELDING,"Olly Murphy",H:0,H:64,H:x,H:x,H:x,-
"ADORES (IRE)",2023,FILLY,"Roger Teal",T:44,A:56,A:x,A:x,A:x,-
"ADORLA OF ACHILL (IRE)",2022,FILLY,,T:48,T:62,T:12,T:68,T:70,T:70
"ADRESTIA (GB)",2022,FILLY,"Simon & Ed Crisford",T:92,A:94,T:95,T:99,T:94,T:97
"ADRIAN (GER)",2017,GELDING,"Bernard Llewellyn",A:31,H:x,A:37,T:20,T:46,T:50
"ADVANCE TWENTYFIVE (FR)",2023,GELDING,"Richard & Peter Fahey",T:77,T:42,T:x,T:84,T:x,T:80
"ADVANCING (GB)",2022,GELDING,"Marco Botti",T:80,T:75,A:79,A:89,A:83,A:84
"ADVERAM (GB)",2019,GELDING,"Ian Duncan",H:66,H:0,H:0,H:0,H:96,S:73
"ADVERTISED (IRE)",2023,COLT,"Grant Tuer",T:87,T:93,T:90,A:83,A:x,T:x
"ADVERTORIAL (GB)",2022,FILLY,"Daniel O'Brien",A:6,A:32,A:50,A:50,A:46,T:48
"AEGEAN PRINCE (GB)",2022,GELDING,"Charlie Appleby",T:x,A:x,A:x,-,-,-
"AEOLIAN (GB)",2022,FILLY,,A:87,A:90,T:77,T:78,T:77,T:x
"AEQUITAS (FR)",2022,FILLY,"David O'Meara",T:61,T:86,T:x,T:x,-,-
"AERIAL SILK (GB)",2023,GELDING,"David Menuisier",T:63,A:x,T:x,T:x,-,-
"AEROPLANE BLONDE (GB)",2020,GELDING,"Samuel Drinkwater",H:100,H:75,H:95,H:102,H:x,H:x
"AEROS LUCK (IRE)",2019,GELDING,"Sandy Thomson",S:117,S:123,S:125,S:117,S:117,S:82
"AFADIL (FR)",2019,GELDING,"Paul Nicholls",H:67,H:118,H:91,H:116,H:119,H:119
"AFANCY GETAWAY (IRE)",2020,FILLY,"Ben Pauling",H:x,H:x,H:x,H:x,-,-
"AFENTIKO (IRE)",2022,COLT,"Oliver Cole",T:67,T:78,T:91,T:94,T:74,A:88
"AFFECTION (FR)",2023,FILLY,"David Pipe",-,-,-,-,-,-
"AFLOAT (GB)",2020,FILLY,,A:68,T:43,T:74,T:76,T:73,T:60
"AFRICAN GIB (GB)",2023,GELDING,"David Menuisier",A:x,T:x,T:x,-,-,-
"AFRICAN SPIRIT (IRE)",2021,GELDING,"Ian Williams",T:23,A:18,A:50,A:63,T:63,T:13
"AFTER LOVE (IRE)",2022,FILLY,,A:63,A:68,A:68,A:66,-,-
"AFTER MANY DAYS (GB)",2019,FILLY,"Henry Daly",H:70,H:90,H:89,H:90,H:77,H:85
"AFTER MIDNIGHT (GB)",2017,FILLY,"Julian Smith",H:72,H:61,H:27,H:59,H:x,H:x
"AFTER THE BALL (IRE)",2021,FILLY,"Donald McCain",H:69,H:x,H:x,H:x,-,-
"AFTON DOWN (GB)",2023,GELDING,"Jack Jones",T:65,A:x,A:x,T:x,A:x,-
"AGAINST THE WIND (GB)",2022,GELDING,"Kevin Ryan",T:23,T:74,A:99,A:98,A:97,A:102
"AGE OF BAROQUE (FR)",2021,GELDING,"Jessica Macey",A:56,A:63,A:61,A:67,A:65,A:19
"AGE OF TIME (FR)",2021,GELDING,"Steph Hollinshead",A:59,A:60,A:59,A:60,A:56,A:51
"AGENT ARGYLLE (IRE)",2020,GELDING,"Richard Phillips",H:x,H:x,H:x,N:x,-,-
"AGGAGIO (FR)",2018,GELDING,"Gary & Josh Moore",T:79,H:94,H:92,H:94,H:99,H:81
"AGRIC RANGER (GB)",2023,GELDING,"Tim Easterby",T:47,A:x,T:x,T:x,-,-
"AGUELLID (FR)",2021,GELDING,"Philip Hobbs & Johnson White",H:x,H:x,H:x,H:x,-,-
"AHAMOMENT (IRE)",2019,GELDING,"David & Nicola Barron",T:51,T:65,T:70,T:70,T:52,T:58
"AHANAGLOGH (IRE)",2019,GELDING,"Fergal O'Brien",S:85,S:83,H:x,H:x,H:x,N:x
"AHEAD OF FASHION (GB)",2023,GELDING,"Dominic Ffrench Davis",A:64,A:x,A:58,T:51,T:60,T:x
"AIGEAS (FR)",2023,GELDING,"Oliver Cole",T:x,-,-,-,-,-
"AIGHEAR (GB)",2018,FILLY,"Jim Goldie",T:48,T:52,T:54,T:53,T:49,T:42
"AILL DUBH (IRE)",2017,GELDING,"Micky Hammond",S:75,S:76,S:70,S:0,S:0,S:0
"AILT AN CHORRAIN (IRE)",2019,GELDING,"Patrick Neville",S:0,S:84,S:106,S:82,S:102,H:0
"AIM FOR THE BULL (IRE)",2022,GELDING,"Mike Murphy",T:55,A:53,A:51,A:54,A:33,A:51
"AIM STRAIGHT (GB)",2020,GELDING,"Katy Price",H:61,H:94,H:70,H:x,H:x,H:x
"AIMERIC (GB)",2019,GELDING,"Jennie Candlish",H:x,T:39,H:x,A:90,T:61,T:107
"AIMING HIGH (GB)",2019,FILLY,,A:70,A:68,A:69,A:68,A:73,A:73
"AIN'T NOBODY (IRE)",2022,COLT,"Kevin Ryan",T:90,T:0,T:67,T:94,T:112,T:91
"AIN'T THAT A SHAME (IRE)",2014,GELDING,"Tom Ellis",S:124,S:144,S:74,S:90,-,-
"AIR APPARENT (IRE)",2020,GELDING,,H:84,H:x,H:x,H:x,H:x,-
"AIR FORCE ONE (IRE)",2021,GELDING,"Geoff Oldroyd",T:90,T:72,T:90,A:83,A:83,T:79
"AIRE SPRAY (IRE)",2020,GELDING,"Joel Parkinson & Sue Smith",H:100,H:103,H:99,H:89,H:94,H:90
"AIRSIDE (GB)",2023,COLT,,T:61,T:x,T:70,T:67,T:x,T:x
"AISLING OSCAR (IRE)",2021,GELDING,"Adrian Keatley",T:59,T:68,A:78,A:77,A:75,A:68
"AJ'S DIAMOND (IRE)",2020,FILLY,"Chris Gordon",H:115,H:113,H:x,H:x,H:x,N:x
"AJRAD (GB)",2018,GELDING,"Rod Millman",T:50,A:55,T:40,A:44,A:53,T:52
"AJUDA ROAD (GB)",2023,GELDING,,T:x,T:x,T:x,-,-,-
"AKABUSI (GB)",2023,GELDING,"Mike Murphy",T:76,T:77,A:64,T:50,A:76,A:63
"AKHO MEZZNA (FR)",2023,GELDING,"Jack Jones",T:70,T:68,T:x,A:x,T:x,T:x
"AKIMOS (IRE)",2020,GELDING,"Nicky Henderson",S:85,H:0,H:110,H:118,H:x,H:x
"AKIRRA (IRE)",2023,GELDING,"Clive Cox",T:72,A:71,A:x,A:81,T:x,T:x
"AKKADIAN THUNDER (GB)",2020,GELDING,"David O'Meara",T:50,T:91,T:69,T:87,T:89,A:90
"AKRIVOS (IRE)",2023,GELDING,"Ian Williams",T:27,A:44,A:48,A:47,A:50,A:13
"AKRRAMM (GB)",2022,GELDING,,T:73,A:x,A:x,T:x,-,-
"AL AALI (FR)",2022,GELDING,"George Scott",T:88,T:81,-,-,-,-
"AL AASY (IRE)",2017,GELDING,"William Haggas",T:111,T:36,T:115,T:111,T:111,T:115
"AL AMEEN (IRE)",2019,GELDING,,A:72,A:61,T:59,A:78,A:84,A:74
"AL AMIRAH (GB)",2023,FILLY,"Ismail Mohammed",A:51,A:0,A:x,A:x,A:x,A:x
"AL ARBEED (GB)",2022,COLT,"Richard Hannon",T:83,T:73,T:90,A:89,A:75,A:94
"AL AZD (IRE)",2023,GELDING,"Roger Varian",T:91,T:92,A:x,A:83,A:x,A:x
"AL BAAHY (GB)",2019,GELDING,"Kevin & Lauren Frost",T:44,A:45,T:37,T:41,A:40,A:46
"AL BAREZ (GB)",2019,GELDING,"Tom Clover",T:73,T:62,A:73,A:65,A:76,A:62
"AL DURRY (GB)",2022,FILLY,"Owen Burrows",T:61,A:84,A:x,A:x,A:x,-
"AL HOFZAN (IRE)",2022,GELDING,"Georgina Nicholls",T:66,T:63,A:66,A:66,A:61,A:36
"AL HUSSAR (GB)",2022,GELDING,"Grant Tuer",T:76,T:80,T:77,T:78,T:75,T:71
"AL JOORY (IRE)",2022,FILLY,,A:85,A:81,A:80,A:78,M:73,T:x
"AL KARRAR (IRE)",2020,GELDING,"Tom Clover",A:71,A:75,T:86,T:84,T:106,T:x
"AL KHAWANEEJ RIVER (FR)",2021,GELDING,,T:63,T:59,T:66,T:65,T:63,T:65
"AL KHAWSSAA (IRE)",2021,FILLY,,A:76,A:84,A:71,T:x,A:x,A:x
"AL MASLOOL (GB)",2023,GELDING,"William Haggas",T:x,T:x,A:x,A:x,-,-
"AL MOOTAMARID (IRE)",2021,GELDING,"Dom Elsworth & Ryan Hatch",T:69,H:92,H:96,H:96,H:90,H:x
"AL MUBHIR (GB)",2019,GELDING,"Kevin Ryan",T:94,T:101,T:81,T:108,T:109,T:103
"AL MUDDY (GB)",2020,GELDING,,A:41,A:x,A:x,A:x,-,-
"AL MUQDAD (GB)",2020,GELDING,"David O'Meara",T:68,A:64,A:58,A:65,A:71,A:69
"AL NAJASHI (GB)",2023,COLT,"Ollie Sangster",T:81,A:94,A:85,A:85,A:73,A:61
"AL NAYYIR (GB)",2018,GELDING,"Tom Clover",T:112,T:110,T:106,T:108,T:111,T:0
"AL QAREEM (IRE)",2019,GELDING,"K. R. Burke",T:95,T:113,T:105,T:114,T:107,T:111
"AL QUDRA (IRE)",2022,GELDING,"Charlie Appleby",T:91,T:110,T:104,A:x,T:x,T:x
"AL RUFAA (FR)",2017,GELDING,,A:68,A:69,A:69,A:73,A:75,A:67
"AL SAYAH (GB)",2020,FILLY,"Neil Mulholland",H:107,H:125,H:122,H:98,H:112,H:118
"AL SHABAB STORM (GB)",2021,GELDING,"Michael Appleby",T:93,A:92,T:x,T:100,A:88,A:108
"AL SHAHAM (IRE)",2023,GELDING,"Simon & Ed Crisford",T:65,T:x,T:x,-,-,-
"AL WAQIDI (GB)",2018,GELDING,,A:63,A:60,A:56,A:60,A:60,A:56
"AL WASEELA (IRE)",2022,FILLY,,A:48,T:54,T:70,A:65,T:67,A:56
"AL WASL STORM (IRE)",2022,COLT,"Owen Burrows",T:81,T:92,T:74,T:60,T:x,A:x
"AL ZA'AMA (IRE)",2023,COLT,,A:x,A:x,T:x,-,-,-
"AL ZANATI (GB)",2023,COLT,"Charlie Appleby",T:102,T:105,T:104,T:x,-,-
"AL'S RIVER (IRE)",2023,GELDING,"James Horton",A:60,T:58,A:x,T:x,T:x,-
"ALAFDHAL (IRE)",2018,GELDING,"Phil McEntee",A:44,A:51,A:54,A:45,A:61,A:58
"ALAMINOS (GB)",2023,COLT,"Kevin Ryan",T:82,T:85,T:x,T:x,-,-
"ALAN BRESIL (GB)",2020,GELDING,"Nick Scholfield",H:99,H:93,H:88,H:101,H:99,H:x
"ALAPHILIPPE (IRE)",2014,GELDING,"Mrs A. Slatter",H:125,H:0,H:81,H:116,H:0,S:116
"ALARMING (GB)",2023,FILLY,"Ralph Beckett",A:70,A:x,T:78,T:x,-,-
"ALASHOS (FR)",2022,GELDING,"Chris Gordon",T:57,A:58,A:41,A:53,A:45,A:47
"ALASKAN GOLD (IRE)",2021,GELDING,,A:72,T:67,T:64,T:78,T:89,A:80
"ALASKAN LIGHT (IRE)",2023,FILLY,,T:57,A:60,T:49,T:x,T:68,T:x
"ALASRAE (GB)",2023,GELDING,"George Boughey",T:73,A:82,A:81,A:78,A:77,A:x
"ALAZWAR (IRE)",2018,GELDING,"Archie Watson",T:27,T:21,A:34,A:58,T:39,A:57
"ALBA CRUS (IRE)",2021,GELDING,"Warren Greatrex",S:98,H:62,H:x,H:x,H:x,N:x
"ALBA GU BRATH (GB)",2023,COLT,"Charlie Johnston",T:64,T:52,A:x,A:x,A:x,-
"ALBANY (GB)",2020,FILLY,"Ralph Beckett",T:88,T:94,T:80,T:93,T:0,T:x
"ALBASHEER (IRE)",2018,GELDING,"Archie Watson",T:85,A:95,A:90,A:69,A:102,A:97
"ALBAYDAA (IRE)",2023,FILLY,"William Haggas",T:86,T:84,T:81,A:x,A:x,T:x
"ALBEGONE (GB)",2018,GELDING,"Tim Easterby",T:57,T:49,T:48,T:46,T:66,A:63
"ALBERT CEE (FR)",2020,GELDING,"P. Charalambous & J. Clutterbuck",A:63,A:55,A:56,A:62,A:62,A:60
"ALBERT PARK (IRE)",2020,GELDING,,H:0,H:60,H:70,H:0,H:51,H:81
"ALBERTINI STAR (IRE)",2023,FILLY,"Alan King",A:x,T:x,T:x,-,-,-
"ALBERTS BAY (IRE)",2017,GELDING,"Jackie du Plessis",H:69,H:x,H:x,H:x,-,-
"ALBESEEINGYER (GB)",2019,FILLY,"Steph Hollinshead",T:50,T:69,T:52,T:58,T:59,T:73
"ALBEYOURS (GB)",2021,FILLY,"Steph Hollinshead",T:45,T:44,T:50,T:49,T:37,T:38
"ALBIE LITTLEWOOD (IRE)",2019,GELDING,"Dan Skelton",H:112,H:106,H:x,H:x,H:x,N:x
"ALBUS ANNE (GB)",2019,FILLY,"Jimmy Fox",A:63,A:65,T:71,T:66,T:63,T:61
"ALCANZOR (IRE)",2023,GELDING,"Tim Easterby",T:x,A:x,T:x,-,-,-
"ALCARATH (IRE)",2022,GELDING,"Alan King",T:86,T:81,T:86,T:x,T:x,A:x
"ALCARAZ (FR)",2019,GELDING,"George Baker",T:69,H:x,T:59,T:87,T:84,T:72
"ALCEDO (IRE)",2018,GELDING,"Venetia Williams",S:0,S:126,S:126,S:127,S:73,S:116
"ALDERLEY CHARLIE (GB)",2020,GELDING,"Polly Gundry",H:70,H:55,S:0,S:0,S:0,S:0
"ALDERMAN (GB)",2023,COLT,"Richard Hannon",T:x,A:x,T:x,-,-,-
"ALEEN (GB)",2023,FILLY,"Sir Mark Prescott Bt",A:70,T:73,A:59,T:x,T:x,T:x
"ALEEZDANCER (IRE)",2019,GELDING,,T:92,T:82,T:79,T:92,T:77,A:82
"ALEMBIC (GB)",2023,GELDING,"Sir Mark Prescott Bt",A:x,A:x,A:x,-,-,-
"ALENTEJO (FR)",2019,GELDING,"Nicky Henderson",H:126,H:118,S:0,-,-,-
"ALEPPO PEPPER (IRE)",2022,FILLY,"John Ryan",A:42,A:x,-,-,-,-
"ALESSIA FERNANDA (IRE)",2020,FILLY,"Declan Carroll",A:74,A:54,A:70,T:61,T:66,T:75
"ALEX THE GREAT (IRE)",2020,GELDING,"Tony Carroll",H:x,H:x,H:x,A:43,A:33,A:28
"ALEXEI (GER)",2020,GELDING,"Joe Tizzard",H:158,H:158,H:146,H:153,H:147,H:136
"ALFA DUPLICATE (IRE)",2023,FILLY,"Ivan Furtado",T:76,A:72,A:72,A:68,A:52,A:58
"ALFA KELLENIC (GB)",2021,FILLY,"Ivan Furtado",A:91,T:95,T:85,T:95,T:101,T:94
"ALFA PATISSERIE (IRE)",2023,FILLY,,A:58,A:63,T:x,T:x,T:x,-
"ALFA SEA BREEZE (IRE)",2022,FILLY,,A:44,A:35,T:39,T:x,T:x,A:x
"ALFA WHITEBURD (IRE)",2021,GELDING,"Ivan Furtado",T:62,A:70,A:70,A:65,T:53,T:59
"ALFARAZ (GB)",2023,COLT,"Andrew Balding",T:x,T:x,T:88,T:x,-,-
"ALFAREQA (GB)",2022,FILLY,,T:81,T:74,T:x,T:x,A:x,-
"ALFIE D (GB)",2022,GELDING,,A:57,A:19,A:58,A:52,T:x,T:x
"ALFIE'S PRINCESS (IRE)",2017,FILLY,"Sam Thomas",S:124,S:104,S:123,S:121,H:120,H:116
"ALFRED BOUCHER (GB)",2016,GELDING,"Owen Burrows",T:88,A:82,T:73,T:65,T:0,T:104
"ALFRED SPERO (GB)",2022,GELDING,"Cynthia Woods",A:57,A:53,A:54,A:52,T:10,A:53
"ALI SHUFFLE (GB)",2023,FILLY,,T:65,T:74,T:83,T:x,T:x,-
"ALI STAR BERT (GB)",2016,GELDING,,S:82,S:0,S:103,S:103,S:78,S:75
"ALIBEY (GB)",2022,FILLY,"Dylan Cunha",H:100,H:102,H:99,H:x,H:x,H:x
"ALICE DE CLARE (IRE)",2023,FILLY,"James Fanshawe",T:72,T:68,T:66,A:x,A:x,A:x
"ALICE'S INFLUENCE (GB)",2023,FILLY,"David Evans",T:50,T:53,T:50,A:39,A:x,T:x
"ALIDAM (FR)",2021,GELDING,"Sophie Leech",H:79,H:100,H:x,H:x,-,-
"ALIEN STORM (IRE)",2018,GELDING,"Charlie Longsdon",S:132,H:123,S:122,S:128,S:125,S:120
"ALIGN THE STARS (IRE)",2021,GELDING,"Charlie Johnston",T:88,T:98,A:96,A:89,T:83,T:94
"ALIOSKI (GB)",2017,GELDING,,S:0,T:38,A:46,A:53,H:41,H:0
"ALJEZUR (IRE)",2021,GELDING,,T:38,T:41,A:0,A:30,T:51,A:34
"ALKUMATIC JO JO (IRE)",2023,FILLY,"Ivan Furtado",T:68,T:58,T:52,A:67,T:x,A:x
"ALKUWARRIOR (IRE)",2023,GELDING,"Christopher Mason",T:45,T:49,T:55,T:x,T:40,T:x
"ALL ABOUT GEORGE (GB)",2022,GELDING,"Keiran Burke",A:11,T:43,T:x,T:x,A:x,-
"ALL AUTHORIZED (FR)",2019,GELDING,,S:0,H:84,H:58,H:82,S:0,S:68
"ALL IN YOU (FR)",2020,GELDING,"Warren Greatrex",H:127,H:0,H:126,H:123,H:116,H:117
"ALL INN HAND (GB)",2020,FILLY,"Mickey Bowen",H:0,S:78,S:109,H:x,H:97,H:100
"ALL LOVED UP (IRE)",2015,FILLY,"H. Brown",H:93,H:86,H:x,-,-,-
"ALL MOONSHINE (GB)",2022,FILLY,"Andrew Balding",A:87,A:x,A:x,A:x,-,-
"ALL NIGHT PARKING (IRE)",2018,GELDING,"Carroll Gray",H:0,H:0,H:0,H:x,H:x,H:x
"ALL ONE WORD (IRE)",2019,GELDING,"Donald McCain",H:98,H:x,H:x,H:x,-,-
"ALL THE GLORY (GB)",2017,FILLY,"Jonjo & A.J. O'Neill",S:0,S:102,S:125,S:129,S:103,S:63
"ALL TOO BEAUTIFUL (GB)",2022,FILLY,,A:67,A:42,A:66,A:62,A:56,T:52
"ALL WAYS GLAMOROUS (GB)",2021,GELDING,"Christopher Mason",T:59,T:86,A:40,T:86,T:83,T:81
"ALLA STELLA (GB)",2022,FILLY,"Sir Mark Prescott Bt",T:97,T:94,A:x,T:x,T:x,-
"ALLAIRE (GB)",2023,FILLY,"Andrew Balding",T:82,T:x,A:x,-,-,-
"ALLBETSOFF (IRE)",2016,GELDING,"Kevin Hunter",H:0,H:0,H:76,H:0,H:0,H:91
"ALLEGRESSE (GB)",2023,GELDING,"Andrew Balding",T:101,T:93,A:x,A:x,T:x,-
"ALLEGRINO (IRE)",2023,FILLY,"Andrew Balding",A:68,A:x,A:x,A:x,A:x,-
"ALLFOR (IRE)",2021,GELDING,"Lucinda Russell & Michael Scudamore",H:x,H:x,N:x,-,-,-
"ALLIBABA (GB)",2018,GELDING,"Adrian Keatley",H:90,H:83,H:32,H:44,H:75,H:82
"ALLIGATOR ALLEY (GB)",2017,GELDING,"Ruth Carr",A:76,A:88,A:92,A:87,A:84,A:81
"ALLONSY (GB)",2021,FILLY,,T:102,T:93,T:98,T:95,T:95,T:95
"ALMA DE FUEGO (IRE)",2023,COLT,,A:x,A:x,T:x,-,-,-
"ALMAQAM (GB)",2021,COLT,"Ed Walker",T:122,T:113,T:117,T:113,T:109,T:114
"ALMARADA PRINCE (IRE)",2021,GELDING,"Paul Midgley",T:73,T:75,A:77,A:78,A:81,T:73
"ALMATY STAR (IRE)",2020,GELDING,"Robert Cowell",T:0,T:83,A:79,A:78,A:80,A:78
"ALMAVILLALOBAS (GB)",2020,FILLY,"Jim & Suzi Best",T:26,T:4,A:34,A:5,A:23,A:16
"ALMEIRINDA (FR)",2019,FILLY,"Venetia Williams",S:0,H:33,H:x,-,-,-
"ALMEKAREM (IRE)",2022,COLT,"Sir Mark Prescott Bt",A:74,A:72,A:76,A:71,T:35,A:x
"ALMERAQ (GB)",2022,COLT,"William Haggas",T:109,T:0,T:105,T:x,T:x,T:x
"ALMERIC (GB)",2022,COLT,"Andrew Balding",T:112,T:102,T:106,T:117,T:113,T:x
"ALMIZAN (GB)",2021,FILLY,,A:34,A:6,A:50,A:25,T:0,T:8
"ALMOSH'HER (GB)",2021,GELDING,,T:62,T:93,T:87,T:98,A:93,A:x
"ALMUHIT (IRE)",2019,GELDING,"Faye Bramley",T:77,H:109,H:67,H:92,T:65,T:88
"ALMUTRAF (IRE)",2022,GELDING,,T:37,A:34,A:41,T:49,A:19,T:44
"ALNAYEF (IRE)",2021,GELDING,"Jim Goldie",A:37,A:53,T:59,A:64,T:63,T:17
"ALNILAM (FR)",2019,GELDING,"Olly Murphy",S:0,S:121,S:136,S:0,S:140,S:141
"ALOBAYYAH (GB)",2022,FILLY,"William Haggas",T:90,A:x,T:93,T:x,-,-
"ALONDRA (GB)",2022,FILLY,"Scott Dixon",A:59,T:72,A:74,A:69,A:72,A:78
"ALPARSLAN (IRE)",2023,COLT,"K. R. Burke",T:112,T:108,T:x,-,-,-
"ALPHA CAPTURE (IRE)",2020,GELDING,"Roger Fell",T:67,T:74,A:74,T:68,T:62,T:67
"ALPHA CRUCIS (IRE)",2020,GELDING,"Gary & Josh Moore",T:91,T:89,T:95,T:94,T:82,T:92
"ALPHA MAGIC (GB)",2022,GELDING,"Michael & David Easterby",T:72,T:78,T:64,T:83,T:25,T:x
"ALPINE CULTURE (GB)",2023,GELDING,"James Owen",T:60,T:x,T:x,A:x,-,-
"ALPINE GIRL (IRE)",2020,FILLY,"Julie Camacho",T:63,T:74,A:64,A:63,T:72,T:67
"ALPINE OASIS (GB)",2021,FILLY,,A:0,A:59,A:58,A:71,A:62,A:67
"ALPINE SIERRA (IRE)",2018,GELDING,"Jim Goldie",T:66,T:62,T:58,T:51,A:51,A:52
"ALPINE STROLL (GB)",2018,GELDING,"Tony Culhane & Stella Barclay",T:74,T:71,T:59,T:69,T:43,T:55
"ALRAZEEN (IRE)",2021,GELDING,"Keiran Burke",A:41,A:87,A:40,A:0,A:76,A:80
"ALREET CHA (IRE)",2021,FILLY,,T:49,A:49,T:65,A:59,A:67,A:60
"ALRIGHT DAI (IRE)",2018,GELDING,"Neil Mulholland",S:105,S:104,S:105,H:99,H:0,H:28
"ALSAKIB (GB)",2020,GELDING,"Donald McCain",H:x,H:x,H:x,H:x,T:99,T:59
"ALSHADHIAN (IRE)",2020,GELDING,"Oliver Greenall & Josh Guerriero",S:99,S:99,S:99,S:85,S:99,S:0
"ALSHIMALI (IRE)",2021,GELDING,"Tony Carroll",A:59,A:54,A:56,T:60,T:18,T:53
"ALTA RICA (GB)",2022,FILLY,"Marcus Tregoning",T:59,T:57,T:62,A:63,A:54,A:69
"ALTAREQ (GB)",2022,GELDING,"Jim Goldie",T:82,T:x,A:x,T:x,-,-
"ALTHER WALDEN (HUN)",2022,GELDING,"George Scott",T:0,A:86,T:x,T:x,T:x,-
"ALTO ALTO (FR)",2017,GELDING,,S:38,S:82,S:80,S:87,S:108,S:79
"ALTOBELLI (IRE)",2018,GELDING,"Harry Fry",H:143,H:134,H:144,H:111,H:147,H:137
"ALVESTA (GB)",2021,FILLY,"James Moffatt",H:80,H:55,H:58,H:73,A:38,H:75
"ALVIN (IRE)",2023,GELDING,"George Scott",T:55,T:85,T:87,A:81,A:56,A:x
"ALWAYS A REASON (IRE)",2019,GELDING,,S:103,S:107,S:94,S:106,S:101,H:97
"ALWAYS A SAINT (IRE)",2023,GELDING,"Charlie Fellowes",A:49,A:x,A:x,T:x,-,-
"ALWAYS A STAR (GB)",2021,GELDING,,A:60,A:70,A:70,T:65,T:68,A:67
"ALWAYS BUSY (IRE)",2018,GELDING,"Christian Williams",S:0,S:103,S:104,S:0,S:100,S:101
"ALWAYS FEARLESS (IRE)",2017,GELDING,"Richard Hannon",T:40,A:45,A:39,A:57,A:49,T:36
"ALWAYS HAPPY (IRE)",2023,FILLY,"Roger Varian",A:x,A:x,A:x,-,-,-
"ALWAYS PERFECT (IRE)",2023,FILLY,"Charlie Fellowes",T:63,A:x,T:x,A:x,-,-
"ALY A'ALI (GB)",2023,FILLY,,A:39,A:x,A:x,T:x,-,-
"ALY LOUISE (GB)",2023,FILLY,,A:27,A:0,T:x,T:x,T:x,-
"ALYARA (GB)",2018,FILLY,"Joe Ponting",T:19,T:33,T:29,A:46,A:40,A:41
"AM I BOVVERED (GB)",2020,FILLY,"Sandy Forster",H:0,H:31,H:67,H:x,H:x,H:x
"AM STILL HERE (IRE)",2019,GELDING,"Lizzie Quinlan",S:48,S:88,S:88,S:87,S:83,S:83
"AMAKHALA (GB)",2023,GELDING,,A:13,T:18,A:30,A:34,A:11,T:x
"AMALFI BLUEBELL (GB)",2023,FILLY,"Barry Brennan",T:0,M:x,T:x,A:x,-,-
"AMALFI SKYLINE (GB)",2019,GELDING,,H:33,H:72,H:0,H:77,S:0,S:83
"AMALFINA (GB)",2022,FILLY,"D. J. Jeffreys",T:51,T:63,T:57,T:52,T:x,T:x
"AMALOU (GB)",2023,FILLY,"Daniel & Claire Kubler",A:x,A:x,T:x,-,-,-
"AMANCIO (GB)",2021,GELDING,"Faye Bramley",T:73,H:110,H:x,H:x,T:59,T:75
"AMARACHI (IRE)",2022,FILLY,"Joseph Parr",A:45,A:54,A:29,A:54,A:54,A:45
"AMATCHMADEINHEAVEN (GB)",2021,GELDING,"Nigel & Willy Twiston-Davies",H:x,H:x,N:x,N:x,-,-
"AMATEUR (IRE)",2013,GELDING,"John & Rhys Flint",S:99,S:0,S:110,S:72,S:109,S:121
"AMATHUS (IRE)",2017,GELDING,"Patrick Chamings",T:48,T:54,T:47,T:41,T:46,T:56
"AMAYRETTO (GB)",2021,FILLY,,T:63,T:59,T:61,T:74,T:71,T:59
"AMAYSMONT (GB)",2017,GELDING,"Kevin & Lauren Frost",A:56,T:16,A:49,A:57,A:48,A:55
"AMAZING ANITA (GB)",2023,FILLY,"Max Comley",A:57,T:44,A:56,A:59,A:56,A:x
"AMAZING JOURNEY (IRE)",2023,GELDING,"Jamie Osborne",T:80,T:71,T:65,T:82,T:81,T:x
"AMAZON JUNGLE (IRE)",2023,GELDING,"John & Sean Quinn",A:32,A:23,T:x,T:x,A:x,-
"AMAZONIAN DREAM (IRE)",2019,GELDING,"Rod Millman",A:74,T:69,A:63,A:75,A:75,A:72
"AMBASSADOR (IRE)",2017,GELDING,"Micky Hammond",H:63,H:45,H:0,H:57,H:74,H:78
"AMBER HAMUR (IRE)",2023,FILLY,"Edward Bethell",A:52,A:55,A:x,A:x,A:x,-
"AMBER HONEY (GB)",2022,FILLY,"Pat Phelan",T:55,A:51,A:58,A:42,A:52,A:58
"AMBIENTE AMIGO (GB)",2021,FILLY,,T:101,T:87,T:95,T:99,T:71,T:93
"AMBIENTE FRIENDLY (IRE)",2021,GELDING,"James Owen",H:111,H:x,H:111,H:x,H:x,T:78
"AMBION VIEW (FR)",2019,GELDING,"Joe Tizzard",H:124,H:119,H:109,H:121,H:123,H:83
"AMBISHIO (IRE)",2023,GELDING,"Michael Appleby",T:64,T:77,A:79,A:80,T:41,T:74
"AMELIA'S JOY (GB)",2022,FILLY,"Michael Herrington",T:60,A:63,A:46,A:58,A:58,A:49
"AMELIA'S STAR (IRE)",2020,FILLY,"David Killahena & Graeme McPherson",H:x,H:x,H:x,N:x,N:x,N:x
"AMERICA QUEEN (IRE)",2023,FILLY,"Richard Hughes",T:104,T:108,T:107,T:x,-,-
"AMERICAN AFFAIR (GB)",2020,GELDING,"Jim Goldie",T:108,T:78,T:113,T:102,T:105,T:99
"AMERICAN BAY (GB)",2021,GELDING,"Paul Midgley",T:76,A:78,A:77,A:67,T:77,T:70
"AMERICAN EMPIRE (IRE)",2020,GELDING,"Donald McCain",H:79,H:x,H:x,H:x,H:x,N:x
"AMERICAN FLIGHT (IRE)",2023,FILLY,,A:57,A:69,A:67,A:66,A:63,T:x
"AMERICAN GAL (GB)",2022,FILLY,"Ed Walker",T:50,A:86,T:95,T:102,A:91,A:x
"AMERICAN GULF (GB)",2023,COLT,"Oliver Cole",T:93,T:92,T:70,T:87,T:x,-
"AMERICAN LAND (IRE)",2018,GELDING,"Joe Tizzard",H:118,H:116,H:111,H:120,H:115,H:112
"AMERICAN MIKE (IRE)",2017,GELDING,"Olly Murphy",S:121,S:145,H:135,H:103,S:140,S:138
"AMERICAN ROSE (GB)",2020,FILLY,"James Evans",T:37,A:36,A:48,A:50,A:50,A:41
"AMERICAN SNIPER (IRE)",2018,GELDING,"David Pipe",H:123,H:96,H:108,H:119,H:108,H:83
"AMERICAN STATE (IRE)",2022,GELDING,"Ivan Furtado",T:58,A:72,A:63,A:68,A:53,A:56
"AMERICAN STYLE (GB)",2022,GELDING,"Kevin Ryan",T:44,T:86,T:67,T:87,T:81,T:85
"AMERICAN TRIO (IRE)",2021,GELDING,"Fergal O'Brien",H:109,H:105,H:x,H:x,H:x,-
"AMERJEET (GB)",2022,GELDING,"Michael Herrington",T:37,A:38,A:53,A:53,A:48,A:57
"AMI BONDHU (FR)",2019,GELDING,"Nick Gifford",H:88,H:89,H:70,H:73,H:91,H:98
"AMICA (IRE)",2022,FILLY,,A:61,A:58,A:57,A:61,T:51,T:57
"AMIDNIGHTSTAR (GB)",2017,FILLY,"Tom Britten",H:82,H:x,H:x,N:x,N:x,-
"AMIDST THE CHAOS (IRE)",2022,GELDING,"Nigel Tinkler",T:65,T:66,T:62,A:57,T:67,T:72
"AMILOC (GB)",2022,GELDING,"Ralph Beckett",T:100,T:112,T:106,T:104,A:x,A:x
"AMMA LORD (IRE)",2016,GELDING,"Miss Lucy Brown",H:81,H:32,H:82,H:0,H:77,H:0
"AMMES (IRE)",2022,GELDING,"James Owen",T:91,H:92,H:116,A:80,H:124,H:128
"AMMOONY (FR)",2023,FILLY,"Tom Clover",T:75,A:69,A:x,T:x,T:x,-
"AMOR CORDIS (IRE)",2022,GELDING,,A:46,A:51,A:56,T:64,T:64,T:54
"AMORA QUEEN (GER)",2023,FILLY,"Charlie Johnston",T:64,T:60,T:93,T:66,A:x,T:x
"AMORIM (GB)",2023,GELDING,"George Boughey",T:77,T:57,T:83,T:94,T:x,T:x
"AMPLE WARNING (FR)",2020,FILLY,"Alastair Ralph",H:x,H:x,H:x,N:x,-,-
"AMUSED (IRE)",2022,GELDING,"Jim Boyle",T:21,A:70,A:64,T:x,T:x,T:52
"AN BRADAN FEASA (IRE)",2020,GELDING,"Jack Jones",A:72,A:72,A:69,H:116,H:113,A:69
"AN BUACHAILL RUA (IRE)",2020,GELDING,"Sheila Lewis",H:0,H:93,H:90,H:71,H:68,H:87
"AN FEAR BEAG (IRE)",2022,GELDING,,A:0,A:40,A:36,A:x,A:x,A:x
"AN OUTLAW'S GRACE (IRE)",2022,GELDING,"Richard Hannon",T:48,T:79,A:71,T:78,A:74,T:82
"ANA EMARAATY (IRE)",2020,GELDING,"Jim Goldie",A:40,A:55,A:55,A:41,A:57,A:48
"ANABA GIRL (GB)",2023,FILLY,,A:x,A:x,A:x,-,-,-
"ANAISA (GB)",2023,FILLY,"Tim Easterby",T:77,T:71,T:83,T:84,T:49,T:61
"ANALEESA (GB)",2023,FILLY,,A:29,A:x,A:x,A:x,-,-
"ANALIESE (GB)",2021,FILLY,"Mel Rowley",H:116,H:120,H:119,H:115,H:114,H:108
"ANALOGICAL (GB)",2022,GELDING,"Sir Mark Prescott Bt",T:81,T:79,A:81,A:77,A:75,T:70
"ANALYTICAL ENGINE (GB)",2021,FILLY,"Mike Murphy",A:46,A:53,A:43,T:37,T:54,T:27
"ANAMANDA (FR)",2019,FILLY,"N. W. Alexander",H:82,H:72,H:67,H:78,H:84,H:87
"ANARIZA (FR)",2020,FILLY,"Tom Ellis",H:109,H:99,H:x,H:x,H:x,H:x
"ANCIENT EGYPT (IRE)",2023,COLT,"Charlie Johnston",T:100,T:82,T:x,T:x,-,-
"ANCIENT ROME (USA)",2019,GELDING,"Charles Hills",T:86,T:94,T:91,T:89,T:98,T:95
"ANCIENT STATE (IRE)",2022,GELDING,"Adam Kirby",A:67,A:70,A:67,A:61,T:41,A:51
"ANCIENT TIMES (GB)",2018,GELDING,"Harry Eustace",A:22,A:53,T:69,A:45,A:72,T:73
"ANCIENT WISDOM (FR)",2021,GELDING,"Charlie Appleby",A:103,T:114,T:109,T:102,T:114,T:81
"ANDALEEP (IRE)",2016,GELDING,,A:77,A:89,T:94,A:87,T:95,A:96
"ANDALPROFIT (IRE)",2022,GELDING,"Nigel Tinkler",T:60,T:44,T:58,A:49,A:62,A:42
"ANDASHAN (IRE)",2020,GELDING,"Chris Gordon",H:129,H:133,H:127,H:127,H:x,H:x
"ANDESITE (GB)",2022,GELDING,"Roger Fell",T:81,T:79,T:54,A:84,T:60,T:87
"ANEEDAHBEER (IRE)",2023,GELDING,,A:46,T:x,T:x,T:x,-,-
"ANEIRIN'S SWORD (IRE)",2023,GELDING,"Jamie Osborne",A:52,A:62,T:58,A:66,A:66,A:65
"ANGEL GABRIEL (IRE)",2023,GELDING,"Ralph Beckett",A:x,A:x,T:x,-,-,-
"ANGEL HUNTER (GB)",2022,COLT,"Richard Hannon",T:85,T:87,T:82,A:91,A:84,A:82
"ANGEL LOVE (GB)",2023,FILLY,"Kevin Philippart de Foy",T:54,A:x,A:x,A:x,-,-
"ANGEL NUMBERS (IRE)",2023,FILLY,"Dr Richard Newland & Jamie Insole",T:70,T:75,A:70,A:76,A:71,A:69
"ANGEL OF ANFIELD (GB)",2023,GELDING,"Tom Clover",T:56,A:85,T:x,T:x,T:x,T:83
"ANGEL OF ENGLAND (GB)",2021,GELDING,"Alan Brown",T:51,T:36,A:0,T:34,T:0,A:20
"ANGEL OF RAIN (GB)",2021,FILLY,,A:59,A:64,A:62,T:58,T:71,A:x
"ANGEL OF THE BAY (GB)",2021,GELDING,,T:32,T:38,T:44,T:46,T:39,T:45
"ANGEL SHARED (GB)",2021,FILLY,"Steph Hollinshead",T:67,T:84,T:91,A:67,T:37,T:68
"ANGEL SUMMER (IRE)",2023,FILLY,"Conrad Allen",T:37,A:x,A:x,A:x,-,-
"ANGEL WAVE (GB)",2021,GELDING,"Sam Thomas",H:x,H:x,H:x,H:x,-,-
"ANGEL'S CALL (IRE)",2021,GELDING,"Nikki Evans",A:24,A:36,A:38,A:0,A:40,A:47
"ANGELA'S BAAR (IRE)",2023,FILLY,"Adrian Keatley",T:63,A:x,T:x,T:x,T:x,-
"ANGELARDO (IRE)",2022,GELDING,"Liam Bailey",A:50,A:40,A:49,A:34,A:51,A:46
"ANGELIC BUGLER (IRE)",2022,FILLY,,T:49,T:62,T:58,T:60,T:28,T:69
"ANGELIC RASCAL (IRE)",2023,FILLY,,A:29,A:45,A:55,A:x,T:x,T:x
"ANGELICA K (GB)",2020,FILLY,"Simon Hodgson",A:33,A:43,A:51,A:41,T:0,T:17
"ANGELS' SHARE (GB)",2023,FILLY,"William Knight",T:40,T:59,T:41,A:77,A:x,T:x
"ANGLERS CRAG (GB)",2015,GELDING,"Nicky Richards",S:136,S:130,S:0,S:0,S:118,S:121
"ANGLESEY LAD (IRE)",2021,GELDING,"Scott Dixon",T:39,A:37,A:30,T:48,T:44,T:50
"ANIFICAS BEAUTY (IRE)",2019,FILLY,"Peter Winks",T:50,T:31,A:28,A:28,A:41,A:36
"ANIMAL (IRE)",2016,GELDING,,S:0,S:96,S:56,S:94,S:98,S:0
"ANIMATO (GB)",2019,GELDING,"Donald McCain",H:92,H:60,H:94,H:x,H:x,H:x
"ANN TERRY (GB)",2022,FILLY,,T:13,A:47,T:46,T:x,T:x,T:x
"ANNA SWAN (GB)",2022,FILLY,,T:80,T:102,A:87,T:90,T:0,T:82
"ANNAF (IRE)",2019,COLT,"Michael Appleby",T:88,T:101,T:96,T:106,T:91,T:110
"ANNALEE LASS (IRE)",2020,FILLY,,A:46,A:38,A:48,A:37,T:39,A:42
"ANNANDALE (IRE)",2018,GELDING,"Jim Goldie",A:56,A:50,A:47,A:56,A:56,A:58
"ANNASTARZY (GB)",2023,FILLY,"Richard Hannon",T:65,T:x,T:x,T:x,T:x,-
"ANNEXATION (FR)",2016,GELDING,"Tony Carroll",T:56,T:53,A:60,A:56,A:32,A:65
"ANNIE DON (IRE)",2019,FILLY,,S:0,S:42,S:33,S:73,S:78,H:x
"ANNIE EDSON TAYLOR (GB)",2021,FILLY,"Phillip Makin",A:51,A:62,T:27,T:59,T:65,T:65
"ANNIE EXPRESS (IRE)",2018,FILLY,"Robbie Llewellyn",S:100,S:106,S:87,H:0,S:78,S:104
"ANNIE HATHAWAY (GB)",2019,FILLY,"Alan King",H:x,H:x,H:x,N:x,N:x,N:x
"ANNIE MCGRATH (IRE)",2020,FILLY,,H:x,H:x,H:x,-,-,-
"ANNIE NAIL (IRE)",2017,FILLY,"Tracey Leeson",S:45,S:58,S:75,H:78,H:66,S:59
"ANNIES GOLD (GB)",2019,FILLY,,H:71,H:0,H:0,H:63,H:x,H:x
"ANNIVERSARY (GB)",2022,GELDING,"Ralph Beckett",T:89,T:78,A:89,A:84,T:92,T:86
"ANNO DOMINI (GB)",2022,GELDING,"Charlie Appleby",T:83,T:103,T:103,T:x,T:x,-
"ANNSAM (GB)",2015,GELDING,,S:85,S:0,S:115,S:0,S:132,S:81
"ANNSAR (GB)",2022,FILLY,,A:31,A:57,T:76,T:72,T:69,T:68
"ANNUAL INVICTUS (IRE)",2015,GELDING,,S:132,S:120,S:125,S:149,S:126,S:143
"ANORAH UNLEASHED (IRE)",2023,FILLY,"Dr Richard Newland & Jamie Insole",T:41,A:49,A:56,A:53,T:x,T:x
"ANOTHER ABBOT (IRE)",2022,GELDING,"William Haggas",T:87,T:81,A:82,A:68,T:33,T:83
"ANOTHER BAAR (GB)",2020,GELDING,"Adrian Keatley",A:88,T:81,T:93,T:89,T:87,T:71
"ANOTHER BEAUTIFUL (GB)",2020,FILLY,"Ivan Furtado",A:30,A:33,A:0,A:28,T:48,T:60
"ANOTHER DAY OUT (IRE)",2018,FILLY,"Martin Keighley",H:0,S:0,H:98,S:0,S:85,S:0
"ANOTHER FINE MESS (IRE)",2019,GELDING,,S:0,S:112,S:113,H:109,H:86,H:105
"ANOTHER FOLLY (FR)",2019,GELDING,"Mrs Jane Williams",S:104,S:93,S:102,S:104,S:105,S:100
"ANOTHER HIGH FIVE (IRE)",2020,GELDING,"Lucinda Russell & Michael Scudamore",H:105,H:102,H:x,H:x,H:x,-
"ANOTHER INVESTMENT (IRE)",2019,GELDING,"Nigel Tinkler",T:57,T:53,T:49,T:62,T:74,A:70
"ANOTHER MYSTERY (GB)",2017,GELDING,"Sarah Humphrey",S:83,H:81,S:76,S:45,S:80,S:86
"ANOTHER RUN (IRE)",2020,GELDING,"Rod Millman",A:76,A:79,A:79,A:68,A:76,A:65
"ANOTHERMANICMONDAY (IRE)",2020,GELDING,"Susan Gardner",H:68,H:32,H:x,H:x,H:x,N:x
"ANSWER THAT (IRE)",2021,GELDING,"Chris Gordon",H:51,H:87,H:x,H:x,H:x,-
"ANTELOPE (GB)",2022,GELDING,,A:67,A:x,A:67,T:73,T:70,T:75
"ANTHELIA (IRE)",2023,FILLY,"Rod Millman",A:76,T:92,T:100,T:86,T:90,T:94
"ANTHENA (GB)",2023,FILLY,"Phil McEntee",T:x,T:x,A:x,-,-,-
"ANTHRACITE (GB)",2021,GELDING,"Neil Mulholland",H:0,H:79,H:69,H:x,H:x,H:x
"ANTHROPOLOGIST (GB)",2022,GELDING,"Michael Herrington",T:51,A:64,A:73,A:70,A:67,A:65
"ANTICIPATING (GB)",2020,FILLY,,T:2,T:45,T:33,M:29,T:44,T:49
"ANTIPHON (IRE)",2019,GELDING,"Mike Murphy",T:46,T:49,T:48,T:51,T:27,T:0
"ANTIPODES (IRE)",2022,GELDING,"Roger Varian",T:94,T:x,T:x,A:x,-,-
"ANTIQUE BLUE (IRE)",2023,GELDING,"Ruth Carr",T:26,T:27,T:39,A:x,T:x,A:x
"ANTIQUITY (GB)",2022,GELDING,"Jamie Osborne",T:58,A:51,T:64,A:64,A:64,A:66
"ANTON MAUVE (GB)",2023,GELDING,"Kevin Philippart de Foy",T:x,A:x,A:x,-,-,-
"ANTRIM (GB)",2022,GELDING,"K. R. Burke",T:91,A:90,A:86,A:88,A:x,T:x
"ANWEN (GB)",2022,FILLY,,A:22,A:x,A:x,A:x,-,-
"ANXIOUS MOMENTS (IRE)",2022,GELDING,"Charlie Longsdon",H:x,H:x,H:x,-,-,-
"ANY WHICH WAY (GB)",2023,COLT,"Michael Bell",T:76,T:74,A:x,T:x,T:x,-
"ANYTRIXWILLDO (IRE)",2018,GELDING,"Jonjo & A.J. O'Neill",S:70,S:97,S:97,S:95,S:89,S:97
"ANYWAYTHEWINDBLOWS (GB)",2023,FILLY,,A:x,T:x,A:x,-,-,-
"ANZAC DAY (IRE)",2021,GELDING,"Jonjo & A.J. O'Neill",H:x,T:14,A:57,T:84,A:x,T:x
"AOIFE'S THUNDER (IRE)",2022,FILLY,,A:9,A:27,A:47,M:40,T:45,T:48
"AOMORI CITY (FR)",2022,GELDING,"Charlie Appleby",T:109,T:109,T:102,T:x,-,-
"APACHE EAGLE (GB)",2021,GELDING,"Jessica Bedi",T:43,A:44,A:39,A:45,A:45,A:43
"APACHE GREEN (GB)",2022,GELDING,,A:65,A:64,A:66,A:66,A:57,A:46
"APEX STAR (IRE)",2023,GELDING,"William Knight",T:39,A:57,A:58,A:x,A:x,A:x
"APHRODITE SPIRIT (GB)",2022,FILLY,"Roger Teal",A:x,T:x,T:x,-,-,-
"APHRODITES ROCK (GB)",2022,FILLY,,T:60,T:58,T:55,T:x,A:31,T:x
"APIARIST (IRE)",2021,GELDING,"Kevin Ryan",T:95,A:87,A:96,A:99,A:95,T:96
"APIECEOVFORTUNE (GB)",2020,FILLY,"Pam Sly",H:83,H:89,H:81,H:87,H:56,H:x
"APLACEINTHESUN (GB)",2023,FILLY,"Rod Millman",T:41,A:43,A:x,T:x,T:x,-
"APODICTIQUE (GB)",2020,FILLY,,T:47,A:55,T:59,-,-,-
"APOLLO ONE (GB)",2018,GELDING,"P. Charalambous & J. Clutterbuck",T:96,A:105,T:93,T:105,T:105,T:83
"APOLLON FORLONGE (FR)",2022,GELDING,"Warren Greatrex",H:x,H:x,H:x,H:x,-,-
"APOTHEOSIS (IRE)",2021,GELDING,"Simon & Ed Crisford",T:73,A:90,T:56,T:70,T:88,A:90
"APPETISER (IRE)",2022,FILLY,,A:32,A:37,A:x,A:x,A:x,-
"APPIER (IRE)",2019,GELDING,"Tony Carroll",T:68,A:63,A:75,A:75,A:73,A:74
"APPLE AWAY (IRE)",2017,FILLY,"Lucinda Russell & Michael Scudamore",S:136,S:138,S:0,S:138,S:138,S:136
"APPLE OF MY EYE (GB)",2022,FILLY,,A:49,A:35,T:57,M:x,T:x,A:x
"APPLE'S ANGEL (IRE)",2022,FILLY,"Jim Boyle",T:24,T:10,A:23,A:51,M:38,T:14
"APPLES MOON (IRE)",2019,FILLY,"Nicky Martin",H:103,H:108,H:106,H:98,H:98,H:94
"APPLESANDPEARS (GB)",2023,FILLY,"Edward Bethell",T:84,T:70,A:x,A:x,T:x,-
"APPLICATIONOFCASH (IRE)",2018,GELDING,"Gordon Treacy",S:93,S:76,S:88,S:74,S:88,S:84
"APPROACHING DAWN (IRE)",2020,GELDING,"Jim Goldie",T:36,T:36,T:31,A:x,A:x,T:x
"APPROACHING STORM (IRE)",2021,FILLY,"Nick Gifford",H:71,H:x,H:x,H:x,N:x,N:x
"APRIL DIAMOND (IRE)",2021,FILLY,"Iain Jardine",A:x,T:x,A:x,-,-,-
"AQPAN (IRE)",2023,COLT,"Roger Varian",T:65,T:91,T:101,A:x,A:x,A:x
"AQUA BEAR (IRE)",2023,GELDING,"Ian Williams",T:59,T:80,A:x,-,-,-
"AQUA BLEU (IRE)",2022,GELDING,"Warren Greatrex",H:0,H:x,H:x,H:x,H:x,-
"AQUAMAN (GER)",2022,COLT,"Richard Bandey",-,-,-,-,-,-
"AQUIFOLIA (GB)",2021,FILLY,"Neil Mulholland",H:82,H:0,H:87,H:83,H:89,T:34
"AQUITAINE BOY (FR)",2015,GELDING,"Ruth Jefferson",H:84,H:0,H:93,H:0,H:98,H:99
"AQWAAM (GB)",2018,GELDING,"Ian Williams",A:80,T:93,T:89,A:81,A:90,A:86
"AR DIDDY DUM DUM (IRE)",2023,FILLY,,A:60,A:0,A:55,A:59,A:x,T:66
"ARABIAN COBRA (IRE)",2022,GELDING,"Adrian Wintle",T:46,T:47,T:17,T:65,T:79,T:79
"ARABIAN CROWN (FR)",2021,GELDING,"Charlie Appleby",T:108,T:74,T:108,T:105,T:112,T:108
"ARABIAN DESERT (GB)",2023,COLT,"Richard & Peter Fahey",T:x,T:x,T:100,T:x,T:x,-
"ARABIAN FORCE (IRE)",2022,COLT,"William Haggas",T:100,T:101,T:110,T:100,T:99,T:x
"ARABIAN LEOPARD (GB)",2022,FILLY,"David Simcock",T:83,T:80,T:79,T:80,T:54,T:81
"ARABIAN LIGHT (GB)",2021,GELDING,"Charlie Appleby",T:111,T:102,T:72,T:106,A:x,T:x
"ARABIAN POET (GB)",2022,GELDING,"Charlie Appleby",T:70,A:86,T:x,T:x,T:x,-
"ARABIAN STORY (IRE)",2022,COLT,"Saeed bin Suroor",T:95,T:103,A:x,-,-,-
"ARAIFJAN (GB)",2017,GELDING,,A:39,T:34,T:48,A:48,T:45,A:35
"ARAMIS GREY (IRE)",2017,FILLY,,A:85,A:84,A:83,A:77,A:75,A:84
"ARAMRAM (IRE)",2021,COLT,"Richard Hannon",T:108,T:110,T:107,T:101,T:94,A:97
"ARANTES NASCIMENTO (GB)",2021,GELDING,"Michael Attwater",T:74,A:74,A:63,A:72,A:72,A:72
"ARARAT (IRE)",2020,GELDING,"Rachel Cook & John Bridger",T:47,A:70,A:66,A:61,A:68,A:74
"ARAVALLI (IRE)",2023,FILLY,"Joe Tickle",-,-,-,-,-,-
"ARAZZO (IRE)",2021,GELDING,,T:54,T:39,A:27,A:58,A:70,A:65
"ARBAAWY (GB)",2023,COLT,"John Butler",T:79,T:79,T:79,T:x,T:x,T:x
"ARBITRATION (IRE)",2022,GELDING,"Joe Tizzard",H:x,H:x,T:66,T:76,A:76,T:71
"ARBOREOUS (IRE)",2022,GELDING,,A:69,A:73,A:60,T:x,T:x,A:x
"ARC OLE OLE (GB)",2023,COLT,"Dylan Cunha",T:85,T:76,T:x,T:x,-,-
"ARC ZOOSVE (GB)",2021,GELDING,"Neil King",A:79,T:74,A:72,A:65,A:49,A:62
"ARCADIAN NIGHTS (GB)",2018,GELDING,"Mark Loughnane",A:75,A:85,A:78,A:85,T:38,T:72
"ARCADIAN STAR (IRE)",2021,GELDING,"Stuart Edmunds",H:x,H:0,H:x,H:x,H:x,N:x
"ARCH LEGEND (GB)",2021,GELDING,"Ruth Carr",T:28,A:35,T:47,T:44,T:35,T:54
"ARCHANGEL JOSEPI (IRE)",2023,GELDING,"Brian Ellison",A:36,A:57,A:53,A:42,A:49,A:58
"ARCHDUKE FERDINAND (IRE)",2019,GELDING,"Seb Spencer",T:77,T:65,T:66,T:73,T:80,T:70
"ARCHER ROYAL (IRE)",2023,GELDING,"John & Thady Gosden",T:55,A:73,T:95,T:99,A:x,-
"ARCHER'S GRACE (IRE)",2023,FILLY,"James Fanshawe",T:71,A:x,A:x,A:x,-,-
"ARCHERS BAY (IRE)",2023,COLT,"Marco Botti",T:93,T:93,A:x,-,-,-
"ARCHIBALD IVES (IRE)",2023,GELDING,,T:50,T:46,T:35,T:60,T:x,T:x
"ARCHIVIST (GB)",2022,COLT,"Hamad Al Jehani",T:96,T:97,T:x,T:x,T:x,T:x
"ARCIMBOLDO (GB)",2022,GELDING,"Mike Sowersby",A:42,A:38,A:40,A:46,A:47,A:42
"ARCLIGHT (GB)",2019,FILLY,,S:0,H:90,S:134,S:119,S:136,H:110
"ARCON (GER)",2020,GELDING,"Jennie Candlish",T:66,A:64,T:75,A:67,T:9,H:x
"ARCTIC CONDITIONS (IRE)",2020,GELDING,"Clive Boultbee-Brooks",S:109,H:x,H:x,H:x,N:x,-
"ARCTIC DAWN (GB)",2021,GELDING,"Daniel & Claire Kubler",T:90,A:91,A:84,A:92,A:84,A:84
"ARCTIC FOX (GB)",2016,FILLY,"Martin Todhunter",T:59,T:60,T:50,T:60,T:60,H:0
"ARCTIC SAINT (IRE)",2018,GELDING,"Deborah Cole",S:84,H:50,H:87,H:82,H:87,H:87
"ARCTIC STREAM (GB)",2017,FILLY,,S:0,S:59,S:67,H:0,H:x,H:x
"ARCTIC SUMMER (GB)",2022,FILLY,"Gemma Tutty",T:66,T:58,T:64,A:66,A:71,T:79
"ARCTIC THUNDER (IRE)",2021,GELDING,"Ed Walker",T:78,T:69,T:85,T:86,T:86,A:80
"ARCTIC VOYAGE (GB)",2022,GELDING,"Michael Blake",H:x,H:x,H:0,H:100,H:0,H:x
"ARCTIC WIND (GB)",2023,GELDING,"David Evans",A:64,T:x,T:x,T:x,T:x,-
"ARCTICIAN (IRE)",2018,GELDING,"Simon Dow",A:71,A:78,A:79,A:76,A:78,A:63
"ARCTURUS FLAME (IRE)",2022,GELDING,"Richard Hughes",T:76,T:75,A:77,A:77,T:61,T:77
"ARDADDY (GB)",2022,GELDING,"Michael Appleby",A:51,A:47,A:51,A:43,A:56,A:55
"ARDENNES (IRE)",2022,GELDING,,A:37,A:58,M:62,T:0,T:25,A:51
"ARDISIA (IRE)",2023,GELDING,"Hugo Palmer",T:96,T:100,T:95,T:108,T:100,T:93
"ARDUIS INVICTA (IRE)",2023,FILLY,"Craig Lidster",T:77,T:81,T:82,T:70,T:78,T:85
"ARE YOU JOKING (IRE)",2021,GELDING,"Charlie Longsdon",H:x,H:x,H:x,-,-,-
"ARENAS DEL TIEMPO (GB)",2018,FILLY,"Jim & Suzi Best",A:44,A:51,A:48,A:41,A:43,A:54
"ARETI (GB)",2023,FILLY,"Oliver Cole",A:x,A:x,T:x,T:x,-,-
"ARF'S DUCHESS (IRE)",2022,FILLY,,A:41,T:x,T:x,T:x,-,-
"ARGENTINE TANGO (GB)",2023,FILLY,"Tim Easterby",T:98,T:93,T:85,T:82,T:85,T:86
"ARGENTUM (IRE)",2022,FILLY,"Matt Crawley",A:44,A:36,H:x,A:38,A:8,A:48
"ARGY BHAJI (GB)",2023,GELDING,"James Fanshawe",T:67,T:65,A:x,A:x,A:x,-
"ARIE GORDYE (GB)",2022,FILLY,,A:24,T:51,T:55,A:41,T:55,T:54
"ARISAIG (GB)",2021,FILLY,"Charlie Johnston",T:101,T:102,T:83,T:101,T:103,T:93
"ARISHKA'S DREAM (GB)",2023,GELDING,"Daniel & Claire Kubler",T:44,A:72,A:72,A:x,A:x,A:x
"ARJACK (GB)",2023,COLT,"Richard Hannon",A:58,T:49,T:x,T:x,T:x,-
"ARKENDALE (GB)",2020,GELDING,,T:46,A:58,T:62,T:41,T:56,T:20
"ARKENSTAAR (GB)",2020,GELDING,"Michael Dods",T:49,T:72,T:72,T:72,T:68,T:65
"ARKHALIA FLYNN (GB)",2021,GELDING,"Sheena West",T:54,T:67,T:60,T:83,T:81,T:81
"ARKINTHESTARS (GB)",2022,FILLY,,T:80,A:80,T:x,T:x,T:73,T:77
"ARKLESIDE (IRE)",2022,GELDING,,T:56,T:9,T:60,T:x,A:x,A:x
"ARKLOW LAD (IRE)",2022,COLT,"Michael Appleby",T:82,T:86,A:82,A:82,-,-
"ARLECCHINO'S GIFT (GB)",2019,GELDING,,A:44,A:42,T:46,M:37,T:42,T:50
"ARLECCHINO'S REX (GB)",2022,GELDING,"Mark Usher",A:50,A:51,A:49,A:47,A:49,A:42
"ARLINGTON (GB)",2021,GELDING,"Bryan Smart",A:41,A:38,A:47,A:56,A:36,A:53
"ARLO'S GIRL (GB)",2023,FILLY,"Joseph Parr",T:63,T:66,A:x,M:x,-,-
"ARLO'S SUNSHINE (GB)",2017,GELDING,,A:15,A:33,A:36,T:36,T:18,T:46
"ARMSTRONG (IRE)",2023,GELDING,"George Boughey",T:62,T:69,T:69,A:67,A:x,T:x
"ARMY BUGLER (IRE)",2023,COLT,"Warren Greatrex",T:55,T:77,T:x,T:x,T:x,-
"ARNAZ (GB)",2021,GELDING,"Mark Loughnane",T:30,A:59,A:0,A:61,A:50,A:67
"ARNHEM (IRE)",2016,GELDING,"Jim Goldie",T:51,T:58,T:59,A:70,A:77,A:79
"ARNIE MOON (GB)",2020,GELDING,"Joe Tickle",H:0,H:113,H:x,H:x,H:x,N:x
"AROLLA (GB)",2021,FILLY,,T:87,T:94,T:88,T:69,T:100,T:x
"ARQOOB (IRE)",2018,GELDING,"Lucy Wadham",T:89,A:89,H:83,H:105,T:85,T:89
"ARRAN (IRE)",2022,COLT,,A:18,T:75,T:84,T:86,T:78,T:0
"ARRANGE (IRE)",2018,FILLY,"Martin Todhunter",T:49,T:68,T:75,T:66,T:82,T:66
"ARRANMORE (GB)",2017,GELDING,"Micky Hammond",T:44,A:51,A:50,A:43,A:44,A:41
"ARRAY (IRE)",2021,COLT,,T:87,T:78,A:93,T:104,T:97,T:93
"ARRY UP (GB)",2023,GELDING,"Rod Millman",T:31,A:76,A:73,T:65,T:x,A:x
"ARRYCAN (IRE)",2014,GELDING,"Nick Scholfield",S:63,S:92,S:89,-,-,-
"ART DANCER (GB)",2021,GELDING,"Chris Grant",H:x,H:x,H:x,H:x,N:x,N:x
"ART DECCO (GB)",2016,GELDING,"Robert Walford",S:137,S:0,S:137,S:102,S:127,S:125
"ART DESIGN (IRE)",2022,FILLY,,A:61,A:64,T:48,T:70,T:64,T:53
"ART GALLERY (IRE)",2023,FILLY,"James Ferguson",T:77,A:79,A:x,A:x,A:x,-
"ART LOVER (IRE)",2023,COLT,"William Haggas",A:83,T:81,T:x,T:x,T:x,-
"ART POWER (IRE)",2017,GELDING,"Tim Easterby",T:91,T:91,T:93,T:93,T:88,T:99
"ARTAGNAN (IRE)",2022,GELDING,"Hamad Al Jehani",T:52,T:85,A:86,A:86,A:86,T:78
"ARTANIS (GB)",2023,FILLY,"George Boughey",A:73,A:x,T:x,T:x,-,-
"ARTAVIAN (GB)",2020,GELDING,"Patrick Chamings",A:53,T:58,A:45,T:44,A:55,M:57
"ARTH'S GOLD (GB)",2022,COLT,"Richard Hannon",A:61,A:67,A:67,T:49,A:62,A:52
"ARTHUR ROSE (IRE)",2021,FILLY,,A:41,A:57,A:57,A:53,A:48,T:39
"ARTHUR'S QUAY (IRE)",2014,GELDING,"Ben Haslam",S:110,S:86,S:110,S:106,S:119,S:58
"ARTHUR'S REALM (IRE)",2018,GELDING,"Gihan Arnolda",T:71,T:74,A:58,T:28,T:84,A:81
"ARTHUR'S SIXPENCE (GB)",2014,GELDING,"Georgina Nicholls",H:119,H:115,H:0,H:80,H:120,S:109
"ARTIC MANN (GB)",2014,GELDING,,H:89,H:90,H:100,H:97,H:104,H:104
"ARTISAN DANCER (FR)",2020,GELDING,"Charlie Johnston",T:83,T:74,A:85,A:88,A:82,A:85
"ARTISTA (IRE)",2023,FILLY,"Ollie Sangster",T:x,T:65,A:74,A:64,A:64,A:42
"ARTISTE D'AINAY (FR)",2018,GELDING,"Billy Aprahamian",H:84,H:0,H:x,H:x,H:x,H:x
"ARTISTIC STAR (IRE)",2020,GELDING,"Chris Gordon",T:87,T:86,T:95,T:99,T:93,T:100
"ARUNDEL (IRE)",2022,GELDING,"Ed Dunlop",A:63,T:66,T:67,T:66,T:65,T:62
"ARVANA BELLE (IRE)",2023,FILLY,"Rod Millman",T:26,T:42,T:53,T:53,T:49,T:x
"AS FAST AS WIND (IRE)",2020,FILLY,"Tristan Davidson",T:65,T:66,H:102,H:103,H:90,H:103
"AS GOOD AS CAN BE (IRE)",2020,GELDING,"Claire Dyson",H:0,H:0,H:36,H:0,H:x,H:x
"AS LEGENDS HAVE IT (GB)",2019,GELDING,"Ben Pauling",S:122,S:118,S:103,S:0,S:116,H:118
"AS TEARS GO BY (GB)",2018,GELDING,"Mrs H. S. Jeffreys",S:62,S:94,S:84,S:90,S:96,S:102
"AS THE FELLA SAYS (IRE)",2019,GELDING,,S:125,S:124,S:109,S:116,S:115,H:0
"ASA (FR)",2019,FILLY,"Philip Kirby",H:86,S:99,S:102,H:100,H:92,H:90
"ASADJUMEIRAH (GB)",2018,GELDING,"Antony Brittain",T:35,A:41,A:44,A:44,A:51,A:44
"ASCENDING STAR (IRE)",2023,GELDING,"Owen Burrows",T:x,T:x,T:x,-,-,-
"ASCENSION DAY (IRE)",2017,GELDING,,H:61,H:64,H:67,H:0,H:58,H:0
"ASENSE (GB)",2019,FILLY,,A:12,T:35,T:44,T:44,T:22,A:45
"ASFOORA (AUS)",2018,FILLY,"Lemos De Souza",T:78,T:87,T:114,T:102,T:103,T:110
"ASGARD'S CAPTAIN (IRE)",2020,GELDING,"Dylan Cunha",T:92,T:81,A:89,T:91,T:86,T:72
"ASH WEDNESDAY (GB)",2021,GELDING,"Heather Main",A:58,A:71,A:73,A:69,A:66,T:68
"ASHARIBA (FR)",2021,FILLY,"David Menuisier",T:95,A:91,T:90,T:93,A:87,A:81
"ASHDOWN FOREST (IRE)",2022,GELDING,"Dan Skelton",T:1,T:63,T:67,H:87,H:91,H:90
"ASHEN (IRE)",2022,GELDING,"Jim Goldie",T:67,T:62,T:56,A:61,A:62,T:55
"ASHFORD HILL (GB)",2021,FILLY,"Dominic Ffrench Davis",A:43,A:34,A:45,A:49,T:32,M:30
"ASHNAK (FR)",2022,GELDING,"David O'Meara",T:87,T:87,T:83,-,-,-
"ASHPRIORS (GB)",2022,FILLY,"Philip Hobbs & Johnson White",H:x,H:x,H:x,-,-,-
"ASIA FORCE (IRE)",2023,COLT,"K. R. Burke",T:x,A:x,A:x,-,-,-
"ASIAN JOURNEY (IRE)",2021,GELDING,"Sam England",T:56,T:59,T:60,A:62,A:62,A:62
"ASIAN SPICE (GB)",2018,FILLY,"Jimmy Frost",H:46,S:0,S:0,S:49,H:96,H:68
"ASINARA (GB)",2021,FILLY,"Charles Hills",T:77,T:73,T:71,T:73,T:67,T:65
"ASK A SAINTE (GB)",2020,GELDING,"Olly Murphy",H:99,H:x,H:x,H:x,N:x,N:x
"ASK BREWSTER (IRE)",2019,GELDING,"Mrs C. Williams",S:115,S:135,S:121,S:128,S:121,S:112
"ASK HER OUT (IRE)",2018,FILLY,"Richenda Ford",H:55,H:77,H:72,H:73,H:0,H:81
"ASK PETER (FR)",2019,FILLY,"Anthony Honeyball",H:68,H:77,H:85,H:x,H:x,H:81
"ASLUKGOES (GB)",2018,GELDING,"Mickey Bowen",H:99,H:62,H:78,H:104,H:0,H:x
"ASMEN WARRIOR (IRE)",2022,GELDING,"James Owen",T:92,T:82,T:88,A:88,T:58,T:86
"ASMERALDA (IRE)",2023,FILLY,,T:88,A:x,-,-,-,-
"ASPECT ISLAND (GB)",2023,COLT,"James Owen",T:100,T:106,T:106,T:97,A:x,T:x
"ASPIRAL (GB)",2023,FILLY,"K. R. Burke",T:77,T:86,T:x,T:x,T:x,-
"ASPIRE TO GLORY (IRE)",2021,GELDING,"Dylan Cunha",A:33,A:41,A:32,A:57,A:18,A:55
"ASPULL (GB)",2022,GELDING,"Clive Cox",T:44,A:72,T:x,T:x,T:x,-
"ASSAIL (IRE)",2020,GELDING,"David Simcock",A:83,A:76,A:78,A:86,A:82,T:87
"ASSARANCA (IRE)",2023,FILLY,"Richard Hannon",T:79,T:71,T:60,T:72,T:72,T:48
"ASSASSINS LULLABY (IRE)",2017,GELDING,"Mrs Janet Ackner",H:74,H:0,H:86,-,-,-
"ASSERTIVE WALK (IRE)",2020,GELDING,,H:110,H:85,H:x,H:x,N:x,-
"ASSORDA (FR)",2020,FILLY,"John Wainwright",H:79,H:81,H:80,H:77,H:0,H:0
"ASSURED (GB)",2021,FILLY,"Tom Gretton",T:34,T:31,T:58,T:57,T:52,A:x
"ASTA LA VISTA (GB)",2021,GELDING,,H:95,H:83,H:x,H:x,H:x,N:x
"ASTEVERDI (GB)",2021,FILLY,"James Owen",T:71,T:77,T:39,T:62,T:77,T:79
"ASTRACORNUS (GB)",2023,GELDING,"David Menuisier",T:x,T:x,A:x,-,-,-
"ASTRAZAR (IRE)",2023,GELDING,"Ed Walker",T:74,T:75,T:86,T:x,T:87,T:x
"ASTRO KING (IRE)",2017,GELDING,"Daniel & Claire Kubler",T:69,T:101,T:96,T:100,T:109,T:112
"ASTROLOGICAL (GB)",2023,COLT,"Marco Botti",A:x,A:x,-,-,-,-
"ASTRONOMIC VIEW (GB)",2017,GELDING,"Susan Gardner",S:0,H:0,S:74,S:106,S:108,S:102
"AT SUNRISE (GB)",2021,FILLY,"David Weston",H:x,H:x,H:x,N:x,N:x,-
"AT THE OCHE (IRE)",2021,GELDING,"Dan Skelton",H:108,H:106,H:106,H:101,H:104,H:x
"ATA RANGI (IRE)",2021,GELDING,"Ed Walker",T:89,T:75,T:82,T:72,T:87,T:84
"ATALANTA BREEZE (GB)",2016,FILLY,,T:50,A:52,T:57,T:16,A:61,T:63
"ATALANTA MIST (GB)",2023,FILLY,"Marcus Tregoning",T:50,T:54,T:48,A:x,A:x,T:x
"ATASER (GB)",2018,GELDING,"T. J. Kent",A:59,T:60,T:58,A:49,T:56,T:55
"ATHAIR MOR (IRE)",2019,GELDING,"Paul Robson",S:94,S:92,S:92,S:93,S:81,H:94
"ATHENA'S DREAM (GB)",2022,FILLY,"Harriet Dickin",H:86,H:76,H:74,H:x,H:x,H:x
"ATHENA'S WAR (IRE)",2023,FILLY,,A:x,T:x,T:x,A:x,-,-
"ATHENEUM (IRE)",2021,GELDING,"Philip Kirby",A:54,A:30,-,-,-,-
"ATHENIAN SPIRIT (IRE)",2023,GELDING,"William Knight",A:55,A:55,A:55,A:52,A:56,A:43
"ATHERSTONE WARRIOR (IRE)",2022,GELDING,"Gary & Josh Moore",T:97,T:94,T:94,T:85,T:75,T:71
"ATHOLLBLAIR BOY (IRE)",2013,GELDING,,A:49,A:39,A:49,A:14,A:46,A:41
"ATLANTA BRAVE (IRE)",2018,GELDING,"Kerry Lee",S:67,S:97,H:61,H:93,S:0,S:0
"ATLANTIC CITY (GB)",2021,FILLY,"Olly Murphy",H:112,H:110,H:x,-,-,-
"ATLANTIC LAD (GB)",2020,GELDING,"Donald McCain",H:x,H:x,H:x,H:x,H:x,H:x
"ATLANTIC POWER (IRE)",2020,GELDING,"Richenda Ford",H:0,H:0,H:79,H:74,H:72,H:74
"ATLANTIC SUNSET (IRE)",2022,GELDING,"Micky Fenton",T:6,T:53,A:15,A:66,A:57,A:61
"ATLANTIS BLUE (GB)",2019,FILLY,"George Baker",A:68,A:72,T:62,T:15,T:75,T:75
"ATLAS MOUNTAIN (IRE)",2023,GELDING,"Alan King",T:x,T:x,T:x,-,-,-
"ATMOSPHERE (GB)",2022,GELDING,"Richard Spencer",A:73,A:73,A:68,A:72,A:71,T:41
"ATOMIC FORCE (IRE)",2019,GELDING,"Edward Bethell",T:90,T:76,A:94,A:88,A:68,A:86
"ATOMIC MASS (IRE)",2022,GELDING,,A:54,A:39,A:48,A:53,A:53,A:53
"ATREIDES (IRE)",2018,GELDING,"Neil Mulholland",S:94,S:102,S:0,S:102,S:99,S:94
"ATTENTION SEEKER (IRE)",2023,GELDING,"Brian Ellison",T:54,T:37,A:0,A:49,A:55,T:64
"ATTICUM (GB)",2023,COLT,"Robert Cowell",T:83,T:x,T:x,A:x,-,-
"AU PLAISIR (FR)",2021,GELDING,"Rebecca Menzies",H:83,H:x,H:x,H:x,N:x,-
"AUBURN AVENUE (IRE)",2021,FILLY,"John & Rhys Flint",-,-,-,-,-,-
"AUDACIOUS ANNIE (GB)",2019,FILLY,"Jamie Snowden",H:80,H:106,H:111,H:113,H:102,H:101
"AUDERE (GB)",2023,FILLY,"Dean Ivory",A:23,A:37,A:32,T:x,A:x,A:x
"AUDIENCE (GB)",2019,GELDING,"David O'Meara",T:72,T:98,T:105,T:106,T:104,T:100
"AUGUST SPRING (GB)",2022,GELDING,,T:x,A:x,A:x,N:x,-,-
"AUGUSTUS GLOOP (GB)",2023,COLT,"James Fanshawe",A:77,A:75,A:84,A:x,A:x,A:x
"AUKUS (IRE)",2023,FILLY,"Ralph Beckett",T:x,T:x,A:x,-,-,-
"AULD TOON LOON (IRE)",2019,GELDING,"Tom Dascombe",T:97,T:90,T:97,T:0,T:88,T:96
"AULIS (GB)",2021,GELDING,"Tina Jackson",A:86,A:86,T:77,T:75,T:76,T:70
"AUNTIE JO (GB)",2022,FILLY,"David O'Meara",T:52,T:44,T:47,A:46,A:47,A:53
"AUNTIE MAGGIE (IRE)",2019,FILLY,"Alastair Ralph",S:91,H:77,S:82,S:70,H:92,H:85
"AURELUNE (IRE)",2023,FILLY,"Richard & Peter Fahey",T:27,T:x,A:x,A:x,-,-
"AURIC (IRE)",2021,GELDING,,A:32,A:28,T:12,T:60,T:74,A:x
"AURIGNY MILL (FR)",2017,GELDING,"Robert Walford",H:96,H:138,H:133,S:0,H:96,H:121
"AURORA MAJESTY (IRE)",2022,GELDING,"Archie Watson",T:74,T:92,T:89,T:88,A:76,T:72
"AURORA'S DOUBLESIX (IRE)",2022,FILLY,"Brian Rothwell",T:x,T:0,T:0,T:x,A:0,A:21
"AUSPICIOUS (GB)",2023,GELDING,"Nigel Tinkler",T:53,T:52,T:37,A:49,A:44,A:51
"AUSTRIAN THEORY (IRE)",2019,GELDING,"Tim Easterby",T:64,T:59,T:74,T:77,T:80,T:46
"AUTHENTIC CHARM (GB)",2023,COLT,,T:64,T:x,T:x,T:x,-,-
"AUTHENTIC LEGACY (GB)",2020,GELDING,"Gary & Josh Moore",H:126,S:109,H:x,H:118,H:109,H:112
"AUTHOCELTIC (FR)",2020,GELDING,"Mrs Jane Williams",S:116,S:95,S:113,S:111,H:x,H:x
"AUTHODIDACTE (FR)",2020,FILLY,"Venetia Williams",H:114,H:127,H:x,-,-,-
"AUTHORISED SPEED (FR)",2017,GELDING,"Gary & Josh Moore",S:124,H:134,S:0,S:132,S:137,H:x
"AUTHORIZED MISSION (GB)",2020,GELDING,"Nicky Richards",H:110,H:100,H:118,H:114,H:72,H:94
"AUTONOMOUS CLOUD (IRE)",2016,GELDING,,S:101,S:97,S:0,S:104,H:120,H:97
"AUTUMN AFFAIR (IRE)",2023,FILLY,"Harry Eustace",A:44,A:75,A:x,A:x,A:x,-
"AUTUMN ANGEL (IRE)",2019,FILLY,"Tony Carroll",T:51,A:39,A:48,A:48,A:42,A:40
"AUTUMN FESTIVAL (GB)",2019,GELDING,,T:16,T:23,T:37,T:50,T:44,A:31
"AUTUMN ROSE (IRE)",2021,FILLY,,T:67,T:65,T:64,T:55,T:53,T:53
"AUTUMN'S BREEZE (IRE)",2021,FILLY,"Gary & Josh Moore",T:0,T:62,T:70,T:72,T:63,T:72
"AVADA KEDAVRA (IRE)",2019,GELDING,"David Bridgwater",H:97,H:104,H:99,H:94,H:86,H:78
"AVALON MILL MEHMAS (GB)",2022,FILLY,"Nick Kent",A:x,A:x,A:x,-,-,-
"AVATAR JET (IRE)",2021,GELDING,"Declan Carroll",A:64,A:67,T:31,-,-,-
"AVICENNA (IRE)",2023,COLT,"Roger Varian",T:67,T:105,T:103,T:x,-,-
"AVIEMORE (GB)",2021,GELDING,,H:77,H:86,H:92,T:71,H:0,H:119
"AVISPADO (IRE)",2023,GELDING,"David Menuisier",A:x,A:x,T:x,-,-,-
"AWAAFI (GB)",2023,FILLY,,T:70,T:75,T:80,T:x,T:x,-
"AWAKEN (IRE)",2023,FILLY,"George Boughey",T:82,T:101,T:64,T:x,T:102,T:x
"AWAY FOR THE NIGHT (IRE)",2019,GELDING,,S:97,S:96,S:92,H:89,H:25,H:72
"AWAYTHELAD (IRE)",2017,GELDING,"Ben Pauling",S:0,S:111,S:0,S:81,S:120,S:115
"AWORKINPROGRESS (IRE)",2019,GELDING,"Nick Gifford",S:0,S:128,S:91,S:124,S:121,S:114
"AWRAAD (IRE)",2023,FILLY,"Gemma Tutty",T:44,T:66,T:54,T:84,T:75,T:71
"AXEL BLEUE (GB)",2020,GELDING,"Mickey Bowen",S:89,H:x,H:0,H:x,H:x,N:x
"AY GEE ELL (IRE)",2022,GELDING,"Richard & Peter Fahey",T:36,T:67,T:52,A:71,A:72,A:73
"AY UP DUCK (GB)",2023,GELDING,"Michael Appleby",T:64,T:72,A:x,A:x,A:x,-
"AYE UP TOM (GB)",2022,GELDING,,A:41,A:28,A:26,T:x,T:x,A:x
"AYLIN (IRE)",2023,FILLY,"K. R. Burke",T:108,T:99,T:x,T:x,-,-
"AYR POET (GB)",2015,GELDING,"Jim Goldie",T:55,T:74,T:52,T:72,T:49,T:63
"AYYADIEH (IRE)",2021,GELDING,"Donald McCain",H:93,H:x,H:x,H:x,-,-
"AZAHARA PALACE (GB)",2020,FILLY,"Adrian Keatley",T:62,H:0,H:107,H:113,H:x,H:x
"AZANIYA (IRE)",2022,FILLY,"Owen Burrows",T:90,T:91,T:95,T:x,A:x,A:x
"AZLEET (GB)",2023,FILLY,"Stuart Williams",T:76,T:105,T:92,T:87,T:63,T:81
"AZOF DES MOTTES (FR)",2017,GELDING,"George Bewley",H:0,S:0,S:0,S:83,S:63,S:0
"AZUCENA (IRE)",2020,FILLY,,A:45,A:59,A:56,A:59,A:54,A:46
"AZUINTHEJUNGLE (GB)",2022,GELDING,"Nigel Tinkler",T:55,T:58,T:62,T:66,T:75,T:74
"AZURA (GB)",2022,FILLY,,A:x,T:x,A:x,-,-,-
"AZURE ANGEL (GB)",2020,FILLY,"Edward Bethell",T:96,T:98,A:78,A:92,T:82,T:77
"AZURE ZAIN (FR)",2022,GELDING,"Richard & Peter Fahey",T:76,A:53,A:66,T:75,T:76,T:69
"B ASSOCIATES (IRE)",2020,GELDING,,T:58,T:0,A:60,T:60,T:56,T:54
"BAANDEE (GB)",2023,FILLY,,T:x,A:x,A:x,A:x,-,-
"BABA REZA (GB)",2018,GELDING,"Julie Camacho",A:64,A:61,A:71,T:59,T:56,T:52
"BABY ROVER (IRE)",2022,FILLY,"Katie Scott",T:36,T:40,T:9,A:14,T:49,T:47
"BABY SAGE (GB)",2018,FILLY,,S:85,S:97,S:0,H:103,H:110,H:98
"BABYCHINO (IRE)",2022,FILLY,"Alexander Gibbons",H:73,H:0,H:79,H:x,H:x,H:x
"BABYKEN (FR)",2022,GELDING,"Paul Nicholls",H:x,H:x,H:x,H:0,-,-
"BACK BEFORE DARK (GB)",2021,FILLY,"Andy Irvine",A:35,A:25,A:37,A:42,T:58,T:0
"BACK FROM DUBAI (IRE)",2017,GELDING,"Roy Bowring",T:49,T:52,A:47,T:35,A:39,A:51
"BACK IN BLACK (IRE)",2022,GELDING,"James Fanshawe",T:94,T:94,A:93,T:94,T:94,T:90
"BACK IN THE BAY (IRE)",2019,FILLY,"James Owen",H:80,H:71,H:104,H:100,H:x,H:x
"BACK ON TRACK (IRE)",2020,GELDING,"Lawney Hill",H:x,H:x,H:x,-,-,-
"BACK TO BLACK (GB)",2023,FILLY,"George Baker",T:10,A:x,T:x,T:x,-,-
"BACK TO ME (IRE)",2023,GELDING,"Ben Haslam",T:85,T:78,A:x,-,-,-
"BACK TOMORROW (GB)",2020,FILLY,,A:32,A:20,A:48,A:30,A:36,A:36
"BACKER BILK (GB)",2022,GELDING,"David Killahena & Graeme McPherson",H:x,H:x,H:x,A:39,A:29,A:58
"BACKFIRE (GB)",2023,FILLY,"Scott Dixon",A:45,A:42,A:42,A:22,A:x,A:x
"BACKSPIN (IRE)",2022,GELDING,"Gemma Tutty",T:51,T:75,A:71,A:75,A:75,A:71
"BAD (FR)",2019,GELDING,"Ben Pauling",S:125,S:142,S:143,S:133,S:144,S:144
"BAD HABITS (IRE)",2022,GELDING,"Ruth Carr",A:56,A:56,A:40,A:53,A:53,A:45
"BADENTAGGART (IRE)",2019,GELDING,,S:0,H:0,H:81,H:x,H:x,H:x
"BADOSA (IRE)",2021,FILLY,,A:19,A:20,A:32,A:35,A:29,A:35
"BADRI (GB)",2017,GELDING,"Michael Herrington",T:90,T:81,A:57,A:87,A:85,A:91
"BAGGIE BOY (GB)",2023,GELDING,,A:38,A:x,A:x,A:x,-,-
"BAGHEERA GINGE (GB)",2018,GELDING,"Nigel & Willy Twiston-Davies",S:123,S:0,S:120,S:113,S:113,H:61
"BAHADUR (GB)",2022,COLT,"S. P. C. Woods",T:94,T:88,A:86,A:91,A:90,A:x
"BAHATI BAHATI (IRE)",2020,GELDING,"Gordon Treacy",H:x,H:x,H:x,H:x,-,-
"BAHTIYAR (FR)",2018,GELDING,"Max Young",S:80,S:80,S:80,S:82,S:72,S:69
"BAIKAL (USA)",2022,FILLY,,A:50,A:69,A:72,A:76,A:x,A:x
"BAILEYS KHELSTAR (FR)",2020,GELDING,"Charlie Johnston",T:73,A:78,T:48,T:78,T:83,T:80
"BAILEYS ONTHEROCKS (GB)",2023,FILLY,"Tony Carroll",T:34,A:38,A:49,A:30,A:47,A:59
"BAILEYS WARRIOR (GB)",2018,FILLY,"Thomas Faulkner",A:40,A:48,A:46,A:50,A:40,A:54
"BAJAN BANDIT (GB)",2020,GELDING,"Patrick Morris",A:45,A:61,A:64,A:65,A:50,A:67
"BAJAN BLUE (GB)",2021,FILLY,,A:31,A:38,A:57,A:x,A:x,-
"BAKER BLUE (GB)",2023,GELDING,"Dylan Cunha",A:96,A:86,A:89,A:82,A:x,-
"BALBOA (GB)",2020,GELDING,"Seamus Mullins",H:99,H:112,H:106,H:91,H:106,H:107
"BALDOMERO (IRE)",2018,GELDING,"Michael Appleby",T:82,T:61,A:79,A:89,A:92,A:90
"BALDOSA (IRE)",2023,FILLY,"Nigel Tinkler",T:43,T:42,T:17,A:52,A:54,T:43
"BALGOWAN (IRE)",2019,GELDING,"Seamus Mullins",T:55,A:56,A:54,A:52,T:44,M:56
"BALI BODY (IRE)",2015,GELDING,,S:102,S:0,S:75,S:0,S:0,S:118
"BALKARDY (FR)",2017,GELDING,"Mrs C. Williams",S:0,S:0,H:92,H:92,H:110,S:107
"BALKING (FR)",2018,GELDING,"Dianne Sayer",H:101,H:86,H:105,H:x,H:x,H:x
"BALLARAT BERTIE (GB)",2022,GELDING,,A:22,A:32,A:41,T:38,A:26,A:41
"BALLELA BLAZE (IRE)",2018,GELDING,"Thomas Gallagher",H:84,H:89,H:89,H:76,H:69,H:x
"BALLERINA BOXER (IRE)",2018,FILLY,"Nikki Evans",H:9,H:53,H:0,-,-,-
"BALLIN BAY (IRE)",2018,GELDING,"Rebecca Menzies",H:92,S:105,H:108,H:98,H:95,H:0
"BALLINTUBBER BOY (IRE)",2017,GELDING,"Nigel & Willy Twiston-Davies",H:94,H:122,H:122,S:103,S:100,S:125
"BALLISTIC MISSILE (IRE)",2023,COLT,,A:91,T:84,T:88,T:81,T:x,-
"BALLITORE (IRE)",2022,GELDING,,A:23,T:39,T:56,T:47,A:39,T:x
"BALLON ROUGE (GB)",2023,FILLY,"Ed Dunlop",A:45,A:40,T:x,T:x,A:x,-
"BALLSGROVE BOY (GB)",2022,GELDING,,A:41,A:48,A:49,A:51,A:42,T:42
"BALLYBAY (IRE)",2017,GELDING,"Murty McGrath",S:70,H:67,S:0,H:0,H:x,H:x
"BALLYBAYMOONSHINER (FR)",2018,GELDING,"Murty McGrath",A:47,A:25,T:54,A:55,A:50,A:53
"BALLYBEEN (IRE)",2016,GELDING,,S:0,S:0,S:61,S:76,S:0,S:90
"BALLYBREEZE (GB)",2016,GELDING,"Samuel Drinkwater",S:109,S:99,S:102,S:116,S:113,S:105
"BALLYBUNION (IRE)",2023,GELDING,"Michael Bell",T:53,T:x,T:x,T:x,-,-
"BALLYCAMUS (IRE)",2017,GELDING,"Nigel & Willy Twiston-Davies",S:109,S:122,S:126,S:105,S:123,S:126
"BALLYDANGAN (IRE)",2017,GELDING,"Hugh Burns",S:0,S:51,S:0,S:81,S:85,S:73
"BALLYDISCO (IRE)",2017,GELDING,"Tom Lacey",S:100,S:0,S:106,S:103,S:104,S:110
"BALLYEASTON (IRE)",2020,GELDING,,H:x,H:x,H:x,H:x,H:x,N:x
"BALLYFINN (IRE)",2018,GELDING,"Anthony Honeyball",S:85,S:105,S:91,S:95,S:87,S:100
"BALLYFORT (IRE)",2018,GELDING,"N. W. Alexander",S:106,S:106,S:83,S:104,S:99,S:104
"BALLYGEARY (IRE)",2017,GELDING,"Mike Sowersby",H:99,H:90,H:110,H:97,H:102,H:106
"BALLYGELLY (IRE)",2018,FILLY,"Emma-Jane Bishop",S:70,S:27,S:73,S:0,S:73,S:0
"BALLYHIHO (IRE)",2020,FILLY,"D. J. Jeffreys",S:96,S:43,H:81,H:95,H:96,H:92
"BALLYKINLAR (IRE)",2019,GELDING,"Mickey Bowen",H:127,H:126,-,-,-,-
"BALLYLICKY BAY (IRE)",2020,FILLY,"Kevin Pickard",H:85,H:79,H:x,H:x,H:x,N:x
"BALLYLINCH (IRE)",2017,GELDING,,S:0,S:51,S:42,S:97,S:95,S:84
"BALLYMACKIE (IRE)",2018,GELDING,"Olly Murphy",S:115,S:108,S:88,S:75,S:107,S:103
"BALLYMOREEN (IRE)",2020,FILLY,"Emma Lavelle",H:x,H:x,H:x,-,-,-
"BALLYNAHEER (IRE)",2019,GELDING,"David Dennis",S:95,S:89,S:107,S:72,S:105,S:100
"BALLYNOE BOY (IRE)",2020,GELDING,"Nicky Richards",H:93,H:91,H:x,H:x,H:x,N:x
"BALLYNORTH (FR)",2020,FILLY,"Ben Pauling",H:0,H:0,H:x,H:x,H:x,-
"BALLYWOOD (FR)",2014,GELDING,"Georgie Howell",S:70,S:72,S:83,S:39,S:70,S:55
"BALMACARA (GB)",2021,GELDING,"Eve Johnson Houghton",T:105,T:73,T:72,T:103,T:70,T:97
"BALMERINO (GB)",2022,GELDING,,T:35,T:51,T:48,T:59,T:x,T:x
"BALMORAL BOY (IRE)",2023,GELDING,"Nigel Tinkler",T:52,T:x,A:x,A:x,-,-
"BALMORAL LADY (IRE)",2021,FILLY,,T:65,T:78,T:80,T:99,T:102,T:97
"BALON D'OR (GB)",2021,GELDING,"Simon Dow",A:53,A:53,A:56,A:55,A:64,T:62
"BALOO'S BLUES (GB)",2022,GELDING,"Charles Hills",A:48,A:61,A:60,A:61,T:66,T:x
"BALQAA (GB)",2018,FILLY,"Tony Culhane & Stella Barclay",T:37,A:50,A:48,A:52,A:38,A:43
"BALRANALD (FR)",2016,GELDING,"Alison Hamilton",H:35,H:55,H:62,H:50,H:72,H:62
"BALTHAMOS (GB)",2023,GELDING,,A:72,A:73,A:74,A:66,T:70,T:77
"BALTIC (GB)",2020,GELDING,"Lucy Wadham",A:48,T:62,T:80,T:70,A:85,T:6
"BALTIC FLEET (IRE)",2023,GELDING,"George Boughey",A:84,T:84,T:x,T:x,T:x,-
"BALTIC VOYAGE (GB)",2020,GELDING,"Marcus Tregoning",A:0,T:52,T:74,H:76,H:69,H:x
"BALTRAY (IRE)",2018,GELDING,"Emma Lavelle",H:103,H:91,H:0,H:111,H:100,H:105
"BALZAC (GER)",2023,COLT,"Jane Chapple-Hyam",T:97,T:97,A:x,T:x,-,-
"BAMA LAMA (GB)",2018,FILLY,"Rod Millman",T:24,T:15,T:38,T:40,T:43,T:48
"BAMBALAM (FR)",2022,GELDING,,A:79,A:75,T:x,T:x,T:x,T:x
"BAMBER (IRE)",2020,GELDING,"Alan King",H:x,H:x,H:x,N:x,N:x,-
"BAMBURGH (IRE)",2021,GELDING,,A:76,A:67,T:76,T:77,T:78,T:73
"BAMI (IRE)",2023,FILLY,"Tom Dascombe",A:70,A:x,A:x,T:x,-,-
"BAMPTON STAR (GB)",2017,GELDING,,H:67,S:0,S:0,S:99,S:90,S:100
"BANANA (GB)",2019,FILLY,"Scott Dixon",T:26,A:50,A:43,A:41,T:50,A:29
"BANDELLO (GB)",2021,GELDING,"Jennie Candlish",A:33,A:30,A:49,A:45,T:48,T:46
"BANDERAS (IRE)",2020,GELDING,"Sam England",H:117,H:103,H:93,T:73,H:x,H:x
"BANDJO (FR)",2022,GELDING,"Georgina Nicholls",H:120,H:116,-,-,-,-
"BANG ON THE BELL (GB)",2019,GELDING,"J. R. Jenkins",T:55,A:38,T:55,A:52,A:41,A:48
"BANK ON FRANK (GB)",2018,GELDING,"Ben Pauling",S:0,S:110,S:100,H:94,H:40,H:x
"BANKSMAN (GB)",2022,GELDING,"Sheena West",T:45,H:0,A:33,A:40,H:63,H:x
"BANTZ (IRE)",2022,GELDING,"Alan Brown",T:42,T:32,A:19,A:25,A:53,T:57
"BANYAN (GB)",2022,FILLY,,A:x,T:x,-,-,-,-
"BAPTISM OF FIRE (IRE)",2015,GELDING,"Kevin Hunter",S:0,S:58,S:0,H:0,H:0,H:0
"BARAFUNDLE BAY (GB)",2021,FILLY,"Christian Williams",H:57,H:x,H:x,A:51,A:55,T:0
"BARAK WARRIOR (IRE)",2023,COLT,"James Keane",T:x,T:x,T:x,-,-,-
"BARATABLET (IRE)",2020,GELDING,"Nicky Richards",H:103,H:114,H:119,H:120,H:113,H:109
"BARBIE GIRLZ (IRE)",2018,FILLY,,H:x,H:68,H:0,H:x,H:x,H:x
"BARBUDA BAY (GB)",2023,FILLY,"Roger Teal",A:x,A:x,T:65,A:x,-,-
"BARBURY BOY (GB)",2023,GELDING,"Alan King",T:66,T:69,A:x,T:x,T:x,-
"BARDENAS (GB)",2021,GELDING,"Oliver Signy",H:x,H:x,-,-,-,-
"BARDENSTOWN LAD (GB)",2015,GELDING,"Warwick Ryan-Beswick",H:0,H:0,H:0,H:0,H:98,H:128
"BAREFOOT BEACH (IRE)",2023,FILLY,"Richard Hannon",A:82,A:84,A:x,A:x,-,-
"BARENBOIM (GB)",2018,GELDING,"Tom Dascombe",A:66,A:77,A:79,A:78,A:73,A:77
"BARGAIN HUNTER (IRE)",2021,GELDING,"D. J. Jeffreys",H:x,H:x,H:x,N:x,N:x,-
"BARLEY (IRE)",2019,GELDING,"Tim Easterby",T:68,T:64,T:49,T:49,T:61,T:67
"BARLEYBROWN (GB)",2020,GELDING,"Ruth Carr",T:45,T:50,A:53,A:57,A:59,A:57
"BARLOVENTO (IRE)",2019,GELDING,"Olly Murphy",S:129,S:113,S:111,S:126,S:124,H:x
"BARMYBLADE (IRE)",2022,GELDING,"Tim Easterby",T:39,T:8,T:46,T:46,T:38,T:35
"BARNEY'S BAY (GB)",2018,GELDING,"Derek Shaw",A:24,A:34,A:36,A:42,A:38,A:41
"BARNSNAPE BOY (GB)",2021,GELDING,"Jim Boyle",T:31,T:41,T:35,T:44,T:28,T:54
"BARNSO (GB)",2021,GELDING,"Alan King",T:46,T:94,T:99,-,-,-
"BARON NOIR (IRE)",2020,GELDING,"Alan King",H:x,H:x,H:x,H:x,H:x,N:x
"BARON WAGSTAFF (GB)",2023,COLT,"Richard Phillips",A:x,T:x,A:x,-,-,-
"BARRAKILLA VAGE (IRE)",2019,GELDING,"Stuart Coltherd",H:68,H:0,H:x,-,-,-
"BARRISTER (GB)",2023,COLT,"Richard Hannon",A:x,T:x,A:x,-,-,-
"BARRY FIFE (IRE)",2019,GELDING,"Gary Hanmer",H:70,H:x,H:x,H:x,N:x,N:x
"BARRY THE WORM (GB)",2023,GELDING,"Edward Smyth-Osbourne",A:50,A:60,A:57,A:44,A:56,T:x
"BARRY'S BOY (IRE)",2022,GELDING,"Denis Coakley",T:69,A:73,A:70,A:70,A:68,T:11
"BARTON SNOW (IRE)",2017,GELDING,"J. J. O'Shea",H:146,H:145,H:142,H:127,H:127,H:122
"BASED (IRE)",2023,GELDING,"William Knight",T:23,A:55,A:x,A:x,A:x,-
"BASHFUL BOY (IRE)",2016,GELDING,"David Pipe",T:63,A:65,A:67,A:70,A:69,A:72
"BASHOLO (IRE)",2019,FILLY,"Tony Culhane & Stella Barclay",A:48,A:35,A:52,A:58,A:56,A:50
"BASILETTE (IRE)",2019,FILLY,"Seamus Mullins",T:51,T:55,T:40,H:94,H:100,H:94
"BASS PLAYER (IRE)",2019,GELDING,"Kevin & Lauren Frost",T:30,A:42,A:64,A:64,A:59,A:66
"BASSADANZA (GB)",2022,FILLY,,A:21,T:63,T:38,T:64,T:86,A:x
"BASSENTHWAITE (GB)",2023,GELDING,"Clive Cox",A:66,A:92,T:67,T:x,T:x,T:x
"BATAILLON (GB)",2018,GELDING,"Philip Hobbs & Johnson White",S:102,S:90,S:106,S:103,S:83,H:76
"BATED BREEZE (IRE)",2021,GELDING,"Gary & Josh Moore",T:32,T:46,T:48,A:43,T:46,T:46
"BATHARA (FR)",2021,GELDING,"Jonjo & A.J. O'Neill",H:x,H:x,H:x,N:x,N:x,N:x
"BATHGATE (GB)",2020,GELDING,"Philip Kirby",H:100,H:91,H:115,H:109,H:101,H:104
"BATTENBURG BELLE (IRE)",2023,FILLY,"Rebecca Menzies",T:50,T:50,T:41,T:38,T:50,A:x
"BATTLE APPLE (GB)",2023,COLT,"Richard Hannon",T:x,T:81,T:x,-,-,-
"BATTLE POINT (IRE)",2019,GELDING,"Michael Attwater",T:33,A:33,A:42,A:43,A:40,T:34
"BATTLE STANDARD (GB)",2023,COLT,"Jack Morland",A:x,A:x,A:x,-,-,-
"BATTOSAI (IRE)",2023,COLT,"Brian Meehan",T:72,T:57,T:x,T:x,T:x,-
"BATWOMEN (IRE)",2018,FILLY,"Neil Mulholland",S:113,S:108,S:112,S:111,H:107,H:117
"BAVARIA IRON (FR)",2019,GELDING,,A:27,A:7,A:32,A:49,T:24,T:33
"BAY BREEZE (GB)",2019,GELDING,"Tim Easterby",T:50,T:49,T:15,T:69,T:55,T:33
"BAY CITY ROLLER (IRE)",2022,COLT,"George Scott",T:117,T:105,T:110,T:110,A:x,T:x
"BAY DREAM BELIEVER (IRE)",2019,FILLY,"Mark Walford",T:55,T:49,T:44,A:46,T:53,T:62
"BAY OF BRILLIANCE (GB)",2023,COLT,"Ralph Beckett",T:107,T:x,T:x,T:x,-,-
"BAY OF MYTHS (IRE)",2023,GELDING,"Dr Richard Newland & Jamie Insole",T:x,A:x,-,-,-,-
"BAY ROYALE (GB)",2023,COLT,"Harry Eustace",T:x,T:x,T:x,-,-,-
"BAYAANN (GB)",2023,COLT,"William Haggas",T:x,A:x,-,-,-,-
"BAYADERE (IRE)",2021,FILLY,,A:24,A:54,A:57,T:39,T:60,A:65
"BAYBE DRIVER (GB)",2023,GELDING,,A:47,A:49,T:41,T:x,T:x,T:x
"BAYLANDO (GB)",2022,GELDING,,T:x,T:19,A:12,A:x,T:x,T:x
"BAYNOONA (IRE)",2021,FILLY,"Susan Gardner",T:36,T:49,T:44,T:43,T:50,T:50
"BAYRAAT (GB)",2016,GELDING,"Tom Tate",T:53,T:52,A:51,T:29,T:51,T:48
"BAYRAQ ALMUHAMADIA (GB)",2023,COLT,,T:x,T:x,T:x,-,-,-
"BAZBALL (IRE)",2021,FILLY,,T:27,A:52,A:52,T:47,T:38,T:40
"BE AN ANGEL (GB)",2022,FILLY,"Rod Millman",A:49,T:58,T:58,T:59,T:65,T:64
"BE AWARE (FR)",2019,GELDING,"Dan Skelton",S:147,S:127,S:147,S:147,S:147,S:142
"BE FRANK (GB)",2020,GELDING,"Ian Williams",T:66,T:73,T:73,T:71,T:76,T:57
"BE PATIENT (GB)",2023,COLT,"Edward Bethell",A:x,A:x,-,-,-,-
"BE THE DIFFERENCE (IRE)",2016,GELDING,"Philip Kirby",H:0,H:99,H:101,H:108,H:109,H:103
"BE THE STANDARD (FR)",2023,GELDING,"Hugo Palmer",T:71,A:63,T:x,T:x,T:x,-
"BEACH PARTEE (GB)",2023,GELDING,"Scott Dixon",T:61,T:45,A:43,T:31,A:65,A:43
"BEACH POINT (IRE)",2021,GELDING,"William Knight",T:71,T:74,T:72,T:46,T:73,T:55
"BEACHBOROUGH GIRL (GB)",2022,FILLY,"Julia & Shelley Birkett",T:7,A:61,A:59,A:59,A:60,A:57
"BEACHCOMBER (FR)",2018,GELDING,"Billy Aprahamian",S:123,S:125,H:125,S:119,S:0,S:0
"BEACON EDGE (IRE)",2014,GELDING,"J. Newman",H:0,H:128,H:145,H:146,H:142,H:149
"BEAGLE BAY (FR)",2022,GELDING,"Ralph Beckett",T:89,T:x,A:x,T:x,-,-
"BEALE STREET (GB)",2021,GELDING,"Bryan Smart",T:57,A:81,A:49,A:79,A:76,A:69
"BEAMING LIGHT (GB)",2020,GELDING,"David Loughnane",T:46,A:47,A:56,A:54,A:66,A:61
"BEAR FORCE ONE (GB)",2016,GELDING,"Michael Mullineaux",A:58,T:64,T:28,T:76,T:39,T:44
"BEAR ISLAND (GB)",2022,GELDING,,A:67,A:70,T:65,A:70,A:62,T:54
"BEAR MARKET (IRE)",2019,GELDING,"Mel Rowley",H:119,H:122,H:119,H:x,H:x,H:x
"BEAR ROCK (IRE)",2021,FILLY,"Michael Mullineaux",A:66,A:65,A:71,A:70,T:0,T:36
"BEAR STEPS (USA)",2023,FILLY,"Jack Jones",T:35,A:x,A:x,A:x,-,-
"BEAR TO DREAM (IRE)",2019,FILLY,"Michael Attwater",T:46,A:55,A:52,A:42,T:50,T:50
"BEARAWAY (IRE)",2018,GELDING,"Laura Mongan",A:68,T:19,T:55,A:73,A:66,A:73
"BEARIN UP (IRE)",2023,FILLY,"Tim Easterby",T:73,T:71,T:58,T:67,T:69,T:64
"BEARISH (IRE)",2023,COLT,"Ed Dunlop",T:x,T:x,T:x,-,-,-
"BEARWITH (GB)",2018,GELDING,"Harriet Bethell",T:65,T:64,T:70,T:57,A:63,A:68
"BEARWITHUS (IRE)",2022,FILLY,,A:33,-,-,-,-,-
"BEAT BOX (FR)",2016,GELDING,"Anthony Ward-Thomas",H:0,S:109,S:129,S:122,S:107,S:115
"BEAT THE BAT (IRE)",2018,GELDING,"Harry Fry",H:125,S:131,H:135,H:133,H:129,H:134
"BEAT THE EDGE (IRE)",2017,GELDING,"Micky Hammond",S:54,S:32,S:50,S:70,S:39,S:60
"BEAT THE ODDS (GB)",2022,FILLY,"Antony Brittain",A:35,A:x,T:x,A:x,-,-
"BEAT THE RETREAT (IRE)",2019,GELDING,"N. W. Alexander",H:0,H:73,H:91,H:60,H:89,H:26
"BEATRICE SHILLING (IRE)",2021,FILLY,,T:38,T:72,T:67,A:73,A:69,A:66
"BEATTIE IS BACK (GB)",2019,GELDING,"Richard & Peter Fahey",T:56,A:76,A:74,A:72,T:73,T:76
"BEAU CHEVALIER (GB)",2023,GELDING,"Ed de Giles",T:x,A:x,T:x,-,-,-
"BEAU JARDINE (IRE)",2018,GELDING,"Rachel Cook & John Bridger",T:39,T:33,A:33,A:46,A:50,A:50
"BEAU QUALI (FR)",2020,GELDING,"Christian Williams",H:x,H:x,H:119,H:119,H:69,H:42
"BEAUFORT BREEZE (IRE)",2019,GELDING,"D. J. Jeffreys",H:x,H:x,H:x,-,-,-
"BEAUJOLAIS NOUVEAU (GB)",2022,FILLY,"Ben Haslam",T:87,A:73,T:66,T:70,T:87,T:85
"BEAUMADIER (IRE)",2020,GELDING,"Mark Loughnane",A:62,A:58,A:65,A:74,A:57,A:67
"BEAUNE (IRE)",2022,GELDING,"Bernard Llewellyn",A:52,T:44,A:60,A:56,A:51,A:50
"BEAUPORT (IRE)",2016,GELDING,"Nigel & Willy Twiston-Davies",S:0,H:127,H:0,S:153,S:108,H:137
"BEAUTIFUL DAWN (IRE)",2021,FILLY,,A:28,A:37,A:47,A:27,T:36,T:48
"BEAUTIFUL DIAMOND (GB)",2021,FILLY,"K. R. Burke",T:105,T:95,T:102,T:103,T:87,T:100
"BEAUTIFUL LOVE (IRE)",2021,FILLY,,T:99,T:95,T:97,T:106,T:88,T:x
"BEAUTIFUL THINGS (IRE)",2022,FILLY,,A:19,A:27,A:40,T:26,T:24,T:33
"BEAUTY BLOSSOM (IRE)",2022,FILLY,,T:9,A:39,T:x,T:x,T:x,-
"BEAUTY BY MY SIDE (IRE)",2022,FILLY,"Joseph Parr",A:9,A:60,A:70,A:55,A:74,T:58
"BEAUTY CHOICE (GB)",2017,GELDING,"Michael & David Easterby",T:59,T:51,A:68,A:69,A:62,A:67
"BEAUTY DESTINY (AUS)",2019,GELDING,"Edward Bethell",T:60,A:83,-,-,-,-
"BEAUTY GENERATION (IRE)",2021,GELDING,"Ross Burdon",T:50,T:55,A:57,A:44,A:58,A:73
"BEAUTY IN THE PARK (IRE)",2020,FILLY,"Paul Nicholls",H:112,H:x,H:x,H:x,N:x,N:x
"BEAUZON (GB)",2019,GELDING,"Ian Williams",A:64,A:72,A:70,A:62,A:65,A:62
"BEBSIDE (GB)",2022,GELDING,,H:0,A:33,A:43,T:0,T:28,T:42
"BECAUSE WE CAN (IRE)",2023,GELDING,"Clive Cox",A:58,A:65,A:68,A:x,A:x,T:x
"BECCADELLI (GB)",2023,GELDING,,A:85,A:x,T:x,A:x,-,-
"BECKFORD'S FOLLY (IRE)",2023,GELDING,"Charlie Appleby",T:78,T:107,T:110,A:83,T:x,T:x
"BECKON (GB)",2023,FILLY,"Susan Corbett",A:65,A:53,A:x,A:x,A:x,-
"BECTIVE ABBEY (IRE)",2018,GELDING,"Nicky Henderson",S:125,S:125,S:119,H:112,S:113,H:119
"BEDFORD (GB)",2022,GELDING,,A:11,A:47,A:51,T:x,T:x,A:x
"BEDOUIN PRINCE (IRE)",2022,GELDING,"Charlie Appleby",T:107,T:104,T:x,T:x,A:x,-
"BEE MY HONEY (IRE)",2022,FILLY,"Charles Hills",A:69,A:67,A:x,A:66,A:x,A:x
"BEE'S KISS (IRE)",2020,FILLY,"Jimmy Frost",H:55,H:x,H:x,H:x,H:x,-
"BEELZEBUB (IRE)",2020,GELDING,"Tony Carroll",A:42,A:50,A:55,A:53,A:52,A:52
"BEEP BEEP BECKY (IRE)",2021,FILLY,"Oliver Greenall & Josh Guerriero",S:59,H:64,H:x,H:x,H:x,-
"BEERWAH (IRE)",2022,GELDING,"John & Sean Quinn",T:44,T:60,T:56,T:49,T:55,T:55
"BEGGARMAN (GB)",2017,GELDING,"Hughie Morrison",A:59,T:0,T:60,T:38,A:56,A:62
"BEGIN THE LUCK (IRE)",2016,GELDING,"Daisy Hitchins",S:98,S:105,S:104,S:97,S:99,S:81
"BEHIKE (IRE)",2023,COLT,"George Scott",T:x,A:x,T:x,-,-,-
"BEL AIR FLYER (GB)",2022,FILLY,"Henry Candy",A:x,T:x,T:x,-,-,-
"BEL AMIGO (FR)",2019,GELDING,"N. W. Alexander",H:0,H:105,H:112,H:112,H:115,H:112
"BEL OMBRE (IRE)",2020,GELDING,"Neil Mulholland",H:108,H:107,H:108,H:x,H:x,H:x
"BELA SONATA (GB)",2022,FILLY,"Oliver Cole",A:72,A:25,T:85,A:x,A:x,T:x
"BELAYA RIVER (FR)",2022,GELDING,"Harry Derham",H:101,H:73,H:105,H:x,H:97,H:101
"BELCAMO (GB)",2021,GELDING,"Alex Hales",H:98,H:35,H:88,H:x,H:93,H:99
"BELGARUM (IRE)",2018,GELDING,"Joe Tizzard",H:106,H:104,H:0,S:0,S:70,S:94
"BELGRAVE (GB)",2022,GELDING,"Fred Watson",T:30,T:56,M:70,T:67,T:56,T:x
"BELGRAVIAN (IRE)",2022,GELDING,"Andrew Balding",A:94,T:89,T:96,T:96,T:86,T:80
"BELIEVE IN LIES (IRE)",2021,FILLY,"David & Nicola Barron",A:55,A:55,A:46,A:56,A:42,T:54
"BELIEVE THE STORM (IRE)",2021,GELDING,"Charlie Fellowes",A:72,T:65,A:83,A:84,A:87,T:86
"BELIEVEINMENOW (IRE)",2023,GELDING,"Nigel Tinkler",T:60,T:72,A:70,T:65,T:x,T:70
"BELIEVITANDUCAN (IRE)",2021,GELDING,"Alan King",T:84,T:77,H:104,H:100,H:123,H:123
"BELL SHOT (IRE)",2019,GELDING,"Michael Appleby",T:78,A:83,T:78,A:65,A:70,A:86
"BELLA BIANCA (GB)",2022,FILLY,,A:x,T:x,A:x,-,-,-
"BELLA BISBEE (GB)",2021,FILLY,"Scott Dixon",T:63,A:60,A:69,A:70,A:66,A:54
"BELLA DELIZIA (GB)",2023,FILLY,"Nigel Tinkler",A:23,T:63,A:x,A:x,T:x,-
"BELLA LOVE (IRE)",2022,FILLY,,A:15,A:24,A:42,A:39,A:47,A:39
"BELLA PERLA (IRE)",2022,FILLY,"Tom Clover",T:37,A:85,A:85,A:83,T:64,A:x
"BELLA'S PATH (FR)",2022,FILLY,"Charlie Pike",T:x,A:x,T:x,-,-,-
"BELLADINOTTE (IRE)",2019,FILLY,"Sara Ender",H:46,H:86,H:77,H:82,H:82,H:12
"BELLAGIO MAN (IRE)",2018,GELDING,"Antony Brittain",A:45,A:46,A:65,A:63,A:52,T:0
"BELLANEY LORD (IRE)",2016,GELDING,"W. Easterby",H:113,H:93,H:x,H:x,H:x,-
"BELLARCHI (IRE)",2021,FILLY,"Grant Tuer",T:101,T:86,T:91,T:87,A:78,A:60
"BELLASIO (IRE)",2021,GELDING,"Grant Tuer",T:34,A:58,T:66,T:65,T:65,T:63
"BELLE AMIE (SWE)",2022,FILLY,"David Simcock",T:47,A:50,A:51,A:50,A:48,T:37
"BELLE FORCE (GB)",2023,FILLY,,T:30,A:x,A:x,A:x,-,-
"BELLE LE GRAND (GB)",2019,FILLY,"Dan Skelton",H:99,H:111,H:103,H:100,H:93,H:101
"BELLE MONTROSE (IRE)",2019,FILLY,"Samuel Drinkwater",S:76,S:98,S:99,S:99,S:49,S:84
"BELLE OF KT (GB)",2021,FILLY,"J. S. Moore",A:49,A:50,A:49,A:49,A:47,A:38
"BELLING THE CAT (GB)",2023,FILLY,"Tony Coyle & Kaine Wood",T:44,A:43,T:44,A:48,A:x,T:x
"BELLINI SPIRIT (IRE)",2023,FILLY,"John & Rhys Flint",T:21,T:49,A:x,A:x,A:x,-
"BELLS OF PETERBORO (IRE)",2015,GELDING,,S:110,S:110,S:104,S:103,S:117,S:0
"BELLS OF UFFORD (IRE)",2020,GELDING,"Tim Vaughan",H:92,H:65,H:0,H:92,H:77,H:98
"BELLTONY (GB)",2022,GELDING,"Richard Price",A:x,A:x,A:x,-,-,-
"BELLUM JUSTUM (IRE)",2021,GELDING,"Andrew Balding",T:94,T:97,T:100,T:86,T:112,T:97
"BELOW THE BELT (IRE)",2021,GELDING,"Max Comley",H:81,H:95,H:x,H:x,H:x,N:x
"BELOW THE RADAR (IRE)",2018,GELDING,,H:121,H:122,H:115,H:122,S:0,H:115
"BELSITO (GER)",2020,GELDING,"Kevin Ryan",A:70,T:57,T:60,T:71,T:68,A:64
"BELTADAAY (GB)",2022,GELDING,,T:33,T:69,T:59,A:46,T:58,T:72
"BELTANE (IRE)",2019,GELDING,,A:14,A:38,T:47,T:43,T:53,T:57
"BELVEDERE BHOY (IRE)",2021,GELDING,"Lucinda Russell & Michael Scudamore",H:69,H:80,H:75,H:x,H:x,H:x
"BELVEDERE BLAST (IRE)",2018,GELDING,"Adrian Keatley",H:81,H:91,H:100,H:106,H:104,H:113
"BEMERSYDE (IRE)",2023,COLT,"Jane Chapple-Hyam",T:79,T:x,T:x,T:x,-,-
"BEN SOLO (IRE)",2019,GELDING,"Rebecca Curtis",S:127,S:0,S:0,S:127,S:123,S:103
"BENACRE (IRE)",2020,GELDING,"Charlie Johnston",T:36,T:59,T:74,T:78,A:69,A:74
"BENEFICIARY (GB)",2019,GELDING,"Liam Bailey",A:26,T:0,A:41,A:45,A:39,A:51
"BENEFIT BEN (IRE)",2018,GELDING,"Adam Nicol",S:96,S:103,H:68,H:94,S:96,S:104
"BENEVENTO (IRE)",2022,GELDING,,A:91,T:101,T:58,T:103,T:108,T:100
"BENIGN DICTATOR (IRE)",2017,GELDING,,H:120,H:103,H:103,H:116,H:124,H:92
"BENIGNITAS (IRE)",2017,FILLY,"Gordon Treacy",H:30,S:78,S:93,S:0,S:94,H:66
"BENJAMIN BRODIE (GB)",2022,GELDING,"Brian Rothwell",T:x,T:x,A:x,-,-,-
"BENMORE (IRE)",2020,GELDING,"L J Morgan",S:0,S:116,S:115,S:115,S:111,S:90
"BENNY BALOO (GB)",2017,GELDING,"Mrs C. Williams",S:52,H:49,S:59,S:52,S:87,S:74
"BENNYS JENNY (IRE)",2019,FILLY,,S:0,S:0,H:x,H:x,H:x,N:x
"BENNYWORTH (IRE)",2023,GELDING,"Jim Boyle",A:53,A:65,A:x,A:x,A:x,-
"BENTLEY ROAD (IRE)",2019,GELDING,"Stuart Coltherd",H:96,H:70,H:0,-,-,-
"BENVOY (IRE)",2021,GELDING,"Jo Davis",H:93,H:0,H:0,H:115,H:101,H:68
"BENY NAHAR (GB)",2023,COLT,,A:x,T:x,T:x,A:x,-,-
"BENY NAHAR ROAD (IRE)",2019,GELDING,"Henry Hogarth",H:96,S:0,S:112,S:113,S:113,S:113
"BEORMA (IRE)",2019,FILLY,"Dan Skelton",S:91,H:60,H:0,H:x,H:x,H:x
"BERAZ (FR)",2018,GELDING,,T:59,A:70,T:66,A:74,A:85,A:82
"BEREZKA (GB)",2022,FILLY,,A:62,A:64,T:x,T:x,T:x,-
"BERGAMO GOLD (IRE)",2023,FILLY,"Charlie Johnston",T:36,A:39,A:63,A:64,A:64,A:61
"BERGERAC (IRE)",2018,GELDING,"Kevin Ryan",T:53,T:73,T:60,T:88,T:69,T:92
"BERKENSHTAAAP (IRE)",2020,GELDING,"Olly Murphy",H:108,H:97,H:x,H:x,H:x,N:x
"BERKS AND BUCKS (IRE)",2020,GELDING,"Lucy Wadham",H:x,H:x,H:x,N:x,N:x,-
"BERKSHIRE BOOM (IRE)",2023,GELDING,"Andrew Balding",T:62,T:65,T:x,T:x,-,-
"BERKSHIRE PHANTOM (IRE)",2020,GELDING,"Fionn McSharry",A:59,A:51,T:53,A:54,T:52,A:58
"BERKSHIRE SCHMOKIN (IRE)",2023,GELDING,,T:21,T:44,A:64,A:64,A:67,A:60
"BERKSHIRE SMUDGE (IRE)",2022,GELDING,"Rebecca Curtis",H:37,H:x,H:98,H:x,T:48,T:61
"BERKSHIRE SUNDANCE (IRE)",2020,GELDING,"Andrew Balding",T:96,A:96,A:89,A:60,A:87,A:72
"BERKSHIRE WHISPER (IRE)",2022,GELDING,"Andrew Balding",T:91,T:96,A:93,A:92,A:98,A:98
"BERLINETTA (GB)",2023,FILLY,"Jack Channon",A:62,A:48,T:x,T:x,T:x,-
"BERMUDA LONGTAIL (FR)",2022,FILLY,,T:84,T:83,T:86,T:99,A:89,A:x
"BERN ROSSETTI (GB)",2022,GELDING,,T:4,T:36,T:42,T:36,T:42,T:54
"BERNALDA (GB)",2021,FILLY,,A:45,A:66,A:82,A:75,T:68,T:63
"BERNARD SPIERPOINT (GB)",2017,GELDING,,A:7,A:18,A:25,T:42,T:39,A:39
"BERNIE THE BEAR (IRE)",2020,GELDING,"Linda Perratt",T:28,T:22,A:34,A:0,A:14,A:45
"BERNING HOT (IRE)",2022,FILLY,"Michael Attwater",T:47,A:57,A:49,A:51,A:56,A:47
"BERRY CLEVER (GB)",2021,GELDING,"Chris Dwyer",T:74,T:73,T:70,A:68,A:68,A:71
"BERRY EDGE (IRE)",2018,GELDING,"Dan Skelton",H:85,H:84,H:72,H:66,H:64,T:60
"BERTIE B (GB)",2018,GELDING,"Clive Boultbee-Brooks",H:80,H:77,H:0,H:114,H:118,H:110
"BERTIE WOOSTER (IRE)",2018,GELDING,"Joe Tizzard",S:95,S:97,S:98,S:100,H:88,S:83
"BERTIE'S BALLET (GB)",2018,GELDING,"Dianne Sayer",H:98,H:77,H:117,H:107,H:120,H:122
"BERWICK LAW (FR)",2021,FILLY,"Iain Jardine",H:87,H:x,H:x,H:x,N:x,-
"BERYL'S GIRL (GB)",2023,FILLY,"Eve Johnson Houghton",T:52,T:55,T:x,T:x,T:x,-
"BESHTANI (FR)",2020,GELDING,,T:65,T:93,T:107,T:80,T:108,-
"BESONDERE (GB)",2023,FILLY,,A:x,T:x,T:x,-,-,-
"BESPOKE TAILOR (IRE)",2020,GELDING,"Oliver Signy",H:119,H:113,H:x,H:x,H:x,H:x
"BESSIE WALLIS (IRE)",2023,FILLY,"David Menuisier",T:63,A:50,A:51,A:x,A:x,T:x
"BEST MATE DAVE (GB)",2017,GELDING,"Martin Keighley",H:96,H:103,S:0,S:86,H:70,H:86
"BEST NIGHT (FR)",2021,FILLY,"David Pipe",H:83,H:89,H:99,H:101,H:99,H:97
"BEST RATE (GB)",2022,GELDING,"Richard Hannon",A:80,A:75,A:83,A:84,A:84,A:80
"BEST WOMEN (IRE)",2019,FILLY,"Alex Hales",S:106,H:96,H:50,H:x,-,-
"BETA READER (GB)",2022,GELDING,"Laura Mongan",T:57,A:45,A:49,A:60,A:59,A:48
"BETELGEUSE (IRE)",2022,GELDING,"S. P. C. Woods",T:61,A:68,A:68,A:58,A:66,T:47
"BETGOODWIN (FR)",2019,GELDING,"Chris Gordon",H:88,H:69,H:x,H:x,H:x,-
"BETHPAGE (IRE)",2018,FILLY,"Emma Lavelle",H:111,H:112,H:99,H:130,H:112,H:128
"BETSEN (GB)",2021,GELDING,"Tony Carroll",T:86,T:71,T:70,A:79,A:80,A:86
"BETTE DAVIS EYES (IRE)",2022,FILLY,,T:83,T:x,T:x,-,-,-
"BETTER (IRE)",2021,GELDING,,T:12,T:37,T:44,A:52,T:50,T:36
"BETTER AND BETTER (IRE)",2023,COLT,,T:64,T:82,A:80,T:80,T:80,T:83
"BETTER BE DEFINITE (GB)",2018,GELDING,"N. W. Alexander",H:0,H:94,H:87,H:79,H:80,H:91
"BETTER OFF ALONE (IRE)",2019,GELDING,"Martin Keighley",S:0,S:97,S:100,S:0,S:0,H:x
"BETTERFOREVERYONE (GB)",2017,GELDING,"Alan King",S:112,S:0,S:107,S:114,S:112,S:106
"BETTERYOUTHANME (IRE)",2020,GELDING,"R. Mike Smith",H:86,H:x,H:x,H:x,-,-
"BETTIES BAY (GB)",2021,FILLY,"James Owen",T:77,A:72,A:69,A:64,A:61,A:49
"BETTY BASSETT (IRE)",2022,FILLY,"Christopher Kellett",T:4,A:42,A:61,A:63,A:58,T:48
"BETTY CLOVER (GB)",2022,FILLY,"Eve Johnson Houghton",T:96,A:93,T:73,T:4,T:96,T:0
"BETTY LEMON (GB)",2023,FILLY,"Hughie Morrison",A:47,A:42,T:50,T:x,T:x,A:x
"BETTY'S DAISY (GB)",2020,FILLY,"Ben Pauling",H:0,H:x,H:x,H:x,N:x,N:x
"BETTY'S TIARA (GB)",2018,FILLY,"Ben Pauling",H:71,H:97,H:x,H:108,H:x,H:x
"BETWEEN ME AND U (GB)",2021,GELDING,"Michael Herrington",A:55,T:54,T:67,A:65,T:61,A:28
"BETWEENTHESTICKS (GB)",2020,GELDING,"Ruth Carr",T:35,T:70,T:71,A:68,A:46,T:56
"BEYLERBEYI (GB)",2020,GELDING,"Ian Williams",T:73,A:101,A:101,A:101,A:98,T:99
"BEYOND BORDERS (IRE)",2021,GELDING,"Kevin & Lauren Frost",T:60,T:63,T:69,T:49,A:68,T:69
"BEYOND THE BAR (IRE)",2023,GELDING,"Tim Easterby",T:55,T:71,T:56,T:x,T:x,T:x
"BHALOO (IRE)",2018,GELDING,"Nicky Henderson",S:132,S:0,S:0,S:136,S:126,S:136
"BIBE MUS (FR)",2022,GELDING,"Paul Nicholls",H:0,H:116,H:125,H:119,-,-
"BIBENDUM (GB)",2021,GELDING,"Julie Camacho",A:54,A:55,A:43,A:60,A:62,A:46
"BID UP (IRE)",2021,GELDING,"Gary Hanmer",S:0,S:88,-,-,-,-
"BIG ALEX WALMSLEY (GB)",2022,GELDING,"Mrs Ilka Gansera-Leveque",A:44,T:61,T:x,T:x,T:x,-
"BIG APPLE JACK (GB)",2022,GELDING,"Michael & David Easterby",A:46,T:58,T:49,T:53,T:64,T:51
"BIG BARD (GB)",2018,GELDING,"Gary & Josh Moore",A:41,A:39,A:61,A:28,T:51,T:43
"BIG BEAR HUG (GB)",2019,FILLY,"Jim Boyle",T:66,A:57,A:67,T:63,T:19,T:76
"BIG BERT (IRE)",2020,GELDING,,H:0,H:x,H:x,H:x,H:x,N:x
"BIG BOY BARNEY (IRE)",2019,GELDING,"Fergal O'Brien",S:57,S:106,S:107,S:108,H:100,S:97
"BIG CADILLAC (IRE)",2020,GELDING,"Dan Skelton",H:105,H:x,H:x,H:x,N:x,-
"BIG CITY ROLLER (GB)",2018,GELDING,"Charlie Longsdon",S:128,H:106,S:125,S:116,S:123,H:x
"BIG EAGLE (IRE)",2023,GELDING,"Warren Greatrex",T:x,A:x,T:x,-,-,-
"BIG FUN (IRE)",2023,GELDING,"Kevin Ryan",T:79,T:85,T:x,T:x,T:x,-
"BIG GYPSY KING (GB)",2022,FILLY,"James Moffatt",H:x,A:31,A:24,A:0,A:34,H:x
"BIG HARRY (GB)",2023,GELDING,"William Stone",T:x,T:x,A:x,-,-,-
"BIG JOHN WAYNE (IRE)",2018,GELDING,"Lucinda Russell & Michael Scudamore",S:120,S:118,S:117,S:117,H:x,H:x
"BIG JON (IRE)",2020,GELDING,"Rebecca Menzies",H:x,H:x,H:x,N:x,N:x,-
"BIG LEADER (IRE)",2022,GELDING,"Geoff Oldroyd",T:96,T:94,A:x,T:x,-,-
"BIG LOVE (GB)",2022,GELDING,"Michael & David Easterby",H:94,H:87,H:x,H:x,H:x,H:x
"BIG MOJO (IRE)",2022,COLT,"Michael Appleby",T:107,T:94,T:117,T:105,T:114,T:100
"BIG MOONRISE (GB)",2023,GELDING,,A:x,A:x,A:x,-,-,-
"BIG SHOT VETO (IRE)",2023,COLT,"Lemos De Souza",T:x,A:x,T:x,-,-,-
"BIG SIP (GB)",2022,GELDING,,A:77,A:75,A:x,T:61,A:76,T:82
"BIG STAGE (IRE)",2018,GELDING,"Stuart Coltherd",S:126,-,-,-,-,-
"BIG STORM BREWING (GB)",2019,GELDING,"Tristan Davidson",H:98,H:106,H:100,H:66,H:98,H:91
"BIG TAKE (IRE)",2022,GELDING,"Thomas Faulkner",A:29,A:x,A:x,A:x,-,-
"BIG TICKET (GB)",2021,GELDING,"Nigel & Willy Twiston-Davies",H:x,H:121,H:x,H:x,H:x,H:x
"BIG TIME RASCAL (GB)",2021,GELDING,"Michael Attwater",T:50,A:48,A:41,T:40,T:34,T:42
"BIG WIN (FR)",2022,GELDING,"James Owen",T:60,A:48,A:59,T:x,A:x,A:x
"BIG ZOUK (IRE)",2019,GELDING,"Nicky Richards",S:107,S:0,S:101,H:92,H:x,H:x
"BIGLESISBACK (GB)",2020,FILLY,"Lucinda Russell & Michael Scudamore",H:x,H:0,H:104,H:x,H:x,H:x
"BIGZ BELIEF (IRE)",2017,GELDING,,H:78,A:47,A:40,H:74,H:x,H:77
"BIJOUX (IRE)",2022,FILLY,,T:38,A:57,A:x,A:x,A:x,-
"BILL BAXTER (IRE)",2016,GELDING,"Warren Greatrex",S:0,S:136,S:122,S:136,H:129,S:126
"BILL JOYCE (IRE)",2019,GELDING,"Jonjo & A.J. O'Neill",H:0,S:0,H:0,H:x,H:x,H:x
"BILL PLUMB (IRE)",2019,GELDING,"Phil McEntee",T:55,A:61,A:61,A:71,T:71,T:62
"BILLECART (IRE)",2023,COLT,"K. R. Burke",T:86,A:91,A:x,T:x,-,-
"BILLIEGEE (IRE)",2021,FILLY,,A:64,A:72,A:78,T:59,T:77,T:79
"BILLINGSGATE GOLD (GB)",2023,FILLY,"Stuart Williams",T:x,A:x,A:x,A:x,-,-
"BILLY BATHGATE (GB)",2016,GELDING,"Ewan Whillans",A:53,A:54,A:54,A:52,A:54,A:55
"BILLY BOI BLUE (GB)",2017,GELDING,"David Killahena & Graeme McPherson",H:104,H:0,H:0,S:77,H:122,H:125
"BILLY MILL (GB)",2018,GELDING,"Rod Millman",A:70,A:68,A:68,A:63,A:63,A:38
"BILLY NO MATES (IRE)",2016,GELDING,"Michael Dods",T:56,T:58,A:54,A:58,T:55,T:64
"BILLYB (FR)",2019,GELDING,"Craig Lidster",T:81,T:71,A:86,T:77,T:84,T:82
"BILLYJOEGOLD (GB)",2022,GELDING,"Ruth Carr",A:26,A:x,A:x,A:x,-,-
"BILLYJOH (GB)",2020,GELDING,"Michael Appleby",T:95,T:83,T:91,T:89,T:88,T:92
"BIN AJWAD (IRE)",2022,GELDING,,A:86,A:81,A:74,T:x,T:x,A:x
"BINADHAM (IRE)",2022,GELDING,"Kevin Philippart de Foy",T:73,T:76,A:71,A:74,A:72,A:75
"BINGOO (GB)",2016,GELDING,,H:0,H:91,H:116,H:0,H:106,H:0
"BINHAREER (IRE)",2022,GELDING,"William Haggas",T:104,T:99,T:86,T:88,T:89,T:87
"BINIORELLA BAY (GB)",2022,FILLY,,T:67,T:78,T:83,T:76,T:67,T:90
"BINT AL DAAR (GB)",2020,FILLY,"Kevin & Lauren Frost",A:64,A:68,A:70,A:73,A:71,A:63
"BINT AL KARAMA (GB)",2020,FILLY,,T:40,T:54,T:x,T:32,T:50,T:56
"BINT HAVANA GOLD (GB)",2021,FILLY,,A:66,A:48,A:53,A:65,A:39,A:49
"BINT KILFRUSH (GB)",2023,FILLY,"James Tate",T:77,T:x,A:x,-,-,-
"BINT MOHAATHER (GB)",2022,FILLY,,T:77,T:77,T:75,T:x,A:x,A:x
"BINTABUHA (IRE)",2022,FILLY,"Harry Charlton",T:74,A:68,T:59,T:83,T:80,A:58
"BINTALINA (GB)",2022,FILLY,,A:73,A:x,A:74,T:65,T:x,T:x
"BINTARYANA (GB)",2023,FILLY,"William Knight",T:77,A:x,T:x,T:x,-,-
"BINTAZIZA (IRE)",2023,FILLY,"Roger Varian",A:x,A:x,-,-,-,-
"BINTAZZO (IRE)",2022,FILLY,,A:63,A:62,A:59,A:57,T:x,A:x
"BINTJAN (IRE)",2022,FILLY,,A:77,A:79,T:52,T:50,T:72,T:72
"BINTJEDDAH (GB)",2022,FILLY,,T:64,T:79,T:64,T:82,T:71,A:78
"BINTKEND (IRE)",2022,FILLY,"Roger Varian",A:x,T:x,T:x,-,-,-
"BINTNOUF (IRE)",2022,FILLY,,A:48,A:35,A:x,A:x,A:x,-
"BINTOFIE (GB)",2022,FILLY,,A:49,A:12,T:x,T:x,T:x,-
"BINTOLA (GB)",2023,FILLY,"Harry Charlton",T:81,A:x,A:x,T:x,-,-
"BINTSALEH (GB)",2023,FILLY,"William Haggas",T:x,T:x,T:x,-,-,-
"BINTSHUAA (IRE)",2022,FILLY,,T:3,A:63,T:68,A:65,T:x,T:x
"BIPLANE (USA)",2018,FILLY,,A:59,T:45,A:62,T:63,T:60,T:64
"BIRD OF WAR (IRE)",2023,COLT,"Charles Hills",T:53,A:65,T:55,T:56,T:x,A:x
"BIRDMAN BOB (IRE)",2017,GELDING,"Andy Irvine",S:94,S:92,S:0,S:85,S:79,S:86
"BIRGHAM DUB (IRE)",2023,COLT,"Jane Chapple-Hyam",A:x,T:x,-,-,-,-
"BIRKENHEAD (GB)",2017,GELDING,,T:50,T:56,A:30,A:54,A:65,A:66
"BIRTHDAY ANGEL (IRE)",2020,GELDING,"Lydia Richards",H:91,H:99,H:96,T:57,T:57,A:46
"BISHOP'S CROWN (GB)",2020,GELDING,,T:74,T:72,T:69,T:76,T:76,A:72
"BISHOP'S GLORY (IRE)",2020,GELDING,"Joey Ramsden",A:47,A:44,A:46,A:49,A:45,A:21
"BITACORA (IRE)",2020,FILLY,"Daragh Bourke",A:43,A:29,A:41,A:50,A:36,A:35
"BITCOIN PROFIT (IRE)",2021,GELDING,,A:0,A:22,A:41,A:46,A:3,A:28
"BITS BALLOU (GB)",2021,FILLY,"Nigel & Willy Twiston-Davies",H:x,H:x,H:x,-,-,-
"BITTALEMON (GB)",2021,FILLY,"James Moffatt",H:111,H:82,H:x,H:x,H:x,H:95
"BIZARRE LAW (GB)",2019,GELDING,"Michael Herrington",T:51,T:44,T:45,A:25,A:11,A:40
"BIZOU (GB)",2022,FILLY,"Jonathan Portman",A:67,T:65,A:60,T:0,T:0,A:59
"BLACK CAB (FR)",2021,GELDING,"Alison Hamilton",A:54,A:48,A:49,A:25,A:29,A:41
"BLACK ENDEAVOUR (IRE)",2023,GELDING,"Mark Rimell",T:66,T:62,A:60,T:69,T:70,T:69
"BLACK HAWK EAGLE (IRE)",2018,GELDING,"Kerry Lee",S:84,S:0,S:123,S:118,S:105,S:122
"BLACK MISSILE (IRE)",2023,GELDING,"Julie Camacho",T:59,T:64,A:x,A:x,T:x,-
"BLACK OCC (IRE)",2019,GELDING,"Sheila Lewis",S:87,S:0,S:87,H:85,S:0,H:0
"BLACK ROCK BEAUTY (IRE)",2023,GELDING,"Richard & Peter Fahey",T:62,A:50,A:56,A:x,A:x,T:x
"BLACK SKY (IRE)",2022,GELDING,,A:39,H:0,T:40,A:26,A:42,A:33
"BLACK SMOKE (IRE)",2017,GELDING,,A:38,A:40,A:35,A:41,T:43,T:47
"BLACK STAR BOY (IRE)",2023,GELDING,"Ed Walker",T:86,T:93,T:84,T:x,T:x,-
"BLACK STORM (IRE)",2021,GELDING,"Katie Scott",T:63,T:63,A:52,T:70,A:70,T:68
"BLACK TANGO (IRE)",2023,GELDING,,A:46,A:46,A:56,A:x,A:x,T:x
"BLACKACRE (GB)",2019,GELDING,"Mrs C. Williams",H:60,S:0,S:79,S:78,S:52,S:59
"BLACKBROOK (GB)",2022,COLT,"Jim Boyle",A:18,T:39,T:35,T:43,T:0,M:41
"BLACKIJO DAGROSTIS (FR)",2019,GELDING,"Matt Sheppard",S:80,S:73,S:84,S:80,S:77,S:0
"BLACKISTHENEWBLACK (GB)",2023,FILLY,"Andrew Balding",T:42,A:67,A:61,A:x,A:x,A:x
"BLACKJACK (GB)",2017,GELDING,"Alan Brown",A:60,A:49,A:44,A:58,A:64,A:60
"BLACKJACK MAGIC (GB)",2015,GELDING,"Anthony Honeyball",S:110,S:98,S:127,S:0,S:0,S:135
"BLACKSAMSSENORITA (GB)",2019,FILLY,"Joe Tizzard",H:74,H:106,S:76,S:0,S:113,H:x
"BLACKWATER LILLY (GB)",2020,FILLY,"Neil King",H:97,T:31,H:99,H:100,T:46,H:88
"BLACKWATERFOOT (USA)",2021,GELDING,"Charlie Pike",T:0,A:51,T:62,A:48,A:x,A:x
"BLADE RUNNER (FR)",2016,GELDING,"Chris Gordon",H:97,H:78,S:113,S:0,S:114,S:0
"BLAGTHEBOOKIES (IRE)",2018,GELDING,"N. Gittins",H:0,H:0,S:72,H:x,H:x,H:x
"BLAKEFELL (IRE)",2023,GELDING,"Ivan Furtado",T:x,T:x,T:69,T:79,A:x,-
"BLAKEY BOY (IRE)",2020,GELDING,"Ewan Whillans",S:0,S:111,S:111,S:102,S:108,S:0
"BLAST THE DREAM (GB)",2022,FILLY,,A:69,A:62,A:77,A:77,T:72,T:73
"BLAZEON FIVE (GB)",2018,FILLY,"Alan King",T:92,A:87,A:92,T:89,T:84,T:82
"BLAZING (GB)",2023,COLT,,A:42,T:37,T:53,A:x,T:x,T:x
"BLAZING BOBCAT (GB)",2022,FILLY,,A:21,T:16,T:23,T:x,T:x,T:x
"BLAZING COURT (IRE)",2018,GELDING,"John Dixon",S:0,H:0,S:69,H:63,S:0,H:x
"BLAZING ECHO (IRE)",2021,GELDING,"Eloise Quayle",H:53,H:x,H:x,H:x,N:x,N:x
"BLAZING GADEN (GB)",2021,GELDING,"D. J. Jeffreys",H:61,H:0,H:63,H:42,H:x,H:x
"BLAZING SAINT (GB)",2021,GELDING,"Christian Williams",H:85,H:x,H:x,H:x,-,-
"BLAZING SAM (GB)",2023,GELDING,"Georgina Nicholls",T:x,T:x,T:x,-,-,-
"BLAZING SON (GB)",2018,GELDING,"Bryan Smart",A:61,A:69,A:74,A:61,A:72,T:26
"BLENDED STEALTH (GB)",2017,GELDING,"Lizzie Quinlan",H:50,H:70,H:55,S:0,S:69,S:52
"BLENHEIM LAD (IRE)",2020,GELDING,,A:41,A:44,T:19,T:52,T:54,A:47
"BLENHEIM STAR (IRE)",2021,FILLY,,A:27,A:55,T:51,T:62,T:64,T:48
"BLENKINSOP (GB)",2017,GELDING,"Henry Daly",S:103,S:125,S:119,H:73,H:123,H:105
"BLESSED STAR (IRE)",2022,FILLY,,T:74,A:x,T:79,T:77,T:x,T:76
"BLEU D'ENFER (FR)",2018,GELDING,"Donald McCain",S:125,S:92,S:125,S:80,S:124,S:114
"BLIND BEGGAR (IRE)",2018,GELDING,"Jessica Macey",T:64,T:61,A:49,T:70,T:57,T:81
"BLINDFOLD GAMES (IRE)",2023,FILLY,"George Boughey",T:42,A:57,A:62,A:58,A:62,A:x
"BLINGY'S SISTER (IRE)",2023,FILLY,"Hugo Palmer",T:87,T:84,T:89,T:x,-,-
"BLINKY (IRE)",2022,GELDING,"Antony Brittain",T:70,A:71,A:68,A:83,A:76,A:81
"BLOCK ROCKIN BEATS (IRE)",2019,GELDING,"Oliver Signy",H:115,H:0,H:104,H:115,H:105,H:5
"BLONDINA (IRE)",2022,FILLY,"Adam Nicol",T:57,T:53,H:x,H:x,H:74,-
"BLOODHOUND (IRE)",2020,GELDING,"Shaun Lycett",A:36,A:37,A:44,A:37,A:42,A:36
"BLOODSWEATANDTYRES (GB)",2022,GELDING,"Brian Ellison",T:32,A:x,A:x,-,-,-
"BLOOMING LEGEND (IRE)",2023,FILLY,,T:29,A:69,T:x,A:70,T:x,T:x
"BLOSSOM IN THE AIR (GB)",2023,FILLY,"Robert Edwards",T:39,A:x,T:x,T:x,-,-
"BLOW YOUR WAD (IRE)",2018,GELDING,"Gary & Josh Moore",S:143,S:151,S:146,S:149,S:149,S:140
"BLOWERS (GB)",2020,GELDING,,H:x,H:x,H:x,H:x,-,-
"BLUE ARIA (GB)",2023,COLT,"John & Thady Gosden",T:x,T:x,A:x,-,-,-
"BLUE BEAR (GB)",2018,GELDING,"Joel Parkinson & Sue Smith",H:64,H:51,H:69,S:65,S:46,H:62
"BLUE BOLT (IRE)",2022,FILLY,"Andrew Balding",T:107,T:110,T:109,T:102,T:x,T:x
"BLUE BROTHER (FR)",2021,GELDING,"Hamad Al Jehani",T:85,-,-,-,-,-
"BLUE CARPET (GB)",2020,GELDING,"Dan Skelton",H:132,H:127,H:122,H:x,H:x,N:x
"BLUE CELESTIAL (GB)",2023,FILLY,"James Tate",A:59,A:58,T:51,A:x,A:x,A:x
"BLUE COLLAR LAD (GB)",2019,GELDING,"Daniel Steele",A:48,A:52,T:43,T:50,T:52,A:46
"BLUE COURVOISIER (GB)",2023,COLT,"Clive Cox",T:92,T:81,T:83,T:x,T:x,-
"BLUE DANDY (IRE)",2022,FILLY,,A:9,A:x,A:x,A:x,-,-
"BLUE DEVERON (GB)",2023,GELDING,"Derek Shaw",T:63,A:67,A:x,A:x,A:x,-
"BLUE ECLIPSE (GB)",2022,GELDING,,A:0,A:43,A:63,A:49,T:0,T:31
"BLUE EMPRESS (IRE)",2022,FILLY,,A:60,A:53,A:49,A:58,A:58,A:58
"BLUE FIN (IRE)",2017,GELDING,"Donald McCain",H:87,H:94,H:108,H:113,H:86,H:117
"BLUE FOR YOU (IRE)",2018,GELDING,,A:72,T:39,T:47,T:87,T:78,T:91
"BLUE FORCE (IRE)",2021,GELDING,"Antony Brittain",A:34,A:53,A:63,A:58,A:63,A:57
"BLUE HERCULES (IRE)",2023,COLT,"William Muir & Chris Grassick",T:x,T:x,T:x,-,-,-
"BLUE HERO (CAN)",2018,GELDING,"Adrian Wintle",T:47,T:38,T:48,T:47,T:53,T:49
"BLUE IN THE WEST (IRE)",2017,GELDING,"Ben Lund",H:90,H:97,H:96,H:0,H:90,H:88
"BLUE INDIGO (GB)",2020,GELDING,"Gary Rutherford",H:0,S:0,S:0,H:57,H:80,H:66
"BLUE JAMMIN (IRE)",2023,GELDING,"William Muir & Chris Grassick",T:35,T:53,T:34,A:30,A:50,T:x
"BLUE JAY WAY (GB)",2020,GELDING,"John David Riches",T:49,A:46,A:35,A:52,T:49,T:36
"BLUE LAKOTA (IRE)",2022,GELDING,"Kevin Ryan",T:3,A:74,A:73,A:74,A:70,A:74
"BLUE LANCERO (GB)",2022,GELDING,"Derek Shaw",A:x,T:x,T:x,-,-,-
"BLUE LAS (GB)",2018,FILLY,,S:135,S:129,S:130,S:0,H:126,H:x
"BLUE MANTLE (GB)",2023,COLT,"Charlie Johnston",T:35,A:x,A:x,T:x,-,-
"BLUE MARVEL (IRE)",2021,FILLY,"Stuart Edmunds",H:101,H:x,H:x,H:x,N:x,N:x
"BLUE MOUNTAINS (IRE)",2023,FILLY,,A:29,A:39,A:41,A:40,A:x,T:x
"BLUE NGURU (GB)",2023,FILLY,"Archie Watson",A:49,T:46,A:x,A:64,T:x,T:x
"BLUE NOON (IRE)",2023,FILLY,"Richard Hannon",T:73,T:x,T:x,T:x,-,-
"BLUE ORBIT (IRE)",2023,GELDING,"Dr Richard Newland & Jamie Insole",T:62,T:73,A:80,T:69,T:78,T:79
"BLUE POINT EXPRESS (IRE)",2022,FILLY,"Adrian Wintle",T:29,A:43,A:33,T:0,T:50,T:51
"BLUE PRINCE (IRE)",2021,GELDING,"David Evans",A:79,A:60,T:39,A:77,T:81,T:81
"BLUE RC (IRE)",2022,COLT,"James Tate",T:93,T:100,A:99,A:99,A:94,A:93
"BLUE SAMUNA (IRE)",2023,FILLY,,T:54,A:x,A:x,T:x,T:x,-
"BLUE SEEKER (IRE)",2022,GELDING,,A:0,A:41,A:35,A:32,T:17,T:1
"BLUE SIAM (IRE)",2022,FILLY,"Syd Hosie",H:82,H:x,H:x,H:x,A:47,A:51
"BLUE SKY BOY (IRE)",2021,GELDING,,A:43,A:45,A:57,A:60,A:56,A:65
"BLUE SKY DREAMING (GB)",2021,GELDING,"Alan King",H:99,H:0,H:x,H:x,N:x,-
"BLUE STORM (GB)",2021,GELDING,"Gemma Tutty",A:70,T:81,T:68,T:91,T:81,T:88
"BLUE TO BLUE (IRE)",2023,GELDING,"Ruth Jefferson",T:78,T:84,T:70,T:83,T:82,T:78
"BLUE UNIVERSE (IRE)",2020,GELDING,"Michael Attwater",H:102,H:100,A:59,H:96,H:x,H:x
"BLUE WONDER (IRE)",2022,FILLY,"Hughie Morrison",T:69,A:62,A:42,T:64,T:66,T:63
"BLUEANDTANGERINE (GB)",2022,FILLY,"Michael & David Easterby",A:7,A:33,A:35,A:38,T:42,A:52
"BLUEAWAY (IRE)",2023,FILLY,"Matt Crawley",T:0,T:6,A:14,A:x,A:x,A:x
"BLUEBELLS BOY (GB)",2019,GELDING,"Hayley Burton",A:35,A:32,A:54,A:55,A:53,A:59
"BLUEBLUELECTRICBLU (IRE)",2023,FILLY,"Tom Dascombe",T:57,A:x,A:x,T:x,T:x,-
"BLUECOLTRANE (GB)",2022,GELDING,"Michael Appleby",T:71,T:x,A:x,A:x,-,-
"BLUEGRASS (IRE)",2019,GELDING,"Stuart Edmunds",H:93,H:90,H:117,H:100,H:119,H:109
"BLUEKING D'OROUX (FR)",2019,GELDING,"Dan Skelton",S:148,S:144,S:126,S:133,S:131,H:151
"BLUELLA BRESIL (GB)",2018,FILLY,"Joanne Priest",H:76,H:61,H:0,H:x,H:x,H:x
"BLUENOSE BELLE (USA)",2018,FILLY,"Richard Phillips",H:0,H:77,A:43,H:87,H:88,H:81
"BLUES AND ROYALS (IRE)",2023,GELDING,"Michael Bell",T:76,A:80,T:75,A:73,A:x,T:x
"BLUES SINGER (GB)",2020,GELDING,"Alan King",H:x,H:x,H:x,H:114,H:x,N:x
"BLUESY MOON (GB)",2022,FILLY,"Michael Attwater",A:20,T:0,T:10,T:17,M:40,T:15
"BLUEY (IRE)",2019,FILLY,"Emma Lavelle",S:136,S:116,S:133,S:129,S:132,S:129
"BLUFFERONTHEBUS (IRE)",2021,FILLY,"Craig Lidster",T:63,T:58,A:61,T:57,A:39,A:65
"BNAIDER (GB)",2023,GELDING,"Harry Charlton",T:82,T:75,T:x,A:x,T:x,-
"BO CRUZ (IRE)",2019,GELDING,"Donald McCain",S:112,S:110,S:104,S:92,S:90,H:93
"BOASTY (IRE)",2017,GELDING,,A:0,A:41,A:55,A:60,A:59,A:60
"BOATSWAIN (GB)",2022,GELDING,"Simon & Ed Crisford",A:88,T:25,T:89,T:90,T:93,T:92
"BOB MALI (IRE)",2022,GELDING,"Charles Hills",T:78,T:85,A:79,T:59,T:67,T:79
"BOBACIOUS (GB)",2020,GELDING,"Mark Hoad",T:66,A:59,A:58,A:69,T:55,T:46
"BOBALOT (GB)",2017,GELDING,,H:65,S:0,H:91,H:94,H:89,H:97
"BOBBARELLI (GB)",2017,GELDING,"Nigel & Willy Twiston-Davies",S:100,S:93,H:101,H:x,H:x,H:0
"BOBBI WITH AN I (FR)",2019,FILLY,"Joe Tizzard",H:95,H:101,H:109,H:102,H:108,H:x
"BOBBI'S BEAUTY (IRE)",2018,FILLY,"Martin Keighley",S:108,S:93,S:98,S:100,S:73,S:98
"BOBBY BENNU (IRE)",2021,GELDING,"Roger Varian",T:91,T:82,T:91,T:90,T:97,T:89
"BOBBY DASSLER (IRE)",2019,GELDING,"Barry Murphy",T:51,T:49,T:53,T:32,T:27,T:54
"BOBBY JOE LEG (GB)",2014,GELDING,"Ruth Carr",A:52,A:63,A:54,A:55,A:70,A:70
"BOBBY'S NELSON (IRE)",2019,GELDING,"Dan Skelton",H:x,H:x,H:x,H:x,N:x,-
"BOBBYS PRIDE (IRE)",2023,FILLY,"Noel Wilson",T:15,T:x,A:x,T:x,-,-
"BODYGROOVE (GB)",2020,GELDING,"Micky Hammond",H:71,H:62,H:0,T:49,T:48,T:48
"BOGHA BAISTE (IRE)",2021,GELDING,"Lizzie Quinlan",H:x,H:x,H:x,H:x,N:x,N:x
"BOHEMIAN BREEZE (IRE)",2020,GELDING,"Gary & Josh Moore",T:37,T:56,A:56,A:10,A:47,H:94
"BOHEMOND ANTIOCH (GB)",2021,GELDING,"Donald McCain",H:x,H:x,H:x,H:x,H:x,N:x
"BOILERMAKER (FR)",2023,GELDING,"Harry Charlton",T:66,T:59,A:x,A:x,T:x,-
"BOILING OVER (IRE)",2023,COLT,,T:93,T:93,T:85,T:87,T:88,T:x
"BOILING POINT (IRE)",2021,COLT,"K. R. Burke",T:108,T:103,A:103,T:114,T:110,T:105
"BOIS GUILLBERT (FR)",2019,GELDING,,H:75,H:80,S:87,S:106,S:107,S:110
"BOLD ENDEAVOUR (GB)",2016,GELDING,"Chris Honour",H:119,H:0,H:130,H:129,H:0,H:0
"BOLD IMPACT (IRE)",2022,GELDING,"Rod Millman",T:66,T:71,T:43,A:0,T:61,A:83
"BOLD LIGHT (IRE)",2017,GELDING,"Lucinda Russell & Michael Scudamore",H:107,H:116,H:114,H:106,S:0,S:116
"BOLD RETURN (IRE)",2023,FILLY,"Steph Hollinshead",T:24,A:55,T:58,A:x,T:x,T:x
"BOLD SUITOR (GB)",2017,GELDING,"Craig Benton",A:71,A:69,A:63,A:68,A:70,A:70
"BOLLIN MATILDA (GB)",2018,FILLY,"Donald Whillans",H:95,H:95,H:88,H:89,H:86,H:89
"BOLLIN NEIL (GB)",2016,GELDING,"Tim Easterby",H:67,H:99,H:96,H:100,T:57,T:59
"BOLLIN SKITTLE (GB)",2020,FILLY,"Donald Whillans",H:x,H:x,H:x,N:x,-,-
"BOLLIN THOU (GB)",2018,GELDING,"Nick Scholfield",H:117,H:109,H:105,H:99,H:85,H:71
"BOLO NEIGHS (IRE)",2022,GELDING,"Ralph Beckett",T:94,A:86,A:90,A:83,A:92,T:65
"BOLSOVER BILL (IRE)",2017,GELDING,,H:75,H:91,S:52,S:58,S:79,H:90
"BOLSTER (GB)",2020,GELDING,"K. R. Burke",T:77,T:103,T:109,T:99,T:108,T:111
"BOMB SQUAD (IRE)",2018,GELDING,"John Mackie",A:58,A:63,A:61,A:58,A:61,A:59
"BOMBA DEL MUNDO (IRE)",2022,FILLY,,A:39,A:71,A:72,T:x,T:x,T:x
"BOMBAY PETE (GB)",2021,GELDING,"Christian Williams",H:42,H:66,H:86,H:x,H:x,H:x
"BONA FORTUNA (IRE)",2021,GELDING,"Michael Appleby",T:68,T:77,T:77,T:74,T:76,T:77
"BONA VERBA (IRE)",2022,FILLY,,A:44,A:46,A:46,A:51,A:56,T:30
"BOND BROKER (IRE)",2019,GELDING,,S:104,S:122,S:117,S:98,S:115,S:111
"BOND SPIRIT (GB)",2019,GELDING,,A:40,A:31,A:17,T:42,T:0,T:48
"BONDI (IRE)",2022,COLT,"Declan Carroll",A:48,T:50,T:74,T:55,T:74,T:x
"BONDI MAN (GB)",2019,GELDING,"Sarah Hollinshead",A:28,A:34,A:29,A:31,A:42,T:33
"BONE MARRA (IRE)",2023,GELDING,"Ollie Sangster",T:66,A:84,A:83,T:61,T:x,T:52
"BONGO MAN (GB)",2020,GELDING,"Billy Aprahamian",S:60,H:78,H:100,H:0,H:46,H:x
"BONITO CAVALO (GB)",2019,GELDING,"Jim Goldie",A:31,A:34,A:48,A:0,A:24,T:25
"BONNIE'S BOY (GB)",2022,GELDING,"Richard & Peter Fahey",A:74,A:66,A:74,A:77,T:56,T:70
"BONNITA (GB)",2022,FILLY,"Patrick Chamings",A:19,T:33,T:60,T:x,T:x,T:17
"BONZA BOY (GB)",2017,GELDING,"Jeremy Scott",S:88,S:108,S:108,S:79,S:106,S:0
"BOOK OF LIFE (GB)",2020,GELDING,"Patrick Morris",A:56,A:57,A:57,A:51,A:57,A:50
"BOOK OF SECRETS (IRE)",2018,GELDING,"James Moffatt",H:76,H:97,H:95,H:95,H:98,H:92
"BOOM BOOM (IRE)",2018,GELDING,"Rob Summers",S:0,S:0,S:0,S:70,S:88,S:82
"BOOMBAWN (IRE)",2017,GELDING,,S:139,S:141,S:100,S:129,S:149,S:140
"BOOSTER BOB (IRE)",2018,GELDING,"Olly Murphy",S:124,S:137,S:134,S:140,S:133,S:113
"BOOTHILL (IRE)",2015,GELDING,"Harry Fry",S:126,S:136,S:135,S:98,S:0,S:122
"BOOZIEBRUNCH (IRE)",2023,GELDING,"S. P. C. Woods",A:71,T:71,A:73,T:41,A:72,A:72
"BOPEDRO (FR)",2016,GELDING,"David O'Meara",T:84,T:43,T:90,T:92,T:93,T:86
"BORDER GEM (GB)",2020,FILLY,"Jeremy Scott",H:60,H:90,H:93,H:91,H:88,H:x
"BORDERLINE MADNESS (GB)",2022,FILLY,"William Stone",T:41,A:57,T:49,A:52,A:56,A:51
"BORGI (IRE)",2019,GELDING,"S. P. C. Woods",A:73,A:84,A:82,A:71,A:80,A:78
"BORJINA (GB)",2023,FILLY,"Edward Bethell",T:x,A:x,-,-,-,-
"BORN A REBEL (GB)",2021,FILLY,"Patrick Owens",T:66,A:55,A:65,H:x,A:59,T:67
"BORN A STAR (IRE)",2023,GELDING,"Charlie Johnston",T:63,A:65,A:62,T:50,T:x,T:x
"BORN IN BEIRUT (GB)",2023,FILLY,,A:x,A:x,A:x,-,-,-
"BORN IN THE WEST (IRE)",2019,GELDING,"Sam England",H:0,H:109,H:103,H:105,H:90,S:95
"BORN LIKE ME (FR)",2021,GELDING,"Joel Parkinson & Sue Smith",H:73,H:60,H:x,H:x,H:x,A:x
"BORN SLIPPY (GB)",2023,COLT,"Richard Spencer",T:84,T:77,T:64,T:76,T:71,T:25
"BORN TO BRIGHT (GB)",2023,FILLY,,T:54,T:55,T:x,T:x,T:x,-
"BORNA GEM (IRE)",2019,FILLY,"Nigel & Willy Twiston-Davies",H:73,H:x,H:x,H:x,H:x,N:x
"BOSH (IRE)",2019,GELDING,"Michael Dods",A:68,A:73,T:77,T:31,A:76,T:70
"BOSH SOLDIER (GB)",2023,FILLY,,A:12,A:34,A:14,A:33,A:39,T:x
"BOSOM PALS (GB)",2023,FILLY,"Tom Dascombe",T:60,T:50,T:65,T:x,A:x,T:x
"BOSPHORUS ROSE (GB)",2022,FILLY,,A:83,T:96,T:90,T:93,T:85,T:77
"BOSS LADY (IRE)",2023,FILLY,,T:x,A:x,T:x,T:x,-,-
"BOSSMAN JACK (GB)",2020,GELDING,"Dan Skelton",H:x,H:x,H:x,H:x,H:x,N:x
"BOSSOFTHEBUS (IRE)",2019,GELDING,"Mrs C. Williams",H:58,H:67,H:0,S:0,S:0,H:56
"BOSSY PARKER (IRE)",2020,GELDING,"Tony Culhane & Stella Barclay",A:43,A:49,A:50,A:43,A:48,A:45
"BOSTON BOY (GB)",2019,GELDING,"Jonjo & A.J. O'Neill",S:0,S:0,S:66,S:79,H:x,H:38
"BOSTON DAN (IRE)",2023,COLT,"Richard & Peter Fahey",T:57,T:73,T:59,T:97,T:74,T:x
"BOSTON JOE (IRE)",2016,GELDING,"Rebecca Curtis",S:0,S:95,S:99,H:0,S:97,H:97
"BOSTON RUN (IRE)",2022,GELDING,"Simon Dow",A:54,A:46,A:44,A:58,T:52,T:68
"BOSTON SAVR (IRE)",2021,GELDING,"Jonjo & A.J. O'Neill",H:58,H:x,H:x,H:x,-,-
"BOTAGOZ (IRE)",2023,FILLY,"Roger Varian",T:97,T:x,A:x,-,-,-
"BOTANICAL (IRE)",2020,GELDING,"K. R. Burke",T:86,T:103,T:100,T:104,A:102,T:105
"BOTH BARRELS (GB)",2018,GELDING,"Donald Whillans",H:129,H:112,H:124,H:97,H:119,H:110
"BOTH OF US (IRE)",2022,GELDING,"Kerry Lee",H:x,H:x,H:12,T:21,A:68,T:66
"BOTHY PARK (USA)",2022,FILLY,,A:15,A:39,A:44,T:20,T:0,A:42
"BOTOX HAS (FR)",2016,GELDING,"Gary & Josh Moore",H:114,H:131,H:113,H:137,H:0,H:138
"BOUBOULE (GB)",2022,GELDING,"Gillian Boanas",T:38,H:0,A:8,H:82,A:60,H:83
"BOUBYAN (IRE)",2022,GELDING,"Michael Appleby",T:56,T:65,T:53,A:56,A:66,A:66
"BOUJEE GOLD (GB)",2019,FILLY,,A:42,A:39,A:38,A:36,A:43,A:42
"BOUNTIFUL (GB)",2022,FILLY,,A:83,A:78,T:82,T:91,T:91,A:89
"BOUQUET DE PARIS (GB)",2022,GELDING,"Rebecca Curtis",H:93,H:77,H:92,H:96,H:97,H:85
"BOURBALI (FR)",2017,GELDING,,H:120,H:113,H:125,H:122,H:125,S:121
"BOURBON BLUES (GB)",2023,GELDING,"Brian Meehan",T:97,T:104,T:100,T:88,T:95,T:98
"BOVEY BELLE (GB)",2022,FILLY,,A:9,A:35,A:15,A:27,A:23,T:0
"BOW ECHO (IRE)",2023,COLT,"George Boughey",T:126,T:115,T:113,T:x,-,-
"BOWEN ISLAND (IRE)",2022,GELDING,,T:54,T:69,A:72,T:73,T:82,A:x
"BOWENSPARK (IRE)",2018,GELDING,,S:108,S:115,S:120,S:109,S:118,S:0
"BOWERCHALKE (GB)",2022,FILLY,,T:35,T:75,A:82,T:79,A:92,T:86
"BOWFELL (GB)",2022,GELDING,"Daniel & Claire Kubler",A:x,A:x,A:x,-,-,-
"BOWLING SHANE (IRE)",2022,GELDING,"Clive Boultbee-Brooks",H:83,H:x,H:x,H:42,T:44,A:x
"BOWMANS DREAM (GB)",2016,GELDING,"Carroll Gray",H:0,H:0,H:x,H:x,H:x,H:x
"BOWMARK (GB)",2022,GELDING,,T:104,T:93,T:x,A:103,A:x,-
"BOWMORE (IRE)",2018,GELDING,"Charlie Longsdon",H:129,H:127,H:101,H:132,H:134,H:125
"BOWNDER (IRE)",2022,GELDING,"Jonathan Portman",T:64,T:48,T:31,A:67,A:50,A:66
"BOWOOD (GB)",2020,GELDING,"Ivan Furtado",A:68,A:74,A:71,A:78,A:71,A:61
"BOWTOGREATNESS (IRE)",2016,GELDING,"D. Peters",H:0,H:0,S:0,S:127,S:0,S:132
"BOX CLEVER (GB)",2023,FILLY,"Jonathan Portman",T:71,A:69,T:60,T:x,T:x,T:x
"BOX TO BOX (IRE)",2019,GELDING,"Hugo Palmer",T:92,A:90,T:65,T:88,T:81,T:81
"BOY DOUGLAS (IRE)",2020,GELDING,,T:58,T:62,T:76,T:68,T:80,T:77
"BOY NAMED SIOUX (IRE)",2023,GELDING,"Richard & Peter Fahey",A:67,A:58,A:72,T:64,T:x,T:x
"BOY STAR (GB)",2023,COLT,"Richard & Peter Fahey",A:x,A:x,T:x,-,-,-
"BOYFRIEND (GB)",2021,COLT,"Richard Hannon",T:90,T:81,T:86,T:83,T:88,T:88
"BOYLES HILL (IRE)",2019,GELDING,"Mrs C. Williams",H:94,H:72,S:87,S:86,S:0,H:114
"BOYNE LADY (IRE)",2022,FILLY,,T:55,A:63,T:58,T:67,A:64,T:66
"BOYNESIDE (GB)",2019,GELDING,"Barry Murtagh",H:60,H:53,H:66,H:49,H:65,H:75
"BOYS OF WEXFORD (GB)",2017,GELDING,"Henry Oliver",S:0,S:83,S:52,S:0,S:0,S:78
"BRACE FOR LANDING (IRE)",2021,GELDING,"Dan Skelton",H:101,H:116,H:105,H:x,-,-
"BRADBURY (IRE)",2023,GELDING,"Edward Bethell",T:58,T:57,A:54,A:50,T:x,T:x
"BRADMAN (GB)",2021,GELDING,"Kevin Bishop",H:0,H:71,H:90,H:84,H:80,H:81
"BRAGANZA BAY (GB)",2017,GELDING,"Henry Daly",H:96,S:0,H:84,H:90,H:70,H:97
"BRAGBOR (GB)",2021,GELDING,"Richard & Peter Fahey",T:84,A:88,A:85,A:92,A:89,A:85
"BRAIN FREEZE (IRE)",2023,FILLY,"Michael Dods",T:54,T:46,A:36,T:18,T:41,T:x
"BRAKEMAN (GB)",2021,GELDING,,A:x,A:62,A:x,A:x,A:x,-
"BRAMBLE JELLY (IRE)",2021,FILLY,,A:14,T:36,T:37,T:44,T:34,T:31
"BRANDY MCQUEEN (IRE)",2017,GELDING,"Miss Lucy Brown",H:111,H:0,H:115,H:97,S:87,S:0
"BRAS D'OR (FR)",2020,GELDING,,H:63,H:x,H:x,H:x,N:x,-
"BRASIL POWER (FR)",2019,GELDING,"George Boughey",T:85,A:83,A:93,A:94,A:87,A:92
"BRAVAIS (GB)",2020,GELDING,"Ian Williams",T:34,A:50,A:40,A:62,A:72,-
"BRAVE BOB (GB)",2022,GELDING,"Julie Camacho",A:48,A:37,T:36,A:39,T:30,T:36
"BRAVE BYREFLECTION (IRE)",2022,FILLY,"James Evans",A:55,A:56,A:57,A:72,A:72,T:38
"BRAVE EMPEROR (IRE)",2020,GELDING,,A:53,A:74,T:80,T:79,T:81,T:66
"BRAVE EMPIRE (IRE)",2021,GELDING,"Ivan Furtado",T:51,T:47,A:54,A:52,A:54,A:62
"BRAVE GUEST (IRE)",2022,GELDING,"Sheena West",H:98,H:0,H:104,H:102,A:34,A:40
"BRAVE HUNTER (GB)",2023,COLT,"Ismail Mohammed",T:73,T:79,T:x,T:79,T:x,-
"BRAVE KINGDOM (FR)",2016,GELDING,,S:0,S:128,S:0,S:0,S:127,S:0
"BRAVE LEADER (GB)",2023,GELDING,"Tom Ward",T:49,A:x,A:x,T:x,-,-
"BRAVE MISSION (GB)",2022,GELDING,,T:73,T:86,T:85,T:91,A:x,T:x
"BRAVE MOVE (IRE)",2019,GELDING,"Fergal O'Brien",H:77,H:60,H:89,H:83,H:86,H:x
"BRAVE NATION (IRE)",2020,GELDING,"Michael Bell",T:70,A:68,A:60,T:79,T:66,T:78
"BRAVE TRAVELLER (GB)",2023,GELDING,"Bryan Smart",A:69,T:46,A:58,A:65,A:63,T:x
"BRAVETHEWAVES (GB)",2017,GELDING,"Oliver Greenall & Josh Guerriero",S:51,H:66,S:90,S:47,S:73,S:83
"BRAVO HOTEL (GB)",2023,GELDING,"Michael & David Easterby",T:59,T:x,T:x,T:x,T:x,-
"BRAVO ZULU (IRE)",2021,GELDING,"David Loughnane",T:77,T:66,A:69,A:79,A:71,A:76
"BRAY DALE (GB)",2017,GELDING,"Catch Bissett",H:x,H:0,H:23,H:0,H:66,H:59
"BRAZEN BOLT (GB)",2017,GELDING,"Ruth Carr",T:81,T:86,A:74,T:79,T:30,T:86
"BRAZEN IDOL (GB)",2019,GELDING,"John Ryan",A:61,A:72,T:65,A:73,T:39,A:77
"BRAZEN RASCAL (GB)",2020,GELDING,"Simon Whitaker",T:29,T:41,T:35,T:40,T:43,T:43
"BRAZILIAN BELLE (IRE)",2022,FILLY,"Michael Dods",T:39,A:65,A:73,A:71,A:66,A:61
"BRAZILIAN ROSE (IRE)",2021,FILLY,"Rebecca Menzies",A:83,A:85,A:75,A:79,A:74,A:79
"BREAD AND BUTTER (IRE)",2015,GELDING,"Cynthia Woods",H:61,H:76,H:78,H:85,H:0,H:58
"BREADALBANE LASS (GB)",2020,FILLY,"R. Mike Smith",H:65,H:82,H:74,H:44,H:67,H:59
"BREAK HEART HILL (GB)",2018,GELDING,"Fiona Shaw",S:0,S:0,H:45,H:55,H:43,H:x
"BREAK POINT (GB)",2020,GELDING,"Luke Dace",H:38,A:45,A:43,A:42,A:46,H:112
"BREAKING COVER (IRE)",2018,GELDING,"Anthony Honeyball",S:110,S:131,S:131,S:120,S:120,S:115
"BREAKING GROUND (IRE)",2021,FILLY,"R. Mike Smith",H:x,H:34,H:x,H:x,H:x,H:x
"BREAKWATER (GB)",2021,GELDING,,A:16,A:53,A:63,A:x,T:x,A:x
"BREATHE EASY (IRE)",2023,GELDING,"Andrew Balding",A:82,A:x,A:x,A:x,-,-
"BRECON BEACONS (GB)",2022,FILLY,,T:35,T:x,T:x,A:x,-,-
"BREDON HILL DART (GB)",2019,GELDING,"Susan Gardner",H:0,H:0,H:89,H:79,H:89,H:70
"BREEZE OF WIND (IRE)",2017,GELDING,"Stuart Coltherd",S:99,S:110,S:0,S:111,S:96,S:106
"BREEZE STAR (IRE)",2023,GELDING,"Noel Wilson",T:25,T:30,A:30,T:x,T:x,T:x
"BREEZETHROUGHLIFE (IRE)",2021,GELDING,"Neil King",H:95,H:95,H:110,H:88,H:0,H:113
"BREIZH RIVER (FR)",2018,GELDING,"Tristan Davidson",S:123,S:123,S:109,S:117,S:118,S:114
"BRENDAS ASKING (IRE)",2018,FILLY,"Kim Bailey & Mat Nicholls",H:118,H:112,H:x,H:x,H:122,H:116
"BRESILIANT (GB)",2017,GELDING,,H:x,H:x,H:x,N:x,-,-
"BRETTON WOOD (GB)",2022,GELDING,,T:55,T:51,A:44,T:59,T:41,T:60
"BREWIN'UPASTORM (IRE)",2013,GELDING,"Olly Murphy",H:139,H:139,H:129,H:139,H:136,H:135
"BRIAN (IRE)",2022,GELDING,"J. S. Moore",T:84,T:82,A:66,A:82,A:77,T:96
"BRIAN THE SNAIL (IRE)",2014,GELDING,"Patrick Morris",A:62,A:58,A:43,A:61,A:58,A:55
"BRIDGE (GB)",2020,GELDING,"Gary & Josh Moore",T:50,H:104,H:0,H:98,H:73,H:100
"BRIDGE COURT (IRE)",2019,GELDING,"Sandy Thomson",S:101,S:107,S:93,S:102,S:102,H:77
"BRIDGE OF EAGLES (IRE)",2023,GELDING,"David Menuisier",T:69,T:78,A:x,T:x,T:x,-
"BRIDGEFOOT RAMBLER (GB)",2022,FILLY,"Stephen Hanlon",A:x,T:x,T:x,-,-,-
"BRIDGET MARY (IRE)",2018,FILLY,"Rebecca Curtis",S:88,S:94,S:92,S:0,H:78,S:92
"BRIDGET'S BABY (GB)",2023,FILLY,"Tony Carroll",T:x,T:x,T:x,-,-,-
"BRIDGET'S VIEW (GB)",2022,FILLY,"Stuart Williams",T:69,A:74,A:87,A:75,A:88,A:63
"BRIELLE (GB)",2022,FILLY,"David O'Meara",T:68,T:82,T:86,T:78,T:80,T:x
"BRIERY BUTTERFLY (GB)",2019,FILLY,,H:90,H:83,H:91,H:95,H:95,H:89
"BRIGHLEE (FR)",2023,FILLY,"David Menuisier",T:62,T:x,A:x,T:x,T:x,A:x
"BRIGHT (IRE)",2020,GELDING,"Mark Loughnane",T:41,A:69,A:80,A:68,A:77,T:54
"BRIGHT CITY LIGHTS (GB)",2023,FILLY,"Edward Smyth-Osbourne",A:x,A:x,T:x,-,-,-
"BRIGHT LEGEND (IRE)",2020,GELDING,"Faye Bramley",H:x,H:113,H:x,H:x,H:x,H:x
"BRIGHT START (USA)",2017,GELDING,,A:0,A:9,T:62,T:70,A:70,T:40
"BRIGHT SUMMER (IRE)",2023,FILLY,"Andrew Balding",A:x,T:x,-,-,-,-
"BRIGHT THUNDER (IRE)",2021,FILLY,,T:103,T:103,T:99,T:103,T:101,T:99
"BRIGHT TIMES AHEAD (IRE)",2022,FILLY,,T:78,T:68,T:80,A:68,T:x,T:80
"BRIGHTLING (GB)",2023,FILLY,,A:20,T:22,T:36,T:60,T:40,T:55
"BRIGHTON BOY (IRE)",2022,GELDING,"Tim Easterby",T:86,T:84,T:78,T:75,T:76,T:x
"BRIGHTON VIEW (GB)",2023,COLT,"William Knight",T:71,A:x,A:x,T:x,-,-
"BRIGID'S WELL (IRE)",2023,FILLY,"Hugo Palmer",T:87,T:89,A:x,T:x,T:x,-
"BRILLIANT STAR (GB)",2023,FILLY,"John & Thady Gosden",T:83,A:x,T:x,A:x,-,-
"BRIMFULOFATTITUDE (IRE)",2023,FILLY,,A:31,T:29,T:36,A:33,T:x,T:x
"BRING HER HOME (IRE)",2022,FILLY,"Jim Goldie",A:34,T:27,T:30,T:20,T:x,T:x
"BRINTON (GB)",2021,FILLY,"Jonathan Portman",A:42,T:58,A:55,A:49,A:50,A:56
"BRIONYWELLS (GB)",2020,FILLY,"David Killahena & Graeme McPherson",H:84,H:60,H:76,H:x,H:x,H:x
"BRISK SYMPHONY (IRE)",2023,FILLY,"Jonathan Portman",A:84,T:83,T:83,T:82,T:x,T:x
"BRITISH BLUE (GB)",2022,FILLY,,A:66,T:42,T:66,T:56,T:63,T:71
"BROAD APPEAL (GB)",2014,GELDING,"Jonathan Portman",A:33,T:39,A:32,A:46,A:41,A:45
"BROADHAVEN BAY (IRE)",2022,GELDING,,A:17,A:22,T:12,T:47,T:41,T:33
"BROADSTONE (GB)",2022,GELDING,"John Norton",A:16,A:47,A:43,A:37,A:29,A:15
"BROADWAY ACT (IRE)",2021,GELDING,"Oli Rix",A:88,T:0,T:84,T:x,T:x,T:x
"BROADWAY HONEY (IRE)",2020,FILLY,"Nigel & Willy Twiston-Davies",H:73,H:76,H:71,H:x,H:x,H:x
"BRODIE'S BOY (FR)",2021,GELDING,"Tony Carroll",A:60,A:61,A:52,A:55,A:64,A:53
"BROKEN SPEAR (GB)",2016,GELDING,"Tony Coyle & Kaine Wood",T:52,T:40,A:44,A:43,T:53,A:61
"BROKER CHARLIE (GB)",2022,GELDING,"Sara Ender",A:0,T:34,A:20,A:36,T:32,T:x
"BRONTE BEACH (IRE)",2022,FILLY,"Archie Watson",T:63,A:64,A:47,A:42,A:57,A:x
"BROOKIE (IRE)",2017,GELDING,"Anthony Honeyball",S:123,S:119,S:104,S:0,S:148,S:149
"BROOKLYN NINE NINE (IRE)",2020,GELDING,,A:77,T:78,T:72,T:70,T:0,T:79
"BROOKSIDE LA (IRE)",2020,GELDING,"Dan Skelton",H:110,H:106,H:101,H:x,H:x,H:x
"BROOMFIELD ADERRA (IRE)",2020,FILLY,"Dan Skelton",H:x,H:x,H:121,H:x,H:x,-
"BROOMFIELDS CAVE (IRE)",2017,GELDING,"Neil Mulholland",S:122,S:123,S:0,S:120,S:116,S:121
"BROSAY (GB)",2022,GELDING,"Charlie Pike",T:37,T:87,T:89,T:62,A:47,T:60
"BROSNA TOWN (IRE)",2021,GELDING,"Jessica Bedi",-,-,-,-,-,-
"BROTHER BORIS (GB)",2019,GELDING,"Lucy Wadham",S:0,S:96,S:94,S:87,S:72,S:90
"BROTHER DAVE (GB)",2020,GELDING,"Ruth Carr",A:36,A:42,A:42,A:50,A:42,A:51
"BROUGHSHANE (IRE)",2018,GELDING,"Mickey Bowen",H:105,H:0,H:116,H:113,S:0,S:116
"BRUCE BANNER (IRE)",2022,GELDING,"Rebecca Menzies",T:51,T:55,A:52,A:57,H:0,H:x
"BRUCIE BONUS (GB)",2017,GELDING,"Sarah Robinson",S:0,H:0,H:0,H:x,H:x,H:x
"BRUCIO (GB)",2018,FILLY,,H:0,S:105,S:91,S:107,H:116,H:124
"BRULURE NOIRE (IRE)",2017,GELDING,"Richard Bandey",S:95,S:0,S:0,S:108,S:92,S:106
"BRUMMELL (IRE)",2021,GELDING,"Julie Camacho",T:56,T:81,A:65,T:62,T:87,T:84
"BRUNEL CHARM (GB)",2017,GELDING,,A:48,M:51,T:55,A:65,A:64,A:73
"BRUNEL NATION (FR)",2021,GELDING,"Richard Hughes",T:56,A:58,A:52,A:76,A:63,A:60
"BRUNELLO BREEZE (GB)",2019,GELDING,"Liam Bailey",A:51,A:56,A:54,T:0,A:58,A:51
"BU HAIL (GB)",2023,GELDING,,A:x,A:x,T:x,-,-,-
"BUBBLE DUBI (FR)",2017,GELDING,"Stuart Edmunds",H:0,H:0,H:93,H:129,H:125,H:116
"BUBBLES WONKY (IRE)",2021,GELDING,"Mark Pattinson",A:74,A:74,A:65,A:69,A:75,T:70
"BUCCABAY (IRE)",2020,GELDING,"Eve Johnson Houghton",A:69,A:79,A:82,A:78,A:81,A:74
"BUCEPHALUS (GER)",2017,GELDING,"Neil Mulholland",H:103,H:134,H:132,H:0,H:135,H:92
"BUCK BARROW (GB)",2022,GELDING,"Adrian Wintle",T:43,T:42,A:42,A:50,T:47,T:55
"BUCKLAND BELLE (GB)",2023,FILLY,"Ollie Sangster",T:53,A:40,A:46,A:47,A:43,A:x
"BUCKLOW HILL (IRE)",2023,COLT,"Charles Hills",T:x,A:x,-,-,-,-
"BUCKNA (IRE)",2020,GELDING,"Warren Greatrex",S:85,S:119,S:103,S:0,S:122,S:116
"BUCKS DREAM (IRE)",2016,GELDING,"Sheila Lewis",H:0,S:89,H:81,H:79,H:88,H:55
"BUCKSY DES EPEIRES (FR)",2019,GELDING,"Venetia Williams",S:0,S:122,S:0,S:108,S:118,S:0
"BUDDAH CASTLE (IRE)",2020,GELDING,"Patrick Neville",H:x,H:x,H:x,-,-,-
"BUDDY HOLLY (IRE)",2021,GELDING,,H:x,H:x,H:x,-,-,-
"BUG BOY (IRE)",2016,GELDING,"Tony Newcombe",T:53,T:60,T:57,T:64,T:53,A:32
"BUGISE SEAGULL (IRE)",2018,GELDING,,H:132,S:101,H:0,H:139,H:137,S:0
"BULLDOG SPIRIT (IRE)",2020,GELDING,"Bernard Llewellyn",A:58,A:57,T:70,A:62,T:63,T:65
"BULLET POINT (GB)",2021,GELDING,"William Haggas",T:94,T:93,T:97,T:105,T:103,T:100
"BULLETIN (IRE)",2022,GELDING,"Jonathan Portman",A:86,T:87,T:86,A:85,A:82,A:84
"BULLINGTON BRY (GB)",2022,GELDING,"Joey Ramsden",T:17,T:45,A:50,A:47,A:53,A:57
"BUMAAN (GB)",2023,GELDING,"George Boughey",A:x,A:x,A:x,-,-,-
"BUMPY EVANS (IRE)",2018,GELDING,"Kerry Lee",S:121,S:0,S:121,S:125,S:122,S:0
"BUN BANG FAI (GB)",2022,FILLY,"Micky Hammond",A:45,A:61,A:47,T:52,A:x,A:x
"BUNDOK (GB)",2023,FILLY,"Hughie Morrison",T:x,A:x,T:x,-,-,-
"BUNGLE BAY (IRE)",2019,GELDING,"James Evans",A:50,T:44,A:46,A:42,A:46,A:50
"BUNKER BAY (IRE)",2019,GELDING,"Micky Hammond",H:88,H:61,H:82,H:78,A:56,H:81
"BURABACK (IRE)",2019,GELDING,"Derek Shaw",A:52,A:51,A:55,A:55,A:43,A:51
"BURANO MURANO (GB)",2022,GELDING,"Denis Quinn",H:x,H:x,A:47,A:56,H:73,T:50
"BURDETT ESTATE (IRE)",2023,COLT,"Brian Toomey",T:15,A:x,A:x,A:x,-,-
"BURDETT ROAD (GB)",2020,GELDING,"James Owen",S:137,H:143,T:89,T:102,T:95,H:150
"BURGEON (GB)",2021,FILLY,"David Killahena & Graeme McPherson",H:52,H:0,H:x,H:x,H:x,A:x
"BURGUNDY MAN (FR)",2017,GELDING,"R. Mike Smith",S:0,S:67,S:79,S:92,H:88,H:88
"BURJ ZABEEL (IRE)",2022,GELDING,,T:67,T:80,T:66,A:82,T:x,T:x
"BURLINGTON PLACE (GB)",2021,FILLY,,A:x,A:x,A:x,T:x,-,-
"BURNCOURT BOY (IRE)",2020,GELDING,"Olly Murphy",H:x,H:x,H:x,-,-,-
"BURNING EMBERS (IRE)",2021,FILLY,"Dan Skelton",H:x,H:x,H:x,N:x,-,-
"BURNING IT UP (IRE)",2020,GELDING,"N. W. Alexander",H:45,H:93,H:84,H:0,H:80,H:83
"BUSBY (IRE)",2015,GELDING,"Philip Kirby",A:41,A:43,A:36,A:39,A:42,A:29
"BUSHSTREET BOWMAN (GB)",2020,GELDING,"Ben Pauling",H:47,H:37,H:0,H:x,H:x,H:x
"BUSHWACKER (IRE)",2023,COLT,,A:x,T:41,T:x,T:x,T:x,-
"BUSHYPARK (IRE)",2014,GELDING,,S:81,S:94,S:100,S:72,S:0,H:95
"BUST A MOON (GB)",2022,GELDING,"Derek Shaw",T:40,A:39,T:34,T:51,A:40,A:47
"BUST A MOVE (FR)",2021,GELDING,"Michael & David Easterby",H:108,H:105,H:93,H:121,H:119,H:108
"BUSTY BOY (IRE)",2017,GELDING,"Daragh Bourke",S:111,S:116,S:114,S:111,S:117,S:119
"BUTCH (GB)",2017,GELDING,,S:0,S:98,S:136,S:139,H:137,H:141
"BUTCHERS BILL (GB)",2020,GELDING,"Anthony Day",H:60,S:0,S:84,S:89,-,-
"BUTTERCROSS FLYER (IRE)",2021,FILLY,,A:41,A:35,A:43,A:38,A:36,A:51
"BUTTERFLY BEACH (IRE)",2023,FILLY,"Ed Walker",T:x,A:73,A:x,T:x,T:x,-
"BUXTED REEL (IRE)",2019,GELDING,"Tom Lacey",H:67,A:65,A:63,H:84,T:63,H:91
"BUXTED TOO (GB)",2018,GELDING,,A:64,T:48,T:47,A:55,T:57,T:66
"BUY SOME TIME (IRE)",2018,GELDING,"R. Mike Smith",H:106,H:102,H:95,H:108,H:102,H:107
"BUY THE DIP (GB)",2020,GELDING,"Jim Boyle",A:48,A:66,T:53,T:47,T:40,T:46
"BUZZ BOX (GB)",2021,GELDING,"Michael Herrington",A:79,A:84,A:78,A:66,A:74,A:70
"BUZZ ICECLEAR (IRE)",2020,GELDING,"Mark Walford",H:107,H:92,H:111,H:109,H:103,H:x
"BY THE BOOK (IRE)",2021,GELDING,"Charlie Appleby",T:100,A:x,T:x,-,-,-
"BY THE GRACE (GB)",2019,FILLY,"Nicky Henderson",H:66,H:94,H:89,H:89,H:93,H:0
"BYBLOS (GB)",2022,GELDING,,T:66,A:75,T:77,T:83,A:x,T:80
"BYE LAW (IRE)",2023,GELDING,"Tim Easterby",T:52,T:61,T:59,T:70,T:73,T:26
"BYRON HILL (IRE)",2017,GELDING,"Patrick Neville",H:97,H:93,H:x,H:97,H:100,H:95
"BYSTANDER (IRE)",2020,GELDING,,A:66,A:61,A:58,A:74,A:52,A:68
"BYZANTIUM (FR)",2020,GELDING,"Paul Nicholls",H:76,H:0,H:99,H:104,H:x,H:113
"C'EST DIFFERENT (FR)",2020,GELDING,"Sam Thomas",H:125,H:131,H:123,H:103,H:109,H:x
"C'EST ENCORE (GER)",2021,GELDING,,A:0,A:x,A:x,A:x,-,-
"C'MON SO (IRE)",2021,GELDING,"Lucinda Russell & Michael Scudamore",H:x,H:x,H:x,N:x,N:x,-
"CABALLERO CLIFF (GB)",2021,COLT,"Robert Stephens",H:x,H:x,H:x,N:x,N:x,N:x
"CABALLO DE GUERRA (IRE)",2021,GELDING,,H:109,H:x,H:115,H:x,H:122,H:x
"CABALLO DE MAR (IRE)",2021,GELDING,"George Scott",T:115,T:96,T:99,T:97,T:93,A:93
"CABALLO GRANDE (GB)",2023,COLT,"Michael Bell",T:83,T:21,A:x,A:x,T:x,-
"CABEZA DE LLAVE (GB)",2019,GELDING,"Michael Attwater",T:43,T:55,A:37,A:58,A:60,A:56
"CABHFUILFUNGI (IRE)",2016,GELDING,"Kerry Lee",S:130,S:123,S:96,S:123,S:123,S:123
"CABLE BEACH (GB)",2021,GELDING,"Tom Tate",A:45,A:48,A:48,A:48,A:45,A:38
"CABRERA (IRE)",2021,FILLY,"Edward Bethell",A:82,T:83,T:83,T:90,T:90,T:x
"CABURN (IRE)",2022,GELDING,"James Tate",T:77,T:100,A:89,T:97,T:81,T:84
"CADARN (IRE)",2021,GELDING,"Kevin Ryan",T:63,T:78,T:67,A:81,T:72,T:89
"CADELL (IRE)",2018,GELDING,"Lucinda Russell & Michael Scudamore",S:127,S:0,S:0,S:0,S:136,S:0
"CAELAN (IRE)",2021,GELDING,"Olly Murphy",H:105,H:109,H:108,H:105,H:108,H:103
"CAGE RATTLER (IRE)",2020,GELDING,"Sandy Forster",S:83,H:75,H:77,H:54,H:85,H:83
"CAHIER'S DEN (IRE)",2020,GELDING,"Donald McCain",S:93,S:100,S:100,S:99,H:97,H:x
"CAIM (GB)",2023,FILLY,"Edward Bethell",T:x,T:90,T:x,-,-,-
"CAIRDEAS (GB)",2022,GELDING,"Paul Midgley",T:70,A:48,T:69,T:72,T:63,T:68
"CAIRO (IRE)",2020,COLT,,T:114,T:111,T:103,T:107,T:90,-
"CAITLIN G (GB)",2023,FILLY,"Mrs Ilka Gansera-Leveque",T:38,T:12,A:x,T:0,T:x,-
"CAJETAN (GB)",2021,GELDING,"Ruth Carr",T:19,A:76,A:55,A:71,A:73,A:81
"CAJOLE (GB)",2022,FILLY,,T:102,T:100,T:99,T:100,T:90,A:x
"CALABRIAN SOLDATO (IRE)",2023,GELDING,"Lemos De Souza",A:20,T:6,A:17,A:24,A:23,A:45
"CALAFIORI (GB)",2023,GELDING,,T:74,T:78,T:69,T:x,T:x,A:68
"CALAFRIO (GB)",2021,FILLY,"George Baker",A:54,A:54,A:59,T:44,T:52,T:47
"CALAXY (IRE)",2022,FILLY,"Mark Loughnane",A:40,A:50,A:56,A:60,T:56,T:58
"CALCHAS (GB)",2023,GELDING,"Ralph Beckett",T:72,A:x,T:x,T:x,-,-
"CALEDONIAN (GB)",2022,GELDING,"David Simcock",T:56,T:71,T:68,T:69,T:74,A:80
"CALEDONIAN DREAM (IRE)",2022,COLT,"John Dawson",T:0,T:47,T:32,T:43,A:41,A:25
"CALENDAR GIRL (GB)",2023,FILLY,"Owen Burrows",T:103,T:91,T:x,T:x,-,-
"CALGARY TIGER (GB)",2015,GELDING,"William de Best-Turner",S:88,S:99,S:87,S:93,S:103,S:104
"CALI CASE (GB)",2022,GELDING,,A:39,A:40,A:39,A:59,-,-
"CALIACH POINT (IRE)",2020,GELDING,,H:40,H:95,H:x,H:x,H:x,N:x
"CALIBAN (IRE)",2022,GELDING,"Edward Bethell",A:87,A:x,A:x,A:x,T:x,-
"CALIBOS (GB)",2022,GELDING,"Jo Davis",H:x,H:93,T:52,T:59,T:68,T:3
"CALICO (GER)",2016,GELDING,"Dan Skelton",S:113,S:131,S:138,S:142,S:152,S:149
"CALICO BLUE (GB)",2023,COLT,"Roger Varian",T:93,T:x,T:x,T:x,-,-
"CALIDAD (IRE)",2016,GELDING,"Christopher Mark Clarke",H:0,H:91,S:52,S:0,H:76,H:91
"CALIFET EN VOL (IRE)",2019,GELDING,"Nicky Henderson",S:116,S:125,S:140,S:136,S:136,S:130
"CALIMYSTIC (IRE)",2019,GELDING,,S:118,S:128,S:122,H:0,H:x,H:x
"CALL GLORY (IRE)",2021,GELDING,"Ian Williams",T:43,T:41,T:58,T:58,A:54,A:57
"CALL MARGOT (IRE)",2023,FILLY,"Gemma Tutty",T:64,A:76,A:71,A:57,T:x,-
"CALL ME BETTY (IRE)",2022,FILLY,"Michael Dods",T:75,A:33,A:51,A:75,A:71,T:66
"CALL ME BY MY NAME (GB)",2023,GELDING,"Steph Hollinshead",T:7,T:29,A:48,A:56,A:58,T:x
"CALL ME LEGEND (IRE)",2020,GELDING,"Philip Hobbs & Johnson White",H:122,H:119,H:116,H:119,H:112,H:106
"CALL ME TARA (GB)",2017,FILLY,"Fergal O'Brien",H:96,H:97,H:102,H:113,S:111,H:x
"CALL MY BLUFF (IRE)",2017,GELDING,"Dominic Ffrench Davis",T:49,T:84,A:42,T:82,T:72,T:89
"CALL TIME (IRE)",2021,GELDING,"J. S. Moore",T:45,A:43,T:56,T:56,T:51,T:58
"CALL TO ACTION (IRE)",2021,GELDING,"Michael & David Easterby",T:67,T:74,T:74,T:67,T:53,T:46
"CALL YOUR BLUFF (GB)",2020,GELDING,"Emma Lavelle",H:0,H:82,H:79,H:53,H:47,H:79
"CALLA LAGOON (GB)",2022,COLT,,T:94,T:89,T:94,T:96,T:x,A:x
"CALLERO (IRE)",2022,GELDING,"Gary & Josh Moore",H:78,A:x,A:x,A:x,H:x,H:x
"CALLI BLACK (IRE)",2018,FILLY,"David Weston",S:62,H:61,S:82,S:65,S:94,S:76
"CALLIANASSA (IRE)",2021,FILLY,"Brian Ellison",T:77,T:78,A:79,A:79,A:84,A:82
"CALLIN BATON ROUGE (IRE)",2018,FILLY,"Charles & Adam Pogson",H:94,H:95,H:94,H:100,H:96,H:101
"CALLING A STAR (GB)",2023,FILLY,"Richard Hughes",A:61,A:x,A:73,T:67,T:x,T:x
"CALLISTO DREAM (IRE)",2022,FILLY,"Edward Bethell",T:77,T:60,T:64,T:76,T:80,T:x
"CALLISTO'S KING (IRE)",2017,GELDING,,H:0,H:73,S:0,S:88,H:95,H:98
"CALLMESUSIE (IRE)",2018,FILLY,,H:73,H:x,H:x,H:x,H:x,N:x
"CALLOUT (IRE)",2022,GELDING,,T:15,A:48,A:61,T:29,T:6,T:63
"CALME OLYMPIEN (FR)",2019,GELDING,"Tim Vaughan",H:108,H:95,H:110,H:x,-,-
"CALSHOT SPIT (IRE)",2020,GELDING,"Sheena West",H:97,H:86,H:0,H:101,H:0,H:85
"CALVERT (GB)",2021,GELDING,"Roger Teal",T:73,H:x,A:73,T:57,T:70,T:74
"CALVINO (IRE)",2020,GELDING,"Paul Nicholls",H:0,H:x,H:x,H:x,H:x,N:x
"CALYPSO BLOOM (GB)",2021,FILLY,"Thomas Faulkner",A:x,A:x,A:x,-,-,-
"CALYXOH (IRE)",2022,GELDING,"Patrick Morris",A:87,A:83,A:84,T:64,T:84,T:78
"CAMARRATE (IRE)",2020,GELDING,"Donald McCain",H:0,H:104,H:93,H:100,H:81,H:104
"CAME FROM NOWHERE (IRE)",2019,GELDING,"Jeremy Scott",H:133,H:x,H:132,H:124,H:117,H:x
"CAMELEY DAYS (GB)",2022,FILLY,"Chris Dwyer",T:68,T:66,T:42,A:38,T:58,T:50
"CAMERA SHY (IRE)",2022,GELDING,"Michael Dods",T:63,A:57,A:58,A:64,A:56,A:61
"CAMINO DE SANTIAGO (GB)",2022,FILLY,,A:26,T:52,T:43,T:x,T:x,T:x
"CAMINO DEL RAY (GB)",2022,GELDING,"Julie Camacho",A:68,A:73,A:68,T:64,A:65,T:x
"CAMINO ROCIO (IRE)",2018,GELDING,"E. M. Rees",H:93,S:0,H:x,S:0,S:99,S:115
"CAMPAIGN TRAIL (IRE)",2020,GELDING,"Kim Bailey & Mat Nicholls",H:117,H:112,H:108,T:51,A:84,T:84
"CAMPANI (GB)",2022,GELDING,"David Simcock",T:55,A:56,A:40,A:39,T:52,T:47
"CAMPENAERTS (GB)",2023,GELDING,"Jonathan Portman",T:52,T:59,T:75,A:72,A:72,T:x
"CAMPEONA (GB)",2023,FILLY,"Sir Mark Prescott Bt",A:x,A:x,A:x,-,-,-
"CAMSHAFT (IRE)",2021,FILLY,"Jonjo & A.J. O'Neill",H:96,H:90,H:x,H:x,H:x,-
"CAMTANK (GB)",2022,FILLY,,T:62,T:63,T:x,T:x,A:x,-
"CAMULUS (IRE)",2017,GELDING,"Venetia Williams",S:0,S:112,S:108,S:105,S:96,S:73
"CAMZARA (IRE)",2022,FILLY,,A:55,A:35,T:58,T:x,A:x,A:x
"CAN U FEEL IT (IRE)",2021,GELDING,"Christian Williams",H:95,H:84,H:x,H:x,H:x,H:x
"CAN YOU CALL (GB)",2015,GELDING,,S:79,S:86,S:128,S:117,S:95,S:121
"CAN YOU HEAR ME (IRE)",2021,GELDING,,H:106,H:96,H:x,H:x,H:x,N:x
"CAN'T RESIST IT (GB)",2019,GELDING,"Fergal O'Brien",H:x,H:x,H:49,H:x,H:x,-
"CANARIA QUEEN (GB)",2020,FILLY,"Tim Easterby",T:62,T:61,T:50,T:57,T:41,T:54
"CANARIA SUN (GB)",2022,GELDING,"Tim Easterby",T:24,T:47,T:42,T:0,T:39,T:47
"CANAVAN (IRE)",2022,GELDING,"Lucinda Russell & Michael Scudamore",H:76,H:83,H:98,H:95,H:x,T:57
"CANCAN IN THE RAIN (IRE)",2020,GELDING,"Gihan Arnolda",T:75,T:78,A:72,T:69,T:45,A:62
"CANCELLED (IRE)",2021,FILLY,"Jonjo & A.J. O'Neill",T:59,T:76,A:60,A:80,A:65,-
"CANDERELLY (GB)",2023,FILLY,"Chelsea Banham",A:30,A:x,A:x,A:x,-,-
"CANDLE OF TIME (GB)",2022,FILLY,,A:6,A:25,T:36,A:49,T:56,T:38
"CANDLEFORD (IRE)",2018,GELDING,,A:97,T:107,T:103,T:107,T:79,T:110
"CANDONOMORE (FR)",2021,GELDING,"Jennie Candlish",T:75,T:82,T:82,T:79,A:78,A:72
"CANDY (GB)",2022,COLT,"Richard Spencer",T:98,T:98,T:89,T:60,T:80,T:77
"CANDY WARHOL (USA)",2019,GELDING,"Scott Dixon",T:58,T:60,T:59,A:59,A:60,A:57
"CANDYMAN STAN (GB)",2021,GELDING,,A:66,A:84,T:86,T:58,T:0,T:86
"CANNON ROCK (GB)",2020,GELDING,,A:78,A:79,A:75,A:70,T:x,T:70
"CANON'S HOUSE (GB)",2021,GELDING,"Michael & David Easterby",T:47,T:79,T:88,T:80,T:68,A:72
"CANOPUS (IRE)",2022,GELDING,"Gary & Josh Moore",T:48,H:x,A:49,H:x,T:x,A:x
"CANTALICE (GB)",2022,FILLY,"Ella Pickard",H:x,H:x,H:x,T:48,A:x,A:x
"CANTY BAY (IRE)",2017,GELDING,"Emma Lavelle",H:0,H:105,H:112,H:122,H:107,H:121
"CANUNCLECANI (IRE)",2019,GELDING,"Jackie Stephen",S:101,H:65,H:x,H:x,H:x,H:x
"CANVAS (GB)",2022,GELDING,"Scott Dixon",T:77,T:71,T:75,T:82,T:70,T:79
"CANYOUHEARTHEDRUMS (GB)",2023,FILLY,,A:60,A:58,A:66,A:66,T:68,T:x
"CAP RICOCHET (GB)",2021,GELDING,"John Dawson",H:75,H:67,H:72,H:x,H:x,H:x
"CAPALL RASA (IRE)",2023,GELDING,"Tom Dascombe",T:87,T:91,A:92,A:x,T:x,T:x
"CAPALLCLISTE (IRE)",2020,GELDING,"Simon Hodgson",A:42,A:40,A:15,A:41,A:42,M:44
"CAPE ASHIZURI (IRE)",2023,GELDING,"John & Sean Quinn",T:92,T:x,T:91,T:x,-,-
"CAPE BRETON (GB)",2022,GELDING,,A:85,T:75,T:89,T:89,T:70,T:82
"CAPE FEAR (GB)",2023,COLT,"Andrew Balding",T:x,T:x,T:x,T:x,T:x,-
"CAPE FLORA (GB)",2022,FILLY,"John & Thady Gosden",T:92,T:88,T:79,T:65,A:x,T:x
"CAPE ORATOR (IRE)",2023,COLT,"Ralph Beckett",T:107,A:x,T:x,-,-,-
"CAPE SOVEREIGN (IRE)",2022,GELDING,"Rebecca Menzies",A:36,A:42,T:45,T:63,A:64,T:48
"CAPE TORONADA (FR)",2023,FILLY,"Tony Carroll",T:53,T:52,A:38,A:x,T:x,T:x
"CAPH STAR (GB)",2019,GELDING,"Mark Rimell",T:57,A:73,T:73,A:67,A:63,A:50
"CAPICHERA (IRE)",2023,FILLY,"Ed Walker",T:82,T:x,A:x,T:x,-,-
"CAPITAL GUARANTEE (IRE)",2020,GELDING,"David O'Meara",T:56,T:56,T:80,T:45,T:67,A:39
"CAPLA DAVIEKINS (GB)",2022,GELDING,,A:0,T:x,T:x,T:x,-,-
"CAPODANNO (FR)",2016,GELDING,"Neil Mulholland",S:0,S:0,S:127,S:159,S:155,S:0
"CAPONE (GER)",2015,GELDING,"Dominic Ffrench Davis",T:35,A:45,A:39,A:34,A:18,T:31
"CAPOTE'S DREAM (IRE)",2017,GELDING,"Tom Ward",T:46,A:4,A:61,A:44,T:47,T:64
"CAPPA LASS (IRE)",2021,FILLY,"Oliver Greenall & Josh Guerriero",H:x,H:x,H:x,-,-,-
"CAPRELO (GB)",2021,GELDING,"Hughie Morrison",T:74,A:82,T:40,A:81,T:75,A:75
"CAPRICORN BELLE (USA)",2023,FILLY,,T:x,A:x,A:x,-,-,-
"CAPTAIN BELLAMY (GB)",2019,GELDING,"Chris Gordon",S:124,S:94,S:121,S:106,H:x,H:x
"CAPTAIN BENTLEY (GB)",2019,GELDING,"Michael Mullineaux",A:17,T:0,T:14,T:0,T:38,T:49
"CAPTAIN BOUDET (FR)",2019,GELDING,"David Pipe",S:105,S:83,S:0,S:110,S:70,S:111
"CAPTAIN BRETT (IRE)",2022,GELDING,"David Simcock",T:49,A:55,T:23,T:58,T:62,T:60
"CAPTAIN BRUCE (IRE)",2023,GELDING,"Andrew Crook",T:9,T:32,A:0,A:0,A:42,A:54
"CAPTAIN BUTLER (IRE)",2018,GELDING,"Ruth Jefferson",H:0,H:120,H:114,S:116,S:99,H:121
"CAPTAIN CAIRNEY (GB)",2023,COLT,"William Muir & Chris Grassick",A:50,A:61,A:60,T:53,A:51,A:x
"CAPTAIN CESS (IRE)",2022,GELDING,"Declan Carroll",T:55,A:36,T:8,T:48,T:59,T:59
"CAPTAIN CISCO (IRE)",2020,GELDING,"Joe Tickle",A:29,A:60,A:x,A:x,-,-
"CAPTAIN CONNOR (FR)",2022,GELDING,"Mark Walford",H:0,H:89,H:85,N:x,-,-
"CAPTAIN COOL (IRE)",2020,GELDING,"Jennie Candlish",S:121,S:109,H:107,H:107,H:0,H:101
"CAPTAIN CORELLI (IRE)",2017,GELDING,"Julie Camacho",A:29,T:42,T:8,T:63,T:59,T:59
"CAPTAIN FOX (IRE)",2023,GELDING,"Richard Hughes",A:75,A:x,T:x,A:x,A:x,-
"CAPTAIN HUGO (IRE)",2020,GELDING,"Philip Hobbs & Johnson White",H:133,H:135,H:x,H:x,H:x,H:x
"CAPTAIN KINSELLA (GB)",2022,GELDING,"John Gallagher",A:33,A:43,A:44,A:43,A:39,A:32
"CAPTAIN PARMA (IRE)",2022,GELDING,,T:51,T:68,T:60,A:78,A:78,A:72
"CAPTAIN PICKLES (IRE)",2022,GELDING,"Tony Culhane & Stella Barclay",A:49,A:55,A:54,A:54,A:40,A:48
"CAPTAIN POTTER (GB)",2020,GELDING,,T:19,T:75,A:38,T:70,A:64,T:66
"CAPTAIN ROBERT (GB)",2022,COLT,"James Fanshawe",T:60,A:60,A:58,A:61,A:58,A:61
"CAPTAIN TEAGUE (IRE)",2018,GELDING,"Dan Skelton",H:0,H:123,H:0,S:128,S:142,H:x
"CAPTAIN VALLO (IRE)",2018,GELDING,,A:30,A:55,A:58,A:55,A:50,T:55
"CAPTIOUS CANTOR (GB)",2022,FILLY,,T:42,T:46,A:39,T:51,A:52,T:52
"CAPUCHINERO (GB)",2019,FILLY,,A:45,A:61,A:47,A:37,A:54,A:63
"CARAGIO (IRE)",2020,GELDING,"Adam Kirby",A:66,T:73,A:68,A:52,A:61,A:59
"CARAMAY (GB)",2020,FILLY,"William Muir & Chris Grassick",T:67,A:74,A:74,A:76,A:75,A:77
"CARAMELO RAPIDO (IRE)",2019,GELDING,"Mark Walford",H:103,H:82,H:103,H:77,H:85,H:100
"CARAWAY (GB)",2023,FILLY,"William Haggas",T:63,A:47,A:56,A:x,T:x,T:x
"CARBINE HARVESTER (FR)",2022,GELDING,"William Haggas",T:62,T:72,A:78,A:76,A:78,A:89
"CARCACI CASTLE (IRE)",2016,GELDING,"Sandy Thomson",S:0,S:105,S:89,S:77,S:0,S:0
"CARDAMON HILL (IRE)",2017,GELDING,"Anna Slack",S:0,S:0,S:81,S:0,S:94,S:102
"CARDEROCK (IRE)",2022,GELDING,,A:55,A:59,T:58,T:61,T:62,T:59
"CARDINAL POINT (GB)",2022,FILLY,,A:64,A:74,A:68,A:67,A:67,A:66
"CAREFREE (IRE)",2023,FILLY,,A:22,A:x,T:x,T:x,-,-
"CAREFREE DREAM (GB)",2023,FILLY,"J. S. Moore",T:39,T:37,T:73,A:x,T:x,A:68
"CARGIN BHUI (IRE)",2021,GELDING,"David & Nicola Barron",T:70,A:76,A:78,A:76,A:70,A:62
"CARI BAY (GB)",2023,FILLY,,A:x,A:x,A:x,-,-,-
"CARIDA (GB)",2022,FILLY,"Simon West",T:0,T:16,A:36,A:29,A:50,T:x
"CARISMATIC SOLDIER (IRE)",2019,GELDING,"Sarah Hollinshead",H:90,H:98,H:101,H:93,H:104,H:114
"CARL SPACKLER (IRE)",2020,COLT,,T:100,T:100,T:112,-,-,-
"CARLENRIG (IRE)",2020,GELDING,,H:x,H:x,H:x,-,-,-
"CARLOS GARCIA (GB)",2022,GELDING,"John Davies",A:x,T:x,A:x,-,-,-
"CARLTON (GB)",2020,GELDING,"James Owen",T:82,A:66,H:105,A:81,A:78,H:91
"CARLTON AND CO (GB)",2019,FILLY,"Michael & David Easterby",T:47,A:49,A:65,A:65,T:55,A:51
"CARLY MINOGUE (GB)",2021,FILLY,"Mark Walford",T:x,T:x,T:x,-,-,-
"CARNATION QUEEN (IRE)",2023,FILLY,"Ollie Pears",T:47,A:30,A:56,T:x,T:45,T:x
"CARNIVAL DAY (IRE)",2021,GELDING,"Jim Boyle",T:79,T:66,T:79,T:63,T:79,T:79
"CARNIVAL ZAIN (GB)",2017,GELDING,,A:55,A:57,T:49,T:62,T:54,T:57
"CARO DES FLOS (FR)",2012,GELDING,"Julian Smith",S:62,S:0,S:82,S:78,S:74,S:70
"CAROLUS MAGNUS (IRE)",2018,GELDING,"Michael & David Easterby",T:54,T:65,A:40,A:64,A:53,T:65
"CARPE DIEM (FR)",2018,GELDING,"David Bridgwater",S:89,S:89,S:81,S:82,S:89,H:x
"CARRHILL (IRE)",2020,GELDING,"Miss C. S. Crozier",H:61,S:68,S:65,H:76,H:87,H:x
"CARRIG KATE (IRE)",2018,FILLY,,S:117,H:x,H:x,H:x,H:x,H:x
"CARRIGMOORNA ROWAN (IRE)",2017,GELDING,"Ryan Potter",S:97,S:96,S:85,S:85,H:104,S:97
"CARRON (IRE)",2022,GELDING,"George Boughey",T:78,T:61,A:86,A:74,A:82,T:47
"CARTWHEEL (GB)",2022,FILLY,"Dylan Cunha",T:58,T:46,T:43,A:51,A:46,A:53
"CARWYN (IRE)",2023,GELDING,"Patrick Morris",T:58,T:61,T:43,-,-,-
"CASA LOUPI (GB)",2017,GELDING,,H:0,H:91,H:x,H:55,H:114,H:0
"CASCADE HALL (IRE)",2019,GELDING,"Jim Goldie",T:59,T:59,A:41,A:45,T:47,T:22
"CASE STUDY (GB)",2023,FILLY,"George Boughey",T:50,A:x,T:x,T:x,-,-
"CASH (IRE)",2019,GELDING,"David Simcock",T:101,T:90,T:91,T:104,T:95,T:107
"CASH IN (GB)",2021,GELDING,,A:60,A:45,A:40,A:57,T:0,T:65
"CASHBOX (IRE)",2023,GELDING,"Charles Hills",T:54,T:78,A:74,T:64,T:x,T:x
"CASPADA (IRE)",2021,GELDING,"Donald McCain",H:x,H:x,H:x,N:x,N:x,-
"CASPARI (GB)",2021,GELDING,"Harry Fry",H:x,H:x,H:x,-,-,-
"CASPIAN KING (GER)",2022,GELDING,,A:73,A:76,T:34,A:73,T:72,T:64
"CAST NO SHADOW (GB)",2021,GELDING,"Hugo Palmer",A:0,A:53,A:39,A:55,A:66,A:32
"CAST'S GEORGIE (GB)",2021,FILLY,"Robert Walford",H:x,H:x,H:x,-,-,-
"CAST'S TASHA (IRE)",2017,FILLY,"Ben Clarke",H:106,H:65,H:87,H:0,H:110,H:100
"CASTAN (GB)",2020,GELDING,"Bryan Smart",T:66,T:75,A:80,A:63,A:75,A:75
"CASTANEA BREEZE (IRE)",2020,GELDING,"Lucy Wadham",H:96,H:94,H:94,H:90,H:88,H:x
"CASTELLINA (GB)",2022,FILLY,,A:28,M:46,T:37,T:46,T:33,A:51
"CASTLE CARROCK (IRE)",2019,GELDING,"Alan King",H:0,H:132,H:112,H:x,H:x,H:x
"CASTLE COVE (IRE)",2021,GELDING,"William Haggas",T:101,T:92,T:89,T:92,T:93,T:x
"CASTLE IVERS (IRE)",2019,GELDING,"Olly Murphy",H:124,H:60,H:x,N:x,N:x,N:x
"CASTLE QUARTER (IRE)",2016,GELDING,"Neil Mulholland",H:51,H:85,H:0,H:89,H:0,H:76
"CASTLE ROBIN (IRE)",2015,GELDING,"Darren McAlinden",S:0,S:122,S:105,S:121,S:132,S:0
"CASTLE ROCK (GB)",2023,COLT,"Charlie Appleby",T:x,T:x,T:x,-,-,-
"CASTLE STUART (IRE)",2022,COLT,"Richard & Peter Fahey",T:77,T:90,T:86,T:86,T:92,T:83
"CASTLEKEELY (IRE)",2023,GELDING,"James Owen",A:43,T:37,T:31,T:x,A:x,T:x
"CASTRILLO (IRE)",2023,COLT,,T:60,T:x,T:x,T:x,-,-
"CASTRO AURUM (GB)",2022,FILLY,,A:38,T:46,T:51,T:72,T:70,T:x
"CASUAL ENCOUNTER (GB)",2022,FILLY,"Barry Brennan",A:37,H:0,H:x,H:x,H:x,T:37
"CASUAL OBSERVER (IRE)",2019,GELDING,"Harry Derham",S:104,S:109,S:109,H:113,H:103,H:x
"CATALAN KING (GB)",2021,GELDING,,H:0,H:0,H:0,H:x,H:53,H:21
"CATALYSE (IRE)",2022,GELDING,"Jim Goldie",T:41,A:55,T:59,T:76,T:72,T:78
"CATBOY (FR)",2020,GELDING,,S:0,H:69,H:55,S:0,H:56,H:50
"CATCH CATCHFIRE (GB)",2019,GELDING,"Ian Williams",S:0,S:0,S:111,S:0,S:105,H:107
"CATCH CUNNINGHAM (IRE)",2019,GELDING,,A:31,A:41,A:49,A:40,T:57,T:56
"CATCH ON ME (FR)",2020,GELDING,"Venetia Williams",H:x,H:x,H:114,H:x,H:x,-
"CATCHIM (IRE)",2018,GELDING,"Charles & Adam Pogson",S:61,S:99,S:76,S:0,S:87,S:99
"CATCHING THE MOON (IRE)",2023,FILLY,"Richard & Peter Fahey",T:80,T:98,T:x,T:x,-,-
"CATCHINTSAVO (IRE)",2020,GELDING,,H:x,H:x,H:x,H:x,H:x,H:x
"CATERPILLAR GIRL (GB)",2021,FILLY,"Tom George",S:72,S:0,H:x,H:x,H:x,N:x
"CATHEDRAL (GB)",2022,FILLY,"Kevin Philippart de Foy",T:109,A:99,T:98,T:107,T:102,T:106
"CATHERINE CHROI (IRE)",2018,FILLY,,A:45,A:45,A:39,A:43,A:36,A:48
"CATTON LADY (GB)",2021,FILLY,"Michael & David Easterby",T:64,T:66,A:46,T:60,T:66,T:57
"CATULLUS (IRE)",2023,GELDING,"Charlie Appleby",T:107,T:96,T:x,T:x,T:x,-
"CATWALK GIRL (IRE)",2020,FILLY,"Max Comley",H:92,S:110,H:0,H:x,H:x,H:x
"CAUGHTINYOURTRANCE (IRE)",2019,GELDING,"James Moffatt",S:121,S:121,S:0,S:122,S:121,H:x
"CAUGHTREDHANDED (GB)",2022,GELDING,,T:65,A:x,T:x,T:x,T:x,-
"CAUSIN A COMMOTION (IRE)",2022,GELDING,,A:15,A:29,A:21,A:40,T:38,T:7
"CAUSING PROBLEMS (IRE)",2023,GELDING,"James Owen",T:24,A:57,A:x,T:x,T:x,-
"CAVALIER DU LUY (IRE)",2021,GELDING,"N. W. Alexander",H:x,H:x,H:x,-,-,-
"CAVALLO BAY (GB)",2022,GELDING,"Charlie Appleby",A:91,T:x,A:x,A:x,-,-
"CAVALLO PAZZO (IRE)",2019,GELDING,"Daragh Bourke",T:51,T:58,T:51,T:50,T:69,T:25
"CAVALRY CALL (IRE)",2021,GELDING,"Patrick Morris",T:43,H:x,H:x,A:46,A:58,T:35
"CAVE ARTICLE (IRE)",2019,GELDING,"Christian Williams",S:0,S:77,S:76,S:69,S:80,S:89
"CAVE HILL (GB)",2019,GELDING,"Ian Duncan",S:71,S:57,S:57,S:51,S:75,S:80
"CAVIAR COWBOY (GB)",2023,COLT,"James Fanshawe",A:85,A:82,A:x,A:x,A:x,-
"CAVOLO NERO (GB)",2022,GELDING,"James Ferguson",T:80,T:85,A:86,A:86,T:74,T:81
"CAWTHORNE BANKER (IRE)",2018,GELDING,"Jonjo & A.J. O'Neill",H:51,H:0,H:0,H:48,H:13,H:88
"CAWTHORNE CRACKER (IRE)",2019,GELDING,"Oliver Greenall & Josh Guerriero",S:81,S:66,S:77,H:79,S:0,S:85
"CAYMAN DANCER (GB)",2022,COLT,"Gary & Josh Moore",H:109,H:x,H:x,H:107,A:77,A:72
"CAYMAN TAI (IRE)",2022,GELDING,"Richard Hannon",T:75,A:77,T:68,T:65,A:63,A:70
"CECILIA STAR (IRE)",2022,FILLY,"Lucy Wadham",H:x,H:103,H:x,T:19,T:78,T:75
"CEEJAYBE (GB)",2020,GELDING,"Jo Davis",S:0,S:0,S:76,S:67,S:76,H:0
"CELANDINE (GB)",2022,FILLY,"Ed Walker",T:68,T:100,T:84,T:98,T:95,T:103
"CELEBORN (GB)",2022,GELDING,"George Boughey",T:87,T:89,T:81,T:x,T:x,-
"CELEBRATING ETHEL (IRE)",2019,FILLY,"Tony Carroll",T:40,T:45,A:43,A:49,A:37,A:48
"CELESTARAK (IRE)",2023,GELDING,"David Menuisier",T:56,A:x,T:x,T:x,-,-
"CELESTIAL FASHION (GB)",2018,FILLY,"Ian Duncan",S:49,S:90,S:110,S:105,S:89,S:94
"CELESTIAL REIGN (IRE)",2021,GELDING,"Micky Hammond",H:75,H:0,H:78,H:60,H:91,H:x
"CELESTIAS COMET (IRE)",2022,FILLY,"James Fanshawe",T:67,A:64,A:58,T:29,A:x,A:x
"CELESTRA (FR)",2023,FILLY,"John & Thady Gosden",A:x,T:x,T:x,T:x,-,-
"CELINE MAN (IRE)",2018,GELDING,"J. R. Jenkins",H:52,H:0,H:0,H:0,H:82,-
"CELTIC ARROW (FR)",2023,FILLY,"Julie Camacho",A:x,A:x,A:x,-,-,-
"CELTIC DINO (FR)",2019,GELDING,"Sam Thomas",H:147,H:150,H:150,H:137,H:x,H:x
"CELTIC JOHN (IRE)",2021,GELDING,"Pat Phelan",T:45,A:43,A:45,A:39,A:50,A:51
"CELTIC QUEEN (GB)",2020,FILLY,"Tim Vaughan",H:25,H:87,H:x,H:x,H:x,A:x
"CELTIC SPIRIT (GB)",2022,GELDING,"Karen Jewell",T:54,T:28,A:x,A:x,A:x,-
"CENSUS (FR)",2022,GELDING,"Simon & Ed Crisford",A:82,T:x,A:x,T:x,-,-
"CENTARA (IRE)",2018,GELDING,"Paul Nicholls",S:120,S:0,S:135,S:130,S:131,S:126
"CENTRAL COMMAND (IRE)",2023,GELDING,"Simon & Ed Crisford",T:53,A:71,A:x,A:x,A:x,-
"CENTURION'S SISTER (IRE)",2020,FILLY,"Nicky Richards",H:x,H:x,H:x,H:x,H:x,N:x
"CEOL DRAIOCHTA (IRE)",2021,GELDING,"Adam Nicol",H:x,-,-,-,-,-
"CEOLWULF (GB)",2016,GELDING,"Fionn McSharry",S:98,S:95,S:93,S:83,S:91,S:89
"CEPHALUS (GB)",2019,GELDING,"Chelsea Banham",A:57,A:54,A:56,A:42,A:68,A:63
"CERELIA (IRE)",2022,FILLY,,A:x,A:x,A:x,A:x,-,-
"CERENDIPITY (IRE)",2017,GELDING,,S:88,S:90,S:109,S:112,S:0,S:116
"CERRO BLANCO (GB)",2023,COLT,"Charlie Appleby",T:104,T:x,-,-,-,-
"CERTAIN LAD (GB)",2016,GELDING,"Jack Channon",T:95,T:94,T:103,T:105,T:112,T:111
"CERTAIN STYLE (GB)",2020,FILLY,,A:32,A:22,A:23,T:38,T:21,M:30
"CERTAINLY RED (GB)",2014,GELDING,"Lydia Richards",S:137,S:0,S:142,S:141,S:137,S:135
"CERULEAN BAY (IRE)",2021,GELDING,"David O'Meara",T:105,T:103,T:103,T:91,T:103,T:100
"CEZARRO (IRE)",2022,GELDING,"Ross Burdon",T:46,T:38,A:47,A:43,A:52,A:36
"CHAIN LINK (GB)",2023,GELDING,"James Horton",T:x,T:x,T:x,-,-,-
"CHAIRMANFOURTIMES (IRE)",2023,GELDING,"Adrian Keatley",T:69,A:70,T:78,T:94,T:81,T:81
"CHALE CHALO (IRE)",2023,GELDING,"Tom Dascombe",A:78,A:78,A:75,A:71,T:66,T:x
"CHALK MOUNTAIN (GB)",2020,GELDING,"Zoe Hawkins",A:83,A:81,A:76,A:77,T:76,T:x
"CHAMBERS (IRE)",2022,GELDING,"Faye Bramley",H:x,H:x,A:48,A:59,T:55,T:47
"CHAMPAGNE CHIC (IRE)",2020,GELDING,"Jeremy Scott",H:127,H:130,H:124,H:118,H:106,H:75
"CHAMPAGNE DREAM (GB)",2023,COLT,,A:32,A:x,T:x,T:x,-,-
"CHAMPAGNE POWDER (FR)",2022,GELDING,"Oliver Cole",T:32,A:74,A:70,A:82,A:x,A:x
"CHAMPAGNE TWIST (IRE)",2018,GELDING,"Ben Pauling",H:120,H:0,H:106,H:0,H:0,S:0
"CHAMPAGNEBREAKFAST (GB)",2022,FILLY,,T:0,T:12,A:x,A:x,A:x,-
"CHAMPION AGAIN OLE (IRE)",2022,GELDING,"Roger Varian",A:81,A:77,T:62,A:x,T:x,A:x
"CHAMPION ISLAND (IRE)",2023,COLT,,A:60,A:68,T:56,T:78,T:78,A:x
"CHAMPONIE (GB)",2023,FILLY,"George Boughey",T:59,T:80,A:x,A:x,-,-
"CHANCELLOR (GB)",2022,GELDING,"John & Thady Gosden",A:107,A:107,A:109,A:109,A:105,T:87
"CHANGE OF FORTUNE (GB)",2019,GELDING,"Bernard Llewellyn",A:47,A:39,A:42,T:36,T:47,T:52
"CHANGE SINGS (IRE)",2020,GELDING,"Eve Johnson Houghton",T:78,T:76,A:83,T:71,A:83,T:91
"CHANGEMYLUCK (GB)",2020,FILLY,"Stuart Coltherd",H:x,H:x,H:x,H:x,H:x,N:x
"CHANGEOFMIND (IRE)",2020,GELDING,"Declan Carroll",T:81,T:53,T:70,T:58,T:77,T:63
"CHANONRY POINT (IRE)",2020,FILLY,"Lucinda Russell & Michael Scudamore",H:49,H:96,H:x,H:x,N:x,N:x
"CHANTELLE (GB)",2023,FILLY,"Sir Mark Prescott Bt",A:80,A:x,A:x,-,-,-
"CHANTILLY LACE (IRE)",2022,FILLY,"Ralph Beckett",T:92,T:91,T:102,T:105,T:105,T:x
"CHAPEL GREEN (IRE)",2017,GELDING,"Lucinda Russell & Michael Scudamore",S:71,S:102,S:0,S:90,S:98,S:0
"CHAPELIER (IRE)",2012,GELDING,"John Whyte",H:0,H:89,H:0,H:102,H:0,H:50
"CHAPMAN'S PEAK (GB)",2023,GELDING,"Ed Dunlop",A:48,A:57,T:37,A:72,A:68,T:x
"CHAPTER (IRE)",2023,GELDING,"Charles Hills",T:63,T:76,T:77,A:x,T:x,T:x
"CHARACTER TESTING (GB)",2021,GELDING,"Mark Walford",H:95,H:88,T:50,T:54,H:80,H:95
"CHARCON (GB)",2023,FILLY,"Ben Haslam",A:33,A:34,A:x,A:x,T:x,-
"CHARENCEY (IRE)",2020,GELDING,"Ian Williams",T:49,T:48,T:49,T:57,T:57,T:43
"CHARGING BULL (IRE)",2022,GELDING,"Michael Keady",T:45,A:27,A:52,A:42,A:35,A:39
"CHARGING THUNDER (GB)",2018,GELDING,"James Owen",H:108,T:84,T:89,A:65,A:89,A:87
"CHARISMA CAT (GB)",2020,FILLY,"Alan King",H:x,H:132,H:x,H:x,H:x,H:x
"CHARLATAN (IRE)",2020,GELDING,"David Simcock",T:39,A:52,A:45,A:55,A:42,A:53
"CHARLES DARNAY (GB)",2023,GELDING,"James Owen",A:x,A:x,A:x,-,-,-
"CHARLES MORIN (GB)",2021,GELDING,"Pat Phelan",T:32,A:52,A:52,H:74,A:54,A:41
"CHARLES RITZ (GB)",2016,GELDING,"Tom George",S:105,S:121,S:110,S:122,S:120,S:0
"CHARLIE BOYO (IRE)",2023,GELDING,"Clive Cox",T:x,T:x,T:x,-,-,-
"CHARLIE DARLING (FR)",2020,GELDING,"Alan Brown",T:59,A:62,A:58,A:55,A:38,A:54
"CHARLIE MASON (GB)",2021,GELDING,"Tony Carroll",A:70,T:61,A:73,A:66,A:71,A:72
"CHARLIE MY BOY (IRE)",2017,GELDING,"J. R. Jenkins",H:92,H:85,H:0,H:93,H:93,H:73
"CHARLIE'S CHOICE (GB)",2020,GELDING,"David Simcock",T:72,A:70,A:53,A:78,A:76,A:80
"CHARLIES JETAWAY (IRE)",2021,GELDING,"Syd Hosie",S:0,H:77,H:x,H:x,H:x,-
"CHARLOTTE CORDAY (IRE)",2023,FILLY,,A:61,A:53,A:68,A:68,T:66,T:x
"CHARLOTTE'S WEB (IRE)",2021,FILLY,,T:99,T:93,T:103,T:102,T:90,A:103
"CHARLUS (IRE)",2021,GELDING,"Dan Skelton",H:0,H:107,H:0,T:91,T:79,H:96
"CHARMAINE (GB)",2021,FILLY,"James Fanshawe",T:80,T:79,A:83,A:78,A:87,T:85
"CHARMING DOLL (IRE)",2023,FILLY,"Ismail Mohammed",A:56,A:x,A:x,A:x,-,-
"CHARMING FELLOW (GB)",2022,GELDING,,T:0,A:35,A:40,A:0,T:14,T:58
"CHARMING PRINCESS (IRE)",2022,FILLY,,T:72,M:84,T:x,T:x,T:x,-
"CHARTWELL JOCK (GB)",2022,GELDING,"Seamus Mullins",H:87,H:94,H:92,H:93,H:78,A:35
"CHASE A FORTUNE (GB)",2018,GELDING,"Chris Grant",H:106,H:116,H:116,H:116,H:109,S:106
"CHASING GLANCE (GB)",2018,GELDING,"Tom Ellis",H:x,H:x,H:x,-,-,-
"CHASING GOLD (GB)",2022,GELDING,"Michael Keady",T:0,A:53,A:54,A:51,A:48,A:54
"CHASING TIME (IRE)",2023,GELDING,"Charlie Appleby",T:x,A:x,A:x,-,-,-
"CHASINGOUTTHEBLUES (IRE)",2019,GELDING,"Mark Walford",S:122,S:125,S:125,S:121,S:119,S:113
"CHATEAU DU LYS (GB)",2019,GELDING,"Tom Gretton",S:40,S:61,S:0,S:0,S:53,S:62
"CHATTAMENTO (IRE)",2020,FILLY,,H:x,H:x,N:x,N:x,N:x,-
"CHATTY GIRL (IRE)",2021,FILLY,,H:x,H:x,H:x,H:x,H:x,N:x
"CHAVEZ (IRE)",2016,GELDING,"Venetia Williams",H:54,S:107,S:0,S:0,H:x,H:x
"CHECK THE SCORE (IRE)",2018,GELDING,"Fergal O'Brien",S:79,H:92,S:105,H:x,H:x,H:x
"CHECKANDCHALLENGE (GB)",2019,GELDING,"William Knight",T:100,T:99,T:97,T:104,T:98,T:106
"CHEDINGTON'S GUEST (GB)",2019,GELDING,"Keiran Burke",H:72,H:93,H:88,H:x,H:x,H:x
"CHEERLEADER (GB)",2022,FILLY,"Tina Jackson",T:44,T:59,T:39,T:62,T:55,T:47
"CHEESY ICON (GB)",2020,GELDING,"Mel Rowley",H:117,H:x,H:x,H:x,N:x,N:x
"CHELIO (GB)",2023,GELDING,"Denis Coakley",T:51,T:47,A:x,A:x,A:x,-
"CHELSEA ANNIE (IRE)",2019,FILLY,,H:0,H:53,H:43,T:0,H:86,H:x
"CHELSEA OLD CHURCH (GB)",2022,GELDING,,A:x,T:62,T:0,T:59,T:x,A:x
"CHEMISTRY (IRE)",2021,GELDING,"Jennie Candlish",H:x,T:82,H:x,A:87,A:72,A:94
"CHEMOULIN (FR)",2020,GELDING,"Charlie Longsdon",H:106,H:x,H:x,H:x,-,-
"CHER MONSIEUR (FR)",2020,GELDING,"Neil Mulholland",S:93,S:90,H:86,H:83,H:75,H:77
"CHER TARA (IRE)",2019,FILLY,"Daragh Bourke",H:59,H:83,H:84,H:87,H:91,H:96
"CHERRY BAKER (GB)",2023,FILLY,"James Owen",T:89,T:85,T:67,A:x,A:x,T:x
"CHERRY COBBLER (GB)",2022,GELDING,"Stuart Williams",T:75,T:52,A:62,A:64,A:71,A:71
"CHERRY COLA (GB)",2016,FILLY,"Sheena West",T:35,T:51,T:49,T:52,T:51,T:55
"CHERRY HILL (GB)",2021,FILLY,"Dominic Ffrench Davis",T:0,A:31,A:28,T:28,A:14,A:46
"CHESHIRE BELLE (IRE)",2022,FILLY,,T:16,T:49,T:0,T:x,T:x,T:x
"CHESHIRE DANCER (IRE)",2021,FILLY,"Hugo Palmer",T:88,T:47,T:86,T:103,T:96,T:86
"CHESNEYS CHARM (GB)",2022,GELDING,"Ivan Furtado",T:54,T:53,A:63,T:59,A:72,T:70
"CHESTNUT PETE (GB)",2015,GELDING,,S:97,S:97,S:91,S:95,S:93,S:90
"CHEVINGTON (GB)",2019,GELDING,"Alastair Ralph",H:92,H:96,H:x,H:x,H:x,H:x
"CHIBITTY (FR)",2022,GELDING,"David Simcock",-,-,-,-,-,-
"CHIC COLOMBINE (FR)",2021,FILLY,,T:25,T:82,T:91,T:89,T:82,T:85
"CHICAGO STORM (GB)",2019,GELDING,"Barry Murtagh",H:98,A:60,A:66,A:62,H:30,S:0
"CHICO DULCE (GB)",2020,GELDING,"Michael Madgwick",A:46,A:55,A:51,A:56,A:51,A:52
"CHICO MAGNIFICA (IRE)",2022,GELDING,"Olly Murphy",H:90,H:x,H:x,H:x,H:83,T:80
"CHICORY (GB)",2023,FILLY,"Ed Walker",A:74,T:79,A:74,T:x,T:x,-
"CHIEDOZIE (GB)",2021,GELDING,"Phil McEntee",A:36,A:39,A:44,A:42,A:40,A:34
"CHIEF BLACK ROBE (IRE)",2016,GELDING,"Fergal O'Brien",S:63,S:94,S:0,H:0,S:98,S:74
"CHIEF O'HARA (IRE)",2020,GELDING,,S:91,S:86,S:74,S:16,H:x,H:x
"CHIEF OF STATE (IRE)",2021,GELDING,,A:54,T:54,T:55,A:50,A:43,T:51
"CHIEF RED WING (IRE)",2023,GELDING,,A:66,A:x,T:x,T:x,-,-
"CHIEF SUNDAY (FR)",2020,GELDING,"Nigel & Willy Twiston-Davies",H:74,H:81,H:0,H:75,H:95,H:104
"CHIFA (IRE)",2017,GELDING,"Ed de Giles",T:49,A:64,A:64,A:51,A:63,A:72
"CHILLHI (IRE)",2020,GELDING,"Barry Murphy",H:69,H:43,A:0,H:75,H:100,A:46
"CHILLI QUEEN (GB)",2022,FILLY,"Emma Lavelle",A:91,T:87,T:86,A:79,A:x,A:x
"CHILLICONCARNEIGH (IRE)",2023,GELDING,,A:38,A:44,A:55,A:54,A:55,A:52
"CHILLINGHAM (IRE)",2019,GELDING,"Micky Hammond",T:65,H:x,H:x,T:81,T:90,T:89
"CHILLY BREEZE (GB)",2022,GELDING,"Ian Williams",T:48,A:56,T:68,A:x,T:x,A:x
"CHIMES OF THUNDER (GER)",2023,FILLY,"William Haggas",T:x,T:x,T:x,-,-,-
"CHIN CHIN GINNY (GB)",2022,FILLY,,A:0,A:x,A:x,A:x,-,-
"CHIPSTEAD (GB)",2018,GELDING,"Roger Teal",T:80,T:0,T:92,T:88,T:89,T:90
"CHLOE'S COURAGE (GB)",2022,FILLY,"John Ryan",A:29,A:42,A:53,A:40,A:51,A:34
"CHOICE RUNNER (IRE)",2020,GELDING,,S:68,S:0,H:83,H:64,H:96,H:x
"CHOIR BOY (IRE)",2023,COLT,"Antony Brittain",A:x,A:x,-,-,-,-
"CHOLA EMPIRE (GB)",2019,GELDING,"David Simcock",A:61,A:66,A:69,A:71,A:62,A:71
"CHOOSE A COPPER (IRE)",2018,GELDING,"Lucinda Russell & Michael Scudamore",S:107,S:68,S:106,S:86,S:0,S:100
"CHORUS (GB)",2021,FILLY,,T:89,T:99,T:87,T:100,T:92,T:93
"CHOSEN BAE (IRE)",2019,FILLY,"Ryan Potter",H:58,H:36,S:25,H:63,H:57,H:60
"CHOSEN HERO (IRE)",2018,FILLY,"James Owen",H:0,H:0,H:0,H:53,H:75,H:92
"CHOURMO (GB)",2020,GELDING,,T:0,A:47,A:45,A:45,T:36,T:53
"CHRIS'S MATE (GB)",2021,GELDING,,A:29,A:32,A:50,A:36,A:45,A:38
"CHRISTIAN DAVID (IRE)",2021,COLT,"Richard Hannon",T:77,T:88,T:87,A:75,A:92,T:37
"CHUGGY (GB)",2020,GELDING,,S:115,S:124,S:127,S:115,S:106,H:96
"CHUMLEE (IRE)",2015,GELDING,"Sandy Forster",S:59,S:0,S:92,S:82,S:81,S:98
"CHURCHILL'S SPIRIT (IRE)",2023,FILLY,"Tom Clover",A:x,A:x,T:x,-,-,-
"CHURCHMAN (GB)",2018,GELDING,"Alastair Ralph",H:77,H:69,H:70,H:79,H:77,H:70
"CHUTI MANIKA (IRE)",2022,COLT,,T:58,T:43,T:56,T:45,T:60,A:51
"CHUZZLEWIT (GB)",2020,GELDING,"Seb Spencer",T:45,A:54,A:50,A:64,T:66,A:70
"CIAO BELLISIMA (GB)",2020,FILLY,,H:x,H:x,H:x,-,-,-
"CIAO CAPO (IRE)",2023,GELDING,"Richard & Peter Fahey",T:63,T:55,A:61,A:54,T:49,T:x
"CIARA PEARL (GB)",2020,FILLY,"Daniel & Claire Kubler",T:77,T:92,T:97,T:65,T:88,T:74
"CIARA STORM (GB)",2020,FILLY,,A:30,A:21,A:28,A:2,T:37,A:36
"CIARRAI ABU (IRE)",2023,GELDING,"Harry Eustace",T:x,T:x,-,-,-,-
"CICERO'S GIFT (GB)",2020,GELDING,"Charles Hills",T:109,T:111,T:119,T:109,T:108,T:92
"CILL MOCHEALLOG (IRE)",2021,GELDING,"Dean Ivory",A:62,A:66,A:49,A:58,A:65,A:49
"CINAMMON COCO (IRE)",2022,GELDING,"David Pipe",T:40,H:x,H:0,H:91,-,-
"CINCINNATI GOLD (IRE)",2023,COLT,"Joseph Parr",A:x,A:x,A:x,-,-,-
"CINDERELLA MAN (IRE)",2021,GELDING,,A:43,A:54,A:41,A:49,T:51,T:x
"CINDERELLA'S DREAM (GB)",2021,FILLY,,T:101,T:115,T:114,T:115,T:105,T:x
"CINDERELLO (GB)",2020,FILLY,"Alex Hales",H:89,H:83,H:77,H:73,H:78,H:x
"CINDY LOU WHO (GB)",2022,FILLY,"Tony Carroll",T:71,T:97,A:83,T:84,T:79,T:76
"CINNODIN (GB)",2020,GELDING,"Jamie Snowden",H:104,H:102,H:87,H:x,H:x,H:x
"CINQUE VERDE (GB)",2020,FILLY,"Tony Carroll",T:60,T:95,A:80,T:83,T:82,T:84
"CINQUENTA (FR)",2020,GELDING,"Jamie Snowden",H:x,H:116,H:x,H:x,H:x,N:x
"CIOTOG (IRE)",2018,GELDING,"Mark Loughnane",T:42,T:39,A:47,T:49,A:52,A:47
"CIRCE (IRE)",2021,FILLY,"Richard Hannon",A:87,T:86,T:94,T:97,T:94,T:96
"CIRCIOS (IRE)",2022,FILLY,,T:54,T:x,T:x,T:x,-,-
"CIRCLE OF SECRETS (FR)",2022,GELDING,"Fergal O'Brien",H:40,H:x,-,-,-,-
"CIRCLE OF TRUST (IRE)",2023,GELDING,"Kevin Ryan",T:53,T:27,T:67,T:x,T:x,T:x
"CIRCUIT BREAKER (GB)",2020,GELDING,"Jonjo & A.J. O'Neill",T:67,A:74,A:68,H:88,A:75,A:75
"CIRCUS OF ROME (GB)",2022,GELDING,"Richard Hughes",T:89,T:98,T:98,A:98,T:88,T:76
"CISCO DISCO (IRE)",2018,GELDING,"R. Mike Smith",T:60,T:77,T:71,T:70,T:53,T:60
"CITY CAPTAIN (GB)",2022,GELDING,"Harriet Bethell",T:72,T:78,A:76,T:78,T:70,T:62
"CITY CYCLONE (GB)",2020,GELDING,"Tony Carroll",A:71,A:67,A:79,A:76,A:75,A:73
"CITY ESCAPE (IRE)",2017,FILLY,"Nikki Evans",T:47,A:54,T:47,T:55,A:53,A:57
"CITY OF DELIGHT (USA)",2021,GELDING,"David Menuisier",T:90,T:81,T:41,T:90,T:90,T:87
"CITY OF DIAMONDS (IRE)",2020,GELDING,"Clive Boultbee-Brooks",H:91,H:95,H:67,H:109,H:113,H:116
"CITY OF DREAMS (IRE)",2023,GELDING,"Edward Bethell",T:36,A:54,A:54,A:x,A:x,A:x
"CITY OF GOD (IRE)",2022,GELDING,"Michael Attwater",A:72,A:70,A:x,A:71,T:40,T:76
"CITY OF KINGS (GB)",2020,GELDING,"Ian Williams",T:87,T:x,T:x,-,-,-
"CITY OF POETS (IRE)",2022,COLT,"James Tate",T:91,T:87,A:92,A:91,A:88,T:70
"CITY OF YORK (GB)",2020,GELDING,,A:50,A:56,A:36,A:50,T:63,T:67
"CITY QUEEN (IRE)",2023,FILLY,"Charlie Appleby",A:82,A:82,A:x,A:x,T:x,-
"CIXI (USA)",2023,FILLY,"Michael Bell",T:x,A:x,A:x,-,-,-
"CK O'MARA (IRE)",2021,GELDING,"R. Mike Smith",H:87,H:74,H:88,H:72,H:x,H:x
"CLAIM DU BRIZAIS (FR)",2020,FILLY,,S:98,S:87,S:97,S:84,S:81,S:95
"CLANSMAN (GB)",2018,GELDING,"Liam Bailey",A:71,A:66,A:71,A:69,A:66,A:67
"CLAP OF THUNDER (IRE)",2020,GELDING,"Nigel & Willy Twiston-Davies",S:117,H:118,H:x,H:x,H:117,H:x
"CLARENDON HOUSE (GB)",2018,GELDING,"Robert Cowell",A:0,A:0,T:0,T:0,T:100,A:108
"CLASSIC (GB)",2020,GELDING,"Richard Hannon",T:99,T:95,T:79,T:94,T:92,T:88
"CLASSIC CUVEE (GB)",2023,FILLY,"Roger Varian",T:79,T:68,T:63,T:x,T:x,-
"CLASSIC ENCOUNTER (IRE)",2021,GELDING,"George Boughey",T:88,T:78,T:73,T:85,T:77,T:80
"CLASSIC KING (IRE)",2018,GELDING,"Emma Lavelle",S:132,S:128,H:122,H:129,H:132,H:130
"CLASSIC LADY (IRE)",2015,FILLY,,H:0,H:88,H:44,H:88,H:78,S:58
"CLASSIC MAESTRO (IRE)",2018,GELDING,"Jennie Candlish",S:131,S:126,S:0,S:130,S:114,S:0
"CLASSIC SPEED (IRE)",2020,GELDING,,A:24,A:26,A:55,A:40,T:46,T:37
"CLASSICAL ALLUSION (GB)",2022,GELDING,"Andrew Balding",T:0,T:79,A:x,A:x,-,-
"CLASSICAL STING (GB)",2020,GELDING,"L J Morgan",S:0,H:94,S:0,S:96,S:98,H:x
"CLASSY AL (GB)",2018,GELDING,"Jim Goldie",T:62,T:58,T:40,T:40,T:8,T:38
"CLASSY CLARETS (IRE)",2021,GELDING,"Iain Jardine",T:54,T:52,T:56,T:51,A:53,A:53
"CLAXTON BAY (GB)",2021,GELDING,,A:55,A:51,A:44,T:38,T:62,T:59
"CLAYMORE (FR)",2019,GELDING,"Jane Chapple-Hyam",T:92,A:93,T:90,T:91,T:85,T:95
"CLAYTONS KOLATONIC (GB)",2023,GELDING,"Dominic Ffrench Davis",T:54,A:x,A:x,A:x,-,-
"CLEAN GETAWAY (IRE)",2017,GELDING,"Philip Kirby",S:85,H:68,S:89,S:67,H:83,H:58
"CLEAR ABOVE (GB)",2023,GELDING,"Richard & Peter Fahey",T:56,T:56,A:53,A:56,A:x,A:x
"CLEAR FORCE (IRE)",2023,COLT,,T:84,T:87,T:80,T:84,T:88,T:x
"CLEAR SKY (GB)",2022,FILLY,,H:x,H:x,H:x,N:x,-,-
"CLEAR STORM (GB)",2021,FILLY,"Neil Mulholland",H:96,H:97,H:92,H:80,H:87,H:91
"CLEARPOINT (GB)",2020,GELDING,"Simon Hodgson",T:90,A:99,A:100,A:96,A:97,A:91
"CLERMONT FERRAND (IRE)",2021,FILLY,,A:84,T:75,T:72,T:66,T:x,T:x
"CLEVER RELATION (GB)",2020,GELDING,"Christian Williams",H:x,H:x,H:x,T:0,T:x,T:70
"CLIFFCAKE (IRE)",2018,COLT,"Roy Bowring",T:36,A:56,T:68,T:68,T:53,T:46
"CLIPPER (IRE)",2023,GELDING,,A:4,T:x,T:x,T:x,-,-
"CLIPSHAM LA HABANA (GB)",2020,GELDING,,T:21,A:46,T:25,T:48,T:59,A:47
"CLIPSHAM NOBLE (IRE)",2022,GELDING,"Charlie Clover",T:50,T:46,T:44,T:40,A:40,A:41
"CLIPSTONE (GB)",2023,GELDING,"Ed de Giles",A:27,T:30,T:x,T:x,T:x,-
"CLOAKS OF GOLD (IRE)",2022,FILLY,"Simon Dow",H:109,H:109,H:109,H:x,A:68,A:56
"CLOCH NUA (GB)",2019,GELDING,"Tony Culhane & Stella Barclay",T:52,A:54,A:32,A:43,A:56,A:38
"CLOCKER (GB)",2023,FILLY,"Edward Bethell",A:x,T:x,T:x,-,-,-
"CLOCKMAKER (GB)",2021,GELDING,,A:61,A:71,T:61,T:77,A:76,T:80
"CLONAKILTY (IRE)",2017,GELDING,"Lizzie Quinlan",S:28,S:96,S:63,S:0,H:49,S:111
"CLONDAW ROYALE (IRE)",2019,GELDING,"Jonjo & A.J. O'Neill",H:0,H:99,H:103,H:99,H:33,H:51
"CLONQUEST (GB)",2023,COLT,"David & Nicola Barron",T:x,A:x,A:x,-,-,-
"CLOSE COMBAT (IRE)",2021,GELDING,"Nigel Hawke",H:80,H:0,H:100,H:102,H:x,H:x
"CLOTH OF GOLD (IRE)",2022,COLT,"Charlie Johnston",A:86,T:67,A:x,A:x,T:x,-
"CLOTILDA (FR)",2021,FILLY,"Paul Nicholls",S:114,S:115,S:0,S:116,S:116,H:103
"CLOUD FREE (IRE)",2021,GELDING,,H:x,A:0,A:41,A:36,A:30,T:40
"CLOUD KING (GB)",2021,GELDING,"Robert Cowell",A:73,A:80,A:80,A:64,A:79,T:63
"CLOUDBUSTER (GB)",2023,FILLY,"Dr Richard Newland & Jamie Insole",A:59,T:76,T:74,T:x,T:x,T:x
"CLOUDS HILL (IRE)",2022,COLT,"Charlie Johnston",T:71,T:87,T:87,A:74,A:x,T:x
"CLOUDSIDE ROCK (GB)",2021,COLT,"David Simcock",A:60,T:51,A:44,T:59,T:54,A:49
"CLOUDY ROSE (GB)",2018,FILLY,"John Berry",T:44,T:51,T:50,T:50,T:44,T:55
"CLOUDY WEDNESDAY (IRE)",2016,GELDING,"Caroline Fryer",S:89,S:89,S:86,S:74,S:89,S:90
"CLOUGH (IRE)",2022,GELDING,"Dylan Cunha",T:x,T:x,T:x,-,-,-
"CLOVA ROYALE (GB)",2023,GELDING,"Peter Niven",T:x,T:x,T:x,-,-,-
"CLOVER TIME (GB)",2022,GELDING,"Michael Appleby",A:37,A:56,A:58,A:57,A:62,A:62
"CLUAIN CHORMAIC (IRE)",2021,GELDING,"Karen Jewell",H:107,H:x,H:x,-,-,-
"CLUB CLASS (GB)",2022,FILLY,"James Fanshawe",A:78,A:78,A:80,A:x,T:x,T:75
"COACHELLO (FR)",2018,GELDING,"Mark Loughnane",T:67,A:74,A:84,A:77,A:88,T:52
"COAST (GB)",2019,FILLY,"Scott Dixon",T:44,T:37,T:20,A:21,A:15,A:32
"COASTGUARD STATION (IRE)",2016,GELDING,"Henry Oliver",S:123,S:124,S:95,S:64,S:127,S:118
"COBALT COMET (GB)",2023,GELDING,"John Mackie",T:58,A:58,A:x,A:x,A:x,-
"COBBLER'S BOY (IRE)",2020,GELDING,"Dan Skelton",H:105,S:112,S:104,S:96,S:104,S:78
"COCKNEY CLEOPATRA (IRE)",2021,FILLY,"Jim & Suzi Best",H:x,H:x,H:x,-,-,-
"COCKTAIL LOUNGE (IRE)",2023,FILLY,,T:44,A:8,T:51,A:x,T:x,T:x
"COCO BEAR (IRE)",2018,GELDING,,A:50,T:51,T:69,T:55,T:56,T:67
"COCO HILL (IRE)",2020,FILLY,"Adrian Wintle",T:0,A:28,A:31,A:39,T:32,T:37
"COCO ROYALE (GB)",2020,FILLY,,T:80,A:89,T:79,T:83,T:75,A:74
"COCONUT BAY (GB)",2019,FILLY,"Tristan Davidson",T:31,T:57,T:41,T:45,T:45,T:49
"COCONUT COVE (IRE)",2023,FILLY,"Roger Varian",T:92,T:85,A:x,T:x,T:x,-
"COCONUT SPLASH (IRE)",2015,GELDING,"N. W. Alexander",H:96,H:107,H:100,H:102,H:89,H:98
"CODETALKER (GB)",2020,GELDING,"Stuart Edmunds",H:120,H:113,H:109,H:108,H:96,H:x
"CODIAK (IRE)",2022,GELDING,"Edward Bethell",T:88,A:78,A:84,A:x,T:77,A:x
"COEDANA (IRE)",2022,FILLY,"Edward Bethell",T:103,T:96,T:86,A:90,A:81,T:x
"COEUR JAUNE (IRE)",2022,FILLY,,A:66,A:61,A:68,A:68,T:64,T:66
"COGITAL (GB)",2015,GELDING,"Bernard Llewellyn",A:46,A:42,H:87,H:60,H:86,H:68
"COGITATE (IRE)",2021,GELDING,"Eve Johnson Houghton",T:85,T:80,T:81,A:88,A:87,A:87
"COGNISANCE (GB)",2021,FILLY,,A:71,T:70,A:79,A:x,T:x,-
"COININ CAISC (IRE)",2023,FILLY,,T:58,T:63,T:x,A:x,T:x,-
"COISTY (GB)",2022,GELDING,,H:x,H:0,A:x,A:31,A:0,A:x
"COL DU PRE' (FR)",2021,GELDING,"Venetia Williams",H:112,H:115,H:101,H:0,-,-
"COLBY MAYFIELD (IRE)",2020,GELDING,,H:0,H:76,H:80,H:x,H:x,H:x
"COLD HENRY (GB)",2019,GELDING,"Sara Ender",A:32,A:45,H:0,H:101,H:84,H:x
"COLINSKI (GB)",2022,GELDING,"Rebecca Menzies",H:x,H:x,A:45,A:46,A:45,T:55
"COLLANISI (IRE)",2020,GELDING,"Ben Pauling",H:92,H:x,H:x,H:x,N:x,N:x
"COLLECTORS ITEM (IRE)",2017,GELDING,,S:0,S:0,S:120,S:106,S:136,S:136
"COLLEGE WITCH (GB)",2022,FILLY,,T:10,T:0,T:32,A:7,A:38,A:51
"COLOANE (IRE)",2020,FILLY,"Roger Fell",A:66,A:60,A:55,A:59,A:53,A:60
"COLOMBIER (GB)",2020,GELDING,"Hamad Al Jehani",T:66,-,-,-,-,-
"COLONEL HARRY (IRE)",2017,GELDING,"Jamie Snowden",S:127,S:147,S:0,S:116,S:145,S:143
"COLONEL JACK (GB)",2021,GELDING,"Mark Walford",H:x,H:x,H:x,-,-,-
"COLONIAL EMPIRE (GB)",2017,GELDING,"Tim Vaughan",H:0,H:103,H:103,H:0,H:36,H:92
"COLORADA DANCER (GB)",2021,GELDING,"Karen Jewell",A:46,A:46,T:24,T:14,T:30,T:44
"COLORI FOREVER (GB)",2023,COLT,"Marco Botti",T:103,T:91,A:96,T:84,T:82,T:x
"COLORS OF FREEDOM (GB)",2020,FILLY,"Joe Ponting",A:38,A:45,A:44,A:48,A:48,A:42
"COLOUR CODE (IRE)",2021,FILLY,"Linda Perratt",T:0,A:0,A:37,A:28,A:51,T:41
"COLOURBAND (IRE)",2023,GELDING,"Simon & Ed Crisford",T:68,T:x,A:x,T:x,T:x,-
"COLTRANE (IRE)",2017,GELDING,,T:99,T:107,T:98,T:112,T:104,T:111
"COMA CLUSTER (IRE)",2022,FILLY,,A:54,T:55,T:69,T:58,T:60,T:71
"COMANCHE WARRIOR (IRE)",2022,GELDING,,T:50,T:63,T:x,T:x,T:x,-
"COMBUSTION (GB)",2021,GELDING,"Chelsea Banham",T:45,A:77,A:75,A:73,A:66,A:63
"COME ON EIBHLIN (IRE)",2023,FILLY,"Dylan Cunha",T:73,T:72,A:70,A:74,T:0,T:40
"COME ON JOHN (IRE)",2019,GELDING,"Alison Hamilton",T:42,A:0,A:32,T:27,A:49,A:51
"COME ON OVER (IRE)",2023,GELDING,"David O'Meara",T:43,T:47,T:54,A:64,T:67,T:73
"COME TO PASS (IRE)",2019,GELDING,,A:42,A:40,A:46,A:44,A:34,A:38
"COMEDAYGODAY (IRE)",2017,FILLY,"Lizzie Quinlan",H:x,H:0,H:x,H:99,H:x,-
"COMEDIAN LEADER (GB)",2020,FILLY,"Jim & Suzi Best",A:47,A:47,A:35,A:42,A:46,A:37
"COMIC HERO (IRE)",2023,GELDING,"Andrew Balding",T:82,T:77,A:x,T:x,T:x,T:x
"COMIC STRIP (IRE)",2023,GELDING,"Simon & Ed Crisford",T:79,T:66,A:79,A:81,A:81,A:77
"COMICAL POINT (IRE)",2023,COLT,"Andrew Balding",T:94,A:98,T:94,T:91,T:62,T:95
"COMING ATTRACTION (IRE)",2023,FILLY,,T:96,T:77,T:96,A:x,T:x,-
"COMMAND THE STARS (IRE)",2023,GELDING,"George Scott",T:92,T:86,T:71,T:92,T:x,T:x
"COMMANDER ATKINSON (GB)",2022,GELDING,,A:45,T:47,T:49,A:50,A:25,T:19
"COMMANDER OF LIFE (IRE)",2021,GELDING,"Jessica Macey",T:71,A:76,T:74,A:79,A:80,A:78
"COMMANDER'S INTENT (FR)",2023,COLT,"George Scott",T:98,T:100,T:93,T:x,T:x,T:x
"COMMANDING OFFICER (GER)",2023,COLT,"Charlie Appleby",T:67,T:x,T:x,T:x,-,-
"COMMENDATION (GB)",2022,FILLY,,A:18,A:27,T:33,A:45,A:45,A:51
"COMMUNITY REBEL (IRE)",2016,GELDING,"Julie-Anne Cumine",H:62,H:69,S:63,S:0,S:0,S:67
"COMPLETELY RANDOM (GB)",2021,GELDING,"Harry Charlton",T:92,T:97,A:109,A:102,A:93,T:93
"COMPRADOR (GB)",2023,COLT,"Antony Brittain",A:63,A:70,A:x,A:x,A:x,-
"CONCERT (GB)",2023,FILLY,"Jack Channon",A:68,T:20,A:69,A:69,T:72,T:69
"CONCERT BOY (IRE)",2020,GELDING,"Katie Scott",A:58,A:59,A:61,A:55,A:59,A:61
"CONCETTO (FR)",2017,GELDING,,S:0,S:110,S:0,S:112,S:0,S:107
"CONCLAVE (IRE)",2023,GELDING,"Andrew Balding",T:x,A:97,A:x,-,-,-
"CONDOTTI (IRE)",2022,GELDING,"Hugo Palmer",T:57,A:63,T:50,T:30,T:63,T:70
"CONFIDE IN ME (GB)",2023,FILLY,"Jack Jones",T:x,A:x,-,-,-,-
"CONFINENTIC (FR)",2020,GELDING,"Chris Gordon",H:68,H:73,H:107,H:104,H:82,H:113
"CONJECTURE (GB)",2023,FILLY,,T:63,T:x,T:x,T:x,T:x,T:x
"CONMAN JOHN (IRE)",2020,GELDING,"Lucinda Russell & Michael Scudamore",H:x,H:x,H:x,N:x,-,-
"CONNIE MOON (IRE)",2022,FILLY,"Denis Coakley",A:54,A:63,A:47,T:68,T:64,T:65
"CONNIE'S ROSE (GB)",2019,FILLY,"Grace Harris",T:65,T:64,T:27,T:60,T:47,T:64
"CONNIEMAK (GB)",2021,FILLY,"Tim Vaughan",H:77,H:48,H:82,H:0,H:80,H:x
"CONNIES HILL (IRE)",2020,FILLY,,H:0,H:60,H:x,H:x,H:x,N:x
"CONQUER THE BREEZE (IRE)",2019,GELDING,"Adam Nicol",S:102,S:89,S:0,S:67,S:67,S:86
"CONQUEST OF POWER (GB)",2020,GELDING,"Mark Usher",T:34,A:28,A:47,A:17,A:42,A:25
"CONQUREDALOFEUROPE (IRE)",2015,GELDING,"F. Foster",H:0,H:0,S:59,S:82,S:105,S:56
"CONSCRIPT (IRE)",2022,GELDING,"Clive Cox",A:78,A:x,T:x,T:x,-,-
"CONSECRATED (GB)",2022,FILLY,"William Haggas",T:36,T:90,T:91,T:x,T:91,T:x
"CONSENT (IRE)",2022,FILLY,"Sir Mark Prescott Bt",T:106,T:x,T:x,T:x,-,-
"CONSTANT FRIDAY (IRE)",2015,GELDING,,S:62,S:0,S:60,S:72,S:65,S:72
"CONSTANT STAR (IRE)",2023,FILLY,"Tom Clover",T:5,A:x,A:x,-,-,-
"CONSTANTINIAN (IRE)",2020,GELDING,"Oliver Signy",H:0,H:103,H:x,H:x,N:x,N:x
"CONSTELLATION WALK (IRE)",2020,GELDING,"Harry Fry",H:x,H:102,H:x,H:x,H:x,N:x
"CONSTITUTION HILL (GB)",2017,GELDING,"Nicky Henderson",A:x,A:x,H:0,H:0,H:0,H:153
"CONTACT (IRE)",2018,GELDING,,T:19,T:41,T:50,A:94,T:96,T:96
"CONTACTO (GB)",2021,GELDING,"Lucy Wadham",H:x,H:x,T:86,T:85,T:82,T:80
"CONTAINER EXPRESS (GB)",2023,GELDING,"Philip Kirby",A:37,A:45,A:50,A:40,A:46,A:48
"CONTEMPLATION (GB)",2023,GELDING,"Mike Sowersby",T:39,T:41,T:x,A:38,A:x,A:x
"CONTINUANCE (GB)",2021,GELDING,"Martin Keighley",H:118,H:122,H:123,H:120,H:0,H:56
"CONTORNO (GB)",2023,COLT,"Tom Tate",T:21,T:26,T:54,A:59,A:56,A:57
"CONTRAST (IRE)",2014,GELDING,,T:39,T:49,T:50,T:54,T:65,T:61
"CONTROL ROOM (GB)",2023,FILLY,"Robert Cowell",T:71,T:x,T:x,A:x,A:x,-
"CONVERGENT (IRE)",2022,COLT,"K. R. Burke",T:118,T:109,T:x,T:x,-,-
"COOKIE QUEEN (GB)",2021,FILLY,,T:35,A:24,T:13,A:40,A:37,A:41
"COOL DOC BOY (IRE)",2023,GELDING,"Jamie Osborne",A:x,A:x,A:x,-,-,-
"COOL HOOF LUKE (GB)",2022,COLT,"Andrew Balding",T:84,T:55,A:105,A:105,T:111,T:100
"COOL MASTER (GB)",2021,GELDING,"Oliver Greenall & Josh Guerriero",H:51,H:x,H:x,H:x,-,-
"COOL MOLLY (IRE)",2023,FILLY,"Ollie Sangster",T:62,T:81,A:81,A:75,A:72,A:69
"COOLAGH MAGIC (GB)",2016,GELDING,"Anthony Carson",T:35,A:20,A:54,A:52,A:52,A:52
"COOLAGH PARK (GB)",2014,GELDING,,H:0,H:0,H:83,H:83,-,-
"COOLANNA (IRE)",2020,FILLY,"Kim Bailey & Mat Nicholls",H:x,H:x,H:x,-,-,-
"COOLER THAN ME (GB)",2018,GELDING,"Fergal O'Brien",H:93,H:93,H:92,H:90,H:x,H:x
"COOLKATIE (IRE)",2020,FILLY,,H:75,H:100,H:77,H:x,H:x,H:x
"COOLREE (IRE)",2019,GELDING,"Sam England",T:69,T:68,T:62,T:60,A:47,A:51
"COOLVALLA (IRE)",2016,GELDING,"Chris Gordon",S:0,S:129,S:135,S:0,S:130,S:125
"COONAWARRA STAR (FR)",2022,GELDING,,T:40,A:8,T:x,T:x,T:x,-
"COOPERATION (IRE)",2018,GELDING,,A:49,A:34,A:44,A:63,T:56,A:64
"COORAMOOK (IRE)",2022,FILLY,"Mark Loughnane",A:55,A:59,A:59,A:36,A:61,A:62
"COPACABANA SANDS (IRE)",2022,FILLY,"Andrew Balding",T:84,T:x,-,-,-,-
"COPARISI (GB)",2023,FILLY,,A:45,A:36,T:52,T:47,T:34,T:x
"COPPER AND FIVE (GB)",2016,GELDING,"Ruth Carr",T:49,T:51,T:50,T:35,T:49,T:42
"COPPER BEACH (IRE)",2017,GELDING,"Joel Parkinson & Sue Smith",H:94,H:90,H:97,S:0,S:75,S:87
"COPPER COVE (IRE)",2017,GELDING,"Dom Elsworth & Ryan Hatch",S:0,S:91,H:94,H:0,H:89,H:0
"COPPER KNIGHT (IRE)",2014,GELDING,"Tim Easterby",T:49,T:81,T:80,T:63,T:78,T:77
"COPPERFIELD (GB)",2023,GELDING,,A:50,A:52,T:x,T:x,T:x,-
"COPPERHEAD (GB)",2014,GELDING,"Joe Tizzard",S:135,S:137,S:0,S:119,S:130,S:134
"COPPULL (GB)",2023,COLT,"Clive Cox",T:108,T:110,T:109,T:104,T:x,-
"COPSHILL LAD (IRE)",2018,GELDING,"Harry Derham",S:97,S:112,S:95,S:108,S:109,H:100
"CORAL BLUE (IRE)",2015,GELDING,,H:0,H:81,H:67,H:90,H:85,H:78
"CORAMENTO (GB)",2021,GELDING,"Ray Craggs",A:27,A:46,A:57,A:59,A:54,A:51
"CORDELIN (IRE)",2021,FILLY,,A:0,A:0,A:x,A:x,A:x,-
"CORDUROY (GB)",2023,GELDING,"Steph Hollinshead",T:49,A:23,A:59,A:43,T:41,A:x
"CORMIER (IRE)",2016,GELDING,"Brian Ellison",H:86,H:104,H:106,H:104,T:73,T:65
"CORNER FORWARD (IRE)",2021,GELDING,"Anthony Honeyball",H:94,H:x,H:x,H:x,H:x,-
"CORNICHE GIRL (IRE)",2023,FILLY,"Richard Hannon",T:56,A:59,A:62,A:58,A:64,A:64
"CORNISH STORM (GB)",2019,GELDING,"Zoe Hawkins",H:103,H:98,H:116,H:117,H:78,H:112
"COROLLA POINT (IRE)",2022,GELDING,"Edward Bethell",T:94,T:93,T:94,T:88,T:73,T:x
"CORONADO KING (IRE)",2021,GELDING,,A:60,A:63,A:56,A:65,A:x,A:x
"CORPORAL JACKJONES (IRE)",2019,GELDING,"Miss Poppy Skipper",H:114,H:111,H:107,H:101,H:90,H:x
"CORRESPONDENCE (GB)",2022,GELDING,"Tony Carroll",T:68,T:67,T:61,A:59,A:x,A:58
"CORSICAN CAPER (IRE)",2020,GELDING,"Kevin & Lauren Frost",H:103,H:97,H:x,H:x,A:41,H:x
"CORUNDUM (GB)",2021,GELDING,,A:66,A:62,A:62,A:59,T:59,T:64
"COSI BELLO (GB)",2022,GELDING,"Charlie Fellowes",T:97,T:91,T:95,A:x,A:x,-
"COSMIC BLIZZARD (IRE)",2019,GELDING,"Lucinda Russell & Michael Scudamore",S:49,S:0,S:0,S:107,S:102,-
"COSMIC CLARETS (IRE)",2023,GELDING,"Richard & Peter Fahey",T:65,A:65,T:37,T:50,T:62,T:x
"COSMIC CONNECTION (IRE)",2021,GELDING,"Chris Gordon",H:138,H:135,H:x,H:x,-,-
"COSMIC MAN (IRE)",2023,GELDING,"Kevin Ryan",A:53,T:47,T:x,T:x,T:x,-
"COSMIC SOUL (IRE)",2020,GELDING,"Patrick Neville",H:104,H:98,H:96,A:67,A:60,A:62
"COSMIC SPIRIT (GB)",2022,GELDING,"Ben Case",H:50,H:x,H:29,H:x,A:x,A:x
"COSMIC YEAR (GB)",2022,COLT,,T:103,T:103,T:114,A:x,T:x,-
"COSMO BROWN (IRE)",2023,COLT,"William Muir & Chris Grassick",T:x,T:x,T:x,-,-,-
"COSMO GOODSPEED (IRE)",2022,GELDING,,A:x,T:x,T:x,A:x,T:x,-
"COSMOS RAJ (GB)",2018,GELDING,"David O'Meara",T:63,T:25,A:56,T:65,T:73,T:78
"COSPICUA (GB)",2023,FILLY,"James Tate",A:46,A:56,A:32,A:54,A:x,A:x
"COTAI BELLE (IRE)",2023,FILLY,"Richard & Peter Fahey",T:79,T:57,T:76,T:5,T:64,T:81
"COTAI EYE JOE (IRE)",2023,GELDING,"Ivan Furtado",T:58,A:x,A:x,A:x,-,-
"COTAI LIGHTS (IRE)",2023,GELDING,"Adrian Keatley",T:65,T:78,A:67,A:x,A:x,A:x
"COTAI STARLIGHT (IRE)",2023,FILLY,"Katie Scott",T:x,A:x,A:x,-,-,-
"COTE D'ANGE (FR)",2021,GELDING,"Sam Thomas",H:78,H:82,H:x,H:x,H:x,-
"COTIERE (USA)",2022,FILLY,,A:30,A:x,A:x,A:x,A:x,-
"COTO DE CAZA (IRE)",2022,FILLY,,T:80,T:82,T:103,T:91,T:97,T:x
"COTSWOLD COTTAGE (GB)",2020,FILLY,"Faye Bramley",T:67,T:62,A:59,T:63,T:47,T:56
"COTTON BUD (IRE)",2023,FILLY,"Shaun Lycett",T:68,T:73,T:69,A:x,T:x,T:x
"COTTON END (IRE)",2014,FILLY,,H:56,H:72,S:78,S:75,S:85,S:102
"COTTON SOCKS (GB)",2022,GELDING,"Lucy Wadham",H:x,H:x,N:x,N:x,-,-
"COUGAR (JPN)",2019,GELDING,"Iain Jardine",T:45,T:39,T:26,T:60,T:60,T:44
"COUGAR FORCE (GB)",2023,FILLY,"Heather Main",T:47,T:x,T:45,A:x,A:x,T:x
"COUL ANGEL (IRE)",2022,GELDING,"Michael Appleby",T:87,T:93,A:90,A:90,A:95,A:92
"COUL BRITANNIA (IRE)",2023,FILLY,"Jamie Osborne",A:x,A:x,A:x,-,-,-
"COUL JANE (IRE)",2023,FILLY,,A:50,A:52,A:45,T:34,T:x,T:x
"COULD BE THE MOVE (IRE)",2023,FILLY,,A:13,A:23,T:0,T:46,A:32,T:40
"COULD BE YOU (IRE)",2020,GELDING,"Neil Mulholland",H:46,H:x,H:x,H:x,H:x,-
"COULDBEAWEAPON (IRE)",2017,GELDING,,S:98,S:94,S:93,S:91,S:95,S:88
"COULSEA (IRE)",2022,GELDING,,A:20,A:48,T:18,T:x,T:x,T:x
"COUMEENOOLE (IRE)",2019,GELDING,"Dan Skelton",H:121,H:117,H:x,H:x,H:x,H:100
"COUNSEL (GB)",2018,GELDING,"Michael Appleby",T:74,A:53,A:81,A:66,A:77,A:80
"COUNT ADHEMAR (IRE)",2020,GELDING,"Donald McCain",S:103,S:99,S:100,S:93,H:x,H:x
"COUNT D'ORSAY (IRE)",2016,GELDING,,T:56,T:59,T:61,T:35,T:65,T:64
"COUNT OF VENDOME (IRE)",2020,GELDING,"Donald McCain",H:123,H:x,H:x,H:x,H:x,N:x
"COUNT OTTO (IRE)",2015,GELDING,"Amanda Perrett",A:57,T:48,A:71,T:38,T:56,A:80
"COUNT PALATINE (IRE)",2021,GELDING,"Michael Dods",T:79,T:68,T:63,T:81,T:81,T:71
"COUNTERACT (GB)",2015,GELDING,"Chris Gordon",H:41,H:19,H:0,H:67,S:0,S:84
"COUNTING CARDS (GB)",2022,GELDING,,T:52,T:52,A:x,A:67,A:75,T:x
"COUNTRY ARTISTE (IRE)",2023,FILLY,"Craig Lidster",T:32,A:x,A:51,T:64,A:x,T:x
"COUNTRY CODE (IRE)",2020,GELDING,"Ruth Jefferson",H:x,H:x,H:x,-,-,-
"COUNTRY MOUSE (IRE)",2020,FILLY,"Alastair Ralph",H:75,H:0,H:81,H:x,H:x,H:x
"COUNTRY PARK (IRE)",2019,GELDING,"Jonjo & A.J. O'Neill",S:114,H:x,H:x,H:x,H:0,H:120
"COUP DE COEUR (FR)",2018,GELDING,"Micky Hammond",S:131,S:127,S:125,S:125,S:0,S:92
"COUP DE GOLD (IRE)",2016,GELDING,"Mrs C. Williams",H:68,H:65,H:80,H:81,H:67,S:49
"COUPDEBOL (FR)",2015,GELDING,"Peter Winks",S:44,S:115,S:89,S:0,S:104,S:102
"COURAGEOUS GOLD (IRE)",2021,GELDING,,A:41,A:36,A:40,A:42,T:38,A:45
"COURAGEOUS STRIKE (GB)",2021,GELDING,,H:95,H:112,H:113,H:105,H:x,H:x
"COURT ALERT (IRE)",2023,GELDING,"Eve Johnson Houghton",T:x,T:0,T:83,T:x,T:x,-
"COURT AT SLIP (IRE)",2017,GELDING,"Tim Easterby",S:70,S:0,S:98,S:98,S:94,S:94
"COURT DRIVE (IRE)",2021,FILLY,"Gay Kelleway",A:60,A:56,A:56,A:65,A:53,A:68
"COURT IN A STORM (IRE)",2019,GELDING,"Kim Bailey & Mat Nicholls",S:118,H:114,H:114,H:113,H:90,H:x
"COURT OF SESSION (GB)",2019,GELDING,"Phil McEntee",A:47,A:42,A:41,A:58,A:57,A:61
"COURT OF STARS (IRE)",2023,FILLY,"Ollie Sangster",A:63,A:70,A:69,A:x,T:67,T:x
"COURT ONE (IRE)",2020,GELDING,"Richard Rowe",H:0,H:47,H:59,H:67,H:66,H:x
"COURTLAND (IRE)",2015,GELDING,"Mickey Bowen",S:0,S:0,S:125,S:134,S:0,S:133
"COVENTRY (IRE)",2017,GELDING,"Lisa Harrison",H:56,H:61,H:83,H:68,H:56,H:81
"COVERBRIDGE (GB)",2022,GELDING,"Peter Winks",T:41,T:40,A:0,T:20,T:27,A:50
"COVERT LEGEND (GB)",2020,GELDING,,A:62,T:57,A:62,A:58,A:63,A:63
"COWBOY COOPER (IRE)",2016,GELDING,"Donald Whillans",S:80,S:83,S:0,S:93,S:87,S:52
"COYLTON KING (GB)",2020,GELDING,"Ian Duncan",H:37,H:93,H:91,H:x,H:x,H:x
"COYY (IRE)",2023,GELDING,"Eve Johnson Houghton",T:73,T:73,T:34,A:71,T:68,T:x
"CRAB ROAD (IRE)",2021,GELDING,"Syd Hosie",-,-,-,-,-,-
"CRAC DE MEGAUDAIS (FR)",2019,GELDING,"Tom Gretton",S:66,S:68,S:0,S:34,S:66,S:87
"CRACK ON BOYS (GB)",2022,COLT,"Tom Clover",A:77,A:82,A:84,T:73,A:90,T:87
"CRACK OPS (GB)",2022,GELDING,"Oliver Greenall & Josh Guerriero",H:108,H:100,H:x,H:x,N:x,N:x
"CRACKALACKIN (IRE)",2022,GELDING,"Dr Richard Newland & Jamie Insole",H:x,H:x,H:x,A:45,A:64,A:65
"CRACKER MUDDLE (GB)",2018,FILLY,,S:0,H:x,H:x,H:x,-,-
"CRACKER STAR (GB)",2021,GELDING,"Ewan Whillans",A:34,A:49,T:31,T:51,H:79,H:98
"CRACKERGEE (GB)",2022,GELDING,"Hughie Morrison",A:64,A:65,A:57,A:71,A:0,A:74
"CRACKERJACK QUEEN (IRE)",2020,FILLY,"Tom Ellis",H:63,H:73,H:64,H:x,H:x,H:x
"CRACKERJACQUE (GB)",2020,GELDING,"Anthony Honeyball",S:0,H:x,H:x,H:x,H:x,N:x
"CRACKING ANNA (GB)",2023,FILLY,"Oliver Greenall & Josh Guerriero",T:36,A:x,A:x,A:x,-,-
"CRACKINTHUNDER (GB)",2022,GELDING,,A:27,A:16,A:29,A:27,T:34,T:13
"CRACKLING FIRE (IRE)",2020,GELDING,,H:x,H:x,H:x,H:x,-,-
"CRAFTER (IRE)",2018,GELDING,"Mark Loughnane",T:34,A:51,A:49,A:49,A:55,A:50
"CRAFTY BLUE (IRE)",2023,FILLY,"Richard Hannon",A:0,T:32,A:x,T:x,-,-
"CRAFTY SPIRIT (IRE)",2021,GELDING,"John Wainwright",T:45,T:16,T:39,T:31,T:40,T:49
"CRANACHAN (GB)",2023,GELDING,"Ralph Beckett",T:x,A:x,A:x,-,-,-
"CRAWTER (IRE)",2019,GELDING,"Mrs Harriet Waight",H:90,H:82,H:114,-,-,-
"CRAZEE ICON (GB)",2023,FILLY,"Andrew Balding",T:70,T:72,T:69,T:71,T:69,A:x
"CRAZIERTHANDAISY (GB)",2019,FILLY,"Nicky Henderson",H:0,H:115,H:95,H:115,H:0,H:115
"CRAZY ABOUT HER (IRE)",2020,FILLY,"Jake Coulson",H:x,H:x,H:x,N:x,N:x,N:x
"CRAZY PLAN (GB)",2023,FILLY,"Dan Horsford",T:x,A:x,A:x,-,-,-
"CREATE (IRE)",2020,FILLY,"Scott Dixon",T:24,A:20,A:16,A:36,A:51,A:47
"CREATIVE QUEEN (USA)",2023,FILLY,"William Haggas",T:x,T:x,A:x,A:x,-,-
"CREBILLY (IRE)",2017,GELDING,"Jonjo & A.J. O'Neill",H:124,H:110,H:0,H:102,H:127,S:134
"CRECIENTE (GB)",2023,FILLY,"Rod Millman",T:39,T:42,T:51,T:38,T:41,T:x
"CREDIT FORGEDD IT (IRE)",2023,GELDING,"Simon Dow",A:34,A:53,A:65,A:59,A:62,T:x
"CREDO (IRE)",2015,FILLY,,S:127,S:104,S:121,S:127,S:131,S:106
"CREPE SUZETTE (IRE)",2022,FILLY,"John & Thady Gosden",T:93,T:83,T:103,T:101,T:82,T:79
"CRESSIDA WILDES (GB)",2022,FILLY,"Phil McEntee",T:30,A:45,A:79,A:69,A:70,A:66
"CREST OF ARMS (GB)",2022,GELDING,"Anthony Honeyball",H:x,H:x,N:x,N:x,N:x,-
"CREST OF FIRE (IRE)",2023,GELDING,"Jack Channon",T:91,A:x,T:86,T:x,T:x,T:x
"CREST OF FORTUNE (GB)",2020,GELDING,"Anthony Honeyball",S:128,S:128,S:109,S:137,S:137,H:x
"CREST OF STARS (IRE)",2021,GELDING,"Anthony Honeyball",H:112,H:x,H:105,H:x,H:x,H:x
"CREST OF VALOUR (GB)",2021,GELDING,"Anthony Honeyball",H:54,H:x,H:x,H:x,N:x,-
"CRESTOFDISTINCTION (GB)",2022,COLT,"Jack Channon",T:69,T:60,T:104,T:84,A:101,T:87
"CRIBBINS (CAN)",2022,GELDING,,T:13,A:x,A:x,A:x,N:x,N:x
"CRIMINAL (GB)",2022,GELDING,"Richard Hughes",T:70,A:71,A:63,A:63,A:68,A:69
"CRIMINAL SHORE (IRE)",2022,GELDING,"David O'Meara",A:70,T:52,A:70,A:73,A:72,A:74
"CRIMSON DAWN (GB)",2023,FILLY,,A:x,A:x,A:x,A:x,-,-
"CRIMSON RAMBLER (GB)",2023,GELDING,"Matt Crawley",T:57,T:69,T:69,A:64,A:67,A:60
"CRIMSON ROAD (IRE)",2021,GELDING,"John & Rhys Flint",T:41,T:53,H:47,H:x,H:x,H:x
"CRIMSON ROSE (IRE)",2023,FILLY,"Charlie Appleby",T:x,T:x,A:x,-,-,-
"CRIMSON SPIRIT (GB)",2021,GELDING,"Daniel & Claire Kubler",T:90,T:77,T:86,T:76,T:69,T:85
"CRIMSON SUNSET (GB)",2023,FILLY,"Marcus Tregoning",T:55,T:x,A:x,T:x,-,-
"CRISTAL D'ESTRUVAL (IRE)",2021,GELDING,"Harry Derham",H:x,H:x,-,-,-,-
"CRISTO (GB)",2022,GELDING,"Richard Hannon",T:77,T:76,T:56,A:76,A:78,A:82
"CROAGH PATRICK (IRE)",2015,GELDING,"Gillian Boanas",S:9,S:0,S:62,S:0,S:85,S:78
"CROCKHAM HEATH (GB)",2023,COLT,"Andrew Balding",T:84,T:67,A:80,A:x,T:x,-
"CROCODILE POWER (IRE)",2018,GELDING,"Seb Spencer",T:56,T:61,T:49,T:55,A:63,T:55
"CROCUS TIME (IRE)",2021,FILLY,"Ron Barr",T:57,T:34,T:53,T:53,T:49,T:42
"CROESO CYMRAEG (GB)",2014,GELDING,,T:65,T:71,T:67,A:65,T:64,T:75
"CROSS OF REDMOOR (IRE)",2020,FILLY,"Lizzie Quinlan",H:28,H:48,H:65,H:x,H:x,H:x
"CROSSBEAU (IRE)",2019,GELDING,"Tim Vaughan",H:72,H:75,H:89,H:83,H:86,H:90
"CROSSGALES KING (IRE)",2020,GELDING,"Syd Hosie",H:86,H:113,H:113,H:107,H:x,H:x
"CROUPIER (IRE)",2019,GELDING,"Joel Parkinson & Sue Smith",T:89,T:80,T:102,T:99,T:30,A:96
"CROWN DREAMS (GB)",2020,GELDING,"Robert Cowell",A:43,A:34,A:53,A:x,T:x,T:x
"CROWN INN TO WIN (IRE)",2023,GELDING,"Ivan Furtado",T:58,A:58,A:57,A:53,A:52,A:33
"CROWN OF INDIA (IRE)",2021,GELDING,"Alex Hales",H:93,H:64,H:91,H:52,H:0,H:87
"CROWN OF OAKS (GB)",2022,GELDING,"William Haggas",T:104,T:101,T:85,T:x,T:x,T:x
"CROWN OFFICE (GB)",2023,COLT,"William Haggas",T:57,T:x,T:x,T:x,-,-
"CROWN RELIC (AUS)",2023,COLT,"K. R. Burke",T:88,A:x,A:x,-,-,-
"CROWN THE FUTURE (IRE)",2023,GELDING,"Tony Carroll",A:43,A:55,A:54,A:53,A:56,T:x
"CROWN'S LADY (IRE)",2021,FILLY,,T:80,A:78,T:79,T:75,T:74,T:69
"CROWNRIGHT (GB)",2023,FILLY,"Ralph Beckett",T:x,T:x,A:x,-,-,-
"CROWNTHORPE (GB)",2015,GELDING,,A:37,A:47,A:46,A:45,T:49,A:42
"CRUDEN (GB)",2021,GELDING,"Dan Horsford",T:71,T:78,A:72,A:78,H:115,H:x
"CRUYFF TURN (GB)",2017,GELDING,,A:63,T:57,T:64,T:59,T:86,T:68
"CRUZ CONTROL (FR)",2017,GELDING,"Tom Lacey",S:121,S:136,S:0,S:127,S:141,S:0
"CRYINGINTHERAIN (GB)",2023,FILLY,,A:73,A:x,A:x,A:x,-,-
"CRYSTAL AURORA (IRE)",2023,FILLY,"Ivan Furtado",T:47,A:38,A:50,T:58,T:44,A:x
"CRYSTAL BOX (IRE)",2021,FILLY,,H:49,H:x,H:x,H:x,-,-
"CRYSTAL DAGGER (GB)",2022,FILLY,"Joey Ramsden",A:50,A:49,A:57,A:57,A:65,A:37
"CRYSTAL DAYS (GB)",2020,FILLY,"Ben Pauling",H:x,H:x,H:0,H:x,H:x,H:x
"CRYSTAL FLYER (GB)",2021,FILLY,"Ben Haslam",T:67,T:0,A:87,T:93,T:82,T:88
"CRYSTAL GLANCE (GB)",2020,FILLY,"Oliver Greenall & Josh Guerriero",H:112,H:99,H:104,H:99,H:107,H:105
"CRYSTAL GUARD (IRE)",2018,GELDING,,A:44,A:44,T:24,T:30,T:48,T:51
"CRYSTAL ISLAND (IRE)",2021,GELDING,"Nicky Henderson",H:x,H:x,-,-,-,-
"CRYSTAL MARINER (IRE)",2020,GELDING,"Jamie Osborne",T:72,A:69,A:85,A:81,T:80,A:56
"CRYSTAL PIER (IRE)",2023,FILLY,"Ralph Beckett",T:79,A:75,T:62,T:75,T:x,T:x
"CRYSTAL SPRING (IRE)",2021,FILLY,"Stuart Edmunds",H:x,H:108,H:x,H:x,H:x,N:x
"CRYSTELLO (IRE)",2021,GELDING,"Harry Derham",H:98,H:104,H:x,H:x,H:x,-
"CUBAN COURT (IRE)",2018,GELDING,"Neil King",S:105,S:115,S:109,S:79,S:101,H:85
"CUBAN FIESTA (GB)",2021,GELDING,"Gihan Arnolda",A:51,A:37,A:51,A:32,A:51,A:33
"CUBAN GIRL (GB)",2022,FILLY,"Brian Toomey",T:63,A:46,A:43,T:38,T:68,T:68
"CUBAN LADY (GB)",2022,FILLY,"Tom Clover",T:70,T:58,T:72,T:77,T:77,T:73
"CUDGEL (GB)",2013,GELDING,"James Walton",S:68,S:37,S:64,S:0,S:70,S:61
"CUEROS (IRE)",2020,GELDING,,H:106,H:x,H:x,H:x,-,-
"CUILLIN RIDGE (GB)",2020,GELDING,"Susan Corbett",H:94,H:88,H:88,H:66,H:x,H:x
"CULLIGRAN (IRE)",2019,FILLY,"D. J. Jeffreys",H:85,S:84,S:87,S:86,H:82,H:85
"CULZEAN (GB)",2021,FILLY,"Ian Duncan",H:x,H:x,H:x,N:x,N:x,-
"CUMHACHT (IRE)",2018,GELDING,"Rebecca Curtis",H:81,H:86,H:75,H:44,H:90,H:92
"CURATED (IRE)",2023,FILLY,,A:32,A:39,A:x,A:x,A:x,-
"CURIOUS MRS FOX (GB)",2021,FILLY,"David Thompson",H:76,H:x,H:x,A:31,A:11,T:38
"CURIOUS ROVER (IRE)",2021,GELDING,"Katie Scott",A:61,T:70,T:74,T:68,A:73,T:55
"CURRAHEE (IRE)",2022,GELDING,"Stuart Williams",T:46,A:66,A:63,T:47,T:61,A:46
"CURRAN (IRE)",2021,GELDING,"Rod Millman",T:0,A:59,A:71,A:72,T:65,T:70
"CURRUMBIN (IRE)",2021,GELDING,"Michael Keady",T:44,H:x,H:x,A:66,T:50,H:x
"CURTAIN CALLER (GB)",2023,FILLY,"Tom Dascombe",T:x,A:x,A:x,-,-,-
"CUSACK (GB)",2018,GELDING,"David Thompson",A:44,A:61,A:59,A:67,A:56,A:69
"CUSHENDUN (GB)",2019,GELDING,"Ian Duncan",H:x,H:x,H:x,H:x,H:x,N:x
"CUSHTY (IRE)",2022,FILLY,,A:15,A:52,A:45,T:46,A:48,T:52
"CUZCO DU MATHAN (FR)",2018,GELDING,"James Moffatt",S:77,S:91,S:97,S:72,S:83,S:93
"CY TWOMBLY (IRE)",2022,GELDING,"John Mackie",A:42,A:x,A:x,A:x,A:x,-
"CYNTHIA (IRE)",2022,FILLY,"David Pipe",A:33,T:63,T:52,A:62,T:64,A:x
"CYPRIOT DIASPORA (GB)",2021,FILLY,"Rod Millman",T:61,T:35,A:61,T:63,A:51,T:55
"D DAY ARVALENREEVA (IRE)",2020,FILLY,,H:89,H:106,A:55,A:63,A:45,A:67
"D DAY MAJOR WINTER (GB)",2022,GELDING,"Nick Scholfield",A:30,M:16,T:54,T:21,T:55,T:42
"D FLAWLESS (IRE)",2021,FILLY,"Paul Midgley",A:74,A:60,A:68,A:64,T:57,T:60
"D'GESTEEVO (GB)",2019,GELDING,,H:0,H:37,H:0,H:0,H:0,H:0
"D'JANGO (FR)",2013,GELDING,"Miss V. Collins",H:93,H:0,H:0,H:78,H:85,H:120
"D'JO DELA BARRIERE (FR)",2019,GELDING,"Mrs C. Williams",H:90,H:92,H:98,S:77,S:104,H:104
"DAANY (IRE)",2017,GELDING,"Joe Tickle",S:78,S:0,S:81,H:33,H:75,H:41
"DAARIS (IRE)",2019,GELDING,"Kevin & Lauren Frost",A:40,A:56,A:54,A:63,A:60,A:59
"DABBLING (IRE)",2023,FILLY,"Ollie Pears",A:51,T:59,T:0,T:x,T:x,T:x
"DACRES CROSS (IRE)",2023,GELDING,"Kevin Ryan",T:64,T:11,T:59,T:69,T:54,T:74
"DADDY CHILL (IRE)",2022,GELDING,"Simon Hodgson",A:21,A:0,A:35,A:0,A:x,A:x
"DAGGER STRIKE (IRE)",2023,GELDING,"Archie Watson",T:57,A:75,A:82,A:79,A:79,A:79
"DAIQUIRI BAY (GB)",2022,GELDING,"Alan King",T:100,T:98,T:91,T:95,T:90,T:91
"DAISY ROOTS (GB)",2020,FILLY,"Jim Boyle",T:38,A:69,A:68,A:71,A:67,A:70
"DAISY YEATS (GB)",2016,FILLY,"Mrs S. Prouse",H:33,H:0,H:98,-,-,-
"DAIZEN (IRE)",2023,GELDING,"Rebecca Menzies",T:60,T:59,T:59,T:x,A:62,T:63
"DAKOTA BREEZE (IRE)",2023,COLT,"Archie Watson",A:x,A:x,A:x,-,-,-
"DAKOTA DAWN (IRE)",2023,FILLY,,A:41,T:34,T:51,T:28,T:x,T:x
"DAKOTA GOLD (GB)",2014,GELDING,"Michael Dods",T:43,T:58,T:78,T:66,T:68,T:39
"DAKOTA POWER (GB)",2019,GELDING,"Roger Teal",A:50,A:58,A:62,T:55,T:66,T:69
"DAKOTA STAR (GB)",2022,GELDING,,H:x,H:x,H:x,-,-,-
"DALAMARA (GB)",2023,FILLY,"Ben Haslam",T:58,T:57,A:58,A:x,T:x,T:x
"DALCASSIAN GIRL (IRE)",2020,FILLY,"Chris Honour",H:x,H:x,H:x,N:x,-,-
"DALEY T (IRE)",2020,GELDING,"Tony Carroll",A:37,A:35,A:43,A:45,A:34,A:31
"DALILEO (IRE)",2015,GELDING,"Lisa Harrison",H:76,H:92,H:92,H:89,H:92,H:93
"DALMALLY (GB)",2022,GELDING,"Mark Pattinson",T:57,A:43,A:56,A:29,A:54,T:52
"DALSTON LAD (IRE)",2020,GELDING,"Dan Skelton",H:x,H:x,H:129,H:x,H:x,H:x
"DALTON PARK (IRE)",2021,GELDING,,T:56,A:59,T:0,T:61,A:x,A:x
"DALY BOY (FR)",2020,GELDING,"Oliver Greenall & Josh Guerriero",H:100,H:95,H:x,H:x,H:x,N:x
"DALYOTIN (FR)",2016,GELDING,,S:0,H:76,S:0,S:123,S:100,S:0
"DAMASCUS STEEL (IRE)",2020,GELDING,"Gihan Arnolda",A:70,A:72,A:73,A:72,A:70,A:51
"DAME IN DISGUISE (IRE)",2021,FILLY,"Max Young",H:x,H:x,H:x,N:x,N:x,N:x
"DAMYSUS (GB)",2022,COLT,"John & Thady Gosden",T:111,T:119,T:113,T:44,T:109,T:104
"DAMZON (GB)",2019,FILLY,,A:38,A:47,A:49,A:53,A:45,A:49
"DANCE AND GLANCE (GB)",2020,GELDING,"Anthony Honeyball",H:127,H:126,H:105,H:120,H:121,H:115
"DANCE FANTASY (IRE)",2023,FILLY,"Simon & Ed Crisford",A:59,A:x,A:x,A:x,-,-
"DANCE HAVANA (GB)",2020,FILLY,,H:75,H:57,H:67,A:58,H:x,T:59
"DANCE HELLO (IRE)",2023,FILLY,,T:0,A:14,T:45,T:17,T:x,T:x
"DANCE IN THE PARK (GB)",2018,FILLY,,H:54,H:72,H:0,H:0,H:x,H:x
"DANCE IN THE STORM (GB)",2022,FILLY,"Andrew Balding",T:96,T:86,T:91,T:90,T:80,T:87
"DANCE NO MORE (GB)",2022,FILLY,,A:0,T:15,T:43,A:x,A:x,A:x
"DANCE OF ANGELS (GB)",2023,FILLY,"Henry Candy",A:x,T:x,T:x,-,-,-
"DANCE RECITAL (IRE)",2022,FILLY,,T:28,T:29,A:37,A:28,T:37,A:35
"DANCE RULES (IRE)",2019,GELDING,"Tim Vaughan",H:78,H:x,H:x,H:x,-,-
"DANCE THIEF (IRE)",2018,GELDING,"R. Mike Smith",S:95,H:65,S:80,S:109,S:0,H:100
"DANCE TIME (GB)",2020,FILLY,"David Loughnane",T:66,T:70,A:70,A:75,A:70,A:74
"DANCING BAY (IRE)",2022,GELDING,,A:40,A:34,A:47,A:29,A:0,A:45
"DANCING COLOURS (GB)",2022,FILLY,,T:37,A:x,A:x,A:x,-,-
"DANCING DAME (IRE)",2019,FILLY,"James Owen",-,-,-,-,-,-
"DANCING GEMINI (IRE)",2021,COLT,"Roger Teal",T:118,T:103,T:100,T:104,T:117,T:117
"DANCING IN PARIS (FR)",2020,GELDING,"Ian Williams",T:89,T:94,T:94,T:81,A:93,T:90
"DANCING TERROR (GB)",2022,GELDING,"Stephanie Cassidy",T:48,A:28,A:48,A:x,A:x,-
"DANCING TIGER (IRE)",2022,GELDING,"Roger Teal",T:73,A:68,T:72,T:62,T:66,T:69
"DANCING WITH DRUMS (IRE)",2022,GELDING,"Adam Kirby",T:54,A:59,A:54,A:52,A:57,A:55
"DANCINGINTHERAIN (GB)",2022,FILLY,,A:62,A:x,T:x,A:x,A:x,-
"DANCINGWITHMYSELF (IRE)",2021,FILLY,"Michael Bell",T:90,T:84,T:90,T:85,T:88,T:82
"DANDANA (GB)",2023,FILLY,"Simon & Ed Crisford",T:43,T:93,T:x,A:x,-,-
"DANDY BREEZE (IRE)",2023,GELDING,"Bryan Smart",T:36,A:79,A:x,A:x,-,-
"DANDY DINMONT (IRE)",2019,GELDING,"Nigel Tinkler",T:26,T:64,T:59,T:62,A:49,A:61
"DANDY FITZ (IRE)",2021,GELDING,,A:45,A:51,T:11,A:51,T:32,T:54
"DANDY G BOY (IRE)",2022,GELDING,"Warren Greatrex",A:68,A:64,A:66,A:62,T:60,A:63
"DANDY KHAN (IRE)",2022,FILLY,"Jim Boyle",A:62,A:61,A:61,A:59,A:65,A:54
"DANDY MAGIC (IRE)",2022,FILLY,"Jim Goldie",A:58,A:73,A:74,A:71,A:62,A:73
"DANDY ORTON (IRE)",2023,GELDING,"Wilf Storey",T:19,T:27,T:30,T:37,T:x,T:x
"DANDY SPEED (IRE)",2023,COLT,,A:40,A:x,T:x,T:x,-,-
"DANDY'S ANGEL (IRE)",2017,FILLY,"John Wainwright",T:36,T:47,T:38,T:46,T:50,T:55
"DANDY'S ROCKET (IRE)",2023,GELDING,,A:71,A:71,T:52,A:67,A:69,T:65
"DANEH OF DANDY (IRE)",2023,FILLY,,T:58,A:82,T:77,T:86,T:x,T:85
"DANEHILL STAR (IRE)",2021,GELDING,"Tony Carroll",T:58,A:59,A:56,A:56,A:51,A:57
"DANGER ALERT (GB)",2020,GELDING,"George Baker",T:48,T:59,A:57,A:64,T:66,A:64
"DANGER BAY (IRE)",2022,COLT,"Edward Bethell",T:102,T:83,T:94,T:x,T:x,T:x
"DANGER NAP (IRE)",2021,GELDING,"Jonjo & A.J. O'Neill",H:97,H:x,H:x,H:x,N:x,N:x
"DANGERMAN (GB)",2022,GELDING,"John & Thady Gosden",T:72,T:83,T:88,T:89,T:85,T:57
"DANGEROUS TOUCH (IRE)",2019,GELDING,"Olly Murphy",S:108,S:109,S:109,S:0,S:105,S:96
"DANIELLE (GB)",2021,FILLY,"John & Thady Gosden",T:103,T:114,T:110,T:103,T:106,T:95
"DANKISHN (IRE)",2023,GELDING,,A:40,A:x,A:x,A:x,-,-
"DANNICK (GB)",2022,GELDING,"Gary & Josh Moore",A:57,A:66,T:44,T:70,T:75,A:74
"DANNY'S FRIEND (IRE)",2019,GELDING,"Christian Williams",S:57,S:63,S:80,S:65,H:20,H:24
"DANRANA (IRE)",2023,FILLY,"Fionn McSharry",T:x,T:x,T:x,-,-,-
"DANTE'S INFERNO (GB)",2019,GELDING,"Tony Culhane & Stella Barclay",H:38,S:64,H:78,H:80,H:74,H:x
"DANTE'S LAD (IRE)",2022,GELDING,"Ian Williams",T:84,T:89,T:95,T:0,T:94,T:89
"DANTE'S ROCCO (IRE)",2021,GELDING,"Syd Hosie",H:x,H:x,H:x,-,-,-
"DANZAN (IRE)",2015,GELDING,,T:51,T:55,T:54,T:69,T:68,T:59
"DANZART (IRE)",2018,GELDING,,A:23,A:57,T:52,T:20,T:44,T:39
"DAPPER GEE GEE (GB)",2022,GELDING,"Tony Carroll",T:68,A:63,T:48,A:67,A:65,A:62
"DAPPER GUEST (IRE)",2022,GELDING,"George Margarson",T:69,T:68,T:67,A:75,A:87,A:90
"DAPPER VALLEY (IRE)",2021,GELDING,"James Owen",T:91,T:85,A:84,T:69,T:77,A:80
"DAPPERLING (IRE)",2021,FILLY,"Scott Dixon",T:57,A:0,A:48,A:55,A:59,A:61
"DAPPLED LIGHT (GB)",2020,GELDING,"Adrian Wintle",T:59,T:41,A:42,T:55,T:49,T:59
"DARBUCKS (IRE)",2019,GELDING,"Christopher Kellett",T:53,T:57,T:30,T:57,T:49,A:45
"DARE TO SHOUT (GB)",2017,GELDING,"Ann Hamilton",H:107,S:0,S:123,S:124,S:90,S:0
"DARETOBEDIFFERENT (IRE)",2023,FILLY,"Des Donovan",T:62,T:62,T:55,A:47,A:x,T:x
"DARGIANNINI (IRE)",2015,GELDING,"Harry Derham",H:122,H:0,H:0,H:140,H:132,H:140
"DARING LEADER (IRE)",2021,GELDING,"Christopher Kellett",T:49,A:40,A:50,A:54,A:47,T:49
"DARING LEGEND (GB)",2021,GELDING,"Mark Pattinson",T:73,T:54,T:50,A:79,T:61,A:71
"DARING PLAN (IRE)",2018,GELDING,"Susan Gardner",S:78,S:67,S:74,S:65,S:75,S:0
"DARING TO DREAM (GB)",2021,FILLY,"Harriet Dickin",H:78,H:79,H:x,H:x,H:x,N:x
"DARK ALLEY (GB)",2023,GELDING,"Warren Greatrex",T:70,A:72,T:65,T:x,T:x,T:x
"DARK ANGEL STAR (IRE)",2023,FILLY,"James Tate",A:60,A:79,A:x,T:x,T:x,-
"DARK CLOUD RISING (GB)",2022,GELDING,"David O'Meara",T:0,T:66,T:85,T:74,A:92,A:92
"DARK DREAMER (GB)",2021,GELDING,"Michael Blake",A:42,A:39,A:34,A:47,A:43,A:63
"DARK KESTREL (IRE)",2020,GELDING,"Antony Brittain",A:53,T:51,T:54,A:71,A:71,A:75
"DARK LYRIC (IRE)",2021,FILLY,,A:52,A:50,T:55,A:54,A:x,A:x
"DARK MANDATE (GB)",2023,GELDING,,A:58,A:55,T:33,T:56,T:x,T:x
"DARK MOON RISING (IRE)",2019,GELDING,"Kevin Ryan",T:80,A:84,A:86,A:84,A:81,T:87
"DARK ROSA (IRE)",2022,FILLY,"Georgina Nicholls",T:49,T:58,T:60,A:71,A:67,A:73
"DARK SHORE (GB)",2023,GELDING,,T:66,T:73,T:x,T:x,T:x,-
"DARK SIDE PRINCE (GB)",2017,GELDING,"Jessica Macey",A:51,A:42,A:59,A:55,A:55,A:57
"DARK SIDE THUNDER (GB)",2019,GELDING,"Jessica Macey",T:67,T:55,T:67,A:53,A:61,A:70
"DARK SOLDIER (IRE)",2019,GELDING,"Miss H. Brookshaw",S:0,S:48,S:0,H:x,H:x,H:x
"DARK SORCERESS (GB)",2022,FILLY,"Clare Hobson",A:39,A:36,A:43,A:13,A:52,A:39
"DARK SOVEREIGN (IRE)",2023,GELDING,"Ralph Beckett",T:x,T:x,T:x,-,-,-
"DARK SUN (GB)",2021,FILLY,"James Bennett",T:50,T:54,T:51,A:51,A:60,A:47
"DARK THIRTY (IRE)",2020,GELDING,"John & Sean Quinn",T:93,T:80,T:74,T:82,T:85,A:81
"DARK TORNADO (IRE)",2021,GELDING,"Michael Wigham",T:85,T:86,T:68,T:92,T:94,T:x
"DARKENED EDGE (GB)",2020,FILLY,"Christopher Mason",T:47,A:39,T:51,T:54,T:49,T:55
"DARKEST RED (GB)",2023,GELDING,"Jim Boyle",T:61,T:58,A:53,A:36,T:57,T:x
"DARKNESS (FR)",2018,GELDING,"David O'Meara",T:69,T:91,T:95,T:75,T:94,T:85
"DARLA'S SECRET (IRE)",2022,GELDING,,A:10,A:14,A:45,A:45,A:44,A:39
"DARLO LADY (GB)",2021,FILLY,,H:x,A:21,A:26,A:30,A:36,T:22
"DARLO PRIDE (GB)",2020,GELDING,,A:48,A:63,A:54,A:60,A:59,A:66
"DARN HOT DAME (GB)",2023,FILLY,"Tom Ward",T:61,A:55,A:56,A:x,A:x,A:x
"DARN HOT GALLOP (GB)",2023,FILLY,"James Tate",T:86,T:86,A:x,A:x,-,-
"DARN HOT MYSTERY (IRE)",2022,FILLY,,A:18,T:50,A:56,T:58,T:58,T:45
"DARN HOT TIME (IRE)",2022,FILLY,,A:34,A:52,A:54,A:56,A:62,T:62
"DARTAN (GB)",2017,GELDING,"Sarah Humphrey",H:76,S:125,H:133,H:109,-,-
"DARTMHOR (GB)",2020,GELDING,"Chris Grant",H:47,H:43,H:66,H:75,H:0,H:x
"DARTMOOR PIRATE (GB)",2019,GELDING,"Anthony Honeyball",S:110,S:129,S:125,S:106,H:77,H:103
"DARTMOUTH CASTLE (GB)",2020,GELDING,"Donald McCain",H:x,H:x,H:x,H:x,H:x,N:x
"DARTMOUTH JET (GB)",2021,GELDING,"John Mackie",T:x,A:x,A:x,N:x,N:x,-
"DARTMOUTH ROSE (GB)",2020,FILLY,"Matt Crawley",H:96,H:92,H:88,H:72,H:81,H:79
"DARTREY (IRE)",2023,GELDING,"Ralph Beckett",T:4,A:77,A:77,A:69,A:69,T:x
"DARVEL (IRE)",2018,GELDING,"Patrick Chamings",A:52,T:66,T:55,T:31,T:72,T:74
"DARZAH (GB)",2023,FILLY,"William Haggas",T:69,T:x,T:x,-,-,-
"DASH DIZZY (IRE)",2022,COLT,,A:88,T:91,T:103,A:x,T:x,-
"DASH OF AZURE (GB)",2022,FILLY,"Ralph Beckett",T:80,T:101,T:89,T:75,T:84,T:87
"DASH OF CLASS (GB)",2023,FILLY,"Dr Richard Newland & Jamie Insole",T:53,T:48,A:53,A:51,A:x,A:x
"DASH POWER (GB)",2021,GELDING,"Phil McEntee",A:34,A:36,A:48,A:41,A:46,A:46
"DASHING DARCEY (GB)",2021,GELDING,"Geoffrey Harker",T:86,T:74,T:92,T:77,T:91,T:92
"DASHING DICK (IRE)",2018,GELDING,"William Stone",T:46,T:37,T:77,T:73,T:75,T:62
"DASHING DONKEY (GB)",2021,GELDING,"William Stone",T:46,A:60,A:52,A:58,T:58,T:64
"DASHING HARRY (GB)",2021,GELDING,,A:56,A:60,A:53,A:59,A:19,A:8
"DASHING ROGER (GB)",2017,GELDING,"William Stone",A:59,A:42,T:11,T:62,A:60,A:72
"DATA FATA SECUTUS (GB)",2023,FILLY,"Rebecca Menzies",T:59,T:48,T:59,A:58,A:47,A:58
"DATSALRIGHTCHARLIE (IRE)",2020,GELDING,"Jamie Snowden",S:101,H:102,H:102,H:x,H:x,N:x
"DAVID OF ATHENS (USA)",2022,COLT,"Hamad Al Jehani",-,-,-,-,-,-
"DAVID'S WELL (GB)",2019,GELDING,"Chris Gordon",S:135,S:131,S:122,S:118,H:96,H:x
"DAVITA BLAZE (IRE)",2021,FILLY,"Jonjo & A.J. O'Neill",H:x,H:x,H:x,N:x,-,-
"DAVORGE NATION (IRE)",2023,GELDING,"Declan Carroll",T:33,A:64,T:65,T:43,T:x,T:x
"DAVVY (GB)",2023,GELDING,,A:72,A:57,T:60,T:57,T:x,T:x
"DAWN MELODY (GB)",2023,FILLY,,A:5,A:17,A:x,T:x,T:16,T:x
"DAWN OF LIBERATION (IRE)",2019,GELDING,"Ruth Carr",T:69,T:71,T:67,A:64,T:61,T:73
"DAWN'S DESIRE (IRE)",2020,FILLY,"Robert Walford",H:62,H:67,H:58,H:49,H:x,H:x
"DAY OF GRACE (IRE)",2022,FILLY,"William Haggas",T:90,T:84,T:74,T:x,A:x,A:x
"DAYDREAMA (GB)",2023,GELDING,"Tim Easterby",T:75,T:90,T:69,T:88,T:90,T:53
"DAYLATEDOLLARSHORT (IRE)",2021,GELDING,"Olly Murphy",H:121,H:114,H:x,H:x,-,-
"DAYMAN (GER)",2019,GELDING,"Dominic Ffrench Davis",T:27,A:49,A:52,A:57,A:53,A:56
"DAYTIME DREAMING (IRE)",2020,GELDING,"Tom Ellis",S:130,S:130,S:126,S:116,H:x,H:x
"DAYTONA LADY (IRE)",2020,FILLY,"Ruth Carr",A:55,A:64,A:64,A:59,A:58,A:61
"DAZY MAZY (GB)",2020,FILLY,,T:27,T:56,T:53,T:63,A:62,A:67
"DAZZLING HAZE (GB)",2023,FILLY,"Robert Cowell",T:82,T:74,T:86,T:69,T:81,T:x
"DC COGENT (GB)",2022,GELDING,"Bryan Smart",T:39,T:47,T:65,A:63,A:66,A:65
"DE DELI COUNTER (GB)",2021,GELDING,"Mark Walford",H:80,H:98,H:93,H:73,H:93,H:0
"DE KINGPIN (IRE)",2019,GELDING,"Ben Pauling",H:102,H:117,H:110,S:0,S:102,H:90
"DE LEGISLATOR (IRE)",2017,GELDING,,S:0,S:0,S:95,S:116,S:117,S:112
"DE TEMPS EN TEMPS (IRE)",2019,GELDING,"Martin Keighley",H:126,H:107,H:111,H:x,H:x,H:x
"DEADLY KISS (USA)",2022,FILLY,,A:71,T:35,T:76,-,-,-
"DEAFENING SILENCE (IRE)",2017,GELDING,,S:0,S:133,S:134,S:134,S:73,S:131
"DEAR MY FRIEND (GB)",2020,GELDING,"Charlie Johnston",A:71,A:103,T:91,T:79,T:103,T:101
"DEARKEITHANDKATY (FR)",2021,GELDING,"Jonjo & A.J. O'Neill",H:0,H:106,H:104,H:103,H:103,H:101
"DEAUVILLE LADY (GB)",2021,FILLY,"Nigel Hawke",H:42,H:x,H:x,H:x,N:x,-
"DEBORA'S DREAM (IRE)",2021,GELDING,,T:85,T:83,T:80,T:78,A:72,T:0
"DEBRADINI (USA)",2022,FILLY,,A:0,A:24,A:x,T:x,A:x,-
"DECALOGUE (USA)",2023,GELDING,"Jamie Osborne",A:x,A:x,-,-,-,-
"DECEM STARR (IRE)",2023,GELDING,"Jack Jones",T:51,T:72,T:x,T:x,T:x,T:x
"DEDICATED HERO (IRE)",2019,GELDING,"Sandy Thomson",H:135,H:130,H:0,S:0,S:129,H:117
"DEE'S GETAWAY (IRE)",2020,FILLY,"George Bewley",H:94,H:104,H:75,H:75,H:90,H:101
"DEE'S HONEY (IRE)",2023,FILLY,"Michael Keady",A:x,T:x,T:x,-,-,-
"DEEDAYDIVA (IRE)",2023,FILLY,"Alan King",T:75,T:x,T:x,T:x,-,-
"DEEP CAVE (IRE)",2018,GELDING,"Christian Williams",H:134,S:0,S:101,S:131,S:140,S:139
"DEEP HAVANA (GB)",2021,COLT,"Hamad Al Jehani",A:x,A:x,-,-,-,-
"DEEP SLEEP (GB)",2023,GELDING,"Tim Easterby",T:63,T:x,T:x,T:x,T:x,-
"DEERSTALKER (IRE)",2018,GELDING,"Mrs K. B. Mactaggart",H:101,H:81,H:0,S:103,S:82,H:106
"DEFENCE MINISTER (GB)",2022,GELDING,"Hamad Al Jehani",T:81,A:96,T:88,T:93,T:93,T:86
"DEFENCE WITNESS (IRE)",2019,GELDING,"Sam England",S:74,S:94,S:84,S:94,S:94,S:90
"DEFERRED INTEREST (GB)",2021,GELDING,"Neil Mulholland",A:0,A:41,A:42,H:x,H:x,A:x
"DEFI NONANTAIS (FR)",2019,GELDING,,S:0,H:0,H:95,H:75,H:89,H:87
"DEFIANCE (IRE)",2021,GELDING,,T:69,T:100,T:100,T:98,T:33,T:98
"DEFINE (IRE)",2023,FILLY,,A:x,-,-,-,-,-
"DEFINITE (GB)",2019,GELDING,,H:74,A:37,A:56,A:46,S:0,H:89
"DEFINITE DREAM (IRE)",2018,FILLY,"Denis Coakley",S:99,H:89,H:95,H:100,H:x,H:99
"DEFYING GRAVITY (GB)",2020,GELDING,"Andrew Hamilton",H:73,S:0,S:80,H:63,H:71,H:x
"DEGALE (GB)",2021,GELDING,"David & Nicola Barron",T:53,T:77,A:65,A:70,A:61,T:82
"DEIRA MILE (IRE)",2021,GELDING,"Jessica Bedi",T:94,T:94,T:114,T:108,T:111,T:x
"DEL CORSO (GB)",2023,GELDING,"Ed Walker",T:65,T:67,A:x,A:x,T:x,-
"DEL MARO (GER)",2023,COLT,"Charlie Appleby",T:102,T:93,T:x,T:101,T:x,T:x
"DELAGATE THIS LORD (GB)",2014,GELDING,"Gary Harrison",A:60,A:60,T:66,A:66,A:68,A:53
"DELAYED CHARM (GB)",2021,GELDING,"Maurice Barnes",H:x,H:x,H:69,H:x,H:x,H:x
"DELGANY DEADLINE (GB)",2020,GELDING,,S:39,S:49,S:88,S:87,S:86,S:72
"DELINQUENT (IRE)",2023,GELDING,"K. R. Burke",T:76,T:77,T:64,A:72,A:69,A:68
"DELLA CASA LUNGA (IRE)",2018,FILLY,"Clive Boultbee-Brooks",S:0,S:104,S:115,H:132,H:127,H:85
"DELLA PACE (GB)",2023,FILLY,"George Boughey",T:92,A:82,T:80,A:x,T:x,T:x
"DELPOTRO (FR)",2020,GELDING,"Charlie Longsdon",S:37,S:103,S:108,S:93,S:110,S:109
"DELTA BLUES BELLE (IRE)",2020,FILLY,,H:77,H:102,H:81,H:x,H:x,H:x
"DELTA DAN (GB)",2023,GELDING,,A:x,A:x,A:x,-,-,-
"DELUDED (IRE)",2023,GELDING,"Charlie Fellowes",T:54,A:77,T:67,A:x,T:73,A:x
"DEMETRIS MOUFLON (GB)",2023,FILLY,"Rod Millman",T:26,A:24,T:45,T:x,T:x,T:x
"DEMETRIUS (GB)",2023,COLT,,A:72,T:17,T:77,A:78,T:72,A:63
"DEMOCRACY DILEMMA (IRE)",2020,GELDING,"Robert Cowell",T:95,T:80,T:75,A:100,T:98,T:106
"DEMOISELLE KAP (FR)",2018,FILLY,"Sophie Leech",H:85,H:x,H:x,S:74,H:103,H:115
"DENBY'S DREAM (GB)",2023,FILLY,"Charlie Pike",A:35,T:60,A:60,A:57,A:60,A:45
"DENEMETHY (IRE)",2018,GELDING,"Fergal O'Brien",S:122,S:121,S:117,S:122,S:112,S:122
"DENSWORTH (IRE)",2017,GELDING,"J. M. B. Cookson",H:0,H:122,S:113,S:105,S:0,S:135
"DENVER DOLL (IRE)",2023,FILLY,"Simon & Ed Crisford",A:x,A:x,A:x,-,-,-
"DEPORTED (GB)",2023,GELDING,"Ollie Sangster",A:x,A:76,A:x,A:x,T:x,-
"DEPUTY (IRE)",2018,GELDING,,T:27,T:7,T:40,T:52,T:45,T:66
"DEREHAM (GB)",2016,GELDING,"John Berry",T:51,T:0,T:56,T:56,T:57,T:51
"DESDEMONA (GB)",2022,FILLY,"Michael Attwater",A:43,A:59,A:65,A:60,A:55,A:55
"DESERT BEAUTY (GB)",2022,FILLY,,A:48,A:51,T:37,T:47,T:52,A:42
"DESERT BELLE (GB)",2023,FILLY,"Sir Mark Prescott Bt",A:62,A:x,A:x,-,-,-
"DESERT CHAMPION (IRE)",2022,GELDING,"Paul Midgley",T:27,T:49,A:45,A:38,A:60,A:54
"DESERT CHARM (GB)",2022,FILLY,"Mike Murphy",A:45,A:46,T:38,T:11,T:49,T:54
"DESERT COP (GB)",2020,GELDING,"George Baker",T:79,T:72,T:89,T:88,T:85,T:75
"DESERT DREAM (GB)",2014,GELDING,,T:36,A:38,T:36,T:48,T:24,T:46
"DESERT EMPEROR (GB)",2017,GELDING,"Michael & David Easterby",A:78,A:78,A:67,A:75,A:50,T:69
"DESERT FALCON (IRE)",2020,GELDING,"Julie Camacho",T:75,T:97,T:89,T:86,T:88,T:83
"DESERT FOOTSTEPS (GB)",2021,FILLY,,A:38,A:39,T:12,T:29,T:41,T:62
"DESERT HALO (IRE)",2019,GELDING,"Richard Bandey",H:84,H:95,H:98,S:71,S:44,S:98
"DESERT HEART (GB)",2022,GELDING,,T:60,A:47,A:52,A:75,T:71,T:x
"DESERT JUNGLE (IRE)",2023,FILLY,,T:52,T:70,T:78,T:x,T:x,-
"DESERT MASTER (GB)",2021,GELDING,"Antony Brittain",T:29,A:47,A:27,A:41,A:46,A:33
"DESERT QUEST (IRE)",2018,GELDING,"Ewan Whillans",T:47,A:38,A:41,T:53,T:56,T:52
"DESERT RAIDER (GB)",2021,GELDING,,A:54,A:55,A:58,T:39,A:36,A:58
"DESERT SHADOW (GB)",2022,GELDING,"Saeed bin Suroor",T:82,A:73,T:84,T:80,T:71,T:x
"DESERT TREASURE (GB)",2023,FILLY,"William Haggas",T:63,T:x,T:x,-,-,-
"DESERTMORE NEWS (IRE)",2020,GELDING,"Tom Ellis",H:114,H:x,H:x,H:x,-,-
"DESIDERATA (IRE)",2020,GELDING,"Thomas Faulkner",T:56,A:52,A:51,A:44,A:49,A:48
"DESPERATE DAN (IRE)",2021,GELDING,"Peter Chapple-Hyam",T:74,T:85,T:80,T:82,T:75,T:0
"DESPEREAUX (FR)",2019,GELDING,"Mrs Jane Williams",H:75,H:95,H:95,H:105,H:101,H:99
"DESSIE HAZE (GB)",2018,GELDING,"Phillip Dando",H:86,H:89,H:94,H:80,H:58,H:91
"DESTINADO (GB)",2018,GELDING,,A:61,T:62,T:59,A:67,T:64,T:59
"DESTINATION UNKOWN (IRE)",2021,GELDING,"Michael Chapman",H:x,A:0,A:0,H:x,T:20,A:x
"DESTROYTHEEVIDENCE (GB)",2018,GELDING,"Kim Bailey & Mat Nicholls",S:0,S:0,S:134,S:134,S:122,S:117
"DESTRUCTIVE (USA)",2021,GELDING,"Ian Williams",A:55,A:97,A:91,A:x,T:x,A:x
"DETAIN (IRE)",2022,COLT,,T:112,T:107,T:82,A:104,T:101,A:x
"DETECTIVE (GB)",2016,GELDING,"Dianne Sayer",T:11,T:51,T:30,T:65,T:14,T:48
"DETROIT LION (IRE)",2021,COLT,,A:57,A:62,T:56,T:69,A:51,T:70
"DEVIL'S ADVOCATE (GB)",2022,GELDING,"John & Thady Gosden",T:87,A:106,T:112,T:109,T:85,T:41
"DEVIL'S BRIGADE (IRE)",2023,GELDING,"Ed Dunlop",A:x,A:x,T:x,-,-,-
"DEVIL'S PEAK (GB)",2023,GELDING,"John & Thady Gosden",T:73,A:80,T:68,T:x,A:x,T:x
"DEVILSROLLTHEDICE (IRE)",2020,GELDING,"Gordon Treacy",S:72,S:0,H:0,H:x,H:x,H:x
"DEVILWALA (IRE)",2018,GELDING,"Derek Shaw",A:46,A:21,A:52,A:35,A:37,A:30
"DEVIOUS DEVAN (IRE)",2021,GELDING,"William Muir & Chris Grassick",A:58,T:0,A:52,A:57,A:60,T:8
"DEVON DUDE (GB)",2020,GELDING,,H:0,H:0,S:62,S:71,S:0,S:84
"DEVON ISLAND (USA)",2023,COLT,"Charlie Appleby",A:x,-,-,-,-,-
"DEVON SKIES (GB)",2019,FILLY,"Philip Kirby",H:83,H:103,H:104,H:0,H:101,H:96
"DEXPERADO (FR)",2019,GELDING,"Nick Kent",H:0,H:74,H:79,H:87,H:67,H:92
"DEXPERTS OPINION (IRE)",2020,GELDING,"Mickey Bowen",H:112,-,-,-,-,-
"DEXTER (FR)",2017,GELDING,"Oliver Greenall & Josh Guerriero",S:70,H:81,H:93,S:0,S:91,S:100
"DHAHABI (IRE)",2018,GELDING,"Ian Williams",T:105,T:95,T:102,T:100,T:103,T:95
"DIABLO ROJO (IRE)",2022,COLT,,T:94,T:74,T:103,T:99,A:x,T:90
"DIAMAND DE VINDECY (FR)",2019,GELDING,"Robert Bevis",T:52,T:62,H:81,S:0,S:91,H:83
"DIAMATISTE (IRE)",2019,GELDING,"Kayley Woollacott",H:119,H:117,H:115,H:112,H:109,H:112
"DIAMOND ALEXANDER (IRE)",2023,FILLY,,T:58,T:46,T:x,T:x,A:x,-
"DIAMOND ALI (GB)",2023,COLT,"Julia & Shelley Birkett",T:43,A:39,A:41,T:51,T:48,T:45
"DIAMOND AURA (IRE)",2023,FILLY,"Hugo Palmer",T:42,A:0,A:x,A:x,A:x,-
"DIAMOND BAY (GB)",2018,GELDING,"Tom Ward",T:65,A:62,A:37,A:78,A:78,A:80
"DIAMOND DAYS (IRE)",2020,GELDING,"Joe Tizzard",H:0,S:76,S:77,S:91,H:90,H:0
"DIAMOND DEALER (IRE)",2019,GELDING,"Dan Skelton",S:123,S:123,S:0,S:120,S:112,H:92
"DIAMOND DREAMER (GB)",2020,GELDING,"Patrick Chamings",T:45,A:66,A:45,A:66,A:64,A:65
"DIAMOND DUDE (IRE)",2022,GELDING,,T:20,T:14,T:x,T:29,A:x,A:x
"DIAMOND GEEZER (IRE)",2019,GELDING,"Olly Murphy",H:119,H:107,H:113,H:100,H:106,H:108
"DIAMOND JIM (IRE)",2022,GELDING,"Oliver Greenall & Josh Guerriero",H:58,H:0,H:x,H:x,H:91,H:x
"DIAMOND KODA (IRE)",2019,GELDING,"Nick Kent",H:x,H:109,H:111,H:101,H:103,H:107
"DIAMOND MIX (IRE)",2019,GELDING,"Paul Robson",S:103,S:106,S:106,S:99,S:76,S:97
"DIAMOND RAIN (GB)",2021,FILLY,"Charlie Appleby",T:106,A:108,T:106,T:93,T:73,T:104
"DIAMOND RI (IRE)",2019,GELDING,"Joe Tizzard",H:73,H:0,H:78,H:0,H:x,H:x
"DIAMOND TRILOGY (IRE)",2019,GELDING,"John Dawson",H:77,H:0,S:39,H:x,H:x,H:x
"DIAMONDINTHEDARK (GB)",2023,FILLY,"Mark Loughnane",A:x,A:x,-,-,-,-
"DIAMONDONTHEHILL (GB)",2018,GELDING,"Dr Richard Newland & Jamie Insole",T:81,T:63,A:76,A:83,A:81,A:83
"DIAMONDS GALORE (GB)",2020,FILLY,"Nicky Henderson",H:95,H:x,H:0,H:111,H:x,H:x
"DIAMONDSINTHESAND (IRE)",2017,GELDING,"Adrian Wintle",T:37,T:38,T:53,T:41,T:51,T:58
"DIAMONT KATIE (IRE)",2022,FILLY,"K. R. Burke",T:73,T:74,A:61,A:58,A:60,T:69
"DIANARINA (FR)",2022,FILLY,,T:28,A:23,A:x,A:x,-,-
"DIBBLE DABBLE (GB)",2021,FILLY,,T:61,T:59,T:54,T:68,T:64,A:57
"DICKENS (IRE)",2018,GELDING,"Jennie Candlish",H:115,H:102,H:x,H:110,H:110,H:110
"DICKENSIAN (GB)",2023,COLT,"Kevin Ryan",T:104,T:100,T:97,T:96,T:94,T:84
"DICKIEBURD (GB)",2020,GELDING,,T:59,T:45,T:57,T:67,T:51,T:69
"DICKO THE LEGEND (IRE)",2020,GELDING,"Liam Bailey",T:66,T:60,A:70,A:66,A:65,A:71
"DIDAAR (IRE)",2021,GELDING,"Gihan Arnolda",A:63,A:67,T:51,T:59,T:69,T:67
"DIDDY MAN (GB)",2021,GELDING,,A:0,A:40,T:0,T:67,T:56,T:61
"DIDEROT (GB)",2018,GELDING,"Julie Camacho",T:61,T:75,T:71,A:0,A:72,A:86
"DIDNTGOTWENTY (IRE)",2019,GELDING,"Martin Todhunter",S:81,S:69,S:66,H:73,H:75,H:49
"DIEGO VENTURA (IRE)",2022,GELDING,"Hamad Al Jehani",T:102,T:107,T:104,T:103,T:104,T:104
"DIESEL LINE (IRE)",2018,GELDING,"Charles & Adam Pogson",H:0,H:83,H:90,H:95,H:97,H:98
"DIFFERENT DRUM (GB)",2021,GELDING,"Louise Allan",A:52,H:88,H:82,H:x,H:x,H:x
"DIFFERENT OPINIONS (IRE)",2023,COLT,"K. R. Burke",T:x,T:x,A:x,A:x,-,-
"DIFFORD GIRL (GB)",2022,FILLY,"Adrian Wintle",A:x,A:x,A:x,-,-,-
"DIG DEEP (IRE)",2021,GELDING,"Ben Pauling",H:x,H:x,H:x,H:x,H:x,-
"DIGITAL (IRE)",2018,GELDING,"Ruth Carr",T:38,T:42,A:49,A:45,A:54,A:67
"DIGUB (IRE)",2022,FILLY,,A:78,A:x,T:x,T:x,-,-
"DIJON GONE (GB)",2023,FILLY,"Denis Coakley",T:51,T:x,A:x,T:x,-,-
"DILIGENT HARRY (GB)",2018,GELDING,"Clive Cox",T:109,T:108,A:110,A:109,T:92,T:101
"DILIGENT HENRY (GB)",2021,GELDING,"Jessica Macey",T:25,A:48,A:37,A:34,A:52,A:42
"DILIGENT MILITIA (FR)",2019,GELDING,"Tim Vaughan",S:0,S:65,H:x,H:x,H:x,-
"DILIGENT RESDEV (GB)",2021,GELDING,"Michael & David Easterby",T:80,T:63,T:75,T:85,T:84,T:81
"DILIGENTLY (GB)",2022,GELDING,"Clive Cox",T:67,T:78,T:82,T:86,T:85,T:9
"DILLARCHIE (GB)",2017,FILLY,"Joanne Foster",H:0,H:87,H:95,H:93,H:88,H:84
"DILLY'S GUNNER (GB)",2021,FILLY,"Michael & David Easterby",H:85,H:x,H:x,H:x,N:x,N:x
"DINAH MYTE (GB)",2022,FILLY,"John Gallagher",A:43,T:40,A:29,A:34,T:48,T:50
"DINAMO (IRE)",2023,FILLY,"Tina Jackson",A:31,T:12,T:43,T:47,T:53,T:38
"DINGLE (IRE)",2018,GELDING,"Julie Camacho",T:0,T:46,A:89,A:84,A:90,A:87
"DINGWALL (GB)",2021,GELDING,"Iain Jardine",T:51,A:53,T:63,A:63,A:63,A:63
"DINKYS ROSE (GB)",2022,FILLY,"Henry Oliver",H:x,H:x,H:x,H:x,N:x,-
"DINO BELLAGIO (GB)",2019,GELDING,"Donald McCain",T:50,T:36,T:77,A:67,T:71,A:73
"DINO MOON (FR)",2021,GELDING,"Mrs C. Williams",H:55,H:x,H:x,H:x,N:x,-
"DINOFROMBERLAIS (IRE)",2020,GELDING,"Richard Phillips",H:0,H:104,H:98,H:x,H:x,H:x
"DINONS (FR)",2013,GELDING,"Brian Ellison",H:0,H:104,H:114,H:104,H:111,H:107
"DIOMED DUKE (GB)",2022,GELDING,"Stuart Williams",T:75,A:69,T:77,T:74,T:80,T:63
"DIOMED SPIRIT (GB)",2020,GELDING,"Chris Gordon",T:46,T:54,A:52,A:41,A:60,A:73
"DION BAKER (IRE)",2019,GELDING,"Michael Wigham",T:55,T:44,T:43,A:27,A:47,A:50
"DIOS DE LA GUERRA (GB)",2022,GELDING,"Simon Dow",A:35,A:28,A:41,A:x,A:x,A:x
"DIPLOMATIC ASH (IRE)",2019,GELDING,"Gary & Josh Moore",H:111,S:96,S:97,S:100,S:112,S:0
"DIRECTLY (GB)",2019,GELDING,"Samuel Drinkwater",H:0,H:0,H:59,H:x,H:x,H:x
"DIRECTOR'S CUT (IRE)",2023,COLT,"Ross Burdon",T:64,T:x,A:x,A:x,-,-
"DIRTY DEN (GB)",2020,GELDING,"Syd Hosie",H:108,H:102,H:106,H:112,H:111,H:98
"DISCO ANNIE (IRE)",2018,FILLY,"Rebecca Menzies",H:90,H:61,H:98,S:68,H:92,S:103
"DISCO DAVIS (FR)",2019,GELDING,"Sarah-Jayne Davies",S:106,H:x,H:0,H:0,H:0,H:114
"DISGUISEDLIMIT (IRE)",2019,GELDING,"Christopher Kellett",H:63,S:104,S:0,S:109,S:94,S:112
"DISH OF THE DAY (IRE)",2018,GELDING,"Nicky Martin",H:70,H:0,H:89,H:0,H:79,H:x
"DISSIDENT (GB)",2022,GELDING,"Gary & Josh Moore",T:56,H:85,T:42,A:25,H:74,H:75
"DISTANT RUMBLE (GB)",2022,GELDING,"Roger Teal",T:70,T:67,A:61,A:56,A:67,A:58
"DISTANT SHORE (GB)",2023,FILLY,"Roger Varian",T:72,T:x,T:x,-,-,-
"DISTANT STORM (GB)",2023,COLT,"Charlie Appleby",T:104,T:115,T:114,T:101,T:x,-
"DISTILLATION (FR)",2023,GELDING,"Mark Usher",A:x,A:x,T:x,-,-,-
"DISTINCT SPIRIT (GB)",2020,GELDING,"Daniel & Claire Kubler",T:0,T:71,T:x,T:x,-,-
"DISTINCTION (IRE)",2018,GELDING,"John Mackie",T:62,T:53,A:47,T:60,T:49,T:43
"DISTORTED TRUTH (IRE)",2023,FILLY,"K. R. Burke",T:x,A:x,A:x,-,-,-
"DIVA LUNA (IRE)",2019,FILLY,"Ben Pauling",S:143,S:141,H:x,H:x,H:x,H:x
"DIVAS DOYEN (IRE)",2017,FILLY,"Sandy Forster",S:0,S:81,S:70,S:75,S:84,S:81
"DIVIDEND (GB)",2022,COLT,"Dr Richard Newland & Jamie Insole",A:93,A:98,T:82,T:99,T:87,A:95
"DIVILABOTHER (IRE)",2018,GELDING,"Tristan Davidson",H:81,H:103,H:96,H:99,H:68,H:106
"DIVINE COMEDY (IRE)",2018,FILLY,,T:90,T:100,T:99,T:99,T:96,T:99
"DIVINE KNIGHT (IRE)",2021,GELDING,"William Haggas",T:77,T:78,T:86,T:x,T:88,T:x
"DIVINE LEGACY (GB)",2022,GELDING,,A:46,A:x,T:60,T:76,T:70,T:74
"DIVINE LIBRA (IRE)",2020,GELDING,"Charles Hills",T:89,T:85,A:95,T:95,T:85,T:89
"DIVINE WISH (GB)",2022,FILLY,"Mike Murphy",A:60,A:x,A:x,A:x,-,-
"DIVISION (GB)",2023,COLT,"William Haggas",T:109,T:106,T:97,T:103,T:x,T:x
"DIVISION DAY (GB)",2022,GELDING,"Brian Ellison",H:x,H:x,H:80,H:68,H:0,T:62
"DIVOT (GB)",2022,GELDING,"William Knight",A:54,A:56,A:56,A:49,A:56,A:55
"DIXIE COWBOY (IRE)",2019,GELDING,,S:0,S:91,S:73,S:81,S:93,S:93
"DIXIE MAFIA (IRE)",2019,GELDING,"Christian Williams",S:114,H:106,H:107,H:x,H:x,H:x
"DIXIELAND BLUES (GB)",2022,GELDING,"Simon & Ed Crisford",A:89,T:77,A:80,T:74,A:x,A:x
"DIYAKEN (FR)",2018,GELDING,"Jim & Suzi Best",H:87,H:117,H:x,-,-,-
"DIZZIWIZZBANG (GB)",2021,FILLY,"Camilla Poulton",A:23,A:34,H:x,M:34,T:38,T:22
"DJ PETE (IRE)",2018,GELDING,"Sarah-Jayne Davies",S:98,S:0,S:100,S:51,S:98,S:99
"DJELO (FR)",2018,GELDING,"Venetia Williams",S:161,S:163,S:161,S:139,S:112,S:162
"DO BRONXS (IRE)",2023,GELDING,"David Loughnane",T:73,T:89,T:85,T:87,T:x,-
"DO YE WANNA (IRE)",2018,GELDING,,H:64,H:72,H:78,H:x,H:x,H:x
"DOC MCCOY (IRE)",2018,GELDING,"Jamie Snowden",S:0,H:0,H:0,H:125,H:120,H:86
"DOCKLANDS (GB)",2020,COLT,"Harry Eustace",T:113,T:115,T:102,T:118,T:109,T:115
"DOCPICKEDME (IRE)",2016,GELDING,"Richard Hobson",H:125,S:124,S:130,S:130,H:119,S:0
"DOCTEUR ROMEO (FR)",2021,GELDING,"Nicky Martin",H:x,H:x,H:x,N:x,-,-
"DOCTOR BLUE (FR)",2020,GELDING,"Sam Thomas",H:104,H:x,H:x,H:x,N:x,N:x
"DOCTOR DAUILA (IRE)",2022,FILLY,,A:38,T:38,T:44,T:28,T:31,T:50
"DOCTOR GLIDE (FR)",2018,GELDING,"Tim Vaughan",H:0,H:83,H:0,-,-,-
"DOCTOR KEN (FR)",2016,GELDING,,S:137,S:130,S:132,S:119,S:135,S:137
"DOCTOR KHAN JUNIOR (GB)",2019,GELDING,"Geoff Oldroyd",A:93,A:95,A:94,A:82,A:88,A:87
"DOCTOR KILDARE (FR)",2020,GELDING,"Sam Thomas",H:112,H:88,H:116,H:118,H:x,H:x
"DOCTOR MIDAS (FR)",2020,GELDING,"Henrietta C Knight",S:99,H:58,H:105,H:99,H:103,H:x
"DOCTOR ON CALL (FR)",2020,GELDING,,H:x,H:x,H:x,H:x,N:x,-
"DOCTORS HILL (GB)",2020,GELDING,"Philip Hobbs & Johnson White",H:111,H:106,H:113,H:115,H:110,H:117
"DOCUMENTING (GB)",2013,GELDING,"Kevin & Lauren Frost",T:44,T:71,A:72,T:67,T:61,T:84
"DODDIETHEGREAT (IRE)",2016,GELDING,"Nicky Henderson",H:0,H:0,H:147,H:146,H:145,H:146
"DODDINGTON GUY (GB)",2022,GELDING,,A:43,A:52,A:56,T:50,T:x,T:x
"DODGE CITY (FR)",2023,COLT,"Brian Meehan",T:64,T:79,T:x,T:x,T:x,-
"DODGING THE BULLET (IRE)",2022,GELDING,"Richard Bandey",H:x,A:54,A:53,A:47,A:55,A:56
"DOES HE KNOW (GB)",2015,GELDING,"Kim Bailey & Mat Nicholls",S:0,S:147,S:119,S:141,S:0,S:148
"DOG FOX (GB)",2020,GELDING,"Oliver Greenall & Josh Guerriero",H:101,S:0,S:101,S:106,H:108,H:104
"DOGGED (GB)",2017,GELDING,"Tony Carroll",T:0,T:41,T:43,M:46,T:0,T:53
"DOJIN (GB)",2022,FILLY,"S. P. C. Woods",A:83,A:78,A:74,A:x,A:x,-
"DOLLAR COLLAR (IRE)",2018,FILLY,,H:0,H:102,S:0,S:75,S:108,H:93
"DOLLAR'S DREAM (IRE)",2021,GELDING,"Philip Kirby",A:57,A:53,A:53,A:57,A:58,A:52
"DOLLY'S DELIGHT (IRE)",2022,FILLY,"Ivan Furtado",T:44,A:52,A:48,A:56,T:51,T:50
"DOLLYANA (GB)",2022,FILLY,,A:43,A:63,A:62,T:63,T:64,T:54
"DOLO'S STAR (IRE)",2023,FILLY,"Ivan Furtado",A:x,A:x,A:x,-,-,-
"DOLOS DREAM (GB)",2023,FILLY,"Ivan Furtado",A:x,A:x,A:x,-,-,-
"DOM OF MARY (FR)",2016,GELDING,,S:0,S:119,S:128,S:120,S:0,S:116
"DOMINA IGNIS (FR)",2023,FILLY,"Kevin Philippart de Foy",T:84,T:97,A:x,-,-,-
"DOMINATION (IRE)",2023,GELDING,"Harriet Bethell",T:70,T:72,T:55,T:x,T:x,T:x
"DON BROCCO (GB)",2016,GELDING,"Gary Rutherford",S:0,H:37,S:61,S:84,S:0,S:61
"DON OCCHETTI (IRE)",2018,GELDING,"William Young Jnr",S:0,S:0,S:98,H:73,H:0,S:105
"DON RAFAEL (IRE)",2020,GELDING,"Samuel Drinkwater",H:106,H:96,H:103,H:104,H:100,H:82
"DON SIMON (IRE)",2021,GELDING,"Ed Dunlop",T:59,T:62,A:76,A:76,A:72,T:74
"DON VIRGINIA (FR)",2020,GELDING,"Jonjo & A.J. O'Neill",H:110,H:125,H:x,H:124,H:x,H:103
"DON'T CHEDDAR TEAR (GB)",2019,FILLY,"Georgie Howell",H:0,H:x,H:x,H:x,H:x,H:x
"DON'T MIND IF I DO (IRE)",2020,GELDING,"Alan King",H:115,H:119,H:118,H:x,H:x,H:x
"DON'T TELL ROSIE (GB)",2020,FILLY,,H:92,H:91,H:56,H:83,H:36,H:95
"DON'T TELL SU (IRE)",2018,GELDING,"Nicky Henderson",S:0,S:102,S:100,H:119,H:120,H:116
"DONALD (GB)",2022,GELDING,"David & Nicola Barron",T:49,T:64,T:x,T:x,T:x,-
"DONNA NOOK (GB)",2022,FILLY,"David O'Meara",T:67,T:61,T:71,A:70,A:69,A:73
"DONNACHA (IRE)",2018,GELDING,"Nigel Hawke",S:139,S:137,S:135,S:132,S:117,S:128
"DONNIE AZOFF (IRE)",2016,GELDING,"Jamie Snowden",H:117,H:94,H:119,H:117,H:106,H:97
"DONNY BOY (IRE)",2016,GELDING,,S:0,S:0,S:127,S:125,S:120,S:121
"DONTASKCHRIS (IRE)",2018,GELDING,"Diana Grissell",H:56,H:x,H:x,H:x,N:x,-
"DONTELIMURNAMEPIKE (GB)",2022,GELDING,"Ruth Jefferson",H:x,H:104,H:x,H:x,-,-
"DONTSPOILASALE (IRE)",2020,GELDING,"Jim & Suzi Best",-,-,-,-,-,-
"DONTTELLYAMUMJACK (GB)",2021,GELDING,"Fergal O'Brien",H:9,H:61,H:64,H:x,H:x,H:x
"DONTWARYBOUTATHING (IRE)",2023,FILLY,"Des Donovan",T:x,A:x,T:x,-,-,-
"DONTWASTE A MOMENT (GB)",2023,GELDING,"Ivan Furtado",A:45,T:x,T:x,T:x,-,-
"DONTWORRYWEGOTTHIS (GB)",2019,FILLY,"Georgie Howell",H:0,H:43,H:47,H:0,H:36,H:0
"DONTYAWANTME (IRE)",2017,FILLY,,S:0,H:96,H:95,H:x,H:x,H:x
"DOODLING (GB)",2023,FILLY,"Eve Johnson Houghton",T:57,T:x,A:x,T:x,-,-
"DOOMSDAY (GB)",2019,GELDING,,A:32,A:38,A:33,T:24,T:35,T:35
"DOON THE GLEN (GB)",2020,GELDING,"Jim Goldie",T:37,T:47,T:45,T:37,A:48,A:38
"DOR'S DAZZLER (GB)",2023,FILLY,"Dean Ivory",A:x,A:x,A:x,-,-,-
"DORA VITA (GB)",2023,FILLY,"Richard Phillips",T:22,A:46,A:20,A:51,A:x,A:x
"DORALEE (GB)",2021,FILLY,"David & Nicola Barron",T:30,T:41,T:49,T:49,A:41,T:38
"DORNEY LAKE (GB)",2021,GELDING,"Liam Bailey",T:61,T:62,T:49,A:69,A:70,A:67
"DOROTHY MAY (IRE)",2022,FILLY,,A:35,T:46,A:47,A:42,T:52,A:47
"DORS DELIGHT (GB)",2021,FILLY,"Dean Ivory",A:35,A:46,A:0,A:0,A:50,A:44
"DOSMAN (GB)",2021,GELDING,"Oli Rix",T:84,A:91,A:91,A:90,A:86,A:85
"DOTHAN (GB)",2022,GELDING,,A:59,T:61,T:69,T:62,T:76,T:75
"DOTTIES STAR (GB)",2019,GELDING,"Pat Phelan",A:39,A:46,A:52,H:88,H:86,H:0
"DOUBLE CLICK (IRE)",2018,GELDING,"Jamie Snowden",H:111,H:115,H:110,H:103,S:0,H:99
"DOUBLE COMBO (GB)",2023,COLT,"Hugo Palmer",T:0,A:69,A:x,T:x,T:x,-
"DOUBLE DIGITS (GB)",2018,GELDING,"Ann Hamilton",H:114,H:113,H:107,S:107,S:117,S:100
"DOUBLE EAGLE (IRE)",2023,COLT,"Michael Wigham",A:67,A:x,A:x,T:x,-,-
"DOUBLE INDEMNITY (IRE)",2020,GELDING,"Donald McCain",H:x,H:x,H:x,N:x,-,-
"DOUBLE MEANING (GB)",2022,GELDING,"John Berry",T:78,T:60,T:79,T:77,A:77,A:74
"DOUBLE MEASURE (FR)",2021,GELDING,"Dan Skelton",H:x,H:x,H:x,H:x,N:x,-
"DOUBLE NAUGHTY (IRE)",2023,FILLY,"Joe Tickle",T:68,T:56,T:65,A:x,T:x,T:x
"DOUBLE OBAN (GB)",2020,GELDING,"Olly Murphy",H:108,H:116,H:119,H:119,H:97,H:105
"DOUBLE PARKED (IRE)",2022,GELDING,"Tim Easterby",T:72,T:80,T:69,T:81,T:77,T:81
"DOUBLE POWERFUL (IRE)",2019,GELDING,"Neil Mulholland",H:136,H:127,H:132,H:138,H:0,S:0
"DOUBLE RED (GB)",2021,GELDING,"Henry Candy",T:35,A:76,T:68,T:72,T:57,T:67
"DOUBLE RUSH (IRE)",2022,COLT,"Andrew Balding",T:105,T:102,T:66,T:90,T:88,T:90
"DOUBLE TIME (GB)",2018,GELDING,"Tim Vaughan",A:53,A:68,T:62,A:70,T:56,T:65
"DOUBLETHETROUBLE (GB)",2018,GELDING,,A:11,H:0,H:0,A:62,A:62,A:64
"DOUGHMORE BAY (IRE)",2018,GELDING,"Emma Lavelle",H:138,H:115,H:132,S:0,H:121,H:117
"DOUGLAS DC (IRE)",2018,GELDING,"Tony Carroll",T:34,H:49,H:101,H:105,H:99,T:43
"DOUGLAS HYDE (IRE)",2020,GELDING,"Rebecca Curtis",H:88,H:x,H:109,H:x,H:x,N:x
"DOUJADOU (FR)",2020,GELDING,"Rebecca Curtis",H:x,H:x,H:x,-,-,-
"DOUWANTITRIGHTNOW (IRE)",2023,FILLY,"Kevin Ryan",T:44,A:43,A:x,T:x,T:x,-
"DOVEY MOON (GB)",2022,GELDING,"David Evans",T:78,T:63,T:75,T:68,A:60,T:69
"DOWN TO BUSINESS (GB)",2022,GELDING,"Dan Skelton",H:107,H:112,H:106,-,-,-
"DOWN TO THE KID (IRE)",2019,GELDING,"Michael Herrington",A:74,A:86,A:86,A:86,A:83,A:84
"DOYEN DU BAR (IRE)",2016,GELDING,"Nicky Richards",S:139,S:128,S:131,S:131,S:131,S:127
"DOYEN QUEST (IRE)",2018,GELDING,"Dan Skelton",S:149,S:136,S:143,S:141,S:144,S:135
"DOYEN STAR (IRE)",2018,GELDING,,H:105,H:100,S:0,S:113,H:x,H:x
"DOYOUKNOWWHATIMEAN (GB)",2017,GELDING,"Gary Hanmer",S:0,S:0,S:115,S:0,S:0,S:123
"DR ALI (IRE)",2022,GELDING,"J. R. Jenkins",A:41,A:50,A:50,A:44,A:49,A:42
"DR RIO (FR)",2016,GELDING,"Declan Carroll",T:62,T:61,T:53,T:66,T:66,T:61
"DR SEB (FR)",2017,GELDING,"Mike Sowersby",H:94,H:101,H:113,H:x,H:x,H:x
"DR SHIROCCO (IRE)",2015,GELDING,"Sandy Forster",S:64,S:79,S:66,H:76,H:72,S:63
"DR STRANGELOVE (GB)",2022,GELDING,"Oliver Cole",T:80,A:80,T:70,T:87,A:70,T:x
"DR T J ECKLEBURG (IRE)",2018,GELDING,"Mrs C. Williams",S:102,S:110,S:119,S:119,S:96,S:91
"DR WAKSMAN (GB)",2021,GELDING,,H:71,H:0,A:60,H:x,A:55,T:0
"DRACO MALFOY (IRE)",2020,GELDING,"Kim Bailey & Mat Nicholls",H:0,H:102,H:x,H:x,H:x,N:x
"DRAFTED (IRE)",2020,GELDING,"Charlie Pike",T:51,A:39,A:43,A:38,A:56,A:56
"DRAGON GOD (GB)",2022,COLT,"Tony Carroll",T:44,T:52,T:56,T:53,A:42,A:55
"DRAGON ICON (IRE)",2020,GELDING,,A:86,A:86,A:84,T:70,A:79,A:87
"DRAGON LEADER (IRE)",2021,GELDING,"Clive Cox",T:81,T:77,A:81,A:78,T:77,T:77
"DRAGON SPIN (GB)",2023,FILLY,"Steph Hollinshead",T:66,T:59,T:61,A:61,A:63,T:x
"DRAGONFLAME (FR)",2022,GELDING,"Rebecca Menzies",T:21,A:49,T:55,A:69,T:69,A:68
"DRAGONS AND DEMONS (GB)",2021,GELDING,"Robert Walford",H:101,H:x,H:x,H:x,H:x,-
"DRAMA (GB)",2021,GELDING,,A:78,A:95,T:65,A:86,A:92,A:87
"DRAMATIC EFFECT (GB)",2021,FILLY,,T:63,T:54,T:60,T:59,A:69,A:51
"DRAMATIC ENCORE (IRE)",2020,FILLY,"Harry Derham",H:95,H:114,H:108,H:96,H:110,H:x
"DRAMATIC LICENSE (IRE)",2020,GELDING,"John Wainwright",H:0,H:0,H:70,N:x,-,-
"DRAMATIC STAR (GB)",2021,GELDING,"William Haggas",T:74,A:87,A:91,A:94,A:92,T:86
"DRAUPNIR (GB)",2022,GELDING,"Michael & David Easterby",T:69,T:72,T:54,T:72,T:65,T:61
"DRAYTON FLYER (IRE)",2019,GELDING,"Alan Hill",H:97,H:104,H:x,H:x,N:x,-
"DREAM CAMP (IRE)",2023,FILLY,"Andrew Balding",A:x,T:x,A:x,-,-,-
"DREAM COMPOSER (FR)",2018,GELDING,"Tony Carroll",T:84,T:83,T:72,A:67,T:79,T:77
"DREAM DEAL (GB)",2019,GELDING,"Tim Easterby",T:54,T:29,A:55,T:58,T:58,T:63
"DREAM DIAMOND (IRE)",2020,GELDING,"James Owen",H:103,H:x,H:93,H:92,H:x,-
"DREAM FOREVER (IRE)",2023,GELDING,"Jedd O'Keeffe",T:11,T:32,T:0,A:49,A:52,A:28
"DREAM HARDER (IRE)",2019,GELDING,"Mark Loughnane",A:67,A:77,A:79,T:73,A:61,T:83
"DREAM ILLUSION (GB)",2022,FILLY,"Michael Herrington",T:51,A:68,A:65,A:42,A:67,A:66
"DREAM JET (IRE)",2018,GELDING,"Brian Ellison",S:81,S:83,S:101,S:86,S:105,S:100
"DREAM MORE (GB)",2023,COLT,,T:x,T:59,T:x,T:50,T:x,T:x
"DREAM OF ITHACA (GB)",2023,FILLY,"John Gallagher",T:44,A:x,T:43,T:x,T:x,T:x
"DREAM OF MISCHIEF (GB)",2020,GELDING,"Amanda Perrett",A:73,A:64,A:29,A:72,A:60,T:60
"DREAM PIRATE (GB)",2020,GELDING,"T. J. Kent",T:59,T:57,A:67,A:67,A:65,T:58
"DREAM SHADOW (IRE)",2019,FILLY,"Fergal O'Brien",H:x,H:x,H:x,H:x,H:x,H:x
"DREAM'S KA (FR)",2022,GELDING,"Dan Skelton",H:104,H:92,H:82,H:72,H:x,H:x
"DREAMASAR (IRE)",2022,FILLY,"Ed Walker",T:102,T:90,T:x,A:x,T:x,-
"DREAMBIRD DOLLY (GB)",2022,FILLY,"John Gallagher",T:48,T:0,T:15,T:37,T:9,T:40
"DREAMCRAFTER (FR)",2022,GELDING,"Craig Benton",A:33,T:9,T:x,T:x,A:x,-
"DREAMINGS FREE (IRE)",2019,GELDING,"Daniel Bourne",H:27,H:x,H:x,H:76,H:45,H:x
"DREAMS ADOZEN (FR)",2020,FILLY,"James Owen",T:19,T:74,T:71,T:61,T:74,A:57
"DRESSEDTOIMPRESS (IRE)",2016,GELDING,"Miss Joanne Murphy",H:112,H:0,H:102,-,-,-
"DRIVER'S PICK (IRE)",2021,GELDING,,H:0,H:x,H:x,H:x,T:x,-
"DRIVING MISS D'AZY (GB)",2021,FILLY,"Kim Bailey & Mat Nicholls",H:72,H:x,H:x,H:x,N:x,-
"DROMLAC JURY (IRE)",2019,FILLY,,S:87,S:95,S:96,S:97,H:99,S:81
"DROP KICK (IRE)",2021,GELDING,"Mark Walford",H:78,H:96,H:96,H:94,H:92,H:91
"DROPEMATTHESTATION (GB)",2020,GELDING,"Ben Pauling",H:x,H:x,H:x,H:x,N:x,-
"DRUMCONDRA (IRE)",2022,GELDING,"Declan Carroll",T:44,T:45,A:56,T:56,T:57,T:63
"DRUMHELLER (IRE)",2019,GELDING,,S:0,S:0,H:76,H:87,H:61,H:x
"DRUMSTICK (GB)",2021,GELDING,"Fergal O'Brien",T:70,H:x,A:50,T:61,A:64,T:57
"DRYBURGH (IRE)",2023,GELDING,"Oli Rix",T:62,T:72,T:73,A:47,A:70,A:38
"DUBAI BEACH (IRE)",2021,FILLY,"Saeed bin Suroor",A:96,T:77,A:82,A:89,A:75,A:x
"DUBAI BLING (IRE)",2022,GELDING,"Hugo Palmer",T:102,A:91,A:84,T:91,T:x,T:x
"DUBAI DAYS (IRE)",2014,GELDING,"N. W. Alexander",S:114,S:116,S:126,S:41,S:120,S:123
"DUBAI FUTURE (GB)",2016,GELDING,"Saeed bin Suroor",T:113,T:100,T:104,T:109,T:108,T:107
"DUBAI HARBOUR (GB)",2020,GELDING,"Pat Phelan",T:45,A:25,A:48,A:43,A:43,A:49
"DUBAI HONOUR (IRE)",2018,GELDING,"William Haggas",A:115,A:115,A:115,T:104,A:116,T:108
"DUBAI IMMO (IRE)",2019,GELDING,"Paddy Butler",A:31,A:35,A:42,A:37,A:33,A:36
"DUBAI JEANIUS (IRE)",2018,GELDING,"Michael Herrington",A:84,A:74,A:80,A:78,A:72,A:68
"DUBAI MAGIC (IRE)",2022,FILLY,,A:50,A:52,A:38,A:50,A:49,A:40
"DUBAI TIME (GB)",2023,FILLY,,A:56,T:68,T:68,T:65,T:64,T:x
"DUBAI TREASURE (IRE)",2021,FILLY,"Saeed bin Suroor",T:108,T:86,T:100,T:94,A:95,A:x
"DUBAI VENTURE (IRE)",2021,GELDING,"Tina Jackson",T:54,T:55,T:55,T:49,T:46,T:31
"DUBAWI TIME (GB)",2021,GELDING,"Micky Hammond",T:0,A:47,T:45,A:46,A:45,T:57
"DUBLIN BAY (IRE)",2023,GELDING,"Ollie Sangster",A:85,T:64,A:75,A:70,A:72,A:68
"DUBLIN CITY (IRE)",2020,GELDING,"Julian Smith",H:72,H:42,H:x,H:x,H:x,-
"DUBLIN TO MILAN (IRE)",2019,GELDING,"Clive Boultbee-Brooks",H:58,S:44,S:0,S:0,H:58,H:88
"DUBLINOFFICECALLIN (GB)",2021,GELDING,"Kerry Lee",H:62,H:90,H:x,H:x,H:x,N:x
"DUCA DI LUCCA (GB)",2022,GELDING,,A:60,A:64,A:66,T:45,T:x,A:x
"DUCHESS (FR)",2019,FILLY,"John Berry",A:53,A:51,A:49,A:41,A:37,T:25
"DUCHESS T (GB)",2023,FILLY,"Michael & David Easterby",T:0,T:x,T:x,T:x,-,-
"DUDLEY'S BAR (IRE)",2019,GELDING,,H:0,H:71,H:82,H:x,-,-
"DUE DATE (GB)",2020,GELDING,"Charlie Wallis",A:50,A:51,A:50,A:47,A:53,A:42
"DUE DESTINY (GB)",2023,FILLY,"Patrick Owens",A:38,T:33,T:x,T:x,A:x,-
"DUE RESPECT (IRE)",2022,FILLY,"Gary Rutherford",T:24,T:52,T:45,T:11,T:17,T:49
"DUE TO HENRY (GB)",2021,GELDING,"Eve Johnson Houghton",T:69,T:78,T:0,T:43,T:77,T:70
"DUE TO SHINE (GB)",2023,FILLY,"Brian Ellison",T:11,A:13,A:44,T:49,T:x,T:x
"DUE WEST (FR)",2022,COLT,,A:74,T:77,T:x,A:x,T:x,-
"DUEL AU SOLEIL (FR)",2020,GELDING,"Ben Pauling",S:112,H:102,H:115,H:111,H:110,H:x
"DUFFRY TRIXS (IRE)",2019,GELDING,"Richard Bandey",H:117,H:109,H:95,H:96,H:100,H:109
"DUFFUS CASTLE (GB)",2022,GELDING,,A:20,T:48,A:51,A:51,T:43,T:45
"DUHALLOW TOMMY (IRE)",2018,GELDING,"Nick Gifford",S:100,S:106,S:112,H:97,S:102,S:79
"DUKE OF DECEPTION (IRE)",2017,GELDING,"Oliver Greenall & Josh Guerriero",S:120,S:119,S:130,S:122,S:118,S:119
"DUKE OF LUCKLEY (IRE)",2017,GELDING,"Martin Keighley",S:0,S:0,S:0,S:66,S:94,S:124
"DUKE OF OXFORD (GB)",2020,GELDING,"Michael Bell",T:106,A:100,A:102,A:96,A:93,A:87
"DUKE ORSINO (GB)",2022,GELDING,"J. R. Jenkins",T:35,T:44,A:27,A:34,A:38,A:37
"DUKE'S COMMAND (GB)",2021,GELDING,"David O'Meara",T:75,T:69,A:90,A:90,A:86,A:102
"DUMFRIES (GB)",2020,GELDING,"Ruth Carr",A:57,T:53,T:57,T:58,T:59,T:0
"DUMUJI (GB)",2023,COLT,"Clive Cox",T:77,T:x,A:x,-,-,-
"DUNADEN ISLAND (GB)",2018,FILLY,"Ian Chanin",H:37,H:x,H:x,H:x,-,-
"DUNKELD DREAMER (IRE)",2023,FILLY,"K. R. Burke",T:76,T:77,T:79,T:75,T:77,T:77
"DUNKERQUE (DEN)",2020,GELDING,"Jennie Candlish",S:122,S:118,H:x,H:103,H:x,H:115
"DUNNET HEAD (IRE)",2018,GELDING,,H:71,S:0,S:0,H:85,H:73,S:104
"DUNNINGTON LAD (IRE)",2020,GELDING,"Peter Winks",T:10,T:20,T:0,T:21,T:44,T:33
"DURAJI (IRE)",2021,COLT,"Richard Hughes",T:97,A:90,T:91,T:97,-,-
"DURAN (IRE)",2021,GELDING,"Nigel Tinkler",T:52,T:75,T:65,T:85,T:73,T:83
"DURHAM CASTLE (GB)",2021,GELDING,"Simon & Ed Crisford",A:87,T:92,T:83,T:89,A:x,T:x
"DUSK DAMSEL (GB)",2023,FILLY,"J. S. Moore",T:0,A:59,A:x,A:x,A:x,-
"DUSKAURA (IRE)",2023,FILLY,"Tony Carroll",A:57,A:70,A:68,T:73,T:x,T:x
"DUSKY DAYS (IRE)",2017,GELDING,"James Moffatt",H:95,H:95,H:66,H:100,H:99,H:96
"DUSKY SPYGLASS (GB)",2018,FILLY,"Mike Murphy",H:0,H:x,H:x,H:x,-,-
"DUST COVER (GB)",2022,GELDING,"Ross Burdon",T:62,A:75,T:34,A:72,A:69,A:67
"DUTCH CORNER (IRE)",2021,GELDING,"Dan Skelton",H:116,H:x,H:x,H:x,H:x,N:x
"DUTCH DECOY (GB)",2017,GELDING,,T:82,T:84,A:81,T:80,T:79,T:75
"DUTCH DUKE (GB)",2022,GELDING,,A:10,A:53,T:x,T:x,A:x,-
"DUTCH FINALE (GB)",2022,GELDING,"Stuart Williams",A:63,M:67,T:75,A:74,A:74,T:39
"DUTCH KINGDOM (IRE)",2020,GELDING,"Jim Boyle",T:53,A:55,A:56,T:48,A:77,A:92
"DUTY FIRST (GB)",2022,FILLY,,T:74,T:59,T:86,T:109,T:94,T:96
"DWIGHT K SCHRUTE (GB)",2019,GELDING,"Jamie Snowden",H:110,H:114,H:109,H:113,H:113,S:0
"DWINDLING FUNDS (GB)",2021,GELDING,"Jim Goldie",T:47,T:61,T:76,T:74,T:67,T:73
"DYNAMITE DEFENSE (IRE)",2021,GELDING,"Sarah-Jayne Davies",H:66,A:50,A:51,H:79,H:79,H:x
"DYNO DAVE (IRE)",2018,GELDING,"Nicky Henderson",S:105,S:0,S:105,S:83,S:97,S:0
"DYONISOS (FR)",2022,GELDING,"Ian Williams",T:85,T:70,T:82,A:86,T:70,T:72
"DYRHOLAEY (FR)",2021,GELDING,"Archie Watson",A:87,A:83,A:78,A:77,A:86,A:84
"DYSANIA (IRE)",2015,GELDING,,S:0,S:0,S:51,S:56,S:71,S:54
"EAGER PUCCINI (GB)",2022,GELDING,"Julia & Shelley Birkett",T:27,A:37,A:6,T:0,A:41,A:x
"EAGLE DAY (IRE)",2020,GELDING,"David Evans",T:43,A:69,A:62,A:44,A:28,A:56
"EAGLE LANDED (GB)",2021,GELDING,"J. R. Jenkins",A:0,A:30,T:9,A:0,A:38,T:43
"EAGLE ONE (GB)",2018,GELDING,"Nigel & Willy Twiston-Davies",A:46,T:57,A:0,A:62,A:62,T:37
"EAGLE'S CAIRN (IRE)",2020,GELDING,"N. W. Alexander",H:x,H:x,H:x,H:x,H:x,N:x
"EAGLES ATTIRE (IRE)",2023,COLT,"Oliver Cole",T:x,T:x,-,-,-,-
"EAGLES REPRIEVE (IRE)",2021,GELDING,,H:0,H:x,H:x,H:x,H:x,H:x
"EAGLES ROCK (IRE)",2018,GELDING,"M. Cregan",H:112,H:87,-,-,-,-
"EAGLES WHISTLE (IRE)",2020,FILLY,"Joey Ramsden",A:55,A:57,T:59,A:62,A:56,A:60
"EARLOFBRACKENSTOWN (IRE)",2019,GELDING,"Jessica Bedi",H:0,S:0,H:68,H:0,H:0,-
"EARLY RELEASE (GB)",2022,GELDING,"David Evans",T:71,A:54,A:53,A:70,A:45,A:13
"EARNEST BELIEF (IRE)",2022,GELDING,"Donald McCain",H:x,H:x,H:x,A:72,A:65,T:74
"EARTH KING (IRE)",2016,GELDING,"Neil Mulholland",H:120,H:120,H:116,H:110,H:116,H:119
"EARTH SHOT (IRE)",2023,FILLY,"William Haggas",T:100,T:x,T:x,-,-,-
"EAST EAGLE (IRE)",2020,GELDING,"Mike Sowersby",H:83,H:84,H:93,H:85,H:80,H:81
"EAST END GIRL (GB)",2017,FILLY,"Alastair Ralph",H:79,A:53,H:86,H:88,H:98,H:90
"EAST INDIA BREEZE (IRE)",2023,GELDING,"Jamie Osborne",A:42,A:16,A:x,A:x,T:x,A:x
"EAST INDIA DOCK (GB)",2021,GELDING,,T:98,A:96,T:97,T:97,H:147,H:146
"EAST INDIA EXPRESS (IRE)",2019,GELDING,"Nicky Henderson",H:0,H:124,H:137,H:107,H:0,H:0
"EAST TYRONE (IRE)",2022,GELDING,"Philip Kirby",T:29,A:46,A:45,A:37,A:46,A:48
"EASTER ICON (GB)",2019,GELDING,"Gary Brown",H:95,H:93,H:75,A:64,H:58,H:65
"EASTER SUNDAE (GB)",2019,GELDING,,A:4,A:12,A:45,A:42,A:36,A:7
"EASTERN SHORES (GB)",2020,FILLY,"Fergal O'Brien",H:77,H:88,H:87,H:100,H:x,H:x
"EASTERN STORM (GB)",2020,GELDING,"James Walton",H:0,H:x,H:x,-,-,-
"EASTERN VEIL (GB)",2023,FILLY,"Andrew Balding",A:73,A:x,A:x,A:x,-,-
"EASTSTONE BUCK'S (GB)",2021,GELDING,"Venetia Williams",H:61,H:77,H:x,H:x,H:0,-
"EASY LOVE (IRE)",2020,FILLY,"Anthony Honeyball",H:104,H:x,H:x,H:118,H:x,H:x
"EASY PEELER (GB)",2022,FILLY,,A:73,A:81,A:84,A:75,T:57,T:79
"EASY TO FOLLOW (IRE)",2018,FILLY,"Olly Murphy",H:108,S:0,S:72,S:105,S:68,S:91
"EATON ANNE (IRE)",2018,GELDING,"Olly Murphy",S:110,S:102,S:110,S:102,H:97,H:110
"EAZY ON THE EYE (GB)",2022,FILLY,"Heather Main",T:62,A:68,A:70,A:9,T:68,T:60
"EBENDI (IRE)",2017,GELDING,"Andrew Wilson",A:38,T:0,T:43,T:41,T:48,A:0
"EBN SABT (GB)",2023,GELDING,"Ben Lund",A:59,A:61,A:63,A:68,A:61,A:65
"EBONY JADE (IRE)",2018,GELDING,"Ryan Potter",H:75,H:0,S:69,H:0,H:0,-
"EBONY MAW (GB)",2017,GELDING,"Ewan Whillans",T:45,T:50,T:0,T:58,T:49,T:41
"EBONY WARRIOR (IRE)",2018,GELDING,"David Killahena & Graeme McPherson",H:101,H:103,H:0,H:117,H:x,H:x
"EBSELYSEES (GB)",2019,FILLY,"Susan Corbett",H:102,H:98,H:74,H:83,H:90,S:0
"EBT'S GUARD (GB)",2021,GELDING,"William Muir & Chris Grassick",T:103,T:94,A:98,T:104,T:106,T:93
"ECCLEFECHAN (GB)",2023,GELDING,"John Ryan",T:62,T:72,T:53,A:68,A:74,T:74
"ECHALAR (IRE)",2022,GELDING,"Ian Williams",T:28,A:72,A:75,A:56,A:59,A:68
"ECHO OF FAITH (IRE)",2023,GELDING,"Charlie Wallis",-,-,-,-,-,-
"ECHO OF GLORY (IRE)",2022,GELDING,,A:50,A:60,T:48,T:59,T:62,T:61
"ECHO OF STARS (IRE)",2023,COLT,"Oliver Cole",T:x,T:x,T:x,T:x,-,-
"ECHO VALLEY (GB)",2023,FILLY,"Tom Symonds",T:43,T:44,T:x,A:x,A:x,-
"ECHOOFMYMIND (GB)",2023,FILLY,,A:x,A:x,T:x,T:x,-,-
"ECLIPSER (IRE)",2023,FILLY,,T:48,T:61,T:65,A:x,T:x,-
"ECO POWER BOY (IRE)",2021,GELDING,,A:34,A:53,A:50,T:34,T:45,T:44
"ECONOMIC EDITOR (IRE)",2016,GELDING,"Mrs Morag Herdman",S:69,S:53,H:61,H:77,H:61,H:78
"ECONOMICS (GB)",2021,COLT,,T:112,T:115,T:116,T:x,T:x,-
"EDDAARI (GB)",2023,COLT,"Simon & Ed Crisford",T:31,A:x,A:x,T:x,T:x,-
"EDDIE MY EAGLE (IRE)",2020,GELDING,"Dan Horsford",H:103,H:115,H:x,H:x,H:x,N:x
"EDE'IFFS ROCK (GB)",2018,FILLY,"Kathy Turner",S:122,S:115,S:74,S:0,S:106,S:108
"EDELAK (IRE)",2022,GELDING,"Dan Skelton",H:x,H:x,H:105,-,-,-
"EDERGOLE'S GIFT (IRE)",2021,FILLY,"Conrad Allen",T:33,T:41,A:44,A:53,A:53,A:43
"EDGEWATER DRIVE (IRE)",2021,GELDING,"Wilf Storey",T:45,T:66,T:50,T:40,T:59,T:31
"EDGEWELL (IRE)",2018,GELDING,"Nick Scholfield",S:0,S:74,S:83,S:91,S:88,H:51
"EDITH PELHAM (GB)",2020,FILLY,"Fergal O'Brien",H:73,H:x,H:x,H:x,N:x,N:x
"EDNA E MODE (IRE)",2021,FILLY,"Robert Stephens",H:84,H:77,H:86,H:55,H:60,H:86
"EDUARDO CALDERON (IRE)",2023,GELDING,"Harry Eustace",T:64,T:68,A:x,T:x,T:x,-
"EDUCATE (GB)",2021,GELDING,"Micky Hammond",A:52,A:56,A:56,A:58,A:60,A:51
"EDUCATING RITA (GB)",2022,FILLY,"Philip Kirby",A:66,T:74,T:71,T:72,T:52,T:77
"EDUCATOR (GB)",2019,GELDING,"Henrietta C Knight",T:35,T:63,T:71,A:55,A:73,A:73
"EDWARD SEXTON (IRE)",2020,GELDING,"Gary & Josh Moore",A:60,A:x,A:x,A:x,A:x,N:x
"EDWARDSTONE (GB)",2014,GELDING,"Alan King",S:158,S:149,S:146,S:149,S:151,S:128
"EDWARDTHENINTH (GB)",2021,GELDING,"Ruth Jefferson",A:51,T:44,A:50,A:0,A:53,A:54
"EDWIN HUBBLE (IRE)",2023,GELDING,"Brian Meehan",T:x,T:x,T:x,T:x,-,-
"EEETEE (IRE)",2018,GELDING,"John Wainwright",A:34,A:56,A:52,T:59,T:23,T:59
"EGBERT (GB)",2017,GELDING,"Sandy Thomson",S:0,S:0,S:131,S:0,S:128,S:132
"EGOISTE (USA)",2019,GELDING,,A:20,A:44,A:55,A:64,A:61,A:61
"EGOLI (GB)",2023,GELDING,"Ralph Beckett",T:93,A:93,T:90,T:87,T:x,T:x
"EGOTISTICAL (GB)",2023,FILLY,"Roger Varian",T:x,T:x,A:x,A:x,-,-
"EIGHTTHREEONE (GB)",2023,GELDING,"Eve Johnson Houghton",T:69,T:69,T:62,A:68,T:x,T:x
"EIRE STREET (IRE)",2017,GELDING,"Jackie Stephen",H:0,H:70,H:0,H:0,H:93,H:0
"EITHER OR (IRE)",2018,FILLY,,H:97,H:110,H:108,S:76,H:101,H:83
"EKLLEEM (GB)",2023,GELDING,"William Haggas",A:x,T:x,T:x,-,-,-
"EL ARCO (IRE)",2021,GELDING,,H:57,H:50,H:45,H:x,H:x,H:x
"EL BODON (IRE)",2021,GELDING,"Jane Chapple-Hyam",T:94,A:56,A:100,A:101,A:98,T:83
"EL BUFALO (GB)",2021,GELDING,"Thomas Faulkner",T:79,T:76,A:68,A:77,A:77,A:72
"EL BURHAN (IRE)",2022,GELDING,"George Boughey",T:97,A:96,T:100,T:84,T:71,T:95
"EL CAPITAINE (IRE)",2018,GELDING,"Kayley Woollacott",S:127,H:90,H:119,H:117,H:116,-
"EL CARRUSEL (GB)",2023,GELDING,"John Ryan",A:30,A:33,T:x,T:52,T:x,T:x
"EL COBRE FUEGO (GB)",2022,GELDING,,A:48,A:43,T:34,A:x,A:x,A:x
"EL CORDOBES (IRE)",2021,GELDING,"Charlie Appleby",T:115,T:97,T:109,T:112,T:91,A:x
"EL CURAMACH (IRE)",2018,GELDING,,H:97,H:93,H:x,H:x,H:x,-
"EL FOX (GB)",2022,FILLY,"Marco Botti",T:52,T:54,A:54,A:56,T:47,T:60
"EL GALACTICO (IRE)",2020,GELDING,"Neil Mulholland",H:110,H:0,H:0,H:118,H:x,H:x
"EL GAVILAN (FR)",2021,GELDING,"Dan Skelton",H:0,H:110,H:111,H:109,H:103,H:93
"EL GHAAWY (GB)",2022,GELDING,,T:12,A:44,A:56,A:55,A:29,A:55
"EL GRANJERO (IRE)",2019,GELDING,"Clive Boultbee-Brooks",S:132,S:127,S:97,S:124,S:122,H:124
"EL JEFE (IRE)",2017,GELDING,"Andrew Hamilton",H:93,H:99,H:104,H:105,H:93,H:105
"EL LOCO (FR)",2023,GELDING,"David Simcock",T:x,T:x,T:x,-,-,-
"EL MATADOR (IRE)",2022,GELDING,"Ralph Beckett",T:89,T:88,A:89,T:84,T:88,T:84
"EL MEGEETH (IRE)",2022,FILLY,,T:66,T:74,A:x,T:x,A:x,-
"EL MUCHACHO (IRE)",2017,GELDING,"Mike Sowersby",S:82,S:97,S:99,S:97,S:80,S:95
"EL NAY (IRE)",2023,GELDING,"Richard Hannon",T:x,T:x,A:x,A:x,-,-
"EL PINTO (GB)",2022,GELDING,"Christopher Kellett",T:52,T:45,A:x,A:x,T:59,T:x
"EL ROJO GRANDE (IRE)",2017,GELDING,"Katy Price",S:0,S:92,S:90,S:89,S:82,S:85
"EL SAVIOUR (IRE)",2018,GELDING,"A. J. Bealby",H:0,S:0,S:0,S:83,H:95,H:118
"ELAN D'OR (GB)",2023,COLT,"Stuart Williams",T:87,A:89,A:87,A:75,T:74,T:61
"ELARA MAY (GB)",2023,FILLY,"Philip McBride",T:87,A:88,T:79,T:80,T:76,T:76
"ELARAK (GB)",2022,GELDING,"Charles Hills",T:99,T:103,T:103,T:91,T:93,T:x
"ELASHGAR (IRE)",2023,GELDING,"Kevin & Lauren Frost",T:45,A:55,A:55,A:x,A:x,A:x
"ELATED (GB)",2021,FILLY,"Ben Pauling",H:x,H:x,N:x,N:x,-,-
"ELDEYAAR (IRE)",2019,GELDING,"Antony Brittain",T:47,A:45,T:52,A:25,A:35,A:42
"ELDORADO ALLEN (FR)",2014,GELDING,"Joe Tizzard",S:0,S:139,S:137,S:140,S:146,S:134
"ELDRICKJONES (IRE)",2019,GELDING,"Roger Fell",T:71,A:83,A:80,A:84,A:81,A:82
"ELEANOR SHELBY (GB)",2023,FILLY,,T:27,A:x,T:x,T:x,-,-
"ELECTRIC AVENUE (GB)",2020,FILLY,"Ruth Carr",A:60,T:21,A:56,A:53,A:60,A:68
"ELECTRIC BASS (GB)",2022,GELDING,"Roger Teal",T:57,A:57,A:53,A:55,A:59,T:57
"ELECTRIC EDDY (GB)",2018,GELDING,"Nigel & Willy Twiston-Davies",S:87,S:0,S:99,H:0,H:100,H:101
"ELECTRIC LIGHTNING (GB)",2021,GELDING,"Mark Walford",T:28,T:45,T:46,T:60,T:54,T:61
"ELECTRIC MASON (IRE)",2019,GELDING,"Chris Gordon",H:137,H:139,H:132,H:124,H:116,H:x
"ELECTRICAL (GB)",2023,GELDING,"Brian Toomey",T:28,T:x,T:80,T:x,-,-
"ELECTRIFARHH (GB)",2022,FILLY,"Ed Walker",A:80,T:x,A:x,T:74,-,-
"ELECTROCUTION (GB)",2023,GELDING,"Chelsea Banham",A:37,A:41,A:55,A:55,A:55,A:51
"ELEGANT CALL (IRE)",2021,FILLY,,T:0,A:40,A:26,A:x,A:x,T:x
"ELEGANT ERIN (IRE)",2017,FILLY,"Paul Midgley",T:71,T:78,A:73,T:96,T:90,T:87
"ELEMENTAL (GB)",2023,COLT,,A:0,A:26,A:x,A:x,T:x,-
"ELEMENTAL EYE (GB)",2021,GELDING,"Iain Jardine",T:59,A:61,H:x,H:x,H:x,A:62
"ELEMENTS OF FIRE (GB)",2022,GELDING,"Archie Watson",T:90,T:88,A:94,A:89,A:x,T:x
"ELEMMA (IRE)",2023,FILLY,"Richard & Peter Fahey",T:x,T:x,T:x,-,-,-
"ELETTARIA (IRE)",2019,FILLY,"John Wainwright",T:36,T:35,T:40,A:39,A:39,A:41
"ELFRIDE (GB)",2016,FILLY,"Richard Phillips",H:69,H:0,H:0,H:49,H:0,H:0
"ELIGIBLE (IRE)",2016,GELDING,"Michael & David Easterby",T:75,A:66,A:78,A:76,A:82,A:81
"ELIM (IRE)",2020,FILLY,,T:101,T:98,T:101,T:95,T:92,T:81
"ELIZA BENNET (IRE)",2022,FILLY,,A:x,A:x,A:x,A:x,A:x,A:72
"ELIZA DOLITTLE (IRE)",2018,FILLY,"Nick Gifford",H:80,H:61,H:67,H:87,H:84,H:58
"ELIZABETH BAY (GB)",2022,FILLY,"Katie Scott",T:43,T:38,A:29,T:x,T:x,A:x
"ELIZABETH'S LEGACY (GB)",2022,FILLY,,T:23,T:41,T:49,T:51,T:40,T:48
"ELIZABETTY (IRE)",2023,FILLY,"Brian Ellison",A:61,A:42,A:68,A:x,A:x,T:x
"ELLARIA SAND (GB)",2022,FILLY,,T:61,T:94,T:85,A:83,T:96,T:82
"ELLERTON (FR)",2020,GELDING,"Joe Tizzard",H:99,H:105,H:83,H:101,H:77,H:95
"ELLIE'S DE VEGA (GB)",2023,GELDING,"Noel Wilson",T:51,T:56,T:55,A:53,A:57,T:x
"ELLISTRIN BAY (GB)",2019,GELDING,"Donald Whillans",H:0,H:0,H:x,H:x,H:x,H:x
"ELLUSIVE BUTTERFLY (IRE)",2023,FILLY,"K. R. Burke",T:93,T:89,T:96,A:92,A:x,T:x
"ELMONJED (IRE)",2021,GELDING,"William Haggas",T:115,T:103,T:105,T:102,T:86,T:99
"ELOI DU PUY (FR)",2018,GELDING,"N. W. Alexander",H:99,H:113,H:110,H:108,S:100,S:0
"ELOQUENCIA (GB)",2023,FILLY,"James Owen",T:x,A:x,T:x,-,-,-
"ELORA PRINCE (IRE)",2023,GELDING,"Adrian Wintle",-,-,-,-,-,-
"ELOUISE'S PRINCE (IRE)",2022,GELDING,"Luke Dace",A:59,A:37,A:70,A:72,A:62,A:58
"ELSASS (IRE)",2022,GELDING,"Charlie Johnston",T:88,A:80,T:67,A:76,A:76,T:39
"ELSIE'S RUAN (IRE)",2022,FILLY,,A:64,T:62,T:79,T:74,T:84,T:76
"ELUSIVE KNIGHT (IRE)",2020,GELDING,"Mrs C. Williams",S:37,S:75,H:62,H:x,H:x,H:x
"ELUSIVE WARRIOR (IRE)",2020,GELDING,"Sandy Thomson",S:0,S:72,H:0,H:63,H:x,H:x
"ELVETHAM (IRE)",2022,GELDING,"Conrad Allen",T:60,A:59,A:60,A:44,A:35,A:56
"ELVINGTON (GB)",2021,FILLY,,T:0,T:0,T:46,T:0,A:0,A:x
"ELVIS MAIL (FR)",2014,GELDING,"N. W. Alexander",S:0,S:132,H:130,S:0,S:148,S:0
"ELWATEEN (IRE)",2022,FILLY,,T:99,T:98,T:90,T:99,T:105,A:x
"ELYSIAN FLAME (GB)",2016,GELDING,"Samantha & Jacqueline Coward",T:81,T:92,T:90,T:100,T:100,T:98
"ELYSIAN KNIGHT (GB)",2019,GELDING,"Neil Mulholland",S:78,H:119,S:118,S:112,S:121,S:0
"EM FOUR (GB)",2022,GELDING,"Jamie Osborne",T:73,T:80,A:80,T:74,A:69,A:74
"EM JAY KAY (GB)",2019,GELDING,"Phil McEntee",A:41,A:51,A:61,A:60,A:45,A:59
"EMAILANDY (IRE)",2018,GELDING,"Paul Nicholls",S:0,H:0,H:96,H:0,S:0,H:0
"EMBARKED (IRE)",2018,GELDING,"Scott Dixon",A:37,A:39,A:33,A:39,A:41,A:29
"EMBERSCOMBE (IRE)",2017,FILLY,"Joe Tickle",H:0,S:35,S:0,H:80,S:0,S:0
"EMERALD ARMY (IRE)",2021,GELDING,"Ruth Carr",T:55,T:55,T:46,T:48,T:23,T:55
"EMERALD BREEZE (GB)",2020,GELDING,"Dom Elsworth & Ryan Hatch",H:x,H:x,H:x,H:x,N:x,N:x
"EMERALD COAST (GB)",2023,FILLY,"Hugo Palmer",A:41,T:42,T:x,T:x,T:x,-
"EMERALD HARMONY (IRE)",2021,FILLY,"Paul Midgley",T:66,T:76,T:71,A:78,-,-
"EMERALD REINE (GB)",2023,FILLY,"Julia & Shelley Birkett",A:x,A:x,T:x,-,-,-
"EMERALD TIME (GB)",2021,GELDING,"Dom Elsworth & Ryan Hatch",H:94,H:x,H:x,H:x,N:x,N:x
"EMERALDS PRIDE (GB)",2019,FILLY,,T:65,T:76,T:77,T:77,T:70,T:71
"EMERY DOWN (GB)",2022,FILLY,"John Ryan",T:57,A:54,T:52,A:39,A:63,A:61
"EMID'IO PEPE (FR)",2021,GELDING,"Dan Skelton",H:133,-,-,-,-,-
"EMILIA CASANOVA (GB)",2023,FILLY,,A:49,A:x,A:x,T:x,-,-
"EMILY REBECCA (GB)",2022,FILLY,,H:x,H:39,T:46,T:37,A:59,T:62
"EMINENCY (IRE)",2020,GELDING,"Stuart Williams",T:82,A:84,A:85,A:84,A:80,A:87
"EMMA'S LETTER (GB)",2023,FILLY,"Ed Dunlop",T:60,T:49,A:66,A:67,A:69,A:x
"EMOTIONAL ROLLER (IRE)",2018,GELDING,"W. M. Wanless",S:79,S:76,S:88,S:87,S:84,S:90
"EMPEROR CARADOC (FR)",2019,GELDING,"Paul Midgley",T:75,T:76,T:47,A:75,T:49,T:75
"EMPEROR SPIRIT (IRE)",2018,GELDING,"Michael Keady",T:84,A:67,A:84,A:62,A:82,T:78
"EMPEROR'S LOGIC (IRE)",2022,GELDING,,A:19,A:27,A:0,T:0,A:x,A:x
"EMPEROR'S SON (IRE)",2021,GELDING,"Richard & Peter Fahey",A:52,A:62,A:66,A:70,A:67,A:67
"EMPIRE DE MAULDE (FR)",2014,GELDING,"R. W. Varnham",H:118,H:103,H:118,H:120,H:120,S:0
"EMPIRE OF LIGHT (IRE)",2021,GELDING,"Grant Tuer",T:85,T:82,T:78,T:74,T:71,T:75
"EMPIRE POWER (GB)",2022,FILLY,,T:0,A:x,T:x,T:x,T:x,T:x
"EMPIRE STEEL (IRE)",2014,GELDING,,S:101,S:85,S:129,S:0,S:137,S:132
"EMPIRESTATEOFMIND (IRE)",2018,GELDING,"John & Sean Quinn",T:61,T:78,T:49,A:82,T:77,A:x
"EMPIRICAL (IRE)",2023,GELDING,"Ed Walker",T:66,A:x,A:x,A:x,-,-
"EMPORESS (IRE)",2022,FILLY,"Tony Carroll",T:44,T:55,T:66,T:49,T:50,A:60
"EMPRESS OLIVIA (GB)",2023,FILLY,"Mark Walford",T:53,T:70,T:68,A:44,T:64,T:62
"EMPTY NEST (IRE)",2018,GELDING,"Mark Walford",S:87,S:87,S:78,S:95,S:95,S:80
"EN AVANT (FR)",2016,GELDING,,H:62,H:0,H:80,S:65,S:0,S:81
"ENAMORUS (IRE)",2023,FILLY,"Hugo Palmer",A:63,T:x,T:x,T:x,-,-
"ENCHANTED QUEEN (GB)",2023,FILLY,,T:x,T:x,T:x,-,-,-
"ENCHANTING (GB)",2021,FILLY,,T:81,T:75,T:78,T:100,T:55,T:89
"ENCIRCLE (IRE)",2021,FILLY,,A:19,T:28,A:47,A:42,A:46,A:51
"ENCOURAGER (IRE)",2021,GELDING,,A:0,A:x,A:59,T:31,T:x,A:x
"END OF STORY (IRE)",2022,GELDING,,A:65,A:61,T:50,T:77,T:43,T:79
"ENDERSEN (IRE)",2017,GELDING,"Richard Rowe",S:0,S:68,H:81,H:78,H:77,S:0
"ENDLESS WHISPER (GB)",2020,FILLY,"Michael & David Easterby",T:45,T:66,A:28,T:67,T:67,A:x
"ENDOFASTORM (IRE)",2019,FILLY,"Joe Ponting",T:41,T:32,T:47,T:46,A:27,A:35
"ENDOWED (GB)",2017,GELDING,"John & Rhys Flint",T:22,A:45,T:54,T:53,T:48,T:46
"ENDURING STORY (GB)",2023,FILLY,"Ruth Carr",T:39,T:x,A:x,A:x,-,-
"ENEMY (GB)",2017,GELDING,"Ian Williams",T:93,A:75,A:100,A:97,A:97,A:92
"ENEMY AGENT (GB)",2023,GELDING,"Simon & Ed Crisford",T:50,T:x,A:x,-,-,-
"ENFJAAR (IRE)",2020,GELDING,"Roger Varian",T:105,T:102,T:109,T:104,T:109,T:105
"ENGAGING SAM (GB)",2017,GELDING,"Paddy Butler",S:40,H:33,H:41,H:10,H:71,H:0
"ENGLEMERE (IRE)",2022,FILLY,,T:59,T:71,A:83,T:73,T:93,T:93
"ENGLISH LADY (IRE)",2022,FILLY,"Dean Ivory",T:49,A:49,A:56,A:0,A:56,A:57
"ENGLISH OAK (GB)",2020,GELDING,"Hamad Al Jehani",T:87,T:97,T:64,T:93,T:81,T:91
"ENGROSS (IRE)",2023,GELDING,"James Fanshawe",T:72,A:72,A:x,A:x,A:x,-
"ENJOY D'ALLEN (FR)",2014,GELDING,"Neil King",S:82,S:114,S:100,S:115,S:115,S:105
"ENJOY THE NIGHT (IRE)",2023,COLT,"Seb Spencer",T:52,T:x,T:x,T:x,-,-
"ENOLA GREY (IRE)",2020,FILLY,"Gemma Tutty",A:77,A:74,A:74,A:79,A:65,T:73
"ENOUGH ALREADY (GB)",2016,GELDING,,A:48,A:59,A:64,A:57,A:46,A:63
"ENPASSANT (IRE)",2021,GELDING,"Michael Herrington",T:35,A:42,A:66,A:53,A:51,A:63
"ENQARDE (FR)",2014,GELDING,"Mrs David Plunkett",H:0,H:0,H:118,S:105,S:114,S:0
"ENRICHER (IRE)",2023,COLT,"William Muir & Chris Grassick",T:65,A:x,T:x,T:x,T:x,-
"ENROLLED (IRE)",2022,GELDING,,A:85,T:29,T:77,A:71,T:75,A:76
"ENTAILED (GB)",2023,FILLY,"Gemma Tutty",T:63,T:80,A:78,T:75,T:75,T:82
"ENTER SANDMAN (IRE)",2023,GELDING,"Richard Spencer",A:70,A:70,A:61,A:58,A:58,A:48
"ENTHUSED (IRE)",2017,GELDING,"James Owen",A:65,A:61,A:60,A:53,A:44,A:60
"ENVIOUS EDITOR (IRE)",2014,GELDING,"Daniel Cherriman",H:97,S:88,S:110,S:110,S:89,S:112
"ENYA (GER)",2022,FILLY,"Jamie Snowden",H:x,N:x,N:x,N:x,H:x,-
"ENZIYA (IRE)",2022,GELDING,"Kevin Pickard",H:63,H:0,H:90,H:90,-,-
"EPHRON (IRE)",2023,GELDING,"Gemma Tutty",T:62,T:67,T:x,A:x,T:x,-
"EPHYRA (GB)",2021,FILLY,"Andy Irvine",H:0,H:0,H:82,H:80,H:x,H:x
"EPIC POET (IRE)",2019,GELDING,"David O'Meara",T:109,T:111,T:108,T:86,T:111,T:96
"EPIC WEST (IRE)",2019,GELDING,"Jamie Snowden",S:117,S:38,S:116,S:89,H:x,H:x
"EPICTETUS (IRE)",2020,GELDING,"Jamie Osborne",T:80,A:81,A:81,A:80,T:71,A:80
"EPICURIAN LAD (GB)",2022,GELDING,,T:0,A:47,T:49,T:51,T:36,T:59
"EPIDAVROS (IRE)",2021,FILLY,"Katie Scott",T:58,T:69,T:69,T:63,T:69,T:64
"EPINEPHRINE (FR)",2020,FILLY,"Venetia Williams",S:91,S:109,S:108,S:108,S:62,H:77
"EPSOM ALI (GB)",2023,FILLY,,A:0,A:x,A:x,A:x,-,-
"EQUALISED (IRE)",2022,GELDING,,A:50,A:50,A:50,T:50,T:57,T:54
"EQUALITY (GB)",2018,GELDING,"Charles Hills",A:46,A:90,A:92,A:85,T:83,T:75
"EQUION (GB)",2018,GELDING,"Tony Carroll",A:56,A:47,A:61,A:49,T:57,T:63
"EQUITY LAW (GB)",2021,GELDING,"Tim Easterby",T:68,T:75,T:74,T:70,T:71,A:72
"EREMENKO (GB)",2021,FILLY,,H:0,H:x,H:x,H:x,N:x,N:x
"ERIC CARMEN (IRE)",2016,GELDING,"Gary Hanmer",H:0,H:76,S:89,S:89,H:89,H:86
"ERIC GORCOMBE (GB)",2019,GELDING,,H:67,H:74,H:x,H:x,H:x,H:x
"ERNE RIVER (IRE)",2015,GELDING,"Nick Kent",S:0,S:116,S:125,S:0,S:0,S:127
"ERNEST GRAY (IRE)",2017,GELDING,"Alan King",H:121,H:116,H:124,H:121,H:113,H:120
"ERNIE'S VALENTINE (GB)",2019,GELDING,"Ross Burdon",A:62,A:64,A:58,A:67,A:67,A:69
"ERNST BLOFELD (IRE)",2022,GELDING,"Hamad Al Jehani",A:96,T:89,T:72,T:0,T:92,T:91
"EROICO (IRE)",2022,FILLY,"Martin Todhunter",T:60,-,-,-,-,-
"ERUDITION (GB)",2023,GELDING,"George Boughey",A:x,T:x,T:x,-,-,-
"ERZINDJAN (IRE)",2018,GELDING,"T. J. Kent",T:101,T:92,T:98,T:99,T:96,T:99
"ES PERFECTO (IRE)",2015,GELDING,,S:132,S:106,S:90,S:0,S:134,S:132
"ESCAPE MAGIC (GB)",2023,FILLY,"Owen Burrows",T:54,A:x,A:x,A:x,-,-
"ESCAPE PLAN (GB)",2023,GELDING,"Tom Ward",T:44,T:64,A:70,A:63,A:x,T:x
"ESCAPEANDEVADE (IRE)",2016,GELDING,"Harry Derham",S:132,S:0,S:133,S:133,S:127,S:121
"ESCAPOLOGIST (FR)",2019,GELDING,"Nick Scholfield",H:114,H:100,H:116,H:115,H:111,H:108
"ESCARIA TEN (FR)",2014,GELDING,"Martin Keighley",S:114,S:125,S:0,S:0,S:113,S:125
"ESCORT'KHEOPS (FR)",2020,GELDING,"Laura Horsfall",H:112,H:x,H:x,H:107,H:110,H:x
"ESHERANN (FR)",2022,COLT,"Declan Carroll",T:79,T:87,T:71,-,-,-
"ESKIMO PIE (IRE)",2023,FILLY,"Jane Chapple-Hyam",A:x,T:x,A:86,T:89,T:90,T:86
"ESKIMO SAM (GB)",2019,FILLY,"Stuart Edmunds",H:84,H:72,H:73,H:x,H:x,H:x
"ESNA (IRE)",2023,FILLY,"Brian Meehan",T:99,T:95,T:x,T:x,-,-
"ESPANITA (IRE)",2023,FILLY,"Charlie Johnston",T:61,A:67,A:65,A:x,A:x,-
"ESPERTI (IRE)",2017,GELDING,"David Rees",S:102,S:107,S:105,S:97,S:89,S:79
"ESPONA BAY (IRE)",2023,GELDING,"Scott Dixon",A:67,A:63,A:56,A:67,A:65,T:58
"ESQUE ELEGANCE (IRE)",2022,FILLY,,T:34,A:52,A:48,A:41,A:48,A:45
"EST ILLIC (IRE)",2014,GELDING,"Sarah-Jayne Davies",H:61,H:100,S:0,S:0,S:56,S:47
"ESTACAS (GER)",2017,GELDING,"Dr Richard Newland & Jamie Insole",H:98,H:82,H:72,H:97,T:83,T:92
"ESTATE PLANNING (IRE)",2021,GELDING,"Bernard Llewellyn",H:62,H:67,H:x,H:76,H:74,H:96
"ESTIMAID (IRE)",2022,FILLY,,A:36,A:17,M:0,T:50,T:44,A:x
"ESTISSA (GB)",2023,FILLY,"James Fanshawe",A:86,A:x,A:x,A:x,-,-
"ESTRANGE (IRE)",2021,FILLY,"David O'Meara",T:110,T:116,T:115,T:108,T:112,T:100
"ESTRELLA DIVINA (IRE)",2021,FILLY,,A:0,T:8,A:x,T:x,-,-
"ETALON (IRE)",2017,GELDING,"Dan Skelton",S:142,S:133,S:144,S:145,S:104,S:142
"ETERNAL ANGEL (FR)",2020,GELDING,"Tom Lacey",H:x,H:x,H:x,H:x,N:x,-
"ETERNAL FORCE (GB)",2022,GELDING,"William Haggas",T:94,T:96,T:88,T:x,T:x,T:x
"ETERNAL SOLACE (GB)",2023,FILLY,"Ollie Sangster",T:47,T:33,A:79,A:85,A:81,A:71
"ETERNAL SUNSHINE (GB)",2020,FILLY,"Jim Goldie",T:69,T:10,T:64,T:73,T:89,T:80
"ETERNITY ROSE (GB)",2021,GELDING,"Fergal O'Brien",H:97,H:x,H:x,H:x,N:x,N:x
"ETHEREAL CHARM (IRE)",2023,FILLY,"Daisy Hitchins",A:46,T:x,T:x,A:x,-,-
"ETNA BIANCO (IRE)",2020,GELDING,"Joe Tizzard",H:x,H:x,H:x,H:x,H:x,N:x
"ETON MES (IRE)",2021,GELDING,"David Pipe",H:90,H:104,H:112,H:108,H:x,H:x
"ETRETAT (GB)",2021,GELDING,,H:x,H:x,A:38,A:59,A:67,A:62
"ETTORE (IRE)",2022,GELDING,"Nicky Henderson",H:57,H:x,H:x,H:74,T:x,T:x
"EUCHAN FALLS (IRE)",2017,GELDING,"R. Mike Smith",S:0,S:61,S:47,S:0,H:0,H:0
"EULALIA (GB)",2022,FILLY,"Jack Morland",T:23,A:33,A:51,T:44,T:x,T:x
"EUPATOR (FR)",2022,GELDING,"Richard Hannon",T:81,T:77,A:76,A:80,A:80,A:83
"EUPHONIA (GB)",2023,FILLY,"Ed Walker",T:75,T:65,A:54,A:38,A:58,A:x
"EUSTON HALL (GB)",2023,COLT,"Ed Walker",T:86,T:x,A:x,A:x,-,-
"EUTROPIA (GB)",2022,FILLY,"Adrian Wintle",T:62,T:63,T:60,A:58,A:56,A:52
"EVA ROSIE (GB)",2020,FILLY,"Stella Barclay",T:43,A:52,A:61,A:49,T:50,A:56
"EVA THE DEEVA (GB)",2023,FILLY,"Nigel Tinkler",T:38,T:x,T:x,A:x,-,-
"EVALUATION (GB)",2018,GELDING,"Lucinda Russell & Michael Scudamore",H:115,H:115,H:112,H:x,H:x,H:x
"EVANESCO (GB)",2023,COLT,"Charlie Johnston",T:100,T:91,T:x,T:x,T:x,-
"EVANKA (GB)",2022,FILLY,,A:30,A:50,T:51,T:x,A:x,A:x
"EVE'S BOY (GB)",2022,GELDING,"Michael Dods",T:53,T:65,T:69,A:63,A:67,A:71
"EVELYN'S GARDEN (GB)",2023,FILLY,"Katie Scott",A:39,A:x,A:x,A:x,-,-
"EVELYN'S PHOENIX (FR)",2021,GELDING,"Tim Easterby",T:41,T:41,T:49,T:55,T:54,T:32
"EVENEPOEL (IRE)",2023,GELDING,"Archie Watson",A:x,A:x,A:x,-,-,-
"EVENING BLUES (IRE)",2023,GELDING,"Stephen Hanlon",T:83,-,-,-,-,-
"EVENING SAIGON (IRE)",2022,GELDING,"Hamad Al Jehani",T:97,A:92,T:16,A:89,T:x,T:x
"EVENING TESS (GB)",2022,FILLY,"Dan Skelton",H:99,H:x,H:x,H:x,-,-
"EVENWOOD SONOFAGUN (IRE)",2018,GELDING,"Lizzie Quinlan",H:104,H:102,H:85,H:84,H:83,H:94
"EVEQUE (FR)",2014,GELDING,"Jane Walton",S:0,S:38,S:0,S:65,S:84,S:52
"EVER READY (GB)",2019,FILLY,"Pam Sly",H:70,H:75,H:90,H:94,H:86,H:x
"EVEREST (GB)",2019,FILLY,"Gary & Josh Moore",T:46,A:52,A:44,A:52,A:48,A:x
"EVERGREEN EMERALD (GB)",2023,FILLY,"Tim Easterby",T:16,T:32,T:x,T:x,T:x,-
"EVERYDAYSASATURDAY (IRE)",2023,GELDING,"Declan Carroll",A:40,A:39,A:40,A:50,T:x,T:x
"EVERYONEKNOWSADAVE (IRE)",2022,GELDING,"Jessica Macey",A:65,A:64,A:66,A:69,A:74,T:74
"EVERYONESACRITIC (IRE)",2019,GELDING,"Mrs C. Williams",S:73,S:90,S:81,S:82,S:84,S:50
"EVERYONESGAME (IRE)",2017,GELDING,"Andy Irvine",H:110,H:100,H:93,H:108,H:114,H:104
"EVERYTHING'SONTICK (IRE)",2016,GELDING,,S:0,S:0,S:0,S:92,S:113,S:92
"EVIE ROSS (IRE)",2023,FILLY,"Clive Cox",T:69,T:73,T:x,T:x,T:x,-
"EVOCATIVE SPARK (IRE)",2019,GELDING,"John David Riches",T:64,T:71,T:53,T:67,T:64,A:50
"EVOLUIR (IRE)",2021,GELDING,"Micky Hammond",T:20,A:38,A:21,A:44,A:32,A:42
"EVOLUTIONIST (IRE)",2023,FILLY,"K. R. Burke",T:111,T:106,T:x,T:x,-,-
"EVOLVE (GB)",2023,GELDING,,A:46,A:29,A:39,A:x,A:x,A:x
"EX S'ELANCE (FR)",2014,GELDING,"Victor Thompson",S:0,S:0,S:0,S:58,S:64,S:0
"EXACTLY RIGHT (GB)",2022,GELDING,"Neil Mulholland",H:100,H:89,H:85,H:x,A:44,T:x
"EXCELERATE (IRE)",2023,COLT,,A:42,A:49,T:27,A:47,T:x,T:x
"EXCELERO (FR)",2020,GELDING,"Mrs Jane Williams",S:108,S:110,S:116,S:126,S:123,H:102
"EXCELLENT BELIEVE (GB)",2022,GELDING,"Jack Channon",T:101,T:108,T:99,T:95,A:x,T:x
"EXCELLO (FR)",2019,GELDING,"Nicky Henderson",S:121,S:126,S:0,S:77,S:132,S:114
"EXCLAMATION (IRE)",2023,COLT,"Grace Harris",T:57,T:94,T:58,T:79,T:95,T:85
"EXCLUSIVE CODE (IRE)",2023,GELDING,"Archie Watson",T:x,T:x,T:x,-,-,-
"EXHIBITION MATCH (GB)",2023,FILLY,,A:0,A:x,A:x,A:x,A:x,-
"EXHIBITIONING (GB)",2023,FILLY,"Warren Greatrex",T:46,A:x,T:x,T:x,-,-
"EXISTENT (GB)",2018,GELDING,"Stuart Williams",T:67,T:58,T:70,A:72,A:78,A:63
"EXOTIC BABY (GB)",2023,GELDING,"George Boughey",A:73,T:0,A:72,A:80,A:x,A:x
"EXPELLIARMUS (IRE)",2020,FILLY,"Ben Haslam",H:84,H:87,H:85,H:89,H:92,H:51
"EXPENSIVE EMOTION (IRE)",2020,FILLY,"Adrian Keatley",H:x,H:x,-,-,-,-
"EXPERT AGENT (GB)",2020,GELDING,"Stuart Williams",T:81,T:75,A:73,A:66,A:65,A:70
"EXPERT WITNESS (GB)",2020,FILLY,,A:51,T:70,T:76,T:78,T:83,T:79
"EXPLODE (FR)",2022,GELDING,"Faye Bramley",H:x,H:103,H:74,T:0,T:83,T:x
"EXPLOSION (GB)",2023,COLT,"Charlie Johnston",T:89,A:87,T:x,T:x,T:x,-
"EXPLOSIVE FINNISH (GB)",2023,GELDING,"Kevin & Lauren Frost",T:69,A:71,A:x,T:x,T:x,-
"EXPOSAY (GB)",2022,FILLY,,A:58,A:65,A:47,A:47,T:65,A:52
"EXPOSURE (GB)",2022,GELDING,"John & Thady Gosden",-,-,-,-,-,-
"EXPRESS RUN (IRE)",2019,GELDING,,H:0,H:0,H:59,H:100,H:87,H:x
"EXPRESS SURPRISE (IRE)",2019,GELDING,"Clive Boultbee-Brooks",S:0,S:112,S:106,S:111,S:99,S:97
"EXPRESS TRAIN (IRE)",2022,GELDING,"Richard Phillips",A:49,A:66,A:48,A:50,T:26,T:x
"EXPRESSIONLESS (GB)",2020,GELDING,"Dylan Cunha",T:72,T:57,T:73,T:70,T:52,T:70
"EXQUISEMENT (GB)",2021,FILLY,,A:27,T:37,T:39,A:31,T:29,T:40
"EXQUISITE SKYE (GB)",2023,FILLY,"Michael Keady",A:x,A:x,A:x,T:x,T:x,-
"EXTRATERRESTRIAL (IRE)",2023,GELDING,"Simon & Ed Crisford",T:54,A:70,T:65,A:69,A:x,A:x
"EXTREMELY ZAIN (FR)",2023,COLT,"William Haggas",T:x,A:x,-,-,-,-
"EXTRICATION (GB)",2019,GELDING,,A:38,A:50,A:57,A:57,A:64,M:52
"EY UP HE'S A STAR (GB)",2022,GELDING,"Tony Coyle & Kaine Wood",T:48,T:48,T:60,A:55,A:55,A:61
"EY UP ITS JAZZ (GB)",2019,GELDING,"Tony Coyle & Kaine Wood",T:23,A:33,T:62,A:45,T:49,T:68
"EY UP ITS THE BOSS (GB)",2019,GELDING,,T:63,T:67,T:75,T:87,T:88,T:78
"EYDON (IRE)",2019,COLT,"Andrew Balding",T:110,T:98,T:114,A:100,A:95,T:104
"EYE OF DUBAI (GB)",2021,GELDING,"John & Sean Quinn",T:67,A:87,T:91,T:85,T:90,T:87
"EYE OF THE WATER (IRE)",2016,GELDING,"Ronald Harris",T:41,A:42,A:42,A:42,A:41,T:42
"EYED (GB)",2017,GELDING,"Hughie Morrison",H:98,S:0,S:122,S:110,H:123,S:123
"EYES FRONT (IRE)",2023,GELDING,"Edward Smyth-Osbourne",T:56,T:64,T:50,A:56,T:60,T:70
"EZE SUR MER (IRE)",2023,FILLY,"Dr Richard Newland & Jamie Insole",T:49,T:x,A:x,A:x,-,-
"EZERA (IRE)",2023,FILLY,,A:36,A:38,A:x,A:x,A:x,-
"EZMERELLDA (IRE)",2020,FILLY,"Sarah-Jayne Davies",S:0,S:38,H:62,H:0,H:73,H:0
"EZRA CEE (IRE)",2021,GELDING,"Derek Shaw",A:45,A:59,T:67,T:67,A:55,T:73
"FABULEUSE (USA)",2020,FILLY,,T:0,A:28,A:51,-,-,-
"FABULEUX DU CLOS (FR)",2015,GELDING,"Simon West",T:48,T:55,T:x,T:45,A:x,A:x
"FACE D'MUSIC (IRE)",2019,GELDING,"Katy Price",S:110,S:109,H:105,H:101,H:100,H:0
"FACT OR FABLE (IRE)",2017,GELDING,"J. S. Moore",T:27,T:42,T:26,T:45,T:30,T:47
"FACTUAL (IRE)",2023,COLT,"Andrew Balding",T:40,T:86,A:x,A:x,T:x,-
"FADED FANTASY (IRE)",2019,GELDING,"Christian Williams",H:103,H:106,H:57,S:84,H:110,H:108
"FAEBERON (IRE)",2023,GELDING,"Simon & Ed Crisford",T:71,T:x,A:x,T:x,-,-
"FAERIE CUTLASS (GB)",2018,FILLY,"Kim Bailey & Mat Nicholls",H:72,H:75,H:85,H:77,H:0,S:0
"FAHIDI (IRE)",2023,COLT,"Andrew Balding",T:54,T:x,T:x,T:x,-,-
"FAHRENHEIT SEVEN (GB)",2021,GELDING,"Robert Cowell",T:19,A:102,A:99,T:65,T:92,T:86
"FAI FAI (GB)",2019,GELDING,"Daniel Steele",A:41,A:41,T:50,T:49,T:51,A:31
"FAINCHE (IRE)",2017,FILLY,"Micky Hammond",H:77,H:59,H:0,H:76,H:68,H:91
"FAIR ANGELLICA (GB)",2021,FILLY,,T:104,T:97,T:95,T:103,A:75,T:103
"FAIR DINKUM (IRE)",2020,GELDING,"Jeremy Scott",T:68,T:64,A:62,A:62,A:70,T:69
"FAIR POINT (GB)",2021,FILLY,,T:85,T:86,T:85,A:99,T:93,T:104
"FAIR WIND (GB)",2020,GELDING,,A:59,A:81,T:55,T:73,T:74,T:0
"FAIR Y ISLE (GB)",2023,FILLY,"James Evans",T:61,A:73,A:x,A:x,A:x,-
"FAIRLAWN FLYER (GB)",2016,GELDING,"Mickey Bowen",S:114,S:108,S:0,S:110,S:120,S:118
"FAIRLAWN SKIPPER (GB)",2020,GELDING,"Mickey Bowen",H:72,H:x,H:106,H:x,H:x,N:x
"FAIRLY FAMOUS (IRE)",2017,GELDING,"Mrs G. Andrews",H:0,H:121,H:115,H:0,H:129,H:133
"FAIRLY FULLING (IRE)",2018,GELDING,"Susan Corbett",H:0,H:84,H:77,H:69,H:81,H:58
"FAIRY GLEN (FR)",2021,FILLY,"Simon & Ed Crisford",A:100,T:99,T:98,T:92,T:99,A:x
"FAIRYDALE (IRE)",2023,FILLY,"Tim Easterby",T:48,T:34,T:57,T:64,T:x,T:x
"FAIRYE FORTH (IRE)",2019,GELDING,"Rebecca Curtis",H:x,H:x,H:x,-,-,-
"FAITHFUL DREAM (GB)",2023,COLT,"Joe Ponting",T:50,T:51,A:52,A:58,A:58,A:60
"FAITQUE DE L'ISLE (FR)",2015,GELDING,"James Evans",S:73,S:92,S:94,S:94,H:59,S:79
"FAIVOIR (FR)",2015,GELDING,"Dan Skelton",H:119,H:117,H:114,H:120,H:130,H:117
"FALAISE BLANC (FR)",2022,GELDING,"Katie Scott",T:37,T:35,A:23,A:26,T:42,T:46
"FALAKEYAH (GB)",2022,FILLY,"Owen Burrows",T:90,T:98,T:86,T:105,A:x,-
"FALCO DES PINS (FR)",2020,GELDING,"Venetia Williams",S:102,S:102,S:99,S:88,S:81,H:85
"FALCON NINE (GB)",2020,GELDING,"Iain Jardine",T:33,A:55,A:56,A:51,A:61,T:60
"FALCON QUEEN (IRE)",2023,FILLY,"R. Mike Smith",T:37,-,-,-,-,-
"FALLACIOUS PROMISE (GB)",2023,GELDING,"John Butler",A:53,A:50,A:30,A:x,A:x,T:x
"FALLEN ANGEL (GB)",2021,FILLY,"K. R. Burke",T:104,T:99,T:116,T:111,T:102,T:104
"FALLONS FIRST (IRE)",2022,FILLY,"K. R. Burke",T:0,T:31,T:59,A:x,T:x,T:x
"FALMOUTH BOY (IRE)",2021,GELDING,,A:0,A:27,A:36,T:0,A:0,A:43
"FALMOUTH LAD (GB)",2022,GELDING,,T:82,A:76,T:74,T:67,T:58,A:x
"FAME AND CONCRETE (IRE)",2016,GELDING,"N. R. W. Wright",H:99,H:90,H:97,H:102,H:x,H:x
"FAMILY VALUES (GB)",2023,FILLY,,A:40,A:42,A:44,A:x,A:x,A:x
"FAMOSO (IRE)",2016,GELDING,,H:68,S:70,S:85,S:0,H:41,S:67
"FAMOUS BRIDGE (IRE)",2016,GELDING,"Nicky Richards",S:0,S:120,S:111,S:120,H:119,S:0
"FAMOUS CLERMONT (FR)",2015,GELDING,"C. R. Barber",H:0,H:126,H:53,H:123,H:125,H:139
"FAMOUS SHOES (GB)",2021,GELDING,"Neil Mulholland",H:x,H:x,H:x,H:x,T:39,H:x
"FAN DE BLUES (FR)",2015,GELDING,"Miss Nikki Henton",H:123,H:94,H:113,H:94,H:99,S:139
"FAN MAIL (GB)",2022,GELDING,"Tim Easterby",T:62,A:64,A:65,A:66,A:65,A:70
"FANCIULLA DEL WEST (GB)",2023,FILLY,"Ed Walker",T:71,T:x,A:x,A:x,-,-
"FANCY DANCER (GB)",2022,FILLY,"Hayley Burton",T:27,A:48,A:58,A:45,A:45,T:54
"FANCY NANCY PANTS (GB)",2020,FILLY,,H:0,H:55,H:0,H:0,H:70,H:54
"FANDABIDOZI (IRE)",2018,GELDING,"Gary Hanmer",H:95,A:43,H:49,H:103,H:107,A:43
"FANDOM (GB)",2021,GELDING,"Richard Hannon",T:95,T:85,T:79,-,-,-
"FANE COURT (IRE)",2018,GELDING,"D. J. Jeffreys",S:0,H:69,H:x,H:x,H:x,-
"FANJOVE (IRE)",2023,GELDING,"Ed Dunlop",A:59,A:64,A:67,A:67,A:64,A:65
"FANNY MOON (FR)",2020,GELDING,,H:104,H:72,H:x,H:x,H:x,N:x
"FANS FAVOURITE (GB)",2023,GELDING,"Hugo Palmer",T:57,A:44,A:x,T:x,T:x,-
"FANTASTIC FOX (GB)",2018,GELDING,"Roger Varian",A:58,A:80,T:87,T:70,A:93,A:86
"FANTASY BELIEVER (IRE)",2017,GELDING,"Ed Walker",T:17,T:84,T:93,A:83,T:90,A:90
"FANTASY MASTER (GB)",2018,GELDING,"Robert Cowell",T:71,A:71,A:67,A:61,T:69,T:58
"FANTASY OBSESSOR (GB)",2022,FILLY,"Michael Appleby",A:60,A:66,T:42,A:63,A:56,A:62
"FANTASY WORLD (IRE)",2022,GELDING,"Nicky Henderson",H:0,H:116,H:x,T:103,T:89,T:88
"FANTOCCIA (GB)",2022,FILLY,,A:32,A:x,T:x,T:x,-,-
"FAR ABOVE DREAM (IRE)",2022,GELDING,"James Owen",T:99,T:95,T:89,T:75,T:87,T:66
"FAR ABOVE THE LAW (IRE)",2022,GELDING,"Michael Herrington",T:84,A:78,T:77,T:70,T:62,T:81
"FAR AHEAD (IRE)",2022,GELDING,"Richard & Peter Fahey",T:47,T:27,T:45,T:29,A:0,A:14
"FAR AND ABOVE (IRE)",2022,GELDING,"Roger Teal",A:43,A:62,A:48,A:x,A:x,T:x
"FAR TOO FIZZY (GB)",2023,COLT,"David Loughnane",A:52,A:65,A:34,A:67,A:59,A:57
"FARABOVE THE LIMIT (IRE)",2023,COLT,"Phillip Makin",A:59,A:56,A:62,-,-,-
"FARANDAWAY (IRE)",2022,GELDING,"Grant Tuer",A:70,A:x,A:70,A:70,A:69,A:70
"FARASI LANE (IRE)",2018,GELDING,"Dr Richard Newland & Jamie Insole",A:77,A:74,A:78,A:81,A:77,A:69
"FAREENAR (IRE)",2023,FILLY,"Tim Easterby",T:49,T:34,T:x,T:x,T:x,-
"FARHH ECHO (IRE)",2021,GELDING,"D. J. Jeffreys",H:22,H:66,H:67,H:0,H:83,H:x
"FARMER JIMMY (GB)",2020,GELDING,"Mark Walford",H:85,H:87,H:82,H:0,H:96,H:97
"FASCINATING LIPS (IRE)",2017,GELDING,"Paddy Butler",H:0,H:0,H:82,H:62,H:95,T:49
"FASCINATING SHADOW (IRE)",2018,GELDING,,A:54,A:56,A:58,A:58,A:54,A:54
"FASHION HUNTER (GB)",2021,GELDING,"Gary & Josh Moore",H:100,H:x,H:x,-,-,-
"FASHION PEOPLE (IRE)",2023,FILLY,"John & Thady Gosden",T:92,T:x,A:x,-,-,-
"FASHIONELLE (IRE)",2019,FILLY,"Tony Forbes",A:39,A:45,A:50,A:57,A:56,A:43
"FASOL (GB)",2019,GELDING,"Paul Nicholls",H:119,H:120,H:120,H:119,H:119,H:120
"FAST BULLET (GB)",2022,FILLY,"Ismail Mohammed",A:57,A:45,T:39,T:56,A:55,A:39
"FAST DEAL (GB)",2017,GELDING,"Michael Chapman",S:0,S:0,S:0,S:0,S:24,S:0
"FAST FRED (GB)",2020,GELDING,"Phillip Makin",T:68,T:77,T:77,A:71,T:65,A:66
"FAST STEPS (IRE)",2018,GELDING,"Rod Millman",T:62,T:47,T:59,T:33,T:60,T:70
"FAST TRACK HARRY (GB)",2022,GELDING,"Clive Cox",T:84,T:95,A:91,A:99,A:94,T:73
"FAST TRACKER (GB)",2021,GELDING,"Ed Walker",-,-,-,-,-,-
"FAST WORK (IRE)",2020,GELDING,"Joel Parkinson & Sue Smith",H:29,H:98,H:101,H:x,H:x,H:x
"FASTER BEE (GB)",2021,GELDING,"Fergal O'Brien",A:26,A:57,A:52,A:24,A:52,A:53
"FAT FACED COLUMBO (IRE)",2020,GELDING,"Richard Mitford-Slade",S:104,S:104,S:100,S:91,H:x,H:x
"FAT HARRY (GB)",2017,GELDING,"Joel Parkinson & Sue Smith",S:103,S:107,S:104,S:96,H:84,H:87
"FAT SAM (GB)",2014,GELDING,,S:67,S:90,S:85,S:103,S:97,S:96
"FAUSTUS (GB)",2018,GELDING,"Rachel Cook & John Bridger",T:45,T:60,T:47,A:53,A:54,A:56
"FAVOUR AND FORTUNE (IRE)",2018,GELDING,"Alan King",H:140,H:144,H:128,H:143,H:124,H:140
"FAVOURBROOK (IRE)",2022,GELDING,,T:34,T:57,A:x,A:x,A:x,-
"FAVOURITE FRIEND (GB)",2023,GELDING,"Sir Mark Prescott Bt",T:29,T:40,A:41,A:x,A:x,A:x
"FAY CE QUE VOUDRAS (IRE)",2016,FILLY,"Kerry Lee",S:94,S:91,S:85,S:0,H:76,H:86
"FEACH AMACH (IRE)",2020,FILLY,"Adam Nicol",H:106,H:107,H:102,H:44,H:104,H:99
"FEAR AND FAST (GB)",2022,GELDING,"Jim Goldie",T:31,T:34,T:45,T:50,T:50,T:52
"FEARLESS DRAGON (GB)",2021,GELDING,"Patrick Neville",H:x,H:x,H:x,H:x,N:x,-
"FEARNOT (IRE)",2022,COLT,,T:103,T:100,T:104,T:99,T:94,T:84
"FEDERAL ENVOY (IRE)",2021,GELDING,"Charlie Clover",A:61,A:47,A:55,A:61,A:69,A:48
"FEDERATED (USA)",2020,GELDING,,A:86,A:76,A:82,A:38,A:77,A:71
"FEEL GUT (FR)",2022,GELDING,"Nicky Henderson",H:x,-,-,-,-,-
"FEEL THE NEED (GB)",2020,GELDING,"Michael Herrington",T:28,A:73,T:56,T:62,A:75,T:75
"FEELING FRISKY (FR)",2020,FILLY,,H:0,H:x,H:32,H:x,H:x,H:x
"FEET ON THE GROUND (IRE)",2018,FILLY,"Fergal O'Brien",S:90,H:0,H:81,H:58,H:0,H:95
"FEIGNING MADNESS (GB)",2021,GELDING,,T:84,T:89,T:94,T:98,T:98,T:98
"FEISTY MINX (GB)",2023,FILLY,"Amanda Perrett",A:50,A:62,A:x,A:x,A:x,-
"FELICITAS (GB)",2023,FILLY,"Ed Walker",T:103,T:x,A:x,-,-,-
"FELIX GEM (GB)",2023,GELDING,"Eve Johnson Houghton",A:66,A:x,A:x,A:x,-,-
"FELTON BELLEVUE (FR)",2015,GELDING,"Ben Case",S:76,S:73,S:89,S:70,S:88,S:78
"FEMME FATALE (GB)",2023,FILLY,"James Tate",T:43,T:x,T:x,M:x,-,-
"FEN TIGER (IRE)",2018,GELDING,,T:48,T:45,T:36,T:44,T:50,T:40
"FENAY BRIDGE (IRE)",2023,FILLY,"Ivan Furtado",A:x,A:x,A:x,-,-,-
"FENLAND TIGER (GB)",2016,GELDING,"Sam England",S:91,S:89,S:112,S:102,S:109,S:120
"FENLANDER (GB)",2021,GELDING,"Pam Sly",T:63,T:36,T:59,A:61,A:58,A:61
"FERANDO (IRE)",2020,GELDING,"Barry Murphy",H:0,S:36,S:46,S:61,S:66,H:x
"FERMAIN (GB)",2023,FILLY,,A:46,A:64,A:67,A:65,A:61,T:x
"FERN HILL (IRE)",2015,GELDING,"Ben Case",S:108,S:111,S:91,S:103,S:94,S:88
"FERNANDO (GB)",2022,GELDING,,T:54,T:36,A:60,A:29,A:69,A:72
"FERRARI GOLD (IRE)",2022,FILLY,,T:54,T:x,T:x,A:x,-,-
"FERRET JEETER (GB)",2017,GELDING,"Anthony Honeyball",H:108,S:106,H:101,H:98,H:90,H:92
"FERROUS (IRE)",2020,GELDING,"Jack Channon",A:92,A:100,A:104,A:103,T:18,T:100
"FEVER DREAM (IRE)",2018,GELDING,"Christian Williams",S:109,S:113,S:105,H:17,S:101,S:93
"FFREE PEDRO (IRE)",2016,GELDING,,H:0,H:0,H:0,S:0,H:21,S:0
"FICKLE MCSELFISH (GB)",2023,COLT,"Tony Coyle & Kaine Wood",T:65,A:54,A:61,A:36,A:39,A:x
"FIDDLERS GREEN (IRE)",2019,GELDING,"John O'Shea",A:58,A:52,A:57,A:56,A:62,A:62
"FIDELIUS (GB)",2021,GELDING,"Robert Cowell",T:75,T:85,A:89,A:88,A:84,A:86
"FIDENDUM (GB)",2019,GELDING,"David Killahena & Graeme McPherson",H:112,H:x,H:x,H:x,H:x,N:x
"FIDGET LADY (GB)",2022,FILLY,,A:32,A:38,A:38,A:25,A:35,T:x
"FIELD OF GOLD (IRE)",2022,COLT,"John & Thady Gosden",T:114,T:113,T:105,T:125,T:120,T:117
"FIERCE (IRE)",2020,GELDING,"Paul Midgley",T:69,A:66,A:x,A:62,A:65,T:63
"FIERCE FORTITUDE (GB)",2022,GELDING,"Kevin Philippart de Foy",T:89,T:90,A:88,T:x,A:x,A:x
"FIERCE WARRIOR (IRE)",2019,GELDING,,S:112,S:123,S:0,S:124,S:116,H:111
"FIERCELY PROUD (IRE)",2019,GELDING,"Ben Pauling",H:128,H:130,H:137,H:116,H:132,H:0
"FIERY DAMSEL (IRE)",2023,FILLY,"Simon & Ed Crisford",A:x,A:x,A:x,-,-,-
"FIFTH COLUMN (IRE)",2022,GELDING,"John & Thady Gosden",T:102,T:95,T:88,T:92,T:101,T:93
"FIFTY NIFTY (IRE)",2021,GELDING,"Chelsea Banham",T:53,A:71,A:78,A:79,T:68,T:76
"FIFTY SENT (GB)",2019,GELDING,"Thomas Faulkner",T:51,A:29,A:54,A:52,A:43,A:50
"FIFTYSHADESARESDEV (FR)",2019,GELDING,"Micky Hammond",A:24,A:33,A:37,T:45,T:51,T:50
"FIGHT MY FIRE (IRE)",2021,GELDING,"Joe Tizzard",H:66,H:106,H:0,H:109,H:x,H:x
"FIGHT YOUR CORNER (IRE)",2021,GELDING,"James Tate",A:81,A:x,A:x,A:x,-,-
"FIGHTER'S SPIRIT (IRE)",2023,GELDING,"Saeed bin Suroor",T:x,T:x,-,-,-,-
"FIGHTING FALCON (IRE)",2021,GELDING,"Stuart Edmunds",H:105,-,-,-,-,-
"FIGHTING POET (IRE)",2018,GELDING,"Richard Phillips",T:48,A:45,T:43,T:47,T:24,T:53
"FIGHTING QUEEN (GB)",2021,FILLY,"Joe Ponting",T:14,A:40,A:53,T:32,T:50,T:42
"FIGJAM (IRE)",2023,FILLY,"Katie Scott",T:93,T:93,T:89,T:x,T:89,T:x
"FIHRAYN (IRE)",2021,GELDING,,A:0,A:58,A:66,A:68,A:66,A:63
"FIL D'ARIANE (FR)",2015,GELDING,"Douglas White",H:113,H:123,S:120,S:120,H:0,H:102
"FILANDERER (GB)",2016,GELDING,"Hughie Morrison",S:120,S:0,S:129,S:107,S:120,S:112
"FILEY BEACH (IRE)",2021,GELDING,"Ruth Carr",T:59,T:59,T:53,T:42,A:29,A:33
"FILIBUSTERING (GB)",2021,GELDING,"Harry Derham",A:63,H:122,H:115,H:104,H:84,H:x
"FILLE IMBASSEE (GB)",2023,FILLY,"Julie Camacho",T:62,T:56,A:56,A:66,A:66,A:x
"FILLE UNIQUE (IRE)",2023,FILLY,"Bryan Smart",T:68,T:66,A:66,A:59,A:47,A:62
"FILLIGRIS (IRE)",2022,FILLY,,A:27,A:27,A:20,T:36,A:x,A:x
"FILLY EILISH (IRE)",2023,FILLY,"Ivan Furtado",A:x,A:x,A:x,-,-,-
"FILLY FODEN (IRE)",2023,FILLY,"Rod Millman",T:41,T:57,A:65,A:59,A:62,A:40
"FILLY ONE (IRE)",2021,FILLY,,A:79,A:81,A:80,T:69,T:74,A:79
"FILLY'S LAST LADY (GB)",2021,FILLY,"Gary Harrison",T:61,T:56,A:51,A:52,T:46,T:63
"FILLYFUDGE (GB)",2019,FILLY,"Lemos De Souza",T:30,A:45,A:36,A:52,A:41,A:56
"FINAL ENTRY (IRE)",2021,GELDING,"David Pipe",H:94,H:87,A:57,H:93,H:100,T:x
"FINAL ESCAPE (IRE)",2019,FILLY,"Oliver Greenall & Josh Guerriero",H:x,H:x,H:x,-,-,-
"FINAL NIGHT (GB)",2022,GELDING,"John Butler",T:78,T:80,A:70,A:79,A:75,A:75
"FINAL SECRET (GB)",2022,FILLY,,T:19,T:x,T:x,-,-,-
"FINAL STRAW (IRE)",2020,GELDING,"Martin Todhunter",H:98,H:101,H:102,H:x,H:x,H:x
"FINAL SURPRISE (IRE)",2021,GELDING,"Alastair Ralph",H:x,H:x,N:x,N:x,N:x,-
"FINALISE (GB)",2022,FILLY,"William Haggas",T:86,A:x,T:x,T:x,-,-
"FINALLY ESCAPED (GB)",2022,FILLY,"Roger Fell",T:49,T:53,A:54,A:x,A:x,A:x
"FINANCER (GB)",2021,GELDING,"Tim Easterby",T:73,T:71,T:76,T:43,T:79,T:81
"FINBAR'S LAD (GB)",2019,GELDING,,A:62,A:64,T:64,T:41,A:74,T:69
"FINE ART DEALER (IRE)",2023,GELDING,,T:x,T:x,T:x,-,-,-
"FINE AS WINE (IRE)",2018,FILLY,"Gary Hanmer",H:94,H:93,H:x,H:x,H:x,H:x
"FINE CASTING (IRE)",2016,GELDING,"Ben Pauling",S:109,H:110,S:119,S:0,S:123,H:117
"FINE INTERVIEW (FR)",2021,GELDING,"Hamad Al Jehani",T:99,T:85,T:94,T:90,T:89,T:88
"FINE POINT (IRE)",2021,GELDING,"Adam Nicol",H:98,H:90,H:78,H:71,H:79,H:92
"FINGAL'S HILL (IRE)",2016,GELDING,"Peter Atkinson",H:122,H:130,H:127,H:102,H:132,H:131
"FINGLE BRIDGE (IRE)",2018,GELDING,"Olly Murphy",H:119,H:106,H:137,S:133,S:139,S:139
"FINISHER (USA)",2015,GELDING,"Miss Lilian Bartlett",H:0,H:x,H:0,H:49,H:93,H:75
"FINLAGGAN (GB)",2022,GELDING,"David O'Meara",T:63,T:69,T:x,A:x,-,-
"FINN IRONSIDE (GB)",2021,GELDING,"Ivan Furtado",T:63,A:62,A:50,A:57,A:48,T:25
"FINN LOUGH (IRE)",2019,GELDING,"Oliver Greenall & Josh Guerriero",S:0,S:110,S:89,S:104,S:109,S:0
"FINN RUSSELL (IRE)",2020,GELDING,"Ian Williams",T:71,T:65,H:19,T:71,T:61,A:68
"FIORELLA PRINCESS (IRE)",2022,FILLY,"Robert Cowell",T:58,A:67,A:59,A:60,A:70,A:53
"FIRCOMBE HALL (GB)",2018,GELDING,"Philip Kirby",T:52,A:54,A:55,A:43,A:54,A:47
"FIRE EYES (FR)",2018,FILLY,"Roger Fell",T:55,T:62,T:55,T:55,A:56,A:59
"FIRE FLAME (GB)",2022,GELDING,,A:75,A:75,T:68,T:69,T:77,T:50
"FIRE WARNING (FR)",2021,GELDING,"Nicky Henderson",H:x,-,-,-,-,-
"FIREBLADE (GB)",2021,GELDING,"Dylan Cunha",T:86,T:46,T:91,T:85,T:90,T:88
"FIREFLY LANE (IRE)",2016,FILLY,"Jimmy Frost",S:72,S:47,S:0,S:0,S:0,S:60
"FIRENZE ROSA (IRE)",2015,FILLY,,T:0,T:10,T:21,T:24,T:24,T:30
"FIRESTREAM (GB)",2017,GELDING,"Chester Williams",H:114,H:122,H:0,H:127,H:126,H:x
"FIREWALKER (GB)",2023,GELDING,"Kevin Philippart de Foy",T:59,T:x,T:x,A:x,-,-
"FIRM BUT FAIR (IRE)",2021,GELDING,"Harry Derham",H:102,H:108,H:x,H:x,-,-
"FIRST AMBITION (GB)",2021,GELDING,"Michael Keady",T:29,A:84,A:84,A:69,T:86,T:91
"FIRST ANGEL (FR)",2016,GELDING,"Martin Keighley",S:0,S:110,S:88,S:110,S:93,S:106
"FIRST CANDIDATE (GB)",2020,FILLY,"Dan Skelton",H:x,H:x,H:116,H:x,H:x,H:x
"FIRST CONFESSION (IRE)",2019,GELDING,"Joe Tizzard",S:100,S:132,S:0,S:110,S:127,S:127
"FIRST CONQUEST (GB)",2021,GELDING,"Charlie Appleby",T:109,T:111,T:108,T:98,T:x,T:x
"FIRST ENCOUNTER (GB)",2021,GELDING,"John Gallagher",A:47,A:51,A:49,A:49,A:38,A:41
"FIRST FOLIO (GB)",2018,GELDING,"Julie Camacho",T:56,T:75,A:75,T:75,T:84,T:86
"FIRST GREYED (IRE)",2018,GELDING,"Thomas Faulkner",A:55,A:54,A:51,A:68,A:60,A:62
"FIRST INSTINCT (GB)",2022,FILLY,"William Haggas",T:91,T:107,T:91,T:100,T:96,T:102
"FIRST LEGION (IRE)",2023,COLT,"Richard Hannon",T:81,T:89,T:90,T:83,T:84,A:74
"FIRST OFFICER (IRE)",2019,GELDING,"Jane Chapple-Hyam",T:74,T:77,T:73,T:76,T:69,T:78
"FIRST PRINCIPLE (GB)",2022,GELDING,"William Haggas",T:91,T:77,A:84,A:95,A:93,A:92
"FIRST TIME (IRE)",2023,GELDING,"Richard & Peter Fahey",T:68,A:86,T:x,T:x,T:x,T:x
"FIRST VIEW (IRE)",2017,GELDING,,A:79,A:78,T:57,T:81,A:70,A:88
"FISCAL POLICY (IRE)",2019,GELDING,"Ruth Carr",T:64,T:69,T:70,T:69,A:61,A:60
"FISTRAL BEACH (IRE)",2021,FILLY,"John Mackie",A:58,A:59,A:57,A:54,A:55,A:44
"FITZELLA (GB)",2023,FILLY,"Hugo Palmer",T:87,T:98,T:102,T:103,T:97,T:x
"FITZMAURICE (IRE)",2022,GELDING,"Tony Carroll",T:32,A:40,A:37,A:33,A:50,T:16
"FITZROY GARDENS (IRE)",2022,FILLY,"Micky Hammond",H:x,H:x,H:x,-,-,-
"FIVE BAR GATE (IRE)",2020,GELDING,"Neil Mulholland",H:x,H:x,H:x,N:x,N:x,-
"FIVE CAY (GB)",2023,GELDING,,A:x,A:x,A:x,A:x,A:x,-
"FIVE MOONS (IRE)",2023,FILLY,"Simon & Ed Crisford",A:62,A:x,A:x,A:x,-,-
"FIVE WAYS (GB)",2023,COLT,"Andrew Balding",T:93,T:95,T:104,A:98,T:x,T:x
"FIVEAFTERFOUR (IRE)",2018,FILLY,"Lucinda Russell & Michael Scudamore",S:0,S:0,H:93,H:89,H:93,H:96
"FIVETHOUSANDTOONE (IRE)",2018,GELDING,"Tim Easterby",T:71,T:78,A:98,A:96,A:96,A:87
"FIX AT ALL (FR)",2016,GELDING,"Callum Bickers-Price",H:107,H:102,H:107,H:99,H:0,H:0
"FIXATED (FR)",2022,GELDING,,A:31,T:38,A:x,T:x,T:x,-
"FIZZY BEAR (IRE)",2023,GELDING,"George Baker",A:21,T:x,T:x,A:x,-,-
"FIZZY CRISTAL (GB)",2023,FILLY,"Richard & Peter Fahey",T:65,A:70,T:58,A:67,A:64,T:x
"FLAG CARRIER (IRE)",2021,GELDING,"Brian Toomey",H:x,A:58,A:58,A:65,T:55,A:41
"FLAG OF ST GEORGE (IRE)",2021,GELDING,"Jane Chapple-Hyam",A:55,A:75,A:84,T:56,T:84,A:68
"FLAGON DRY (IRE)",2022,GELDING,,H:0,H:79,H:86,H:90,H:89,T:59
"FLAINE (IRE)",2022,FILLY,,A:25,A:62,A:37,A:59,A:56,A:68
"FLAMBOROUGH HEAD (GB)",2022,GELDING,,T:52,T:49,A:37,T:38,T:46,T:46
"FLAME DANCER (GB)",2022,FILLY,,A:0,H:x,H:x,T:35,A:x,A:x
"FLAMELCO (FR)",2018,GELDING,"Sarah Humphrey",S:0,H:56,S:0,S:96,S:110,S:90
"FLASH BARDOT (GB)",2020,FILLY,"Henrietta C Knight",H:x,H:x,T:72,T:45,T:63,A:68
"FLASH DU PISTOLET (IRE)",2018,GELDING,"Stuart Coltherd",S:92,S:102,S:82,S:95,S:104,S:101
"FLASH GORCOMBE (GB)",2017,GELDING,,S:85,S:95,S:83,S:100,S:96,S:75
"FLASH HARRY (GB)",2022,GELDING,"Clive Cox",T:79,T:85,T:102,T:94,T:x,A:x
"FLASH IN THE PAN (IRE)",2021,GELDING,"Kathy Turner",H:84,H:76,H:94,H:95,H:0,H:94
"FLASH IN THE PARK (IRE)",2018,GELDING,,S:61,S:92,S:70,S:89,S:94,S:65
"FLASH KOZO (IRE)",2023,GELDING,"Harry Eustace",T:57,A:68,A:x,A:x,-,-
"FLASH MAN (FR)",2022,GELDING,"Toby Lawes",H:x,H:x,H:x,H:x,H:82,-
"FLASH OF FIRE (GB)",2023,FILLY,"James Ferguson",T:79,A:x,T:x,-,-,-
"FLASH RASCAL (GB)",2023,GELDING,"Dr Richard Newland & Jamie Insole",T:75,A:60,A:70,A:70,A:68,A:69
"FLASH THE DASH (IRE)",2019,GELDING,,A:44,A:36,A:51,A:52,A:54,A:49
"FLASHY BOY (IRE)",2017,GELDING,"John Mathias",S:0,H:85,H:80,H:82,H:72,H:x
"FLATLEY (GB)",2017,GELDING,,A:40,A:45,T:56,T:62,T:64,T:6
"FLEETWATER (GB)",2022,FILLY,"J. S. Moore",A:82,A:75,A:82,T:63,A:72,T:82
"FLEMENSTIDE (IRE)",2015,GELDING,,S:0,S:85,S:0,S:53,H:113,H:0
"FLETCHER (GB)",2023,GELDING,"Jim Boyle",T:34,T:45,T:x,T:x,T:x,-
"FLETCHER'S FLIGHT (IRE)",2020,GELDING,"Charlie Wallis",T:48,A:0,A:46,A:57,T:52,T:62
"FLETCHERS DREAM (GB)",2021,GELDING,"Damien Wingrove",A:28,A:52,A:58,A:47,A:56,A:62
"FLEUR DE MER (IRE)",2020,FILLY,"Martin Todhunter",T:60,A:60,A:60,A:59,A:37,A:63
"FLEURMAN (IRE)",2018,GELDING,"Patrick Morris",T:50,A:68,A:69,A:66,A:61,A:0
"FLICKA'S GIRL (GB)",2022,FILLY,,A:51,A:47,A:46,A:46,A:49,A:51
"FLICKERING HALO (IRE)",2021,GELDING,,A:54,T:61,T:63,T:70,A:54,T:72
"FLIGHT (GB)",2022,FILLY,,T:90,T:73,T:95,T:108,T:98,T:102
"FLIGHT CONTROL (IRE)",2023,GELDING,"Kevin & Lauren Frost",T:x,T:x,-,-,-,-
"FLIGHT LEADER (GB)",2020,GELDING,,T:82,T:81,T:90,A:90,T:93,T:102
"FLIGHT PLAN (GB)",2020,COLT,"K. R. Burke",T:72,A:89,A:94,A:94,T:101,T:95
"FLIGHTOFTHEPHOENIX (IRE)",2022,FILLY,"Charles Hills",A:61,A:64,A:68,A:64,A:73,A:67
"FLINTARA (GB)",2015,FILLY,,H:89,S:78,S:79,S:85,H:66,H:97
"FLOATING ROCK (GER)",2015,GELDING,"Michael Gates",H:65,H:51,H:72,H:77,S:0,H:0
"FLORA OF BERMUDA (IRE)",2021,FILLY,"Andrew Balding",T:109,T:94,T:111,T:84,T:107,T:110
"FLORIDA DREAMS (IRE)",2018,GELDING,"Sandy Thomson",T:x,H:105,H:79,H:118,H:125,H:126
"FLORIDA SUITE (IRE)",2023,FILLY,,A:59,A:48,A:68,A:x,A:x,T:56
"FLORITA (IRE)",2018,FILLY,"Sam England",S:75,S:0,S:90,S:79,S:83,H:54
"FLOWERHEAD (IRE)",2023,FILLY,"Charlie Clover",T:88,T:88,T:80,T:66,T:89,T:95
"FLOWING CADENZA (GB)",2014,FILLY,,S:83,S:103,S:99,S:95,S:0,S:113
"FLOWSTATE (IRE)",2021,GELDING,"David O'Meara",A:76,A:72,A:72,A:68,A:63,A:62
"FLUORESCENCE (GB)",2022,FILLY,"Edward Bethell",A:85,T:61,T:90,A:85,T:86,T:x
"FLYBAR (IRE)",2023,FILLY,"Hugo Palmer",T:5,T:46,A:38,T:x,T:x,T:x
"FLYING COMET (GB)",2023,COLT,"Simon & Ed Crisford",T:89,T:96,T:92,T:x,T:x,T:x
"FLYING FLETCHER (GB)",2021,GELDING,"Richard & Peter Fahey",T:69,T:74,T:72,A:77,A:77,A:61
"FLYING FORTUNE (IRE)",2019,FILLY,"Mickey Bowen",H:117,H:113,H:121,H:89,H:107,H:x
"FLYING FRONTIER (GB)",2020,COLT,"James Tate",T:91,T:68,T:84,T:95,T:81,T:95
"FLYING MACS (GB)",2023,FILLY,,A:26,A:51,A:50,A:44,A:52,A:59
"FLYING MOONLIGHT (IRE)",2023,GELDING,"Sandy Thomson",T:x,T:x,T:x,-,-,-
"FLYING PANTHER (GB)",2020,GELDING,,H:x,H:x,A:0,A:29,A:52,T:46
"FLYING PIMPERNEL (GB)",2021,FILLY,,H:78,H:x,H:x,H:x,N:x,N:x
"FLYING SANDPIPER (IRE)",2019,GELDING,"Robbie Llewellyn",H:0,H:29,H:71,H:53,H:0,H:x
"FLYING SCOTSMAN (IRE)",2017,GELDING,,A:0,A:42,H:59,T:52,T:57,A:59
"FLYING SQUAD (IRE)",2023,GELDING,"Simon & Ed Crisford",A:x,A:x,A:x,-,-,-
"FLYING STAR (IRE)",2020,FILLY,"John Berry",T:22,T:38,T:38,T:46,T:37,A:34
"FLYNN RYDER (GB)",2022,GELDING,,A:16,A:49,A:52,-,-,-
"FLYTA (IRE)",2023,FILLY,"Mark Loughnane",A:48,A:x,A:x,A:x,A:x,-
"FOINIX (GB)",2020,GELDING,"Jim & Suzi Best",A:38,H:63,A:38,A:40,H:x,H:x
"FOLK PAGEANT (GB)",2023,FILLY,"Charlie Johnston",T:80,T:75,A:46,A:x,T:x,-
"FOLKENE (FR)",2022,FILLY,"Roger Fell",T:70,T:62,T:66,T:73,T:22,T:78
"FOLLOW CHARLIE (IRE)",2019,GELDING,"R. Mike Smith",H:82,H:96,H:57,H:101,H:103,H:103
"FOLLOW MY HEART (GB)",2023,FILLY,"Rod Millman",T:36,A:x,A:x,A:x,-,-
"FOLLOW THE LEADER (IRE)",2019,GELDING,"John Wainwright",H:x,H:x,H:x,-,-,-
"FOLLOW THE PLAN (GB)",2021,FILLY,"David Pipe",H:x,H:x,H:x,-,-,-
"FOLLOW YOUR HEART (IRE)",2018,GELDING,"Mark Loughnane",T:51,A:60,A:74,A:80,A:81,A:76
"FOLLOW YOUR LUCK (IRE)",2021,GELDING,"Patrick Neville",H:x,H:x,-,-,-,-
"FOLLOWANGO (IRE)",2018,FILLY,"Mrs C. Williams",S:78,S:104,S:105,S:95,S:85,H:105
"FOLLOWCATO (IRE)",2019,GELDING,"Ben Pauling",S:132,S:127,S:118,S:113,S:105,S:0
"FOLLOWING CHAPTER (GB)",2020,GELDING,"Alastair Ralph",H:74,H:104,H:101,H:83,H:x,H:x
"FOND FAREWELL (IRE)",2019,GELDING,"Oliver Greenall & Josh Guerriero",H:76,H:0,H:81,H:x,H:x,H:x
"FONDO BLANCO (GB)",2022,COLT,"Roger Varian",T:103,T:101,T:92,A:88,T:84,T:85
"FONGS WAY (IRE)",2015,GELDING,"Miss Jessica Jayne Fereday-Jones",H:0,H:0,-,-,-,-
"FONTANA ELLISSI (FR)",2016,GELDING,"Samuel Drinkwater",H:0,H:77,H:102,H:0,H:88,H:109
"FOOD FOR THOUGHT (GB)",2023,FILLY,"Ralph Beckett",T:x,T:x,T:x,-,-,-
"FOOL AGAIN (USA)",2022,FILLY,,A:51,A:50,A:64,A:53,T:x,T:51
"FOOLS RUSH IN (IRE)",2018,GELDING,"Ruth Carr",A:62,A:42,A:57,A:52,A:44,A:65
"FOOTAGE DETECTIVES (GB)",2021,FILLY,"Henry Oliver",H:x,H:x,H:x,N:x,-,-
"FOOTHOLD (IRE)",2023,GELDING,"Marcus Tregoning",T:71,T:57,T:57,A:53,A:x,A:x
"FOOTLOOSE MAN (GB)",2019,GELDING,"Richard Hobson",S:92,S:73,S:83,S:85,S:81,S:85
"FOOTSTEPINTHEWOODS (IRE)",2023,GELDING,"Emma Lavelle",T:60,T:58,T:x,T:x,T:x,-
"FOOTWORK (GB)",2022,COLT,"Charlie Johnston",T:87,T:86,T:72,A:37,A:85,T:85
"FOR GINA (GB)",2018,FILLY,,H:104,H:101,H:69,H:86,H:102,H:90
"FOR LOVE OF BEAUTY (GB)",2021,FILLY,"Noel Williams",H:68,H:44,H:x,H:x,H:x,N:x
"FOR OLD TIMES SAKE (IRE)",2021,GELDING,"Neil Mulholland",H:0,H:60,H:82,H:x,H:x,H:x
"FOR RITA (IRE)",2013,FILLY,"Miss A. Henry",H:93,H:0,H:59,-,-,-
"FOR WHAT ITS WORTH (IRE)",2022,GELDING,,A:27,A:12,T:11,T:x,A:x,A:x
"FORAGER (GB)",2022,FILLY,"Simon Pearce",T:62,A:60,A:83,A:75,T:39,T:76
"FORBIDDEN COLOURS (IRE)",2023,FILLY,"Ed Walker",T:x,A:x,T:x,-,-,-
"FORCA TIMAO (IRE)",2020,GELDING,"Mark Pattinson",A:54,A:59,A:59,A:56,A:34,A:55
"FORCE OF HONOUR (GB)",2022,GELDING,,A:23,A:40,A:27,A:56,T:59,A:56
"FORCEFUL LADY (GB)",2023,FILLY,,A:14,A:35,A:28,A:49,A:50,T:46
"FORCETORECKONWITH (IRE)",2019,FILLY,"Oliver Greenall & Josh Guerriero",S:90,S:93,S:89,S:82,S:82,S:88
"FORDHAM FLYER (GB)",2023,GELDING,"Philip Kirby",T:47,T:x,T:x,T:x,-,-
"FORESEEN (GB)",2021,GELDING,"Tony Carroll",T:79,A:76,A:75,A:76,A:68,A:73
"FOREST BLAZE (GB)",2019,GELDING,"Mark Walford",H:69,H:90,H:103,H:97,H:102,H:90
"FOREST CAPER (GB)",2021,GELDING,"David O'Meara",A:11,A:69,A:70,A:65,A:70,A:x
"FOREST GATE (IRE)",2021,GELDING,"James Owen",T:73,T:83,A:46,A:83,T:85,T:x
"FOREST GUNNER (IRE)",2021,GELDING,,A:46,A:35,A:54,A:34,A:43,A:44
"FOREST HILLS (IRE)",2021,GELDING,"Carroll Gray",H:69,H:63,H:x,H:x,H:x,T:50
"FOREST PHOENIX (GB)",2023,GELDING,"Tim Easterby",T:x,A:x,T:x,T:x,-,-
"FOREST SPIRIT (IRE)",2021,FILLY,"Mickey Bowen",H:82,H:80,H:74,H:x,H:x,H:x
"FOREVER GLAMOROUS (GB)",2023,GELDING,"Christopher Mason",T:53,T:53,T:36,T:41,T:54,T:x
"FOREVER LOUIE (GB)",2021,GELDING,,H:x,H:x,H:x,N:x,N:x,-
"FOREVER MY PRINCE (GB)",2022,GELDING,"Michael Blake",T:57,T:45,T:64,T:59,T:x,A:59
"FOREVER NOAH (GB)",2021,GELDING,"Joey Ramsden",A:57,A:41,A:56,A:55,A:36,A:41
"FOREVER PENYWERN (GB)",2022,GELDING,"Warren Greatrex",H:102,H:85,H:x,H:101,H:88,A:x
"FOREVER PERFECT (GB)",2023,FILLY,"Rebecca Menzies",A:61,A:61,A:59,A:54,A:40,A:x
"FOREVER TWENTY (GB)",2023,FILLY,"Ivan Furtado",T:47,T:56,A:50,A:x,A:x,A:x
"FORGED WELL (IRE)",2019,GELDING,"Martin Todhunter",H:36,H:93,S:0,S:116,S:109,S:46
"FORGET THE WAY (GB)",2017,GELDING,"James Owen",H:65,H:115,H:113,H:114,H:x,H:90
"FORGLEN (GB)",2021,GELDING,"William Stone",A:51,A:57,A:54,A:51,A:50,A:43
"FORMEL PARK (GB)",2020,FILLY,,S:0,H:40,S:0,S:74,S:72,H:40
"FORMIDABLE DON (IRE)",2022,GELDING,,T:33,T:39,T:45,T:x,T:x,T:x
"FORNIDO (GB)",2022,GELDING,"Michael Attwater",A:49,A:50,A:43,A:52,A:42,A:43
"FORSA BAY (IRE)",2020,GELDING,"L J Morgan",S:0,S:77,S:95,S:0,S:97,H:38
"FORT AUGUSTUS (GB)",2022,GELDING,"Charlie Wallis",A:59,A:50,A:55,A:49,A:54,A:46
"FORT ROCK (GB)",2023,COLT,"Charlie Appleby",T:90,A:x,A:x,-,-,-
"FORTAMOUR (IRE)",2016,GELDING,"Ben Haslam",T:75,T:60,A:54,A:74,A:77,A:75
"FORTESCUE (GB)",2014,GELDING,,S:88,S:90,S:112,S:116,S:0,S:105
"FORTIFICATION (GB)",2023,GELDING,"Brian Ellison",T:85,T:85,A:80,A:72,A:70,A:x
"FORTUNAS DREAM (IRE)",2022,FILLY,"John Butler",A:12,A:43,A:30,A:51,A:x,A:x
"FORTUNATE FELLA (IRE)",2020,GELDING,"Henry Hogarth",S:0,S:80,S:102,S:99,H:79,H:x
"FORTUNATE MAN (IRE)",2019,GELDING,,S:125,S:115,S:120,S:128,S:110,S:125
"FORTUNATE STAR (IRE)",2020,GELDING,,T:33,A:57,A:58,A:57,A:58,A:52
"FORTUNE DANCER (IRE)",2018,FILLY,"Chris Gordon",S:107,S:106,S:100,S:89,H:x,H:x
"FORTUNE DE MER (IRE)",2020,GELDING,"Dan Skelton",H:134,H:129,H:x,H:x,N:x,N:x
"FORTUNE TIMMY (IRE)",2020,GELDING,"Chris Gordon",H:91,H:x,H:x,H:x,H:x,H:x
"FORTUNEDEFORTUNATA (IRE)",2017,GELDING,"Patrick Morris",S:97,S:125,S:0,S:114,H:x,H:x
"FORTUNEFAVORSDBOLD (IRE)",2018,FILLY,"Christian Williams",S:101,S:96,S:98,S:0,S:89,S:95
"FORTY YEARS ON (IRE)",2022,FILLY,"George Scott",A:88,T:86,T:x,T:x,A:x,-
"FOSSOS (IRE)",2018,GELDING,,T:5,T:26,T:15,T:20,T:20,T:33
"FOSTERED PHIL (IRE)",2014,GELDING,"William Young Jnr",H:86,H:100,H:101,H:98,H:94,H:97
"FOUETTE (IRE)",2022,FILLY,"James Horton",T:76,T:86,T:80,A:74,A:92,A:84
"FOUNTAINS BLENHEIN (GB)",2019,GELDING,,H:127,H:x,H:x,H:x,H:x,H:x
"FOUR ADAAY (GB)",2018,FILLY,,T:50,T:54,T:56,T:62,T:59,T:48
"FOUR DECADES (GB)",2021,FILLY,"Tom Ellis",H:98,H:x,H:x,H:x,N:x,N:x
"FOUR FIFTY (GB)",2022,GELDING,"Harry Ryall",T:24,A:55,T:29,T:56,T:65,A:65
"FOUR O SEVENSEVEN (GB)",2022,GELDING,,A:0,T:x,T:x,T:x,-,-
"FOUR SPRINGS (IRE)",2021,GELDING,"Ben Pauling",H:0,H:x,H:x,H:x,-,-
"FOUROFAKIND (IRE)",2019,GELDING,"Lizzie Quinlan",H:81,H:0,H:96,H:100,H:93,T:12
"FOURONEOHFEVER (IRE)",2021,GELDING,"George Boughey",H:112,H:118,H:x,H:x,H:x,T:92
"FOURTWOFOUR (IRE)",2021,GELDING,"Karen Jewell",S:0,-,-,-,-,-
"FOX AVATAR (IRE)",2021,GELDING,"Roger Varian",A:83,A:85,A:81,A:81,T:70,A:76
"FOX COTTAGE (GB)",2020,GELDING,,H:71,H:70,H:0,H:85,H:x,H:x
"FOX JOURNEY (GB)",2020,GELDING,"Declan Carroll",T:80,T:80,A:65,T:78,T:70,T:80
"FOX LEGACY (GB)",2021,GELDING,"Andrew Balding",T:114,T:116,T:101,T:93,T:96,A:90
"FOX WALLACE (IRE)",2018,FILLY,"Ella Pickard",S:13,S:0,S:0,S:0,S:57,S:0
"FOX'S FANCY (IRE)",2018,FILLY,"Lucinda Russell & Michael Scudamore",H:0,H:115,H:104,H:102,H:101,S:0
"FOX'S SOCKS (FR)",2015,GELDING,"Mike Sowersby",H:0,H:27,H:55,H:0,H:76,H:70
"FOXINTHEBOX (IRE)",2016,GELDING,"Susan Corbett",H:100,S:87,H:87,H:x,H:x,H:x
"FOXTROT FLYER (GB)",2023,GELDING,,A:x,A:x,A:x,-,-,-
"FOZZIE (IRE)",2023,GELDING,"Kevin Ryan",T:x,T:x,T:x,T:x,-,-
"FRACTIONAL (GB)",2023,FILLY,"William Haggas",T:83,T:x,T:x,-,-,-
"FRAM CASTLE (IRE)",2021,GELDING,,A:33,T:49,A:49,T:51,T:52,A:57
"FRANCES ETHEL (SAF)",2020,FILLY,"William Haggas",A:97,A:95,T:79,-,-,-
"FRANCESCO BARACCA (GB)",2021,GELDING,"Eve Johnson Houghton",T:0,T:76,A:70,A:73,A:78,A:74
"FRANCESI (IRE)",2019,GELDING,"Tony Carroll",A:69,A:71,A:64,A:71,A:74,A:72
"FRANCIS DRAKE (IRE)",2022,GELDING,,A:59,T:46,T:50,A:66,A:66,T:57
"FRANCISCO (GB)",2021,GELDING,"Patrick Chamings",T:36,A:59,A:57,A:58,A:58,A:58
"FRANCISCO'S PIECE (GB)",2022,COLT,"Adrian Keatley",T:72,T:81,T:67,T:82,T:86,T:88
"FRANCKY BLUE (FR)",2021,GELDING,"Mrs C. Williams",H:111,H:x,H:x,N:x,-,-
"FRANCO DE PORT (FR)",2015,GELDING,"Miss Nikki Henton",H:114,S:138,S:123,H:0,-,-
"FRANCOPHONE (GB)",2021,FILLY,"Charlie Johnston",T:93,T:105,T:82,T:96,T:88,T:92
"FRANIGANE (FR)",2015,GELDING,"Paul Nicholls",H:118,H:118,H:99,S:117,S:107,S:73
"FRANK STAMPER (GB)",2022,GELDING,"Tony Carroll",H:80,H:70,H:99,H:88,H:99,H:93
"FRANKALI (GB)",2023,FILLY,"Ollie Sangster",T:26,A:40,A:17,A:53,A:47,A:50
"FRANKIE FAULKNER (IRE)",2017,GELDING,"Mrs C. Williams",S:45,H:47,S:79,S:80,S:77,H:56
"FRANKIES DREAM (IRE)",2022,GELDING,"Jennie Candlish",T:81,T:81,T:66,T:70,T:76,T:83
"FRANKIES FORTUNE (IRE)",2020,FILLY,"Lucinda Russell & Michael Scudamore",H:x,H:x,N:x,N:x,-,-
"FRANTIC (GB)",2023,FILLY,"Ed Walker",T:72,T:x,A:x,T:x,-,-
"FRAVANCO (GB)",2019,GELDING,"Michael Madgwick",H:87,A:49,H:34,A:52,H:x,H:x
"FREAK ENCOUNTER (IRE)",2022,GELDING,"Donald Whillans",A:28,A:31,A:32,A:39,A:27,A:46
"FREDA (IRE)",2022,FILLY,"Pat Phelan",A:69,A:x,A:x,A:x,A:x,-
"FREDDIE FLEETFOOT (GB)",2018,GELDING,"Carroll Gray",H:54,H:61,H:71,H:0,H:73,H:75
"FREDDIE STEADY GO (GB)",2021,GELDING,"Susan Corbett",T:x,T:x,T:x,H:x,N:x,N:x
"FREDDIE'S STAR (IRE)",2022,GELDING,"Roger Teal",A:66,A:67,A:x,A:x,A:x,T:x
"FREDDIEMISSMOLLI (IRE)",2020,FILLY,"Barry Murphy",H:55,H:x,H:x,H:x,N:x,N:x
"FREDDY ROBINSON (GB)",2019,GELDING,"Brian Ellison",T:58,T:58,T:57,T:57,A:50,H:113
"FREE PIC (IRE)",2021,FILLY,"Joel Parkinson & Sue Smith",T:56,T:55,T:52,A:45,A:48,A:45
"FREE SPEECH (IRE)",2021,FILLY,"Sam England",A:74,A:68,T:73,T:57,T:74,A:57
"FREE WORLD (GB)",2021,GELDING,"Ian Williams",T:0,-,-,-,-,-
"FREE YOUR SPIRIT (IRE)",2023,COLT,,A:x,A:x,A:x,-,-,-
"FREEDOM BAY (GB)",2022,FILLY,"Zoe Hawkins",T:20,A:29,A:x,T:30,A:41,T:42
"FREEWHEELIN (GB)",2018,GELDING,"John Norton",A:21,T:11,A:32,A:38,A:32,A:43
"FREEZING HAVANA (GB)",2023,FILLY,,A:0,A:x,A:x,A:x,-,-
"FRENCH AFFAIR (IRE)",2023,GELDING,"Richard Hannon",T:76,T:74,A:65,A:77,T:70,T:77
"FRENCH DUKE (IRE)",2021,GELDING,"Hamad Al Jehani",T:97,T:85,T:92,T:98,T:97,T:88
"FRENCH EMPEROR (FR)",2020,GELDING,"Nicky Martin",H:120,H:82,H:110,H:115,H:118,H:115
"FRENCH MASTER (IRE)",2021,GELDING,"John & Thady Gosden",T:98,T:109,T:87,T:109,T:108,T:101
"FRENCH SAND (IRE)",2022,FILLY,,A:67,A:75,A:82,T:82,T:91,A:x
"FRENCH SHIP (GB)",2020,GELDING,,H:137,H:126,H:0,H:141,H:146,H:136
"FRERE D'ARMES (FR)",2017,GELDING,"Dan Skelton",S:92,H:99,H:0,H:0,S:0,H:112
"FRESH (GB)",2017,GELDING,"James Fanshawe",A:0,A:72,T:77,T:83,A:82,T:92
"FRESH AS A DAISY (GB)",2019,FILLY,,H:106,H:0,H:x,H:x,H:x,N:x
"FRESH FADE (IRE)",2023,GELDING,"Michael Attwater",T:58,T:71,-,-,-,-
"FRESH KICKS (IRE)",2020,GELDING,"Nicky Henderson",S:96,H:118,H:115,H:109,H:x,H:x
"FRESH PERSPECTIVE (GB)",2020,GELDING,"Jamie Snowden",H:88,H:x,H:x,H:x,H:x,N:x
"FRESH SPECULATION (GB)",2018,GELDING,,H:120,H:117,H:111,H:102,H:0,H:105
"FRESHERS WEEK (IRE)",2021,GELDING,"Charlie Longsdon",H:119,H:115,H:x,H:118,H:x,-
"FRIDAY AGAIN (IRE)",2022,FILLY,,A:25,A:29,A:46,A:38,A:41,A:56
"FRIENDLY SOUL (GB)",2021,FILLY,"John & Thady Gosden",T:0,T:109,T:86,T:107,A:x,-
"FRIENDS DON'T ASK (GB)",2015,GELDING,"Clare Ellam",S:87,S:86,S:79,S:0,S:0,S:97
"FRINGILL DIKE (IRE)",2017,GELDING,"Jedd O'Keeffe",S:99,S:117,S:118,S:118,S:122,S:95
"FRIO (GB)",2023,COLT,"Seb Spencer",T:x,T:x,T:x,-,-,-
"FRISBY (IRE)",2018,GELDING,,S:84,H:x,S:110,S:110,S:108,S:105
"FROM THE CLOUDS (FR)",2017,GELDING,"Lucinda Russell & Michael Scudamore",S:99,S:125,S:121,H:123,H:x,H:x
"FROM THE HIP (GB)",2023,COLT,"Mark Usher",T:65,A:73,A:x,A:62,A:x,T:x
"FROMHERETOETERNITY (IRE)",2017,FILLY,"Jennie Candlish",H:112,H:114,H:105,H:114,H:110,H:113
"FRONT GUNNER (IRE)",2021,GELDING,"Ivan Furtado",T:53,A:56,A:50,A:63,A:51,A:55
"FRONT LINE FURY (IRE)",2023,GELDING,"George Scott",T:69,T:78,T:61,T:79,T:90,T:90
"FRONTAL ASSAULT (IRE)",2015,GELDING,"Fred Timmis",H:0,H:0,H:112,S:0,H:126,-
"FRONTIER PRINCE (GB)",2021,GELDING,"Fergal O'Brien",H:97,H:115,H:108,H:114,H:112,H:117
"FRONTPAGEMOOS (GB)",2021,FILLY,,T:11,A:31,A:28,A:35,A:46,A:x
"FROST AT DAWN (USA)",2021,FILLY,"William Knight",T:91,T:62,T:109,T:103,T:109,T:104
"FROSTMAGIC (IRE)",2022,GELDING,"Ismail Mohammed",A:18,T:76,A:78,A:75,A:58,A:72
"FRUSTRATION (GB)",2023,FILLY,,T:36,A:33,A:x,T:x,T:x,-
"FUEL THE FIRE (IRE)",2022,GELDING,,A:0,A:41,T:18,H:19,T:46,A:x
"FUGITIF (FR)",2015,GELDING,"Richard Hobson",S:123,S:0,S:132,S:120,S:131,S:117
"FUJI FLIGHT (FR)",2015,GELDING,,S:0,S:0,S:96,S:105,S:109,S:107
"FUJI MOUNTAIN (IRE)",2022,GELDING,"Declan Carroll",T:47,T:57,T:63,T:70,T:33,T:58
"FULFORD CROSS (GB)",2022,GELDING,"David Simcock",A:52,A:40,A:44,A:57,A:54,A:45
"FULL FORCE GALE (IRE)",2020,GELDING,"Tom George",S:56,S:102,S:97,H:x,H:x,N:x
"FULL GAS (IRE)",2023,GELDING,"Kevin Ryan",T:44,T:58,A:57,T:37,A:28,A:x
"FULLFORWARD (IRE)",2020,GELDING,"Michael Madgwick",T:40,A:46,H:x,H:x,T:46,M:37
"FULLOFBRIGHTIDEAS (GB)",2021,GELDING,"Shaun Lycett",A:12,A:0,T:x,T:x,T:x,-
"FULLSTOP (IRE)",2023,GELDING,"Grace Harris",T:40,A:56,T:59,A:54,T:x,T:x
"FUMBLEINTHEJUNGLE (GB)",2020,GELDING,"John David Riches",A:15,A:22,A:11,A:13,A:14,T:15
"FURHAAN (GB)",2022,GELDING,"Jim Goldie",T:62,T:41,T:55,T:69,T:70,T:x
"FURRST LADY (IRE)",2022,FILLY,"Ruth Carr",T:27,A:x,T:x,A:x,T:x,-
"FURTHER MEASURE (USA)",2017,GELDING,"Mike Murphy",T:59,A:63,A:64,A:61,A:58,A:62
"FURTHUR (IRE)",2022,GELDING,"Andrew Balding",T:107,T:105,T:109,T:112,T:82,T:107
"FUSEBOARD (GB)",2023,GELDING,"Chelsea Banham",A:42,A:x,A:x,A:x,A:x,-
"FUTURE BUCKS (FR)",2021,FILLY,"Jamie Snowden",H:48,H:0,H:x,H:x,H:x,-
"FUTURE CUTLET (IRE)",2021,GELDING,"Karen Jewell",A:52,T:55,A:55,T:51,T:59,T:64
"FUTURE TIMES (FR)",2020,GELDING,"Gordon Edwards",H:54,H:45,H:65,H:70,H:75,H:x
"FUZEYYA (GB)",2023,FILLY,"Jedd O'Keeffe",A:24,A:47,T:x,T:x,T:x,-
"G'EMMETHEGREENLITE (IRE)",2023,GELDING,"Seb Spencer",T:31,T:x,T:x,T:x,-,-
"GA LAW (FR)",2016,GELDING,"Jamie Snowden",S:124,S:136,S:155,S:0,H:0,S:144
"GAASSEE (IRE)",2018,GELDING,,A:74,A:85,T:80,T:87,T:78,A:83
"GABBYS CROSS (IRE)",2015,GELDING,"Nick Scholfield",S:124,S:0,S:131,S:131,H:0,S:128
"GABORIOT (FR)",2016,GELDING,"Oliver Greenall & Josh Guerriero",H:128,H:99,H:0,S:0,S:124,S:0
"GABRIEL'S GETAWAY (IRE)",2017,GELDING,"Anthony Honeyball",S:79,S:116,S:120,S:103,S:0,S:130
"GABSTER (IRE)",2013,FILLY,,A:36,A:34,T:x,A:62,T:34,T:45
"GAELI (ITY)",2021,GELDING,"Marco Botti",T:96,A:95,A:102,-,-,-
"GAELIC APPROACH (GB)",2023,GELDING,"Charlie Johnston",T:76,T:74,T:73,A:70,T:x,T:x
"GAELIC GLOW (GB)",2021,GELDING,"Sam England",H:96,H:x,H:x,H:x,H:x,N:x
"GAELIC PRIDE (SPA)",2020,GELDING,"Warren Greatrex",H:x,H:x,H:x,H:x,H:x,N:x
"GAELIC RAMBLER (IRE)",2020,GELDING,"Jonjo & A.J. O'Neill",S:97,S:115,S:114,S:111,S:0,H:x
"GAELIC ROVER (IRE)",2021,GELDING,"Ruth Jefferson",H:x,H:x,H:x,H:x,H:x,-
"GAELIC SAINT (GB)",2021,FILLY,"Tom Symonds",H:95,H:108,H:x,H:x,N:x,N:x
"GAIETY MUSICAL (IRE)",2021,FILLY,,A:71,A:77,A:78,A:74,A:74,A:79
"GAILLIMH A STOR (IRE)",2016,GELDING,"Kit Alexander",H:0,H:98,H:0,H:92,H:0,H:111
"GAL (IRE)",2023,FILLY,"Mark Loughnane",-,-,-,-,-,-
"GALACTIC CHARM (GB)",2021,GELDING,"Lisa Harrison",T:70,H:72,H:105,H:96,H:98,H:110
"GALACTIC GLOW (IRE)",2017,GELDING,"Joe Tickle",T:51,T:54,A:46,H:46,A:44,H:23
"GALACTIC JACK (IRE)",2020,GELDING,"Gary & Josh Moore",H:84,H:85,H:76,H:0,T:76,H:94
"GALACTIC PRINCESS (GB)",2021,FILLY,,H:42,H:54,H:x,H:x,H:x,-
"GALACTIQUE (FR)",2022,GELDING,"Murty McGrath",H:103,H:98,H:94,H:117,H:x,H:x
"GALASHIELS (IRE)",2019,GELDING,,H:x,H:x,H:x,T:86,T:95,-
"GALASSIAN (GB)",2017,GELDING,"Mel Rowley",H:100,H:79,H:0,H:82,S:0,S:80
"GALAXY STAR (GB)",2022,FILLY,"Alan King",T:86,A:x,N:x,N:x,N:x,-
"GALAXY WONDER (IRE)",2022,GELDING,"Tony Carroll",T:70,T:69,A:65,A:58,A:58,A:56
"GALAXY ZOO (GB)",2022,FILLY,,T:64,A:76,T:75,T:82,A:77,T:70
"GALBA (GB)",2023,COLT,"Richard Hannon",T:59,T:x,T:x,T:x,-,-
"GALEL (IRE)",2021,FILLY,,A:6,A:60,A:48,A:47,A:56,A:52
"GALERON (IRE)",2020,GELDING,"Charles Hills",T:89,T:94,T:91,T:93,T:91,T:0
"GALETTE (GB)",2022,FILLY,,A:38,A:8,A:41,A:29,T:1,M:0
"GALIA DES LITEAUX (FR)",2016,FILLY,,S:133,S:128,S:0,S:123,S:134,S:137
"GALIDAM (FR)",2020,GELDING,"Micky Hammond",S:92,S:94,S:99,H:93,H:0,H:x
"GALILEAN QUALITY (IRE)",2023,GELDING,"K. R. Burke",A:85,T:81,A:83,T:x,T:x,T:x
"GALILEO BLUE (IRE)",2023,COLT,"Hugo Palmer",A:x,A:x,T:x,-,-,-
"GALILEO CHARM (GB)",2023,FILLY,"Marco Botti",T:64,T:59,A:66,A:67,A:x,A:x
"GALILEO ISLAND (IRE)",2023,COLT,"Marco Botti",A:79,A:83,A:71,T:82,A:x,T:x
"GALILEO SILVER (IRE)",2015,GELDING,"Mrs Rhiannon Lodge",H:0,H:111,H:0,H:133,H:129,H:126
"GALILEO'S COMPASS (IRE)",2020,GELDING,,A:26,A:28,A:33,A:18,A:40,T:39
"GALLANT (FR)",2022,GELDING,"Oli Rix",T:77,T:76,A:82,A:86,A:78,A:70
"GALLANT LION (GB)",2020,GELDING,"Ian Williams",T:69,A:47,H:x,T:63,T:10,T:63
"GALLIC LEGEND (IRE)",2022,GELDING,,T:70,A:78,T:x,T:x,A:x,-
"GALLIVANTED (FR)",2022,GELDING,"Harry Derham",T:72,T:82,T:80,H:110,H:104,H:x
"GALLUS NORMAN (GB)",2019,GELDING,"Jim Goldie",T:62,T:56,T:x,T:x,A:x,N:x
"GALON DE VAUZELLE (FR)",2016,GELDING,"F. Foster",H:92,S:64,S:118,S:0,-,-
"GALOP DE CHASSE (FR)",2016,GELDING,"Venetia Williams",S:120,S:92,S:112,S:97,S:0,S:0
"GALWAY REEL (IRE)",2019,GELDING,"Ian Williams",H:0,H:90,S:93,S:60,S:90,S:85
"GALYX (IRE)",2021,GELDING,"Jack Channon",T:55,T:86,T:80,T:79,T:87,T:79
"GAMBINO (IRE)",2021,GELDING,"Dan Skelton",T:69,H:x,A:x,-,-,-
"GAME BEAAA (IRE)",2017,FILLY,"Daragh Bourke",H:0,H:41,H:89,H:68,H:76,H:93
"GAME COLOURS (IRE)",2018,FILLY,"Ben Clarke",H:126,H:98,H:120,H:119,H:119,H:102
"GAMESTERS GUY (GB)",2019,GELDING,"Oliver Greenall & Josh Guerriero",S:0,S:122,S:126,S:134,S:135,S:139
"GAMRAI (GB)",2022,GELDING,"John & Thady Gosden",T:99,A:97,T:84,T:x,T:x,A:x
"GANDHI MAKER (FR)",2016,GELDING,"Noel Wilson",S:0,H:83,H:0,H:25,S:0,S:91
"GANESHA (GB)",2021,GELDING,"Phillip Makin",T:49,T:33,T:57,A:54,A:47,A:46
"GANGSTA MAN (IRE)",2022,GELDING,"Jim Goldie",T:63,T:87,-,-,-,-
"GANTHORPE (GB)",2023,GELDING,"Michael & David Easterby",T:49,T:41,T:45,A:44,A:49,A:49
"GARAVOGUE (IRE)",2018,GELDING,,H:0,H:0,H:x,H:x,H:x,-
"GARDE DES CHAMPS (IRE)",2016,GELDING,"Lucinda Russell & Michael Scudamore",S:105,S:90,S:94,S:107,S:114,S:117
"GARDEN OASIS (GB)",2015,GELDING,"Tim Easterby",T:61,T:75,T:75,T:75,T:51,T:54
"GARDENER (FR)",2016,GELDING,"Mike Sowersby",H:100,H:107,H:102,H:90,H:100,H:101
"GARFIELD SHADOW (IRE)",2021,GELDING,"Hamad Al Jehani",T:96,T:92,T:91,T:0,T:82,T:90
"GARIFULLINA (GB)",2020,FILLY,"John Davies",A:43,A:50,A:43,T:50,A:31,T:55
"GASCONY (GB)",2023,COLT,"Brian Meehan",T:76,T:76,T:38,T:70,T:x,T:x
"GASMANI (IRE)",2019,GELDING,"David Dennis",H:76,H:112,H:110,H:48,H:x,H:106
"GASPACHO (GB)",2023,FILLY,"William Haggas",T:80,T:x,T:x,-,-,-
"GASTRONOMY (GB)",2019,GELDING,"Philip Kirby",A:40,A:23,T:53,T:62,A:63,T:62
"GATA BAN (IRE)",2017,FILLY,"Neil Mulholland",S:82,S:77,S:65,S:77,S:78,S:59
"GATEAU DE MIEL (FR)",2016,GELDING,"Fergal O'Brien",S:115,H:83,H:0,H:112,S:74,H:104
"GATEHOUSE (IRE)",2023,GELDING,"S. P. C. Woods",T:74,A:81,A:x,A:x,-,-
"GATINEAU PARK (IRE)",2020,GELDING,"Kim Bailey & Mat Nicholls",H:x,H:x,H:x,H:x,-,-
"GAURDMAN (IRE)",2023,COLT,"Roger Varian",T:x,T:x,T:x,-,-,-
"GAVIN (GB)",2018,GELDING,,H:42,H:60,H:77,H:84,H:89,H:94
"GAZETTE BOURGEOISE (FR)",2016,FILLY,,S:103,S:0,S:76,S:108,S:99,S:0
"GEARING'S POINT (GB)",2018,FILLY,"Sheena West",T:41,T:48,A:46,A:47,A:48,A:48
"GEE FORCE FLYER (IRE)",2020,GELDING,"Olly Murphy",H:x,H:120,H:x,H:x,H:x,-
"GEEMANN (GB)",2023,GELDING,"Joe Tickle",T:41,T:x,T:x,T:x,-,-
"GEEZER ROCKSTAR (IRE)",2019,GELDING,"Harry Fry",H:122,H:114,H:85,H:0,H:113,H:0
"GELATO (IRE)",2023,FILLY,"Adrian Wintle",T:52,-,-,-,-,-
"GEMICAL (IRE)",2023,FILLY,"Rebecca Menzies",T:50,T:53,A:43,-,-,-
"GEMINI MAN (IRE)",2018,GELDING,"Iain Jardine",H:0,A:48,A:49,H:95,H:101,H:97
"GEMINI STAR (IRE)",2020,FILLY,"Julia & Shelley Birkett",T:59,T:47,T:51,T:59,T:47,T:54
"GEMMARI (GB)",2022,GELDING,"Richard Hannon",T:56,A:68,A:68,A:76,A:62,A:64
"GENBU (GB)",2022,GELDING,"Sarah-Jayne Davies",H:89,H:86,H:64,A:36,H:63,H:85
"GENERAL ASSEMBLY (IRE)",2021,GELDING,"Clare Hobson",T:44,T:59,A:72,A:72,A:67,A:64
"GENERAL BRIAR (IRE)",2019,GELDING,"Chris Gordon",H:0,H:0,H:118,H:x,H:x,H:x
"GENERIC (IRE)",2023,GELDING,"Andrew Balding",T:102,T:x,A:x,-,-,-
"GENEROUS RASCAL (GB)",2023,GELDING,"Dylan Cunha",T:65,T:72,A:76,A:x,A:x,T:x
"GENEROUS SUPPORT (IRE)",2022,FILLY,"Dan Horsford",A:37,-,-,-,-,-
"GENIES GIRL (IRE)",2019,FILLY,,H:0,H:56,H:69,H:x,H:x,H:x
"GENIETOILE (FR)",2018,GELDING,"Rebecca Curtis",S:0,S:110,S:0,S:106,H:x,H:x
"GENIUS MISTAKE (GB)",2022,FILLY,,A:18,A:37,A:38,A:50,A:0,T:38
"GENNADIUS (GB)",2022,GELDING,"Richard Hannon",A:52,A:65,A:52,A:56,A:70,A:65
"GENOIS (FR)",2016,GELDING,"Jonjo & A.J. O'Neill",S:0,S:126,S:125,S:121,S:120,S:63
"GENTLE GEORGE (GB)",2023,COLT,"R. Mike Smith",T:84,T:96,T:x,T:x,T:x,-
"GENTLE WARRIOR (IRE)",2022,GELDING,"K. R. Burke",T:74,T:77,T:53,T:75,T:79,T:78
"GENTLEMAN BILL (IRE)",2018,GELDING,"Oliver Greenall & Josh Guerriero",H:106,H:102,S:96,S:0,S:120,S:94
"GENTLEMAN JOE (GB)",2018,GELDING,"Matt Crawley",A:44,H:95,H:0,H:112,A:70,T:95
"GENTLEMAN TOBOOT (IRE)",2020,GELDING,"David Pipe",H:115,H:113,H:x,H:x,N:x,N:x
"GEO (IRE)",2022,FILLY,"Jim Goldie",T:67,T:47,T:62,T:62,A:69,T:63
"GEORDIE MACKEM (GB)",2020,GELDING,"Sarah-Jayne Davies",A:51,A:66,A:x,A:x,A:x,N:x
"GEORDIE NIGHT (GB)",2019,GELDING,"Nick Kent",H:0,H:86,H:86,H:80,H:99,H:82
"GEORDIES BETTY (GB)",2020,FILLY,"Kevin Bishop",H:79,H:97,H:x,H:x,H:x,-
"GEORGE'S LAD (IRE)",2020,GELDING,"Emma Lavelle",H:139,H:109,H:128,H:129,H:123,H:128
"GEORGES STREET (IRE)",2021,GELDING,"Harry Ryall",S:82,H:38,H:x,H:x,H:x,-
"GEORGI GIRL (IRE)",2019,FILLY,,S:116,S:122,S:117,S:113,S:99,S:124
"GEORGIA'S CHARM (IRE)",2020,FILLY,"Fergal O'Brien",H:74,H:75,H:x,H:x,H:x,N:x
"GEORGIE'S MALT (GB)",2020,FILLY,"Ewan Whillans",H:61,H:83,H:68,H:82,H:x,H:x
"GERICAULT ROQUE (FR)",2016,GELDING,"David Pipe",S:94,S:129,S:89,S:91,S:128,S:139
"GERMANIC (IRE)",2021,GELDING,"Julie Camacho",A:99,A:86,A:92,T:68,T:72,T:76
"GEROMINO (FR)",2016,GELDING,"Donald McCain",H:127,H:124,H:123,H:117,H:123,H:131
"GERT LUSH (IRE)",2017,FILLY,"Roger Teal",T:52,A:41,T:44,T:56,T:63,T:59
"GERYVILLE (FR)",2016,GELDING,"Micky Hammond",S:99,S:121,S:121,S:107,S:86,S:117
"GESAYED (GB)",2023,FILLY,"K. R. Burke",T:x,A:x,T:x,-,-,-
"GESUNDHEIT (GB)",2022,GELDING,,A:42,T:54,A:46,T:40,A:66,T:x
"GET A SUPERSTAR (IRE)",2018,GELDING,"Dr Richard Newland & Jamie Insole",S:91,S:79,S:76,S:91,H:88,H:94
"GET AN ATTITUDE (IRE)",2023,FILLY,"K. R. Burke",A:x,A:x,A:x,-,-,-
"GET IN ORDER (IRE)",2020,GELDING,"Henry Oliver",H:43,H:84,H:x,H:x,H:x,-
"GET IT (GB)",2018,GELDING,"George Baker",A:73,T:88,T:59,T:104,T:100,T:59
"GET OUTTA HERE (FR)",2023,GELDING,"David Menuisier",T:76,T:x,A:x,-,-,-
"GET THE VALUE (IRE)",2018,GELDING,"John O'Shea",H:82,H:65,H:0,H:57,H:54,H:78
"GET THIS IN (GB)",2023,GELDING,"David Menuisier",A:x,A:x,T:x,-,-,-
"GET UP EVERYBODY (IRE)",2022,GELDING,"Paul Midgley",T:50,T:61,T:61,A:60,A:50,T:64
"GET UP MUSH (IRE)",2018,GELDING,,S:110,S:92,S:100,S:0,S:105,S:125
"GETALEAD (IRE)",2016,GELDING,"Kevin Pickard",H:111,H:114,H:109,H:112,H:111,H:115
"GETAROSE (IRE)",2021,FILLY,"Mrs C. Williams",H:79,H:62,H:77,H:52,H:63,H:40
"GETAWAY GLORY (GB)",2019,GELDING,"Oliver Greenall & Josh Guerriero",S:50,H:59,S:0,S:0,S:60,S:100
"GETAWAY JEWEL (IRE)",2014,GELDING,"Micky Hammond",S:57,S:44,S:0,S:74,S:76,S:75
"GETAWAY KING (IRE)",2018,GELDING,"Fergal O'Brien",H:90,S:0,S:85,S:95,S:93,S:91
"GETAWAY MASTER (IRE)",2017,GELDING,"Micky Hammond",H:78,H:76,H:93,H:0,H:85,H:96
"GETAWAY SAM (IRE)",2020,GELDING,,H:19,H:74,H:69,H:0,H:0,H:x
"GETAWAY THEATRE (IRE)",2018,FILLY,"Stuart Edmunds",H:88,H:107,H:105,H:111,H:110,S:85
"GETAWAY TOTHE WOOD (IRE)",2015,GELDING,"Sarah Robinson",S:0,H:x,H:x,H:x,H:x,-
"GETAWAY VIC (IRE)",2019,GELDING,"Mickey Bowen",H:x,H:x,N:x,N:x,N:x,-
"GETAWAY WITH YOU (GB)",2018,GELDING,"David Killahena & Graeme McPherson",H:94,H:79,H:81,H:96,H:77,H:95
"GETAWHISKY (GB)",2020,FILLY,,H:115,H:x,H:x,H:x,H:x,N:x
"GETHIN (IRE)",2022,COLT,"Owen Burrows",T:117,A:113,T:106,T:x,T:x,-
"GETMETOTHEMOON (GB)",2019,FILLY,"Anthony Honeyball",H:84,H:86,H:98,H:83,H:98,H:85
"GETONE (IRE)",2019,GELDING,,H:62,H:x,H:x,-,-,-
"GETREADYTORUMBLE (GB)",2022,GELDING,"Jack Channon",T:97,T:101,T:95,T:91,T:89,T:88
"GETUPTHEYARD (IRE)",2019,GELDING,"Nigel Hawke",H:63,H:39,H:88,S:0,S:0,H:62
"GETURGUCCION (IRE)",2019,FILLY,,S:0,S:0,S:89,H:107,H:85,H:x
"GHAADAH (FR)",2023,FILLY,"Simon & Ed Crisford",T:80,A:x,-,-,-,-
"GHADRA (IRE)",2023,FILLY,,T:19,A:x,A:x,A:x,-,-
"GHAIYYA (GB)",2022,FILLY,"Charlie Johnston",T:91,T:92,T:90,T:73,T:71,T:85
"GHAIYYATH DEER (IRE)",2023,COLT,,A:x,A:x,-,-,-,-
"GHAIYYATH PARK (IRE)",2022,FILLY,,A:35,A:42,A:46,A:56,A:65,A:55
"GHASHAM (IRE)",2019,GELDING,"Sam England",S:98,S:98,H:86,H:94,H:100,H:99
"GHERKIN (GB)",2017,GELDING,,T:29,T:0,T:23,A:53,T:45,T:54
"GHISA (IRE)",2023,FILLY,"Charlie Fellowes",A:x,A:x,-,-,-,-
"GHOST DANCING (GB)",2022,FILLY,"Alan King",H:86,H:0,H:x,H:88,-,-
"GHOST DIVISION (GB)",2023,COLT,"Sir Mark Prescott Bt",T:x,A:x,A:x,A:x,-,-
"GHOST JURY (IRE)",2019,FILLY,"Kayley Woollacott",H:57,H:0,H:0,H:30,H:86,H:x
"GHOST MODE (IRE)",2023,COLT,"Andrew Balding",T:87,T:93,A:97,T:88,T:x,T:x
"GHOST STORY (IRE)",2021,FILLY,"John Butler",A:66,T:64,T:68,T:68,T:57,A:41
"GIANT (GB)",2020,GELDING,"Ian Williams",T:6,T:40,A:67,A:57,A:55,A:62
"GIANTSGRAVE (IRE)",2020,GELDING,,H:x,H:x,H:x,N:x,-,-
"GIBBERWELL (IRE)",2016,GELDING,"Jake Coulson",S:63,S:0,S:0,S:0,S:80,S:0
"GIBBS ISLAND (GB)",2021,GELDING,"Tom Lacey",H:121,H:132,H:126,H:123,H:118,H:134
"GIBSIDE (GB)",2019,GELDING,"Tim Easterby",T:70,T:67,T:63,T:59,A:80,T:81
"GIDDYUPADINGDONG (IRE)",2020,GELDING,"Neil Mulholland",H:62,H:x,H:x,H:x,N:x,-
"GIDLEIGH PARK (GB)",2018,GELDING,"Harry Fry",S:148,S:0,S:155,S:155,S:153,S:0
"GIFTED ANGEL (IRE)",2020,GELDING,,H:98,H:102,A:66,H:91,A:62,A:65
"GIFTS DIFFERING (GB)",2023,FILLY,"James Ferguson",A:49,A:x,A:x,T:x,-,-
"GILBERTINA (GB)",2017,FILLY,"Nick Kent",S:74,S:78,S:86,S:96,S:93,S:0
"GILDED GLANCE (GB)",2020,FILLY,"Mrs Jane Williams",H:0,H:x,H:x,H:x,-,-
"GILES GLORY (IRE)",2023,GELDING,"Tom Ellis",T:45,A:47,A:52,A:54,A:28,A:51
"GILET (IRE)",2022,GELDING,"Warren Greatrex",A:81,A:79,A:81,T:42,A:82,M:77
"GILLALI LASS (IRE)",2023,FILLY,"David O'Meara",A:0,T:0,T:58,T:58,T:58,T:x
"GILLEANGIRL (USA)",2023,FILLY,"Ivan Furtado",A:x,A:x,A:x,-,-,-
"GILLESPIE (IRE)",2020,GELDING,,H:84,H:x,H:x,N:x,-,-
"GILT EDGE (GB)",2016,FILLY,"Christopher Mason",A:40,A:37,A:54,A:50,A:55,A:34
"GILTHONIEL (GB)",2022,FILLY,,A:49,T:x,T:x,T:x,-,-
"GIMARIAS (IRE)",2020,GELDING,"Mel Rowley",H:96,H:x,H:x,H:x,N:x,N:x
"GIMMIEMINNIE (IRE)",2021,FILLY,,T:10,A:28,A:43,-,-,-
"GINDERELLA (IRE)",2017,FILLY,"Tim Vaughan",S:63,H:71,S:75,H:70,H:83,H:83
"GINGER MAIL (FR)",2016,GELDING,"N. W. Alexander",H:0,H:97,H:110,H:0,H:112,H:110
"GINGERBRED (GB)",2018,GELDING,"Carroll Gray",S:78,S:65,S:78,S:0,S:99,H:100
"GINTIME (IRE)",2020,FILLY,"Nicky Richards",H:92,H:102,H:98,H:x,H:x,N:x
"GIORGIO M (IRE)",2021,GELDING,"Mark Loughnane",T:58,T:61,A:70,A:69,A:71,A:75
"GIOVANNI CHANGE (FR)",2015,GELDING,"Mark Walford",S:84,S:107,S:109,S:0,S:106,S:0
"GIRL OF GOLD (IRE)",2021,FILLY,"Andy Irvine",A:43,H:104,H:95,H:x,H:x,A:38
"GIRLS ALLOWED (IRE)",2023,FILLY,"Julia & Shelley Birkett",T:42,T:x,T:x,A:x,-,-
"GIRLS BEST FRIEND (IRE)",2019,GELDING,"Venetia Williams",S:0,S:96,S:86,S:92,S:93,H:x
"GIRLS NIGHT OUT (GB)",2022,FILLY,"Lydia Richards",A:54,T:58,T:54,T:58,T:x,A:x
"GIS A SUB (IRE)",2019,GELDING,,A:40,T:45,T:54,T:49,A:44,T:52
"GISELLES IZZY (IRE)",2019,FILLY,,T:47,T:62,T:41,T:51,T:47,T:59
"GIT MAKER (FR)",2016,GELDING,"Jamie Snowden",S:132,S:129,S:128,S:0,H:120,S:119
"GIVE IT TO ME OJ (GB)",2021,GELDING,"Gary & Josh Moore",T:84,H:113,H:134,H:135,H:131,T:90
"GIVE ME SUN (GB)",2023,FILLY,"Patrick Owens",T:53,T:43,T:x,T:x,T:x,-
"GIVE ME THE NIGHT (IRE)",2022,GELDING,"Mark Rimell",A:54,A:62,A:59,T:67,T:64,A:x
"GIVEHIMTHEHONOUR (IRE)",2018,GELDING,,S:0,S:83,S:0,S:53,S:74,S:63
"GIZMO (GB)",2023,COLT,"Michael Bell",T:46,T:77,A:x,-,-,-
"GLACIUS (GB)",2023,COLT,"Hugo Palmer",T:104,T:103,T:x,-,-,-
"GLADIADORA (IRE)",2021,FILLY,"Charlie Clover",T:36,A:61,T:64,A:62,A:58,A:60
"GLADIUS (IRE)",2022,COLT,"Andrew Balding",T:111,T:107,T:101,T:95,T:x,A:x
"GLAJOU (FR)",2016,GELDING,,S:78,S:0,S:83,S:61,S:89,S:0
"GLAMEROUS (GB)",2023,FILLY,,A:x,A:x,A:x,-,-,-
"GLAMIS ROAD (IRE)",2022,FILLY,,T:68,T:90,T:85,T:87,T:x,-
"GLAMOROUS ANGELA (GB)",2022,FILLY,"Geoff Oldroyd",A:x,A:x,A:x,-,-,-
"GLAMOROUS BREEZE (GB)",2018,FILLY,"Christopher Mason",T:90,A:86,A:89,T:68,T:73,T:86
"GLAMOROUS DANCER (GB)",2022,FILLY,,A:x,T:x,A:x,T:x,-,-
"GLAMOUR SHOW (GB)",2022,FILLY,"Scott Dixon",A:70,A:70,A:68,A:69,T:51,T:74
"GLANCE AT MIDNIGHT (GB)",2020,GELDING,"Dan Skelton",H:x,H:x,H:x,H:x,N:x,N:x
"GLANCE OF GLORY (GB)",2020,GELDING,"Martin Keighley",H:100,H:0,H:106,H:106,H:x,H:x
"GLANCING BACK (GB)",2020,FILLY,"Emma-Jane Bishop",S:73,H:31,H:x,H:x,H:x,-
"GLANCING JACK (GB)",2021,GELDING,"Dan Skelton",H:122,H:x,H:x,N:x,N:x,-
"GLASGOW KISS (GB)",2023,FILLY,"Hugo Palmer",T:46,T:30,A:x,A:x,T:x,-
"GLASSES UP (USA)",2015,GELDING,"R. Mike Smith",T:48,T:58,T:52,A:48,T:50,T:33
"GLEN BUCK (IRE)",2019,GELDING,"Roger Varian",A:94,A:97,A:89,A:83,A:x,A:x
"GLEN ROAD (IRE)",2019,GELDING,"Joel Parkinson & Sue Smith",S:0,S:115,S:99,S:106,H:118,H:118
"GLENDOWN (IRE)",2020,GELDING,,A:25,A:45,A:0,A:45,T:49,A:33
"GLENFINNAN (IRE)",2020,GELDING,"Michael Dods",T:79,T:65,T:66,T:50,T:42,T:80
"GLENGOLLY (GB)",2019,GELDING,"Billy Aprahamian",H:95,H:73,H:89,H:17,H:89,H:86
"GLENGOULY (FR)",2016,GELDING,"Faye Bramley",S:135,S:0,S:0,S:0,S:0,S:131
"GLENMUICK (GB)",2021,GELDING,"Charlie Longsdon",H:54,H:84,H:49,H:71,H:50,H:x
"GLENNA (IRE)",2023,FILLY,"Tom Ward",T:65,T:62,A:x,T:x,A:x,-
"GLENRIDDING (GB)",2022,GELDING,,H:79,H:81,H:70,H:x,H:95,A:53
"GLENVILLE (GB)",2020,GELDING,"Ewan Whillans",H:x,H:x,H:x,H:x,N:x,N:x
"GLINT OF LIGHT (GB)",2022,FILLY,"Edward Smyth-Osbourne",T:52,T:66,T:44,T:63,T:61,A:x
"GLISTENING (GB)",2022,FILLY,"Ollie Sangster",T:55,A:85,A:64,A:x,A:x,A:x
"GLISTENING NIGHTS (FR)",2021,GELDING,"Richard & Peter Fahey",T:76,T:72,A:56,T:64,T:77,T:76
"GLITTER CODE (IRE)",2022,GELDING,"Edward Bethell",A:36,T:59,A:53,T:60,T:50,T:60
"GLITTERING SHOW (IRE)",2023,COLT,,A:x,A:x,T:x,-,-,-
"GLITTERING SURF (GB)",2022,FILLY,"Owen Burrows",A:82,T:92,T:90,A:92,A:x,-
"GLOBAL ECLIPSE (GB)",2021,GELDING,,H:0,H:0,H:x,H:x,H:x,-
"GLOBAL EFFORT (IRE)",2020,GELDING,"Phil McEntee",A:26,A:36,A:42,A:43,A:38,A:44
"GLOBAL WARNING (GB)",2016,GELDING,"John Butler",A:58,A:55,A:54,A:42,A:48,A:52
"GLORIOLA (GB)",2023,FILLY,"Steph Hollinshead",T:43,T:16,T:22,T:x,T:x,T:x
"GLORIOUS ANGEL (IRE)",2020,FILLY,,A:75,A:56,A:76,A:63,T:86,T:88
"GLORIOUS KITTY (IRE)",2022,FILLY,"Michael & David Easterby",T:69,T:68,T:63,T:65,A:44,T:65
"GLORIOUS MIST (IRE)",2017,FILLY,"Paddy Butler",H:0,H:0,H:0,H:60,H:31,H:0
"GLORY AND HONOUR (IRE)",2016,GELDING,"Sam England",S:102,S:115,H:90,T:0,S:97,S:100
"GLORY FIGHTER (GB)",2016,GELDING,"Paul Midgley",T:41,T:66,T:71,A:70,A:55,A:52
"GLORY HIGHTS (GB)",2016,GELDING,"Chris Grant",H:71,H:85,H:86,H:85,H:71,S:0
"GLORY HYDE (IRE)",2021,FILLY,"Roger Fell",T:68,T:62,T:67,T:44,A:58,T:49
"GLORY OF THE SEAS (GB)",2023,GELDING,"Roger Varian",T:x,T:x,A:x,-,-,-
"GLORYOUS (IRE)",2022,FILLY,"Jamie Osborne",T:75,T:83,T:79,T:54,T:83,T:74
"GLOWCHESTER (GB)",2021,FILLY,"Ivan Furtado",T:x,A:x,T:x,T:x,T:x,-
"GLYNN BRAE (IRE)",2020,GELDING,"Nigel & Willy Twiston-Davies",H:136,H:127,H:116,H:114,H:132,H:122
"GMS PRINCE (GB)",2015,GELDING,"Sarah Hollinshead",H:88,H:87,H:87,H:88,H:89,H:87
"GNOCCHI (IRE)",2023,FILLY,"James Horton",T:20,A:59,A:58,T:0,A:x,T:x
"GNOMON (GB)",2021,GELDING,"Toby Lawes",H:123,H:x,H:x,H:x,H:x,T:85
"GO DANTE (GB)",2016,GELDING,"Olly Murphy",H:124,H:117,H:0,H:114,H:132,H:88
"GO FOR GOLD (GB)",2023,FILLY,"Jonathan Portman",T:0,A:x,A:x,T:x,-,-
"GO KYLIE GO (GB)",2023,FILLY,,A:x,T:x,T:x,-,-,-
"GO LOCKERS GO (GB)",2023,GELDING,"Michael Bell",T:69,T:69,A:64,A:58,T:x,T:x
"GO ON CHEZ (GB)",2016,GELDING,"F. A. Hutsby",H:117,H:58,H:100,S:116,S:100,H:127
"GO ON ROSIE (IRE)",2022,FILLY,,T:42,A:57,A:52,T:31,T:62,T:35
"GO RIMBAUD (GB)",2023,COLT,"John & Thady Gosden",T:76,A:x,A:x,A:x,T:x,-
"GO SACRE GO (FR)",2016,GELDING,"Mrs S. Alner",H:0,H:0,H:111,H:x,H:103,H:97
"GO TEEJAY (GB)",2023,GELDING,"Craig Lidster",T:10,T:42,T:x,A:x,T:x,-
"GO TO WAR (IRE)",2018,GELDING,,H:127,H:99,H:126,S:0,S:109,H:0
"GO TRY (GB)",2019,GELDING,"Robbie Llewellyn",H:x,H:x,H:x,-,-,-
"GO VICTOR (IRE)",2023,GELDING,"Tony Culhane & Stella Barclay",T:11,A:25,T:8,T:40,T:66,T:42
"GO VINCE GO (IRE)",2023,GELDING,"Tim Easterby",T:85,T:85,T:77,T:79,T:85,T:87
"GO WEST (IRE)",2018,GELDING,,S:136,S:87,S:138,S:93,S:138,S:133
"GOAL LINE (IRE)",2022,GELDING,"Ivan Furtado",T:40,A:49,A:x,T:x,T:x,-
"GOBLET OF FIRE (GB)",2020,GELDING,"Nicky Henderson",T:90,A:79,H:90,A:83,H:118,T:80
"GOD OF FIRE (IRE)",2020,GELDING,"Jonjo & A.J. O'Neill",H:x,H:x,A:76,A:75,T:87,T:86
"GOD OF WAR (GB)",2022,GELDING,"Tom Clover",T:91,T:80,A:88,A:91,T:84,T:96
"GODOT (IRE)",2017,GELDING,"Andy Irvine",H:95,H:94,H:87,S:0,H:0,H:102
"GODSTONE (FR)",2022,GELDING,,T:22,A:42,T:16,T:43,A:43,A:x
"GODWINSON (GB)",2020,GELDING,"Jack Channon",T:90,T:93,T:97,A:104,T:98,T:80
"GOGO YUBARI (GB)",2021,FILLY,"Tony Carroll",A:65,A:67,A:63,A:67,A:62,A:69
"GOGUENARD (FR)",2016,GELDING,,S:51,H:0,H:66,H:56,H:66,H:81
"GOING COMMANDO (IRE)",2023,GELDING,,T:52,T:x,A:55,T:x,T:62,T:x
"GOLAN LOOP (IRE)",2020,GELDING,"Warren Greatrex",S:74,S:115,S:0,S:120,S:120,H:x
"GOLBORNE (GB)",2022,GELDING,,A:37,A:x,A:x,T:x,-,-
"GOLD CAST (FR)",2022,FILLY,"Paul Nicholls",H:x,H:0,-,-,-,-
"GOLD CLERMONT (FR)",2016,FILLY,"Andy Irvine",S:0,S:107,H:95,S:0,S:100,S:106
"GOLD DIGGER (IRE)",2023,FILLY,"Richard Spencer",T:94,T:x,-,-,-,-
"GOLD EMERY (FR)",2016,GELDING,"Donald McCain",S:99,S:106,S:106,S:106,S:94,S:100
"GOLD FOR ALEC (FR)",2020,GELDING,"Tom Symonds",H:117,H:115,H:107,H:0,S:0,S:76
"GOLD IN THE RIVERS (IRE)",2019,GELDING,"David Pipe",H:106,H:116,S:0,S:100,S:116,H:111
"GOLD LINK (FR)",2016,GELDING,"Emma Lavelle",H:0,H:48,H:109,H:83,H:106,H:106
"GOLD PENNY (GB)",2022,FILLY,,A:64,A:x,A:63,T:65,A:x,A:x
"GOLD QUEEN KINDLY (IRE)",2023,GELDING,"Roger Fell",T:84,T:84,A:84,A:75,A:66,T:87
"GOLD RING (GB)",2017,GELDING,"Neil Mechie",H:45,H:12,H:0,H:56,H:0,T:0
"GOLD STAR GAZING (IRE)",2023,GELDING,"James Fanshawe",A:x,A:x,A:x,-,-,-
"GOLD STAR HERO (IRE)",2022,GELDING,"Michael Bell",A:96,A:88,A:83,T:66,A:79,T:74
"GOLDEN ACE (GB)",2018,FILLY,"Jeremy Scott",H:150,H:150,H:146,H:148,H:118,H:152
"GOLDEN BROWN (IRE)",2023,GELDING,"Ed Walker",T:x,A:x,T:86,T:73,T:81,T:77
"GOLDEN CIRCET (IRE)",2020,GELDING,"Jim & Suzi Best",T:73,A:69,H:87,A:70,A:75,H:x
"GOLDEN CONQUEROR (GB)",2023,COLT,"Roger Varian",A:x,A:x,A:x,-,-,-
"GOLDEN DOVE (GB)",2018,FILLY,"Dan Horsford",H:0,A:52,A:60,H:91,A:65,A:64
"GOLDEN DUKE (IRE)",2019,GELDING,,A:43,A:52,T:37,T:37,T:43,T:55
"GOLDEN FALLS (IRE)",2022,FILLY,"Lucy Wadham",H:116,H:110,H:98,H:104,-,-
"GOLDEN FLAME (IRE)",2018,GELDING,"Thomas Faulkner",T:61,A:7,A:53,A:63,T:64,T:70
"GOLDEN GARDEN (USA)",2022,GELDING,"Warren Greatrex",T:58,T:66,H:x,H:65,A:67,A:70
"GOLDEN GLANCE (GB)",2019,FILLY,"Oliver Greenall & Josh Guerriero",H:87,H:50,H:84,H:80,H:112,H:107
"GOLDEN HANDSHAKE (GB)",2022,GELDING,,T:80,T:66,T:86,M:x,T:x,T:x
"GOLDEN HAVANA (IRE)",2023,GELDING,"Michael Dods",A:56,A:63,A:35,A:62,A:58,A:44
"GOLDEN HORSE (IRE)",2022,GELDING,"William Haggas",T:76,T:x,T:x,T:x,-,-
"GOLDEN IDENTITY (GB)",2019,GELDING,"Tim Vaughan",H:0,H:94,H:102,H:102,H:87,H:x
"GOLDEN KNIGHT (IRE)",2023,COLT,"Ed Walker",T:87,T:x,T:x,-,-,-
"GOLDEN LONG (AUS)",2020,GELDING,"Lemos De Souza",T:80,T:71,A:72,-,-,-
"GOLDEN MABEL (GB)",2023,FILLY,"Lisa Williamson",T:x,A:44,A:x,T:x,A:x,-
"GOLDEN MILLIE (GB)",2018,FILLY,,S:57,S:84,H:64,H:73,H:x,H:x
"GOLDEN MIND (IRE)",2021,GELDING,"Richard & Peter Fahey",T:103,T:103,A:72,T:102,T:78,A:94
"GOLDEN MUSE (GB)",2023,FILLY,"Marco Botti",T:80,A:x,A:x,A:x,-,-
"GOLDEN ORBIT (GB)",2023,FILLY,"Ralph Beckett",T:86,T:x,-,-,-,-
"GOLDEN PALACE (GB)",2023,FILLY,"Richard & Peter Fahey",T:93,T:86,T:99,T:66,T:x,T:x
"GOLDEN PATH (FR)",2021,FILLY,,H:0,H:89,H:70,H:x,A:x,A:x
"GOLDEN PHARAOH (IRE)",2021,GELDING,"Scott Dixon",A:72,A:62,A:36,A:62,A:78,A:77
"GOLDEN PHASE (GB)",2020,FILLY,"Denis Coakley",A:45,T:65,T:67,T:59,T:63,T:56
"GOLDEN POINT (FR)",2019,FILLY,"Lucinda Russell & Michael Scudamore",S:0,S:119,S:111,S:100,H:x,H:106
"GOLDEN PRINCE (IRE)",2021,GELDING,"Christian Williams",H:100,H:x,H:x,H:x,N:x,-
"GOLDEN PROSPERITY (IRE)",2019,GELDING,"Tony Coyle & Kaine Wood",T:23,T:45,T:42,T:37,T:55,A:25
"GOLDEN RAINBOW (GB)",2019,GELDING,,A:38,A:50,A:44,T:1,T:42,T:19
"GOLDEN REDEMPTION (USA)",2022,COLT,"Andrew Balding",T:79,T:84,A:80,T:81,T:82,T:x
"GOLDEN SAMBA (GB)",2022,FILLY,"Ed de Giles",T:45,T:36,A:36,T:42,T:x,T:x
"GOLDEN SICKLE (SAF)",2020,FILLY,"George Boughey",A:71,A:45,-,-,-,-
"GOLDEN SON (FR)",2018,GELDING,,H:135,H:119,H:128,H:123,H:132,S:119
"GOLDEN STORY (IRE)",2023,COLT,"K. R. Burke",T:102,T:97,T:x,-,-,-
"GOLDEN STRIKE (IRE)",2021,GELDING,"Richard & Peter Fahey",T:75,T:54,A:72,A:72,A:70,A:60
"GOLDEN THORN (IRE)",2022,FILLY,,A:67,A:73,T:72,T:66,T:67,A:68
"GOLDEN VALOUR (GB)",2016,GELDING,"R. Mike Smith",T:48,T:45,A:44,T:33,T:31,T:49
"GOLDEN VIEW (GB)",2023,COLT,"Charlie Appleby",A:95,A:x,-,-,-,-
"GOLDENSTATEOFMIND (IRE)",2023,GELDING,"David Loughnane",A:x,T:x,T:x,-,-,-
"GOLDFINDER (GB)",2023,GELDING,"Patrick Chamings",A:54,A:x,A:x,A:x,-,-
"GOLDIE BEAR (IRE)",2023,FILLY,,T:70,T:70,T:x,T:x,T:x,T:x
"GOLDIE TRICKETT (IRE)",2022,FILLY,"Jane Chapple-Hyam",A:53,T:58,A:63,A:60,A:x,T:x
"GOLDINTHESEA (IRE)",2023,COLT,"Edward Bethell",A:x,-,-,-,-,-
"GOLDMOYNE (IRE)",2020,GELDING,"James Owen",T:87,T:83,T:75,T:88,A:88,A:85
"GOLDWORK (GB)",2023,GELDING,"Eve Johnson Houghton",T:63,T:78,A:81,T:73,T:61,T:x
"GOLDWYN (IRE)",2017,GELDING,,H:91,H:90,H:93,S:0,H:95,H:x
"GOLLY GOSH (IRE)",2021,GELDING,"Billy Aprahamian",H:68,H:0,H:0,H:x,H:x,H:x
"GOLSPIE (IRE)",2020,GELDING,"Patrick Morris",T:55,T:64,A:63,A:63,A:65,A:51
"GONE COUNTRY (IRE)",2020,GELDING,"Nick Gifford",H:84,H:16,H:50,H:x,H:x,H:x
"GONE IN SIXTY (GB)",2017,GELDING,"Alex Hales",S:72,H:2,S:81,S:81,H:83,S:81
"GONE ROGUE (IRE)",2021,GELDING,"Gary & Josh Moore",T:54,T:63,T:63,T:59,T:60,T:47
"GONE WITH THE TIDE (IRE)",2019,GELDING,"Alison Hamilton",S:0,H:54,H:0,H:0,H:0,H:x
"GONNA FLY (IRE)",2023,COLT,"Ralph Beckett",T:83,T:x,-,-,-,-
"GONNAE NO DAE THAT (FR)",2022,GELDING,,T:21,T:46,T:50,T:57,T:55,A:x
"GONNINO (IRE)",2019,GELDING,,H:71,H:75,H:94,S:72,H:86,H:93
"GOOD BANTER (IRE)",2022,GELDING,"Jennie Candlish",A:x,A:73,A:x,T:x,A:x,T:22
"GOOD BOY BOBBY (IRE)",2013,GELDING,,H:90,S:127,S:0,S:130,S:129,S:111
"GOOD BOY GRIFF (GB)",2021,GELDING,"Gary Hanmer",H:0,H:97,H:x,H:x,H:x,N:x
"GOOD EARTH (IRE)",2017,GELDING,"Michael Herrington",T:65,T:74,A:63,A:68,A:57,A:56
"GOOD FOR YOU (FR)",2021,GELDING,"Mrs Jane Williams",H:x,H:0,H:93,H:73,H:x,H:x
"GOOD FRIDAY FAIRY (IRE)",2017,GELDING,"Ben Clarke",S:110,S:0,S:120,S:122,S:122,S:121
"GOOD GIRL RACHEL (IRE)",2020,FILLY,"Ben Clarke",H:68,H:x,H:x,H:x,-,-
"GOOD HEAVENS (IRE)",2019,GELDING,,T:63,T:83,T:84,T:77,T:74,T:74
"GOOD KARMA (GB)",2020,GELDING,"John David Riches",A:56,T:49,A:59,A:59,A:54,A:49
"GOOD LOOK CHARM (FR)",2016,FILLY,,H:95,H:0,H:97,H:90,H:119,H:92
"GOOD MORNING ALEX (GB)",2021,GELDING,"David & Nicola Barron",T:56,T:64,A:67,A:63,A:62,A:68
"GOOD OLD DAYS (IRE)",2022,FILLY,,A:x,A:x,A:x,T:x,-,-
"GOOD REWARD (IRE)",2022,FILLY,,T:0,A:29,A:14,A:20,A:x,A:x
"GOOD SHOT (GB)",2022,FILLY,,A:20,A:27,A:50,A:48,M:12,T:32
"GOOD SOURCE (IRE)",2017,GELDING,"E. Turner",H:100,H:100,-,-,-,-
"GOOD SPEED (FR)",2022,GELDING,"Gary & Josh Moore",A:60,A:62,A:63,A:68,-,-
"GOOD TO BE ALIVE (IRE)",2021,GELDING,"Olly Murphy",H:0,H:133,H:130,H:126,H:124,H:x
"GOOD WORK (FR)",2016,GELDING,"Oliver Greenall & Josh Guerriero",S:93,S:93,S:85,S:93,S:93,S:0
"GOODNIGHT IRENE (IRE)",2022,FILLY,,A:0,A:38,A:33,A:x,A:x,A:x
"GOODOLDBILL (GB)",2016,GELDING,"Jane Walton",S:82,S:77,S:72,S:0,H:50,H:0
"GOODWIN (IRE)",2018,GELDING,"Chris Gordon",H:119,H:122,H:63,H:66,H:102,H:122
"GOODWIN FACE (FR)",2020,GELDING,"Chris Gordon",H:103,H:99,H:99,H:92,H:65,H:x
"GOODWOOD GALAXY (GB)",2023,COLT,"David Menuisier",T:70,T:72,T:93,T:61,T:104,T:x
"GOOLOOGONG (IRE)",2020,GELDING,"George Baker",A:74,A:75,H:110,H:105,H:122,A:69
"GORCOMBE AND WISE (GB)",2020,GELDING,"Robert Walford",H:82,H:56,H:x,H:x,H:x,-
"GORCOMBE MOONSHINE (GB)",2017,GELDING,"Robert Walford",S:46,S:76,S:77,S:76,S:63,S:67
"GORDON GREY (IRE)",2020,GELDING,"George Baker",T:75,T:89,T:84,T:84,H:x,T:68
"GOREY GOLD (IRE)",2023,GELDING,"Jonathan Portman",A:57,T:65,A:75,A:81,A:65,A:85
"GORGEOUS MR GEORGE (IRE)",2022,GELDING,"Dylan Cunha",T:67,T:71,T:67,T:79,T:79,T:78
"GORVENNEC (FR)",2019,GELDING,"N. W. Alexander",H:0,H:0,S:0,H:x,H:x,H:x
"GOT A DREAM (IRE)",2019,GELDING,"Nicky Martin",H:117,H:111,H:115,H:110,H:x,H:x
"GOT GREY (FR)",2019,GELDING,"James Moffatt",S:110,S:87,S:112,S:105,S:115,H:105
"GOT THE BOOTY (FR)",2023,FILLY,"Tom Ward",T:x,A:x,A:x,A:x,T:x,-
"GOTTHEREINTHEEND (IRE)",2019,FILLY,"Robbie Llewellyn",S:81,S:91,S:106,H:74,H:102,H:91
"GOUKEN (FR)",2023,GELDING,"Ed Walker",T:78,T:76,A:x,A:82,T:82,T:x
"GOWEL ROAD (IRE)",2016,GELDING,"Nigel & Willy Twiston-Davies",H:115,H:147,H:148,H:148,S:123,H:144
"GOWER PRINCE (GB)",2018,GELDING,"Jonjo & A.J. O'Neill",S:95,S:102,H:0,H:76,S:0,S:0
"GOWER SPIRIT (GB)",2020,FILLY,,H:96,H:72,H:94,H:100,H:100,H:88
"GOYARD (IRE)",2022,GELDING,"David O'Meara",T:77,T:75,T:x,T:x,T:x,-
"GOZO (IRE)",2020,GELDING,"Andrew Hamilton",H:0,T:18,H:0,H:0,T:70,A:63
"GRABAJABBA (GB)",2021,COLT,"Michael Appleby",T:68,T:76,A:75,A:71,A:75,A:57
"GRACCHUS DE BALME (FR)",2016,GELDING,"J. J. O'Shea",H:126,H:0,H:0,H:133,H:130,H:134
"GRACE ANGEL (GB)",2020,FILLY,,A:71,A:75,A:78,A:75,T:50,T:65
"GRADUATED (GB)",2022,FILLY,,A:61,A:63,A:35,A:63,T:61,A:63
"GRAECIA (IRE)",2021,FILLY,"Charlie Longsdon",H:78,H:86,H:88,H:101,H:98,H:99
"GRAFFITI (GB)",2019,GELDING,"Gary Brown",T:45,A:53,A:52,A:40,T:51,T:57
"GRAHAM (GB)",2020,GELDING,,H:0,H:65,H:0,T:51,T:55,T:58
"GRAIN D'OUDAIRIES (FR)",2016,GELDING,"Donald McCain",S:129,S:111,S:118,S:129,S:128,S:122
"GRAIN TRADE (GB)",2019,GELDING,"Billy Aprahamian",S:88,S:95,S:90,S:91,S:95,S:0
"GRAND ALBERT (IRE)",2018,GELDING,"Donald McCain",S:89,S:120,S:118,S:115,S:94,S:127
"GRAND CITADEL (IRE)",2021,FILLY,"Micky Fenton",T:56,T:54,T:51,T:49,A:52,A:19
"GRAND CLERMONT (FR)",2016,GELDING,"David Pipe",S:122,S:92,-,-,-,-
"GRAND CONQUEROR (IRE)",2021,GELDING,"Neil Mulholland",H:118,H:117,H:114,H:106,H:100,H:x
"GRAND DUCHESS OLGA (GB)",2020,FILLY,,A:48,A:41,A:61,A:55,A:61,A:30
"GRAND ECHO (IRE)",2023,GELDING,"Mark Usher",T:34,A:37,A:38,A:53,A:46,A:42
"GRAND GARCON (GB)",2020,GELDING,"Paul Nicholls",H:x,H:x,H:x,N:x,-,-
"GRAND GESTE (IRE)",2019,GELDING,"Joel Parkinson & Sue Smith",S:124,S:0,S:134,S:0,S:129,S:118
"GRAND GREY (IRE)",2021,COLT,,T:80,T:92,T:93,T:105,-,-
"GRAND HARBOUR (GB)",2022,GELDING,"Joe Ponting",T:18,T:30,H:x,H:x,A:20,A:43
"GRAND PIER (GB)",2023,GELDING,"Warren Greatrex",T:58,T:3,A:56,A:x,T:x,T:x
"GRAND SABRE (GB)",2019,GELDING,"Nick Gifford",S:0,S:66,S:70,S:47,S:50,S:81
"GRAND TRAVERSE (IRE)",2020,GELDING,"Geoffrey Harker",A:87,A:94,A:89,A:88,A:93,A:95
"GRAND VENDETTA (IRE)",2020,GELDING,"Paul Nicholls",H:x,H:x,H:x,-,-,-
"GRAND VISTA (IRE)",2023,COLT,"William Muir & Chris Grassick",T:x,A:x,T:x,-,-,-
"GRANDAD'S CAP (IRE)",2020,GELDING,"L J Morgan",S:0,S:69,S:105,S:95,H:86,H:x
"GRANDEUR D'AME (FR)",2016,GELDING,,S:0,S:0,S:127,S:91,S:136,S:0
"GRANDLAD (IRE)",2021,GELDING,"James Horton",T:83,A:76,A:69,A:73,A:81,A:62
"GRANGECLARE DIEGO (IRE)",2018,GELDING,"Jonathan Barlow",H:101,H:68,S:0,H:112,H:x,H:x
"GRANGER BAY (IRE)",2021,GELDING,,A:81,T:37,T:92,T:76,T:x,T:x
"GRANNY B (IRE)",2020,FILLY,"Michael Mullineaux",H:0,H:61,H:64,H:59,H:75,H:58
"GRANNY HAWKINS (GB)",2019,FILLY,"Alan King",H:108,H:102,H:96,H:90,H:79,H:88
"GRANPA GER (IRE)",2018,GELDING,"Belinda Clarke",H:x,H:x,H:x,-,-,-
"GRANT WOOD (IRE)",2019,GELDING,"Paul Midgley",T:48,T:82,A:75,A:76,A:84,A:76
"GRAZEON SUNSHINE (GB)",2021,GELDING,"John & Sean Quinn",T:53,T:x,A:x,A:x,N:x,N:x
"GREAT (GB)",2022,GELDING,"Sam England",T:62,T:63,T:63,A:45,A:74,A:71
"GREAT ACCLAIM (GB)",2021,GELDING,"Eve Johnson Houghton",T:100,T:98,T:85,T:88,T:100,T:100
"GREAT BALLINBORIS (FR)",2016,GELDING,,S:23,S:0,S:58,S:76,S:26,S:74
"GREAT BEDWYN (GB)",2020,GELDING,"Richard Hannon",T:86,A:78,A:84,A:75,A:84,A:73
"GREAT BLASKET (IRE)",2020,GELDING,"Dr Richard Newland & Jamie Insole",T:66,A:59,A:59,A:23,A:60,A:68
"GREAT CHIEFTAIN (IRE)",2021,GELDING,"Oliver Cole",T:34,T:86,T:85,T:93,T:89,T:70
"GREAT D'ANGE (FR)",2016,GELDING,"Alexander Gibbons",H:58,S:0,S:0,H:42,S:104,S:65
"GREAT DANCE (FR)",2021,FILLY,"Chester Williams",H:x,H:x,H:x,N:x,N:x,-
"GREAT DAVID (GB)",2022,COLT,"James Tate",T:88,T:78,T:97,T:103,T:100,T:88
"GREAT DREAM (GB)",2022,GELDING,"William Haggas",T:74,T:81,T:74,A:x,A:78,A:x
"GREAT FLEET (IRE)",2020,GELDING,"Dan Skelton",H:x,H:0,H:x,H:x,H:x,H:x
"GREAT MATES (GB)",2022,FILLY,"Marco Botti",A:72,A:76,A:x,T:x,A:x,T:x
"GREAT NAME THAT (IRE)",2017,GELDING,"Nick Scholfield",S:105,H:0,H:x,S:0,S:0,S:98
"GREAT NOTIONS (FR)",2019,GELDING,"Fiona Needham",H:0,S:110,S:0,S:101,S:110,S:114
"GREAT PEPPER (FR)",2018,GELDING,"James Moffatt",S:107,S:0,S:117,S:106,S:0,S:0
"GREAT PROFIT (IRE)",2023,GELDING,"Gary Harrison",T:x,T:x,T:x,T:x,-,-
"GREAT RAFFLES (FR)",2016,GELDING,,S:0,S:0,S:49,S:55,S:68,S:56
"GREAT SUCCESS (GB)",2023,GELDING,"Richard & Peter Fahey",T:30,T:27,A:x,A:x,T:x,-
"GREAT VALLEY (FR)",2020,GELDING,"N. Gittins",H:127,H:127,H:77,H:x,H:x,H:x
"GREATBRITISHDREAM (GB)",2022,GELDING,"Charlie Pike",A:51,T:x,A:x,A:x,-,-
"GRECIAN LEGACY (IRE)",2022,GELDING,,A:73,T:73,A:81,T:80,T:68,T:83
"GREEDY SMITH (IRE)",2020,GELDING,,H:62,H:99,H:73,H:0,H:x,H:x
"GREEK GIANT (IRE)",2020,GELDING,,T:55,A:43,T:71,T:68,A:71,A:70
"GREEK ORDER (GB)",2020,GELDING,"Michael Bell",T:89,T:88,T:87,T:88,T:69,T:70
"GREEN ASSET (IRE)",2022,GELDING,"Mickey Bowen",H:101,H:93,H:87,H:88,H:89,H:x
"GREEN BONNET (GB)",2019,FILLY,"Lucinda Russell & Michael Scudamore",H:0,H:90,H:48,H:x,H:x,-
"GREEN BOOK (FR)",2017,GELDING,"Venetia Williams",H:117,H:91,H:0,H:139,H:124,H:138
"GREEN CAPE (FR)",2022,GELDING,"Simon & Ed Crisford",-,-,-,-,-,-
"GREEN DAME (IRE)",2023,FILLY,,A:x,A:74,A:75,A:74,T:x,T:x
"GREEN FALCON (GB)",2023,COLT,"David Menuisier",A:72,T:x,T:x,T:x,-,-
"GREEN PURSUIT (IRE)",2022,GELDING,"Seb Spencer",T:71,T:70,T:60,T:66,T:77,T:69
"GREEN SKY (IRE)",2020,FILLY,"Rod Millman",H:73,H:41,H:98,A:59,A:69,H:89
"GREEN TEAM (FR)",2019,GELDING,"Nick Littmoden",A:65,A:61,A:55,A:62,A:56,A:61
"GREEN TRIANGLE (IRE)",2022,GELDING,"Simon & Ed Crisford",T:81,T:74,T:81,-,-,-
"GREEN VALENTINE (IRE)",2021,FILLY,"Damien Wingrove",A:36,A:40,A:35,A:35,A:46,A:0
"GREENWAYS (IRE)",2019,GELDING,,S:0,S:60,S:23,S:0,S:0,H:12
"GREER HILL (IRE)",2021,GELDING,"Jennie Candlish",H:59,H:0,H:0,H:x,H:x,H:x
"GREGORIANS STAR (IRE)",2021,GELDING,"Sheena West",H:77,H:91,H:70,T:44,T:0,T:49
"GRENADIER JED (GB)",2020,GELDING,"Robert Walford",H:120,H:118,H:0,H:116,H:103,H:93
"GRENHAM BAY (IRE)",2020,GELDING,,T:70,T:38,A:57,T:67,A:64,A:70
"GRESSINGTON (IRE)",2021,GELDING,"Katie Scott",T:57,T:62,A:69,A:52,A:61,A:78
"GRETNA DREAMS (IRE)",2022,FILLY,"Stuart Williams",A:48,A:56,T:64,T:61,T:52,T:35
"GREY CUBAN (GB)",2021,GELDING,"Hugo Palmer",T:74,T:107,T:107,T:104,T:74,T:59
"GREY D'ALCO (FR)",2017,GELDING,"Richard Rowe",H:0,H:0,H:43,S:0,S:0,S:0
"GREY DAWNING (IRE)",2017,GELDING,"Dan Skelton",S:166,S:161,S:159,S:166,S:166,S:156
"GREY DIAMOND (FR)",2014,GELDING,,S:89,S:68,S:108,S:101,S:114,H:80
"GREY FORCE (IRE)",2023,COLT,"Charlie Johnston",A:28,T:60,A:x,A:x,A:x,-
"GREY FOX (IRE)",2017,GELDING,"Emma Lavelle",T:34,T:70,A:65,A:71,A:68,A:67
"GREY HORIZON (GB)",2023,COLT,"Scott Dixon",T:74,T:71,T:54,T:45,A:72,A:66
"GREY JAGUAR (IRE)",2022,COLT,,A:x,A:x,T:x,T:x,-,-
"GREY PHOENIX (IRE)",2022,FILLY,,A:52,A:46,A:52,T:51,A:65,T:x
"GREY SANDS (IRE)",2023,COLT,"Kim Bailey & Mat Nicholls",T:35,A:59,A:61,-,-,-
"GREY SELKIE (GB)",2022,FILLY,,A:49,A:48,A:37,T:46,A:47,T:x
"GREY SKIES (IRE)",2016,GELDING,,H:47,H:74,H:25,H:76,H:106,H:106
"GREY SOUL (IRE)",2022,GELDING,"Dan Horsford",A:69,A:71,A:64,A:61,T:x,A:x
"GREY'S MONUMENT (GB)",2020,GELDING,"Rebecca Menzies",T:100,T:100,T:88,A:95,T:89,T:86
"GREYVAL (FR)",2019,FILLY,,H:106,H:112,H:117,S:102,S:111,H:123
"GRILLON DE MONTY (FR)",2015,GELDING,"Stephen Allen",S:100,H:41,S:98,S:102,H:85,S:96
"GRIMESE'S SPECIAL (IRE)",2023,FILLY,"J. S. Moore",T:13,A:12,A:25,T:x,T:x,-
"GRINDLETON (GB)",2023,GELDING,"Daniel & Claire Kubler",T:59,T:57,T:x,T:x,A:x,-
"GRIS DE CHINE (GB)",2023,FILLY,"Zoe Hawkins",A:x,A:x,A:x,-,-,-
"GRIS MAJEUR (FR)",2017,GELDING,"Sheila Lewis",S:117,S:112,S:112,S:113,S:113,S:113
"GRISELDA (IRE)",2022,FILLY,"Henrietta C Knight",T:24,T:16,A:46,A:45,A:40,A:40
"GRIZEDALE (GB)",2022,GELDING,"Daniel & Claire Kubler",T:74,T:85,A:x,A:x,A:x,-
"GRIZZIEBLANCA (IRE)",2022,FILLY,,T:30,T:41,A:53,T:53,T:45,T:19
"GROOM DE COTTE (FR)",2016,GELDING,"Gary Brown",H:28,H:96,S:97,H:99,H:95,S:57
"GROOVY BLUE (GB)",2019,GELDING,,S:0,S:112,H:106,H:x,H:x,H:x
"GROUNDSMAN (IRE)",2022,GELDING,"Mark Loughnane",T:44,A:62,A:56,A:61,A:64,A:59
"GROVELY BELLE (IRE)",2021,FILLY,,A:0,T:44,T:50,T:49,T:47,T:29
"GROWN UPS (IRE)",2022,FILLY,,A:0,A:7,-,-,-,-
"GROZNI (FR)",2016,GELDING,"Sandy Thomson",S:123,S:126,S:116,S:117,S:124,S:122
"GUARANTEE (GB)",2023,GELDING,,T:x,T:x,A:x,-,-,-
"GUARD DUTY (GB)",2017,GELDING,"Emma Lavelle",H:129,H:141,H:139,H:139,H:117,H:134
"GUARD THE MOON (GB)",2018,GELDING,"Nigel & Willy Twiston-Davies",S:0,S:137,S:0,S:133,H:126,H:0
"GUARD YOUR DREAMS (GB)",2016,GELDING,"Nigel & Willy Twiston-Davies",S:139,S:0,S:141,S:134,S:0,S:123
"GUARDAMI ANCORA (FR)",2021,GELDING,"Mrs C. Williams",H:x,H:x,H:x,H:x,H:x,H:x
"GUCHEN (FR)",2020,GELDING,"Kim Bailey & Mat Nicholls",H:103,H:122,H:116,H:105,H:106,H:95
"GUENDOLEN (GB)",2021,FILLY,"Harry Eustace",A:54,T:55,T:52,T:61,T:51,T:57
"GUERNESEY (FR)",2016,GELDING,"Jackie Stephen",H:86,H:84,H:98,H:97,H:97,H:95
"GUERNSEY ANGEL (GB)",2023,FILLY,"David Evans",T:52,T:58,A:69,A:68,A:59,A:75
"GUERNSEY LADY (IRE)",2023,FILLY,"David Evans",T:69,A:58,A:66,A:73,T:57,T:58
"GUESSTIMATE (GB)",2023,FILLY,"William Haggas",T:x,A:x,A:x,A:x,T:x,-
"GUEST HOUSE (IRE)",2023,GELDING,"George Margarson",T:57,T:62,T:56,T:x,T:x,T:x
"GUET APENS (GB)",2020,GELDING,"Oliver Greenall & Josh Guerriero",H:118,H:111,H:x,H:x,-,-
"GUILDMASTER (IRE)",2023,COLT,"John & Thady Gosden",T:100,T:x,A:x,-,-,-
"GUILTY VERDICT (GB)",2023,COLT,"Jim Boyle",T:x,T:x,T:x,-,-,-
"GUINNESS LAD (IRE)",2020,GELDING,"Neil Mulholland",T:49,A:41,A:42,A:47,A:49,T:0
"GUITAR SOLO (GB)",2023,FILLY,"Richard Hannon",T:x,T:x,T:x,-,-,-
"GUITEAU (IRE)",2020,GELDING,,A:21,T:47,T:12,T:62,A:53,T:41
"GULF COAST HIGHWAY (IRE)",2021,GELDING,"Neil Mulholland",H:x,H:x,H:73,-,-,-
"GULLANE GIRL (IRE)",2023,FILLY,,T:45,T:34,A:5,T:55,T:58,A:49
"GUNALT WAVELENGTH (GB)",2023,FILLY,"Michael & David Easterby",T:61,T:58,A:0,T:57,T:58,T:60
"GUNDOGAN (GB)",2021,GELDING,"Tony Carroll",A:51,A:47,A:50,A:42,A:54,A:50
"GUNFIGHTER (IRE)",2021,GELDING,"John Butler",A:60,T:29,T:51,T:73,T:45,T:55
"GUNLOCK (USA)",2020,GELDING,"Ross Burdon",A:65,A:68,A:77,A:78,A:59,A:76
"GUNSHIP (IRE)",2022,GELDING,,T:80,T:74,T:80,A:87,T:83,A:x
"GUNSIGHT RIDGE (GB)",2015,GELDING,"Mike Sowersby",S:129,S:125,S:124,S:130,S:129,S:145
"GUSTAPOF (FR)",2021,GELDING,"Rebecca Curtis",H:89,H:87,H:86,H:100,H:0,-
"GUSTAV GRAVES (GB)",2018,GELDING,"Derek Shaw",A:46,A:50,A:57,A:53,A:52,A:54
"GUSTAVIAN (IRE)",2015,GELDING,"Anthony Honeyball",S:118,S:134,S:134,S:135,S:101,S:127
"GUSTAVO GOODWAY (IRE)",2018,GELDING,"Joanne Foster",H:0,H:0,H:0,H:0,-,-
"GUTS AND GLORY (GB)",2022,FILLY,"Clive Boultbee-Brooks",H:x,H:x,H:x,-,-,-
"GUY (IRE)",2015,GELDING,"Mrs Mary Cookson",H:95,H:114,H:96,H:62,H:87,S:101
"GWASH (IRE)",2019,GELDING,"Fergal O'Brien",H:90,S:83,H:91,H:102,H:115,H:111
"GWEEDORE (GB)",2017,GELDING,"Katie Scott",T:71,T:67,T:75,T:90,T:79,T:83
"GWEN JOHN (IRE)",2023,FILLY,,T:82,T:76,T:82,T:x,T:x,T:x
"GWEN TENNYSON (IRE)",2023,FILLY,"Gemma Tutty",T:x,A:x,A:x,-,-,-
"GWEN'S GIRL (GB)",2023,FILLY,"Mark Walford",T:45,T:53,T:x,A:x,T:x,-
"GWENNIE MAY BOY (IRE)",2018,GELDING,"Christian Williams",H:0,H:131,H:123,H:102,H:148,H:139
"GWENNIE MAY JEM (FR)",2020,GELDING,"Christian Williams",S:0,S:101,S:0,S:63,S:73,S:87
"GWENNIE MAY STAR (FR)",2020,GELDING,"Christian Williams",H:73,H:115,H:112,H:0,H:115,H:103
"GYENYAME (GB)",2018,GELDING,"Joe Tizzard",S:119,S:117,S:100,S:117,S:112,S:115
"GYPSY NATION (IRE)",2020,GELDING,,A:35,A:25,T:11,A:26,T:33,T:51
"H KEY LAILS (GB)",2020,GELDING,"Michael Attwater",A:69,A:68,A:69,A:67,A:67,A:68
"HAADERR (GB)",2023,COLT,"Edward Bethell",A:x,T:x,T:x,-,-,-
"HAAF A DIAMOND (GB)",2020,FILLY,"Kevin & Lauren Frost",A:33,T:44,A:18,A:47,A:39,T:31
"HAARAR (GB)",2019,GELDING,"Sam England",T:65,H:110,H:107,H:95,H:120,H:111
"HAAS BOY (FR)",2017,GELDING,"Chester Williams",S:119,S:117,S:95,H:113,H:112,H:110
"HAATEM (IRE)",2021,COLT,"Richard Hannon",T:101,T:102,T:111,T:112,T:100,T:115
"HAAYIMM (IRE)",2023,GELDING,"Edward Bethell",T:x,T:x,T:x,-,-,-
"HABARI (IRE)",2022,GELDING,"Daragh Bourke",T:35,T:47,T:27,A:9,-,-
"HABOOBA (USA)",2020,FILLY,,A:88,T:57,T:87,T:90,A:85,A:76
"HABRDI (IRE)",2021,GELDING,"Ruth Carr",T:62,T:63,T:55,A:55,A:64,A:64
"HACHIMAN (GB)",2022,GELDING,"Ruth Carr",T:55,A:45,A:36,A:61,T:65,T:23
"HACKNEY DIAMONDS (GB)",2022,FILLY,,T:48,A:61,A:57,A:60,A:51,A:59
"HACKNEY HILL (IRE)",2018,GELDING,,H:47,-,-,-,-,-
"HADDEX DES OBEAUX (FR)",2017,GELDING,"Donald McCain",S:134,S:141,S:0,S:160,S:151,S:146
"HADDIAH (GB)",2023,FILLY,,A:63,A:x,A:x,A:x,-,-
"HAFEET ALAIN (IRE)",2016,GELDING,,T:82,T:98,A:75,A:92,T:94,T:95
"HAIRY POTTER (IRE)",2020,GELDING,,H:53,H:69,H:x,H:x,H:x,N:x
"HAITI COULEURS (FR)",2017,GELDING,"Rebecca Curtis",S:113,S:0,S:165,S:160,S:0,H:150
"HAJEY (GB)",2017,GELDING,"Tracy Waggott",H:94,H:108,H:100,H:107,H:106,H:74
"HAKIN ADRAAR (GB)",2023,GELDING,"Martin Dunne",A:57,A:27,T:x,A:x,A:x,-
"HAKU (IRE)",2019,GELDING,"Mark Loughnane",A:86,A:94,A:96,A:91,A:91,A:93
"HALE END (IRE)",2020,GELDING,"Michael Dods",T:76,T:75,T:75,A:72,A:73,A:74
"HALF PINT DAISY (IRE)",2019,FILLY,"Clive Boultbee-Brooks",H:75,H:75,H:51,H:57,H:60,H:41
"HALF SOVEREIGN (FR)",2023,FILLY,"K. R. Burke",T:75,T:85,T:92,T:90,T:x,T:x
"HALF TRACK (IRE)",2016,GELDING,"N. W. Alexander",H:0,H:87,H:0,H:86,S:65,S:97
"HALFTHEWORLDAWAY (IRE)",2021,FILLY,"Oliver Greenall & Josh Guerriero",H:x,H:x,H:x,H:x,N:x,-
"HALFWAY HOUSE LAD (GB)",2019,GELDING,"James Moffatt",S:89,S:85,S:40,S:49,S:54,S:70
"HALL LANE (IRE)",2018,GELDING,"Fergal O'Brien",S:100,S:100,S:100,S:73,S:80,S:105
"HALLA BIL ZAIN (IRE)",2023,GELDING,,T:51,T:23,T:x,A:73,A:68,T:73
"HALLANDALE BEACH (GB)",2023,COLT,"Kevin Philippart de Foy",T:63,T:x,A:x,A:x,-,-
"HALLELUJAH U (GB)",2022,GELDING,"James Owen",H:77,T:95,T:98,T:104,T:81,T:80
"HALLO SPACEBOY (GB)",2023,COLT,"Ed Walker",T:82,A:77,A:x,T:x,T:x,-
"HALLOWED TIME (IRE)",2018,GELDING,,A:41,A:40,A:45,A:46,A:47,A:51
"HALPHA SOLEIL (FR)",2017,GELDING,"Micky Hammond",S:75,S:94,S:84,S:91,S:95,S:90
"HALTONWOOD (IRE)",2023,GELDING,"Ivan Furtado",T:60,T:x,A:x,A:x,-,-
"HAMADHAN (IRE)",2022,COLT,"Jennie Candlish",T:x,T:71,T:74,-,-,-
"HAMALEEL (GB)",2023,FILLY,"Archie Watson",A:67,A:62,A:67,A:67,A:51,A:67
"HAMDA'S JOY (IRE)",2023,FILLY,"Tom Clover",A:x,A:x,A:x,A:x,-,-
"HAMDANI CRUISER (USA)",2022,GELDING,,A:36,A:50,A:0,A:44,A:54,T:38
"HAMISH (GB)",2016,GELDING,"William Haggas",T:117,T:103,T:112,T:111,A:102,T:93
"HAMISH LEEK (GB)",2023,GELDING,,A:36,A:50,A:40,A:x,A:x,A:x
"HAMLET'S NIGHT (IRE)",2021,GELDING,"James Owen",H:113,T:80,H:130,H:98,A:80,H:130
"HAMMAL (IRE)",2021,GELDING,"Max Young",T:47,A:x,A:x,A:x,-,-
"HAMMER THE HAMMER (IRE)",2022,COLT,"Kevin Ryan",T:85,T:99,T:104,T:94,T:104,T:99
"HAND OF GOD (GB)",2021,GELDING,"Harry Charlton",T:101,T:92,T:86,T:97,T:89,T:102
"HANDIN MANYPOCKETS (IRE)",2021,GELDING,"Syd Hosie",S:114,S:101,H:99,H:x,H:x,-
"HANDLE WITH CARE (GB)",2022,FILLY,"Marco Botti",A:76,A:71,A:72,A:73,A:74,A:60
"HANDMEDOWNASTAR (IRE)",2020,GELDING,"Seamus Mullins",H:x,H:x,H:x,-,-,-
"HANDSTANDS (IRE)",2019,GELDING,"Ben Pauling",S:0,S:153,S:147,S:149,S:0,S:157
"HANG IN THERE (IRE)",2014,GELDING,"Emma Lavelle",S:146,S:114,S:149,S:137,S:152,S:143
"HANG ON (IRE)",2019,GELDING,"Joel Parkinson & Sue Smith",H:84,H:86,H:x,H:x,H:x,N:x
"HANKELOW (IRE)",2023,COLT,"K. R. Burke",T:107,T:102,T:x,-,-,-
"HANNAH'S RETURN (GB)",2019,FILLY,,A:36,A:47,A:43,A:32,A:25,A:46
"HANNAHS STORY (IRE)",2021,FILLY,,A:0,A:15,A:19,A:0,A:0,H:x
"HANNEY GIRL (GB)",2023,FILLY,"Tim Easterby",T:69,T:77,T:75,T:73,T:78,T:81
"HANNIBAL BOGAN (GB)",2018,GELDING,"Mrs N. Frost",H:x,H:x,H:x,-,-,-
"HANS LIPPERSHEY (GB)",2021,GELDING,"Ben Case",H:89,H:x,H:89,H:x,H:x,H:x
"HANSTEEN (GB)",2023,GELDING,"John & Sean Quinn",T:x,T:x,T:x,-,-,-
"HAPPIER (IRE)",2020,FILLY,"Martin Keighley",A:54,A:55,T:23,T:54,T:54,T:46
"HAPPY AND FINE (FR)",2017,GELDING,"Alex Hales",S:119,S:0,S:0,S:0,S:121,S:97
"HAPPY BANNER (IRE)",2022,GELDING,"Ed Walker",T:73,T:72,A:73,A:69,A:63,T:64
"HAPPY CHANDLER (GB)",2021,GELDING,"Michael Blake",T:58,T:56,T:54,T:48,A:47,A:45
"HAPPY HAPPY (IRE)",2022,FILLY,,A:0,T:2,T:x,A:x,T:x,-
"HAPPY RETURNS (GB)",2017,FILLY,,H:81,H:0,H:66,H:84,H:74,H:64
"HAPPY TO FLY (GER)",2022,FILLY,,A:42,A:61,T:63,A:68,A:67,A:x
"HARB (GB)",2019,GELDING,"Tristan Davidson",T:66,T:50,T:45,A:45,A:64,A:64
"HARBOUR ISLAND (FR)",2019,GELDING,"Olly Murphy",H:x,H:x,H:x,H:x,H:x,N:x
"HARBOUR LAKE (IRE)",2016,GELDING,"Alan King",H:132,H:140,H:137,H:0,H:144,H:140
"HARBOUR LIGHT (GB)",2021,GELDING,"Nigel & Willy Twiston-Davies",H:105,H:100,H:91,H:x,H:x,H:x
"HARBOUR OF GRACE (FR)",2017,FILLY,,A:x,A:x,-,-,-,-
"HARBOUR VISION (GB)",2015,GELDING,"Scott Dixon",A:52,A:49,A:54,A:45,A:21,A:67
"HARD DEALT (IRE)",2020,FILLY,,H:113,H:114,H:112,H:92,H:108,H:110
"HARD ENDEAVOR (FR)",2022,COLT,"Jane Chapple-Hyam",T:73,A:x,T:x,T:x,-,-
"HARD NUT (IRE)",2017,GELDING,"Linda Perratt",T:0,T:28,T:37,T:22,T:25,T:40
"HARD STARE (GB)",2020,GELDING,"Anthony Honeyball",H:82,H:76,H:x,H:x,H:x,N:x
"HARD TO BELIEVE (IRE)",2023,GELDING,"Andrew Balding",T:73,A:x,T:x,T:x,-,-
"HARDLASS (GB)",2022,FILLY,"Joe Ponting",T:0,T:12,T:31,T:26,T:49,T:19
"HARDLY SURPRISING (IRE)",2021,GELDING,,H:x,H:x,H:x,H:x,-,-
"HARDSTYLE (IRE)",2023,GELDING,,A:72,A:74,A:74,A:50,A:69,A:68
"HARDY BUCK (IRE)",2018,GELDING,"Max Comley",S:0,S:69,H:66,H:81,H:0,H:56
"HARDY DU SEUIL (FR)",2017,GELDING,"Jamie Snowden",S:84,S:126,S:127,S:124,H:97,H:128
"HARDY'S HERO (GB)",2023,GELDING,"William Haggas",T:80,T:81,T:74,T:x,T:x,T:x
"HAREL DU MARAIS (FR)",2017,GELDING,"Charles & Adam Pogson",S:71,S:90,S:110,H:79,H:103,S:91
"HARES BREDTH (GB)",2023,GELDING,"Tim Easterby",T:33,T:53,T:39,T:53,T:x,T:x
"HARKSMAN (GB)",2020,GELDING,"Martin Keighley",S:50,H:73,H:44,H:57,H:x,H:x
"HARLEQUIN ANGEL (IRE)",2023,FILLY,"Jane Chapple-Hyam",T:87,T:33,T:81,T:x,A:x,T:x
"HARLEQUIN BAY (GB)",2023,COLT,"Richard & Peter Fahey",T:3,A:x,A:x,A:x,T:x,-
"HARLEQUIN BREEZE (IRE)",2023,FILLY,"Jane Chapple-Hyam",T:x,T:83,T:84,T:x,T:x,T:x
"HARLEY'S PRIDE (IRE)",2020,FILLY,"Nick Scholfield",H:88,H:75,H:87,H:x,H:x,H:x
"HARLINGTON (FR)",2021,GELDING,"Charlie Clover",T:69,A:71,A:73,A:70,A:69,A:62
"HARMONISED (GB)",2023,FILLY,,A:x,A:x,A:x,-,-,-
"HARMONY HEIGHTS (IRE)",2019,FILLY,"Fergal O'Brien",H:109,H:97,H:106,H:x,H:x,N:x
"HARPER'S BROOK (IRE)",2016,GELDING,,S:87,S:121,S:131,S:107,S:104,S:0
"HARPSICHORD (GB)",2022,FILLY,,T:52,T:64,A:81,T:75,T:82,A:x
"HARRIET QUIMBY (IRE)",2023,FILLY,"Simon & Ed Crisford",T:62,T:x,A:x,T:x,-,-
"HARRY BRIGHT (IRE)",2020,GELDING,,H:107,H:95,H:103,H:96,H:x,H:x
"HARRY BROWN (GB)",2020,GELDING,"Peter Crate",T:56,A:43,A:48,A:48,A:55,A:59
"HARRY DON'T BITE (GB)",2021,GELDING,"Camilla Poulton",A:39,A:40,A:x,A:x,A:x,-
"HARRY JUNIOR (IRE)",2020,GELDING,"David Pipe",H:92,H:94,H:24,H:89,H:85,H:x
"HARRY LOWES (IRE)",2021,GELDING,,H:128,H:x,H:114,H:x,H:x,-
"HARRY MOLE (GB)",2022,GELDING,"Steph Hollinshead",T:39,T:47,A:x,T:x,A:x,-
"HARRY PALMER (GB)",2022,GELDING,,A:12,T:42,T:41,T:53,T:46,T:45
"HARRY THE HAGGLER (IRE)",2020,GELDING,,A:28,A:46,A:0,A:53,A:41,A:35
"HARRY THE ROGUE (IRE)",2021,GELDING,"Stephen Hanlon",T:67,T:79,A:80,-,-,-
"HARRY WHODEANIE (GB)",2022,GELDING,,T:29,T:x,A:x,T:x,-,-
"HARRY'S HALO (IRE)",2020,GELDING,"Kevin & Lauren Frost",T:70,T:51,A:66,T:66,T:70,T:75
"HARRYELLA (GB)",2022,GELDING,,A:75,A:71,A:65,A:46,A:57,A:58
"HARRYS HOPE (IRE)",2018,FILLY,"Ben Pauling",S:96,S:114,S:114,S:113,S:111,H:94
"HARSH (GB)",2020,GELDING,"Mickey Bowen",S:109,S:0,S:119,H:111,H:110,H:122
"HARSWELL ANGEL (IRE)",2023,GELDING,"Roger Fell",T:60,T:64,T:67,A:72,T:61,T:x
"HARSWELL DUKE (IRE)",2018,GELDING,,A:45,A:44,A:39,A:55,A:55,T:57
"HARSWELL RIVER (IRE)",2023,FILLY,"Roger Fell",T:42,T:50,T:51,T:37,T:50,A:48
"HARSWELL RUBY (IRE)",2022,FILLY,"Roger Fell",T:70,T:72,T:68,T:72,A:64,A:39
"HARTHILL (FR)",2018,FILLY,"David Dennis",S:58,H:55,H:78,H:0,H:50,H:90
"HARTINGTON (IRE)",2019,GELDING,"Joe Tizzard",H:126,H:127,H:89,H:128,H:122,H:120
"HARVANNA (GB)",2021,FILLY,,T:70,T:70,T:86,T:82,T:58,A:86
"HARVEY (FR)",2022,GELDING,"Ian Williams",T:89,A:84,A:79,-,-,-
"HAS TROKE (FR)",2017,GELDING,"Alex Hales",H:78,H:97,H:103,H:102,S:0,S:0
"HASHTAG QUEEN (FR)",2021,FILLY,,H:33,H:x,H:x,H:x,N:x,N:x
"HASHTAGNOTIONS (IRE)",2022,GELDING,"Richard & Peter Fahey",T:44,T:52,T:54,A:58,A:49,A:59
"HASSALEH (IRE)",2023,FILLY,"Charlie Appleby",T:97,T:x,T:x,-,-,-
"HATAMOTO (GB)",2023,GELDING,"Tim Easterby",T:51,T:56,T:x,T:x,T:x,-
"HATOS (FR)",2017,GELDING,"Joe Tizzard",S:86,S:83,S:83,S:85,S:84,H:67
"HATOUR (IRE)",2023,FILLY,"John & Thady Gosden",A:x,A:x,T:x,-,-,-
"HATTEEN (IRE)",2023,COLT,"Andrew Balding",T:x,T:x,T:x,T:x,-,-
"HATYSA (GB)",2022,FILLY,,A:76,A:73,A:77,A:77,A:67,A:72
"HAUNTED DREAM (IRE)",2019,GELDING,"Hamad Al Jehani",T:108,T:92,T:101,T:111,T:86,T:109
"HAUT FOLIN (FR)",2017,GELDING,,S:0,S:0,S:89,S:0,S:0,S:0
"HAVACHOC (GB)",2022,GELDING,"Patrick Morris",A:58,T:58,A:58,A:58,A:57,A:60
"HAVAILA (IRE)",2019,GELDING,"Gary & Josh Moore",S:139,S:135,S:125,S:111,S:120,S:114
"HAVANA BLAST (GB)",2022,GELDING,"James Fanshawe",A:83,A:82,A:76,A:88,A:84,T:72
"HAVANA BLUE (GB)",2020,GELDING,"Julie Camacho",T:78,T:69,A:79,A:81,A:58,T:46
"HAVANA CLUB (GB)",2022,GELDING,"Adrian Wintle",T:46,T:52,T:46,A:45,A:31,A:0
"HAVANA FLOWER (GB)",2023,FILLY,,A:x,T:x,T:x,-,-,-
"HAVANA GILA (GB)",2022,FILLY,,A:47,A:61,A:61,A:57,A:59,T:53
"HAVANA HALO (GB)",2022,FILLY,"Dominic Ffrench Davis",A:35,A:69,T:x,T:x,T:x,-
"HAVANA HURRICANE (GB)",2023,COLT,"Eve Johnson Houghton",T:100,T:100,T:100,T:102,T:94,T:100
"HAVANA JAG (GB)",2023,FILLY,"John Gallagher",A:59,A:60,A:52,A:x,A:60,A:x
"HAVANA JOY (GB)",2022,FILLY,"Charles Hills",T:35,A:39,A:31,A:31,A:x,A:x
"HAVANA MISS (GB)",2021,FILLY,,A:42,A:x,A:x,T:x,-,-
"HAVANA MOJITO (GB)",2021,GELDING,"John Gallagher",T:55,T:48,T:55,A:41,T:54,T:32
"HAVANA PRINCE (GB)",2021,GELDING,"Tony Coyle & Kaine Wood",T:61,T:56,A:76,A:73,T:69,T:75
"HAVANA PUSEY (GB)",2020,FILLY,"John Gallagher",T:96,T:96,T:74,A:84,T:66,T:95
"HAVANA RUM (IRE)",2020,GELDING,"Richard & Peter Fahey",T:60,T:79,T:83,A:72,A:80,A:80
"HAVANA SKY (GB)",2021,GELDING,"Ed Dunlop",A:66,A:45,A:61,A:71,A:10,A:71
"HAVANA SMILE (GB)",2023,GELDING,"Gary & Josh Moore",T:77,A:66,T:74,A:x,T:x,T:x
"HAVANA SONG (IRE)",2023,FILLY,,A:34,A:29,T:x,T:x,A:x,-
"HAVANA TOBOUGGALOO (GB)",2022,FILLY,"Zoe Hawkins",T:47,T:57,A:38,T:43,T:57,T:x
"HAVANA TOUCH (GB)",2021,GELDING,"John Butler",A:67,A:66,A:65,A:53,A:44,A:32
"HAVANA'S DREAM (GB)",2022,FILLY,"Ronald Harris",T:0,T:14,A:0,T:26,T:32,T:21
"HAVANA'S TUNE (GB)",2023,GELDING,,A:x,A:x,A:x,-,-,-
"HAVANAGREATTIME (IRE)",2021,GELDING,"Ruth Carr",A:79,T:70,T:73,T:89,T:79,T:90
"HAVANITA (GB)",2022,FILLY,"Patrick Chamings",T:9,A:32,T:52,A:x,T:x,T:x
"HAVE SECRET (IRE)",2020,GELDING,"Richard & Peter Fahey",T:94,T:95,T:88,H:x,A:86,T:91
"HAVE YOU A MINUTE (GB)",2020,GELDING,"Tom Tate",A:36,A:40,A:53,A:54,A:51,T:41
"HAVEAGOBEAU (GB)",2019,GELDING,"Jim Boyle",T:37,T:48,A:52,A:49,A:37,A:51
"HAVECHATMA (GB)",2020,FILLY,,A:52,A:49,T:40,A:68,A:49,T:54
"HAVEFUNONTHERUN (IRE)",2020,GELDING,"Fergal O'Brien",H:98,H:92,H:113,H:x,H:x,N:x
"HAVEN'T TIME (IRE)",2014,GELDING,"Miss S. McQueen",H:83,H:110,H:110,H:103,H:0,H:117
"HAVEYOUMISSEDME (GB)",2018,GELDING,"Iain Jardine",A:71,T:66,A:72,A:65,A:72,A:67
"HAVIN A FLYER (GB)",2023,FILLY,"Rebecca Menzies",T:39,A:x,A:x,A:x,A:54,A:x
"HAWA JUMEIRAH (GB)",2021,GELDING,"Helen Nelmes",H:x,H:x,H:x,A:40,T:34,T:35
"HAWAII DU MESTIVEL (FR)",2017,GELDING,"Neil Mulholland",S:104,S:0,S:0,H:112,H:102,H:96
"HAWAIIAN KING (IRE)",2022,GELDING,"Michael Madgwick",T:29,T:15,A:51,A:50,A:55,A:55
"HAWK STONE (IRE)",2019,GELDING,"Harriet Dickin",S:82,S:65,S:91,S:0,H:94,H:0
"HAWKSBILL (GB)",2022,GELDING,"Richard Spencer",T:55,T:97,T:98,T:87,T:83,T:97
"HAWKSEYE VIEW (GB)",2019,GELDING,"Lisa Harrison",S:71,S:64,S:0,S:91,S:89,S:79
"HAWORTH STAR (IRE)",2020,GELDING,"Max Young",T:39,A:32,A:51,A:54,A:12,T:12
"HAWTHORN STREET (IRE)",2019,GELDING,"Jonjo & A.J. O'Neill",H:0,H:113,H:x,H:x,H:x,-
"HAY MEADOW (IRE)",2020,FILLY,"Lucinda Russell & Michael Scudamore",H:104,H:122,H:105,H:112,H:117,H:x
"HAYYNAH (GB)",2023,FILLY,"Ollie Sangster",T:47,A:62,A:x,A:x,A:x,T:83
"HAZEM (GB)",2021,GELDING,,T:47,A:x,T:x,A:x,-,-
"HAZIYM (IRE)",2019,GELDING,"Tony Carroll",A:0,A:19,A:39,A:21,A:51,A:56
"HAZY COSMIC JANE (IRE)",2023,FILLY,,A:39,A:30,A:43,A:51,A:58,T:42
"HAZY GLEN (FR)",2019,GELDING,"Michael & David Easterby",S:125,H:120,H:118,H:121,H:x,H:x
"HE BANGS THE DRUMS (IRE)",2023,GELDING,,A:33,A:13,A:45,A:43,A:40,A:47
"HE IS A CRACKER (IRE)",2016,GELDING,"Barry Brennan",S:0,S:47,S:83,S:83,H:51,H:0
"HE KNOWS BETTER (IRE)",2018,GELDING,"Warren Greatrex",S:114,S:116,S:117,S:117,S:112,S:112
"HE'LLSTOPATTHETOP (GB)",2017,GELDING,"Richenda Ford",S:0,S:0,S:0,H:58,S:26,S:74
"HE'S A GENTLEMAN (IRE)",2019,GELDING,"Hugo Palmer",A:76,A:75,A:67,A:65,A:75,A:74
"HE'S A LATCHICO (IRE)",2018,GELDING,"Gary & Josh Moore",H:116,H:113,H:116,H:96,H:114,H:114
"HE'S AN ANGEL (GB)",2020,GELDING,"Kevin & Lauren Frost",T:42,T:45,A:41,A:48,A:53,A:42
"HE'S BRESILIAN (GB)",2020,GELDING,"Jedd O'Keeffe",H:111,H:119,H:113,H:x,H:88,H:x
"HE'S OUR CRACKER (IRE)",2022,GELDING,"Jennie Candlish",A:49,T:38,A:54,A:60,A:57,A:49
"HE'S WALIIM (GB)",2023,GELDING,"James Tate",A:78,T:67,A:x,T:91,T:x,-
"HEAD FOR FREEDOM (GB)",2023,GELDING,"Michael & David Easterby",T:59,T:48,T:60,T:33,A:68,A:69
"HEAD GIRL (GB)",2023,FILLY,"Jonathan Portman",T:53,A:45,T:x,T:x,A:x,-
"HEADS OR HARPS (GB)",2017,GELDING,"Lucinda Russell & Michael Scudamore",S:107,S:110,S:95,S:111,S:92,S:113
"HEADSHOT (GB)",2018,GELDING,,A:46,A:36,A:39,A:40,A:36,A:49
"HEAR THE DRUMS (GB)",2023,GELDING,"Richard & Peter Fahey",T:35,T:31,T:55,A:40,T:x,T:x
"HEARD THAT (IRE)",2019,GELDING,"Lisa Harrison",H:84,H:69,H:108,H:85,S:92,S:0
"HEART ABOVE (GB)",2018,GELDING,"Dianne Sayer",H:107,H:95,H:97,H:0,H:104,H:94
"HEART BEATS TRUE (IRE)",2023,FILLY,,A:68,A:x,A:x,T:x,-,-
"HEART OVER HEAD (IRE)",2019,GELDING,"Fergal O'Brien",H:96,H:88,H:119,H:112,H:104,H:x
"HEART SIGN (GB)",2023,GELDING,"Jack Morland",T:47,A:57,A:55,A:x,A:x,T:x
"HEARTENED (IRE)",2022,FILLY,"Ollie Pears",T:48,T:0,A:36,A:47,A:35,A:46
"HEATED MOMENT (GB)",2023,FILLY,"Conrad Allen",T:42,T:48,A:52,A:34,A:x,T:x
"HEATHCLIFF (GB)",2021,GELDING,"James Fanshawe",T:91,A:98,A:104,A:95,A:94,A:91
"HEATHEN (GB)",2019,GELDING,"Jennie Candlish",T:73,T:73,T:70,T:74,A:86,A:86
"HEATHER HONEY (GB)",2019,FILLY,"Joel Parkinson & Sue Smith",H:119,H:121,H:109,H:114,H:112,H:103
"HEAVEN KNOWS (GB)",2022,FILLY,,A:63,A:64,A:67,T:62,T:58,T:72
"HEAVEN SMART (FR)",2017,GELDING,,H:0,S:97,S:0,S:100,S:96,S:76
"HEAVENLY HEATHER (GB)",2021,FILLY,"Tracy Waggott",T:92,T:89,A:86,A:94,A:90,A:90
"HEBRIDEAN NOMAD (GB)",2021,GELDING,"Andrew Balding",A:68,A:67,A:53,A:64,A:64,T:1
"HECOULDBETHEONE (IRE)",2017,GELDING,,H:116,H:x,S:73,S:95,S:123,S:121
"HECTIC (GB)",2020,GELDING,"Liam Bailey",T:49,T:61,A:68,A:69,T:67,T:75
"HEDGE FUND (IRE)",2021,GELDING,"Michael Appleby",A:28,T:62,T:48,A:67,T:78,T:49
"HEDONISTA (IRE)",2020,FILLY,"Bernard Llewellyn",A:25,A:47,A:48,A:55,A:51,A:59
"HEED (AUS)",2022,FILLY,,A:57,A:x,T:x,-,-,-
"HEER'S SADIE (GB)",2018,FILLY,"Julia & Shelley Birkett",T:26,T:40,T:43,T:43,T:30,T:33
"HEEZTHEBOY (IRE)",2017,GELDING,"Gary Hanmer",S:87,S:0,S:81,S:114,S:107,S:102
"HELGA (GB)",2023,FILLY,"Jack Channon",A:16,A:x,A:x,-,-,-
"HELIOS PATH (IRE)",2023,GELDING,"Steph Hollinshead",T:16,T:x,A:x,T:x,-,-
"HELL HOUND (IRE)",2019,GELDING,,S:108,S:108,S:0,H:106,H:x,H:x
"HELL YEAH HE DID (FR)",2023,GELDING,"Ralph Beckett",T:x,T:x,T:x,A:x,-,-
"HELLCAT (GB)",2023,FILLY,"Ross Burdon",A:55,T:44,T:24,T:x,T:x,T:x
"HELLFIRE PRINCESS (GB)",2017,FILLY,"Kerry Lee",H:103,H:92,H:88,H:103,H:65,H:83
"HELLION (IRE)",2022,GELDING,"Donald McCain",H:x,H:x,H:x,T:x,T:x,-
"HELLO CELLO (IRE)",2019,FILLY,"Harry Fry",H:100,H:85,S:0,S:83,H:102,H:98
"HELLO COTAI (IRE)",2021,GELDING,"Jim Boyle",T:51,A:63,T:60,T:70,T:57,T:69
"HELLO FORTUNE (IRE)",2020,GELDING,"Nick Gifford",H:83,H:x,H:x,H:x,-,-
"HELLO GOODBYE (IRE)",2022,FILLY,,A:x,A:x,T:x,A:x,-,-
"HELLO HUMPHREY (GB)",2023,GELDING,"Mark Usher",A:65,A:64,A:63,A:x,A:x,A:x
"HELLO IT'S ME (GB)",2023,FILLY,,A:51,A:56,A:x,T:x,T:x,-
"HELLO JUDGE (GB)",2016,GELDING,"Ann Hamilton",S:119,S:0,S:120,S:107,S:103,S:119
"HELLO LUNA (FR)",2022,FILLY,"Jonathan Portman",T:51,A:60,A:54,A:60,A:63,A:54
"HELLO SUMMERTIME (GB)",2022,FILLY,,T:17,A:x,T:x,T:x,-,-
"HELLO SWEETY (GB)",2021,FILLY,"Stuart Edmunds",T:50,H:77,H:101,H:95,H:85,H:0
"HELLO ZAMAN (IRE)",2022,GELDING,,A:71,A:66,A:78,A:85,A:79,A:x
"HELM ROCK (GB)",2018,GELDING,"Daniel & Claire Kubler",T:81,T:85,A:84,A:82,A:80,A:75
"HELMSLEY (IRE)",2022,FILLY,"Ivan Furtado",T:68,T:70,A:64,A:65,A:66,A:74
"HELNWEIN (IRE)",2018,GELDING,"Alan King",H:130,H:123,H:132,H:131,H:132,H:129
"HELSGETAWAY (IRE)",2019,GELDING,"Lucinda Russell & Michael Scudamore",H:93,H:92,H:86,H:94,S:0,H:77
"HELTENHAM (FR)",2017,GELDING,"Dan Skelton",S:144,S:132,S:141,S:127,S:0,S:121
"HEN PARTY (IRE)",2023,FILLY,"Ed Dunlop",A:72,T:x,A:x,A:x,A:x,T:x
"HENERY HAWK (GB)",2019,GELDING,"Linda Perratt",T:60,A:60,A:50,A:54,A:54,A:53
"HENFIELD (GB)",2023,FILLY,"Karen Jewell",T:43,T:x,T:x,T:x,-,-
"HENGEST (GB)",2022,GELDING,"Dylan Cunha",T:82,T:78,T:73,T:x,T:x,H:x
"HENGIST POD (IRE)",2023,COLT,"Joe Ponting",T:20,T:30,A:54,A:x,A:x,A:x
"HENLEIN (AUS)",2021,GELDING,"Kevin Ryan",T:100,-,-,-,-,-
"HENRI THE SECOND (FR)",2017,GELDING,"Paul Nicholls",H:143,H:141,H:131,S:119,H:114,H:134
"HENRIETTE RONNER (GB)",2023,FILLY,"Tony Coyle & Kaine Wood",A:48,A:55,A:54,A:65,A:45,A:58
"HENRY BOX BROWN (IRE)",2017,GELDING,"Mrs C. Williams",S:76,S:81,S:73,S:78,S:86,S:63
"HENRY HALFLIGHT (IRE)",2023,GELDING,"Liam Bailey",A:30,A:x,A:x,A:x,-,-
"HENRY TUDOR (GB)",2022,GELDING,"Mark Hoad",T:38,A:31,A:52,A:25,A:40,A:42
"HENRY'S FRIEND (IRE)",2017,GELDING,"Ben Pauling",S:0,S:125,S:141,S:115,S:146,S:111
"HENRYTHENATE (GB)",2023,GELDING,"Patrick Morris",T:76,A:72,A:68,A:73,A:81,A:74
"HENRYTHENINTH (IRE)",2021,GELDING,,A:0,A:0,T:x,A:x,T:x,-
"HERAKLES (IRE)",2020,GELDING,"Paul Midgley",T:68,T:68,A:63,A:59,A:61,A:63
"HERAKLES WESTWOOD (FR)",2017,GELDING,"Warren Greatrex",S:0,S:120,S:136,S:136,S:128,S:119
"HERALDRY (GB)",2023,COLT,"John & Thady Gosden",T:x,A:x,A:x,-,-,-
"HERBYGOESBANANAS (GB)",2021,GELDING,"Henrietta C Knight",H:84,H:95,H:85,H:x,H:x,H:x
"HERCULE DU SEUIL (FR)",2017,GELDING,"Neil Mulholland",S:129,S:125,S:128,S:139,S:143,-
"HERCULEUS (GB)",2022,GELDING,"William Muir & Chris Grassick",T:62,A:33,T:34,T:85,T:72,T:77
"HERE COMES GEORGIE (GB)",2018,GELDING,"Dan Skelton",S:96,S:122,S:93,S:129,S:69,H:122
"HERE COMES LOUIE (GB)",2023,GELDING,"Roger Fell",A:x,A:x,T:x,-,-,-
"HERE FOREVER (GB)",2023,GELDING,"David & Nicola Barron",T:x,T:x,T:x,-,-,-
"HERE I BOW (FR)",2023,FILLY,"Oli Rix",T:61,T:75,-,-,-,-
"HERETIC (IRE)",2019,GELDING,"Michael Herrington",T:49,A:35,A:44,A:53,A:54,A:33
"HERITIER (FR)",2017,GELDING,"Lizzie Quinlan",H:60,H:80,H:65,H:43,H:50,S:83
"HERITOR (GB)",2021,GELDING,,T:23,T:22,T:24,T:21,T:24,T:29
"HERMETIC (GB)",2022,GELDING,"Ian Williams",T:77,-,-,-,-,-
"HERO FRED'S LASS (GB)",2023,FILLY,,A:x,A:x,A:x,-,-,-
"HEROICS (GB)",2023,GELDING,"Alan King",T:69,A:x,T:x,T:x,-,-
"HEVA ROSE (FR)",2017,FILLY,"Venetia Williams",S:0,S:0,S:0,S:106,S:99,S:104
"HEVER BEAUTY (GB)",2023,FILLY,"Hayley Burton",A:x,A:x,A:x,-,-,-
"HEWI (GB)",2023,FILLY,"Julie Camacho",T:40,A:x,A:x,T:x,-,-
"HEY BOO (GB)",2022,FILLY,"Jack Channon",T:102,T:92,T:99,T:101,A:x,A:x
"HEY BUDDY (IRE)",2020,GELDING,,H:0,H:x,H:x,H:x,N:x,N:x
"HEY CRACKERS (IRE)",2021,GELDING,"Suzzanne France",A:43,A:36,T:40,A:37,T:13,A:x
"HEY FLINT (GB)",2021,FILLY,"Nigel & Willy Twiston-Davies",H:68,H:0,H:x,H:x,H:x,N:x
"HEY HAVANA (IRE)",2023,GELDING,"Geoffrey Harker",T:60,A:55,A:58,T:x,T:x,T:x
"HEYZOOM (IRE)",2023,COLT,"Owen Burrows",T:x,T:x,A:x,-,-,-
"HI HOH TONTO (GB)",2019,COLT,"Ross Burdon",T:42,A:0,A:32,A:27,A:37,A:32
"HI LORD (GB)",2022,GELDING,"Gary Harrison",T:66,T:53,A:49,T:50,T:65,T:64
"HIALEAH (IRE)",2020,GELDING,,H:x,H:x,H:x,-,-,-
"HIATUS (IRE)",2020,GELDING,"Ivan Furtado",A:54,T:53,A:53,A:58,A:68,A:72
"HIBERNATE (IRE)",2022,GELDING,"Ed Dunlop",T:53,T:70,T:64,T:60,T:57,T:43
"HICCUPS (GB)",2020,GELDING,"Tony Forbes",A:4,T:48,T:50,T:48,T:42,T:40
"HICKORY (IRE)",2018,GELDING,"Jamie Osborne",T:89,T:79,T:96,T:95,T:90,A:81
"HICKTON (IRE)",2022,GELDING,"Declan Carroll",T:44,A:39,A:57,T:40,A:24,A:54
"HICONIC (GB)",2017,FILLY,"Alex Hales",H:104,A:46,A:42,A:45,H:0,H:105
"HIDDEN FORCE (GB)",2023,COLT,"Charlie Appleby",T:103,A:103,A:x,-,-,-
"HIDDEN HISTORY (GB)",2018,GELDING,,H:0,H:117,S:104,S:115,S:127,H:125
"HIDDEN TARGET (IRE)",2019,GELDING,"Richard Phillips",H:96,H:102,H:84,H:x,H:x,N:x
"HIDDEN VERSE (IRE)",2022,GELDING,"Dr Richard Newland & Jamie Insole",T:58,T:42,T:59,T:61,A:51,T:63
"HIDOR DE BERSY (FR)",2017,GELDING,,H:94,H:98,H:92,H:57,H:90,H:108
"HIERARCHY (IRE)",2019,GELDING,"Jamie Osborne",A:74,A:70,A:68,A:78,A:65,A:55
"HIERO SPORT (FR)",2017,GELDING,"Alex Hales",H:81,H:85,H:81,H:70,H:82,H:68
"HIGH APPROVAL (IRE)",2023,GELDING,"Hamad Al Jehani",T:66,A:68,T:74,A:x,T:x,T:x
"HIGH BOLTAGE (IRE)",2023,GELDING,"Roger Teal",A:42,A:34,A:x,A:x,T:x,-
"HIGH CHIEFTAIN (IRE)",2023,GELDING,"Harry Eustace",A:52,A:x,A:x,A:x,-,-
"HIGH COURT JUDGE (USA)",2020,GELDING,,A:77,H:87,A:72,H:38,A:78,T:51
"HIGH DANCER (GB)",2020,GELDING,"Nicky Richards",H:116,H:103,H:85,H:114,H:107,H:114
"HIGH DEGREE (GB)",2022,GELDING,"William Haggas",T:92,T:86,T:91,T:89,T:x,T:x
"HIGH FAVOUR (IRE)",2022,GELDING,"Camilla Poulton",A:37,A:34,A:4,A:49,-,-
"HIGH FIBRE (IRE)",2019,GELDING,"James Owen",H:104,H:104,H:113,H:113,H:105,H:104
"HIGH GAME ROYAL (FR)",2017,GELDING,"Mrs R. A. Romain",H:55,H:97,H:98,H:92,S:115,H:111
"HIGH GROUNDS (IRE)",2013,GELDING,,H:0,H:0,H:0,H:44,H:0,H:87
"HIGH ON THE HILL (GB)",2018,FILLY,"James Walton",H:62,H:74,H:x,H:x,H:x,-
"HIGH OPINION (GB)",2019,GELDING,"Bryan Smart",T:55,A:44,T:50,T:52,T:63,T:53
"HIGH POINT (IRE)",2021,GELDING,"Ross Burdon",A:42,A:77,H:x,H:x,T:62,T:79
"HIGH STOCK (GB)",2022,COLT,"Andrew Balding",T:104,T:104,A:92,T:105,T:65,T:105
"HIGH STORM (GB)",2023,GELDING,"K. R. Burke",A:80,T:79,T:x,A:x,T:x,T:x
"HIGH TEA (IRE)",2019,GELDING,"Kim Bailey & Mat Nicholls",H:95,H:117,H:118,H:x,H:x,H:x
"HIGH TREASON (GB)",2019,GELDING,"Chester Williams",H:68,H:108,H:117,S:96,S:97,S:0
"HIGHBURY HILL (GB)",2021,FILLY,"Nigel Hawke",H:91,H:32,H:100,H:66,H:98,H:x
"HIGHFIELD COMRADE (GB)",2022,GELDING,"John & Sean Quinn",T:32,A:47,A:45,A:50,A:51,A:46
"HIGHFIELD JEWEL (IRE)",2022,FILLY,"Sara Ender",A:27,T:x,A:x,A:x,-,-
"HIGHFIELD SUNSHINE (IRE)",2022,FILLY,"John & Sean Quinn",T:37,A:60,A:53,T:61,T:70,T:54
"HIGHFIELD VIKING (GB)",2020,GELDING,"John & Sean Quinn",T:63,T:68,T:70,T:74,T:73,T:73
"HIGHJACKED (GB)",2016,GELDING,"John Davies",T:45,T:56,A:43,T:51,T:57,T:60
"HIGHLAND BEAR (IRE)",2022,FILLY,"Julie Camacho",A:x,A:x,A:x,-,-,-
"HIGHLAND FASHION (GB)",2019,GELDING,"Ian Duncan",H:115,H:111,H:116,H:112,H:x,H:x
"HIGHLAND HARVEY (IRE)",2022,GELDING,"Gihan Arnolda",A:45,A:46,-,-,-,-
"HIGHLAND HAVEN (GB)",2020,FILLY,"Fergal O'Brien",H:x,H:x,H:x,N:x,N:x,N:x
"HIGHLAND OLLY (GB)",2021,GELDING,"Grant Tuer",T:56,T:76,T:73,A:60,T:52,A:66
"HIGHLAND SHAH (FR)",2023,GELDING,"Julie Camacho",T:x,A:x,A:x,-,-,-
"HIGHLANDS LEGACY (GB)",2019,GELDING,"Jonjo & A.J. O'Neill",S:137,S:133,S:131,S:127,S:122,H:116
"HIGHLIGHTING (GB)",2023,FILLY,,A:0,T:34,T:54,A:27,T:x,T:x
"HIGHLY RECOMMENDED (GB)",2019,GELDING,,H:0,H:0,H:0,H:80,H:x,H:x
"HIJO DE LA LUNA (GER)",2020,GELDING,"Simon West",H:64,A:38,A:50,A:22,A:47,A:48
"HILITANY (GB)",2023,GELDING,"George Boughey",T:86,A:100,T:99,T:x,T:x,T:x
"HILL O RUE (GB)",2022,GELDING,"Kevin Ryan",T:26,T:48,T:64,T:29,T:63,T:61
"HILL OF TARA (GB)",2017,GELDING,"Venetia Williams",S:0,S:0,S:93,S:45,S:0,S:101
"HILL STATION (FR)",2019,GELDING,"Damien Wingrove",A:47,A:59,H:0,H:94,H:94,H:89
"HILLBERRY HILL (IRE)",2021,GELDING,"Kim Bailey & Mat Nicholls",H:x,-,-,-,-,-
"HILLCREST (IRE)",2015,GELDING,,S:121,S:122,S:0,S:118,S:109,S:0
"HILLSIN (IRE)",2018,GELDING,"Alan Jones",H:0,H:0,H:85,H:102,H:0,H:102
"HILLTOP (GB)",2021,FILLY,"Daniel & Claire Kubler",T:75,A:75,A:64,A:58,A:74,A:72
"HILLTOWN (IRE)",2018,GELDING,,H:0,S:0,H:55,S:0,S:27,H:0
"HILLVIEW (IRE)",2016,GELDING,"Gary Hanmer",H:102,H:107,H:0,H:104,H:0,H:116
"HILLWALK (IRE)",2020,GELDING,,H:94,H:x,H:x,H:x,N:x,N:x
"HIMSELF (IRE)",2022,GELDING,"Philip Kirby",T:49,T:39,A:53,A:61,A:57,A:53
"HINCHINBROOKE (GB)",2022,COLT,,A:81,A:77,A:75,T:75,A:70,T:65
"HINT OF HUMOUR (GB)",2022,FILLY,"Tony Carroll",A:70,A:67,A:64,A:70,A:70,A:70
"HINT OF THE JUNGLE (IRE)",2021,GELDING,"Mike Murphy",A:60,A:60,A:58,A:60,A:57,A:54
"HIPOP DE LOIRE (FR)",2017,GELDING,"Nick Scholfield",T:58,H:x,T:96,T:107,T:105,T:106
"HIPOP DES ONGRAIS (FR)",2017,GELDING,,S:0,S:0,S:118,S:112,S:103,S:103
"HIS FINEST HOUR (GB)",2021,GELDING,"Tina Jackson",A:73,T:67,T:70,T:70,T:70,T:74
"HITCHED (IRE)",2020,GELDING,"David Simcock",T:61,A:70,A:72,A:x,A:75,A:80
"HITMAN (FR)",2016,GELDING,"Paul Nicholls",S:0,S:0,S:144,S:153,S:112,S:0
"HITTHEKETTLE (IRE)",2016,GELDING,"Michael Gates",H:60,S:0,S:0,S:65,H:71,H:0
"HIYA MAITE (GB)",2018,GELDING,"Roy Bowring",A:83,A:85,A:85,T:73,T:83,T:80
"HK FOURTEEN (IRE)",2020,GELDING,"Tony Carroll",T:64,A:72,T:62,T:80,T:74,T:73
"HOBB'S DELIGHT (GB)",2016,GELDING,,H:0,H:65,S:0,S:0,S:92,S:77
"HOBGOBLIN (IRE)",2022,GELDING,,A:4,A:35,A:x,T:x,A:x,-
"HOBNAIL (GB)",2020,GELDING,"Claire Dyson",H:x,H:x,H:x,N:x,-,-
"HOCK EYE THE NOO (GB)",2022,FILLY,"Thomas Faulkner",A:32,A:53,A:54,T:56,A:49,T:52
"HOCKNEY (GB)",2022,GELDING,"Tom Dascombe",A:77,T:62,A:74,T:77,A:76,T:x
"HOE BENHAM (GB)",2023,FILLY,,A:6,T:x,A:x,A:x,-,-
"HOE JOLY SMOKE (GB)",2018,GELDING,"Dan Skelton",S:98,S:116,S:127,S:125,S:131,S:131
"HOLBACHE (GB)",2018,GELDING,"Julie Camacho",T:75,A:58,A:65,T:52,T:67,T:60
"HOLD A DREAM (IRE)",2022,FILLY,"Clive Cox",T:93,T:82,T:99,T:91,T:87,T:96
"HOLD ONTO THE LINE (IRE)",2017,GELDING,"Mrs Jessica Botham",H:0,H:100,S:81,S:96,S:94,S:102
"HOLD THAT TAUGHT (GB)",2015,GELDING,"Venetia Williams",S:49,S:0,S:115,S:111,S:83,S:0
"HOLD THE NOTE (IRE)",2014,GELDING,,S:0,S:68,S:0,S:77,S:87,S:87
"HOLD THE PRESS (IRE)",2019,GELDING,"J. R. Jenkins",A:40,A:33,A:33,M:47,T:20,T:41
"HOLD THE SERVE (IRE)",2020,GELDING,"Olly Murphy",H:129,H:130,H:x,H:x,H:x,-
"HOLD UP LA COLMINE (FR)",2017,GELDING,,S:96,S:111,H:92,S:119,S:0,S:110
"HOLD YOUR FORT (IRE)",2016,GELDING,"Debra Hamer",S:129,S:130,S:128,S:0,S:121,S:122
"HOLEHEARTEDLY (IRE)",2021,GELDING,"Dan Skelton",H:x,H:x,H:x,N:x,-,-
"HOLESHOT (IRE)",2019,GELDING,"Tim Vaughan",H:85,S:0,S:101,S:0,S:0,S:106
"HOLETOWN (FR)",2020,FILLY,"Venetia Williams",S:114,S:113,H:x,H:x,-,-
"HOLGUIN (GB)",2020,GELDING,"Hamad Al Jehani",T:96,T:110,T:99,T:100,T:108,T:107
"HOLKHAM HALL (IRE)",2016,GELDING,,S:56,H:72,H:x,H:x,-,-
"HOLLOWAY BOY (GB)",2020,GELDING,"K. R. Burke",T:110,A:110,T:114,A:102,T:96,T:110
"HOLLOWAY QUEEN (IRE)",2020,FILLY,"Nicky Henderson",S:144,S:135,S:124,S:0,H:0,H:x
"HOLLY BIRD (IRE)",2019,FILLY,"Sandy Thomson",H:60,H:96,H:75,H:90,H:94,H:x
"HOLLY HARTINGO (IRE)",2016,FILLY,"Alastair Ralph",H:0,H:95,H:123,H:118,H:117,H:111
"HOLLY HOLY (GB)",2022,FILLY,,A:42,A:44,A:x,A:x,T:x,-
"HOLLY MIST (IRE)",2022,FILLY,"Roger Varian",A:61,T:67,A:68,A:x,A:x,T:x
"HOLLYGROVE CHA CHA (IRE)",2020,FILLY,"Jamie Snowden",H:63,H:140,S:122,S:129,S:127,H:x
"HOLLYWOOD HARMON (IRE)",2017,FILLY,"A C Wilson",H:96,H:97,H:83,H:112,H:94,H:86
"HOLLYWOOD TREASURE (IRE)",2023,FILLY,"Kevin Philippart de Foy",T:71,T:97,T:91,A:x,-,-
"HOLOKEA (IRE)",2019,GELDING,,S:130,S:109,S:0,S:128,S:123,S:119
"HOLY FIRE (GB)",2020,FILLY,,A:34,A:63,A:66,A:40,A:63,A:62
"HOLY LEGEND (GB)",2019,GELDING,"Alexandra Dunn",S:84,S:67,S:63,S:0,S:43,H:83
"HOMBRE DE GUERRA (IRE)",2018,GELDING,,S:120,S:118,S:107,S:126,S:128,S:122
"HOME AND DRY (IRE)",2018,GELDING,"Thomas Faulkner",H:40,A:56,A:53,H:76,A:40,A:51
"HOME HERO (IRE)",2023,GELDING,"Hugo Palmer",T:71,T:x,A:x,T:x,-,-
"HOME MADE HERO (IRE)",2020,GELDING,"Kim Bailey & Mat Nicholls",H:x,H:x,H:x,H:x,-,-
"HOME SECRETARY (GB)",2023,GELDING,"Sir Mark Prescott Bt",T:x,T:x,A:x,T:x,-,-
"HOMELAND (GB)",2022,GELDING,"Thomas Faulkner",A:50,A:55,A:57,T:3,A:58,T:51
"HOMER STOKES (GB)",2018,GELDING,"David & Nicola Barron",A:51,A:51,A:50,A:50,A:41,A:42
"HOMESTRAIT (IRE)",2023,FILLY,"Brian Ellison",T:69,T:67,A:39,A:67,T:x,T:x
"HOMME D'UN SOIR (FR)",2016,GELDING,"Billy Aprahamian",S:0,H:117,S:95,H:108,S:105,S:122
"HOMME DE FER (GB)",2021,GELDING,"Tony Carroll",A:53,A:54,A:54,A:52,A:53,A:54
"HOMME PUBLIC (FR)",2017,GELDING,"Oliver Greenall & Josh Guerriero",S:121,S:0,S:101,S:114,H:106,S:128
"HONEY I'M GOOD (IRE)",2016,FILLY,"Mrs C. Williams",H:68,H:54,S:92,S:91,H:78,S:93
"HONEYFORTHEBEARS (GB)",2023,FILLY,,A:x,A:x,T:x,-,-,-
"HONKY TONK HIGHWAY (IRE)",2019,FILLY,,H:103,H:0,H:x,H:x,H:x,N:x
"HONNEUR DE SIVOLA (FR)",2017,GELDING,"Clare Hobson",H:0,S:0,S:46,S:44,S:46,S:73
"HONORABLE MAN (IRE)",2023,GELDING,,A:x,A:x,T:x,-,-,-
"HONOUR WHIM (GB)",2022,FILLY,,A:42,T:52,A:46,T:54,T:45,T:45
"HONOUR YOUR DREAMS (FR)",2020,GELDING,"Michael Attwater",T:54,A:52,A:57,A:44,A:60,A:52
"HONVED (GB)",2022,GELDING,"Fred Watson",T:40,T:64,A:x,T:x,A:x,-
"HOOD WINK (GB)",2023,GELDING,"Tim Easterby",T:49,T:39,T:49,T:50,T:36,T:0
"HOODIE HOO (IRE)",2022,GELDING,"Charles Hills",T:77,A:77,A:72,A:79,T:79,T:61
"HOOPER (GB)",2016,GELDING,"Nigel & Willy Twiston-Davies",H:88,H:0,H:74,H:102,H:128,H:126
"HOORNBLOWER (GB)",2019,GELDING,,A:51,T:57,T:31,T:53,A:59,T:60
"HOPE QUEEN (IRE)",2023,FILLY,"K. R. Burke",T:100,T:x,-,-,-,-
"HOPE RISING (IRE)",2021,FILLY,"Jamie Snowden",H:116,H:112,H:0,H:114,H:116,H:x
"HOPEFUL DREAM (IRE)",2023,FILLY,,A:x,A:x,T:x,-,-,-
"HOPEFUL JOY (GB)",2022,FILLY,"Mark Walford",T:49,T:61,T:x,T:x,T:x,-
"HOPEWELL ROCK (IRE)",2022,GELDING,"George Boughey",T:101,T:92,T:102,T:97,T:93,T:x
"HOPJES (SAF)",2019,GELDING,"Harriet Dickin",H:x,H:x,A:39,A:47,A:45,A:47
"HORACE WALLACE (GB)",2023,GELDING,"Richard & Peter Fahey",T:54,A:67,A:68,A:x,A:x,A:x
"HORANTZAU D'AIRY (FR)",2017,GELDING,,S:0,S:94,S:0,S:128,S:139,S:88
"HORNICA (IRE)",2020,FILLY,"Ben Pauling",H:x,H:x,H:x,H:x,H:x,N:x
"HORNSEA BAY (GB)",2022,GELDING,,T:88,T:88,T:87,T:81,T:89,T:80
"HORS JEU (FR)",2020,GELDING,"Clive Boultbee-Brooks",S:107,S:0,S:98,H:97,H:106,H:0
"HORU KANU (GB)",2023,GELDING,"Richard & Peter Fahey",T:64,T:71,T:71,A:x,A:x,T:x
"HORUS (GB)",2022,GELDING,"Michael Attwater",A:37,A:40,A:50,A:49,A:51,A:44
"HORWICH (GB)",2023,GELDING,"Ruth Carr",A:48,A:63,T:9,A:56,A:65,A:68
"HOSEKI (IRE)",2023,FILLY,"William Haggas",T:x,A:x,T:x,-,-,-
"HOSTELRY (GB)",2017,FILLY,"Ruth Carr",T:50,T:56,T:53,T:49,A:53,A:56
"HOSTILE HOTELIER (IRE)",2018,GELDING,"Jennie Candlish",S:100,S:92,H:116,H:117,S:108,H:115
"HOSTILITY (IRE)",2022,GELDING,"David O'Meara",T:62,T:59,T:38,T:58,A:x,A:x
"HOT AND COLD (GB)",2023,FILLY,"Sir Mark Prescott Bt",A:x,A:x,T:x,-,-,-
"HOT CASH (GB)",2022,GELDING,"Jack Channon",T:85,T:77,T:58,T:81,T:83,A:88
"HOT FLAME (GB)",2022,FILLY,,T:49,T:89,T:92,T:x,T:x,-
"HOT FRANK (GB)",2022,GELDING,,A:1,A:52,A:52,A:50,T:44,A:56
"HOT FUSS (IRE)",2021,GELDING,"Tom Dascombe",H:122,H:132,H:0,H:132,H:124,H:130
"HOT GODDESS (IRE)",2020,FILLY,"Martin Keighley",H:107,H:101,H:x,H:x,H:x,N:x
"HOT ROD LINCOLN (IRE)",2016,GELDING,,S:0,H:8,H:70,S:99,H:84,H:85
"HOT SILK (GB)",2023,FILLY,"James Fanshawe",A:x,A:x,T:x,-,-,-
"HOT TALENT (IRE)",2022,GELDING,,A:39,T:28,T:0,T:42,A:42,A:0
"HOT TEAM (IRE)",2016,GELDING,"Patrick Morris",T:34,T:29,T:32,T:26,T:35,A:35
"HOT TO GO (IRE)",2021,GELDING,"Nigel & Willy Twiston-Davies",H:x,H:x,H:x,-,-,-
"HOT TO HOT (GB)",2023,GELDING,,A:x,A:x,A:x,-,-,-
"HOT TOPIC (GB)",2022,FILLY,,A:30,T:58,T:58,T:x,T:x,T:x
"HOUDINI MISS (IRE)",2023,FILLY,,A:61,A:38,A:59,A:41,A:62,T:28
"HOUNDHILL (GB)",2023,GELDING,"Nigel Tinkler",A:70,T:49,T:55,A:68,A:65,A:x
"HOUNDSWOOD WILLOW (IRE)",2023,GELDING,"Tom Dascombe",T:0,T:x,T:x,T:x,-,-
"HOUQUETOT (IRE)",2022,GELDING,"James Owen",T:92,A:93,-,-,-,-
"HOUR BY HOUR (GB)",2020,GELDING,"Adam Kirby",A:25,T:61,T:63,T:51,T:75,T:74
"HOURLESS (GB)",2020,GELDING,"John Dixon",H:79,H:83,H:89,H:68,H:86,H:86
"HOURMAN (FR)",2021,GELDING,"Lucinda Russell & Michael Scudamore",H:x,H:x,H:x,H:x,N:x,-
"HOUSE OF HABSBURG (GB)",2020,GELDING,"Christian Williams",S:120,S:105,S:100,S:98,H:64,H:65
"HOUSTONN (GB)",2021,GELDING,"Tony Culhane & Stella Barclay",T:82,T:76,T:77,T:84,T:78,T:76
"HOVE RANGER (FR)",2023,GELDING,"Gary & Josh Moore",A:56,A:54,A:x,A:x,T:x,-
"HOVER ON THE WIND (IRE)",2020,GELDING,"Paul Midgley",A:56,T:44,A:70,A:68,A:64,A:71
"HOW ABOUT NO (FR)",2020,GELDING,"Lizzie Quinlan",H:0,H:0,H:109,H:115,H:x,H:x
"HOW IMPRESSIVE (IRE)",2019,GELDING,"Hugo Palmer",T:15,A:51,A:75,A:71,A:0,A:61
"HOW'S THE GUVNOR (IRE)",2021,GELDING,"Jennie Candlish",T:24,A:41,A:64,A:65,A:53,A:65
"HOWSHAM (GB)",2023,GELDING,"Michael & David Easterby",T:0,T:x,T:x,T:x,T:x,-
"HOWTH (IRE)",2019,GELDING,"Tom Lacey",H:122,H:x,H:128,H:112,H:x,H:x
"HOWZAK (GB)",2018,GELDING,"Liam Bailey",A:4,A:58,A:59,A:3,A:51,A:43
"HUCKLEBERRY STING (GB)",2019,GELDING,"Tom Ellis",S:77,S:84,H:51,H:67,H:x,H:x
"HUCKLESBROOK (GB)",2022,GELDING,"Roger Teal",T:83,T:87,A:77,A:90,A:90,T:58
"HUDSON (FR)",2021,GELDING,"Mickey Bowen",S:0,H:97,H:109,-,-,-
"HUDSON DE GRUGY (FR)",2017,GELDING,"Sam England",S:109,S:125,S:120,S:94,S:120,S:53
"HUFFIN AN A PUFFIN (IRE)",2019,GELDING,"Lucy Wadham",H:84,H:0,H:123,H:x,-,-
"HUGGABLE (GB)",2022,FILLY,"Dylan Cunha",T:66,T:41,T:70,T:68,T:69,T:31
"HUGOS NEW HORSE (FR)",2017,GELDING,"Mrs N. Sheppard",S:127,S:127,S:0,S:123,H:96,H:0
"HUIT REFLETS (FR)",2017,GELDING,"Mark Walford",S:71,S:91,S:91,S:89,S:89,S:83
"HUMAM (IRE)",2022,GELDING,"Stuart Williams",T:57,T:68,T:91,T:83,T:91,T:81
"HUMBLE JUMBLE (IRE)",2020,GELDING,"Lucinda Russell & Michael Scudamore",H:0,H:x,H:x,H:x,H:x,N:x
"HUMBLE SPARK (IRE)",2020,GELDING,"Jim Goldie",T:74,T:77,T:78,T:77,T:78,A:74
"HUMIDITY (GB)",2023,GELDING,"Andrew Balding",T:112,T:106,T:101,T:105,T:x,-
"HUNDRED CAPS (GB)",2022,GELDING,"Julie Camacho",T:76,A:73,A:80,A:79,A:78,A:73
"HUNGARIAN (IRE)",2023,GELDING,"Lemos De Souza",T:x,T:85,T:x,T:76,A:x,-
"HUNKY DORY (GB)",2022,GELDING,"Jack Morland",A:83,T:63,A:83,A:71,A:74,A:79
"HUNTER LEGEND (FR)",2017,GELDING,"Venetia Williams",S:108,S:125,S:122,S:126,S:98,S:127
"HUNTERIAN (IRE)",2023,COLT,"Charlie Johnston",T:58,A:50,A:x,A:x,A:x,-
"HUNTERS SPRING (GB)",2021,FILLY,"Lucinda Russell & Michael Scudamore",H:x,H:90,H:x,H:x,H:x,N:x
"HUNTING PERCIVAL (GB)",2015,GELDING,"Tracey Barfoot-Saunt",H:0,H:0,H:94,H:0,H:106,H:72
"HUNTLY LODGE (GB)",2021,GELDING,"Amanda Perrett",T:0,T:18,A:5,A:46,A:31,A:44
"HURRICANE ANN (GB)",2023,FILLY,"Peter Chapple-Hyam",T:44,T:38,A:47,A:54,A:x,A:x
"HURRICANE BAY (GB)",2016,GELDING,"Lucy Wadham",S:122,S:107,S:87,H:0,S:0,S:103
"HURRICANE HIGHWAY (IRE)",2018,GELDING,,S:0,S:100,S:107,H:104,H:100,S:0
"HURRICANE LAUGHTER (GB)",2023,GELDING,"Ed Walker",A:x,A:x,T:x,-,-,-
"HURRICANE PAT (IRE)",2020,GELDING,"Gary & Josh Moore",H:x,H:x,H:x,H:x,H:x,N:x
"HURST HILL (IRE)",2019,FILLY,"Seamus Mullins",H:74,H:80,H:88,H:70,H:87,H:87
"HURSTWOOD (GB)",2017,GELDING,"Peter Niven",T:44,T:53,T:44,T:51,T:52,T:56
"HURT YOU NEVER (IRE)",2019,FILLY,"Adrian Nicholls",T:41,T:66,T:48,T:65,T:28,T:58
"HUSCAL (IRE)",2022,GELDING,"Charles Hills",T:78,T:77,T:68,A:86,A:83,A:85
"HUXLEY (IRE)",2021,GELDING,,H:0,T:52,H:x,H:x,H:x,T:40
"HVAR (GB)",2023,GELDING,"John & Sean Quinn",T:42,T:38,T:43,A:x,T:x,T:x
"HYBERY (FR)",2014,GELDING,"Miss Nikki Henton",H:0,-,-,-,-,-
"HYLAND (FR)",2017,GELDING,"Nicky Henderson",S:134,S:142,S:138,S:142,S:0,S:147
"HYMNBOOK (IRE)",2022,COLT,,T:87,T:83,T:80,T:89,T:x,T:x
"HYPERBOLE (GB)",2020,FILLY,,H:0,H:x,H:x,H:x,N:x,-
"HYPERFOCUS (IRE)",2014,GELDING,,T:15,T:60,T:50,T:57,T:58,T:56
"HYPNOTISED (GB)",2023,COLT,"Harry Charlton",T:60,A:x,A:x,T:x,-,-
"HYPOTENUS (GB)",2019,GELDING,"Neil Mulholland",S:108,S:69,S:104,S:103,S:110,S:118
"HYRCANIAN (IRE)",2021,FILLY,"Ron Barr",T:26,T:28,T:38,T:27,T:24,T:21
"HYSTERY BERE (FR)",2017,GELDING,"J. Neal",H:96,S:114,S:112,S:0,S:118,S:116
"I AIN'T YOUR MATE (IRE)",2020,GELDING,"Christian Williams",S:74,H:x,H:x,H:x,-,-
"I AM MAX (IRE)",2018,GELDING,"Sandy Thomson",H:87,H:107,H:117,S:103,S:112,S:106
"I AM ME (IRE)",2022,GELDING,"Mike Murphy",A:71,A:68,A:68,A:60,T:x,T:64
"I AM ROCCO (GB)",2017,GELDING,"Caroline Fryer",S:0,S:0,S:99,S:100,S:96,S:98
"I AM SIMBA (GB)",2020,GELDING,"Rebecca Menzies",A:32,A:50,A:x,A:x,T:x,N:x
"I AM SPIDER MAN (IRE)",2017,GELDING,"Barry Murphy",H:99,H:97,H:100,H:49,H:0,H:102
"I AM THE MOON (GB)",2019,FILLY,"Nigel & Willy Twiston-Davies",H:107,H:89,H:0,H:110,S:91,S:91
"I C U IN MY DREAMS (IRE)",2020,FILLY,"Donald McCain",H:91,H:74,H:x,H:x,N:x,N:x
"I CAN BOOGY (GB)",2022,FILLY,"Nigel Tinkler",T:39,A:45,A:49,A:41,A:49,A:50
"I CAN DANCE (GB)",2023,GELDING,"Charlie Johnston",A:x,T:x,T:x,-,-,-
"I CAN IMAGINE (IRE)",2022,FILLY,,A:26,A:49,A:54,A:54,A:50,T:37
"I HEARD A RUMOUR (IRE)",2021,FILLY,"Dan Skelton",H:x,H:x,H:x,-,-,-
"I LOOK HOW I LOOK (SPA)",2019,FILLY,,H:65,H:72,H:69,H:91,H:91,H:x
"I LOVE YOU SIVOLA (FR)",2018,GELDING,"Max Comley",H:0,H:55,H:57,H:67,H:69,H:78
"I MAXIMUS (GB)",2022,GELDING,,A:67,A:73,T:69,M:77,T:64,T:72
"I PLAY COUNTY (IRE)",2019,GELDING,"Toby Lawes",S:79,S:0,H:0,H:x,H:x,N:x
"I SEE THE SEA (IRE)",2019,GELDING,"Christopher Kellett",S:85,S:71,S:97,S:0,S:100,S:76
"I SHUT THAT D'OR (FR)",2018,GELDING,"Joe Tizzard",S:0,S:101,S:72,S:85,S:111,S:106
"I SPY A DIVA (GB)",2017,FILLY,"Kim Bailey & Mat Nicholls",H:116,H:115,H:113,H:117,H:111,H:115
"I STILL HAVE FAITH (GB)",2020,GELDING,"Stuart Williams",T:83,T:85,A:85,A:79,A:84,A:76
"I WAS THINKING (IRE)",2021,GELDING,"Adrian Wintle",A:41,A:17,A:46,A:x,A:x,A:x
"I WISH YOU (FR)",2020,GELDING,,S:120,S:120,S:108,S:113,H:115,H:103
"I'D GO MANIAC (FR)",2019,GELDING,"Alan King",A:65,T:70,A:66,A:32,A:59,A:73
"I'LL BE BACK (IRE)",2023,COLT,"K. R. Burke",T:x,T:x,-,-,-,-
"I'M A LUMBERJACK (GB)",2019,GELDING,"Alan King",H:121,H:112,H:123,H:119,H:x,H:x
"I'M A STARMAN (GB)",2013,GELDING,"Mark Rimell",H:112,H:103,H:112,H:85,H:112,H:88
"I'M DAN DARE (GB)",2023,GELDING,"Mark Walford",T:63,T:46,T:55,T:37,T:x,T:x
"I'M JUST KEN (GB)",2023,GELDING,"Hugo Palmer",T:43,T:56,T:x,A:x,A:x,-
"I'M NEXT (GB)",2022,GELDING,"Tim Easterby",T:48,T:75,T:82,T:78,T:57,T:47
"I'M SPELLBOUND (IRE)",2016,GELDING,"Mrs G. Andrews",H:0,H:84,H:x,H:x,H:x,N:x
"I'M THE ONE (GB)",2023,FILLY,"John & Thady Gosden",T:101,T:x,-,-,-,-
"I'M WIDE AWAKE (GB)",2020,GELDING,"Susan Gardner",H:x,H:x,H:x,N:x,N:x,N:x
"I'M WORKIN ON IT (GB)",2022,GELDING,"Rod Millman",A:86,A:85,A:79,A:80,A:82,A:73
"I'M YOUR BUCKAROO (GB)",2020,GELDING,,S:94,S:94,S:93,H:92,H:88,H:54
"I'VE MADEUPMYMIND (GB)",2020,FILLY,"Ben Pauling",H:90,H:99,H:0,H:96,H:107,H:x
"IAMCELESTIALGIFT (FR)",2018,GELDING,"David Killahena & Graeme McPherson",H:0,H:72,H:x,H:x,-,-
"IAMYOUARE (IRE)",2020,FILLY,"Donald McCain",H:x,H:105,H:89,H:x,-,-
"IBERIAN (IRE)",2021,COLT,,T:76,T:94,T:89,T:105,T:105,A:93
"IBERICO LORD (FR)",2018,GELDING,,H:137,H:144,H:122,H:122,H:113,H:127
"IBIZA LIGHTS (IRE)",2023,FILLY,"Michael Bell",T:11,A:x,A:x,A:x,-,-
"IBN ALTHEEB (IRE)",2023,GELDING,"Iain Jardine",T:46,T:54,T:64,A:72,T:65,A:64
"IBN SIRIN (GB)",2023,COLT,"Harry Charlton",A:x,T:x,T:x,-,-,-
"ICAQUE DE L'ISLE (FR)",2018,GELDING,"Richard Bandey",S:100,S:0,S:110,H:95,H:99,H:102
"ICARE COLOMBE (FR)",2018,GELDING,"Fergal O'Brien",S:100,S:100,S:98,S:92,S:86,S:83
"ICARE GRANDCHAMP (FR)",2018,GELDING,"Gary & Josh Moore",S:111,S:100,S:111,S:110,S:102,S:107
"ICE COLD ALEX (GB)",2023,GELDING,"Ollie Pears",T:70,A:57,T:66,T:70,T:78,A:x
"ICE CUBE (IRE)",2023,GELDING,"Richard Spencer",T:59,T:62,T:x,T:x,T:x,-
"ICE IN THE VEINS (IRE)",2020,GELDING,"Sarah-Jayne Davies",S:0,H:97,H:106,H:87,H:x,H:x
"ICE JET (IRE)",2022,GELDING,"Dan Skelton",H:113,H:111,H:111,H:92,H:80,H:x
"ICE MAX (GB)",2021,GELDING,"K. R. Burke",T:106,T:110,T:108,T:110,T:98,T:101
"ICE OPERA (IRE)",2021,FILLY,,A:23,A:29,A:53,A:37,A:35,A:37
"ICE SOVEREIGNS (IRE)",2023,FILLY,,T:33,T:65,T:85,T:x,T:x,T:x
"ICONIC DAWN (GB)",2023,FILLY,"Hughie Morrison",T:35,A:48,A:x,A:x,T:x,-
"ICONIC TIMES (GB)",2022,GELDING,"Jennie Candlish",A:48,A:55,A:61,A:67,A:62,A:68
"IDAHO BRIDGE (IRE)",2020,GELDING,,H:86,H:x,H:x,H:x,N:x,N:x
"IDAHO FIRE (IRE)",2021,GELDING,"James Owen",H:x,H:x,H:x,N:x,-,-
"IDAHO SUN (IRE)",2020,GELDING,"Harry Fry",H:x,H:x,H:x,N:x,N:x,N:x
"IDAHO VALLEY (IRE)",2020,GELDING,"Donald McCain",H:110,H:x,H:x,H:x,H:x,H:x
"IDDERGEM (FR)",2016,GELDING,,S:0,S:0,H:38,H:66,H:43,H:x
"IDEAL DES BORDES (FR)",2018,GELDING,"Nicky Henderson",S:117,S:115,S:0,S:105,S:95,S:0
"IDEAL DU TABERT (FR)",2018,GELDING,"Miss Laura Richardson",H:109,S:0,S:117,-,-,-
"IDEAL GUEST (FR)",2019,GELDING,"Harriet Bethell",T:56,T:4,T:50,T:51,T:59,T:57
"IDEALLKO (FR)",2018,GELDING,"Mrs C. Williams",S:91,S:57,S:51,S:69,S:98,S:96
"IDEFIX DE CIERGUES (FR)",2018,GELDING,"Rebecca Curtis",H:98,H:119,S:0,H:111,H:110,H:114
"IDEM (FR)",2018,GELDING,"Lucinda Russell & Michael Scudamore",H:0,H:128,H:128,H:109,H:127,H:128
"IDY WOOD (FR)",2018,GELDING,,H:0,H:86,H:101,H:133,H:126,H:127
"IDYLLIC (GB)",2021,FILLY,"Wilf Storey",T:56,T:52,A:19,T:65,T:66,T:53
"IF AND BUT (GB)",2023,FILLY,,A:x,T:x,T:x,-,-,-
"IF I COULD DREAM (GB)",2023,FILLY,"George Scott",A:47,T:72,T:59,T:x,T:x,T:x
"IF NOT FOR DYLAN (IRE)",2015,GELDING,,S:104,S:116,S:94,S:118,S:98,S:113
"IFAN FULL PELT (IRE)",2020,GELDING,"Nikki Evans",H:0,H:0,H:x,H:x,H:x,H:x
"IFLOOKSCOULDKILL (GB)",2021,FILLY,,A:31,A:29,A:x,A:x,A:x,-
"IFONLYTHEYCUDTALK (IRE)",2021,GELDING,"Tim Easterby",A:33,T:13,A:44,T:22,T:34,T:22
"IFTIKHAAR (IRE)",2019,GELDING,"J. R. Jenkins",T:25,A:40,A:45,A:48,A:33,H:x
"IGNAC LAMAR (IRE)",2020,GELDING,,A:33,A:37,A:56,T:32,T:42,T:44
"IGNITION (IRE)",2022,GELDING,"Thomas Faulkner",A:43,A:47,A:44,A:48,A:46,A:45
"IGNORE THE DOOR (IRE)",2020,GELDING,"Harry Derham",S:89,H:x,H:x,H:x,-,-
"IKARAK (FR)",2018,GELDING,"Olly Murphy",H:113,H:134,H:133,H:127,H:127,H:124
"IKE SPORT (FR)",2018,GELDING,"Neil Mulholland",H:133,H:130,H:125,H:113,H:124,H:127
"IKIGAI STAR (IRE)",2020,GELDING,"Charlie Longsdon",H:0,H:92,H:56,H:80,H:91,T:52
"IL EST FRANCAIS (FR)",2018,GELDING,"Tom George",S:0,S:0,S:0,S:147,S:165,S:159
"IL RIDOTO (FR)",2017,GELDING,"Paul Nicholls",S:0,S:110,S:134,S:124,S:134,S:141
"IL VA DE SOI (FR)",2018,GELDING,"Donald McCain",H:114,H:108,H:49,H:103,H:87,H:0
"ILE DE JERSEY (FR)",2018,FILLY,"Nicky Henderson",S:0,S:99,S:132,S:127,H:122,S:124
"ILITCH (FR)",2018,GELDING,"Stuart Edmunds",H:114,H:68,H:112,H:108,H:108,H:108
"ILLEGAL D'AINAY (FR)",2018,GELDING,"Chris Gordon",S:111,S:108,H:93,H:117,H:x,H:x
"ILLICO DE COTTE (FR)",2018,GELDING,"Will Biddick",H:122,S:0,S:103,S:125,S:126,S:124
"ILLOGICAL LOGIC (FR)",2018,GELDING,"Christian Williams",S:0,S:31,S:44,S:88,S:90,S:90
"ILLUSIONIST (GER)",2017,GELDING,"Grant Tuer",A:52,T:57,T:71,T:68,A:65,T:56
"ILLY'S ROO (IRE)",2023,GELDING,"Gemma Tutty",T:68,T:71,T:68,A:77,A:76,A:64
"ILOT DE L'ISLE (FR)",2018,GELDING,"Richard Bandey",S:84,H:87,H:93,H:0,H:0,-
"ILOVETHENIGHTLIFE (GB)",2018,FILLY,,S:113,S:110,S:113,S:95,S:123,S:0
"IMAGINARIUM (IRE)",2019,GELDING,"Olly Murphy",H:120,H:102,H:122,H:0,H:115,H:x
"IMAGINARY DRAGON (FR)",2018,GELDING,,H:92,H:74,S:0,S:113,S:0,H:116
"IMAGINE THAT (GB)",2023,FILLY,"Henry Candy",T:x,A:x,A:x,-,-,-
"IMELDA (IRE)",2023,FILLY,"David Loughnane",T:x,A:x,A:x,-,-,-
"IMMEDIATE JEWEL (GB)",2023,GELDING,,A:x,A:x,A:x,-,-,-
"IMMORTAL FAME (IRE)",2016,GELDING,"Deborah Cole",H:104,S:0,S:119,S:111,S:115,S:97
"IMOLA (IRE)",2021,FILLY,"Joey Ramsden",A:62,A:59,A:51,A:60,A:58,A:53
"IMPARTIALITY (GB)",2022,GELDING,"Phillip Makin",T:77,T:79,T:84,T:86,T:78,T:86
"IMPATIENT (FR)",2018,GELDING,"Jonjo & A.J. O'Neill",S:72,S:116,S:116,S:97,S:108,S:101
"IMPECUNIOUS (IRE)",2019,GELDING,"Ian Chanin",H:98,H:108,H:105,H:104,H:104,H:100
"IMPERFECTLYPERFECT (IRE)",2020,GELDING,"Lucinda Russell & Michael Scudamore",H:x,H:x,H:x,H:x,N:x,N:x
"IMPERIAL ALEX (IRE)",2017,GELDING,"Tom Lacey",S:122,S:120,S:110,S:108,S:95,S:119
"IMPERIAL BEDE (FR)",2018,GELDING,"Jonjo & A.J. O'Neill",S:109,S:112,S:88,S:110,S:101,S:109
"IMPERIAL CULT (IRE)",2019,GELDING,"George Baker",A:61,T:58,A:57,T:50,A:56,T:58
"IMPERIAL DATA (IRE)",2017,GELDING,"Rebecca Menzies",H:79,H:0,H:102,H:126,H:128,H:124
"IMPERIAL DECISION (GB)",2022,GELDING,"Keiran Burke",A:16,A:65,A:64,A:x,A:x,A:x
"IMPERIAL ESPRIT (IRE)",2014,GELDING,"R. W. Varnham",H:112,H:116,H:108,H:111,H:103,S:92
"IMPERIAL GUARD (IRE)",2021,GELDING,"Michael Dods",T:46,A:51,A:63,A:70,T:51,T:58
"IMPERIAL IMP (IRE)",2016,GELDING,"Annabelle Sowray",H:0,H:24,-,-,-,-
"IMPERIAL JADE (IRE)",2019,FILLY,,H:60,A:x,H:0,S:0,S:85,S:96
"IMPERIAL MERLIN (IRE)",2017,GELDING,"John & Sean Quinn",H:123,H:0,H:115,H:123,H:116,H:123
"IMPERIAL PRIDE (IRE)",2016,FILLY,"David Dennis",H:64,S:79,S:79,S:0,S:69,S:0
"IMPERIAL QUARTER (IRE)",2020,FILLY,,T:87,T:91,A:99,T:81,T:96,T:86
"IMPERIAL RULE (IRE)",2017,GELDING,"Lizzie Quinlan",S:101,S:76,H:75,S:97,S:93,S:94
"IMPERIAL SAINT (FR)",2018,GELDING,,S:115,S:128,S:144,S:135,S:132,S:142
"IMPERIAL SOVEREIGN (IRE)",2021,GELDING,"Philip Kirby",T:76,T:78,T:80,A:77,A:83,A:83
"IMPERIAL TROOPER (IRE)",2022,GELDING,"Jennie Candlish",T:39,T:42,T:69,A:70,A:66,A:71
"IMPLIED VOLATILITY (IRE)",2022,GELDING,"Jennie Candlish",A:33,T:57,A:59,A:56,A:46,T:58
"IMPOSE TOI (FR)",2018,GELDING,,H:150,H:0,H:152,H:157,H:151,H:153
"IMPOSSIBLE MISSION (GB)",2023,COLT,"John Butler",T:72,T:0,A:49,A:76,A:x,A:x
"IMPRESSOR (IRE)",2017,GELDING,"Phillip Makin",T:60,T:57,T:56,T:70,T:54,T:64
"IMPROVE YOUR MOVE (IRE)",2022,FILLY,,A:32,A:60,A:66,A:65,T:60,-
"IMPULSE BUY (GB)",2022,GELDING,"Clare Hobson",A:44,A:50,A:55,A:56,A:51,T:54
"IMTHEQUEENOFSHEBA (GB)",2023,FILLY,"Robert Edwards",A:x,A:x,T:x,-,-,-
"IN A HURRY (GB)",2022,FILLY,"David O'Meara",T:55,T:44,T:54,T:17,T:73,T:72
"IN D'OR (FR)",2018,GELDING,"Fergal O'Brien",S:136,S:137,S:134,S:127,S:133,S:132
"IN DENIAL (GB)",2023,FILLY,"Mark Loughnane",T:46,T:55,A:47,A:56,A:x,A:x
"IN THE AGE (FR)",2020,GELDING,,H:101,H:114,H:x,H:x,H:x,N:x
"IN THE AIR (FR)",2018,GELDING,"Alastair Ralph",H:110,H:88,S:121,S:120,S:118,S:117
"IN THE BREEZE (IRE)",2018,GELDING,"Henrietta C Knight",T:64,T:88,A:73,T:76,T:81,T:82
"IN THE CITY (GB)",2022,GELDING,"Warren Greatrex",T:0,T:x,T:x,T:x,T:x,T:x
"IN THE POST (GB)",2022,GELDING,"Dylan Cunha",T:59,A:55,T:58,T:55,T:57,T:x
"IN THE PURPLE (IRE)",2021,GELDING,"Olly Murphy",H:102,H:81,H:x,H:x,H:x,-
"IN THE SUNSHINE (GB)",2022,FILLY,,A:2,T:6,T:6,T:x,T:x,T:x
"IN THIS WORLD (FR)",2018,GELDING,"Rob Summers",S:110,S:106,S:103,S:0,H:65,H:96
"INANNA (IRE)",2020,FILLY,,T:68,T:58,T:68,T:59,T:70,T:64
"INAPPROPRIATE (IRE)",2021,GELDING,,H:84,H:107,H:83,A:62,A:76,A:52
"INCA (FR)",2018,GELDING,"Clare Hobson",H:65,H:0,H:x,H:x,H:x,-
"INCA DE LAFAYETTE (FR)",2018,GELDING,"Paul Nicholls",S:116,S:119,S:112,S:104,H:88,H:117
"INCA HEIGHTS (IRE)",2023,GELDING,"Clive Cox",T:57,T:65,T:75,T:x,T:69,T:x
"INCA PRINCE (IRE)",2018,GELDING,"Ruth Jefferson",H:95,H:99,H:99,H:88,H:113,H:111
"INCENSED (GB)",2021,FILLY,"Amanda Perrett",T:94,A:89,T:45,T:89,T:86,A:88
"INCH HOUSE (IRE)",2017,GELDING,,H:0,S:105,S:0,S:129,S:0,S:0
"INCLUSIVE (GB)",2023,FILLY,"P. Charalambous & J. Clutterbuck",A:39,A:43,A:57,T:38,T:x,T:x
"INCONSPICUOUS (IRE)",2022,GELDING,,A:8,A:22,T:0,T:19,A:1,A:55
"INDALO (IRE)",2021,GELDING,"Roger Varian",T:98,T:95,A:91,T:86,T:86,A:77
"INDANNYA (FR)",2021,FILLY,"Chester Williams",H:77,H:x,H:x,H:x,H:x,-
"INDEEVAR BLEU (FR)",2018,GELDING,"Olly Murphy",H:135,H:138,H:133,H:126,H:x,H:x
"INDEFENSIBLE (IRE)",2023,GELDING,"Ollie Pears",T:59,T:72,A:x,A:x,A:x,-
"INDEMNITY (IRE)",2020,GELDING,"Emma Lavelle",H:120,H:134,H:105,H:128,H:124,H:122
"INDEPENDENT ANGEL (GB)",2023,FILLY,"Lisa Williamson",T:26,A:6,A:28,A:10,T:32,T:x
"INDEPENDENT JIMMY (GB)",2019,GELDING,"Donald McCain",S:0,S:81,S:93,S:95,H:96,H:93
"INDEPENDENT LADY (GER)",2021,FILLY,"Nicky Henderson",H:67,H:95,H:x,H:x,H:x,N:x
"INDIA GOLD (IRE)",2023,FILLY,"Gay Kelleway",T:57,A:63,T:x,A:x,A:x,T:x
"INDIA LOVE (GB)",2023,FILLY,,T:85,T:72,T:86,T:x,T:x,-
"INDIAN RIVER (IRE)",2022,GELDING,"Adrian Keatley",H:135,H:129,H:122,H:110,H:112,-
"INDIAN RUN (IRE)",2021,GELDING,"Julie Camacho",T:75,T:76,T:85,T:80,T:88,T:95
"INDIAN SPIRIT (IRE)",2022,GELDING,"Ian Williams",T:41,T:26,A:81,A:x,T:68,T:x
"INDIAN SUNBIRD (IRE)",2017,GELDING,"Sara Ender",H:73,H:86,H:95,H:78,H:71,H:90
"INDIGO DAWN (IRE)",2023,FILLY,,T:59,T:66,T:66,T:67,T:x,-
"INDIGO SIERRA (IRE)",2023,FILLY,"Iain Jardine",A:21,A:46,T:x,T:x,T:x,-
"INDIGO TIMES (IRE)",2017,GELDING,"Bernard Llewellyn",A:47,A:52,T:20,T:55,T:56,A:47
"INDIVIDUALISTE (FR)",2018,GELDING,"Ben Lund",T:45,H:0,H:0,S:0,S:57,H:0
"INDY'S ANGEL (GB)",2022,FILLY,"Philip Kirby",T:29,T:39,A:33,T:38,A:33,A:45
"INEDIT D'AMOUR (FR)",2021,GELDING,"Donald McCain",H:75,H:88,H:100,H:x,H:x,H:x
"INEDIT DE MEE (FR)",2018,GELDING,"Toby Lawes",S:0,S:71,S:93,S:96,S:84,S:79
"INEDIT STAR (FR)",2018,GELDING,"Nick Kent",S:113,S:125,S:129,S:129,S:129,S:117
"INFANTRY OFFICER (GB)",2022,GELDING,"Tony Carroll",A:54,A:0,A:24,T:50,T:8,A:62
"INFERNO (GB)",2023,GELDING,"Edward Bethell",A:44,T:63,T:x,A:x,A:x,-
"INFERNO SACREE (FR)",2018,GELDING,"Nigel Hawke",H:102,H:117,H:116,H:112,H:107,H:108
"INFINITE DREAM (GB)",2023,COLT,"Andrew Balding",A:x,T:x,T:x,-,-,-
"INFINITY BLUE (IRE)",2021,GELDING,"Julie Camacho",T:44,T:56,T:66,T:69,T:61,T:39
"INFLEXIBLE (FR)",2018,GELDING,"David Killahena & Graeme McPherson",S:122,S:120,H:0,S:117,S:117,S:109
"INFLUENTIAL (IRE)",2022,GELDING,"Roger Varian",A:78,A:75,T:63,A:x,T:x,T:x
"INFRAAD (IRE)",2023,COLT,"William Haggas",T:x,T:x,T:x,-,-,-
"INGLEBY ARCHIE (IRE)",2021,GELDING,"Adrian Nicholls",T:67,T:64,T:56,T:56,T:72,T:65
"INHERENT RESOLVE (USA)",2023,COLT,,A:58,A:x,A:x,A:x,-,-
"INION TIOGAIR (IRE)",2017,FILLY,"Grace Harris",H:102,H:92,H:84,H:91,H:86,H:77
"INIS MOR (FR)",2023,FILLY,"David Menuisier",T:101,T:98,T:101,T:x,T:x,-
"INIS OIRR (IRE)",2017,GELDING,"Lucinda Russell & Michael Scudamore",S:108,S:108,S:82,S:102,S:98,H:98
"INISHBEG (IRE)",2023,COLT,"Kevin Ryan",T:74,T:80,T:x,A:x,T:x,T:x
"INISHCORKER (IRE)",2020,GELDING,"Rebecca Curtis",H:x,H:x,H:x,H:x,H:x,H:x
"INISHERIN (GB)",2021,COLT,,T:109,T:107,T:104,T:114,T:92,T:109
"INISHNABRO (IRE)",2019,GELDING,"Henry Oliver",S:97,H:109,H:108,H:x,H:x,-
"INIT TOGETHER (GB)",2018,GELDING,"Tony Carroll",A:36,A:42,A:52,A:55,T:54,H:80
"INITIAL BLUE (IRE)",2022,GELDING,"Dr Richard Newland & Jamie Insole",A:67,T:52,A:65,A:60,A:63,A:62
"INLET (GB)",2021,FILLY,"Mike Sowersby",T:0,H:50,H:x,H:x,H:x,A:43
"INNAMORATO (FR)",2022,GELDING,,H:85,H:109,H:x,H:x,H:59,-
"INNISFREE LASS (IRE)",2018,FILLY,"Joey Ramsden",H:91,H:99,S:55,S:83,S:0,S:96
"INNISFREE PEARL (GB)",2021,FILLY,"Alan King",H:96,H:98,H:97,A:47,H:x,H:x
"INNS OF FEAR (IRE)",2022,GELDING,,A:66,A:58,T:60,T:x,A:68,A:x
"INNSE GALL (GB)",2018,GELDING,,T:34,T:56,T:61,T:59,T:56,T:63
"INOX ALLEN (FR)",2018,GELDING,"Lucinda Russell & Michael Scudamore",S:123,S:104,S:94,S:0,S:129,H:113
"INQUISITION (GB)",2022,FILLY,,A:51,T:72,T:74,T:74,T:74,A:65
"INSANITY (GB)",2020,GELDING,"Alan King",T:99,T:88,T:100,T:99,T:97,T:81
"INSIDE MAN (FR)",2020,GELDING,"Mrs Jane Williams",H:117,H:107,H:110,H:122,H:x,H:119
"INSIDE STORY (IRE)",2023,FILLY,"James Tate",A:79,A:78,T:83,A:x,A:x,T:x
"INSPIRE HOPE (IRE)",2021,FILLY,,A:35,H:52,S:60,T:53,T:35,T:59
"INSPIRED (IRE)",2022,GELDING,"K. R. Burke",T:75,A:71,A:76,A:x,A:x,A:x
"INSPIRING SPEECHES (IRE)",2021,GELDING,"Sara Ender",T:48,T:40,T:21,T:51,T:51,T:44
"INSTANT BOND (GB)",2021,GELDING,"Michael Wigham",T:57,A:53,A:51,A:55,A:46,A:49
"INSURRECTION (IRE)",2017,GELDING,,S:125,S:96,S:121,S:138,S:100,S:134
"INSUSPENSE (GB)",2022,FILLY,"Oliver Cole",T:61,A:65,A:65,A:65,A:64,A:63
"INTELLOTTO (IRE)",2020,GELDING,"Daisy Hitchins",H:124,H:120,H:113,A:79,H:134,-
"INTENSE VISION (GB)",2023,GELDING,"Oli Rix",A:91,-,-,-,-,-
"INTENZO (FR)",2021,GELDING,"Mark Walford",S:99,S:60,S:90,S:76,S:101,H:x
"INTERCHANGEABLE (GB)",2020,GELDING,"John Dixon",H:76,H:89,H:83,H:97,H:98,H:78
"INTERVENTION (GB)",2017,GELDING,"Michael Appleby",T:54,T:57,T:77,T:60,A:77,A:64
"INTINSO (GB)",2020,GELDING,"Craig Lidster",A:71,A:69,H:x,T:36,T:53,A:28
"INTO BATTLE (IRE)",2021,GELDING,"Robert Stephens",H:x,H:x,H:x,T:75,T:65,T:70
"INTO COMBAT (GB)",2022,GELDING,"Sir Mark Prescott Bt",T:42,T:61,A:x,A:x,T:x,-
"INTO THE LIGHT (GB)",2023,COLT,"Charlie Appleby",T:88,A:x,A:x,-,-,-
"INTO THE PARK (IRE)",2019,GELDING,"Max Comley",H:105,H:106,H:111,H:113,S:0,H:122
"INTO THE SKY (IRE)",2023,COLT,"Jim Boyle",T:101,T:107,T:x,-,-,-
"INTOSOMETHINGGOOD (GB)",2021,GELDING,"Nigel & Willy Twiston-Davies",H:133,H:x,H:x,H:x,H:x,H:109
"INTRUSIVELY (GB)",2022,GELDING,"Michael Appleby",T:79,T:52,T:58,T:84,T:77,A:87
"INVESTMENT MANAGER (GB)",2016,GELDING,"Miss D. Kenealy",H:44,S:118,S:116,S:86,H:112,S:103
"INVICTUS GOLD (IRE)",2022,GELDING,"Tom Clover",T:77,T:99,A:100,A:100,T:93,T:103
"INVINCIBLE ANNICE (IRE)",2022,FILLY,"Tracy Waggott",T:23,A:40,A:39,A:42,A:40,A:46
"INVINCIBLE BOY (IRE)",2023,COLT,"Richard & Peter Fahey",T:x,T:x,T:x,-,-,-
"INVINCIBLE CROWN (IRE)",2022,GELDING,"Ruth Carr",T:51,T:47,A:41,A:59,A:52,A:64
"INVINCIBLE LOVE (GB)",2022,COLT,,A:29,A:46,A:43,A:31,A:48,A:37
"INVINCIBLE MELODY (IRE)",2022,GELDING,,T:29,T:32,A:44,A:38,A:49,A:60
"INVINCIBLE NAO (FR)",2018,GELDING,"Gary & Josh Moore",S:122,S:105,S:118,S:119,S:124,S:0
"INVINCIBLE NAVY (IRE)",2021,GELDING,,A:44,A:48,A:48,M:43,T:0,T:x
"INVINCIBLE RUBY (IRE)",2022,FILLY,"Iain Jardine",T:49,A:35,T:10,T:30,T:56,T:66
"INVINCIBLE SHADOW (GB)",2022,GELDING,,A:1,T:49,T:x,T:x,A:x,-
"INVINCIBLE SPEED (IRE)",2021,GELDING,"Mark Loughnane",T:71,T:71,A:70,A:69,A:73,A:68
"INVINCIBLE STORM (IRE)",2022,GELDING,,A:0,A:24,A:40,A:27,A:7,A:42
"INVISIBLE (IRE)",2022,FILLY,,T:x,A:x,T:x,T:77,A:x,T:x
"INVOLVEMENT (GB)",2021,GELDING,"Simon & Ed Crisford",T:105,T:94,T:102,T:102,T:93,T:96
"IOLAOS DU MOU (FR)",2018,GELDING,"Tony Culhane & Stella Barclay",H:81,H:89,H:96,H:90,H:62,H:68
"IONIAN (IRE)",2021,GELDING,"Nicky Henderson",H:x,H:x,H:x,H:x,-,-
"IONITY (FR)",2019,GELDING,"Mrs C. Williams",H:85,H:92,H:89,H:90,H:89,H:85
"IP UP (FR)",2018,FILLY,"Jedd O'Keeffe",H:98,H:107,H:113,H:110,H:113,H:113
"IRANDANDO HAS (FR)",2019,GELDING,"Sam Allwood",H:0,H:x,H:x,H:x,-,-
"IREZUMI (GB)",2020,GELDING,"Jim Boyle",H:x,T:26,T:31,T:43,T:51,T:53
"IRIS DANCER (GB)",2018,FILLY,"Tristan Davidson",T:45,T:58,T:50,T:62,T:56,T:46
"IRIS DES ISSARDS (FR)",2018,GELDING,,H:0,H:99,S:91,H:89,H:104,H:98
"IRISANTE (GER)",2021,FILLY,,H:57,S:45,H:65,H:97,H:x,H:x
"IRISH BLAZE (IRE)",2016,GELDING,,H:0,H:79,H:89,S:120,S:94,H:x
"IRISH CHORUS (GB)",2019,FILLY,"Alan King",S:117,S:117,S:112,S:104,S:106,S:88
"IRISH DANCER (IRE)",2020,GELDING,"Declan Carroll",T:58,A:53,A:38,A:56,A:56,A:53
"IRISH FUSILIER (IRE)",2023,GELDING,"Gary & Josh Moore",T:x,T:x,T:x,-,-,-
"IRISH INCENTIVE (IRE)",2023,FILLY,"Gay Kelleway",T:36,A:x,A:x,A:x,A:x,T:x
"IRISH NECTAR (GB)",2021,GELDING,"Michael Herrington",A:76,T:29,A:74,A:79,A:63,A:72
"IROKO (FR)",2018,GELDING,,S:160,S:136,S:158,S:148,S:148,S:150
"IRON BRIDGE (IRE)",2016,GELDING,,S:139,S:133,S:135,S:0,S:135,S:0
"IRONICA DE THAIX (FR)",2018,GELDING,"Venetia Williams",S:80,S:0,S:0,H:x,H:x,H:x
"IRONIST (IRE)",2022,FILLY,"George Margarson",T:68,T:67,T:68,T:70,A:66,T:64
"IRONWILL (IRE)",2023,COLT,"Stuart Williams",T:80,T:82,T:x,T:x,T:x,-
"IRV (IRE)",2016,GELDING,,T:47,A:37,A:41,T:37,A:40,T:50
"IS I RIGHT (IRE)",2022,COLT,,A:0,A:71,A:71,A:64,T:58,T:67
"IS THIS FOR REAL (IRE)",2020,GELDING,,S:72,H:x,H:0,H:x,H:x,H:x
"ISAAC DES OBEAUX (FR)",2018,GELDING,"Paul Nicholls",S:136,S:139,S:127,S:132,S:129,S:119
"ISABEL DE CLARE (GB)",2020,FILLY,"G. M. Crow",H:53,H:58,H:82,H:84,H:74,H:15
"ISABELLA ISLAY (GB)",2022,FILLY,"Clive Boultbee-Brooks",H:97,H:x,H:x,H:x,-,-
"ISAMBARD KINGDOM (IRE)",2023,GELDING,"Charlie Johnston",T:39,A:63,A:67,T:x,T:x,T:x
"ISHE WORTH AGAMBLE (GB)",2021,GELDING,"Tim Easterby",T:58,T:59,A:45,A:60,A:58,T:66
"ISHIMENTOR (IRE)",2023,GELDING,,A:46,T:x,T:x,T:x,-,-
"ISLA BELLA (GB)",2022,FILLY,"Joey Ramsden",A:43,A:45,T:33,A:44,A:33,A:48
"ISLA KAI (IRE)",2018,GELDING,"Nigel Tinkler",T:63,T:67,A:72,T:54,T:78,T:75
"ISLAND BEAR (IRE)",2023,GELDING,"Dr Richard Newland & Jamie Insole",T:75,A:72,T:x,T:x,T:x,-
"ISLAND BRIDGE (IRE)",2020,GELDING,"Kim Bailey & Mat Nicholls",H:x,H:x,H:x,H:x,H:x,N:x
"ISLAND HERO (IRE)",2022,GELDING,"Heather Main",T:62,A:x,A:x,A:x,-,-
"ISLAND OCEAN (GB)",2022,FILLY,,A:43,A:53,A:43,T:43,A:49,T:x
"ISLAND OF SKYE (GB)",2019,GELDING,,T:43,A:44,T:57,T:53,T:44,T:50
"ISLAND RUN (GB)",2017,GELDING,"David Phelan",H:72,H:103,H:102,H:79,H:110,H:109
"ISLE OF FERNANDEZ (GB)",2023,FILLY,"Kevin Ryan",T:85,T:90,T:x,T:x,T:x,T:x
"ISLE OF GOLD (IRE)",2018,GELDING,,S:0,S:0,S:104,H:x,H:x,H:x
"ISLE OF JURA (GB)",2020,GELDING,,T:102,T:119,T:112,T:91,T:97,T:86
"ISLE OF LISMORE (IRE)",2018,GELDING,"Robert Cowell",T:48,T:72,A:52,T:71,T:76,T:64
"ISLE OF PARADISE (GB)",2022,FILLY,,T:x,T:x,T:x,-,-,-
"ISLE OF SARK (USA)",2018,GELDING,"Micky Hammond",S:82,S:93,S:102,H:91,A:66,H:95
"ISOCRATE (FR)",2018,GELDING,"W. J. Brown",H:96,S:87,S:104,S:83,S:105,S:95
"ISSAM (FR)",2018,GELDING,"Tom Symonds",S:110,S:143,S:130,S:137,S:136,S:131
"ISTHATU (GB)",2023,FILLY,,T:46,T:44,T:40,T:50,T:47,M:x
"IT JUST TAKES TIME (IRE)",2018,GELDING,"Mark Walford",T:67,T:66,T:74,T:34,T:66,T:83
"IT'S A BREEZE (IRE)",2019,GELDING,"Paul Nicholls",S:0,S:0,H:85,H:93,H:91,H:85
"IT'S A LOVE THING (GB)",2018,GELDING,"Sam England",A:36,A:34,A:33,A:46,A:53,A:50
"IT'S ALL ABOUT YOU (IRE)",2020,GELDING,"Jennie Candlish",T:68,T:74,H:111,T:79,T:75,H:100
"IT'S EASY (FR)",2018,FILLY,"Mrs C. Williams",S:0,S:87,S:101,S:109,S:101,S:100
"IT'S HARD TO KNOW (IRE)",2019,GELDING,"Ben Pauling",S:119,S:116,H:92,H:x,H:x,H:x
"IT'S LIFE (GB)",2022,FILLY,"Kathy Turner",H:80,T:43,H:42,H:86,H:96,H:86
"IT'S MAISY (IRE)",2018,FILLY,"Joel Parkinson & Sue Smith",H:85,H:96,H:94,H:85,H:92,H:93
"IT'S ONLY FUN (IRE)",2022,GELDING,"Sara Ender",A:61,T:54,T:51,T:56,T:59,A:52
"IT'S PARTY TIME (IRE)",2021,GELDING,"Nick Kent",S:0,H:x,H:x,H:x,-,-
"IT'S SHOWTIME (IRE)",2021,FILLY,,A:16,A:35,A:27,A:42,A:52,A:40
"IT'S TOP (FR)",2020,GELDING,"Oliver Signy",H:111,H:0,H:x,H:x,N:x,N:x
"IT'SNEVERJUSTONE (GB)",2022,GELDING,"David Loughnane",T:78,T:81,T:73,T:74,T:43,T:76
"ITALIAN SPIRIT (IRE)",2016,GELDING,"Harriet Dickin",S:38,S:87,S:53,S:50,S:81,S:78
"ITEM (GB)",2023,COLT,"Andrew Balding",T:117,T:x,A:x,-,-,-
"ITHAKA (IRE)",2016,GELDING,"Alastair Ralph",S:0,S:0,S:0,S:105,S:99,S:66
"ITICA (GB)",2023,COLT,"Andrew Balding",A:x,A:x,A:x,-,-,-
"ITO DITTO (FR)",2018,GELDING,"Nicky Martin",H:120,H:86,S:82,S:0,S:0,H:123
"ITRAAQ (GB)",2022,FILLY,,T:61,T:67,T:x,T:x,T:x,-
"ITSGOTTOBEFUN (IRE)",2022,GELDING,,T:12,A:24,A:45,T:27,A:31,A:46
"ITSINTHENAME (IRE)",2021,GELDING,"Nick Scholfield",H:0,H:x,H:x,H:x,N:x,-
"ITSNOTEASY (IRE)",2018,GELDING,,H:0,H:0,S:63,S:96,S:0,H:96
"ITSONLYROCKANDROLL (GB)",2023,FILLY,"Adam Kirby",A:51,A:57,A:x,A:x,A:x,-
"ITSZABOY (GB)",2023,GELDING,"Nigel Tinkler",T:26,T:x,T:x,T:x,-,-
"ITURGEON DU BREUIL (FR)",2018,GELDING,"Barry Murtagh",S:0,S:0,S:68,S:58,S:18,S:70
"ITWASFATE (GB)",2017,GELDING,"R. Mike Smith",-,-,-,-,-,-
"IVALDI (FR)",2018,GELDING,"Chris Gordon",S:0,H:0,H:104,H:133,H:113,H:122
"IVAN'S LEGACY (GB)",2021,GELDING,"Tom Ellis",H:x,H:x,H:x,N:x,N:x,N:x
"IVANE (FR)",2018,GELDING,"James Owen",S:109,H:109,S:104,S:119,S:113,S:117
"IVAR THE BONELESS (IRE)",2018,GELDING,,S:0,-,-,-,-,-
"IVATT (GB)",2022,GELDING,,T:77,T:82,A:72,A:81,A:x,T:x
"IVYNATOR (IRE)",2018,GELDING,"Jean McGregor",H:0,H:0,T:44,H:52,H:74,H:69
"IWANTMYTIMEWITHYOU (GB)",2022,GELDING,"Ed Dunlop",T:71,T:67,T:59,A:65,T:47,T:52
"IZAKAYA (GER)",2019,FILLY,"Camilla Poulton",T:47,A:46,H:x,T:53,T:50,T:39
"IZZ'NT SHE HOT (GB)",2023,FILLY,,T:50,A:64,A:x,A:60,A:x,T:x
"IZZARI (GER)",2021,GELDING,"Iain Jardine",T:53,T:52,A:72,A:68,A:72,A:73
"IZZY FAST (GB)",2022,FILLY,"Philip McBride",T:41,T:35,T:x,A:x,T:x,-
"IZZY'S GREY (IRE)",2019,GELDING,"Belinda Clarke",H:65,H:77,H:83,H:0,H:0,H:0
"J J MOON (GB)",2019,GELDING,"Emma Lavelle",H:129,H:130,H:0,H:131,H:127,H:x
"J STREET (GB)",2022,FILLY,"Michael & David Easterby",A:61,T:64,A:52,A:70,A:31,T:56
"J'ENVOIEVALSERENKI (FR)",2021,GELDING,"Luca Morgan",H:83,-,-,-,-,-
"JABAARA (IRE)",2021,FILLY,,T:97,T:97,T:98,A:98,T:103,T:106
"JACCOURS (FR)",2019,GELDING,,S:97,S:0,H:x,H:x,H:x,H:x
"JACHIN (IRE)",2022,GELDING,,A:39,A:47,A:47,T:48,A:65,T:24
"JACK ANDREA (GB)",2022,GELDING,"John Butler",A:56,A:59,A:55,A:52,A:51,A:42
"JACK BLACK (FR)",2019,GELDING,"C. R. Barber",S:0,S:106,S:82,H:x,H:x,H:x
"JACK DANIEL (IRE)",2018,GELDING,"Steph Hollinshead",T:0,A:51,T:53,T:57,A:47,A:58
"JACK DEMPSEY (GB)",2020,GELDING,"Ian Duncan",H:0,H:x,H:x,H:x,H:x,N:x
"JACK DOYEN (IRE)",2016,GELDING,"Ben Case",S:90,S:85,S:83,S:79,S:69,S:68
"JACK HOOLA (GB)",2020,GELDING,"Tom Lacey",H:84,H:38,H:86,H:98,H:97,H:97
"JACK HYDE (IRE)",2018,GELDING,"Fergal O'Brien",H:129,H:128,H:107,H:122,H:123,H:x
"JACK LANGLEY (GB)",2022,GELDING,"Charlie Clover",A:56,A:58,A:60,A:59,A:55,A:55
"JACK RABBIT SLIMS (GB)",2023,GELDING,"Tony Coyle & Kaine Wood",T:54,T:x,A:47,T:55,T:46,T:x
"JACK SPAROWE (IRE)",2019,GELDING,"John Butler",A:69,T:68,A:58,A:28,A:59,A:63
"JACK SPRAT (IRE)",2018,GELDING,"James Moffatt",H:89,H:93,H:97,H:103,S:0,H:73
"JACK THE BACHELOR (IRE)",2023,COLT,"Antony Brittain",A:73,A:86,-,-,-,-
"JACK THE BOSS (IRE)",2021,GELDING,,H:0,H:x,H:x,H:x,-,-
"JACK THE NIPPER (GB)",2019,GELDING,,S:0,S:0,S:0,H:x,H:x,H:x
"JACK THE SAVAGE (GB)",2017,GELDING,"Laura Horsfall",H:86,H:90,H:75,H:87,H:75,H:89
"JACK THE TOOTH (GB)",2023,GELDING,,A:63,A:63,A:67,T:x,T:x,T:x
"JACK TO BAT (GB)",2019,GELDING,"Jonjo & A.J. O'Neill",S:32,S:66,H:x,H:x,H:x,-
"JACK'S A LEGEND (GB)",2015,GELDING,"Tim Vaughan",S:68,S:95,H:94,H:60,H:90,H:104
"JACK'S JURY (IRE)",2020,GELDING,"Barry Murphy",S:0,S:95,H:81,H:95,H:95,H:81
"JACKABI (FR)",2023,GELDING,"Ian Williams",T:26,A:43,A:69,A:70,T:x,T:x
"JACKELINE (GB)",2019,FILLY,,H:53,H:75,S:0,S:0,S:79,S:86
"JACKIE BROWN (IRE)",2020,FILLY,"Adrian Wintle",T:32,-,-,-,-,-
"JACKIE HOBBS (GB)",2020,FILLY,"Harry Derham",H:x,H:x,H:x,H:x,N:x,N:x
"JACKOMY (IRE)",2020,GELDING,"Neil Mulholland",H:108,H:114,H:107,H:97,H:62,H:x
"JACKPOT CASH (FR)",2019,GELDING,,H:105,S:98,S:97,S:74,H:103,S:0
"JACKPOT CAUVELIERE (FR)",2019,GELDING,,H:84,H:x,H:x,-,-,-
"JACKPOT D'AINAY (FR)",2019,GELDING,"Olly Murphy",H:0,H:112,H:106,H:x,H:x,H:x
"JACKPOT D'ATHOU (FR)",2019,GELDING,"Henry Hogarth",H:95,H:84,H:0,H:84,S:0,H:96
"JACKS PARROT (FR)",2019,GELDING,"Oliver Greenall & Josh Guerriero",S:88,S:117,S:116,S:119,S:116,H:x
"JACKS TOUCH (IRE)",2015,FILLY,"Dr Belinda Rose",S:0,S:83,S:92,S:58,S:112,S:0
"JACKSON STREET (IRE)",2021,GELDING,"Michael Attwater",T:40,A:46,A:57,A:55,A:45,A:53
"JACKSON'S BAY (IRE)",2021,GELDING,,S:0,H:47,H:67,H:75,H:0,H:75
"JACKSTELL (FR)",2019,GELDING,"Jamie Snowden",H:91,H:88,H:116,H:x,H:x,H:x
"JACQUELINA (IRE)",2019,FILLY,,T:56,T:58,A:40,T:29,T:42,T:60
"JACQUES CLOUSEAU (IRE)",2019,GELDING,"Mel Rowley",S:117,H:109,H:x,H:x,H:x,-
"JACQUETTA (IRE)",2021,GELDING,"Gary & Josh Moore",H:82,H:80,H:74,H:x,H:x,H:x
"JAFFA CAKE (IRE)",2020,GELDING,"Ben Pauling",S:0,S:56,H:0,H:0,H:x,H:x
"JAFIMGOSO (GB)",2019,GELDING,"Dan Skelton",H:99,H:68,H:85,H:x,H:x,H:x
"JAGER TIME (IRE)",2019,GELDING,"Fergal O'Brien",H:98,H:98,H:92,H:90,H:82,H:77
"JAGETME (IRE)",2022,FILLY,,A:31,T:58,T:13,A:32,T:58,A:58
"JAGWAR (FR)",2019,GELDING,,S:0,S:155,S:153,S:149,S:148,S:139
"JAIPALETEMPS (FR)",2019,GELDING,"David Pipe",S:118,S:123,S:119,S:85,S:118,S:112
"JAITROPLACLASSE (FR)",2019,GELDING,"Robbie Llewellyn",S:86,S:88,S:97,S:96,S:73,S:100
"JAJA JIMMY (GB)",2020,GELDING,"Jo Davis",H:0,H:55,H:x,H:x,H:x,N:x
"JAKAJARO (IRE)",2021,GELDING,"Robert Cowell",T:108,T:108,T:102,T:95,T:96,T:93
"JAKANA (IRE)",2019,FILLY,"Leonard Kerr",S:0,S:83,H:0,H:0,H:0,H:93
"JAKAR DU MOULIN (FR)",2019,GELDING,"Paul Nicholls",H:122,H:123,H:115,H:109,H:x,H:x
"JAKARTA (GB)",2022,FILLY,"Oliver Cole",A:66,T:78,T:74,T:79,T:68,T:72
"JAKE LOVES LAURA (GB)",2022,FILLY,"Clare Hobson",A:19,A:47,A:26,A:33,A:55,T:44
"JALISCO STAR (IRE)",2018,FILLY,"Laura Horsfall",H:104,H:111,H:119,H:116,H:115,H:114
"JAM LASS (GB)",2021,FILLY,"Peter Niven",T:50,A:51,A:55,T:64,T:32,T:x
"JAMADA (IRE)",2020,GELDING,"Olly Murphy",H:105,H:x,H:x,H:x,H:x,H:x
"JAMAICAINE (FR)",2019,FILLY,"Neil Mulholland",H:99,S:75,H:103,H:100,H:86,H:75
"JAMAICAN STORM (GB)",2022,GELDING,"Bryan Smart",T:57,A:50,T:62,A:65,A:62,A:62
"JAMBEAREE (IRE)",2023,GELDING,"Brian Ellison",T:39,T:18,A:45,T:x,A:x,A:x
"JAMES CHOICE (GB)",2023,GELDING,"Warren Greatrex",A:x,T:x,T:x,-,-,-
"JAMES MCHENRY (GB)",2020,GELDING,"Edward Bethell",T:70,T:86,T:90,A:92,A:80,T:83
"JAMES PARK WOODS (IRE)",2016,GELDING,"Dominic Ffrench Davis",T:34,T:40,T:33,T:44,T:41,T:50
"JAMES'S DELIGHT (IRE)",2021,GELDING,"Clive Cox",T:92,T:91,T:87,T:96,T:105,T:110
"JAMESIECONN (IRE)",2019,GELDING,"Nicky Richards",S:104,S:100,S:97,S:98,S:79,S:86
"JAMIE SOMMERS (IRE)",2023,FILLY,"David Loughnane",T:53,T:66,T:68,A:68,A:64,A:60
"JAMIE'S CHOICE (GB)",2020,FILLY,,T:39,T:34,T:28,T:3,T:29,T:9
"JAMINOZ (IRE)",2019,GELDING,"Lucinda Russell & Michael Scudamore",T:60,T:61,H:88,H:85,T:47,T:62
"JAMINSKA (FR)",2019,FILLY,"Mrs Jane Williams",H:99,H:98,H:83,H:x,H:x,H:x
"JAMMY JAY (GB)",2020,FILLY,"James Evans",H:56,H:97,H:100,H:x,H:x,H:x
"JAN STEEN (GB)",2023,GELDING,,T:74,T:78,T:81,T:71,T:x,T:x
"JANE OF THE JUNGLE (IRE)",2023,FILLY,"Scott Dixon",T:51,T:56,A:57,A:44,A:39,A:57
"JANE TEMPLE (GB)",2021,FILLY,,T:99,T:99,T:96,T:64,T:93,A:x
"JANEY MACKERS (IRE)",2022,FILLY,"David Menuisier",T:90,T:78,T:92,T:60,T:87,T:77
"JANGO BAIE (FR)",2019,GELDING,"Nicky Henderson",S:166,S:168,S:167,S:165,S:155,S:159
"JANIKA (FR)",2013,GELDING,"E. Turner",H:120,H:116,H:0,H:123,S:0,S:137
"JANNAS JOURNEY (IRE)",2021,FILLY,"Jim Goldie",T:77,T:64,T:71,T:72,T:50,T:52
"JANWORTH (GB)",2017,FILLY,"Jamie Snowden",H:96,H:101,H:103,H:103,H:97,H:72
"JAPETUS (GB)",2021,GELDING,"Nicky Richards",H:x,H:x,H:x,N:x,N:x,N:x
"JASMIN DE COTTE (FR)",2019,GELDING,,S:101,S:98,S:105,S:81,S:64,H:80
"JASMIN DE GRUGY (FR)",2019,GELDING,,S:132,S:0,S:121,S:117,S:126,S:120
"JASMINE BLISS (GB)",2019,FILLY,"Harry Derham",S:92,S:134,S:130,S:127,H:119,H:x
"JASOUR (GB)",2021,COLT,"Clive Cox",T:106,T:106,T:104,T:108,T:105,T:99
"JATILUWIH (FR)",2014,GELDING,"Philip Hobbs & Johnson White",H:103,H:111,H:113,H:0,H:106,H:111
"JAUNTY VIKING (GB)",2015,GELDING,"Brian Eckley",S:0,S:66,S:38,S:0,H:76,H:100
"JAVA POINT (IRE)",2015,GELDING,"Lemos De Souza",H:0,H:125,H:121,H:126,S:118,S:85
"JAVERT ALLEN (FR)",2019,GELDING,"Mrs Jane Williams",S:108,S:115,S:124,S:127,S:128,S:114
"JAX EDGE (GB)",2020,FILLY,"Christopher Mason",T:65,T:71,T:46,A:62,T:77,T:71
"JAX JUNIOR (GB)",2019,GELDING,"Lucy Wadham",S:0,S:137,S:144,S:145,S:127,S:144
"JAYYASH (FR)",2021,GELDING,,A:90,T:75,T:83,A:83,T:83,T:75
"JAZL (IRE)",2023,GELDING,"Simon & Ed Crisford",T:95,T:x,T:x,T:x,-,-
"JAZZ SCENE (GB)",2021,GELDING,,A:59,A:61,A:58,T:0,T:57,T:49
"JAZZ TALKING (GB)",2022,FILLY,"Laura Horsfall",H:91,A:23,T:26,A:46,A:x,A:x
"JAZZY BABY (GB)",2022,FILLY,"Keiran Burke",A:22,A:66,A:72,A:71,A:x,A:x
"JE MR DAWSON (FR)",2019,GELDING,,H:89,H:x,H:x,H:x,N:x,-
"JEANNE BARET (GB)",2022,FILLY,,A:0,T:x,A:x,T:x,-,-
"JEANS MAITE (GB)",2016,FILLY,"Roy Bowring",A:30,A:62,A:52,A:52,A:58,A:56
"JEANY MAY (GB)",2022,FILLY,"Nigel Tinkler",T:43,T:24,T:36,A:35,T:42,A:58
"JEDDAAL (GB)",2023,GELDING,"Ed Walker",T:84,T:x,T:x,T:77,T:x,T:x
"JEDHI KNIGHT (GB)",2022,GELDING,"Paul Midgley",H:39,H:87,H:90,T:52,T:52,A:43
"JEEPYDOFF MEEL (FR)",2018,GELDING,"Lisa Harrison",H:56,H:61,H:54,H:52,H:72,H:72
"JEFE TRIUNFO (FR)",2019,GELDING,"Chris Gordon",H:81,H:54,H:84,H:0,H:98,H:98
"JEFFERY'S CROSS (IRE)",2016,GELDING,"Dan Skelton",H:114,H:126,H:126,H:123,S:123,S:97
"JEHOL DE THAIX (FR)",2019,GELDING,"Nicky Richards",H:98,H:109,H:104,H:95,H:x,H:x
"JEL PEPPER (IRE)",2023,GELDING,"Oliver Cole",T:78,A:95,T:97,T:78,T:100,T:x
"JEM'S LILLY (IRE)",2020,FILLY,"Harry Derham",H:x,H:x,H:x,-,-,-
"JENA D'OUDAIRIES (FR)",2019,FILLY,"Paul Nicholls",H:109,H:103,H:85,H:99,H:92,H:93
"JENEVER (GB)",2019,GELDING,"Jessica Macey",T:70,T:70,T:62,A:77,A:72,T:74
"JENNI (IRE)",2021,FILLY,"Seb Spencer",T:44,T:47,A:28,A:52,T:59,T:66
"JENNIFER JANE (IRE)",2023,FILLY,"Charlie Johnston",T:108,T:85,T:99,T:x,A:x,-
"JENNIFER WREN (IRE)",2022,FILLY,,A:39,T:x,T:x,T:x,-,-
"JENNY JEROME (GB)",2023,FILLY,"Simon Hodgson",T:43,T:64,T:x,A:x,T:x,T:x
"JENSON BENSON (IRE)",2018,GELDING,"Shaun Lycett",A:44,T:49,T:53,A:48,A:56,A:53
"JER BATT (IRE)",2020,GELDING,"David & Nicola Barron",T:80,T:75,T:78,T:80,T:88,T:88
"JERICOACOARA (FR)",2019,GELDING,"Micky Hammond",H:118,H:114,H:112,H:109,H:109,H:93
"JERIKO DU REPONET (FR)",2019,GELDING,,H:0,S:134,S:132,S:141,S:132,H:141
"JERMYN RAFFLES (FR)",2019,GELDING,,S:108,-,-,-,-,-
"JERSEY MAVERICK (IRE)",2022,GELDING,"Charlie Fellowes",T:67,A:74,A:61,A:73,A:70,T:70
"JERSEYGEORDIE (GB)",2023,GELDING,,A:2,A:22,A:x,A:x,A:x,-
"JESMOND DAWN (IRE)",2021,GELDING,"Grant Tuer",A:53,A:47,A:33,A:62,A:68,A:68
"JESSE LUC (GB)",2020,GELDING,"Mike Murphy",A:67,A:64,A:69,A:68,A:69,A:67
"JESSIE JUMP JET (GB)",2020,FILLY,"Samuel Drinkwater",H:x,H:89,H:80,H:74,H:88,H:0
"JESSIE'S GIANT (GB)",2021,FILLY,"Tom Ellis",H:82,H:x,H:x,H:x,N:x,N:x
"JESTER QUEEN (USA)",2022,FILLY,,T:25,A:x,H:0,T:34,T:28,T:38
"JET BLACK (GB)",2022,FILLY,,A:55,A:70,T:69,T:57,T:70,T:70
"JET JOE (GB)",2021,GELDING,"Katy Price",H:64,H:x,H:x,H:x,-,-
"JET LEGS (IRE)",2017,GELDING,"Martin Todhunter",S:110,S:98,S:83,S:109,S:109,S:116
"JET LIGHT (FR)",2019,GELDING,"James Moffatt",S:56,H:0,H:x,H:x,H:x,-
"JET OF DREAMS (IRE)",2018,GELDING,"Warren Greatrex",S:0,H:92,H:73,H:104,S:117,H:x
"JET OF MAGIC (IRE)",2016,GELDING,"Steph Cameron",H:86,H:0,S:81,H:82,H:124,S:114
"JET PACKER (GB)",2022,GELDING,"Jim Boyle",T:27,A:56,A:56,H:0,A:52,A:59
"JET PLANE (IRE)",2016,GELDING,,H:129,H:103,H:0,S:135,S:136,S:125
"JET SMART (IRE)",2018,GELDING,"Dean Summersby",S:112,S:112,S:97,S:91,S:104,S:111
"JET STEEL (IRE)",2021,GELDING,"Tim Vaughan",H:x,H:x,H:x,N:x,N:x,-
"JET TO VEGAS (IRE)",2019,GELDING,"Lucinda Russell & Michael Scudamore",H:132,H:122,S:132,S:137,S:137,H:x
"JET WARRIOR (GB)",2022,GELDING,"Ben Haslam",T:62,T:64,A:53,T:43,A:x,-
"JETEYE (IRE)",2017,GELDING,"Sam England",H:100,H:75,H:97,H:79,H:102,H:101
"JETTIE'S RUN (IRE)",2022,FILLY,,A:87,A:87,T:x,A:x,A:x,-
"JETTY MAY (IRE)",2020,FILLY,"Paul Nicholls",H:88,H:92,H:45,H:x,H:x,H:x
"JEU D'OPALE (FR)",2018,GELDING,,S:111,S:0,S:102,H:95,H:0,H:86
"JEWEL EYED JUDY (GB)",2020,FILLY,"Nigel & Willy Twiston-Davies",H:50,H:0,H:51,H:0,H:74,H:83
"JEWEL MAKER (IRE)",2015,GELDING,"Tim Easterby",T:60,T:53,T:34,A:46,A:63,A:58
"JEWEL OF WINDSOR (FR)",2019,FILLY,"D. J. Jeffreys",H:0,H:49,H:79,H:81,H:78,N:x
"JEWELRY (IRE)",2022,FILLY,,A:79,A:79,A:73,T:76,A:x,T:76
"JEZ BOMB (GB)",2021,GELDING,"Sam England",T:73,T:32,A:76,T:76,A:73,A:75
"JHENTONG ENKI (FR)",2019,GELDING,"Ben Pauling",H:58,H:110,H:112,H:73,-,-
"JIAIR MADRIK (FR)",2019,GELDING,"Donald McCain",S:100,S:80,S:93,S:92,S:99,H:0
"JIFF'S ARMY (IRE)",2022,GELDING,,T:73,T:76,T:61,T:73,T:68,T:64
"JIG'S FORGE (IRE)",2019,GELDING,"Ben Pauling",S:113,S:136,S:135,H:x,H:x,H:x
"JIMBO SPORT (FR)",2019,GELDING,"Ben Pauling",H:x,H:x,H:x,H:x,N:x,-
"JIMMY HENRY (IRE)",2022,GELDING,,A:27,A:42,T:40,T:45,T:39,T:38
"JIMMY HURDSTROM (IRE)",2020,GELDING,"James Owen",H:85,H:x,H:118,H:117,H:x,H:x
"JIMMY KNOCKER (IRE)",2021,GELDING,"Andi Brown",T:43,T:68,T:64,T:55,T:62,A:51
"JIMMY MARK (IRE)",2020,GELDING,"Zoe Hawkins",T:56,A:48,T:52,A:40,T:58,T:51
"JIMMY SPEAKING (GB)",2021,GELDING,"Chris Dwyer",T:84,A:84,T:82,T:56,T:71,A:74
"JINDRI (IRE)",2022,FILLY,"Jane Chapple-Hyam",A:75,A:71,T:72,A:x,A:x,A:x
"JINGKO BLUE (FR)",2019,GELDING,"Nicky Henderson",H:154,H:145,H:151,H:146,H:136,S:0
"JIPCOT (FR)",2019,GELDING,"Jonjo & A.J. O'Neill",S:128,S:117,S:121,S:132,S:126,H:0
"JIRKO (FR)",2019,GELDING,"N. W. Alexander",S:0,S:0,S:80,S:85,S:88,S:86
"JKR COBBLER (IRE)",2019,GELDING,"Iain Jardine",A:49,T:51,A:56,A:56,A:55,A:51
"JLOW (IRE)",2021,FILLY,"Ryan Potter",H:78,H:0,H:72,H:68,H:0,T:0
"JM JHINGREE (IRE)",2022,GELDING,"Ewan Whillans",T:33,T:32,T:40,A:69,A:66,A:72
"JM JUNGLE (IRE)",2020,GELDING,"John & Sean Quinn",T:90,T:95,T:107,T:112,T:102,T:102
"JO ARENGEOT BEY AA (FR)",2019,GELDING,"Donald McCain",S:80,H:63,S:58,S:70,H:0,H:29
"JO COKO (FR)",2019,GELDING,"Nicky Richards",S:0,S:113,S:112,H:x,H:x,H:x
"JO LESCRIBAA (FR)",2019,GELDING,"Oliver Greenall & Josh Guerriero",S:0,S:75,S:84,S:104,S:96,S:87
"JODHPUR BLUE (FR)",2021,GELDING,"Ian Williams",A:51,A:71,A:71,A:69,A:71,A:70
"JOE COTTON (IRE)",2018,GELDING,"Jeremy Scott",S:0,S:79,S:112,S:111,S:111,S:111
"JOE MASSERIA (IRE)",2019,GELDING,,A:47,H:x,A:43,T:62,T:0,A:55
"JOECOOKER (FR)",2019,GELDING,,S:104,S:112,S:102,S:110,S:117,S:115
"JOEYBOTTLES (IRE)",2021,GELDING,"Oliver Greenall & Josh Guerriero",H:65,H:109,H:x,H:x,H:x,N:x
"JOHAN (GB)",2017,GELDING,"Jack Channon",T:109,T:66,T:94,T:106,T:94,T:100
"JOHN BARBOUR (GB)",2019,GELDING,"Fergal O'Brien",H:131,H:0,H:128,H:127,H:122,H:119
"JOHN BARLEYCORN (IRE)",2023,GELDING,"Eve Johnson Houghton",T:34,T:45,T:50,T:71,T:x,T:x
"JOHN BETJEMAN (GB)",2016,GELDING,"Donald McCain",H:102,H:104,H:102,H:58,H:77,H:95
"JOHN GALT (FR)",2022,GELDING,"Jamie Osborne",T:73,A:70,A:x,A:63,A:x,A:x
"JOHN HARRISON (GB)",2023,COLT,"Alan King",A:63,A:x,A:x,T:x,-,-
"JOHN KIRKUP (GB)",2015,GELDING,,T:34,T:37,T:37,T:6,T:29,T:29
"JOHN L SULLIVAN (IRE)",2021,GELDING,,T:0,T:56,T:56,T:53,T:66,T:66
"JOHN LOCKE (GB)",2017,GELDING,,H:66,H:91,T:54,T:56,A:53,T:61
"JOHN T (GB)",2022,GELDING,"Jonathan Portman",A:76,T:67,T:74,T:60,A:x,T:x
"JOHN W CREASY (IRE)",2018,GELDING,"Chris Honour",S:0,S:79,S:0,S:0,S:73,S:0
"JOHNJAY (GB)",2020,GELDING,"Keiran Burke",A:37,H:x,A:52,A:52,T:52,T:53
"JOHNNY BOOM (IRE)",2018,GELDING,"Shaun Lycett",T:68,T:68,A:61,A:63,H:87,T:69
"JOHNNY BOY (FR)",2019,GELDING,"Venetia Williams",S:78,H:0,H:92,H:54,H:x,H:x
"JOHNNY MOONSHINE (IRE)",2021,GELDING,"Donald McCain",H:x,H:x,H:x,N:x,-,-
"JOHNNY'S BELLE (IRE)",2020,FILLY,"Barry Murphy",H:x,H:x,H:x,N:x,-,-
"JOHNNY'S JURY (IRE)",2020,GELDING,"Jamie Snowden",H:x,H:x,H:x,H:x,H:x,-
"JOHNNYWHO (IRE)",2017,GELDING,,S:147,S:150,S:141,S:145,S:141,S:146
"JOHNSON'S BLUE (IRE)",2017,GELDING,"Mark Walford",H:118,H:0,S:111,S:124,S:110,H:98
"JOIE MORE (IRE)",2018,GELDING,"Jackie Stephen",S:0,S:62,S:75,S:0,S:75,S:78
"JOJO RABBIT (GB)",2018,GELDING,"Ruth Carr",A:44,T:66,T:67,T:47,A:59,T:67
"JOKER DE MAI (FR)",2019,GELDING,"Clive Boultbee-Brooks",H:115,S:121,S:123,S:116,S:104,H:0
"JOKER JACK (IRE)",2019,GELDING,"Claire Hitch",H:47,H:40,H:0,S:0,H:25,H:0
"JOKERS 'N' CLOWNS (IRE)",2019,FILLY,"Will Biddick",H:0,H:0,H:70,H:69,H:x,H:x
"JOLIE BAIE (FR)",2019,FILLY,"Jo Davis",H:98,H:95,H:43,H:95,H:98,H:103
"JOLIE COEUR ALLEN (FR)",2019,FILLY,"Ben Haslam",H:100,H:93,H:x,H:x,H:104,T:x
"JOLISSAINT (FR)",2019,FILLY,"Christian Williams",H:x,H:x,H:x,-,-,-
"JOLLIE DAME (GB)",2021,FILLY,"Dan Skelton",H:x,H:x,H:x,N:x,N:x,N:x
"JOLLY ROGER (IRE)",2022,GELDING,"Simon & Ed Crisford",T:89,A:83,T:82,A:x,A:x,T:x
"JOLTIN N JIVING (IRE)",2020,GELDING,"Donald McCain",H:118,H:112,H:111,H:114,H:x,H:x
"JONBON (FR)",2016,GELDING,,S:158,S:164,S:164,S:164,S:150,S:163
"JONGLEUR D'ETOILES (FR)",2019,GELDING,"Neil Mulholland",S:102,S:0,S:0,S:104,S:0,S:67
"JONNIE (GB)",2022,GELDING,"Jim Boyle",T:75,T:58,T:x,T:x,T:x,-
"JONNY CONCRETE (IRE)",2021,GELDING,"Iain Jardine",T:77,T:80,T:79,T:69,T:66,T:79
"JONNY SETASIDE (FR)",2021,GELDING,"Tom Ellis",H:x,H:x,H:x,-,-,-
"JONQUIL (GB)",2022,COLT,"Andrew Balding",T:104,T:110,T:108,T:99,T:94,T:113
"JONQUILLA (FR)",2019,FILLY,"Sarah Humphrey",H:0,H:x,H:x,N:x,-,-
"JONZAC (FR)",2020,GELDING,,H:x,H:x,H:x,H:x,-,-
"JOOLIAH (GB)",2023,GELDING,"J. R. Jenkins",T:33,A:21,A:x,A:x,T:x,-
"JOOLIANOSS (IRE)",2021,GELDING,"James Evans",T:82,A:77,A:74,A:49,A:77,A:71
"JORAH D'ALMA (FR)",2019,GELDING,"Fergal O'Brien",H:x,H:x,H:x,H:x,N:x,-
"JORDAN ELECTRICS (GB)",2016,GELDING,"Jim Goldie",T:78,T:77,T:88,T:90,T:55,T:76
"JORDANS CROSS (IRE)",2020,GELDING,"Anthony Honeyball",S:0,S:132,S:140,S:137,S:132,S:126
"JOREBEL (FR)",2019,GELDING,"Chris Gordon",S:66,S:84,S:113,S:112,S:121,S:111
"JOSEPH (GB)",2022,GELDING,"John Butler",A:31,A:70,T:41,A:67,A:67,A:64
"JOSH CENTRAL (IRE)",2021,GELDING,"Sarah-Jayne Davies",H:x,H:x,H:x,N:x,N:x,N:x
"JOSH THE BOSS (GB)",2019,GELDING,"Nigel & Willy Twiston-Davies",S:0,S:0,S:132,S:117,S:132,S:132
"JOSHUAS DREAM (GB)",2022,GELDING,"Jim Goldie",A:38,T:32,T:x,T:x,T:x,T:x
"JOTO (GB)",2020,FILLY,"John Dawson",H:0,H:0,H:75,H:75,H:71,H:60
"JOULANY (IRE)",2023,GELDING,"Ralph Beckett",T:x,T:x,T:x,A:x,-,-
"JOUR D'EVASION (FR)",2019,GELDING,"Henry Daly",S:119,S:0,S:135,S:132,S:122,S:115
"JOUR D'ORAGE (FR)",2019,GELDING,,H:0,H:55,H:74,H:0,H:35,H:36
"JOWALLA (GB)",2023,FILLY,"Tom Dascombe",A:49,A:59,T:46,A:x,T:x,T:x
"JOWDDAH (IRE)",2022,FILLY,,A:81,T:82,T:79,T:86,A:x,T:x
"JOYAU ALLEN (FR)",2019,GELDING,"Jamie Snowden",H:94,H:x,H:x,H:x,H:x,N:x
"JOYCEAN WAY (GB)",2021,GELDING,"Gary & Josh Moore",T:53,T:32,A:37,T:x,T:58,T:60
"JOYEUSE (FR)",2019,FILLY,"Nicky Henderson",H:121,H:137,H:133,H:125,S:128,S:122
"JOYEUX MACHIN (FR)",2017,GELDING,"Dan Skelton",S:142,S:137,S:107,S:0,S:132,H:128
"JOYFUL LAWYER (USA)",2023,GELDING,,T:59,A:x,A:x,A:x,A:x,-
"JPR ONE (IRE)",2017,GELDING,"Joe Tizzard",S:157,S:150,S:152,S:158,S:157,S:151
"JR CLIMBS (IRE)",2022,GELDING,,T:x,A:69,T:41,T:70,T:68,T:47
"JUAN BERMUDEZ (GB)",2019,GELDING,"Henry Oliver",H:110,H:108,H:105,H:87,H:93,H:20
"JUAN LES PINS (GB)",2017,GELDING,"Michael Appleby",T:79,T:77,T:77,T:76,A:74,A:76
"JUBERTILEE (IRE)",2017,GELDING,"Dean Summersby",H:90,H:x,H:x,H:x,-,-
"JUBILANT (FR)",2019,GELDING,"James Owen",H:118,H:0,S:91,S:123,S:117,S:113
"JUBILEE ALPHA (IRE)",2019,FILLY,,H:0,H:135,H:137,H:140,H:139,H:x
"JUBILEE EXPRESS (FR)",2017,GELDING,"Sam Thomas",S:130,S:0,S:130,S:106,S:106,S:129
"JUBILEE PARTY (GB)",2020,GELDING,"John David Riches",T:59,T:x,T:x,T:x,-,-
"JUBILEE TIME (GB)",2022,GELDING,"Mark Usher",A:18,A:x,A:x,A:x,-,-
"JUBY BALL (FR)",2019,GELDING,,S:137,S:134,S:0,S:126,H:x,H:x
"JUDGE FRANK (IRE)",2021,GELDING,"John & Rhys Flint",T:42,T:33,T:44,A:44,A:53,A:50
"JUDGMENT CALL (GB)",2018,GELDING,"Linda Perratt",A:70,A:73,A:61,A:71,A:38,A:41
"JUDICATURE (GB)",2022,GELDING,"Joel Parkinson & Sue Smith",T:53,T:68,T:66,A:58,A:68,T:66
"JUDICIAL DEFERENCE (IRE)",2019,GELDING,"Oliver Greenall & Josh Guerriero",H:0,H:124,H:120,H:x,H:x,-
"JUDICIAL REVIEW (IRE)",2018,GELDING,"James Moffatt",S:78,S:0,S:70,S:0,S:95,S:87
"JUGGERNAUT (FR)",2019,GELDING,"Anthony Honeyball",H:98,H:100,H:100,S:93,S:98,S:97
"JUJUBELLA (IRE)",2021,FILLY,"Lucinda Russell & Michael Scudamore",T:50,A:55,A:65,A:66,T:72,T:74
"JUKEBOX ANNIE (IRE)",2019,FILLY,"Claire Hitch",H:0,H:77,H:75,H:76,H:84,H:46
"JUKEBOX D'EDDY (FR)",2019,GELDING,"Tom Gretton",S:90,S:90,S:80,S:88,S:86,H:79
"JUKEBOX FURY (IRE)",2019,GELDING,,H:83,H:107,H:107,H:100,H:54,H:x
"JUKEBOX JOKER (IRE)",2020,GELDING,"Mrs C. Williams",H:83,H:39,H:84,H:83,H:70,H:22
"JUKEBOX KING (IRE)",2020,GELDING,"Kim Bailey & Mat Nicholls",H:109,H:106,H:x,H:x,-,-
"JULLOU DE GRISSAY (FR)",2019,GELDING,"Charlie Longsdon",S:84,H:95,H:101,H:110,H:x,H:x
"JUMBEAU (GB)",2020,FILLY,,T:76,T:78,A:84,T:53,T:86,T:68
"JUMBY (IRE)",2018,GELDING,"Eve Johnson Houghton",T:81,T:83,T:74,T:88,T:90,T:92
"JUMEIRAH SANDS (GB)",2023,FILLY,"Ismail Mohammed",A:x,A:x,A:x,-,-,-
"JUNGLE BOOGIE (IRE)",2014,GELDING,"Venetia Williams",S:128,S:0,S:133,S:0,S:156,S:154
"JUNGLE DANCE (IRE)",2021,GELDING,"J. R. Jenkins",A:43,A:45,A:27,A:44,A:54,T:25
"JUNGLE DRUMS (IRE)",2022,GELDING,"Jamie Osborne",T:50,A:78,A:89,T:73,T:73,A:80
"JUNGLE JUICE JOJO (IRE)",2023,FILLY,,A:x,T:x,A:x,-,-,-
"JUNGLE KNIGHT (GB)",2023,GELDING,"Mark Rimell",T:55,A:52,T:55,T:62,T:x,T:x
"JUNGLE LAND (IRE)",2021,GELDING,,A:60,T:72,T:60,T:70,A:78,T:68
"JUNGLE MONARCH (IRE)",2023,GELDING,,T:73,T:69,T:x,T:x,A:x,-
"JUNGLE RULER (IRE)",2023,GELDING,"Michael Appleby",T:83,A:86,A:80,A:x,A:x,-
"JUNGLE RUN (IRE)",2019,GELDING,,T:34,A:47,T:49,T:60,T:60,T:72
"JUNGLE WOOD (FR)",2019,GELDING,"Sara Bradstock",H:75,H:63,H:89,H:88,H:82,H:x
"JUNIOR DES MOTTES (FR)",2019,GELDING,"Leonard Kerr",H:86,H:74,H:85,H:79,H:0,H:67
"JUNIPER'S DREAM (GB)",2022,GELDING,,A:47,A:35,T:44,T:x,T:x,T:x
"JUNKYARD DOG (IRE)",2022,GELDING,"Iain Jardine",H:65,H:70,H:80,H:x,H:73,T:55
"JUNO STAR (IRE)",2022,FILLY,,A:39,A:39,A:44,A:47,A:48,A:45
"JUPITER ALLEN (FR)",2019,GELDING,"Chester Williams",S:0,S:126,S:120,S:125,S:97,S:62
"JUPITER AMMON (IRE)",2022,GELDING,"Andrew Balding",T:61,T:82,A:x,T:81,T:83,T:x
"JUPITER DES BORDES (FR)",2019,GELDING,"Richard Hobson",S:83,S:96,S:116,S:107,S:119,S:119
"JUPITER DES MOTTES (FR)",2019,GELDING,"Dan Skelton",H:133,H:128,H:0,S:96,H:x,H:x
"JURANCON (FR)",2019,GELDING,"David Pipe",H:113,H:106,H:109,H:115,H:132,H:x
"JURASSIC PET (IRE)",2020,FILLY,"Sara Bradstock",H:79,H:x,H:x,-,-,-
"JURY'S IN (IRE)",2020,GELDING,"Stuart Edmunds",H:103,H:x,H:x,H:x,-,-
"JUS DE CITRON (FR)",2019,GELDING,"Harry Derham",S:111,S:115,H:89,H:x,H:x,-
"JUST A GAMBLER (IRE)",2023,GELDING,"Charlie Johnston",T:55,T:56,T:49,A:69,A:69,T:x
"JUST A GIRL (GB)",2023,FILLY,"Charlie Johnston",T:83,T:72,A:81,A:80,T:84,T:66
"JUST A GLANCE (GB)",2020,FILLY,"Ian Chanin",H:x,H:x,H:x,N:x,-,-
"JUST A HEARTBEAT (GB)",2019,FILLY,"Harry Fry",H:98,H:x,H:x,H:x,N:x,N:x
"JUST A MEMORY (FR)",2019,FILLY,"Fergal O'Brien",S:92,H:0,H:0,S:63,S:95,S:94
"JUST A POET (GB)",2020,FILLY,,H:x,H:x,H:x,N:x,-,-
"JUST A ROSE (FR)",2019,FILLY,,H:116,H:0,H:0,H:119,H:x,H:x
"JUST ADAIR (GB)",2022,GELDING,"Jonjo & A.J. O'Neill",T:43,T:51,T:52,T:48,T:x,T:x
"JUST AIDAN (IRE)",2019,GELDING,"Harriet Dickin",S:86,S:75,S:89,S:0,H:57,H:0
"JUST AN ARTIST (GB)",2021,FILLY,,H:82,H:102,H:x,H:x,H:x,H:x
"JUST AN HOUR (IRE)",2020,GELDING,"Rod Millman",T:67,T:76,T:73,T:72,T:77,T:74
"JUST CALL ME ANGEL (GB)",2023,FILLY,"Ed Dunlop",T:82,T:82,A:85,T:x,T:x,T:x
"JUST CALL ME BUZZ (GB)",2021,GELDING,"Ben Clarke",H:x,H:x,N:x,-,-,-
"JUST CALL ME LUCY (GB)",2018,FILLY,"Mark Walford",H:105,H:108,H:95,H:105,H:101,H:0
"JUST CALL ME MO (GB)",2023,GELDING,"Sarah-Jayne Davies",A:0,A:35,A:39,A:x,T:x,A:x
"JUST DOTTIE (GB)",2018,FILLY,"R. Mike Smith",T:54,H:93,T:57,T:58,H:106,T:x
"JUST ENNEMI (FR)",2020,GELDING,"Harry Derham",H:120,H:102,S:113,-,-,-
"JUST FORTY (FR)",2021,GELDING,"Michael Madgwick",S:0,S:0,H:x,-,-,-
"JUST GOLDEN (IRE)",2020,GELDING,,H:106,H:x,H:x,H:x,H:x,N:x
"JUST HER TYPE (IRE)",2020,FILLY,"Max Comley",H:117,H:x,H:113,H:106,H:108,H:94
"JUST IN A BIT (GB)",2018,GELDING,"Mel Rowley",S:91,S:91,S:86,S:96,H:83,H:89
"JUST JUMP (IRE)",2022,GELDING,"Tony Carroll",T:0,A:51,A:52,A:49,A:58,-
"JUST KEEP FLYING (USA)",2022,FILLY,,A:75,T:80,A:x,T:x,-,-
"JUST KING HIGH (IRE)",2022,GELDING,"Ross Burdon",A:44,T:37,A:32,A:49,A:48,A:36
"JUST LOOSE CHANGE (GB)",2017,GELDING,"Darren McAlinden",H:0,H:0,S:95,S:92,S:0,S:102
"JUST LUCKY SIVOLA (FR)",2019,GELDING,"Luca Morgan",H:92,H:0,H:98,H:107,H:x,H:x
"JUST OVER LAND (FR)",2019,GELDING,"Sam Thomas",S:110,S:122,S:121,S:120,S:115,S:106
"JUST QUEEN HIGH (IRE)",2022,FILLY,"Ian Williams",T:17,T:54,T:73,T:54,T:x,A:x
"JUST TYPICAL (GB)",2021,GELDING,"Ian Williams",A:62,A:63,A:67,A:45,T:61,T:68
"JUSTCALLMEPETE (GB)",2019,GELDING,"Tony Carroll",T:86,T:78,T:83,A:80,A:82,A:81
"JUSTCALLMESERGIO (GB)",2023,COLT,,A:x,T:60,T:x,-,-,-
"JUSTCALLMETREVA (GB)",2022,FILLY,,A:14,T:7,T:x,A:x,A:x,-
"JUSTLIKEFIRE (GB)",2019,GELDING,"Jennie Candlish",H:61,H:86,H:90,H:96,H:0,H:x
"JUSTMYLUCK (GB)",2023,GELDING,"Linda Perratt",T:0,A:40,A:65,A:76,A:x,A:x
"JUSTUS (IRE)",2018,GELDING,"Micky Hammond",H:92,H:91,H:77,H:0,H:54,H:89
"K SARRA (GB)",2023,FILLY,"Ralph Beckett",T:100,T:81,A:x,-,-,-
"KA MATE DU BRIVET (FR)",2021,GELDING,"Warren Greatrex",H:x,H:x,N:x,-,-,-
"KAARANAH (IRE)",2018,GELDING,"John Butler",A:63,A:68,A:61,A:54,A:46,A:43
"KAARESS (IRE)",2021,FILLY,"Michael Attwater",A:43,A:41,A:43,A:38,A:51,A:42
"KABRAL DU MATHAN (FR)",2020,GELDING,"Dan Skelton",H:156,H:156,H:154,H:139,H:139,H:139
"KADASTRAL (FR)",2020,GELDING,"Dan Skelton",H:x,H:x,H:x,H:x,N:x,N:x
"KADJAR DES MOTTES (FR)",2020,GELDING,"Donald McCain",S:0,H:93,S:0,S:105,S:102,S:107
"KADO SACREE (FR)",2020,GELDING,"Olly Murphy",H:118,H:111,H:x,H:x,H:x,H:x
"KAHAVARI (FR)",2020,GELDING,"Oliver Greenall & Josh Guerriero",S:118,S:117,S:112,S:97,S:111,S:106
"KAJIKIA (FR)",2020,GELDING,"Paul Nicholls",H:0,H:x,H:x,N:x,N:x,N:x
"KAKA'S COUSIN (IRE)",2020,GELDING,"Jonjo & A.J. O'Neill",H:114,H:128,H:x,H:x,H:x,-
"KAKAROTTO (GB)",2019,GELDING,,A:0,A:17,T:43,A:43,A:29,A:28
"KAKIRRA (IRE)",2023,GELDING,"Ollie Sangster",T:54,A:58,A:x,A:x,A:x,-
"KALADAN (FR)",2023,COLT,,A:x,T:x,T:x,-,-,-
"KALAMUNDA (GB)",2020,GELDING,"Joseph Parr",A:81,T:70,T:67,A:39,A:84,A:83
"KALDOUN DES ROCS (FR)",2022,GELDING,"Dan Skelton",H:105,H:115,-,-,-,-
"KALEIDO (GB)",2022,GELDING,"David O'Meara",T:65,T:71,T:74,T:x,T:x,T:x
"KALEIDOSCOPE EYES (IRE)",2022,FILLY,"Bernard Llewellyn",A:43,T:57,T:55,T:46,T:45,T:56
"KALHANDRION (FR)",2020,GELDING,"Richard Hobson",S:92,S:111,S:0,S:110,S:109,S:106
"KALIF D'AIRY (FR)",2020,GELDING,"Gary & Josh Moore",S:108,S:107,S:111,H:x,H:88,H:107
"KALIK (IRE)",2021,GELDING,,T:45,T:53,A:50,T:55,T:72,A:64
"KALIKA (GB)",2023,FILLY,,T:x,T:x,T:x,-,-,-
"KALIKAPOUR (IRE)",2020,GELDING,"John Wainwright",T:31,T:46,T:55,T:31,T:58,A:39
"KALISTA LOVE (FR)",2020,FILLY,"Tom Symonds",S:107,S:111,S:108,S:104,S:107,H:102
"KALIUM (FR)",2020,GELDING,"Tim Vaughan",H:121,H:124,H:125,H:112,H:x,H:x
"KALKAROO (IRE)",2021,GELDING,"Billy Aprahamian",H:71,H:87,H:94,H:94,H:94,H:69
"KALKBRENNER (IRE)",2020,GELDING,"Ben Pauling",H:x,H:x,H:x,N:x,-,-
"KALLY DES BRUYERES (FR)",2020,GELDING,"David Dennis",S:0,S:89,S:75,H:88,H:77,H:87
"KALO ATHENA (IRE)",2019,FILLY,"James Moffatt",H:81,H:87,H:85,H:75,H:x,H:x
"KALOKALO (IRE)",2023,COLT,"Charles Hills",T:64,A:63,A:55,T:63,T:63,T:x
"KALPANA (GB)",2021,FILLY,"Andrew Balding",T:120,T:120,A:113,T:120,T:118,A:114
"KAMAWAY (GB)",2022,FILLY,"Eve Johnson Houghton",T:67,T:67,A:48,A:x,A:x,A:x
"KAMAXOS (FR)",2017,GELDING,,H:89,S:115,H:109,H:113,H:0,H:89
"KAMBERLEIGH (GB)",2022,GELDING,,A:23,A:30,A:0,A:37,A:x,A:x
"KAMEEL (GB)",2022,GELDING,"Jessica Macey",T:56,T:54,A:44,A:59,A:56,A:42
"KAMEKIST (GB)",2022,GELDING,"Ivan Furtado",A:22,A:43,A:54,A:25,A:35,A:35
"KAMEKO FEVER (IRE)",2023,GELDING,"Richard & Peter Fahey",T:45,T:62,T:50,A:65,A:61,A:x
"KAMEKO SPIRIT (GB)",2022,FILLY,,A:17,A:20,A:15,T:35,A:21,A:46
"KAMPARI (FR)",2020,GELDING,"Laura Horsfall",H:64,H:78,H:55,H:x,H:x,H:x
"KAMSINAS (FR)",2017,GELDING,"Fergal O'Brien",H:134,H:130,H:132,H:140,S:130,S:136
"KANDOR (FR)",2019,GELDING,"M. Gill",H:93,S:84,S:112,S:103,S:100,S:0
"KANES A LOTT (IRE)",2023,GELDING,,A:47,A:40,A:20,A:44,A:53,A:37
"KANISHKA (IRE)",2023,GELDING,"Brian Ellison",T:75,T:77,A:78,A:77,T:80,T:61
"KANSAS DU BERLAIS (FR)",2019,GELDING,"Christopher Mark Clarke",H:0,H:102,H:104,S:58,T:x,H:111
"KANTAGUA DU LARGE (FR)",2020,FILLY,"Clive Boultbee-Brooks",H:66,H:82,H:93,H:88,H:79,H:93
"KAORI (GB)",2023,FILLY,"George Boughey",T:x,T:x,T:x,-,-,-
"KAP BOY (FR)",2019,GELDING,"Olly Murphy",H:107,H:107,H:110,H:120,H:120,H:x
"KAP DE TRIOMPHE (FR)",2020,GELDING,"Christian Williams",H:50,S:84,H:90,H:73,H:0,H:86
"KAP OUEST (FR)",2019,GELDING,,S:125,S:124,H:99,H:0,H:x,H:x
"KAP VERT (FR)",2020,GELDING,"Philip Hobbs & Johnson White",S:136,S:131,S:126,S:130,S:127,H:112
"KAPABILITY (FR)",2020,FILLY,"Anthony Honeyball",H:x,H:x,H:x,N:x,N:x,N:x
"KAPAL LAYAR (IRE)",2019,GELDING,,H:95,H:0,H:112,H:99,H:124,H:x
"KAPITEIN KOOL (IRE)",2021,GELDING,"Seamus Mullins",H:103,H:108,H:x,H:x,H:x,H:x
"KARA SACRE (FR)",2020,GELDING,"Venetia Williams",S:87,H:x,H:x,-,-,-
"KARAKULA (GB)",2022,FILLY,"James Ferguson",A:62,A:60,A:54,A:58,A:62,A:61
"KARAKULA DANCER (GB)",2023,GELDING,"James Ferguson",A:57,T:64,A:63,A:57,A:59,A:58
"KARIOS (GB)",2023,GELDING,"Matt Crawley",T:51,A:x,T:x,T:x,A:x,-
"KARISMA'S ANGEL (GB)",2023,FILLY,"Ed Walker",A:54,A:41,A:x,A:x,T:x,-
"KARISMATIQUE (GB)",2022,GELDING,,A:42,A:41,A:41,A:45,A:24,A:x
"KARLITA DESBOIS (FR)",2020,FILLY,"Mel Rowley",H:x,H:x,H:x,N:x,N:x,-
"KARMA DE COTTE (FR)",2020,GELDING,"Jackie Stephen",H:67,H:x,H:x,H:x,N:x,-
"KARMA POLICE (FR)",2020,GELDING,"Harry Derham",H:100,H:102,H:x,H:x,H:x,N:x
"KARMACY (IRE)",2023,FILLY,"Andrew Martin",T:0,A:34,A:41,A:x,T:x,A:x
"KARMOLOGY (GB)",2020,FILLY,,T:100,T:103,T:102,T:99,T:93,T:97
"KARNAVAL POINT (FR)",2020,GELDING,"David Pipe",S:117,-,-,-,-,-
"KARPENN (FR)",2021,GELDING,"Venetia Williams",H:x,H:x,-,-,-,-
"KARTHALA (GB)",2022,GELDING,"Jennie Candlish",H:85,H:x,H:x,H:x,A:50,A:59
"KARTHON (GB)",2022,GELDING,"Emma Lavelle",A:60,A:63,A:61,A:64,T:64,A:65
"KARTINI (IRE)",2022,FILLY,"Simon Whitaker",A:67,A:60,A:x,A:x,A:x,-
"KARTON PLEIN (FR)",2020,GELDING,"Olly Murphy",H:34,H:0,H:102,H:0,H:103,H:99
"KARUMA GREY (GER)",2018,GELDING,"Barry Murphy",S:0,S:0,S:109,H:0,S:0,S:115
"KARVALA (GB)",2023,FILLY,"Kevin Ryan",T:x,T:x,-,-,-,-
"KASGANI (IRE)",2022,GELDING,"Declan Carroll",T:72,-,-,-,-,-
"KASINO DES MOTTES (FR)",2020,GELDING,"Joe Tizzard",H:109,H:x,H:x,H:x,H:x,H:x
"KASSAYA (GB)",2022,FILLY,,T:89,T:89,T:87,T:94,T:79,T:x
"KASTELLION (FR)",2020,GELDING,"Mel Rowley",H:101,H:91,H:100,H:x,H:x,H:x
"KATALYST (GB)",2023,FILLY,"William Muir & Chris Grassick",T:63,A:17,A:61,A:x,A:x,A:x
"KATATE DORI (FR)",2018,GELDING,"Sam Thomas",S:0,S:128,S:135,S:132,H:124,S:0
"KATE MADRIK (FR)",2020,FILLY,,S:0,H:0,S:34,H:58,S:78,S:96
"KATE O'RILEY (GB)",2022,FILLY,,T:80,T:88,A:84,A:83,H:102,H:113
"KATEIRA (GB)",2017,FILLY,"Dan Skelton",H:137,H:123,H:134,H:123,H:141,H:145
"KATES CHOICE (IRE)",2020,FILLY,"Nikki Evans",H:94,H:0,H:83,H:86,H:70,H:x
"KATH'S TIPPLE (GB)",2022,FILLY,,A:21,A:0,A:x,T:x,T:x,-
"KATHLEEN MARY (GB)",2022,FILLY,"Gihan Arnolda",A:58,A:56,A:56,A:66,A:66,T:62
"KATIE'S MELODY (IRE)",2020,FILLY,"Harry Derham",S:0,H:103,H:96,H:x,H:x,H:x
"KATIE'S SONG (GB)",2023,FILLY,"Richard Hughes",A:x,A:x,A:x,-,-,-
"KATIRA DU MESTIVEL (FR)",2020,FILLY,"Ben Pauling",H:95,H:71,H:45,H:x,H:x,H:x
"KATS BOB (GB)",2018,GELDING,"Ruth Carr",T:59,T:77,T:67,T:80,T:73,T:78
"KAUTO D'AMOUR (FR)",2015,GELDING,,H:0,H:51,H:82,H:84,S:0,S:0
"KAVIAR WOOD (FR)",2020,GELDING,"Mrs C. Williams",S:85,H:81,H:83,H:71,H:x,H:x
"KAY TARA TARA (GB)",2018,FILLY,,S:80,S:84,H:108,H:99,H:79,H:0
"KAYCE DUTTON (IRE)",2018,GELDING,"Charles & Adam Pogson",S:0,S:108,S:85,S:0,S:110,S:83
"KAYDENCE (GB)",2020,FILLY,"Olly Murphy",H:x,H:x,H:x,N:x,N:x,N:x
"KAYF DANCER (GB)",2018,GELDING,"Mickey Bowen",H:105,H:121,H:109,H:87,H:108,H:x
"KAYLA'S FRIEND (IRE)",2020,FILLY,"Olly Murphy",H:x,H:x,H:x,-,-,-
"KAZAKH (GB)",2022,GELDING,,A:40,T:47,T:52,A:58,A:x,A:x
"KAZAR FOREZ (FR)",2020,GELDING,"Micky Hammond",H:104,H:106,H:108,H:98,H:81,H:91
"KDEUX SAINT FRAY (FR)",2020,GELDING,"Anthony Honeyball",S:92,S:114,S:130,S:128,S:128,S:129
"KEABLE (IRE)",2017,GELDING,"Philip Hobbs & Johnson White",H:114,H:131,H:123,H:124,H:130,H:117
"KEATS HOUSE (IRE)",2022,GELDING,"Michael & David Easterby",T:52,T:46,T:68,T:67,T:67,T:59
"KEEP AN EYE ON IT (GB)",2023,GELDING,"Tony Coyle & Kaine Wood",T:67,A:67,A:x,T:x,T:x,-
"KEEP IT CLASSIC (GB)",2023,GELDING,"William Haggas",T:37,T:53,T:46,T:x,A:x,A:x
"KEEP IT COOL (IRE)",2020,FILLY,"James Owen",A:x,A:x,A:x,H:0,H:0,H:54
"KEEP ON COBBLING (GB)",2020,FILLY,"Henry Daly",H:103,H:102,H:95,H:92,H:102,H:x
"KEEP TALKING (GB)",2022,FILLY,,A:29,A:45,A:38,A:46,A:47,A:42
"KEEP THE GOLD (GB)",2022,GELDING,"Michael Dods",T:59,T:61,A:60,T:57,T:x,T:x
"KEEP WARM (GB)",2021,GELDING,,T:61,T:63,T:45,T:71,T:45,T:59
"KEEPER OF SECRETS (GB)",2021,COLT,"Ian Williams",A:33,A:46,A:43,A:44,A:35,A:19
"KEEPKALMANDKARRYON (IRE)",2019,GELDING,,H:0,H:43,H:x,H:x,H:x,N:x
"KEFIR D'OUDAIRIES (FR)",2020,GELDING,"Olly Murphy",H:x,H:x,H:x,H:x,N:x,N:x
"KEITH'S STAR (GB)",2022,FILLY,"Michael Blake",A:0,A:0,A:17,A:x,T:x,T:x
"KEL DU LARGE (FR)",2020,GELDING,"Mrs Jane Williams",H:0,H:116,H:115,H:103,H:112,H:x
"KELCE (IRE)",2018,GELDING,"Neil Mulholland",S:126,S:125,S:118,S:106,S:117,S:116
"KELDEO (GB)",2021,FILLY,"Ollie Pears",T:55,T:64,T:72,A:68,T:58,T:67
"KELIJOE (FR)",2020,GELDING,"Stuart Edmunds",S:107,H:98,H:104,H:82,H:92,H:x
"KELLEBELLE (FR)",2021,FILLY,"D. J. Jeffreys",H:87,H:85,H:88,H:x,H:x,H:x
"KELLIE'S DREAM (IRE)",2017,FILLY,"Daragh Bourke",H:53,H:46,H:66,H:69,H:82,H:81
"KELLS PRIORY (IRE)",2017,GELDING,"Andrew Crook",H:95,H:103,H:91,H:96,H:106,-
"KELLY BURN (GB)",2023,FILLY,"James Fanshawe",A:69,A:68,T:64,A:x,A:x,A:x
"KELPIE GREY (GB)",2020,GELDING,"Jim Goldie",T:67,T:62,T:66,T:28,T:68,T:72
"KELVIN FORLONGE (FR)",2020,GELDING,"Lucinda Russell & Michael Scudamore",H:106,H:105,H:x,H:x,H:x,N:x
"KELYA WOOD (FR)",2020,FILLY,"Oliver Greenall & Josh Guerriero",S:106,H:x,H:x,H:x,-,-
"KEN BRULEE (GB)",2023,GELDING,"Mark Usher",T:55,T:0,A:49,A:47,A:x,A:x
"KENO BLACK (FR)",2020,GELDING,"Neil Mulholland",H:0,H:x,H:x,H:x,H:x,-
"KENT DE THAIX (FR)",2020,GELDING,"Sam England",H:117,H:123,H:118,H:x,H:x,H:x
"KENTO (GB)",2021,GELDING,"Tony Carroll",T:56,A:50,A:52,A:53,A:48,A:50
"KENTUCKY RIVER (IRE)",2022,GELDING,"Olly Murphy",H:61,H:107,H:82,H:x,H:x,H:80
"KENZO DES BRUYERES (FR)",2020,GELDING,"Mickey Bowen",S:88,H:97,H:x,H:x,-,-
"KENZOKO (FR)",2020,GELDING,"Olly Murphy",H:110,H:103,H:106,H:x,H:x,H:x
"KEPLER'S LAW (GB)",2019,GELDING,"Christian Williams",S:90,H:109,H:87,H:110,H:110,H:x
"KEPPEL QUEEN (GB)",2019,FILLY,,H:111,H:104,S:0,H:x,H:100,H:89
"KER D'OUDAIRIES (FR)",2020,GELDING,"Christian Williams",H:47,H:0,H:78,H:50,H:x,H:x
"KESSAAR POWER (IRE)",2020,GELDING,"Phil McEntee",A:0,A:47,A:44,A:36,T:36,A:53
"KESTA (IRE)",2023,GELDING,"Eve Johnson Houghton",T:64,T:67,T:51,T:81,T:81,T:78
"KEV (GB)",2022,GELDING,"Tom Ward",T:0,T:27,A:34,A:37,A:56,A:x
"KEWMILL (GB)",2022,FILLY,,A:54,A:59,A:x,A:x,A:x,-
"KEY OF MAGIC (USA)",2023,COLT,"Charlie Appleby",A:x,T:x,-,-,-,-
"KEYBOARD (IRE)",2022,GELDING,"Adam Nicol",H:100,H:84,H:x,H:110,H:x,T:72
"KHAADEM (IRE)",2016,GELDING,"Charles Hills",T:93,T:94,T:96,T:91,T:116,T:93
"KHABIB (IRE)",2018,GELDING,"Ray Craggs",T:24,T:44,T:72,T:69,T:74,T:68
"KHAFAR (IRE)",2023,FILLY,,A:x,A:x,T:x,-,-,-
"KHAFIZ (IRE)",2022,GELDING,"Edward Bethell",T:66,T:94,T:97,T:88,T:x,A:x
"KHAFRE (FR)",2020,GELDING,"Syd Hosie",H:109,H:123,H:x,H:x,H:x,-
"KHALEEJY (IRE)",2021,GELDING,"Ismail Mohammed",A:x,A:x,-,-,-,-
"KHALEESI QUEEN (GB)",2020,FILLY,"Micky Hammond",H:x,H:x,H:x,N:x,N:x,-
"KHALK'EAU SPIGAO (FR)",2022,GELDING,"Chris Gordon",H:80,H:x,H:x,H:88,-,-
"KHANGAI (GB)",2020,GELDING,,A:28,A:28,A:37,A:9,A:3,A:36
"KHRISMA (FR)",2020,FILLY,,H:0,H:x,H:x,H:x,H:x,-
"KHUSKHAS (GB)",2023,FILLY,"James Ferguson",T:51,A:63,A:53,T:56,T:66,T:x
"KI WOO (FR)",2020,GELDING,"Oliver Greenall & Josh Guerriero",S:130,S:122,S:125,S:0,S:119,S:107
"KIANI KING (IRE)",2023,COLT,"Hughie Morrison",T:58,A:x,A:x,A:x,-,-
"KICKSAFTERSIX (IRE)",2016,GELDING,,S:65,S:96,H:81,S:83,S:93,S:90
"KICOUR LA (FR)",2020,GELDING,"Ben Pauling",H:x,H:x,H:x,H:x,-,-
"KIDS SAY LASTGOJOE (FR)",2020,GELDING,,S:0,H:x,H:x,H:x,H:x,H:x
"KIENTZHEIM (FR)",2020,FILLY,"Ben Haslam",H:121,H:121,H:120,H:95,H:105,H:x
"KIKIJO (FR)",2020,GELDING,,H:106,H:122,H:135,H:127,H:120,S:124
"KILBAKANTO (IRE)",2019,GELDING,,H:x,H:x,H:x,-,-,-
"KILBARRY HILL (GB)",2018,GELDING,"Mike Sowersby",H:0,S:62,S:102,S:0,S:116,S:110
"KILDARE LEGEND (IRE)",2021,GELDING,,T:91,T:90,T:94,A:84,T:89,T:91
"KILDINAN PRINCE (IRE)",2019,GELDING,"Emma Lavelle",H:x,H:x,-,-,-,-
"KILFILUM WOODS (IRE)",2016,GELDING,"Francesca Poste",H:0,H:0,H:89,H:0,H:89,H:0
"KILKENNY WARRIOR (IRE)",2023,FILLY,"Richard Hughes",A:72,A:75,A:58,A:74,A:68,T:x
"KILL THE GROOVE (IRE)",2020,FILLY,"Karen Jewell",S:74,S:62,H:90,H:85,H:96,H:72
"KILLAVIA (GB)",2023,FILLY,"Rod Millman",T:76,T:76,T:67,T:x,T:87,T:x
"KILLER CLOWN (IRE)",2014,GELDING,"Miss Daisy White",H:123,H:122,S:102,S:123,S:102,S:127
"KILLER WHALE (IRE)",2023,GELDING,"Andrew Balding",A:x,A:x,A:x,-,-,-
"KILLYBEGS JET LADY (IRE)",2017,FILLY,"Lucinda Russell & Michael Scudamore",S:96,S:93,S:0,S:0,S:92,H:83
"KILLYCARN (IRE)",2020,GELDING,"Joel Parkinson & Sue Smith",H:104,H:105,H:86,H:102,H:103,H:x
"KILMORE ROCK (IRE)",2019,GELDING,"Susan Corbett",H:92,H:113,H:113,H:107,H:0,S:0
"KILNACARRA (IRE)",2017,GELDING,,H:0,H:0,H:0,H:x,-,-
"KILNESARE FLIGHT (IRE)",2020,GELDING,"Donald McCain",H:x,H:x,N:x,-,-,-
"KILNEW SUPREME (IRE)",2021,GELDING,"Paul Nicholls",H:x,H:x,N:x,-,-,-
"KILWAUGHTER (IRE)",2020,GELDING,"Philip Hobbs & Johnson White",H:123,H:125,H:x,H:x,H:x,N:x
"KILWORTH (IRE)",2020,FILLY,"Emma Lavelle",H:109,H:109,H:0,H:102,H:x,H:x
"KIMBARA (GB)",2023,COLT,"Richard Spencer",T:x,T:x,A:x,-,-,-
"KIMEKO GLORY (GB)",2022,FILLY,"Charles Hills",T:73,T:66,T:64,A:65,A:78,A:78
"KINBARA FIRSTDRAFT (IRE)",2019,GELDING,"Leonard Kerr",H:95,S:103,S:85,H:107,H:109,H:109
"KIND OF BLUE (GB)",2021,COLT,"James Fanshawe",T:112,T:94,T:114,A:88,T:116,T:113
"KIND OF KISS (GB)",2021,GELDING,"Sam England",T:77,A:75,A:0,T:71,A:57,A:90
"KIND TOUCH (IRE)",2023,GELDING,"Richard & Peter Fahey",T:x,T:x,-,-,-,-
"KINDEST NATION (IRE)",2021,FILLY,"Hugo Palmer",A:70,A:63,A:76,A:76,A:68,T:70
"KINDLY QUEEN (IRE)",2023,FILLY,"Ralph Beckett",T:68,A:64,A:x,A:x,A:x,-
"KINETIC FORCE (GB)",2022,GELDING,"Ruth Carr",T:81,T:78,A:77,T:64,T:60,A:72
"KING AL (GB)",2022,GELDING,,T:69,H:123,H:x,H:119,H:110,H:110
"KING BERRY (IRE)",2021,GELDING,"Max Comley",H:87,H:x,H:x,H:x,N:x,N:x
"KING CABO (USA)",2019,GELDING,"Luke Dace",A:50,A:45,A:51,M:33,A:27,A:51
"KING CALIFET (IRE)",2019,GELDING,"Emma Lavelle",S:114,S:109,S:86,H:106,H:x,H:x
"KING CASEY (IRE)",2020,GELDING,"Joanne Foster",H:0,H:54,H:82,H:72,H:48,H:85
"KING CASPER (IRE)",2022,GELDING,"Antony Brittain",T:53,T:83,T:29,T:84,T:87,T:90
"KING CHAOS (IRE)",2021,GELDING,"Rebecca Menzies",A:48,A:65,A:59,A:64,A:59,A:57
"KING CHERRY (IRE)",2023,GELDING,"Stuart Williams",T:x,A:x,A:x,-,-,-
"KING DAVID (IRE)",2021,GELDING,"Gay Kelleway",T:42,A:61,A:54,A:62,A:65,A:64
"KING GOLD BOY (FR)",2020,GELDING,"Jean McGregor",H:0,H:0,H:x,H:x,H:x,N:x
"KING HORSE (FR)",2020,GELDING,"Paul Robson",S:0,S:87,H:59,H:x,H:x,H:x
"KING JON OLIVER (FR)",2020,GELDING,"Olly Murphy",H:0,H:113,H:0,H:x,-,-
"KING KODIAK (IRE)",2019,GELDING,"George Bewley",H:63,H:37,H:81,H:62,H:x,H:x
"KING OF ANSWERS (IRE)",2019,GELDING,"Lucinda Russell & Michael Scudamore",S:0,S:143,S:140,S:129,S:135,S:125
"KING OF BEARS (IRE)",2022,GELDING,,A:82,A:81,T:65,A:76,T:57,T:64
"KING OF BERKSHIRE (IRE)",2023,COLT,"Andrew Balding",T:73,T:73,T:74,A:x,T:x,T:x
"KING OF CHAOS (IRE)",2023,GELDING,"Dylan Cunha",T:64,T:62,T:64,A:61,T:71,A:66
"KING OF CHARM (GB)",2021,GELDING,"Martin Dunne",T:59,A:50,A:23,A:52,A:47,T:59
"KING OF CONG (IRE)",2018,GELDING,,S:0,S:0,S:0,S:62,S:79,S:89
"KING OF EARTH (GB)",2023,COLT,"William Haggas",T:x,T:x,T:x,-,-,-
"KING OF FURY (IRE)",2020,GELDING,"Michael Dods",A:67,A:53,A:62,A:72,T:78,T:75
"KING OF HIGHWAYS (FR)",2020,GELDING,,H:0,S:0,S:93,H:x,H:x,H:x
"KING OF ITHACA (GB)",2020,GELDING,"James Tate",A:69,A:60,A:67,A:72,A:71,A:77
"KING OF LIGHT (GB)",2022,GELDING,"Stuart Williams",T:91,T:91,T:91,T:79,T:74,T:73
"KING OF NARNIA (GB)",2022,GELDING,,A:x,T:x,A:x,-,-,-
"KING OF SPEED (IRE)",2019,GELDING,"Mark Loughnane",A:55,A:55,A:54,T:41,A:60,A:55
"KING OF STARS (IRE)",2017,GELDING,"Michael Appleby",T:65,T:56,T:77,T:83,A:55,A:83
"KING OF THE DANCE (IRE)",2019,GELDING,"Bernard Llewellyn",T:48,T:40,A:50,A:52,A:54,A:48
"KING OF THE JUNGLE (IRE)",2020,GELDING,"Michael & David Easterby",T:59,T:37,T:49,A:58,T:45,T:56
"KING OF THE LAKE (GB)",2018,GELDING,"Jeremy Scott",H:119,H:110,H:122,H:124,H:128,H:107
"KING OF THE ROAD (IRE)",2019,GELDING,"Ben Pauling",H:100,H:61,H:90,H:115,H:79,H:114
"KING OF THE SEA (GB)",2022,GELDING,,T:85,T:75,T:71,T:x,T:x,T:x
"KING OF THE STORY (IRE)",2016,GELDING,"Polly Gundry",S:67,S:89,S:0,S:0,S:90,S:0
"KING OF THEBES (GB)",2023,GELDING,,A:x,T:x,A:x,-,-,-
"KING OF THUNDER (GB)",2023,GELDING,"Hugo Palmer",T:77,T:78,T:x,A:x,T:x,-
"KING OF WAR (GB)",2019,GELDING,"Michael Wigham",A:58,A:41,T:62,T:52,T:59,A:51
"KING OF YORK (IRE)",2019,GELDING,"Scott Dixon",A:56,T:42,A:64,A:60,A:69,A:69
"KING OF YORKSHIRE (IRE)",2023,GELDING,"Jedd O'Keeffe",T:0,A:x,A:x,T:x,-,-
"KING ROLY (GB)",2019,GELDING,"Mickey Bowen",S:0,S:116,S:122,S:123,S:120,S:118
"KING SACRE (FR)",2020,GELDING,"Nigel Hawke",H:108,H:99,H:x,H:x,H:x,N:x
"KING SHARJA (GB)",2020,GELDING,"Ruth Carr",T:57,A:57,A:38,A:50,T:31,A:53
"KING TURGEON (FR)",2018,GELDING,"David Pipe",S:0,S:128,S:132,S:0,S:0,S:139
"KING ULANDA (IRE)",2020,GELDING,"Oliver Greenall & Josh Guerriero",S:118,H:73,H:107,H:0,H:112,H:111
"KING VICTORIOUS (IRE)",2023,GELDING,,A:49,A:55,A:58,A:59,T:48,T:x
"KING WILLIAM RUFUS (FR)",2017,GELDING,"Chris Gordon",H:119,H:98,H:0,H:120,H:122,H:101
"KING'S CALL (IRE)",2022,GELDING,"Seb Spencer",T:65,T:32,T:66,T:72,T:87,T:81
"KING'S CASTLE (IRE)",2017,GELDING,"David Simcock",T:67,T:62,T:64,T:60,T:68,T:66
"KING'S CAVALRY (GB)",2023,COLT,"James Tate",T:x,T:x,T:x,-,-,-
"KING'S CHARTER (IRE)",2022,GELDING,"Charlie Appleby",T:103,T:x,T:x,T:x,-,-
"KING'S CODE (GB)",2020,GELDING,"David Evans",T:70,A:79,A:93,A:99,A:100,A:102
"KING'S COURTIER (GB)",2023,GELDING,"Julia & Shelley Birkett",T:11,A:x,A:x,A:x,T:x,-
"KING'S CROWN (IRE)",2020,GELDING,"Michael Dods",T:71,T:67,A:67,A:69,A:71,A:73
"KING'S CRUISER (GB)",2022,COLT,"James Owen",A:58,A:58,A:56,A:42,A:61,A:x
"KING'S GAMBIT (IRE)",2021,GELDING,"Harry Charlton",T:98,T:107,T:108,T:104,T:109,T:104
"KING'S GAMBLE (IRE)",2021,COLT,"Ralph Beckett",T:87,T:105,T:89,T:107,T:110,T:102
"KING'S GEM (IRE)",2020,GELDING,,A:0,T:0,T:9,A:43,A:45,A:55
"KING'S HAND (GB)",2022,GELDING,"Joseph Parr",T:75,T:73,A:63,A:69,A:69,A:64
"KING'S LYNN (GB)",2017,GELDING,"Andrew Balding",A:87,T:63,T:85,T:73,A:89,T:89
"KING'S ROAD DANDY (IRE)",2023,GELDING,"David & Nicola Barron",T:x,T:x,T:x,-,-,-
"KING'S SCHOLAR (IRE)",2021,GELDING,"Olly Murphy",H:x,H:x,H:x,T:43,A:82,T:80
"KING'S SCHOOL (GB)",2021,GELDING,"Gemma Tutty",A:78,A:73,A:66,T:74,A:73,A:72
"KING'S THRESHOLD (IRE)",2017,GELDING,"Emma Lavelle",S:130,S:106,S:137,S:132,S:120,S:0
"KING'S TRAIL (GB)",2023,COLT,"Charlie Appleby",T:107,T:99,A:101,A:x,-,-
"KING'S TRUST (GB)",2023,GELDING,"John & Thady Gosden",A:66,A:x,T:x,T:x,-,-
"KING'S VANITY (GB)",2020,GELDING,"Marcus Tregoning",A:70,A:67,T:73,T:80,A:41,A:76
"KINGCORMAC (IRE)",2016,GELDING,"Joe Tickle",S:91,S:97,S:94,S:85,S:75,S:88
"KINGDOM COME (IRE)",2019,GELDING,"Clive Cox",A:94,A:99,A:93,A:90,A:92,T:84
"KINGDOM OF STARS (FR)",2021,GELDING,"Kerry Lee",H:0,H:0,H:x,H:x,H:x,H:x
"KINGKEER (GB)",2021,GELDING,"Simon Dow",A:0,A:61,A:63,A:64,A:0,A:74
"KINGOFTHECARNIVAL (FR)",2023,GELDING,"Archie Watson",A:40,A:61,A:57,A:63,A:x,A:x
"KINGOFTHEGAME (IRE)",2018,GELDING,"Martin Todhunter",H:84,S:74,S:0,S:74,H:60,S:0
"KINGOFTHESWINGERZ (IRE)",2019,GELDING,"Harriet Dickin",S:90,S:69,S:96,H:0,H:73,H:96
"KINGS CHAMPION (FR)",2020,GELDING,"Olly Murphy",H:x,H:x,H:x,H:x,N:x,-
"KINGS COLLEGE (IRE)",2022,GELDING,,A:18,A:50,T:0,A:x,A:x,T:x
"KINGS MERCHANT (GB)",2021,GELDING,"Philip Kirby",T:53,T:64,A:62,T:63,A:67,A:66
"KINGS ORDER (IRE)",2021,GELDING,"Mrs C. Williams",H:66,H:18,H:x,H:x,H:x,H:x
"KINGSCLERE (USA)",2022,FILLY,,A:55,A:56,A:56,T:56,T:x,T:x
"KINGSTON BRESIL (GB)",2020,GELDING,"Lawney Hill",H:97,H:87,H:88,H:67,H:27,H:x
"KINGSTON GENT (IRE)",2020,GELDING,"Philip Hobbs & Johnson White",S:99,H:92,H:93,H:97,H:103,H:89
"KINGSTON KID (IRE)",2017,GELDING,"Georgie Howell",H:69,H:60,H:50,H:0,H:34,H:102
"KINGSTON NARCISSUS (FR)",2019,GELDING,"Dan Skelton",S:123,H:100,H:85,H:117,H:112,H:107
"KINGSTON QUEEN (IRE)",2020,FILLY,"David Pipe",H:x,H:x,H:x,H:x,N:x,N:x
"KINGSTON ROCK (IRE)",2018,GELDING,,S:69,S:0,S:0,H:0,H:x,H:x
"KINGSTON SUNFLOWER (FR)",2017,FILLY,"Fergal O'Brien",H:108,H:111,H:118,H:117,A:44,T:49
"KINIRO (GB)",2022,GELDING,"Dan Horsford",T:72,T:75,A:80,A:75,A:75,T:66
"KINNALARGY (GB)",2023,GELDING,"Kevin Ryan",T:49,T:84,T:78,T:x,T:x,T:x
"KINROSS CLARET (IRE)",2022,GELDING,"Lucinda Russell & Michael Scudamore",T:51,A:x,A:x,T:x,-,-
"KINSWOMAN (GB)",2022,FILLY,"William Haggas",T:91,T:88,T:85,T:84,T:x,T:x
"KINTAIL (GB)",2019,GELDING,"Mel Rowley",H:105,H:107,H:0,H:92,H:0,H:111
"KIPEPEO (GB)",2023,FILLY,,A:33,A:x,T:x,T:x,-,-
"KIPP KELLY (GB)",2021,GELDING,"Derek Shaw",A:46,A:50,A:46,A:45,A:50,A:45
"KIRCHNER (IRE)",2022,GELDING,"James Owen",A:86,T:83,-,-,-,-
"KIRKDALE (IRE)",2022,GELDING,"Edward Bethell",A:79,A:75,A:68,A:66,A:71,A:71
"KIRKUILA (IRE)",2020,FILLY,,T:53,T:42,T:50,H:0,H:x,H:x
"KISIYRA (IRE)",2021,FILLY,"David Thompson",T:72,-,-,-,-,-
"KISS AND RUN (GB)",2021,FILLY,"Rachel Cook & John Bridger",T:74,T:55,T:68,T:74,T:72,T:59
"KISS FOR AN ANGEL (IRE)",2023,GELDING,"Richard & Peter Fahey",T:36,T:42,T:69,T:x,T:x,A:x
"KISS ME MY LOVE (IRE)",2022,FILLY,"Roger Fell",T:65,T:62,T:55,A:59,A:49,T:53
"KISS MY FACE (GB)",2017,GELDING,,H:0,H:116,H:107,H:111,H:111,H:104
"KISSKODI (IRE)",2022,GELDING,"Harry Eustace",T:77,A:80,T:79,T:81,T:77,T:70
"KIT GABRIEL (IRE)",2019,GELDING,"Simon Pearce",A:42,A:70,A:68,A:67,A:39,A:0
"KIT THE CHRISTIAN (IRE)",2020,GELDING,,H:0,H:x,H:x,H:x,-,-
"KIT'S COTY (IRE)",2018,FILLY,"Emma Lavelle",S:78,S:88,S:87,S:83,S:69,S:98
"KITAAB (GB)",2019,GELDING,"Philip Kirby",T:37,A:36,T:42,A:52,A:24,A:61
"KITARO KICH (IRE)",2020,GELDING,"George Baker",A:71,A:80,A:76,T:68,T:52,A:73
"KITSILANO (IRE)",2017,GELDING,"David Bridgwater",S:0,S:63,S:93,S:93,S:84,S:85
"KITSUNE POWER (IRE)",2019,GELDING,"Tim Easterby",T:59,T:59,T:59,T:61,T:54,T:61
"KITTENS GIFT (IRE)",2022,FILLY,,A:22,A:x,T:x,A:x,-,-
"KITTY FOYLE (IRE)",2020,FILLY,"Daisy Hitchins",H:121,H:120,H:116,H:104,H:117,T:57
"KITTY FURNIVAL (IRE)",2021,FILLY,,T:76,A:89,A:73,A:89,T:90,A:83
"KITTY'S DREAM (IRE)",2022,GELDING,"Ed Dunlop",T:19,A:23,T:20,A:56,A:x,T:x
"KITTY'S LIGHT (GB)",2016,GELDING,"Christian Williams",S:123,S:123,S:123,S:0,S:114,S:85
"KITTYS GLANCE (GB)",2021,FILLY,"Alan King",H:x,H:x,H:x,N:x,N:x,-
"KIWI RUSH (IRE)",2020,GELDING,"Harry Derham",H:107,H:69,H:x,H:x,H:x,N:x
"KLAPTON BOY (FR)",2020,GELDING,"Nick Kent",H:51,H:73,H:78,S:0,H:84,H:x
"KLASSLEADER (GB)",2022,COLT,"William Haggas",T:98,T:90,T:x,T:x,T:x,-
"KLASSY PEARL (FR)",2020,FILLY,"Clive Boultbee-Brooks",H:87,H:97,H:103,H:x,H:x,H:x
"KLERVIA (FR)",2020,FILLY,"Fergal O'Brien",H:74,H:0,H:83,H:65,H:73,H:72
"KLIC BOUM (FR)",2020,GELDING,"Mrs C. Williams",H:80,H:95,H:95,H:96,H:82,H:98
"KLIMT MADRIK (FR)",2020,GELDING,"Toby Lawes",H:x,H:x,H:x,H:x,-,-
"KLITSCHKO (GB)",2018,GELDING,"Lucinda Hughes",H:117,H:0,H:106,H:103,H:106,S:101
"KLUB DE REVE (FR)",2020,GELDING,"Harry Derham",H:x,H:x,H:x,H:x,N:x,N:x
"KLYCOT (FR)",2022,GELDING,"Richard Bandey",H:129,H:128,H:120,H:x,H:112,-
"KNACKER TRAPPER (IRE)",2018,GELDING,"Andrew Crook",H:86,H:61,H:86,H:84,H:59,H:68
"KNAPPERS HILL (IRE)",2016,GELDING,"Paul Nicholls",S:0,S:0,S:143,S:145,S:148,S:143
"KNEAD A WIN (FR)",2020,GELDING,"Sam Thomas",H:x,H:x,H:x,H:x,H:x,-
"KNEBWORTH (GB)",2020,GELDING,"Richard Hughes",A:93,A:93,A:87,T:60,T:72,T:66
"KNICKERBOCKER (FR)",2022,FILLY,,A:62,A:75,A:72,T:x,A:x,T:x
"KNICKERBOCKERGLORY (IRE)",2016,GELDING,"Dan Skelton",H:138,H:110,H:138,H:136,H:138,H:139
"KNICKS (IRE)",2021,GELDING,"Michael & David Easterby",T:54,T:59,T:62,T:48,T:66,A:19
"KNIGHT OF ALLEN (FR)",2020,GELDING,"Mrs Jane Williams",S:127,S:0,S:127,S:136,S:127,S:127
"KNIGHT OF INDIA (IRE)",2022,GELDING,"Brian Toomey",A:21,A:x,T:x,T:x,-,-
"KNIGHT OF MAGIC (IRE)",2019,GELDING,,A:43,H:x,A:42,A:43,A:43,A:50
"KNIGHT TEMPLAR (FR)",2020,GELDING,"Richard Bandey",H:x,H:x,H:x,-,-,-
"KNIGHT TEMPLAR (GB)",2021,GELDING,"Robert Stephens",A:76,H:109,A:75,A:68,A:75,H:102
"KNIGHTMARE (IRE)",2022,GELDING,"David Evans",T:49,T:43,T:43,T:51,A:48,A:44
"KNIGHTON (GB)",2022,GELDING,"Oliver Greenall & Josh Guerriero",H:100,H:100,H:x,H:102,H:x,T:x
"KNIGHTPHASE (IRE)",2019,GELDING,"Stuart Coltherd",S:0,S:0,H:x,H:x,H:x,-
"KNIGHTS CHARGE (IRE)",2023,COLT,"Roger Varian",T:x,A:x,A:x,-,-,-
"KNIGHTS GOLD (IRE)",2022,GELDING,"Dr Richard Newland & Jamie Insole",T:71,T:75,T:70,A:76,T:83,T:86
"KNIGHTSAIL (IRE)",2023,COLT,"David Menuisier",T:x,T:x,T:x,-,-,-
"KNIGHTSBRIDGE (FR)",2020,GELDING,"Jonjo & A.J. O'Neill",S:83,H:59,H:80,H:86,H:90,H:x
"KNIGHTSWOOD (IRE)",2019,GELDING,"Charlie Johnston",A:82,T:89,T:52,T:87,T:85,T:82
"KNOCK OFF SOXS (IRE)",2021,GELDING,"Kayley Woollacott",H:x,H:110,H:113,H:x,H:x,H:x
"KNOCKANORE (IRE)",2017,GELDING,,S:105,H:101,S:88,H:0,H:91,H:91
"KNOCKBREX (GB)",2020,GELDING,,A:81,A:76,A:80,A:81,A:83,T:78
"KNOCKERANNA ROSE (IRE)",2020,GELDING,"Susan Corbett",H:30,H:82,H:78,H:64,H:80,H:x
"KNOMOREDIAMONDS (FR)",2020,GELDING,"Lucinda Russell & Michael Scudamore",H:123,H:x,H:115,H:117,H:x,H:115
"KNOWLEDGE (GB)",2023,GELDING,"Simon & Ed Crisford",T:74,T:x,A:x,-,-,-
"KNOWN WARRIOR (FR)",2020,GELDING,"Richard Bandey",S:94,S:99,S:98,S:98,H:0,H:x
"KOAPEY (FR)",2020,GELDING,,S:0,S:110,S:0,S:0,S:116,H:x
"KOCKTAIL BLEU (FR)",2020,GELDING,"Chris Gordon",H:124,H:x,H:x,H:x,H:x,H:x
"KODE GREY (IRE)",2023,GELDING,"Tim Easterby",T:37,T:50,T:x,A:x,A:x,-
"KODE SECRET (IRE)",2021,GELDING,,T:33,T:16,T:42,T:46,T:51,T:53
"KODEBREAKER (IRE)",2019,GELDING,,A:38,A:43,A:48,A:40,A:43,T:39
"KODI FIRE (IRE)",2022,GELDING,"Charles Hills",T:43,T:66,T:14,A:63,T:74,T:68
"KODI K (IRE)",2023,GELDING,"John Gallagher",T:x,T:x,T:x,-,-,-
"KODI LION (IRE)",2021,GELDING,"Michael Appleby",T:83,T:81,T:76,T:92,T:90,T:86
"KODI RED (IRE)",2020,GELDING,,A:59,T:34,T:43,T:51,T:48,T:56
"KODIAC THRILLER (IRE)",2021,GELDING,"Mark Walford",T:60,T:81,T:42,T:69,T:71,T:82
"KODIBEAT (GB)",2022,FILLY,,A:0,A:47,A:48,T:34,A:48,T:0
"KODIGARA (IRE)",2023,GELDING,,T:45,A:55,T:x,T:x,T:x,T:x
"KODY B (IRE)",2023,COLT,"Craig Lidster",T:73,T:60,T:x,T:x,T:x,T:x
"KOENIGSSTERN (IRE)",2017,GELDING,"Nick Gifford",S:103,S:103,S:103,S:76,S:104,S:98
"KOFFEE AND KALE (GB)",2023,GELDING,"Michael Bell",T:68,T:65,T:x,T:73,T:75,T:x
"KOGE (GB)",2022,GELDING,"John Butler",A:44,A:6,A:13,A:13,A:46,A:x
"KOJI (IRE)",2021,FILLY,,A:30,A:35,T:30,A:51,T:45,T:56
"KOKANEE (IRE)",2022,GELDING,"Ed Dunlop",T:72,T:75,T:68,T:74,T:69,T:69
"KOKINELLI (FR)",2021,FILLY,,T:56,A:65,T:58,T:58,T:60,T:63
"KOKO BLUE (GB)",2022,FILLY,"Tom Clover",T:53,A:23,A:55,A:48,A:35,T:28
"KOKOLUNA (GB)",2023,FILLY,"Eve Johnson Houghton",T:72,T:69,T:71,A:x,A:x,T:x
"KOKUSHOKU (IRE)",2023,GELDING,,T:58,T:59,A:x,A:x,A:x,-
"KOLKATA KNIGHT (IRE)",2023,GELDING,"Tom Dascombe",T:75,T:66,A:87,T:85,T:77,T:83
"KOLSAI (GB)",2020,GELDING,,A:24,A:66,A:70,T:106,T:96,T:103
"KOM TU VOUDRAS (FR)",2020,FILLY,"Faye Bramley",H:106,H:x,-,-,-,-
"KOMODO ROSE (GB)",2023,FILLY,"T. J. Kent",A:x,A:x,A:x,-,-,-
"KOMORKIS (IRE)",2022,FILLY,"Lawrence Mullaney",T:61,T:49,T:65,T:49,T:x,A:x
"KON TIKI (GB)",2022,FILLY,"Jane Chapple-Hyam",T:105,T:99,T:100,A:x,A:x,-
"KONDRATIEV WAVE (IRE)",2017,GELDING,"Tony Carroll",T:56,T:57,A:56,A:54,A:55,A:55
"KONFUSION (GB)",2018,GELDING,"Joel Parkinson & Sue Smith",S:144,S:0,S:145,S:145,S:141,S:0
"KOOL KID (GB)",2020,GELDING,"Joe Tizzard",S:113,H:108,H:82,H:108,H:x,H:x
"KOOL RAOUL (FR)",2020,GELDING,"Lucinda Russell & Michael Scudamore",H:84,H:97,H:102,H:101,H:x,H:x
"KOPA KILANA (IRE)",2017,GELDING,,H:35,H:50,H:37,H:0,H:47,H:91
"KORBUT (GB)",2023,FILLY,"Sir Mark Prescott Bt",A:x,A:x,A:x,-,-,-
"KORKER (IRE)",2019,GELDING,"K. R. Burke",T:87,T:82,T:86,T:67,T:78,T:96
"KORROOR (IRE)",2021,GELDING,"Helen Cuthbert",A:41,A:46,A:48,A:40,A:38,A:50
"KOSAC D'OUDAIRIES (FR)",2020,GELDING,"Jamie Snowden",H:x,H:x,H:x,H:x,H:x,N:x
"KOSASIEMPRE (FR)",2018,FILLY,"Stuart Edmunds",H:107,H:101,S:106,S:110,S:94,S:108
"KOSOMETSUKE (GB)",2022,GELDING,"Michael Dods",T:37,T:70,T:82,A:78,T:80,A:75
"KOTARI (FR)",2019,GELDING,"Gary & Josh Moore",T:49,H:61,H:91,T:63,T:64,T:66
"KOTGAR (IRE)",2021,GELDING,"Mrs C. Williams",H:63,H:0,H:37,H:79,H:51,H:71
"KOTMASK (FR)",2018,GELDING,"Gary & Josh Moore",S:118,S:119,S:131,S:0,S:129,S:129
"KOTTAYAM (FR)",2020,FILLY,"Dave Roberts",H:16,H:0,H:0,H:x,H:x,H:x
"KOUKEO (FR)",2020,GELDING,,S:0,S:75,S:85,S:121,S:123,S:120
"KRACKING (GB)",2020,GELDING,,A:46,A:51,T:61,T:63,T:50,T:58
"KRAK (FR)",2020,GELDING,"Dan Skelton",H:121,H:0,H:104,S:118,S:115,H:x
"KRANJCAR (IRE)",2021,GELDING,,A:76,T:79,T:75,T:70,A:67,T:62
"KRIPTICJIM (FR)",2020,GELDING,"Joe Tizzard",H:x,H:x,H:x,H:x,H:x,H:x
"KRISSY (IRE)",2021,FILLY,"Jim Goldie",T:70,T:70,T:61,T:62,A:41,A:55
"KRUGER PARK (FR)",2018,GELDING,,H:93,H:118,H:118,H:75,H:0,H:0
"KUIAMA (IRE)",2023,FILLY,,A:50,A:50,A:39,A:50,A:50,T:x
"KULLAZAIN (GB)",2022,GELDING,"James Tate",A:75,A:79,A:86,A:88,A:70,T:77
"KUNAA (IRE)",2023,FILLY,"David Loughnane",T:68,T:63,A:62,T:65,T:70,T:x
"KUPKA VALLIS (FR)",2020,FILLY,"Clive Boultbee-Brooks",H:0,H:83,H:89,H:x,H:x,H:x
"KUREDU KING (IRE)",2022,GELDING,"Donald McCain",T:81,H:x,H:x,T:82,T:74,T:76
"KURIMU (GB)",2021,FILLY,,A:47,T:34,T:47,T:48,T:53,T:46
"KURIOS LADY (GB)",2022,FILLY,"James Tate",T:66,T:69,A:68,A:x,A:x,A:x
"KURIOSA (FR)",2019,GELDING,"Annabelle Sowray",S:0,S:0,S:59,-,-,-
"KUU (GB)",2023,GELDING,,T:64,T:x,A:x,T:x,-,-
"KWIDSIN (GB)",2023,GELDING,"Grant Tuer",T:24,A:47,T:x,T:x,T:x,-
"KYBER CRYSTAL (IRE)",2019,FILLY,"Rebecca Menzies",T:46,T:32,T:54,A:23,T:33,T:57
"KYKOROCK (FR)",2020,GELDING,"Dan Skelton",S:117,S:110,S:114,S:106,H:x,H:x
"KYLE OF LOCHALSH (GB)",2020,COLT,"Hughie Morrison",T:101,T:105,A:95,T:101,T:97,T:97
"KYLENOE DANCER (GB)",2018,FILLY,"Kim Bailey & Mat Nicholls",H:80,H:0,H:79,H:75,H:x,H:x
"KYLIAN (IRE)",2021,GELDING,"Robert Cowell",T:74,T:79,T:99,T:95,A:96,A:102
"KYNTARA (GB)",2016,GELDING,,H:0,H:105,H:0,H:0,H:128,H:131
"KYOTO (IRE)",2022,GELDING,"Mike Murphy",A:49,A:x,A:x,A:x,-,-
"L'AIR DU LARGE (FR)",2021,GELDING,"Oliver Greenall & Josh Guerriero",H:0,H:55,H:x,H:84,H:x,N:x
"L'ALLIER (FR)",2019,GELDING,"Steph Cameron",H:0,H:74,H:69,H:101,H:75,H:x
"L'EAGLE AID (IRE)",2021,GELDING,"Charlie Johnston",T:72,T:71,A:70,T:64,T:78,A:75
"L'EAU DU SUD (FR)",2018,GELDING,,S:0,S:157,S:155,S:162,S:147,S:156
"L'EMPIRE VERT (FR)",2020,GELDING,"Sheila Lewis",S:97,S:91,H:80,S:0,S:68,S:0
"L'HOMME PRESSE (FR)",2015,GELDING,"Venetia Williams",S:154,S:159,S:163,S:163,S:0,S:161
"L'INOUBLIABLE (FR)",2021,FILLY,"Kevin Bishop",H:62,H:69,H:62,H:x,H:x,H:x
"LA BELLE ARGENTEE (FR)",2021,FILLY,"Max Comley",H:85,H:75,H:70,H:0,H:93,H:x
"LA BELLE FOREST (IRE)",2023,FILLY,"Archie Watson",A:55,A:x,A:x,T:x,-,-
"LA BOTTE (GB)",2022,COLT,"Harry Eustace",T:101,T:101,T:96,A:104,T:104,T:103
"LA BRODEUSE (GB)",2022,FILLY,"Kevin Ryan",T:99,-,-,-,-,-
"LA CADALORA (GB)",2021,FILLY,"Harry Fry",H:x,H:x,H:x,A:72,A:x,T:70
"LA CANTATE (FR)",2021,FILLY,"Robbie Llewellyn",H:71,H:83,H:69,H:78,H:x,H:x
"LA CONQUIERE (FR)",2019,FILLY,"Jamie Snowden",H:x,H:x,H:132,H:x,H:x,N:x
"LA FERVEUR (GB)",2022,FILLY,,T:9,A:65,M:69,-,-,-
"LA FLEUR PETRUS (USA)",2021,FILLY,,A:15,A:5,T:57,T:63,A:53,A:70
"LA HIGUERA (IRE)",2019,GELDING,"Toby Lawes",H:93,H:103,H:96,H:95,H:93,H:92
"LA KOSMOS (GB)",2023,FILLY,"Alan King",A:x,A:x,A:x,-,-,-
"LA LUNA ARTISTA (FR)",2022,FILLY,"Mrs Jane Williams",H:125,H:125,H:118,H:x,N:x,-
"LA LUNITA (GB)",2022,FILLY,,A:25,A:7,T:x,A:x,A:x,-
"LA MARQUISE (FR)",2020,FILLY,"Jamie Snowden",H:84,H:110,H:110,H:92,H:96,H:96
"LA PEREGRINA (GB)",2023,GELDING,"Ed Walker",T:53,A:x,A:x,T:x,-,-
"LA PINSONNIERE (FR)",2020,FILLY,"Nicky Henderson",H:127,H:130,H:130,H:126,H:x,H:123
"LA QUARITE (FR)",2020,GELDING,"Mickey Bowen",S:92,S:85,S:89,H:78,S:94,S:86
"LA ROCHETTE (FR)",2021,FILLY,,T:0,A:44,A:51,A:57,A:55,A:35
"LA SCANDERBEIDE (IRE)",2022,FILLY,,A:70,T:75,T:74,A:74,T:x,T:x
"LA TOSCA (GB)",2023,FILLY,"Charlie Johnston",T:56,A:x,A:x,A:x,-,-
"LA TRINIDAD (GB)",2017,GELDING,,T:86,T:89,T:83,T:91,T:91,T:92
"LA VISH (FR)",2021,GELDING,"Sarah Hollinshead",H:90,H:102,H:x,H:x,H:x,N:x
"LA ZOUBIDA (FR)",2020,FILLY,"Nicky Richards",H:100,H:x,H:x,H:x,H:x,H:x
"LAAFY (USA)",2016,GELDING,"Brian Ellison",T:86,T:73,T:95,T:78,T:100,T:89
"LAAZM (IRE)",2023,COLT,,T:90,T:x,T:x,-,-,-
"LABICHE (GB)",2023,GELDING,"Henry Candy",T:0,A:51,A:x,A:x,T:x,-
"LACRIMA (FR)",2021,GELDING,"Nick Scholfield",S:81,S:61,H:58,-,-,-
"LADDIE COOPER MIA (IRE)",2020,FILLY,"Adam Nicol",H:70,H:76,H:72,H:69,H:78,H:46
"LADIAPUR (GB)",2023,FILLY,,A:51,A:54,A:x,T:x,A:x,-
"LADIES DAY (IRE)",2021,FILLY,"Tom Ellis",H:x,H:x,N:x,N:x,N:x,N:x
"LADRONNE (FR)",2014,GELDING,"Joel Parkinson & Sue Smith",S:120,H:106,S:118,S:118,S:96,S:113
"LADY AIYANA (GB)",2022,FILLY,"Mrs Ilka Gansera-Leveque",T:0,A:44,A:49,A:52,A:x,T:x
"LADY AVA (IRE)",2021,FILLY,,A:0,A:22,A:33,A:39,A:16,A:51
"LADY BABS (GB)",2014,FILLY,"Andrew Crook",H:69,H:92,H:17,H:0,H:104,H:0
"LADY BALKO (FR)",2019,FILLY,"David Pipe",S:140,S:0,S:125,S:0,S:97,S:137
"LADY BIRGMA (IRE)",2023,FILLY,,A:0,A:21,A:12,A:35,A:20,A:34
"LADY BLACKMORE (FR)",2021,FILLY,"Alastair Ralph",H:x,H:x,H:x,N:x,-,-
"LADY BOUQUET (GB)",2021,FILLY,"Philip Kirby",T:40,T:46,A:28,A:32,A:36,A:49
"LADY BRITAIN (GB)",2023,FILLY,"Ismail Mohammed",T:52,T:72,T:66,T:x,T:x,T:x
"LADY BUTTERCUP (GB)",2020,FILLY,"Donald McCain",T:20,T:x,A:x,T:x,H:59,H:58
"LADY CARO (IRE)",2018,FILLY,"Emma Lavelle",H:101,H:100,H:93,H:90,H:83,H:73
"LADY CHATTERLEY (FR)",2021,FILLY,"George Baker",T:30,A:6,-,-,-,-
"LADY DAPPLE ROSE (IRE)",2021,FILLY,"Ben Pauling",H:0,H:93,H:x,H:x,H:x,H:x
"LADY DELILA (IRE)",2020,FILLY,"Patrick Morris",A:39,A:48,A:47,A:43,A:18,A:42
"LADY DIESEL (GB)",2022,FILLY,,A:20,T:38,T:28,T:38,T:37,A:39
"LADY DORA MAE (IRE)",2023,FILLY,"George Boughey",T:80,T:78,A:72,A:74,A:x,A:x
"LADY DORCHESTER (IRE)",2022,FILLY,,A:13,T:0,T:40,T:25,T:33,T:38
"LADY FORTUNE (IRE)",2020,FILLY,"David Killahena & Graeme McPherson",H:75,H:0,H:68,H:0,H:x,H:x
"LADY GORMIRE (IRE)",2023,FILLY,"Michael Dods",T:x,T:x,T:x,-,-,-
"LADY HARRIETT (GB)",2019,FILLY,"Mickey Bowen",H:65,H:59,H:0,S:0,H:73,H:55
"LADY HORNBLOWER (GB)",2023,FILLY,"Jedd O'Keeffe",T:61,T:47,T:65,T:44,T:x,T:x
"LADY IN HAVANA (GB)",2021,FILLY,,T:19,A:24,T:45,T:52,T:41,T:50
"LADY IN THE PARK (IRE)",2018,FILLY,"Lucinda Russell & Michael Scudamore",H:90,S:108,S:108,S:97,S:111,S:115
"LADY IRIS (FR)",2021,FILLY,,H:x,H:x,-,-,-,-
"LADY JAGO (IRE)",2019,FILLY,"Donald McCain",S:95,S:94,S:85,S:70,S:72,S:58
"LADY JUSTICE (GB)",2022,FILLY,,A:37,A:28,A:51,T:57,T:34,T:62
"LADY KAMEKO (GB)",2022,FILLY,"Simon Pearce",A:40,A:40,A:25,A:20,T:34,T:60
"LADY KARA (GB)",2021,FILLY,"Dr Richard Newland & Jamie Insole",H:x,H:x,H:x,H:x,H:x,H:x
"LADY KODIAC (IRE)",2023,FILLY,"James Tate",T:75,T:82,A:82,A:x,A:x,T:x
"LADY LA FAY (IRE)",2021,FILLY,,A:82,T:82,T:76,T:62,T:74,A:76
"LADY LAUREN (IRE)",2023,FILLY,"Ed de Giles",T:29,T:40,T:42,T:45,T:32,T:33
"LADY LUCKY VEGAS (IRE)",2023,FILLY,,A:27,T:17,T:51,T:x,M:x,T:x
"LADY LYSANDRA (GB)",2023,FILLY,,A:57,A:40,A:x,A:x,T:x,-
"LADY MAGIC (FR)",2021,FILLY,"Tom Symonds",H:110,H:x,H:x,H:x,-,-
"LADY MANZOR (GB)",2022,FILLY,"Amanda Perrett",A:74,T:73,A:75,A:75,A:74,A:78
"LADY MARGRET (IRE)",2022,FILLY,"Tony Carroll",A:26,A:37,A:28,A:x,T:x,T:x
"LADY MARIKO (GB)",2022,FILLY,"Dylan Cunha",T:69,T:65,A:80,T:74,A:69,T:74
"LADY MCC (IRE)",2022,FILLY,"Daniel Steele",A:57,-,-,-,-,-
"LADY MILTON (GB)",2023,FILLY,"Jonathan Portman",A:72,A:69,A:65,A:61,A:x,A:x
"LADY MODENA (GB)",2022,FILLY,,A:58,T:45,A:x,A:x,A:x,-
"LADY OF ALASKA (IRE)",2022,FILLY,,A:20,A:29,T:38,T:48,T:x,A:x
"LADY OF ANDROS (GB)",2022,FILLY,,A:80,A:84,T:76,T:76,T:86,T:88
"LADY OF ARABIA (GB)",2020,FILLY,,A:78,A:77,A:83,A:79,A:75,A:77
"LADY OF CLOVER (IRE)",2023,FILLY,"George Scott",T:49,A:47,A:47,A:x,A:x,T:x
"LADY OF HONOUR (GB)",2023,FILLY,,A:x,T:x,T:x,T:x,-,-
"LADY OF KILLARNEY (GB)",2022,FILLY,"Simon Hodgson",A:x,A:x,A:x,T:x,-,-
"LADY OF SPAIN (IRE)",2021,FILLY,,T:99,T:110,A:90,A:x,A:x,-
"LADY OF THE CHAMP (GB)",2022,FILLY,,A:7,A:28,T:x,A:x,T:x,-
"LADY OF THE GARR (IRE)",2021,FILLY,,A:31,A:47,A:13,A:52,A:53,T:49
"LADY OF THE ISLES (IRE)",2022,FILLY,"Heather Main",T:46,T:50,T:53,T:57,A:43,T:58
"LADY PHOEBE (IRE)",2021,FILLY,"Adam Nicol",A:52,T:54,H:83,H:76,H:73,H:81
"LADY PRETENDER (FR)",2019,FILLY,,S:0,S:96,S:0,S:61,S:56,S:79
"LADY RIDGEWOOD (GB)",2022,FILLY,"Ian Williams",T:47,A:31,A:x,T:78,T:x,A:x
"LADY ROISIA (GB)",2023,FILLY,"Ralph Beckett",T:92,T:x,T:x,-,-,-
"LADY ROXBY (GB)",2022,FILLY,"Michael Herrington",T:83,T:65,A:83,T:84,T:84,T:62
"LADY SONATA (GB)",2022,FILLY,,A:36,A:44,A:23,A:x,T:x,A:x
"LADY TADITA (GB)",2021,FILLY,"Jamie Snowden",H:x,H:x,H:x,H:x,N:x,-
"LADY VANGUARD (GB)",2023,FILLY,"George Scott",T:0,T:56,A:x,T:x,T:x,-
"LADY VIVIAN (IRE)",2022,FILLY,"Ralph Beckett",T:67,T:91,T:95,T:91,A:x,A:x
"LADY WINGALONG (IRE)",2019,FILLY,,A:60,A:70,A:74,A:74,A:74,A:67
"LADY YOUMZAIN (IRE)",2023,FILLY,"Kevin Ryan",T:96,T:x,T:x,-,-,-
"LADYKIRK (IRE)",2023,FILLY,"Jane Chapple-Hyam",T:x,T:x,T:x,-,-,-
"LAFFER CURVE (GB)",2021,FILLY,"Dan Skelton",H:x,H:100,H:x,H:x,N:x,N:x
"LAGANHILL (GB)",2018,GELDING,"Henry Daly",S:0,S:124,S:117,S:125,S:120,H:x
"LAGONDA (GB)",2015,FILLY,,S:93,S:93,S:110,S:110,S:100,S:91
"LAGUNA BEACH (FR)",2021,GELDING,"Nicky Henderson",H:x,H:0,H:x,H:x,H:x,-
"LAHAN KINGMAN (IRE)",2023,FILLY,"Richard Hughes",A:x,A:x,T:x,-,-,-
"LAHINA BAY (IRE)",2020,FILLY,"Rachel Cook & John Bridger",T:23,A:54,A:60,A:54,A:62,A:63
"LAHINCH WAVE (IRE)",2018,FILLY,,S:92,S:97,S:99,S:113,H:108,H:114
"LAHIRE (FR)",2020,GELDING,,H:71,H:0,A:38,A:55,A:x,T:x
"LAKE COMO (IRE)",2023,COLT,"George Boughey",T:85,T:87,A:95,A:89,A:x,A:x
"LAKE FOREST (GB)",2021,GELDING,"William Haggas",T:119,T:115,T:109,T:97,T:112,T:110
"LAKE TIBERIAS (IRE)",2020,GELDING,,H:96,H:94,H:75,H:x,H:x,H:x
"LAKERS (IRE)",2022,GELDING,"Kevin Philippart de Foy",T:90,A:76,A:95,A:95,A:95,T:82
"LAKOTA CHIEF (IRE)",2023,COLT,"Archie Watson",A:x,A:x,A:x,-,-,-
"LALIQUE (GB)",2022,FILLY,,T:31,T:80,A:x,A:x,A:x,-
"LAM YAI (IRE)",2023,FILLY,"K. R. Burke",T:92,T:97,T:80,T:x,T:x,-
"LAMLASH (GB)",2022,GELDING,"Joe Tickle",A:36,T:x,H:0,T:x,A:x,-
"LAMNOL (GB)",2023,GELDING,,T:x,T:x,T:x,-,-,-
"LANARRA (IRE)",2023,FILLY,"R. Mike Smith",T:49,A:48,T:29,T:x,T:x,T:x
"LANCE LES DES (FR)",2019,GELDING,"N. W. Alexander",H:110,H:x,H:107,H:x,H:x,H:x
"LANCIER DES OBEAUX (FR)",2021,GELDING,"Laura Horsfall",H:65,H:x,H:x,H:x,N:x,-
"LAND GIRL'S LUCK (IRE)",2019,FILLY,"Max Comley",S:97,S:97,H:97,H:100,H:99,H:100
"LAND OF MAGIC (GB)",2021,FILLY,"Rachel Cook & John Bridger",T:65,T:60,T:48,T:57,T:66,T:61
"LAND OF PUNT (IRE)",2021,GELDING,"Tom Lacey",H:84,H:94,H:x,H:x,H:x,-
"LANDEN CALLING (IRE)",2016,GELDING,,S:99,S:63,S:122,S:114,S:126,S:82
"LANDING BOARD (IRE)",2021,GELDING,,A:0,A:22,A:7,T:x,T:x,A:x
"LANDLORDTOTHESTARS (IRE)",2020,GELDING,"James Evans",A:55,A:54,A:62,A:64,A:64,T:35
"LANESBOROUGH (IRE)",2019,GELDING,"Ben Pauling",H:106,H:127,H:128,H:116,H:108,H:103
"LANGDALE LANE (IRE)",2017,GELDING,"R. Mike Smith",H:103,S:0,H:93,H:95,H:107,H:117
"LANGHOLM (IRE)",2016,GELDING,"Michael Dods",T:35,T:23,T:36,A:35,T:44,A:52
"LANGSTONE (GB)",2023,GELDING,"Clive Cox",T:93,A:x,T:x,T:x,-,-
"LANGTON WOLD (IRE)",2019,GELDING,"Brian Ellison",S:100,H:101,H:101,H:99,A:46,A:52
"LAPIDARIST (GB)",2023,FILLY,"David Simcock",A:37,A:48,A:45,A:45,A:43,A:44
"LAPLANDER (GB)",2022,GELDING,"Tom Ward",H:88,H:75,H:x,H:93,A:55,T:54
"LARA ANTIPOVA (GB)",2023,FILLY,"Tom Clover",A:x,A:x,T:x,-,-,-
"LARAVIE (IRE)",2019,FILLY,"James Owen",T:65,T:61,A:43,A:x,A:x,A:x
"LARCHILL LASS (GB)",2022,FILLY,,T:26,T:48,T:1,T:49,T:58,T:53
"LARGY BELTER (IRE)",2020,GELDING,,S:138,S:131,S:114,S:124,S:119,S:102
"LARGY FORCE (IRE)",2018,FILLY,"Olly Murphy",S:127,S:121,S:116,S:108,S:106,S:104
"LARGY GO (IRE)",2021,GELDING,,H:115,H:x,H:x,-,-,-
"LARGY MEADOW (IRE)",2020,GELDING,"R. Mike Smith",H:97,H:0,H:98,H:64,H:x,H:x
"LARGY PANIC (IRE)",2020,GELDING,"Ben Clarke",H:85,H:95,H:50,H:x,H:x,H:x
"LARGY PEARL (IRE)",2018,GELDING,"D. Peters",H:117,H:114,-,-,-,-
"LARGY SHARK (GB)",2017,GELDING,"W. Easterby",H:0,H:0,H:94,H:0,H:x,H:x
"LARGY TRAIN (GB)",2017,GELDING,"Henry Hogarth",S:78,S:102,S:91,S:98,S:82,S:96
"LARISTOTE (FR)",2021,GELDING,"Donald McCain",H:x,H:x,H:x,N:x,-,-
"LARKFIELD LUSIVE (IRE)",2019,GELDING,"L J Morgan",H:86,H:82,H:66,H:89,H:85,H:81
"LAS CANALS (FR)",2021,GELDING,"Oliver Greenall & Josh Guerriero",H:113,H:x,H:x,-,-,-
"LASER LUCK (GB)",2023,FILLY,,T:44,A:43,A:46,A:46,A:52,A:x
"LASKO DES OBEAUX (FR)",2021,GELDING,"Harry Derham",H:94,H:x,H:x,H:x,-,-
"LASSWADE (GB)",2022,GELDING,"Ed de Giles",H:0,A:24,A:31,A:0,A:19,T:0
"LAST FLIGHT (GB)",2023,FILLY,"James Ferguson",T:x,A:x,A:x,-,-,-
"LAST KINGDOM (FR)",2021,GELDING,"Faye Bramley",H:113,H:103,H:100,H:0,H:0,-
"LAST OUTLAW (IRE)",2021,GELDING,,A:48,A:48,A:42,A:57,A:53,T:41
"LAST ROUND (FR)",2021,GELDING,"Ben Pauling",H:0,H:x,H:x,H:x,-,-
"LAST VERSE (IRE)",2023,GELDING,"Andrew Balding",T:x,T:x,T:x,-,-,-
"LASTCHANCEZOULOON (GB)",2022,FILLY,"Clare Hobson",T:22,A:49,A:44,T:31,T:60,A:x
"LATE CLAIM (FR)",2021,FILLY,"John Mackie",A:39,A:38,A:6,A:34,A:49,A:48
"LATENIGHTPASS (GB)",2013,GELDING,,S:130,S:108,S:132,S:114,S:82,S:144
"LATENIGHTRUMBLE (GB)",2017,GELDING,"Tom Ellis",S:114,S:100,S:110,S:109,S:99,S:90
"LATHAN (FR)",2019,GELDING,,H:61,S:63,H:0,H:93,H:0,H:x
"LATIN (IRE)",2021,GELDING,"James Owen",H:x,H:x,T:69,A:71,A:69,A:51
"LATIN FIVE (IRE)",2017,GELDING,,T:27,A:46,A:41,A:44,A:51,A:42
"LATIN VERSE (GB)",2020,GELDING,,H:0,H:118,H:101,H:116,H:119,H:108
"LATONA (IRE)",2022,FILLY,,A:0,A:36,A:34,T:9,A:42,T:43
"LAU AND SHAZ (IRE)",2020,FILLY,"Kayley Woollacott",H:x,H:x,H:x,H:x,-,-
"LAUGHING JOHN (GB)",2021,GELDING,"Nicky Henderson",H:118,H:108,H:x,H:x,H:x,-
"LAUGHTERINTHERAIN (FR)",2023,FILLY,"Ed Walker",T:61,A:x,A:x,T:x,-,-
"LAUNCESTON (IRE)",2022,GELDING,"Joe Ponting",H:19,A:31,H:x,H:64,H:0,T:3
"LAURA BAY (IRE)",2021,FILLY,,T:60,T:51,T:84,T:82,T:76,T:64
"LAURA'S BREEZE (IRE)",2020,FILLY,,A:20,A:46,A:50,A:43,A:25,A:17
"LAURASIA (GB)",2023,FILLY,"Laura Mongan",T:x,T:x,A:x,-,-,-
"LAUREATE CROWN (IRE)",2023,GELDING,"Hugo Palmer",T:98,A:95,T:75,T:91,T:x,-
"LAURENS BAY (FR)",2019,GELDING,"Jamie Snowden",S:135,S:135,S:135,H:129,H:x,H:x
"LAURENS DREAM (GB)",2022,FILLY,,A:47,A:50,A:50,A:48,A:48,A:47
"LAURENTIA (IRE)",2016,FILLY,,A:28,A:38,A:40,A:35,A:41,A:45
"LAURIER DES OBEAUX (FR)",2021,GELDING,"Gary & Josh Moore",H:x,H:x,H:x,N:x,-,-
"LAVA STREAM (IRE)",2021,FILLY,"David O'Meara",T:96,T:91,T:101,T:107,T:95,T:81
"LAVENDER GOLD (FR)",2023,GELDING,"David Menuisier",T:65,A:69,T:x,T:x,T:x,-
"LAVENDER HILL MOB (GB)",2021,GELDING,"James Owen",T:74,A:90,H:79,H:127,T:96,A:93
"LAVIDA ADIVA (IRE)",2019,FILLY,"Ruth Jefferson",H:133,H:136,H:133,H:133,H:131,H:131
"LAW COURT (IRE)",2023,COLT,"Richard Hannon",T:86,T:82,A:x,T:x,T:x,-
"LAW DEGREE (IRE)",2022,GELDING,"Tim Easterby",T:41,T:26,H:x,H:x,A:21,A:51
"LAW OF AVERAGE (GB)",2021,GELDING,"Chelsea Banham",T:82,T:76,A:53,A:60,T:55,A:77
"LAW OF DESIGN (IRE)",2022,GELDING,"Ian Williams",A:68,A:63,A:68,A:62,T:67,T:79
"LAW OF SUPPLY (IRE)",2018,GELDING,"Kim Bailey & Mat Nicholls",S:112,S:109,S:113,S:0,S:107,S:70
"LAW SUPREME (FR)",2019,GELDING,"Ian Williams",T:69,T:60,T:70,T:70,A:67,A:67
"LAWMANS BLIS (IRE)",2018,GELDING,"Joey Ramsden",T:50,A:34,A:43,A:34,A:40,A:28
"LAWN RANGER (GB)",2015,GELDING,"Michael Attwater",A:50,A:37,A:45,T:39,T:0,T:56
"LAWRENNY (GB)",2019,GELDING,"Jennie Candlish",H:117,H:115,H:0,H:127,H:x,H:x
"LAWSKY (GB)",2020,GELDING,"James Owen",H:60,H:x,H:x,H:x,N:x,N:x
"LAWTAN (FR)",2021,GELDING,"Richard Hobson",H:x,-,-,-,-,-
"LAYLA LIZ (IRE)",2022,FILLY,"Archie Watson",T:64,A:90,A:89,A:x,A:x,T:x
"LAYSOFT (IRE)",2022,FILLY,"Joel Parkinson & Sue Smith",H:98,H:101,H:x,H:x,N:x,N:x
"LAZIEELUNCH (GB)",2022,GELDING,,A:77,A:67,A:74,A:0,A:66,A:80
"LAZY GRIFF (GER)",2022,COLT,"Charlie Johnston",T:110,T:114,T:112,T:x,T:71,T:x
"LAZY SUNDAY (GB)",2014,FILLY,"Richard Mitford-Slade",S:95,S:111,S:111,S:102,S:108,S:102
"LAZZAR (IRE)",2022,GELDING,"Richard Hughes",T:64,T:56,A:73,A:68,A:77,A:71
"LC TIFFEN (GB)",2023,FILLY,"Lisa Williamson",T:x,A:25,T:x,T:x,T:x,-
"LE BEAU GARCON (GB)",2019,GELDING,"Michael & David Easterby",T:69,A:36,T:74,T:53,T:57,T:75
"LE BEAU GOSSE (FR)",2021,GELDING,,H:74,H:0,H:86,S:75,H:x,-
"LE BEAU MADRIK (FR)",2021,GELDING,"Dan Skelton",H:x,H:x,H:x,H:x,N:x,N:x
"LE FABULEUX BUCK'S (FR)",2021,GELDING,"Martin Keighley",H:74,H:x,H:x,H:x,N:x,-
"LE FLYING FERRET (FR)",2021,GELDING,"Nick Gifford",H:x,H:x,H:x,N:x,-,-
"LE FRIMEUR (FR)",2021,GELDING,"Harry Derham",H:x,H:x,-,-,-,-
"LE GALLI BIER (FR)",2021,GELDING,"Gary & Josh Moore",S:102,S:102,S:88,S:104,S:96,H:74
"LE GENTLEMAN (FR)",2021,GELDING,"Oliver Greenall & Josh Guerriero",S:110,S:101,H:x,-,-,-
"LE MILOS (GB)",2015,GELDING,,S:0,S:132,S:139,S:127,S:0,S:128
"LE PELERIN (GB)",2022,GELDING,"William Knight",T:47,A:46,T:48,A:53,T:38,A:61
"LE SID (IRE)",2022,GELDING,"Ian Williams",-,-,-,-,-,-
"LE SOLEIL REVE (FR)",2021,GELDING,"Mrs Jane Williams",H:96,H:112,H:109,H:x,H:x,H:x
"LE TIEP'S SACRE (FR)",2021,GELDING,"Gary & Josh Moore",H:118,H:x,H:x,-,-,-
"LE YACHT (FR)",2021,GELDING,"Clive Boultbee-Brooks",H:115,H:116,H:116,H:119,H:110,H:x
"LEAD ARTIST (GB)",2021,COLT,,T:105,T:118,T:90,T:117,T:111,T:112
"LEADENHALL (GB)",2020,GELDING,"Tim Easterby",T:70,T:74,T:49,T:55,A:77,T:74
"LEADER IN THE PARK (IRE)",2018,GELDING,"Ben Pauling",S:0,S:114,S:131,S:125,S:127,S:129
"LEADER WING (IRE)",2020,GELDING,"Dan Skelton",H:85,H:82,H:79,H:85,H:75,H:73
"LEADING CHOICE (IRE)",2017,GELDING,"Nicky Martin",S:85,S:112,H:86,H:106,H:x,H:x
"LEADING DANCER (IRE)",2023,FILLY,"K. R. Burke",T:92,A:x,T:x,-,-,-
"LEADING TIMES (GB)",2022,GELDING,"Tim Easterby",A:x,A:x,-,-,-,-
"LEADMAN (GB)",2020,GELDING,"David O'Meara",T:65,T:84,T:58,T:74,T:81,T:0
"LEAP DAY (GB)",2020,GELDING,,T:57,A:46,T:59,A:5,T:28,A:64
"LEAUMEC DE MEE (FR)",2021,GELDING,,H:90,H:105,H:x,H:x,N:x,-
"LEAVE HER TO ME (GB)",2018,FILLY,"David Killahena & Graeme McPherson",H:0,H:87,H:58,H:104,H:98,H:92
"LEAVE OF ABSENCE (FR)",2017,GELDING,"Anthony Honeyball",S:120,S:138,S:145,S:145,S:0,S:145
"LEBRON POWER (GB)",2023,FILLY,"Richard Hannon",T:82,T:42,T:88,T:63,T:88,T:15
"LECHUGA LAD (GB)",2021,GELDING,,A:49,T:46,A:48,T:72,A:16,T:65
"LEDNIKOV (GB)",2018,GELDING,"Ivan Furtado",A:44,A:53,A:45,A:59,A:43,A:42
"LEECH (FR)",2019,GELDING,"Mrs C. Williams",S:65,S:83,H:51,H:88,H:86,H:90
"LEESON STREET (IRE)",2022,FILLY,,A:57,A:58,A:58,A:x,A:x,A:x
"LEGACY LINK (GB)",2023,FILLY,"John & Thady Gosden",T:105,T:105,T:x,T:x,-,-
"LEGACY POWER (GB)",2020,GELDING,"Michael Mullineaux",A:18,T:30,T:25,T:58,A:19,A:63
"LEGACY ROCK (IRE)",2023,GELDING,"Dr Richard Newland & Jamie Insole",T:70,T:65,A:63,A:49,A:x,T:x
"LEGAL REFORM (IRE)",2017,GELDING,"Michael Herrington",A:94,A:92,A:90,A:93,A:91,A:88
"LEGAL WEAPON (GER)",2020,GELDING,"Ben Pauling",H:60,H:x,H:x,H:x,H:x,H:x
"LEGEND FOREVER (GB)",2022,GELDING,,T:31,A:56,T:48,T:x,T:x,T:x
"LEGENDARY LUKE (IRE)",2020,GELDING,"Jamie Snowden",H:x,H:x,H:x,H:x,N:x,-
"LEGENDSOFTHELAND (IRE)",2022,GELDING,"Adrian Wintle",T:55,A:50,A:51,A:50,A:44,A:40
"LEIA ANTILLES (IRE)",2023,FILLY,"Henry Candy",T:0,A:x,M:x,T:x,-,-
"LEJO DU SEUIL (FR)",2021,GELDING,"Ian Williams",H:x,H:x,H:x,-,-,-
"LELANT (IRE)",2018,GELDING,"Mrs C. Williams",S:78,S:56,S:0,S:91,S:89,S:66
"LELANTOS (IRE)",2016,GELDING,"Nicky Henderson",H:83,H:0,H:82,H:90,H:97,H:86
"LELOOPA (IRE)",2020,FILLY,"Fergal O'Brien",H:121,H:119,H:111,H:96,H:117,H:103
"LELOSAJA (IRE)",2023,FILLY,"Charlie Fellowes",A:63,A:x,T:x,A:x,-,-
"LEMON LEAF (IRE)",2020,GELDING,"Olly Murphy",H:102,H:104,H:x,H:x,H:x,-
"LEMONCELLO (FR)",2019,GELDING,"Venetia Williams",H:0,S:0,S:0,H:62,H:34,H:109
"LEMURIAN (GB)",2022,GELDING,,T:72,T:70,T:47,T:x,T:x,A:x
"LENNIE GODBER (GB)",2020,GELDING,,H:10,S:24,H:51,H:0,H:x,H:x
"LENNY'S SPIRIT (FR)",2018,GELDING,"Adam Kirby",A:50,T:57,A:63,A:66,A:32,A:65
"LEO WOOD (FR)",2021,GELDING,"Kim Bailey & Mat Nicholls",H:x,H:x,-,-,-,-
"LEONATO (IRE)",2023,GELDING,"George Boughey",T:x,A:x,A:x,-,-,-
"LEONE ALATO (GB)",2023,COLT,,A:x,T:x,T:x,-,-,-
"LEONETTO (GB)",2023,COLT,,A:x,A:x,A:x,A:x,T:x,-
"LEONIE (GB)",2023,FILLY,"Andrew Balding",A:57,A:70,A:x,A:x,A:x,-
"LEOVANNI (IRE)",2022,FILLY,"K. R. Burke",A:95,T:95,T:92,T:104,T:104,T:x
"LEQUINTO (IRE)",2017,GELDING,"Tony Carroll",T:72,A:65,A:69,A:69,A:65,A:65
"LERMOOS LEGEND (GB)",2015,GELDING,"Mickey Bowen",S:105,S:114,S:104,S:112,S:113,S:110
"LERWICK (GB)",2020,GELDING,"Mark Loughnane",A:57,A:64,A:63,A:70,A:66,A:69
"LES'S DESTINY STAR (IRE)",2019,GELDING,"Ben Pauling",H:0,H:95,H:57,H:x,H:x,H:x
"LES'S LEGACY (GB)",2017,GELDING,"Susan Corbett",H:96,H:79,H:81,H:80,H:81,H:0
"LESLEY BUCKLEY (IRE)",2023,FILLY,"Jim & Suzi Best",T:42,A:x,A:x,A:x,A:x,A:x
"LESLEY'S BOY (GB)",2022,GELDING,"Richard & Peter Fahey",T:45,A:68,A:69,A:71,T:49,T:73
"LESRICO (GB)",2020,GELDING,"Lisa Williamson",T:66,T:66,T:64,T:59,T:38,T:44
"LESSAY (IRE)",2021,GELDING,"Patrick Morris",A:57,A:52,A:50,A:54,A:61,A:59
"LESTER MAIL (FR)",2021,GELDING,"N. W. Alexander",H:94,H:90,H:x,H:x,H:x,N:x
"LET HER GO (IRE)",2023,FILLY,"Ollie Sangster",A:31,A:46,A:x,A:x,A:x,-
"LET IT RAIN (GB)",2019,FILLY,"Dan Skelton",H:130,H:0,H:124,H:x,H:x,N:x
"LET ME GO BOYS (IRE)",2020,GELDING,"Jonjo & A.J. O'Neill",S:0,S:84,S:88,H:84,H:79,H:103
"LET'S DREAM (GB)",2021,GELDING,"Michael Bell",T:92,T:89,T:72,T:81,T:84,T:74
"LET'S GO HUGO (IRE)",2020,GELDING,"Ollie Pears",T:39,T:44,T:33,A:49,A:52,A:47
"LETHAL BLAST (GB)",2017,FILLY,"Andy Irvine",A:25,A:53,T:49,A:43,A:62,A:59
"LETHAL NYMPH (GB)",2019,GELDING,"Paul Midgley",T:71,T:79,T:75,T:76,A:84,A:81
"LETIZA (IRE)",2020,FILLY,,A:31,A:62,-,-,-,-
"LETMEBETHEBOSS (IRE)",2021,GELDING,"Tony Carroll",A:66,T:0,T:66,A:57,A:65,A:60
"LETMESEETHECOLTS (GB)",2021,FILLY,"Brian Ellison",T:40,T:49,T:60,T:54,A:52,A:43
"LETS GO MO (IRE)",2022,FILLY,"Lucy Wadham",H:x,H:x,H:x,N:x,N:x,-
"LETS GO TO VEGAS (IRE)",2018,FILLY,"Alastair Ralph",H:110,H:105,H:110,H:110,H:106,S:91
"LETS MINGLE (IRE)",2020,FILLY,"Lucinda Russell & Michael Scudamore",H:112,H:113,H:x,H:98,H:109,H:x
"LETSBEATSEPSIS (GB)",2022,GELDING,"Gary & Josh Moore",T:48,A:30,T:53,M:53,T:51,T:46
"LETSBEFRANK (IRE)",2020,GELDING,"Jim Goldie",T:78,T:73,T:69,T:60,T:63,T:69
"LETTER OF THE LAW (IRE)",2019,GELDING,,T:8,T:12,T:25,T:40,T:31,T:34
"LETTERSTON LILY (GB)",2020,FILLY,"Mickey Bowen",H:118,H:102,H:114,H:0,H:114,H:x
"LEVEL LOOK (GB)",2023,GELDING,"Andrew Balding",A:x,A:x,A:x,-,-,-
"LEVEL UP (IRE)",2019,GELDING,"David Evans",T:63,T:60,T:64,T:62,A:62,A:50
"LEVER UP (GB)",2022,GELDING,"Michael & David Easterby",T:65,T:56,A:66,T:67,T:62,T:69
"LEWA HOUSE (GB)",2016,GELDING,"Catch Bissett",S:0,H:30,H:31,S:69,S:80,S:81
"LEWISHAM GROVE (IRE)",2021,GELDING,"Jennie Candlish",H:x,H:x,H:x,H:x,H:x,H:x
"LEXIE'S MOON (GB)",2018,FILLY,"Laura Horsfall",H:105,H:104,H:86,H:88,H:74,H:90
"LEXINGTON BELLE (IRE)",2021,FILLY,,T:78,T:83,T:70,A:65,T:44,T:89
"LEXINGTON BLITZ (IRE)",2022,GELDING,"Robert Cowell",T:97,T:88,T:67,T:88,T:83,T:83
"LEXINGTON EXPRESS (IRE)",2023,FILLY,"Marco Botti",A:73,A:67,A:66,A:63,A:52,A:56
"LEXINGTON JET (IRE)",2022,GELDING,"David Loughnane",T:85,A:77,A:82,A:68,A:78,A:72
"LEYSTHORPE STAR (IRE)",2023,GELDING,,T:11,T:25,A:x,A:x,A:x,-
"LHEBAYEB (GER)",2018,FILLY,"Richard Price",A:36,A:43,A:49,A:42,A:45,A:43
"LHEUR DE GLOIRE (FR)",2021,GELDING,"Ben Pauling",S:101,H:92,H:15,H:x,H:98,H:x
"LIAM MERA KAI (FR)",2021,GELDING,"Warren Greatrex",T:x,H:0,H:x,H:x,H:x,H:x
"LIAMARTY DREAMS (GB)",2019,GELDING,,T:70,T:64,T:70,T:52,T:57,T:64
"LIASSE D'ARGENT (FR)",2020,FILLY,"Tom Gretton",H:61,H:x,H:x,H:x,-,-
"LIBBERTY HUNTER (GB)",2016,GELDING,,S:159,S:148,S:131,S:0,S:0,S:151
"LIBERALISED (GB)",2022,FILLY,,A:68,T:55,A:72,A:77,A:75,T:31
"LIBERTY BIRD (GB)",2022,FILLY,"James Evans",T:0,A:39,A:28,A:46,A:39,A:62
"LIBERTY COACH (GB)",2021,GELDING,"John & Sean Quinn",H:x,H:0,H:x,H:x,H:x,T:82
"LIBERTY LANE (IRE)",2020,GELDING,"K. R. Burke",T:99,T:113,T:109,T:107,T:103,T:107
"LIBERTY LOOMING (IRE)",2021,GELDING,"Adam Nicol",H:0,H:0,H:x,H:x,H:x,H:x
"LIBRA TIGER (GB)",2019,GELDING,,A:30,T:49,T:53,T:42,A:36,A:56
"LIBRE DE CHOEUR (FR)",2020,GELDING,"Clive Boultbee-Brooks",H:100,H:116,H:104,H:110,H:102,H:x
"LICENCE TO CONQUER (IRE)",2022,GELDING,,T:44,T:61,T:56,T:x,T:x,T:x
"LIEBER POWER (GB)",2020,GELDING,"Andrew Balding",T:95,T:93,T:91,T:87,T:87,T:90
"LIEUTENANT KIJE (GB)",2023,GELDING,"Dr Richard Newland & Jamie Insole",A:68,A:x,T:x,T:x,-,-
"LIEUTENANT LILY (GB)",2022,FILLY,,T:0,A:33,A:50,A:41,A:27,A:53
"LIEUTENANT SIR (GB)",2023,GELDING,"Archie Watson",A:x,A:x,A:x,-,-,-
"LIFE AFTER LOVE (GB)",2023,FILLY,"Ollie Sangster",T:67,A:68,A:64,A:54,A:60,A:58
"LIFE IS ROSIE (GB)",2022,FILLY,,A:67,A:70,T:63,T:0,T:x,T:x
"LIFE ON THE ROCKS (IRE)",2018,GELDING,,A:29,A:43,A:45,A:49,T:42,T:51
"LIFEGUARD (GB)",2023,GELDING,"Mark Loughnane",A:39,A:54,A:x,T:x,A:x,-
"LIFEPLAN (IRE)",2023,COLT,"Declan Carroll",T:113,T:x,-,-,-,-
"LIFETIME IN MILAN (IRE)",2019,GELDING,"Chris Gordon",H:x,H:x,H:x,-,-,-
"LIFT ME UP (IRE)",2016,GELDING,"Miss M. Filby",H:0,H:0,H:83,H:127,H:130,H:111
"LIGHT DREAMER (IRE)",2023,FILLY,"Richard Hannon",T:74,T:x,T:x,A:x,-,-
"LIGHT FANDANGO (IRE)",2019,GELDING,"Neil Mulholland",H:124,H:119,H:96,H:111,H:102,H:0
"LIGHT N STRIKE (IRE)",2016,GELDING,"Mickey Bowen",S:126,S:88,S:0,S:139,S:136,S:138
"LIGHT SPEED (IRE)",2020,GELDING,,A:69,A:67,A:66,A:74,A:72,T:66
"LIGHT THE NIGHT UP (IRE)",2023,FILLY,"K. R. Burke",T:65,T:64,A:65,A:x,A:x,T:x
"LIGHTENING COMPANY (IRE)",2018,GELDING,"Ben Haslam",T:60,T:71,T:69,A:49,A:39,A:35
"LIGHTENING LAD (GB)",2023,GELDING,"Grant Tuer",T:x,A:x,A:x,-,-,-
"LIGHTFINGERED JACK (GB)",2019,GELDING,"Alan King",H:0,H:x,H:x,H:x,H:x,-
"LIGHTING THUNDER (GB)",2023,COLT,"John & Thady Gosden",T:x,T:x,T:x,-,-,-
"LIGHTNING BEAR (IRE)",2022,GELDING,"Jim Boyle",A:60,A:65,A:64,T:54,T:63,T:66
"LIGHTNING FLASH (IRE)",2020,GELDING,"Nigel & Willy Twiston-Davies",S:49,S:76,S:83,S:111,S:90,S:111
"LIGHTNING GALAXY (IRE)",2022,GELDING,"Michael Dods",T:49,T:50,A:54,T:55,T:68,T:63
"LIGHTNING HOOVES (GB)",2023,GELDING,,A:1,A:x,A:x,A:x,-,-
"LIGHTNING POLKA (GB)",2023,FILLY,"Ed Walker",T:63,A:79,T:73,T:85,T:x,-
"LIGHTNING TIGER (IRE)",2022,GELDING,"Charlie Fellowes",A:76,T:73,T:71,T:77,T:x,A:x
"LIGHTNING TOUCH (GB)",2021,FILLY,,A:54,A:71,A:61,A:72,A:74,T:67
"LIGHTNINGBOLTZOOM (GB)",2021,GELDING,"Charlie Pike",A:22,A:29,A:45,A:51,A:42,A:63
"LIGHTNINGUPOURDAYS (GB)",2019,GELDING,"Alastair Ralph",H:94,H:60,H:119,H:119,H:117,H:x
"LIGHTONTHEWING (IRE)",2015,GELDING,"Susan Gardner",H:0,S:81,S:92,H:92,S:0,S:87
"LIGHTS ARE GREEN (IRE)",2017,GELDING,"George Bewley",S:83,S:0,S:0,S:60,S:0,S:80
"LIGHTS GO DOWN (GB)",2022,GELDING,"Michael & David Easterby",H:87,H:86,H:100,H:102,H:96,T:58
"LIHOU LADY (GB)",2023,FILLY,"David Evans",T:49,A:x,A:x,A:x,-,-
"LIHYAN (IRE)",2018,GELDING,"Rebecca Menzies",H:123,H:125,H:128,H:113,H:126,H:126
"LIKE MAGIC (GER)",2021,GELDING,,A:39,A:43,A:26,A:0,T:16,A:40
"LIKE MINDED (IRE)",2021,GELDING,"Lucinda Russell & Michael Scudamore",H:x,H:x,H:x,-,-,-
"LIKEALOT (GB)",2022,FILLY,"Ralph Beckett",A:92,A:85,T:85,T:79,T:86,A:87
"LIKENESS (IRE)",2023,FILLY,"George Boughey",A:61,A:x,A:76,A:76,A:x,T:x
"LIL BROTHER (GB)",2023,COLT,"Michael Keady",A:71,T:74,T:77,T:85,T:72,T:83
"LIL FORTUNE (GB)",2021,GELDING,"Georgina Nicholls",H:x,H:x,-,-,-,-
"LIL WADE (IRE)",2020,GELDING,"Scott Dixon",T:0,A:21,T:15,A:21,A:42,A:35
"LILAC DANDY (GB)",2023,FILLY,"Alan Brown",A:31,T:x,T:x,T:x,-,-
"LILAC WOOD (GB)",2022,FILLY,,A:29,A:28,A:29,A:x,A:x,A:x
"LILLIE MARGOT (GB)",2023,FILLY,"Jedd O'Keeffe",T:68,T:x,T:x,T:x,-,-
"LILLISTAR (GB)",2020,FILLY,"Micky Hammond",T:45,T:38,T:40,H:56,A:48,H:0
"LILLY LUX (FR)",2021,FILLY,"George Baker",T:69,A:70,A:69,A:65,A:71,A:65
"LILOO D'ORES (FR)",2017,FILLY,"Gary Hanmer",H:0,H:53,H:57,H:0,S:54,H:49
"LILT (GB)",2023,FILLY,"William Haggas",T:105,T:x,-,-,-,-
"LILTING VERSE (IRE)",2017,FILLY,"Fergal O'Brien",S:97,S:105,S:85,S:97,S:115,H:112
"LILY GRACE (GB)",2018,FILLY,"Venetia Williams",H:0,H:53,H:47,H:x,H:x,H:x
"LILY PEARL (GB)",2023,FILLY,"Richard & Peter Fahey",T:75,T:75,T:x,T:x,T:x,-
"LILYKOY (GB)",2023,FILLY,"Dylan Cunha",A:x,T:x,A:x,-,-,-
"LIMA SIERRA (GB)",2022,FILLY,,T:1,T:44,T:61,T:48,T:57,T:44
"LIME DROP (FR)",2016,FILLY,,S:117,S:115,S:115,S:112,S:119,S:87
"LIMERICK LASS (IRE)",2020,FILLY,"Anthony Honeyball",H:x,H:x,H:x,N:x,N:x,-
"LIMERICK LEADER (FR)",2017,GELDING,"Nick Scholfield",S:98,S:98,S:98,S:97,S:96,H:0
"LIMERICK STAR (IRE)",2020,GELDING,"Philip Hobbs & Johnson White",H:x,H:x,H:x,H:x,-,-
"LIMIER D'ARTHEL (FR)",2021,GELDING,"Philip Hobbs & Johnson White",H:x,H:x,H:x,-,-,-
"LIMONATA (GB)",2022,FILLY,,A:0,A:43,A:30,T:x,T:x,A:x
"LINA CODINA (GB)",2023,FILLY,,A:3,A:47,T:45,T:x,T:x,T:x
"LINALENE (FR)",2021,GELDING,"Lucinda Russell & Michael Scudamore",H:x,H:x,H:x,H:x,H:x,N:x
"LINCOLN ROCKSTAR (IRE)",2020,FILLY,,T:63,T:48,T:60,T:59,T:60,T:66
"LINDEN LANE (IRE)",2020,GELDING,"Mrs C. Williams",H:72,H:74,H:88,H:94,H:75,H:92
"LINDORO (GB)",2022,GELDING,"Stephen Hanlon",T:49,A:x,T:x,T:x,-,-
"LINE OF DESCENT (IRE)",2018,GELDING,"Warren Greatrex",S:93,S:97,S:94,S:90,S:86,S:102
"LINE OF FORCE (IRE)",2022,GELDING,,A:44,T:46,T:56,T:59,T:58,T:65
"LINELEE KING (FR)",2015,GELDING,"Olly Murphy",H:0,H:122,H:124,H:116,S:0,S:128
"LINWOOD (IRE)",2022,GELDING,"Richard Hannon",T:108,T:105,T:88,T:95,T:95,T:94
"LION CITY (IRE)",2020,GELDING,"Clare Ellam",A:26,A:38,A:x,A:x,A:51,N:x
"LION OF ALBA (GB)",2023,COLT,"Hugo Palmer",T:x,T:x,T:x,-,-,-
"LION OF MALI (GB)",2023,GELDING,"James Fanshawe",T:62,T:69,A:67,A:67,A:64,A:61
"LION OF THE DESERT (IRE)",2020,GELDING,"Grace Harris",H:105,H:102,H:102,H:97,H:81,H:91
"LION RING (IRE)",2018,GELDING,"Andrew Martin",T:15,A:44,A:38,A:31,A:48,A:37
"LION WAIT (GB)",2020,GELDING,,T:0,T:2,T:x,H:x,-,-
"LION'S HOUSE (GB)",2021,GELDING,"Linda Perratt",T:60,A:70,T:45,A:64,A:69,A:70
"LION'S PRIDE (GB)",2020,GELDING,"John & Thady Gosden",T:87,T:105,T:114,A:102,A:108,T:103
"LIONS PEAK (IRE)",2020,GELDING,,H:0,H:0,H:89,H:x,H:x,H:x
"LIOSA (IRE)",2020,GELDING,"Zoe Hawkins",T:62,T:52,A:65,A:74,A:75,T:66
"LIPA K (IRE)",2018,GELDING,"Oliver Greenall & Josh Guerriero",H:74,H:124,H:121,H:105,H:118,H:85
"LIPSINK (IRE)",2017,GELDING,"Michael Appleby",A:75,A:78,T:73,A:74,T:71,T:62
"LIPSTICK (FR)",2021,GELDING,,H:x,H:x,N:x,-,-,-
"LIPSTICK TRACES (IRE)",2020,FILLY,"Justin Landy",H:x,H:x,H:x,H:x,H:x,H:x
"LIQUID COOLED (IRE)",2023,GELDING,"Ben Haslam",T:53,T:51,A:53,A:x,A:x,A:x
"LIR SPECIALE (IRE)",2019,GELDING,"Brian Ellison",T:73,T:85,T:84,T:83,T:77,A:69
"LIRICIST (IRE)",2022,GELDING,,A:16,A:16,T:32,T:33,T:40,T:50
"LIRONE DU SEUIL (FR)",2021,GELDING,"Dan Skelton",H:x,H:x,-,-,-,-
"LISA JOY (GB)",2023,FILLY,,A:x,A:x,T:x,-,-,-
"LISABETTA (IRE)",2018,FILLY,"Ian Williams",A:13,A:40,A:40,-,-,-
"LISBANE PARK (IRE)",2021,GELDING,"Joe Tizzard",H:x,H:x,H:119,H:x,H:x,-
"LISMACBRYAN HILL (IRE)",2021,FILLY,,A:30,-,-,-,-,-
"LISNAMURRICAN (IRE)",2020,FILLY,"Nicky Henderson",H:x,H:x,H:x,-,-,-
"LISTENTOYOURHEART (IRE)",2019,FILLY,"Dan Skelton",H:112,H:123,H:112,H:128,H:122,H:122
"LITLEANGEL DUSEUIL (FR)",2021,FILLY,"Lucinda Russell & Michael Scudamore",H:106,H:125,-,-,-,-
"LITTLE BECK ANNIE (GB)",2022,FILLY,"Peter Niven",A:44,T:40,T:44,T:48,T:x,T:x
"LITTLE BIG KEV (IRE)",2019,GELDING,"Richard Phillips",H:0,H:87,H:90,H:x,H:x,H:x
"LITTLE DIPPER (GB)",2020,GELDING,"Mel Rowley",H:0,H:0,H:64,H:x,H:84,H:x
"LITTLE DORRIT (GB)",2022,FILLY,"Roger Varian",T:92,T:96,T:96,A:x,T:x,-
"LITTLE JAYBEE (GB)",2023,FILLY,"Tom Ward",A:56,A:56,A:53,T:57,T:72,T:x
"LITTLE KEILEE (IRE)",2020,FILLY,,A:56,T:57,T:63,A:65,T:66,A:67
"LITTLE LADY LUCY (IRE)",2021,FILLY,"Neil Mulholland",H:87,H:85,H:81,H:0,H:0,H:35
"LITTLE LEDGEND (IRE)",2020,GELDING,"Olly Murphy",H:103,H:101,H:99,H:98,H:x,H:x
"LITTLE MI MI (IRE)",2021,FILLY,"Iain Jardine",T:52,T:66,A:62,A:60,A:45,A:54
"LITTLE MISS INDIA (IRE)",2021,FILLY,,T:62,T:56,A:71,A:64,A:69,A:65
"LITTLE MISS MAGIC (IRE)",2021,FILLY,"Patrick Chamings",T:35,A:37,A:37,A:32,A:46,A:29
"LITTLE PETER (GB)",2018,GELDING,"John Berry",A:41,T:62,T:66,H:x,A:72,A:66
"LITTLE PI (FR)",2018,GELDING,"Sam Allwood",H:89,H:91,H:91,H:91,H:83,S:0
"LITTLE SAVER (IRE)",2022,GELDING,,A:52,T:7,T:42,T:72,T:x,T:x
"LITTLE SHE (FR)",2022,FILLY,"Marcus Tregoning",T:50,T:48,A:44,A:53,A:52,A:48
"LITTLE SOIREE (IRE)",2018,FILLY,"Olly Williams",H:57,H:0,H:67,H:0,H:50,H:78
"LITTLE TED (GB)",2017,GELDING,"Tim Easterby",T:28,T:49,T:44,A:41,A:56,A:58
"LITTLE TIGER (GB)",2020,GELDING,"William Stone",T:19,T:55,T:50,T:52,T:57,T:57
"LITTLE VENICE (GB)",2021,FILLY,"Neil Mulholland",H:93,H:91,H:68,H:88,H:85,H:90
"LITTLE WREN (GB)",2020,FILLY,,S:0,S:0,S:78,H:56,H:59,H:x
"LITTLECOTE (GB)",2023,FILLY,"Andrew Balding",A:x,A:x,A:x,A:x,T:x,-
"LITTLETOWN LAD (IRE)",2020,GELDING,"Sam England",H:47,H:60,H:x,H:x,H:x,N:x
"LIV MY LIFE (IRE)",2021,FILLY,,A:70,A:66,A:66,A:66,A:64,A:61
"LIVANO BELLO (FR)",2021,GELDING,"Micky Hammond",S:73,H:0,H:97,H:97,H:86,H:97
"LIVE CONTI (FR)",2021,GELDING,,H:143,H:125,H:142,H:113,-,-
"LIVE EACH DAY (GB)",2022,FILLY,,A:70,A:68,A:65,A:67,A:62,A:54
"LIVE YOUR DREAM (IRE)",2017,GELDING,,A:86,T:68,T:112,T:109,T:104,T:103
"LIVEINTHELIGHT (GB)",2023,FILLY,"Ollie Sangster",T:x,A:x,T:x,-,-,-
"LIVELY CITIZEN (IRE)",2015,GELDING,"D. J. Jeffreys",H:92,H:104,S:0,S:0,H:112,S:119
"LIVERPOOL KNIGHT (GB)",2018,GELDING,"Fergal O'Brien",H:59,H:104,H:113,H:115,H:117,H:118
"LIVERPOOL STAR (IRE)",2023,GELDING,"Michael & David Easterby",T:68,T:69,T:64,A:59,A:67,A:61
"LIVIN ON LUCO (IRE)",2018,GELDING,"Philip Hobbs & Johnson White",S:0,S:128,S:95,S:127,S:128,S:121
"LIVINGIT DU LARGE (FR)",2021,GELDING,"Jamie Snowden",H:0,H:111,H:x,H:x,H:x,H:x
"LIVINGONAPRAYER (GB)",2021,FILLY,"Jamie Snowden",H:x,H:x,H:x,H:x,H:x,-
"LIVIO MILO (IRE)",2020,GELDING,,A:0,A:19,A:30,T:61,A:45,T:45
"LIVONIAN (GER)",2022,GELDING,"Barry Murtagh",T:41,T:70,A:x,T:x,A:x,-
"LIVY'S LAD (GB)",2020,GELDING,"Nick Gifford",S:48,S:80,S:84,H:56,H:x,H:x
"LIZZANA (IRE)",2023,FILLY,"Marco Botti",A:x,A:x,A:x,-,-,-
"LIZZIE LUNA (GB)",2020,FILLY,"Ewan Whillans",H:78,H:92,H:99,H:96,H:77,H:82
"LLANGYNIN LASS (GB)",2022,FILLY,,A:34,T:48,T:x,A:x,T:x,-
"LOBLOLLY (IRE)",2023,GELDING,"S. P. C. Woods",T:80,A:52,T:54,A:x,A:81,A:x
"LOCAL DERBY (IRE)",2020,GELDING,"Chris Gordon",H:104,H:99,H:0,H:93,H:76,H:x
"LOCAL MUSIC (IRE)",2020,FILLY,,T:66,A:73,A:80,A:72,A:80,A:85
"LOCH FRISA (IRE)",2020,GELDING,"Victor Thompson",H:x,H:x,H:x,H:x,N:x,-
"LOCH LEVEN (IRE)",2022,FILLY,,A:29,A:72,A:67,A:79,A:x,A:x
"LOCK STOCK (GB)",2020,GELDING,"Ben Pauling",H:x,H:x,H:x,N:x,N:x,N:x
"LOCK'D UP LANE (GB)",2023,FILLY,,A:x,A:x,-,-,-,-
"LOCKDOWN LASS (GB)",2018,FILLY,,T:0,T:x,H:x,T:29,T:48,T:41
"LOCKED DOWN LAD (GB)",2020,GELDING,"Joe Tickle",H:0,H:78,H:77,H:0,H:0,H:82
"LOCKED ON (GB)",2019,GELDING,"J. Neal",H:0,H:x,H:x,H:x,N:x,N:x
"LOCO LOBO (GB)",2018,FILLY,"Lisa Williamson",T:44,A:17,T:44,A:39,T:0,T:32
"LOCQUIREC (FR)",2021,GELDING,"Oliver Greenall & Josh Guerriero",H:87,H:105,H:100,H:x,-,-
"LODGE (IRE)",2022,FILLY,"Brian Meehan",T:34,A:52,A:71,T:x,T:x,-
"LOGI BEAR (IRE)",2023,GELDING,"John Butler",T:65,A:55,T:61,T:43,T:0,T:79
"LOHOOBB (GB)",2023,COLT,"Owen Burrows",T:75,T:70,T:x,M:x,T:x,-
"LOKI (GER)",2022,GELDING,"Oliver Greenall & Josh Guerriero",T:80,-,-,-,-,-
"LOKI'S MISCHIEF (FR)",2020,GELDING,"Chester Williams",S:110,S:107,S:102,H:0,H:100,H:x
"LOLA DE MAGNY (FR)",2021,FILLY,"Andy Irvine",H:x,H:x,-,-,-,-
"LOLA MOON (GB)",2022,GELDING,,T:35,T:62,T:x,T:x,T:x,-
"LOLEETA (GB)",2023,FILLY,"Stuart Williams",T:35,A:72,A:64,A:48,A:x,M:x
"LOMA EXPRESS (IRE)",2023,FILLY,,A:16,A:x,A:x,A:x,A:x,T:x
"LON CHANEY (IRE)",2020,GELDING,"Olly Murphy",H:x,H:x,H:x,H:x,H:x,-
"LONDON IS BLUE (GB)",2023,COLT,"Robert Cowell",T:59,A:35,T:73,T:65,T:59,T:x
"LONDONER (IRE)",2020,GELDING,"Daniel & Claire Kubler",T:71,T:85,A:89,A:86,A:62,A:87
"LONE PIPER (GB)",2021,GELDING,,T:62,T:60,T:73,T:71,T:76,T:66
"LONE SOLDIER (GB)",2018,GELDING,"Charles & Adam Pogson",S:82,S:74,S:57,S:0,H:66,S:71
"LONE STAR (GB)",2017,FILLY,"Philip Kirby",H:95,H:95,H:79,H:96,H:97,H:92
"LONE WARRIOR (IRE)",2022,GELDING,"George Scott",A:x,T:x,T:x,-,-,-
"LONG DRAW (IRE)",2019,GELDING,"Olly Murphy",H:122,H:135,H:137,H:137,H:134,H:124
"LONG SHOT (GB)",2023,GELDING,"Tim Easterby",T:48,T:52,T:43,T:52,A:42,T:x
"LONG TIME LISTENER (IRE)",2020,GELDING,,H:73,H:69,H:77,H:43,H:35,H:70
"LONGEVITY (IRE)",2023,FILLY,"Nigel Tinkler",T:x,A:x,T:x,-,-,-
"LONGHAIRED GENERAL (IRE)",2021,GELDING,,A:61,T:63,T:67,A:67,A:80,A:81
"LONGLAI (FR)",2018,GELDING,"George Baker",A:68,A:78,T:44,T:66,T:85,A:79
"LONGMOOR (IRE)",2022,GELDING,"Joe Tizzard",H:x,H:x,-,-,-,-
"LOOK BACK SMILING (IRE)",2020,GELDING,"Neil Mulholland",T:47,A:60,T:60,T:62,T:69,A:x
"LOOK TO THE STARS (IRE)",2023,GELDING,"Charlie Appleby",T:6,T:96,T:97,A:x,T:x,T:x
"LOOKAWAY (IRE)",2017,GELDING,"Neil King",S:149,S:145,S:139,S:140,H:135,S:135
"LOOKING AS YOU ARE (GB)",2019,FILLY,"Alex Hales",H:111,H:103,H:109,H:108,H:109,H:115
"LOOKING FOR LARRY (IRE)",2018,GELDING,"Tim Dennis",H:0,H:95,H:102,H:86,S:0,H:106
"LOOKING SPLENDID (GB)",2018,GELDING,"Gary Rutherford",S:105,S:110,S:106,H:84,H:96,H:98
"LOOKS FANTASTIC (GB)",2022,GELDING,"Michael Appleby",T:5,T:56,T:63,A:60,A:11,A:49
"LOOKS LIKELY (GB)",2023,FILLY,,A:36,A:6,A:0,T:25,T:49,T:52
"LOOPING D'ARC (FR)",2021,GELDING,"Warren Greatrex",H:102,H:x,H:x,H:x,N:x,-
"LOOSE CONNECTION (USA)",2023,COLT,,A:55,A:56,T:x,A:x,A:x,-
"LOOTENAY (FR)",2021,GELDING,,H:x,H:x,H:x,N:x,N:x,-
"LOPE EL FUEGO (IRE)",2023,FILLY,"Warren Greatrex",T:65,T:64,T:x,T:x,T:x,-
"LOPE HARSWELL (GB)",2023,FILLY,,A:28,A:17,A:31,A:46,A:42,A:46
"LOPE Y LINDA (GB)",2023,FILLY,"Tim Easterby",T:50,T:46,T:40,A:40,T:36,T:42
"LOPEO (IRE)",2023,GELDING,"David Menuisier",T:81,T:x,T:x,T:x,-,-
"LOQUELLA (IRE)",2023,FILLY,"Charlie Johnston",A:68,A:70,A:x,A:x,-,-
"LORD (GER)",2022,GELDING,"Donald McCain",T:52,T:x,H:75,H:124,H:124,H:96
"LORD ABAMA (IRE)",2019,GELDING,"Michael Dods",T:50,A:56,T:55,T:63,A:54,A:65
"LORD ACCORD (IRE)",2015,GELDING,"Neil Mulholland",S:124,S:0,S:126,S:127,S:112,S:123
"LORD BADDESLEY (IRE)",2015,GELDING,"Anthony Honeyball",S:76,S:67,S:113,S:63,S:121,S:125
"LORD BERTIE (FR)",2020,GELDING,"David O'Meara",T:67,T:81,T:66,T:87,T:82,T:83
"LORD BRITAIN (GB)",2023,COLT,"Ismail Mohammed",A:88,T:86,A:84,T:34,A:x,A:x
"LORD BYRON (IRE)",2022,GELDING,"Faye Bramley",H:x,H:140,H:x,H:125,H:x,-
"LORD CAPULET (IRE)",2022,GELDING,"Kevin Ryan",A:77,T:75,A:70,A:57,A:68,A:68
"LORD CAUVELLIERE (FR)",2021,GELDING,"Sheila Lewis",H:91,H:x,H:x,H:x,N:x,N:x
"LORD CHAMBERLAIN (GB)",2021,GELDING,"Dom Elsworth & Ryan Hatch",H:107,H:108,H:112,H:x,H:x,H:x
"LORD CLOUGHAN (GB)",2023,GELDING,,A:53,T:x,T:x,T:x,-,-
"LORD DE VINCI (FR)",2018,GELDING,"Daragh Bourke",H:47,H:0,S:74,S:62,S:70,S:84
"LORD HARCOURT (GB)",2023,GELDING,,A:81,A:63,A:79,A:81,A:79,A:77
"LORD MAHER (IRE)",2020,GELDING,"Karen Jewell",S:39,S:58,S:87,S:67,S:82,S:91
"LORD MAYOR (GB)",2023,COLT,"Andrew Balding",A:62,A:63,A:x,A:x,A:x,-
"LORD MELBOURNE (IRE)",2020,GELDING,"Ralph Beckett",T:81,A:77,T:98,T:103,T:94,T:90
"LORD NORMANDY (FR)",2021,GELDING,"Tom Clover",T:76,A:58,A:70,A:38,A:x,A:x
"LORD OF ALL SAINTS (FR)",2020,GELDING,"Harriet Dickin",H:0,H:96,H:77,H:97,H:0,H:115
"LORD OF THE GLANCE (GB)",2019,GELDING,"Alex Hales",H:88,H:87,H:86,H:77,H:76,H:x
"LORD ROXBY (IRE)",2022,GELDING,"Nigel Tinkler",T:84,T:62,T:70,T:80,A:71,T:64
"LORD SNOOTIE (IRE)",2017,GELDING,"Christian Williams",H:123,H:121,H:122,H:121,H:0,H:96
"LORD VIRGINIA (FR)",2021,GELDING,"Martin Keighley",H:x,H:x,H:x,N:x,N:x,N:x
"LORDSBRIDGE BAY (GB)",2023,GELDING,"S. P. C. Woods",T:16,A:53,A:x,A:x,A:x,-
"LORDSBRIDGE BLU (GB)",2020,GELDING,,T:69,A:76,A:76,A:74,A:40,T:49
"LORDSBRIDGE FLYER (GB)",2021,FILLY,,A:x,T:x,T:73,T:x,-,-
"LORDSBRIDGE GREY (GB)",2022,GELDING,"S. P. C. Woods",A:63,T:70,A:x,M:x,T:x,-
"LORDSBRIDGE HAVANA (GB)",2022,FILLY,,T:33,A:x,A:x,A:x,-,-
"LORIKO (FR)",2021,GELDING,"Dan Skelton",H:x,H:x,H:98,H:x,H:124,H:x
"LORNA B (IRE)",2022,FILLY,"Seb Spencer",T:79,T:79,T:83,T:82,T:78,A:x
"LORO WHITE (GB)",2021,FILLY,"Olly Murphy",H:85,H:x,H:x,H:x,N:x,-
"LOST BOYS (IRE)",2023,COLT,"David Menuisier",T:96,T:89,T:x,T:x,T:x,-
"LOST FREQUENCIES (IRE)",2019,GELDING,"Sam England",H:x,H:x,H:x,H:x,H:x,N:x
"LOST IN WONDER (GB)",2022,FILLY,"Camilla Poulton",T:0,T:17,A:x,A:x,A:x,-
"LOST SIGNAL (IRE)",2023,COLT,"Richard Hannon",T:100,T:x,T:x,T:x,-,-
"LOU LOU'S GIFT (GB)",2021,FILLY,,A:98,T:72,T:98,T:89,A:92,T:94
"LOUD AND PROUD (IRE)",2019,FILLY,"Miss Laura Richardson",H:113,S:0,S:0,S:87,S:100,S:90
"LOUGH OWEL (IRE)",2018,GELDING,"Mary Sanderson",S:55,S:0,S:62,S:87,S:85,S:89
"LOUGHDERG ROCCO (IRE)",2016,GELDING,"Olly Murphy",S:123,S:120,S:104,S:142,S:137,H:120
"LOUGHVILLE (GB)",2020,FILLY,,A:94,T:96,T:99,T:85,T:89,T:94
"LOUIE THE LEGEND (IRE)",2022,GELDING,"Dylan Cunha",H:83,H:90,A:32,T:48,H:x,H:85
"LOUIS DES LANDES (FR)",2021,GELDING,,H:x,H:x,H:x,H:x,N:x,-
"LOUIS VERON (FR)",2021,GELDING,"Dan Skelton",H:x,H:x,-,-,-,-
"LOULOU MADRIK (FR)",2021,GELDING,"Mark Walford",S:108,H:108,H:x,H:x,H:x,H:x
"LOUNGE LIZARD (GB)",2017,GELDING,"Sarah Humphrey",S:95,S:126,S:66,S:0,S:115,S:135
"LOUP DE MAULDE (FR)",2017,GELDING,"Robbie Llewellyn",S:96,S:118,S:117,S:106,H:118,S:127
"LOUSTIC DU CHATEL (FR)",2021,GELDING,"Henrietta C Knight",H:x,H:x,H:x,H:x,N:x,-
"LOVAT SCOUT (GB)",2022,GELDING,,A:64,A:70,A:61,A:64,A:71,A:47
"LOVE ALIVE (GB)",2023,FILLY,"Jessica Macey",T:49,A:53,A:66,A:69,A:x,A:54
"LOVE BEACH (IRE)",2022,GELDING,"James Fanshawe",T:88,T:91,T:80,T:84,T:80,T:69
"LOVE DYNASTY (FR)",2021,FILLY,"Kevin Ryan",T:95,T:96,T:x,T:x,-,-
"LOVE GAMES (IRE)",2022,GELDING,,A:44,T:20,T:37,A:52,A:47,T:42
"LOVE IS GOLDEN (IRE)",2018,GELDING,"Paddy Butler",H:92,H:x,H:x,H:x,A:66,T:45
"LOVE LOVE LOVE (GB)",2023,FILLY,,A:25,A:x,A:x,T:x,-,-
"LOVE ME (FR)",2020,FILLY,"Jo Davis",H:98,H:90,S:0,H:97,H:101,-
"LOVE OF NEYMORE (GB)",2018,FILLY,,H:118,H:117,H:0,H:119,H:120,H:118
"LOVE OLIVIA (GB)",2023,FILLY,,A:80,T:81,T:72,T:68,T:84,A:x
"LOVE SONNET (IRE)",2022,FILLY,"Tim Vaughan",H:111,H:114,H:102,H:x,-,-
"LOVE TALK (IRE)",2022,FILLY,,A:66,T:66,T:81,T:78,T:92,T:85
"LOVE THAT (IRE)",2019,FILLY,,H:74,H:45,H:65,H:74,H:63,H:x
"LOVE YOU BACK (IRE)",2022,GELDING,"Gary & Josh Moore",H:0,H:88,H:108,H:x,T:67,T:60
"LOVE YOU MILLIONS (IRE)",2022,FILLY,,T:33,T:27,A:x,T:x,T:x,-
"LOVE YOU MORE (GB)",2022,FILLY,"Joseph Parr",A:40,T:54,A:28,A:50,T:49,T:55
"LOVE YOUR WORK (IRE)",2016,GELDING,"Darryll Holland",A:39,A:51,A:69,A:58,A:68,A:65
"LOVELY GINO (FR)",2021,GELDING,"Ben Pauling",H:0,-,-,-,-,-
"LOVELY JUBLY (GB)",2021,FILLY,"Michael Attwater",A:37,T:32,T:51,A:37,T:0,A:31
"LOVELY SPIRIT (IRE)",2022,FILLY,,A:56,T:60,T:60,T:62,A:47,A:63
"LOVERDOSE (FR)",2019,GELDING,"Robert Walford",H:0,H:99,H:119,H:117,H:114,H:108
"LOVERS LEAP (IRE)",2023,FILLY,"Jane Chapple-Hyam",T:64,T:x,T:x,T:x,A:x,-
"LOVETHISWAYAGAIN (IRE)",2023,FILLY,"Ollie Sangster",A:47,A:58,A:x,A:x,A:x,T:x
"LOVETTE (GB)",2022,FILLY,"Iain Jardine",T:33,T:48,A:61,T:30,T:64,T:58
"LOVEYOUTO (GB)",2022,FILLY,"Laura Mongan",A:x,T:x,A:x,-,-,-
"LOVING APPRENTICE (GB)",2022,FILLY,,T:37,T:53,T:80,A:57,T:80,T:71
"LOVING KISS (IRE)",2018,FILLY,,T:x,T:x,-,-,-,-
"LOVING LOOK (GB)",2021,FILLY,,H:x,A:55,A:62,A:69,T:75,T:74
"LOVIS DE SCEAUX (FR)",2021,GELDING,"Sarah-Jayne Davies",H:x,H:x,H:x,H:x,N:x,N:x
"LOW EXPECTATIONS (IRE)",2020,GELDING,"Nick Gifford",H:96,H:73,H:97,H:105,H:102,H:97
"LOWESTOFT (GB)",2022,GELDING,"Matt Crawley",A:46,A:37,A:44,A:x,A:x,A:x
"LOWLANDS (IRE)",2019,FILLY,"Nicky Richards",H:109,H:x,H:99,H:102,H:x,H:x
"LOWRY'S BAR (IRE)",2018,GELDING,"Philip Hobbs & Johnson White",H:117,S:0,S:0,S:148,S:146,S:138
"LOZ VEGAS (IRE)",2023,GELDING,"Peter Chapple-Hyam",T:86,T:75,T:92,T:x,T:x,-
"LUAN (FR)",2022,GELDING,"James Ferguson",T:0,A:x,A:x,A:x,-,-
"LUANSOBE (GB)",2023,COLT,"Charlie Fellowes",T:66,A:x,T:x,A:x,-,-
"LUCIUS AURELIUS (GB)",2022,GELDING,"Kevin Ryan",T:0,T:62,T:36,A:37,A:56,A:57
"LUCK MONEY (GB)",2023,FILLY,,T:26,A:x,T:x,T:x,-,-
"LUCKY BERE (FR)",2021,GELDING,"Kayley Woollacott",H:0,H:117,H:115,H:91,H:111,H:104
"LUCKY BOUNCE (IRE)",2017,GELDING,,H:58,H:0,H:0,H:87,H:87,T:x
"LUCKY HERO (IRE)",2023,GELDING,"David O'Meara",T:51,T:x,T:67,T:78,T:78,T:76
"LUCKY IN TAIPAN (IRE)",2020,GELDING,"Max Young",H:x,H:x,H:x,H:x,N:x,N:x
"LUCKY LUGGER (GB)",2017,GELDING,,S:84,S:93,S:85,S:0,S:80,S:84
"LUCKY MAN (IRE)",2019,GELDING,,A:31,A:53,A:58,A:58,A:58,A:68
"LUCKY MANIFEST (IRE)",2020,GELDING,"Tom Lacey",H:118,H:107,H:123,H:114,H:123,H:118
"LUCKY ONE (FR)",2015,GELDING,"Sophie Leech",H:0,H:0,H:103,H:96,H:106,H:100
"LUCKY PLACE (FR)",2019,GELDING,"Nicky Henderson",H:151,H:140,H:150,S:134,S:135,H:148
"LUCKY SEVENS (GB)",2023,GELDING,"James Owen",T:53,T:55,T:54,T:49,A:37,A:x
"LUCY THE WIRE (IRE)",2022,FILLY,"James Owen",H:100,H:x,H:x,H:x,-,-
"LUD'OR (FR)",2020,GELDING,"Tom Symonds",H:146,H:141,H:139,H:139,H:x,H:x
"LUDO'S LANDING (IRE)",2020,GELDING,"Charlie Johnston",T:77,A:58,T:62,A:78,A:62,A:70
"LUISA (GB)",2022,FILLY,,A:0,A:34,A:0,T:0,A:49,T:35
"LULAMBA (FR)",2021,GELDING,"Nicky Henderson",S:0,S:155,S:160,S:157,S:149,H:148
"LULLY DU HOUX (FR)",2021,GELDING,"Kim Bailey & Mat Nicholls",H:x,H:x,H:x,-,-,-
"LUMBERJACK (GB)",2019,GELDING,"Mark Usher",A:29,A:42,A:36,A:47,A:13,A:37
"LUMENBOURG (GB)",2021,GELDING,"Julie Camacho",T:63,T:44,T:45,T:65,T:65,T:65
"LUMI PLUGIN (GB)",2019,GELDING,"Gary & Josh Moore",S:95,S:116,S:116,S:116,S:89,S:88
"LUMINARE (IRE)",2023,FILLY,"William Haggas",T:72,A:74,A:66,A:74,A:70,T:64
"LUMINARIES (IRE)",2017,GELDING,"Ewan Whillans",H:76,H:68,S:0,S:89,S:70,S:0
"LUMINOSO (IRE)",2022,FILLY,,A:33,A:x,A:x,A:x,-,-
"LUMINOUS APPROACH (IRE)",2022,GELDING,"Shaun Lycett",T:49,A:x,A:x,-,-,-
"LUMINOUS WARRIOR (IRE)",2022,GELDING,"Dylan Cunha",A:54,T:16,A:9,A:44,A:65,A:56
"LUMP SUM (FR)",2018,GELDING,"Sam Thomas",S:124,S:146,S:146,H:130,H:147,H:127
"LUNA A INBHIR NIS (GB)",2022,FILLY,"Katie Scott",T:96,T:68,T:92,T:79,T:89,T:85
"LUNA BEAUX (IRE)",2023,FILLY,"Adrian Wintle",T:58,A:42,T:53,A:60,A:58,A:46
"LUNA CELESTE (IRE)",2023,FILLY,"Tom Clover",T:x,A:x,A:x,-,-,-
"LUNA GRACE (GB)",2022,FILLY,"Lucinda Russell & Michael Scudamore",H:x,H:x,N:x,N:x,N:x,-
"LUNA RUN (IRE)",2019,FILLY,"Harry Derham",H:70,H:65,H:70,H:76,H:62,H:0
"LUNANOVA (GB)",2022,FILLY,"Luke Dace",T:33,A:0,A:23,T:37,T:62,T:55
"LUNAR CONTACT (IRE)",2018,GELDING,"Susan Corbett",H:0,H:100,H:91,S:0,S:0,H:104
"LUNAR DISCOVERY (GB)",2017,FILLY,,S:123,S:116,S:124,S:117,S:117,S:115
"LUNAR ECLIPSE (IRE)",2021,FILLY,,T:72,A:12,T:72,T:83,T:81,A:57
"LUNAR JET (GB)",2014,GELDING,,T:54,T:54,A:38,T:52,T:58,T:48
"LUNAR MELODY (GB)",2023,FILLY,"Richard & Peter Fahey",T:x,T:x,T:x,-,-,-
"LUNAR OCEAN (IRE)",2019,GELDING,"Billy Aprahamian",S:75,S:79,S:0,S:75,S:78,S:13
"LUNAR ORBIT (IRE)",2022,GELDING,"Dan Skelton",H:93,H:104,H:104,H:0,H:x,T:64
"LUNAR POWER (IRE)",2018,GELDING,"Laura Mongan",T:43,A:58,A:60,A:46,H:106,H:102
"LUNARIO (IRE)",2020,GELDING,"Luke Dace",T:50,A:40,A:42,A:69,T:77,T:73
"LUNARSCAPE (GB)",2020,FILLY,,A:40,T:45,A:51,A:39,T:53,T:64
"LUPUS REGEM (GB)",2016,GELDING,,H:0,H:82,H:0,S:12,H:55,H:109
"LUSAKA (IRE)",2018,GELDING,"John & Rhys Flint",T:66,T:68,A:64,A:68,A:65,T:29
"LUSCIOUS LIL (GB)",2023,FILLY,,A:x,T:x,A:x,-,-,-
"LUTTRELL LAD (IRE)",2016,GELDING,,H:121,H:117,H:87,H:126,H:128,H:114
"LUWDVIG (FR)",2019,GELDING,"Neil King",H:100,H:64,H:101,H:100,H:96,H:x
"LUX AETERNA (GB)",2023,GELDING,"Ed Dunlop",T:50,T:60,A:71,A:x,A:x,A:x
"LUZON HEIGHTS (GB)",2023,COLT,"William Knight",T:78,T:79,T:76,A:76,A:74,T:69
"LUZON PRINCE (GB)",2022,GELDING,,A:23,A:x,A:x,A:x,-,-
"LYDEARD GIRL (GB)",2021,FILLY,"Kayley Woollacott",H:95,H:86,H:93,H:x,H:x,H:x
"LYLE VIEW (IRE)",2020,FILLY,"Neil Mulholland",H:95,H:90,H:76,H:0,H:x,H:x
"LYLIAN (FR)",2021,GELDING,"Gary & Josh Moore",S:71,S:110,S:113,S:102,S:112,-
"LYNDA'S DREAM (GB)",2022,FILLY,"John & Rhys Flint",T:x,T:x,T:x,-,-,-
"LYNDON B (IRE)",2016,GELDING,,A:13,A:35,T:66,T:77,T:48,T:80
"LYNDON RED (GB)",2020,GELDING,"Sandy Thomson",H:x,H:x,H:x,N:x,N:x,-
"LYNEHAM (IRE)",2023,COLT,"Ralph Beckett",T:89,T:x,T:x,-,-,-
"LYNSEY LARUE (IRE)",2019,FILLY,"Mrs C. Williams",S:78,S:57,S:74,S:55,S:0,S:73
"LYNWOOD LAD (GB)",2020,GELDING,"Gary & Josh Moore",T:34,A:46,A:35,A:37,A:30,A:43
"LYNX DE THAIX (FR)",2021,GELDING,"Tom Symonds",H:111,-,-,-,-,-
"LYNXMAN (IRE)",2023,GELDING,"Mike Sowersby",T:15,T:39,T:41,T:x,A:x,T:x
"LYRA LEA (GB)",2023,FILLY,"Rod Millman",A:70,T:69,T:73,T:57,A:x,T:x
"LYRICAL CHOICE (IRE)",2021,FILLY,,H:x,H:x,H:x,N:x,N:x,-
"LYRICAL SONG (GB)",2023,GELDING,"Tim Easterby",T:79,T:76,T:71,T:x,T:x,T:x
"LYRICS OF LIFE (GB)",2023,FILLY,"Brian Meehan",T:x,T:x,T:x,T:x,T:x,-
"MA BELLE ARTISTE (IRE)",2020,FILLY,"Robert Bevis",A:51,A:76,T:80,T:58,H:82,H:92
"MA SHANTOU (IRE)",2019,GELDING,"Emma Lavelle",H:118,H:154,H:145,H:103,H:138,H:x
"MAAGIRL (GB)",2022,FILLY,,A:x,T:x,T:x,-,-,-
"MAASAI MARA (GB)",2020,GELDING,"John O'Shea",T:76,T:69,A:71,H:83,H:95,H:83
"MAC'S XPRESS (IRE)",2018,GELDING,"Clare Ellam",H:0,H:53,H:0,H:0,H:0,H:55
"MACANUDO (IRE)",2021,GELDING,"Ian Williams",A:56,A:60,A:47,A:63,A:51,T:61
"MACARI (GB)",2020,GELDING,"Sheena West",T:81,T:71,H:91,A:81,A:77,T:83
"MACARONE (GB)",2021,GELDING,"Grace Harris",T:28,A:51,A:38,A:47,A:60,A:58
"MACCARELLU (FR)",2020,GELDING,"Venetia Williams",H:x,H:x,H:x,-,-,-
"MACEDONIAN (IRE)",2022,GELDING,"Michael Dods",T:55,T:53,A:51,A:68,T:49,T:42
"MACH TEN (IRE)",2021,GELDING,"Syd Hosie",H:57,H:0,H:73,H:76,H:0,H:93
"MACHADADORP (GB)",2023,FILLY,"Andrew Balding",T:x,T:x,-,-,-,-
"MACHALI (GB)",2022,FILLY,"William Stone",A:x,A:x,A:x,-,-,-
"MACHETE (FR)",2019,GELDING,"David O'Meara",A:70,A:71,A:79,A:82,A:79,A:85
"MACHETE BEACH (GB)",2021,GELDING,"Jamie Snowden",H:x,H:x,H:x,A:77,A:83,T:x
"MACHO SUN (IRE)",2020,GELDING,"Mike Sowersby",H:0,H:57,H:44,H:x,H:0,H:66
"MACKLIN (FR)",2016,GELDING,"Will Biddick",H:106,H:122,H:128,H:122,-,-
"MACKTOAD (FR)",2022,GELDING,"Gary & Josh Moore",H:109,H:105,H:94,H:128,-,-
"MACLAINE (GB)",2017,GELDING,"Richard Bandey",S:82,S:108,S:110,S:123,S:101,S:118
"MACS DILEMMA (IRE)",2018,GELDING,"John O'Shea",T:45,A:46,T:39,T:49,T:25,T:55
"MACSHADOW DES CRAI (FR)",2022,GELDING,,H:104,H:x,H:110,H:110,-,-
"MAD DASH (GB)",2023,FILLY,,A:45,A:59,A:48,A:x,A:x,T:x
"MAD MAG (IRE)",2018,FILLY,"Joel Parkinson & Sue Smith",H:x,H:x,H:x,-,-,-
"MAD MAXIOS (IRE)",2021,GELDING,,H:104,H:101,H:86,H:x,H:x,H:x
"MAD UNICORN (GB)",2023,FILLY,,A:52,A:60,A:62,A:60,A:51,A:57
"MADAJOVY (GB)",2020,GELDING,"Louise Allan",H:0,H:76,H:104,H:103,H:x,H:x
"MADAKET (GB)",2018,GELDING,"Miss Ellie Hatcher",S:0,S:110,S:86,S:117,S:99,H:120
"MADAM MALI (IRE)",2023,FILLY,,A:30,A:45,T:x,T:x,T:x,-
"MADAME DE LABRUNIE (FR)",2022,FILLY,"Fergal O'Brien",H:x,H:92,H:99,H:99,H:77,-
"MADAME DE SEVIGNE (IRE)",2021,FILLY,"John Butler",T:68,A:80,A:69,A:73,A:81,T:70
"MADAME KOKO (GB)",2023,FILLY,,A:18,A:44,A:50,A:x,T:x,T:x
"MADAME LA PAPILLON (GB)",2020,FILLY,"Claire Dyson",H:105,H:x,H:x,H:x,N:x,N:x
"MADAME LUNA (GB)",2021,FILLY,"Harry Derham",H:96,H:x,H:x,H:x,-,-
"MADAME PASSANT (FR)",2023,FILLY,"Charlie Pike",T:x,T:x,A:x,-,-,-
"MADAME PLAINTIFF (IRE)",2021,FILLY,,A:44,A:34,A:45,T:30,A:47,T:46
"MADARA (FR)",2019,GELDING,"Dan Skelton",S:152,S:151,S:139,S:121,S:144,S:137
"MADE ALL (GB)",2021,GELDING,"Sam England",H:95,T:66,H:94,T:67,T:49,A:70
"MADE IN NORMANDIE (FR)",2023,FILLY,,A:x,A:x,T:x,-,-,-
"MADE U BLUSH (GB)",2022,FILLY,"Dan Skelton",H:117,H:121,H:116,H:x,H:x,T:77
"MADELEINE MOONSHOT (GB)",2021,FILLY,,T:19,A:39,T:x,T:x,A:x,-
"MADEMEWHATIAM (GB)",2019,GELDING,"Annabelle Sowray",S:0,H:x,S:51,S:65,S:65,H:0
"MADEMOISELLE (GB)",2022,FILLY,,T:88,T:84,T:66,T:85,A:x,T:x
"MADEMOISELLE BELLE (IRE)",2023,FILLY,"Brian Ellison",T:52,T:50,T:57,A:49,A:53,A:59
"MADJID (GB)",2023,GELDING,"Harry Charlton",T:59,T:66,A:x,A:x,T:x,-
"MADMAN (GB)",2023,GELDING,"Rachel Cook & John Bridger",T:37,T:59,A:57,A:62,A:58,A:61
"MADRIGAL MOMENT (GB)",2022,FILLY,,A:0,A:44,A:16,A:22,T:45,A:x
"MADRISA (IRE)",2023,FILLY,"William Haggas",T:x,A:x,-,-,-,-
"MAE AMOR (IRE)",2022,FILLY,"Rebecca Menzies",T:54,T:79,A:45,A:71,A:75,A:79
"MAELSTROM (GB)",2022,COLT,"William Haggas",A:54,T:78,T:77,T:84,T:82,T:80
"MAESTRO CONTI (FR)",2022,GELDING,,H:131,H:143,H:135,H:123,-,-
"MAESTRO DU MESNIL (FR)",2022,GELDING,"Clive Boultbee-Brooks",H:92,H:99,H:x,H:x,-,-
"MAESTROW (GB)",2022,GELDING,"Ben Pauling",H:x,H:x,H:x,N:x,N:x,-
"MAEVA (GB)",2022,FILLY,"Charlie Fellowes",A:80,T:82,A:78,T:x,T:x,T:x
"MAFIA POWER (GB)",2017,GELDING,,H:x,H:x,A:49,A:61,H:x,H:x
"MAFTING (GB)",2022,GELDING,"David O'Meara",T:71,T:66,T:79,T:79,T:61,T:73
"MAGDALAYNA (GB)",2022,FILLY,"Ollie Sangster",A:53,A:44,A:61,A:45,A:43,A:59
"MAGELLAN CLOUD (GB)",2022,GELDING,,T:59,T:71,T:57,T:57,T:82,T:78
"MAGGIES BOY (IRE)",2019,GELDING,"Jennie Candlish",S:0,S:0,S:99,H:84,H:42,H:x
"MAGHLAAK (GB)",2019,GELDING,"Mark Walford",T:55,T:68,S:0,S:114,S:117,H:113
"MAGIC BASMA (IRE)",2022,FILLY,"Kevin Ryan",T:103,T:102,T:93,T:94,T:93,T:95
"MAGIC BOX (IRE)",2023,FILLY,"William Haggas",T:49,A:72,T:76,T:76,T:71,A:68
"MAGIC BOY (GER)",2022,GELDING,"Nigel Tinkler",T:72,T:53,T:x,T:x,T:x,T:x
"MAGIC FLUKE (IRE)",2021,GELDING,,A:20,A:22,A:14,T:39,T:36,A:26
"MAGIC GLOVES (IRE)",2021,FILLY,"Lucinda Russell & Michael Scudamore",H:55,H:47,H:90,H:x,H:x,-
"MAGIC LADY MAE (IRE)",2023,FILLY,"Kevin & Lauren Frost",A:x,A:57,A:x,A:x,A:x,-
"MAGIC MUSIC (GB)",2022,FILLY,"Steph Hollinshead",T:63,T:48,T:62,A:x,T:x,T:x
"MAGIC RUNNER (GER)",2022,FILLY,"Ruth Carr",A:44,A:46,A:58,A:59,A:60,A:61
"MAGIC STAR (GB)",2022,GELDING,,A:x,T:72,A:x,T:x,A:x,-
"MAGIC STONE (IRE)",2023,COLT,,A:63,A:79,T:82,T:x,T:x,T:x
"MAGIC TRIP (GB)",2023,GELDING,"Andrew Balding",T:46,T:80,A:x,T:x,-,-
"MAGIC WAVE (GB)",2016,GELDING,"Mark Walford",H:0,H:83,H:86,H:114,H:109,H:111
"MAGICAL KING (IRE)",2019,GELDING,"Stuart Edmunds",H:121,H:114,S:0,S:101,S:110,H:121
"MAGICAL MAGGIE (GB)",2017,FILLY,"Alastair Ralph",H:0,H:117,H:117,H:104,H:118,H:114
"MAGICAL MERLIN (IRE)",2020,GELDING,"Harry Charlton",T:63,A:50,T:67,T:70,T:66,T:72
"MAGICAL MERLOT (GB)",2023,GELDING,"Ed Dunlop",T:78,A:71,T:x,A:x,T:x,T:x
"MAGICIAN OF RIGA (IRE)",2023,COLT,"Richard Hannon",A:73,A:73,A:64,A:57,T:30,T:x
"MAGISTERY (IRE)",2023,FILLY,"Michael Dods",T:0,T:28,T:51,T:73,T:49,T:x
"MAGISTRATO (FR)",2018,GELDING,"Deborah Cole",H:103,S:120,S:128,S:126,S:120,S:103
"MAGNA (GB)",2022,FILLY,"Tony Carroll",A:67,A:69,A:66,A:60,A:55,A:46
"MAGNA PATCH (GB)",2020,GELDING,"Alastair Ralph",H:x,H:x,H:x,N:x,-,-
"MAGNA SAM (GB)",2014,GELDING,"Alastair Ralph",S:90,S:108,S:0,S:120,S:113,S:0
"MAGNA VICTOR (GB)",2019,GELDING,"Alastair Ralph",H:0,H:116,H:117,H:110,H:x,H:x
"MAGNATURA (IRE)",2023,GELDING,"Tom Ward",T:82,T:84,T:74,T:x,A:x,T:x
"MAGNETUDE (GB)",2023,COLT,"James Owen",T:81,A:78,A:76,A:x,A:x,T:x
"MAGNIFICENT MEL (IRE)",2023,FILLY,"Rod Millman",T:40,T:49,A:39,A:34,A:47,A:35
"MAGNOLIA (FR)",2019,FILLY,"Micky Hammond",H:108,H:107,H:109,H:98,H:56,H:103
"MAGNUM OPUS (IRE)",2021,GELDING,,T:75,A:94,T:66,T:96,A:92,T:87
"MAHARAJAS EXPRESS (GB)",2020,GELDING,"Ian Williams",T:55,A:64,T:38,T:70,T:71,T:67
"MAHLER MOON (IRE)",2018,GELDING,"Fergal O'Brien",S:71,S:102,S:106,S:106,S:104,S:0
"MAHO BAY (GB)",2023,COLT,"Charlie Appleby",T:96,T:x,A:x,-,-,-
"MAHOGANY BAY (IRE)",2022,FILLY,,T:22,A:58,T:x,A:x,T:x,T:x
"MAHON FALLS (IRE)",2021,FILLY,"Katy Price",H:80,H:95,H:x,-,-,-
"MAHONS GLORY (IRE)",2016,GELDING,"Dylan Cunha",S:138,S:133,S:139,S:133,S:132,S:132
"MAID IN CHELSEA (IRE)",2021,FILLY,,A:51,A:61,A:62,A:56,A:60,A:57
"MAID IN DEVON (GB)",2023,FILLY,"Rod Millman",T:57,T:44,A:45,T:x,T:x,T:x
"MAID OF HOUXTY (GB)",2015,FILLY,,S:0,S:0,S:0,S:91,S:91,S:74
"MAILLOT BLANC (GB)",2017,GELDING,"N. W. Alexander",H:100,H:100,H:100,H:86,H:95,H:78
"MAIORI (FR)",2020,GELDING,"Adam Nicol",H:x,H:x,-,-,-,-
"MAITH MAR OR (IRE)",2022,FILLY,"John Berry",A:x,T:x,T:x,-,-,-
"MAJAZ (GB)",2022,FILLY,,T:47,T:x,A:x,A:x,T:x,T:x
"MAJD AL KAZEM (FR)",2023,COLT,"Hilal Kobeissi",T:43,T:x,T:x,A:x,-,-
"MAJESTIC (IRE)",2018,GELDING,"Jack Channon",T:88,T:81,T:53,T:78,T:84,T:99
"MAJESTIC DANE (GB)",2023,COLT,"K. R. Burke",A:x,A:x,-,-,-,-
"MAJESTIC LEO (IRE)",2022,GELDING,"Gary Brown",T:39,T:40,T:14,A:16,A:14,A:x
"MAJESTIC MOMENT (IRE)",2019,GELDING,"Dean Summersby",S:97,S:0,S:98,S:93,S:80,S:87
"MAJESTIC WARRIOR (IRE)",2020,COLT,"James Tate",T:101,T:97,T:98,A:x,T:x,A:x
"MAJESTIC WAVE (GB)",2022,GELDING,"Simon Dow",A:59,A:33,A:55,A:69,A:54,M:70
"MAJEUR ALLEN (FR)",2022,GELDING,"Dan Skelton",H:x,H:x,-,-,-,-
"MAJOR DUNDEE (IRE)",2015,GELDING,"Francesca Poste",H:0,S:108,S:0,S:112,S:132,S:0
"MAJOR FORTUNE (IRE)",2018,GELDING,,S:125,S:122,S:124,S:123,S:99,S:117
"MAJOR MAJOR (IRE)",2020,GELDING,"Cynthia Woods",H:2,H:53,H:35,H:x,H:74,H:x
"MAJOR NEIGH SAYER (IRE)",2023,COLT,"George Scott",T:86,T:66,T:x,A:x,T:x,-
"MAKE HER BELIEVE (IRE)",2023,FILLY,,A:x,A:x,A:x,-,-,-
"MAKE IT UP (IRE)",2023,GELDING,"William Knight",A:41,A:41,A:x,T:x,A:x,-
"MAKE ME KING (FR)",2020,GELDING,"Hamad Al Jehani",T:93,T:105,T:111,T:105,A:108,T:93
"MAKE SUNSHINE (IRE)",2019,FILLY,,H:52,S:0,H:0,H:0,H:0,H:77
"MAKERSTOUN (IRE)",2023,COLT,"Jane Chapple-Hyam",A:x,A:x,T:x,-,-,-
"MAKES ME WONDER (GB)",2022,GELDING,"David Simcock",T:55,T:45,T:57,T:56,T:57,T:35
"MAKIN'YOURMINDUP (GB)",2017,GELDING,,S:0,S:105,S:142,S:139,S:134,S:118
"MAKINBECON (GB)",2020,GELDING,"Barry Murphy",H:80,H:67,H:13,H:x,H:x,H:x
"MALACHY'S WISH (GB)",2023,GELDING,"Jamie Osborne",T:60,A:x,T:x,A:x,-,-
"MALAGO ROSE (IRE)",2018,FILLY,,H:88,H:96,H:98,H:96,H:98,H:81
"MALAITA (GB)",2016,FILLY,,S:110,S:110,S:111,S:0,S:114,S:114
"MALANGEN (IRE)",2015,GELDING,"Lisa Harrison",H:80,H:83,H:63,H:64,H:0,H:50
"MALAYALAM (FR)",2020,GELDING,"Lucinda Russell & Michael Scudamore",H:x,H:x,H:x,-,-,-
"MALDEVIOUS (IRE)",2022,FILLY,"Brian Ellison",A:62,T:x,T:54,T:66,A:41,A:68
"MALDINI MILANO (IRE)",2020,GELDING,"Paul Nicholls",H:121,H:105,H:x,H:x,H:x,N:x
"MALFOY MANOR (GB)",2019,GELDING,,S:0,S:72,S:73,H:85,H:x,H:x
"MALHAM TARN COVE (GB)",2019,GELDING,,T:28,T:35,T:43,T:41,T:47,T:44
"MALI AND ME (IRE)",2022,FILLY,,A:39,A:x,A:x,T:x,-,-
"MALI STAR (IRE)",2023,GELDING,"Jack Channon",T:53,T:52,A:45,A:54,A:x,T:x
"MALICASH (IRE)",2019,GELDING,"Donald McCain",H:121,H:116,H:110,H:x,H:x,H:x
"MALINAS GLORY (IRE)",2017,GELDING,"Miss Hannah Lewis",H:100,-,-,-,-,-
"MALTESE CROSS (FR)",2023,COLT,"William Haggas",T:108,T:x,T:x,T:x,-,-
"MALYSTIC (GB)",2014,GELDING,"Peter Niven",S:0,H:0,H:121,S:107,S:129,S:128
"MAMBO BEAT (IRE)",2019,GELDING,,H:0,T:0,H:0,H:60,H:75,H:31
"MAMBONUMBERFIVE (FR)",2021,GELDING,"Ben Pauling",S:141,S:125,S:146,S:143,S:137,H:116
"MAMMA MARIA (GB)",2022,FILLY,,A:70,A:70,T:66,T:69,T:67,A:62
"MAMMIES BOY (IRE)",2018,GELDING,"Nick Scholfield",H:109,H:0,H:87,H:68,H:113,H:110
"MAMMY (GB)",2021,FILLY,"Rachel Cook & John Bridger",A:23,A:31,A:37,T:32,A:52,T:53
"MAN FROM HAVANA (GB)",2022,GELDING,"Dominic Ffrench Davis",T:x,T:x,T:x,-,-,-
"MAN IS KING (IRE)",2019,GELDING,"David Flood",T:43,T:56,T:52,T:41,T:44,T:47
"MAN MAID (GB)",2021,FILLY,"Harriet Dickin",H:97,H:96,H:0,H:x,H:x,H:x
"MAN OF DESERT (GB)",2021,GELDING,"Chris Dwyer",T:60,A:62,A:67,T:65,A:58,T:60
"MAN OF LA MANCHA (GB)",2022,GELDING,"Ralph Beckett",T:86,T:88,T:89,T:86,T:75,T:80
"MAN OF RIDDLES (USA)",2018,GELDING,"Max Young",H:27,H:x,H:x,A:30,A:43,A:40
"MAN OF THE SEA (IRE)",2016,GELDING,"Neil Mulholland",T:36,H:74,T:49,H:99,H:95,H:87
"MAN OF VISION (GB)",2023,GELDING,"Charlie Appleby",T:90,A:x,T:x,T:x,-,-
"MAN OH MAN (IRE)",2019,GELDING,"Dean Summersby",H:48,H:77,H:81,H:73,H:0,H:80
"MAN ON A MISSION (GB)",2019,GELDING,"P. Charalambous & J. Clutterbuck",A:37,A:38,A:57,A:54,A:49,A:47
"MAN UP FRONT (GB)",2020,GELDING,"James Evans",H:x,H:x,H:x,N:x,N:x,-
"MANACCAN (GB)",2019,COLT,,T:91,T:88,T:97,T:68,T:71,T:108
"MANALISHI (IRE)",2019,GELDING,"Richard Phillips",H:x,H:x,H:x,N:x,-,-
"MANARA (GB)",2022,FILLY,,A:75,T:80,T:83,T:78,T:82,A:79
"MANATEE MEHMAS (IRE)",2023,GELDING,"David O'Meara",T:92,T:x,-,-,-,-
"MANBEARPIG (IRE)",2023,GELDING,"Rebecca Menzies",T:51,A:x,A:x,A:x,-,-
"MANCERO (FR)",2022,GELDING,"David Pipe",H:89,H:77,H:83,H:81,H:60,H:83
"MANDANA (IRE)",2022,FILLY,,A:49,A:54,A:67,A:67,A:68,T:62
"MANDARB (FR)",2021,GELDING,"Micky Hammond",H:110,H:107,H:x,H:86,H:x,T:52
"MANDARIN SPIRIT (IRE)",2023,FILLY,"Kevin Ryan",T:75,T:82,T:x,T:x,-,-
"MANDURAH (IRE)",2022,FILLY,,A:89,T:84,T:79,T:83,T:95,T:x
"MANGANESE (FR)",2022,FILLY,"Max Comley",H:x,H:125,H:120,H:x,-,-
"MANHATTAN CHUTE (IRE)",2022,GELDING,"Jim & Suzi Best",T:17,A:8,A:22,A:17,A:18,A:60
"MANHATTAN MIRAGE (IRE)",2021,GELDING,"Adrian Wintle",T:61,A:46,A:62,A:61,T:47,A:x
"MANHATTAN VALLEY (FR)",2020,GELDING,"Christian Williams",S:67,H:x,H:x,H:x,H:x,-
"MANIGOD (FR)",2021,GELDING,"Warren Greatrex",H:98,H:117,H:x,H:x,H:x,-
"MANILA MIST (GB)",2020,FILLY,,A:25,A:45,M:52,T:0,T:26,T:48
"MANILA SCOUSE (GB)",2019,GELDING,"Tim Easterby",T:78,T:74,T:77,T:76,T:60,T:77
"MANILA THRILLER (GB)",2022,FILLY,,T:65,T:62,T:69,T:70,T:75,T:73
"MANLAGA (IRE)",2022,FILLY,,H:127,H:130,H:129,-,-,-
"MANLY FIREBALL (IRE)",2023,GELDING,"Richard Hughes",A:x,A:68,A:x,A:x,A:x,T:x
"MANNY OH (GB)",2022,GELDING,"Camilla Poulton",A:0,T:22,T:x,A:x,A:x,-
"MANOTHEPEOPLE (IRE)",2015,GELDING,"Fergal O'Brien",S:0,S:116,S:119,S:101,S:129,S:132
"MANOWEST (IRE)",2018,GELDING,"Olly Murphy",H:0,H:105,H:102,H:107,H:x,H:87
"MANTON ROAD (GB)",2022,GELDING,"Richard Phillips",T:31,A:37,A:45,A:51,T:33,T:44
"MANXMAN (IRE)",2020,GELDING,"Simon & Ed Crisford",T:94,A:41,T:85,T:95,A:91,T:90
"MANY A STAR (IRE)",2017,GELDING,"Jamie Osborne",A:79,T:53,A:85,A:83,A:x,T:71
"MANY MEN (GB)",2022,GELDING,"Jim Boyle",T:95,T:92,T:100,T:95,T:91,T:82
"MAO SHANG WONG (IRE)",2022,GELDING,"David O'Meara",T:76,A:67,A:65,A:66,T:75,A:70
"MAPLE (GB)",2021,GELDING,"Ruth Jefferson",T:48,H:105,T:53,H:105,A:56,A:56
"MAPLEDURHAM (IRE)",2022,FILLY,,A:59,A:55,A:56,T:0,A:62,T:2
"MARAJITO (GB)",2022,FILLY,"Tim Easterby",T:71,T:58,T:46,A:56,T:54,T:67
"MARBLE SANDS (FR)",2016,GELDING,"David Killahena & Graeme McPherson",S:0,S:146,S:147,T:77,S:125,A:76
"MARBUZET (GB)",2019,GELDING,"Tim Easterby",T:58,T:72,T:72,T:71,T:65,T:68
"MARCELLINUS (GB)",2023,GELDING,"Tom Dascombe",T:79,T:79,A:x,T:x,T:x,-
"MARCELLO SI (GB)",2018,GELDING,,A:12,A:28,A:45,A:41,A:25,A:39
"MARCH AHEAD (GB)",2023,FILLY,"Bryan Smart",T:55,T:70,T:69,T:x,T:x,T:x
"MARCHE D'ALIGRE (FR)",2021,GELDING,"Jamie Snowden",H:99,H:105,H:39,H:120,H:120,H:50
"MARCHETTI (IRE)",2017,FILLY,"Jimmy Fox",A:30,A:37,A:37,A:31,A:43,A:0
"MARCHING MAC (IRE)",2021,GELDING,"Phil McEntee",T:73,A:60,A:77,A:70,A:83,T:85
"MARCHOGION (GB)",2022,COLT,,A:90,T:97,T:52,T:90,T:74,T:92
"MARCUS (GB)",2021,GELDING,,A:22,A:31,A:42,A:44,A:45,T:45
"MARE OF LONDON (GB)",2023,FILLY,"Mark Walford",A:57,T:61,T:x,T:x,A:x,T:x
"MARENGO STORM (GB)",2023,GELDING,"Richard Hughes",T:83,A:x,A:x,-,-,-
"MARGARET'S LEGACY (FR)",2017,GELDING,"Warren Greatrex",S:106,S:119,S:112,S:128,S:126,S:122
"MARGORIE (GB)",2022,FILLY,"Eve Johnson Houghton",T:50,T:54,T:61,A:48,A:52,T:x
"MARHABA GHAIYYATH (IRE)",2022,GELDING,"Charlie Johnston",T:65,T:95,A:95,T:74,T:98,T:102
"MARHABA MILLION (IRE)",2021,GELDING,"Syd Hosie",H:58,H:82,H:86,H:0,H:x,H:x
"MARHABA PRINCE (GB)",2021,GELDING,"Anthony Honeyball",H:0,H:x,H:x,H:x,N:x,N:x
"MARHABA THE CHAMP (GB)",2019,GELDING,"Sophie Leech",T:0,T:74,A:51,H:x,H:x,H:x
"MARIA DA SILVA (IRE)",2023,FILLY,"Andrew Balding",A:65,A:71,A:x,A:x,T:0,-
"MARINAKIS (IRE)",2020,GELDING,"Robert Stephens",A:40,T:35,A:43,A:47,A:45,A:48
"MARINE (IRE)",2018,GELDING,,A:37,A:31,A:x,A:x,T:x,-
"MARINER (IRE)",2021,GELDING,"Jennie Candlish",T:53,T:65,T:62,A:62,T:51,T:60
"MARIOLE (FR)",2022,GELDING,"Nicky Henderson",H:x,H:x,H:x,N:x,-,-
"MARION'S BOY (IRE)",2017,GELDING,"Damien Wingrove",A:39,A:43,A:44,A:43,A:0,A:34
"MARIOTTO (GB)",2023,FILLY,,A:57,A:71,T:x,T:x,T:x,-
"MARIS ANGEL (GB)",2021,FILLY,"Fionn McSharry",A:74,A:78,A:74,A:71,A:66,T:49
"MARISITTA (GB)",2020,FILLY,"John O'Shea",A:38,A:39,A:40,T:25,T:36,T:45
"MARK'S CHOICE (IRE)",2016,GELDING,"Gemma Tutty",T:67,T:64,T:41,T:75,T:65,A:36
"MARKET HOUSE (IRE)",2020,GELDING,"James Owen",T:67,T:64,H:98,H:95,A:69,A:71
"MARLACOO (IRE)",2020,GELDING,"Tom Lacey",H:70,H:112,H:106,H:109,H:104,H:116
"MARLAY PARK (GB)",2018,GELDING,"Jim Boyle",T:58,T:54,T:67,T:50,T:61,T:71
"MARLBOROUGH PLACE (IRE)",2022,GELDING,"Adrian Wintle",A:x,-,-,-,-,-
"MARNIER (IRE)",2022,GELDING,"John & Thady Gosden",T:84,A:86,A:80,A:x,T:x,T:x
"MAROWN (IRE)",2014,GELDING,,S:0,S:108,S:0,S:0,S:0,S:123
"MARQUIS POMPEO (GB)",2022,COLT,,A:82,A:58,A:76,A:x,T:x,A:x
"MARRA DONNA (IRE)",2023,GELDING,"Ollie Sangster",T:54,A:57,A:63,A:60,A:63,A:64
"MARRY THE NIGHT (GB)",2022,GELDING,"Tim Easterby",T:54,A:72,A:70,A:69,A:70,A:66
"MARS HARPER (GB)",2016,GELDING,"Sarah Humphrey",S:108,S:135,H:90,S:136,S:120,S:139
"MARSEILLAN (IRE)",2023,GELDING,,A:72,A:x,A:71,A:x,T:x,A:x
"MARSH BENHAM (IRE)",2019,GELDING,"George Baker",A:53,A:55,T:56,T:68,T:43,T:46
"MARSHMAN (GB)",2020,GELDING,"K. R. Burke",T:93,A:87,A:103,A:101,A:96,T:89
"MARSIAC (FR)",2021,GELDING,"Kim Bailey & Mat Nicholls",H:115,H:128,H:x,H:x,H:x,-
"MART (GB)",2021,GELDING,"Dylan Cunha",T:57,A:56,A:57,A:62,A:62,A:52
"MARTALMIX'JAC (FR)",2017,GELDING,,S:68,S:79,S:71,S:0,S:70,H:59
"MARTATOR (FR)",2017,GELDING,"Venetia Williams",S:144,S:0,S:116,S:139,S:90,S:109
"MARTHA'S SHADOW (IRE)",2023,FILLY,,A:0,A:20,T:42,T:x,T:x,T:x
"MARTIN'S BRIG (IRE)",2017,GELDING,"David Thompson",T:37,A:42,A:35,A:31,T:24,T:44
"MARTY HOPKIRK (IRE)",2022,GELDING,"David Loughnane",T:26,T:79,A:76,T:69,T:67,T:89
"MARTY MCFLY (IRE)",2018,GELDING,"Sandy Thomson",S:0,S:119,S:115,S:105,S:101,S:87
"MARVELING (GB)",2023,FILLY,"Ollie Sangster",T:48,T:52,A:x,A:x,T:x,-
"MARVELMAN (IRE)",2022,COLT,"Andrew Balding",T:99,T:115,T:110,T:103,T:87,T:110
"MARWAAN (GB)",2023,COLT,,T:69,A:65,A:49,A:x,T:x,T:x
"MARY (IRE)",2019,FILLY,"Ian Williams",S:107,H:106,H:100,H:107,H:110,H:66
"MARY ANNE MAXIMUS (IRE)",2022,FILLY,,A:0,T:9,A:0,T:x,T:x,T:x
"MARY OF MODENA (GB)",2019,FILLY,,T:24,A:37,T:0,A:45,T:53,T:28
"MARY ROSE (GB)",2022,FILLY,,A:32,A:32,A:35,A:32,A:x,T:x
"MARY STANFORD (IRE)",2019,FILLY,,S:0,H:93,H:x,H:x,H:x,-
"MARY'S FORTUNE (FR)",2018,FILLY,,S:0,S:88,S:84,S:54,H:89,S:98
"MARYLAND STAR (GB)",2023,FILLY,"Dean Ivory",A:46,A:x,T:x,A:x,T:x,-
"MASABAN (IRE)",2023,GELDING,"Edward Bethell",T:70,T:68,T:x,-,-,-
"MASEKELA (IRE)",2019,GELDING,"James Moffatt",H:x,H:x,T:62,A:55,T:56,T:61
"MASHAAN (GB)",2018,GELDING,,A:36,A:41,A:37,T:35,T:56,T:56
"MASHAM MOOR (GB)",2017,GELDING,"Simon West",A:27,A:26,A:28,A:33,A:36,A:23
"MASK OF ZORRO (IRE)",2020,GELDING,"Joe Tizzard",H:109,H:116,H:111,H:104,H:98,H:x
"MASKARVEL (FR)",2021,GELDING,"Alastair Ralph",H:x,H:x,H:x,H:x,-,-
"MASKATTO (GB)",2023,COLT,,A:58,A:x,A:x,A:x,T:x,A:x
"MASKED DANCE (FR)",2018,FILLY,"Mel Rowley",H:111,H:114,H:122,H:121,H:121,H:112
"MASKED MAN (FR)",2021,GELDING,"Nigel & Willy Twiston-Davies",H:x,H:x,H:x,H:x,-,-
"MASKED WARRIOR (GB)",2023,GELDING,"William Haggas",A:x,T:x,T:x,T:x,-,-
"MASONBROOK MEADOW (IRE)",2021,FILLY,"Seamus Mullins",H:72,H:78,H:0,H:69,H:77,H:67
"MASQOOL (IRE)",2018,GELDING,"Tony Carroll",T:51,T:50,A:39,A:52,A:59,A:58
"MASS CONSUMPTION (IRE)",2020,GELDING,,A:17,T:36,T:43,T:42,T:45,A:46
"MASSIMO BLUE (GB)",2022,GELDING,"George Baker",A:60,A:60,A:62,A:68,A:66,A:40
"MASTER BREFFNI (IRE)",2018,GELDING,"Chester Williams",S:111,S:102,S:115,S:0,S:117,S:106
"MASTER BUILDER (GB)",2021,GELDING,"David Menuisier",T:92,T:35,T:83,T:90,T:77,T:92
"MASTER CHEWY (IRE)",2017,GELDING,"Nigel & Willy Twiston-Davies",S:92,S:131,S:152,S:135,S:119,S:153
"MASTER DANCER (FR)",2017,GELDING,"Richard Bandey",A:53,A:x,A:x,A:x,H:79,H:79
"MASTER DANDY (IRE)",2020,GELDING,"Michael Keady",T:6,A:45,A:31,A:59,A:59,A:56
"MASTER DUNRAVEN (IRE)",2020,GELDING,"Neil Mulholland",H:63,H:80,H:50,H:47,H:82,H:x
"MASTER HARRY (USA)",2023,GELDING,"Stephen Hanlon",A:46,A:56,T:62,T:67,A:x,T:x
"MASTER MILAN (GB)",2022,GELDING,,A:0,A:0,A:40,A:x,A:x,A:x
"MASTER MILLINER (IRE)",2016,GELDING,"Emma Lavelle",A:84,A:85,T:82,T:81,T:96,T:86
"MASTER OF ENTROPY (GB)",2023,GELDING,"John & Sean Quinn",T:x,A:x,T:x,-,-,-
"MASTER OF KERAUNOS (IRE)",2023,GELDING,"John & Sean Quinn",T:x,A:x,A:x,-,-,-
"MASTER OF MY FATE (IRE)",2021,GELDING,"John & Sean Quinn",T:64,T:84,A:86,A:77,A:82,A:84
"MASTER OF SHANGHAI (FR)",2023,GELDING,"John & Sean Quinn",A:x,T:x,-,-,-,-
"MASTER OF ZEST (USA)",2022,GELDING,,T:41,T:56,T:66,A:70,T:x,T:x
"MASTER RICHARD (GB)",2019,GELDING,"Stephen Hanlon",T:85,A:85,A:84,A:57,T:84,T:77
"MASTER VINTNER (IRE)",2022,GELDING,"Ralph Beckett",A:90,T:83,T:78,A:x,T:x,-
"MASTER ZACK (GB)",2022,COLT,,A:10,A:15,T:0,A:16,T:0,T:43
"MASTERCLASS (GB)",2019,GELDING,,T:39,T:40,T:44,A:39,A:52,A:52
"MASTERDREAM (FR)",2017,GELDING,"Neil Mulholland",S:0,S:92,S:85,T:54,S:109,S:105
"MASTERFIELD (FR)",2022,GELDING,"Oliver Greenall & Josh Guerriero",H:x,H:x,H:x,N:x,N:x,-
"MASTERINTHEWOODS (IRE)",2022,GELDING,"Emma Lavelle",T:78,A:69,A:72,T:71,T:75,T:72
"MASTERMINDING (IRE)",2019,GELDING,"James Moffatt",H:86,H:x,H:x,H:x,H:x,H:x
"MASTERPIECE (GB)",2020,GELDING,"Patrick Morris",A:x,A:x,A:x,H:x,N:x,N:x
"MASTERS LEGACY (IRE)",2015,GELDING,,S:0,S:70,S:115,S:0,S:0,S:97
"MATATA (IRE)",2018,GELDING,"Nigel & Willy Twiston-Davies",S:0,S:0,S:136,S:137,S:158,S:152
"MATCH PLAY (GB)",2020,GELDING,,T:54,T:49,T:65,T:38,T:64,T:66
"MATCHADAM (FR)",2018,GELDING,"E. O' Donnabhain",H:59,H:73,H:71,H:76,H:x,H:x
"MATCHED (GB)",2019,GELDING,"Ruth Jefferson",A:68,A:74,A:77,T:55,T:x,T:x
"MATCHING ENERGY (GB)",2021,GELDING,"Daragh Bourke",H:103,H:x,H:x,H:x,N:x,-
"MATIWO (FR)",2022,GELDING,"Mrs Jane Williams",H:x,H:x,H:0,H:105,-,-
"MATOURY (GB)",2019,GELDING,"Mike Sowersby",H:81,H:0,H:43,H:82,H:79,H:73
"MATTERHORN (FR)",2018,GELDING,"Dan Skelton",S:0,S:146,S:0,S:146,S:143,S:87
"MATTHIAS (GB)",2019,GELDING,"Anthony Honeyball",H:72,H:x,H:x,H:x,N:x,N:x
"MATTICE (GB)",2019,GELDING,,A:67,A:75,T:67,T:63,A:64,A:61
"MATTY'S GETAWAY (IRE)",2019,GELDING,"Kim Bailey & Mat Nicholls",H:133,H:x,H:x,H:x,H:x,-
"MAUI BREEZE (GB)",2022,FILLY,"Wilf Storey",T:55,A:51,A:28,A:59,A:68,A:53
"MAURA JEANNE (GB)",2017,FILLY,"Ian Duncan",H:84,H:77,H:95,H:83,H:95,H:91
"MAURY (IRE)",2022,GELDING,"Craig Benton",T:0,A:48,A:48,A:27,A:42,A:37
"MAVETHEFORCEBEWIVU (GB)",2022,FILLY,"Alan Brown",A:14,A:35,T:41,A:20,T:45,T:44
"MAWOOD (GB)",2022,GELDING,,T:82,T:79,T:74,T:x,T:x,A:x
"MAX MAYHEM (GB)",2018,GELDING,"George Baker",A:87,T:95,T:92,T:84,A:93,A:96
"MAX OF STARS (FR)",2020,FILLY,"Ollie Pears",H:0,H:117,H:117,A:50,T:58,H:96
"MAXI BOY (GB)",2017,GELDING,"Fionn McSharry",T:63,A:66,A:54,A:73,A:73,A:74
"MAXI KING (IRE)",2020,GELDING,"Kevin Philippart de Foy",T:103,T:99,A:99,T:101,T:101,T:98
"MAXIDENT (GB)",2020,GELDING,"Kevin Philippart de Foy",T:82,T:79,A:78,T:78,T:78,T:0
"MAXIMILIAN (GER)",2016,GELDING,"Donald McCain",S:0,S:132,S:126,S:111,S:135,S:132
"MAXIMISING (IRE)",2022,GELDING,"Kevin Philippart de Foy",A:77,A:69,A:72,A:77,A:67,T:x
"MAXIMIZED (GB)",2023,GELDING,"Charlie Appleby",T:87,T:85,T:92,T:92,T:97,T:92
"MAXIMUM BENEFIT (IRE)",2021,GELDING,"Jo Davis",H:x,H:x,H:x,N:x,N:x,N:x
"MAXIMUM OFFERS (IRE)",2019,GELDING,"Jamie Snowden",S:115,S:113,S:102,S:91,H:x,H:x
"MAXIMUM VELOCITY (IRE)",2023,GELDING,"Nigel Tinkler",T:62,T:38,T:57,A:51,A:57,T:x
"MAXIMUS DECIMUS (IRE)",2022,GELDING,"Ed Dunlop",T:19,T:x,A:x,A:x,-,-
"MAXWELLCAN (IRE)",2023,GELDING,,A:0,A:37,A:51,T:x,T:x,T:x
"MAY ANGEL (GB)",2023,GELDING,"John & Thady Gosden",T:94,T:95,T:81,T:95,A:x,T:x
"MAY BLOSSOM (GB)",2019,FILLY,,T:66,T:63,T:73,T:72,T:62,T:69
"MAY ENCOUNTER (GB)",2022,FILLY,"Henry Candy",T:56,A:56,T:58,T:62,A:x,T:56
"MAYAADA (IRE)",2023,FILLY,"Ollie Sangster",T:66,T:78,T:78,A:25,T:54,T:70
"MAYBE NOT (GB)",2022,FILLY,"Ralph Beckett",T:90,T:81,A:86,T:83,A:80,T:75
"MAYBE SOON (IRE)",2023,FILLY,"Tom Tate",T:46,A:51,A:x,A:x,A:x,-
"MAYBELLA (GB)",2022,FILLY,,A:23,A:40,A:x,A:x,T:x,-
"MAYBERRY MOON (GB)",2022,GELDING,,T:44,T:63,T:70,T:67,T:57,T:x
"MAYDAY MALONE (GB)",2022,GELDING,,T:95,T:85,T:82,T:81,T:78,T:78
"MAYFAIR MARKET (GB)",2023,FILLY,"S. P. C. Woods",A:64,A:x,T:x,A:x,T:x,-
"MAYFLOWER BILLY (GB)",2023,GELDING,"Jessica Macey",T:69,T:x,T:x,A:x,-,-
"MAYFLYER (GB)",2023,FILLY,"Tony Culhane & Stella Barclay",A:x,A:x,A:x,-,-,-
"MAYNORA (GB)",2023,GELDING,"Craig Lidster",T:57,T:58,A:47,A:55,A:45,A:47
"MAYO COUNTY (GB)",2021,FILLY,"Julie Camacho",T:63,T:55,T:56,A:42,A:52,A:61
"MAYOR OF MAGHERA (GB)",2022,GELDING,"R. Mike Smith",H:0,A:59,A:46,A:64,A:65,A:69
"MAYWEDANCE (IRE)",2022,FILLY,"John O'Shea",A:56,T:42,A:47,A:48,A:53,A:58
"MAZZA (GB)",2021,GELDING,,T:53,T:x,T:x,T:x,-,-
"MBAPPE (GB)",2021,GELDING,"Mark Loughnane",A:57,A:61,A:58,A:52,A:55,A:61
"MC MOAN (IRE)",2022,GELDING,,A:x,A:x,A:x,-,-,-
"MC'FLO (GB)",2021,FILLY,"Anthony Carson",H:56,H:52,H:54,H:68,H:x,H:x
"MC'TED (GB)",2018,GELDING,,T:48,A:46,T:67,A:73,T:63,A:56
"MCCAULEY'S TAVERN (IRE)",2020,GELDING,,A:33,A:29,T:26,T:43,A:48,A:49
"MCELHATTAN (IRE)",2021,GELDING,"Donald McCain",H:x,H:x,H:x,N:x,-,-
"MCGRATH FROM CLUNE (IRE)",2016,GELDING,"Tom Gretton",H:23,S:0,S:68,S:82,S:77,S:79
"MCGREGORS CHARGE (GB)",2018,GELDING,,H:48,S:0,S:0,S:88,S:86,S:85
"MCKENNA (IRE)",2022,GELDING,,A:37,A:2,A:16,A:49,T:0,A:75
"MCMURRAY (IRE)",2023,GELDING,"George Boughey",T:94,T:89,T:87,T:x,T:x,T:x
"ME AN' ALL (GB)",2023,FILLY,"John Ryan",T:x,T:x,T:x,-,-,-
"ME TARZAN (IRE)",2022,GELDING,,T:78,A:72,A:70,A:66,A:68,A:62
"MEATLOAF (FR)",2019,GELDING,,H:0,H:99,H:117,H:115,H:111,H:0
"MEBLESH (IRE)",2022,COLT,,T:90,T:84,T:84,T:55,T:79,T:x
"MECCA'S SYMPHONY (GB)",2022,FILLY,"Michael Dods",T:60,T:0,T:52,T:66,T:68,T:x
"MECENE (FR)",2022,GELDING,"Mrs Jane Williams",H:x,H:x,H:x,-,-,-
"MEDIA DARLING (GB)",2022,FILLY,"Stuart Williams",T:66,A:x,T:x,T:x,-,-
"MEDIA LEGEND (IRE)",2023,GELDING,"Harry Charlton",T:75,A:x,A:x,A:x,-,-
"MEDIA MOGUL (IRE)",2021,GELDING,"Tom Dascombe",H:x,H:x,T:67,T:74,T:56,T:70
"MEDIA SHOOTER (GB)",2021,GELDING,,A:68,A:64,A:61,A:70,A:58,A:70
"MEDIEVAL GOLD (GB)",2020,GELDING,"Patrick Neville",H:117,H:115,H:113,H:110,H:98,H:106
"MEDINILLA (IRE)",2022,FILLY,,T:0,A:69,T:71,T:65,A:72,T:x
"MEDWAY QUEEN (IRE)",2022,FILLY,"William Muir & Chris Grassick",A:68,A:x,T:x,T:x,-,-
"MEDYG (GB)",2023,GELDING,"Edward Smyth-Osbourne",T:57,A:x,A:x,A:x,-,-
"MEELAF (GB)",2023,FILLY,,A:79,T:75,T:75,T:87,T:x,T:x
"MEET ME IN MERAKI (GB)",2021,GELDING,"David Evans",A:58,A:64,A:64,A:55,A:69,A:67
"MEETMEBYTHESEA (IRE)",2020,GELDING,"Ben Pauling",S:151,S:105,S:139,S:138,H:133,H:x
"MEGA ETOILE (FR)",2022,FILLY,"Henrietta C Knight",H:x,H:x,H:x,H:x,N:x,N:x
"MEGA SPECULATOR (FR)",2018,GELDING,,S:42,S:0,S:0,H:45,-,-
"MEGAPHONE (GB)",2022,GELDING,"Scott Dixon",A:33,A:22,A:55,A:55,A:36,A:35
"MEHMAS AIR FORCE (IRE)",2023,FILLY,,A:72,T:x,T:67,T:x,T:x,T:x
"MEHMAS CHAMPION (IRE)",2022,GELDING,"David O'Meara",A:x,T:x,-,-,-,-
"MEHMAS ENGINE (IRE)",2023,FILLY,"Luke Dace",T:53,T:x,A:x,A:x,-,-
"MEHMO (IRE)",2018,GELDING,,A:23,T:16,T:38,T:50,T:34,A:52
"MELAKAZ (IRE)",2018,GELDING,,A:53,A:71,T:64,A:78,A:74,A:83
"MELBOURNE GHOST (IRE)",2021,GELDING,"Donald Whillans",H:x,H:x,H:x,N:x,-,-
"MELEK ALREEH (USA)",2019,GELDING,"David Simcock",A:85,A:81,A:72,T:77,T:81,A:80
"MELERI (GB)",2019,FILLY,,A:34,A:59,A:66,A:67,A:58,T:3
"MELINDA (IRE)",2021,FILLY,"Lucinda Russell & Michael Scudamore",H:87,A:44,H:x,T:45,T:x,T:x
"MELISSA HONEY (GB)",2022,FILLY,"Michael Herrington",T:49,A:50,A:48,A:50,A:49,A:56
"MELODICAL (GB)",2023,FILLY,"Ed Walker",A:x,A:x,T:x,-,-,-
"MELODY DE VEGA (IRE)",2023,FILLY,"Dr Richard Newland & Jamie Insole",T:59,A:68,A:73,A:x,A:x,A:x
"MELON (GER)",2021,GELDING,"Oliver Greenall & Josh Guerriero",H:129,H:124,H:110,H:124,H:113,H:124
"MELOSA (GB)",2022,FILLY,"Mike Sowersby",H:21,H:0,H:x,H:x,H:x,H:x
"MELTON MOSSY (IRE)",2019,GELDING,"Mrs C. Williams",S:103,S:110,S:60,H:105,H:110,H:0
"MELVIN UDALL (IRE)",2022,GELDING,"Grace Harris",A:72,T:69,T:80,T:74,T:x,T:x
"MEMPHIS ROSE (IRE)",2022,FILLY,,T:0,T:25,A:x,T:x,-,-
"MEN OF HONOUR (IRE)",2022,GELDING,"Ruth Carr",T:58,-,-,-,-,-
"MENAGGIO (IRE)",2019,GELDING,"Billy Aprahamian",H:115,H:0,H:112,H:107,S:0,S:45
"MENWIRR (IRE)",2023,GELDING,"Archie Watson",T:54,A:x,A:x,A:x,-,-
"MENZIES (IRE)",2023,COLT,"Harry Eustace",T:59,A:x,A:x,A:x,-,-
"MERAKI MIST (FR)",2018,GELDING,"Dan Horsford",H:73,H:55,H:83,H:81,H:x,H:x
"MERANTI (IRE)",2018,GELDING,"Sheila Lewis",S:44,S:0,S:0,S:24,S:49,S:76
"MERAPI (GB)",2022,FILLY,"Michael Keady",T:44,A:59,T:59,T:59,A:59,A:48
"MERCI MAM (FR)",2022,GELDING,"Dan Skelton",H:x,-,-,-,-,-
"MERCURIUS POWER (IRE)",2018,GELDING,"Jessica Macey",T:48,A:53,A:53,A:59,A:60,A:57
"MERCURY DAY (IRE)",2021,FILLY,"Conrad Allen",A:51,T:80,T:75,A:78,A:86,T:61
"MERELY A DETAIL (GB)",2021,FILLY,"Toby Bulgin",H:x,H:x,H:99,H:x,H:x,H:x
"MERESIDE DIVA (IRE)",2020,FILLY,"David & Nicola Barron",T:62,T:68,T:78,A:75,A:74,A:78
"MERESIDE MADNESS (IRE)",2021,GELDING,"Scott Dixon",A:40,A:53,A:56,T:42,A:63,T:59
"MERESIDE PRINCESS (IRE)",2023,FILLY,"David & Nicola Barron",T:53,T:42,T:49,T:44,A:49,A:51
"MERESIDE SPARK (IRE)",2023,FILLY,"David & Nicola Barron",T:51,T:20,A:48,T:x,T:x,T:x
"MERITOCRATIC (IRE)",2023,GELDING,"James Horton",A:56,A:x,A:x,T:x,-,-
"MERLIER (IRE)",2023,GELDING,"Archie Watson",T:x,A:85,T:57,A:x,A:x,A:x
"MERMAIDS CAVE (IRE)",2019,FILLY,,H:110,H:118,H:107,H:0,H:x,H:112
"MERPATI SEJOLI (IRE)",2023,FILLY,,A:0,T:x,A:x,T:x,-,-
"MERRIJIG (GB)",2018,GELDING,"John Berry",A:62,A:65,T:60,T:63,T:64,T:65
"MERRIMACK (GB)",2021,GELDING,"Stuart Williams",T:69,A:44,A:65,A:71,A:67,A:64
"MERRY (GB)",2023,FILLY,"James Horton",A:x,A:x,A:x,-,-,-
"MERRY MONTY (GB)",2017,GELDING,,S:82,S:78,S:93,S:93,S:87,H:80
"MERRY SHUIL (IRE)",2018,FILLY,"Jennie Candlish",H:70,H:76,H:97,H:90,H:x,H:x
"MERSEA (FR)",2020,FILLY,"Grant Tuer",A:45,A:53,A:37,A:55,A:54,A:56
"MERSEA ISLAND (IRE)",2022,GELDING,"Charlie Johnston",A:83,A:86,A:80,A:79,T:66,T:55
"MERSEY STREET (IRE)",2018,GELDING,"Jonjo & A.J. O'Neill",S:92,S:72,S:91,S:90,S:0,S:84
"MERTOUN (FR)",2023,GELDING,"Jane Chapple-Hyam",T:52,T:x,T:x,T:x,-,-
"MERVEILLEUX LAPIN (IRE)",2022,FILLY,"Owen Burrows",T:96,-,-,-,-,-
"MESAAFI (GB)",2021,GELDING,"Ross Burdon",T:78,A:72,A:69,A:80,A:78,A:81
"METABOLT (GB)",2019,GELDING,,A:61,T:55,T:82,T:77,T:84,T:47
"METAL MERCHANT (IRE)",2020,GELDING,"John Butler",T:56,T:59,T:80,T:87,T:92,T:98
"METALLO (IRE)",2021,GELDING,"John Butler",A:68,A:74,A:78,A:83,A:70,A:84
"METAVERSE (IRE)",2020,GELDING,"David Menuisier",A:76,A:81,A:79,A:83,A:82,A:51
"METIER (IRE)",2016,GELDING,,H:0,H:117,T:57,A:77,T:94,T:97
"MEXICAN STAN (GB)",2020,GELDING,"Alastair Ralph",H:89,H:92,H:82,H:75,H:0,H:x
"MEZCALA (GB)",2022,GELDING,"Jack Channon",T:94,T:94,T:82,T:85,A:x,T:x
"MGHEERA (GB)",2020,FILLY,"Ed Walker",T:103,T:100,T:108,-,-,-
"MI SUENO (IRE)",2019,GELDING,"David Brace",H:73,S:0,H:76,H:62,H:0,H:0
"MIA SUNSHINE (GER)",2022,FILLY,"Mickey Bowen",-,-,-,-,-,-
"MIAKODA (IRE)",2022,GELDING,,A:53,T:42,A:52,T:61,T:64,T:62
"MIAMI JIM (IRE)",2018,GELDING,"Rosemary Gasson",S:0,S:35,S:30,S:41,S:71,S:0
"MIAMI MAGIC (IRE)",2019,GELDING,"Stuart Edmunds",S:0,S:145,S:142,S:142,S:129,S:110
"MIAMI MATRIX (IRE)",2022,GELDING,"Patrick Morris",T:74,T:83,T:86,T:74,T:71,T:86
"MIAMI MEMORIES (GB)",2022,FILLY,,T:26,M:27,T:42,T:54,T:x,T:x
"MICHAELA'S BOY (IRE)",2020,GELDING,"Robert Cowell",T:61,T:83,A:79,A:86,A:85,A:59
"MICK FROM TIPP (IRE)",2023,COLT,,A:x,T:x,A:x,A:x,-,-
"MICK THE HAT (IRE)",2023,GELDING,"Ralph Beckett",T:x,A:x,A:x,-,-,-
"MICK THE VEST (GB)",2023,GELDING,,A:0,A:x,A:x,T:x,-,-
"MICK'S SPIRIT (GB)",2018,GELDING,"Conrad Allen",A:53,A:64,A:69,A:55,A:63,A:68
"MICKEY MONGOOSE (GB)",2020,GELDING,"Olly Williams",T:49,A:52,T:40,A:49,A:47,A:51
"MICKS JET (IRE)",2018,FILLY,"Philip Kirby",H:0,S:97,S:115,S:116,S:117,S:115
"MICKTHESOLDIER (IRE)",2018,GELDING,"Philip Kirby",H:84,H:x,H:x,-,-,-
"MIDAK (FR)",2022,GELDING,"Ian Williams",T:94,-,-,-,-,-
"MIDDLETON VIEW (IRE)",2022,GELDING,"Stuart Williams",T:65,A:42,A:56,A:58,A:64,A:x
"MIDNIGHT BELLA (GB)",2021,FILLY,"Joel Parkinson & Sue Smith",H:91,H:x,H:x,H:x,N:x,N:x
"MIDNIGHT CALL (IRE)",2021,FILLY,"Tony Carroll",A:66,A:54,A:62,A:49,A:48,A:55
"MIDNIGHT GINGER (GB)",2016,FILLY,"Andrew Martin",H:88,H:91,H:72,H:86,H:69,H:86
"MIDNIGHT GOLD (IRE)",2017,FILLY,,S:0,S:84,S:89,S:0,H:58,H:0
"MIDNIGHT GUN (GB)",2021,GELDING,"Hamad Al Jehani",T:71,T:102,T:95,T:99,T:101,T:94
"MIDNIGHT LION (GB)",2020,GELDING,"Jim Goldie",A:67,A:83,A:88,A:86,A:74,A:81
"MIDNIGHT LIR (IRE)",2021,GELDING,"Michael Dods",T:61,T:47,A:47,T:45,T:65,T:55
"MIDNIGHT MEDIA (GB)",2023,FILLY,"William Muir & Chris Grassick",T:47,A:x,A:x,A:x,A:x,-
"MIDNIGHT PASS (GB)",2021,FILLY,"Emma Lavelle",H:x,H:0,H:91,H:x,H:x,H:x
"MIDNIGHT RAVENS (IRE)",2021,GELDING,"Charlie Pike",A:54,A:37,A:62,A:x,A:x,T:x
"MIDNIGHT RODEO (IRE)",2023,GELDING,"George Scott",T:61,A:77,A:74,T:64,T:x,A:x
"MIDNIGHT RUMBLE (GB)",2021,GELDING,"Jake Coulson",T:79,A:82,A:83,A:81,A:83,H:0
"MIDNIGHT STEPPERS (IRE)",2023,FILLY,"Ed Dunlop",A:x,A:x,T:x,-,-,-
"MIDNIGHT STRIKE (IRE)",2022,GELDING,"Jennie Candlish",T:62,T:66,T:59,T:85,-,-
"MIDNIGHT TANGO (GB)",2023,FILLY,"Ed Walker",T:104,T:41,T:89,T:97,T:96,T:96
"MIDNIGHT VIEW (GB)",2020,GELDING,"Matt Sheppard",H:90,H:96,H:43,H:91,H:94,H:0
"MIDNIGHT'S DREAM (IRE)",2021,GELDING,"Joseph Parr",A:45,A:42,A:48,A:17,A:70,A:71
"MIDSUMMER MUSIC (IRE)",2020,FILLY,,A:42,A:61,A:63,T:65,T:57,A:62
"MIDSUMMER STORM (IRE)",2023,COLT,"K. R. Burke",T:x,A:x,A:x,-,-,-
"MIGHT I (IRE)",2016,GELDING,"Faye Bramley",H:94,H:65,H:130,H:134,H:127,H:139
"MIGHTY BANDIT (IRE)",2020,GELDING,"Warren Greatrex",S:146,S:151,S:142,S:138,S:133,T:78
"MIGHTY FLEUR (GB)",2020,FILLY,"Mickey Bowen",H:x,H:x,H:110,S:90,H:x,H:x
"MIGHTY GURKHA (IRE)",2018,GELDING,,A:0,A:0,A:50,T:47,T:57,A:57
"MIGHTY MAGNUS (IRE)",2023,GELDING,"Michael Dods",T:63,T:81,T:69,T:79,T:78,T:79
"MIGHTY POWER (IRE)",2018,GELDING,"Lisa Williamson",A:20,A:29,A:34,A:43,T:28,T:29
"MIGHTY QUIET (GB)",2021,FILLY,"Harry Charlton",T:60,T:69,T:59,T:69,T:65,T:63
"MIGHTY REAL (GB)",2022,GELDING,,A:35,A:22,A:43,T:45,T:32,T:28
"MIGHTY RULER (IRE)",2022,GELDING,"Michael Attwater",T:0,A:53,A:47,A:55,A:52,A:51
"MIGHTY VEGA (IRE)",2023,GELDING,"Scott Dixon",T:75,A:72,A:73,A:66,A:69,A:69
"MILADY DU BREUIL (FR)",2022,FILLY,"Christian Williams",H:87,H:x,H:x,H:x,N:x,-
"MILAN AC (IRE)",2018,GELDING,,H:41,H:96,H:41,S:0,H:90,H:x
"MILAN MILOS (IRE)",2020,GELDING,"Tom Gretton",S:80,H:79,H:78,H:52,H:74,H:79
"MILAN PARK (IRE)",2019,GELDING,"Chris Grant",H:87,H:103,H:81,H:103,H:x,H:x
"MILAN TINO (IRE)",2020,GELDING,"Tom George",S:119,S:118,S:112,S:120,S:98,H:x
"MILCREE (IRE)",2018,GELDING,"Nicky Richards",S:0,S:128,S:123,H:115,H:x,H:x
"MILD MAGIC (IRE)",2020,FILLY,"Neil Mulholland",H:81,H:78,H:68,H:x,H:x,H:x
"MILETUS (IRE)",2021,GELDING,"James Keane",T:76,T:81,A:79,A:82,T:29,T:82
"MILFORD (GB)",2022,GELDING,"Julie Camacho",T:89,T:84,T:81,T:53,T:95,T:92
"MILFORD GRANGE (GB)",2023,GELDING,"Michael & David Easterby",T:70,T:x,T:x,T:x,-,-
"MILITARY ACADEMY (GB)",2021,GELDING,"Jane Chapple-Hyam",T:91,A:88,A:92,A:105,A:101,A:98
"MILITARY AIR (GB)",2022,GELDING,"David O'Meara",T:3,T:78,-,-,-,-
"MILITARY CODE (GB)",2023,COLT,"Charlie Appleby",T:105,T:74,T:99,T:83,T:x,T:x
"MILITARY CROSS (IRE)",2022,GELDING,"Sam England",H:x,T:42,A:76,A:x,A:x,T:x
"MILITARY GIRL (IRE)",2022,FILLY,"Michael Dods",T:70,T:65,T:54,T:67,T:62,T:65
"MILITARY LEADER (GB)",2021,GELDING,"Phillip Makin",T:68,A:65,A:58,A:56,A:56,A:55
"MILITARY ORDER (IRE)",2020,GELDING,"Charlie Appleby",T:109,T:112,T:111,T:105,A:111,A:111
"MILITZIE (GB)",2023,FILLY,,A:35,A:x,A:x,A:x,-,-
"MILLADY (GB)",2022,FILLY,"Mel Rowley",H:x,H:x,H:x,N:x,N:x,-
"MILLBUIE (GB)",2021,GELDING,"Ewan Whillans",T:43,A:35,A:46,A:41,A:38,T:31
"MILLDAM (FR)",2018,GELDING,"Jamie Snowden",H:122,H:118,H:0,H:127,H:109,H:87
"MILLE ET UNE VIES (FR)",2022,FILLY,"Dan Skelton",H:x,-,-,-,-,-
"MILLER SPIRIT (IRE)",2020,GELDING,"Gary & Josh Moore",T:80,T:77,T:89,A:88,T:84,T:91
"MILLFORCE (IRE)",2019,GELDING,"Henry Oliver",S:133,S:0,H:x,-,-,-
"MILLFORD HILL (IRE)",2018,GELDING,,H:29,S:0,H:35,H:x,H:x,H:x
"MILLIE'S A MINX (GB)",2022,FILLY,"John Ryan",T:x,T:x,A:x,-,-,-
"MILLIES MITE (IRE)",2016,FILLY,"Karen Jewell",S:0,S:52,S:0,S:0,S:0,S:0
"MILLION GOLD (GB)",2023,COLT,"Michael Appleby",A:x,A:x,-,-,-,-
"MILOU DU CHENET (FR)",2022,GELDING,"Warren Greatrex",H:x,H:x,H:x,-,-,-
"MILTEYE (GB)",2020,GELDING,"Harriet Bethell",T:85,T:14,T:82,T:65,T:77,T:73
"MIMI'S MAGIC (GB)",2023,FILLY,"Ed Dunlop",A:68,A:x,A:x,A:x,A:x,-
"MIND HUNTER (GB)",2018,GELDING,"Bernard Llewellyn",H:62,H:74,H:73,H:74,H:73,T:27
"MIND OVER MATTER (IRE)",2023,GELDING,"John & Sean Quinn",T:x,A:x,T:x,T:x,-,-
"MINELLA BLUEWAY (IRE)",2018,GELDING,"Mrs C. Williams",S:0,S:98,S:120,S:0,S:96,S:0
"MINELLA CROONER (IRE)",2016,GELDING,,S:0,S:0,S:0,S:0,S:0,S:0
"MINELLA DOUBLE (IRE)",2018,GELDING,"Rob Summers",H:0,H:103,H:95,H:0,H:0,H:86
"MINELLA DRAMA (IRE)",2015,GELDING,"Donald McCain",S:0,S:0,S:142,S:132,S:0,S:143
"MINELLA JAB (IRE)",2017,GELDING,"Miss M.Lawrence",H:0,H:105,H:103,H:0,-,-
"MINELLA JURY (IRE)",2020,GELDING,"Nigel & Willy Twiston-Davies",H:0,H:122,H:x,H:x,-,-
"MINELLA KAISER (IRE)",2019,GELDING,,S:0,H:62,S:84,S:83,H:79,H:x
"MINELLA MARATHON (GB)",2021,GELDING,"Dan Skelton",H:x,H:x,H:x,-,-,-
"MINELLA MISSILE (IRE)",2018,GELDING,"Mrs C. Williams",H:92,H:110,H:0,H:121,H:118,H:115
"MINELLA MISSION (IRE)",2019,GELDING,"D. J. Jeffreys",H:x,H:x,H:x,-,-,-
"MINELLA RESCUE (IRE)",2018,GELDING,"Gary Hanmer",H:115,H:108,H:86,H:94,H:129,T:91
"MINELLA STUDY (GB)",2022,GELDING,"Adam Nicol",H:88,H:143,H:139,H:126,T:69,-
"MINELLA TRUMP (IRE)",2014,GELDING,"Donald McCain",S:113,H:125,H:114,S:111,S:125,S:122
"MINELLA YOGA (IRE)",2022,GELDING,"Paul Nicholls",H:131,H:x,H:126,H:128,-,-
"MINERS GAMBLE (IRE)",2021,GELDING,"Brian Ellison",T:48,A:54,A:37,A:56,A:58,A:50
"MINHAD (GB)",2022,GELDING,"Ismail Mohammed",T:76,T:84,T:60,T:81,T:77,T:77
"MINI MAC (IRE)",2022,GELDING,"Jessica Macey",T:52,T:47,T:45,T:49,A:54,A:41
"MINI MAGNA (IRE)",2021,GELDING,,A:29,A:43,A:36,A:54,A:62,A:11
"MINI MILDRED (GB)",2019,FILLY,,H:92,H:110,S:58,S:113,S:115,T:55
"MINNESOTA (GB)",2022,GELDING,,A:x,A:x,T:x,-,-,-
"MINNESOTA LAD (IRE)",2020,GELDING,"Ivan Furtado",A:59,A:56,A:62,A:54,A:61,T:59
"MINNIE BELLE (GB)",2022,FILLY,"Sophie Leech",H:x,H:x,H:x,H:x,-,-
"MINNIE IDOL (GB)",2022,FILLY,"John Ryan",A:x,A:x,A:x,-,-,-
"MINNIE WILDES (IRE)",2021,FILLY,,T:78,T:56,T:63,A:60,A:73,A:x
"MINNIEMUM (GB)",2017,FILLY,"Henry Daly",S:106,S:98,S:0,S:0,S:125,S:122
"MINSHAAR (GB)",2022,FILLY,"Stephanie Cassidy",A:17,A:53,A:57,A:56,A:61,A:56
"MINSTREL KNIGHT (GB)",2021,GELDING,"Edward Bethell",H:x,H:x,H:x,H:x,T:85,T:53
"MINTANA (GB)",2020,FILLY,"James Evans",A:44,A:46,A:42,A:51,A:50,A:38
"MIO AMICO (GB)",2022,GELDING,"Michael Keady",A:41,A:61,A:70,A:69,A:59,A:62
"MIRABAD (FR)",2019,GELDING,"Dan Skelton",S:0,S:155,S:107,S:137,S:0,S:137
"MIRABEAU (GB)",2022,GELDING,"Dominic Ffrench Davis",T:95,T:94,T:61,T:43,T:93,T:92
"MIRACLES DO HAPPEN (GB)",2021,FILLY,"Billy Aprahamian",H:78,H:99,H:87,A:x,H:x,H:x
"MIRACULOUS (IRE)",2022,GELDING,"Tim Easterby",T:70,T:68,T:77,T:70,A:55,A:63
"MIRAFLORES (GB)",2022,FILLY,"Rachel Cook & John Bridger",A:38,A:45,A:36,A:25,A:33,A:45
"MIRALAGO (FR)",2018,GELDING,"Georgina Nicholls",S:115,S:0,S:114,S:118,S:117,-
"MIRSKY (GB)",2019,GELDING,"David O'Meara",T:78,T:96,T:93,T:88,T:82,T:94
"MISEMERALD (IRE)",2021,FILLY,"Philip Kirby",T:34,A:45,T:30,T:1,A:38,T:53
"MISHY'S STAR (GB)",2022,FILLY,"Keiran Burke",T:19,A:16,A:47,A:40,A:10,A:32
"MISS ALLSORTS (IRE)",2022,FILLY,"Paul Attwater",A:x,T:x,T:x,-,-,-
"MISS ALPILLES (GB)",2021,FILLY,"Ed Walker",T:100,T:97,T:98,T:85,T:78,T:65
"MISS ATTITUDE (GB)",2020,FILLY,"Jack Channon",T:91,T:92,A:94,T:88,T:99,T:87
"MISS AYALA (IRE)",2023,FILLY,"Mark Usher",T:37,A:33,A:37,A:42,A:40,A:45
"MISS BOYD (GB)",2023,FILLY,,T:17,T:0,A:16,A:0,A:x,T:x
"MISS BRAZEN (GB)",2020,FILLY,"Michael & David Easterby",T:71,T:70,T:53,T:48,T:61,T:69
"MISS BUMBLEBEE (IRE)",2020,FILLY,"George Bewley",H:58,H:x,H:x,H:x,-,-
"MISS CARBO (FR)",2022,FILLY,"Neil Mulholland",H:98,H:109,H:x,H:x,H:x,H:x
"MISS CAST (IRE)",2022,FILLY,,T:0,T:3,A:43,T:39,T:39,T:47
"MISS CHESTER (IRE)",2022,FILLY,"Mark Usher",T:14,A:53,T:45,A:42,A:55,A:36
"MISS CYNTHIA (GB)",2020,FILLY,"Dan Skelton",H:84,H:114,H:108,H:x,H:x,H:113
"MISS DENVER (GB)",2020,FILLY,"Nigel & Willy Twiston-Davies",S:72,H:84,H:x,H:x,H:x,N:x
"MISS DOLLY ROCKER (GB)",2020,FILLY,"Faye Bramley",T:69,T:92,T:92,T:84,T:82,A:70
"MISS FEDORA (IRE)",2019,FILLY,"Nick Scholfield",H:62,S:0,S:0,S:78,S:34,S:0
"MISS FRIDAY LIONS (GB)",2021,FILLY,"Rebecca Menzies",H:84,H:0,H:47,H:89,H:x,H:x
"MISS GOLDFIRE (IRE)",2019,FILLY,"Harry Fry",H:0,H:108,H:0,H:99,H:62,H:x
"MISS HATHAWAY (GB)",2022,FILLY,,A:73,A:74,T:64,T:74,A:68,A:76
"MISS HELENA (IRE)",2022,FILLY,"Michael Mullineaux",A:0,A:32,A:x,A:x,A:x,N:x
"MISS HERSCHEL (GER)",2022,FILLY,,A:57,A:47,A:x,T:x,T:x,A:x
"MISS HONEY (IRE)",2023,FILLY,"Gemma Tutty",A:72,T:73,T:x,A:x,-,-
"MISS INDIA (IRE)",2023,FILLY,"George Boughey",A:x,A:x,T:x,-,-,-
"MISS INFORMATION (IRE)",2021,FILLY,,T:91,T:92,T:99,T:78,T:93,T:86
"MISS JAFFA CAKE (GB)",2020,FILLY,"Polly Gundry",H:26,H:0,H:51,H:0,H:x,H:x
"MISS JUSTICE (GB)",2021,FILLY,"Brian Meehan",T:81,T:102,T:97,T:102,A:x,T:84
"MISS KASSIOPI (GB)",2019,FILLY,"Dan Skelton",H:85,H:95,H:98,H:90,H:92,H:78
"MISS KINGSTON (IRE)",2021,FILLY,"Alastair Ralph",H:x,-,-,-,-,-
"MISS LADY GRACE (IRE)",2023,FILLY,"Dan Horsford",T:66,A:57,A:x,A:x,A:x,T:x
"MISS LALITA (GB)",2022,FILLY,,A:20,A:53,T:x,T:x,A:x,-
"MISS MAGIC DRAGON (GB)",2023,FILLY,"Des Donovan",T:51,T:55,T:52,T:43,A:x,A:x
"MISS MAMBO (IRE)",2023,FILLY,"Gay Kelleway",T:44,T:x,A:x,T:x,A:x,-
"MISS MAVERICK (GB)",2017,FILLY,"Gary Hanmer",H:75,H:124,H:118,H:118,H:115,H:117
"MISS MAXFORT (IRE)",2020,FILLY,,H:0,H:98,H:101,-,-,-
"MISS MENDOZA (GB)",2022,FILLY,,A:54,A:63,A:49,A:x,A:x,A:x
"MISS MONTE CARLO (GB)",2021,FILLY,"Anthony Carson",T:0,A:42,A:64,T:64,T:68,A:x
"MISS MOONSHINE (GB)",2020,FILLY,"Rod Millman",A:23,T:0,A:39,A:48,A:3,A:44
"MISS NIGHTFALL (GB)",2022,FILLY,"James Fanshawe",T:86,A:85,T:76,T:87,T:97,A:88
"MISS PEARL (IRE)",2016,FILLY,"David Rees",S:73,H:54,H:71,H:66,H:53,H:79
"MISS PIGGLE (GB)",2023,FILLY,,T:45,T:62,T:51,T:63,T:43,T:63
"MISS POTOMAC (GB)",2023,FILLY,"Kevin Ryan",A:x,T:x,A:x,-,-,-
"MISS PRETTY (GB)",2023,FILLY,"Edward Smyth-Osbourne",T:54,A:x,A:x,-,-,-
"MISS RAINBOW (IRE)",2021,FILLY,"Tracy Waggott",T:58,T:52,T:57,A:52,A:54,T:61
"MISS RAINCLOUD (IRE)",2022,FILLY,"Alexandra Dunn",T:17,A:4,A:34,A:36,A:32,A:49
"MISS STARLET (IRE)",2023,FILLY,"George Margarson",T:46,A:51,A:63,A:x,T:x,T:x
"MISS TIARA (GB)",2020,FILLY,"Jeremy Scott",H:0,H:89,H:91,H:78,H:x,H:x
"MISS TINKERBELL (GB)",2020,FILLY,"Hughie Morrison",A:44,A:x,M:x,A:x,N:x,N:x
"MISS TONNERRE (IRE)",2022,FILLY,"Ed Walker",A:29,A:83,T:84,T:78,T:91,T:85
"MISS WILLOWS (GB)",2019,FILLY,"Simon Whitaker",T:33,T:57,T:50,T:44,T:4,T:57
"MISS WONG (GB)",2022,FILLY,"David Simcock",T:78,T:80,T:32,T:86,T:83,A:77
"MISSED TEE (IRE)",2017,FILLY,"Miss V. Collins",H:59,H:88,H:98,H:98,H:85,H:0
"MISSILE KODE (IRE)",2023,GELDING,,A:0,T:x,T:x,T:x,-,-
"MISSION CLASSIFIED (IRE)",2023,GELDING,,A:49,T:68,T:70,T:x,T:x,T:x
"MISSION COMMAND (IRE)",2022,GELDING,"Jennie Candlish",T:69,T:56,T:74,T:73,T:72,A:72
"MISSION IN MALTON (GB)",2022,GELDING,,A:38,A:35,A:40,A:46,T:42,A:40
"MISSION POSSIBLE (GB)",2022,FILLY,,A:69,T:67,A:67,A:68,T:61,T:x
"MISSMIMI (GB)",2020,FILLY,"Tina Jackson",A:41,T:60,T:57,T:57,A:50,T:56
"MIST OF TIME (GB)",2023,FILLY,"William Knight",A:x,A:x,A:x,-,-,-
"MISTER BARCLAY (GB)",2018,GELDING,"Tom Symonds",H:0,H:99,S:79,H:87,S:80,H:98
"MISTER BLUEBIRD (GB)",2018,GELDING,"Heather Main",T:86,T:85,A:55,T:75,A:85,T:86
"MISTER CESSNA (FR)",2021,GELDING,"Fergal O'Brien",S:47,S:100,S:97,S:120,S:122,H:x
"MISTER COFFEY (FR)",2015,GELDING,"Nicky Henderson",H:109,S:129,S:95,S:141,S:138,S:142
"MISTER DAYDREAM (IRE)",2021,GELDING,"Gary & Josh Moore",T:51,A:61,T:47,A:64,T:58,T:11
"MISTER INVINCIBLE (IRE)",2022,GELDING,,A:53,T:52,A:65,T:61,T:39,T:67
"MISTER KNOCKOUT (GB)",2022,GELDING,,A:17,A:20,A:0,H:37,A:26,A:0
"MISTER MCGREGOR (IRE)",2022,GELDING,"Michael Mullineaux",T:18,T:34,A:34,A:49,A:40,A:36
"MISTER MOET (IRE)",2023,GELDING,"Scott Dixon",A:45,A:60,A:59,A:52,A:58,A:51
"MISTER MOJITO (IRE)",2021,GELDING,"T. J. Kent",T:68,A:71,A:69,A:73,T:72,T:71
"MISTER PRETENTIOUS (GB)",2023,GELDING,"Luke Dace",T:27,T:x,T:x,A:x,-,-
"MISTER RIZZ (GB)",2022,GELDING,,T:105,T:104,T:99,T:x,A:x,-
"MISTER SANDMAN (GB)",2022,GELDING,"Gary & Josh Moore",T:49,A:42,A:49,T:55,A:54,T:41
"MISTER SKY BLUE (IRE)",2022,GELDING,"Gemma Tutty",T:44,T:51,A:43,A:44,A:48,A:53
"MISTER SOX (GB)",2020,GELDING,"Tim Easterby",T:64,T:72,T:78,T:64,T:62,T:80
"MISTER SPLASH (IRE)",2017,GELDING,"E. Turner",H:0,H:105,H:81,H:x,H:x,H:x
"MISTER URSUS (IRE)",2021,GELDING,"Olly Murphy",H:128,H:x,H:x,H:x,H:x,-
"MISTER WINSTON (GB)",2022,GELDING,"Andrew Balding",T:85,T:97,T:80,T:91,T:94,T:84
"MISTERDOC (FR)",2022,GELDING,"Dan Skelton",H:x,H:x,H:107,-,-,-
"MISTERODDSOCKS (IRE)",2020,GELDING,"Ben Case",S:67,S:80,S:60,S:66,S:0,S:73
"MISTRAL BLUE (GB)",2018,FILLY,"Fergal O'Brien",H:96,H:91,H:0,H:98,H:97,H:93
"MISTRAL MILLY (IRE)",2019,FILLY,"D. J. Jeffreys",H:73,H:99,H:57,H:104,H:0,H:109
"MISTRAL ST GEORGES (FR)",2022,GELDING,"Georgina Nicholls",H:x,H:x,H:98,-,-,-
"MISTRESS EMMA (IRE)",2018,FILLY,,H:0,H:73,H:57,H:x,H:x,N:x
"MISTRESS FOX (GB)",2020,FILLY,"Neil Mulholland",H:84,H:79,H:63,H:x,H:x,H:x
"MISTYMAL (IRE)",2018,GELDING,"Tim Vaughan",S:85,S:78,S:84,S:56,S:0,S:85
"MISUNDERSTOOD (FR)",2022,GELDING,"David O'Meara",T:62,T:74,-,-,-,-
"MITBAAHY (IRE)",2019,GELDING,"Charles Hills",T:49,A:105,T:61,T:104,T:102,T:105
"MIX OF CLOVER (GB)",2014,GELDING,"Alastair Ralph",S:94,S:0,S:104,H:86,H:102,S:0
"MIXEDWAVE (IRE)",2017,GELDING,"Pam Sly",S:87,S:94,S:93,S:80,S:81,S:96
"MMMBOP (GB)",2023,FILLY,"Mark Rimell",A:x,A:x,A:x,-,-,-
"MO OF CAIRO (GB)",2023,COLT,"Kevin Ryan",T:76,T:79,T:84,T:x,T:x,T:x
"MOAB (IRE)",2020,GELDING,"Henrietta C Knight",H:96,H:106,A:61,H:108,H:87,H:99
"MOBBERLEY ROSE (IRE)",2022,FILLY,"Roger Varian",T:x,A:x,-,-,-,-
"MOBILE MAMMA (IRE)",2019,FILLY,,S:62,S:75,S:90,H:0,H:x,H:x
"MOBY QUICK (GB)",2022,GELDING,,T:56,A:59,A:59,A:55,A:60,A:55
"MODEL APPROACH (IRE)",2021,GELDING,"Mrs C. Williams",S:0,H:92,S:68,S:60,H:52,H:64
"MODEL YUKO (GB)",2022,FILLY,"Roger Varian",T:87,A:x,T:x,A:x,-,-
"MODERN MAN (IRE)",2020,GELDING,"Emma Lavelle",H:x,H:x,-,-,-,-
"MODERN STYLE (GB)",2022,GELDING,"Nigel Hawke",H:100,H:98,H:98,H:x,H:0,H:53
"MODERN TIMES (GB)",2021,GELDING,"Tim Easterby",T:66,T:62,T:70,T:72,T:x,T:75
"MODERN UTOPIA (IRE)",2022,FILLY,,T:95,T:93,T:95,T:87,T:85,T:81
"MOE'S LEGACY (GB)",2021,FILLY,"Ronald Harris",T:68,T:75,T:74,T:62,A:74,A:75
"MOGBBEL (IRE)",2023,COLT,,T:67,A:x,T:x,T:x,-,-
"MOHAAB (GB)",2023,FILLY,"William Muir & Chris Grassick",T:65,A:56,A:x,T:x,A:x,A:49
"MOHAARAJ (GB)",2023,GELDING,"Richard Hughes",T:86,A:x,A:x,-,-,-
"MOHAASSET (GB)",2023,FILLY,"Mike Sowersby",T:29,T:17,T:x,T:x,T:x,-
"MOHMENTOUS (GB)",2023,GELDING,"Ollie Sangster",T:59,T:59,T:57,A:44,A:x,A:x
"MOIRA EXPRESS (IRE)",2023,FILLY,"Simon Whitaker",A:x,A:69,A:70,A:x,T:x,T:x
"MOJITO (GB)",2023,FILLY,"Richard Hannon",T:0,T:71,T:x,A:x,T:x,-
"MOJITO DES MOTTES (FR)",2022,GELDING,"Ben Pauling",H:118,H:105,H:105,H:111,-,-
"MOJO EGO (IRE)",2020,GELDING,"Fergal O'Brien",H:73,H:73,H:80,H:94,H:95,H:98
"MOKATA (GB)",2023,FILLY,"Adam Kirby",T:x,T:x,T:x,-,-,-
"MOLINARI (IRE)",2017,GELDING,"Martin Todhunter",A:69,A:53,A:70,A:70,A:63,A:71
"MOLLIE FOSTER (IRE)",2022,FILLY,"Mark Loughnane",A:66,A:50,A:74,A:80,T:67,T:77
"MOLLSTAR (GB)",2023,FILLY,"Ed Walker",A:35,A:x,T:x,T:x,-,-
"MOLLY MAC (IRE)",2023,FILLY,"Mrs Ilka Gansera-Leveque",A:54,A:44,A:35,T:55,A:55,A:43
"MOLLY MARINE (IRE)",2022,FILLY,,A:41,T:43,A:22,A:x,A:x,A:x
"MOLLY VALENTINE (IRE)",2020,FILLY,"Stephanie Cassidy",A:45,A:47,A:27,A:29,A:57,T:45
"MOLLY'S LAD (GB)",2022,GELDING,"Fergal O'Brien",H:x,H:x,H:x,N:x,N:x,-
"MOLLYMOOK (GB)",2022,FILLY,"Jim Boyle",A:0,M:58,T:48,T:62,A:x,A:x
"MOLO DEL PALAZZO (USA)",2023,FILLY,"Ralph Beckett",T:x,A:x,A:x,-,-,-
"MOLTEN ROCK (IRE)",2021,FILLY,,T:74,T:49,T:95,T:82,T:98,T:81
"MOLTEN SEA (GB)",2021,FILLY,"Fergal O'Brien",H:x,H:x,H:x,T:69,A:36,T:71
"MOLTO BENE (IRE)",2019,FILLY,"Charlie Longsdon",S:126,S:124,S:114,H:122,S:122,S:117
"MOLVENO (GB)",2022,COLT,,T:102,T:94,A:80,A:87,A:87,A:83
"MOMBASA (FR)",2019,GELDING,"Venetia Williams",S:98,S:114,S:57,S:122,H:112,H:110
"MOMENT OF LIGHT (GB)",2023,GELDING,,T:66,T:76,A:82,A:78,T:x,A:x
"MON CHAMPION (FR)",2020,GELDING,"Paul Nicholls",S:114,S:122,S:105,S:0,S:118,S:80
"MON NA SLIEVE (IRE)",2021,GELDING,"Kevin Ryan",T:80,T:70,A:81,A:54,A:73,A:82
"MON PETIT FRERE (IRE)",2023,GELDING,,A:30,A:38,A:34,A:34,T:x,A:x
"MONACO RULES (IRE)",2020,GELDING,"Micky Hammond",H:101,H:112,H:107,A:65,H:x,H:x
"MONAGHAN BOY (IRE)",2017,GELDING,,S:56,S:39,S:38,S:80,S:50,S:81
"MONARCH'S GOLD (GB)",2023,COLT,"Kevin Philippart de Foy",T:93,A:45,A:89,A:89,A:x,T:x
"MONARK WOOD (FR)",2022,GELDING,"Max Comley",H:x,H:82,-,-,-,-
"MONBEG GENIUS (IRE)",2016,GELDING,"Jonjo & A.J. O'Neill",S:142,S:139,S:140,S:0,S:143,S:0
"MOND (GER)",2018,GELDING,,A:26,A:30,T:38,A:42,T:35,T:43
"MONDAMMEJ (GB)",2017,GELDING,"Antony Brittain",A:70,A:79,T:48,T:63,T:74,A:76
"MONDO MAN (GB)",2021,GELDING,"Gary & Josh Moore",H:130,H:133,H:x,H:124,H:x,T:105
"MONDOUI'BOY (FR)",2020,GELDING,"Ben Pauling",H:x,H:x,H:x,H:x,N:x,-
"MONEY POCKETS (GB)",2022,FILLY,"Martin Dunne",A:69,T:54,T:58,T:54,T:73,A:66
"MONEYGARROW (IRE)",2020,GELDING,"Dan Skelton",H:x,H:x,H:x,H:x,H:x,N:x
"MONHAMMER (GB)",2018,GELDING,"Linda Perratt",T:41,T:51,T:51,T:50,T:53,T:41
"MONK'S HILL (IRE)",2023,FILLY,,T:39,A:48,T:21,A:49,A:45,A:48
"MONKEY MISS (GB)",2021,FILLY,,T:10,T:21,T:43,T:15,T:50,A:59
"MONKS DREAM (IRE)",2021,GELDING,"Tim Easterby",A:69,A:81,A:78,A:75,A:62,A:79
"MONKS MEAD (GB)",2021,GELDING,"Mark Usher",T:39,A:48,A:46,A:44,A:48,A:49
"MONOCEROS (GB)",2023,GELDING,"Iain Jardine",T:84,T:0,T:x,T:x,-,-
"MONOPOLISE (GB)",2020,GELDING,"Mark Loughnane",A:54,T:61,T:64,A:58,A:46,A:71
"MONOTONE (IRE)",2022,GELDING,,T:36,T:41,T:53,A:40,A:58,A:65
"MONSIEUR BONDY (GB)",2022,GELDING,"Geoff Oldroyd",A:72,A:x,T:x,T:x,-,-
"MONSIEUR JACO (FR)",2020,GELDING,"Neil Mulholland",H:100,H:x,H:x,H:x,-,-
"MONSIEUR KODI (IRE)",2019,GELDING,"Richard & Peter Fahey",A:63,A:77,A:71,A:74,A:71,T:73
"MONSIEUR LE FUZZ (FR)",2019,GELDING,"Rebecca Menzies",H:0,H:76,H:99,H:75,H:69,H:84
"MONSIEUR MELEE (GB)",2021,GELDING,"Rebecca Menzies",T:52,T:71,T:72,T:73,T:72,T:73
"MONSIEUR PATAT (GB)",2017,GELDING,"Adrian Wintle",A:61,A:34,A:26,T:63,T:60,T:68
"MONSUN CLIMATE (IRE)",2021,GELDING,,H:0,H:x,H:x,H:x,N:x,-
"MONTAGUE MENACE (GB)",2023,GELDING,"Andrew Balding",T:67,T:58,T:60,A:x,T:x,T:x
"MONTANA DANCER (IRE)",2022,FILLY,,A:x,A:x,A:x,-,-,-
"MONTASSIB (GB)",2018,GELDING,"William Haggas",T:95,T:94,T:99,T:102,T:110,T:114
"MONTEMARES (GB)",2021,GELDING,"Tom Lacey",H:x,H:x,H:x,H:x,H:x,-
"MONTEZIN (GB)",2022,GELDING,"Antony Brittain",T:71,T:59,A:x,A:x,A:x,-
"MONTEZUMA (GB)",2022,GELDING,"Jim Goldie",T:68,T:78,T:79,T:71,T:65,T:71
"MONTICRISTO BOY (IRE)",2022,GELDING,"Peter Niven",T:16,T:27,A:35,T:47,T:41,T:39
"MONTMARTIN (FR)",2018,GELDING,,S:0,S:77,S:0,S:97,H:103,H:x
"MONTPELLIER GREEN (IRE)",2022,GELDING,"Ian Williams",A:30,A:41,A:45,A:45,T:0,T:63
"MONTRACHET FIN (IRE)",2021,GELDING,"Harry Fry",H:x,H:x,H:x,N:x,-,-
"MONTREGARD (FR)",2019,GELDING,,S:132,S:128,S:0,S:122,S:116,S:0
"MONTU (GB)",2023,GELDING,"Jack Jones",T:38,A:43,A:50,A:49,A:50,A:45
"MONTY BEAU (GB)",2021,GELDING,"Hugo Palmer",T:32,A:73,A:72,A:74,A:75,A:x
"MONTY MAGOO (IRE)",2023,GELDING,,T:9,T:14,A:47,T:36,T:30,T:x
"MOO DENG (GB)",2023,FILLY,,A:39,A:57,T:53,T:x,A:x,T:x
"MOOD QUEEN (IRE)",2023,FILLY,,T:51,T:79,T:92,T:82,T:x,A:x
"MOODOFTHEMOMENT (IRE)",2017,GELDING,"David Thompson",S:99,S:98,S:0,S:110,S:0,S:98
"MOOJ (IRE)",2023,FILLY,"Jack Jones",T:6,T:x,A:x,T:x,-,-
"MOON ANGEL (GB)",2021,FILLY,"Stuart Williams",T:62,T:79,T:70,T:74,T:73,A:65
"MOON BEGINNINGS (IRE)",2022,GELDING,"David Loughnane",T:75,T:55,T:69,A:77,A:76,A:x
"MOON CHIME (GB)",2018,GELDING,"David Killahena & Graeme McPherson",A:74,H:133,A:64,H:101,A:x,T:x
"MOON HUNTER (GB)",2017,GELDING,"Sarah Humphrey",H:0,H:104,S:0,S:95,S:0,S:115
"MOON IS UP (IRE)",2023,FILLY,"Charlie Johnston",A:49,A:57,A:39,A:x,T:x,T:x
"MOON MONARCH (IRE)",2020,GELDING,"Chris Gordon",H:x,H:x,H:x,N:x,N:x,N:x
"MOON OVER CLYRO (GB)",2020,GELDING,,H:97,H:0,H:29,H:x,H:x,N:x
"MOON OVER MIAMI (FR)",2021,GELDING,"Ralph Beckett",T:88,T:84,T:85,T:93,A:85,A:91
"MOON OVER THE SEA (GB)",2019,GELDING,"Tony Carroll",T:55,T:55,T:54,T:53,A:51,A:51
"MOON PHASES (IRE)",2019,GELDING,"Lucinda Russell & Michael Scudamore",S:0,S:103,S:111,S:110,H:x,H:x
"MOON ROCKET (IRE)",2020,GELDING,"Kim Bailey & Mat Nicholls",H:0,S:0,S:121,S:140,S:141,H:x
"MOON SNIPER (GB)",2022,GELDING,"Jessica Bedi",A:0,A:68,A:72,A:71,A:67,A:73
"MOON TARGET (GB)",2023,FILLY,"Sir Mark Prescott Bt",T:87,T:102,T:98,T:103,T:x,T:x
"MOON WARP (GB)",2023,COLT,"Sir Mark Prescott Bt",A:x,A:x,A:x,T:x,-,-
"MOONBOW (FR)",2020,GELDING,,H:120,H:126,H:126,H:116,H:x,H:x
"MOONFALL (IRE)",2023,GELDING,"George Boughey",T:90,T:90,T:x,T:x,T:x,-
"MOONHALL LASS (IRE)",2022,FILLY,"James Owen",T:51,T:58,T:52,A:45,-,-
"MOONJID (GB)",2022,GELDING,"Michael Appleby",T:68,T:66,T:72,A:69,A:66,T:74
"MOONLIGHT ANGEL (IRE)",2023,FILLY,"Henrietta C Knight",A:x,T:x,T:x,-,-,-
"MOONLIGHT ARTIST (GB)",2018,GELDING,"Joe Tizzard",H:39,H:74,H:77,S:38,S:71,S:76
"MOONLIGHT BOMB (GB)",2022,GELDING,,T:31,T:54,A:46,A:51,A:60,A:46
"MOONLIGHT FLIT (IRE)",2016,GELDING,"Fiona Needham",S:0,H:0,H:x,H:x,H:x,N:x
"MOONLIGHT MIRAGE (GB)",2023,FILLY,"David Loughnane",A:53,A:78,A:69,A:x,A:x,T:x
"MOONLIGHT TRAIL (GB)",2019,FILLY,"Paul Robson",H:49,H:x,H:x,H:x,N:x,-
"MOONLIGHT WARRIOR (IRE)",2023,COLT,"Andrew Balding",A:x,T:x,-,-,-,-
"MOONLIGHTINTHEPARK (IRE)",2021,FILLY,"Oliver Greenall & Josh Guerriero",S:0,H:80,H:57,H:x,H:x,H:x
"MOONLIT CLOUD (GB)",2018,FILLY,"Dean Ivory",T:51,A:48,T:27,A:50,A:37,A:62
"MOONLIT POTTER (GB)",2018,FILLY,,S:0,S:0,S:90,S:0,S:98,S:103
"MOONLIT SURF (GB)",2023,FILLY,"Owen Burrows",A:x,T:x,A:x,-,-,-
"MOONRUNNER (GB)",2022,GELDING,"Charlie Fellowes",T:x,A:x,A:x,-,-,-
"MOONSET (FR)",2018,GELDING,"Neil Mulholland",H:0,H:63,H:117,H:x,H:x,N:x
"MOONSHINE (IRE)",2023,FILLY,"Ed Walker",T:77,A:x,A:x,T:x,T:x,-
"MOONSHINE MAN (IRE)",2019,GELDING,"Henrietta C Knight",S:68,S:107,S:102,S:106,S:0,S:110
"MOONSTONE BOY (IRE)",2021,GELDING,"Jennie Candlish",T:63,A:64,A:65,A:75,T:69,T:67
"MOOR END (IRE)",2019,GELDING,"Emma-Jane Bishop",S:97,S:0,S:96,S:96,S:96,S:96
"MOORETOWN LAD (IRE)",2020,GELDING,"Adrian Wintle",T:39,T:48,A:47,A:50,A:47,A:45
"MOORLAND RAMBLER (GB)",2018,GELDING,"Mrs Jane Williams",H:108,H:95,H:95,H:82,H:99,H:80
"MOORSBROOK (GB)",2019,FILLY,"Mel Rowley",H:70,H:x,H:x,H:x,N:x,N:x
"MOOSERWIRT (IRE)",2020,GELDING,"Oliver Greenall & Josh Guerriero",H:90,H:88,H:x,H:x,H:x,-
"MOOSTAR (GB)",2022,FILLY,"James Owen",T:68,A:67,A:64,T:64,A:63,A:63
"MORANDI SECOND (FR)",2019,GELDING,"Patrick Neville",H:87,T:67,T:69,H:0,H:92,H:92
"MORBEH (GB)",2023,GELDING,"Roger Varian",T:76,T:72,T:72,A:71,A:x,T:x
"MORCAR (GB)",2020,GELDING,"Richard Hannon",T:76,T:69,T:53,T:71,T:82,T:79
"MORE THUNDER (IRE)",2021,COLT,"William Haggas",T:121,T:117,T:103,T:101,T:96,T:95
"MORETONS (GB)",2023,GELDING,"Simon Waugh",T:16,A:44,T:56,T:52,T:57,A:40
"MORNING AIR (FR)",2021,FILLY,"Venetia Williams",T:68,H:76,H:74,H:76,T:68,T:79
"MORNING MAYHEM (GB)",2021,GELDING,"Nick Scholfield",H:112,H:111,H:108,H:101,H:106,H:100
"MORNING ROSE (GB)",2023,FILLY,,T:85,A:x,-,-,-,-
"MORNING SUIT (IRE)",2021,GELDING,"Phil McEntee",A:32,A:26,A:37,A:39,A:35,A:16
"MORNINGTON BEACH (IRE)",2020,FILLY,"George Bewley",H:0,H:0,H:x,H:x,H:x,N:x
"MORNINGTONCRESCENT (IRE)",2023,FILLY,"Charlie Fellowes",T:x,T:x,A:x,-,-,-
"MORO ROCK (IRE)",2017,GELDING,"Sara Ender",H:75,H:82,H:79,H:64,H:85,H:80
"MORODER (IRE)",2014,GELDING,"Seamus Mullins",S:0,S:121,S:73,S:0,S:114,S:0
"MORRIS DANCER (IRE)",2023,COLT,"John & Thady Gosden",T:110,T:109,T:x,T:x,-,-
"MORROPHORE (FR)",2021,FILLY,"John & Thady Gosden",A:105,A:101,T:90,T:98,A:88,A:x
"MORSHDI (GB)",2023,COLT,"William Haggas",T:106,T:110,T:x,T:x,-,-
"MORTE POINT (GB)",2022,GELDING,"William Muir & Chris Grassick",T:63,T:68,T:75,A:91,A:89,T:83
"MORTUBO (IRE)",2023,FILLY,"Gary & Josh Moore",A:55,A:x,T:x,T:x,-,-
"MORVEN (IRE)",2023,FILLY,"Ralph Beckett",A:82,T:64,T:x,T:x,-,-
"MOSCOW POWER (GB)",2023,GELDING,"Michael Appleby",T:59,T:75,A:x,T:x,T:x,-
"MOSSVALE DIVA (IRE)",2023,FILLY,,T:71,T:x,T:x,T:x,T:70,T:x
"MOSSY FEN COOLIO (GB)",2020,GELDING,"Jonjo & A.J. O'Neill",H:94,H:x,H:x,-,-,-
"MOSSY FEN ROAD (IRE)",2020,GELDING,"Harry Derham",H:x,H:x,H:x,N:x,N:x,-
"MOST MARVELLOUS (IRE)",2022,FILLY,,T:47,A:x,A:x,A:x,-,-
"MOST WANTED (IRE)",2018,GELDING,"David Bridgwater",H:0,H:0,H:69,H:x,T:53,T:10
"MOSTAAN (GB)",2023,COLT,"Owen Burrows",A:x,T:x,A:x,-,-,-
"MOSTAR DREAMS (IRE)",2021,FILLY,"Adrian Keatley",A:71,A:84,A:81,T:28,T:46,T:83
"MOSTAWAA (GB)",2016,GELDING,,A:64,A:68,T:63,T:62,T:64,T:56
"MOSTLY MOZART (GB)",2021,GELDING,,A:46,A:38,T:23,T:8,T:41,T:5
"MOTABAAH (IRE)",2022,FILLY,,T:54,T:46,T:65,T:54,A:x,A:x
"MOTAWAARED (GB)",2022,GELDING,"Jim Goldie",T:52,T:53,T:52,T:64,T:71,T:x
"MOTAZZEN (IRE)",2018,GELDING,"Henrietta C Knight",H:86,H:91,H:108,A:65,H:95,H:101
"MOTHECOMBE (GB)",2022,GELDING,"Charlie Appleby",T:x,T:x,-,-,-,-
"MOTHER DEAR (GB)",2023,FILLY,"Hughie Morrison",T:x,T:x,-,-,-,-
"MOULIN BOOJ (IRE)",2020,GELDING,"George Scott",T:59,A:80,A:48,A:84,A:77,T:81
"MOUNT ANGLESBY (IRE)",2019,GELDING,"Alastair Ralph",H:0,H:115,H:118,H:113,H:116,H:110
"MOUNT ATHOS (GB)",2019,GELDING,"James Tate",T:100,A:107,A:101,T:48,T:108,A:108
"MOUNT ATLAS (GB)",2021,GELDING,"Andrew Balding",T:111,T:107,T:104,T:107,T:85,T:107
"MOUNT GAY RUN (IRE)",2018,GELDING,"N. A. Pearce",S:0,H:112,H:x,S:0,H:x,H:x
"MOUNT KING (IRE)",2020,GELDING,"Tim Easterby",T:48,T:55,T:49,T:68,T:64,T:63
"MOUNT MOGAN (GB)",2017,GELDING,"Laura Mongan",A:56,A:45,A:50,A:55,A:49,A:52
"MOUNT OF GOLD (GB)",2022,FILLY,"Rachel Cook & John Bridger",A:0,A:30,A:38,A:42,A:14,A:42
"MOUNT OLYMPUS (GB)",2018,GELDING,,A:69,A:65,T:61,H:89,H:x,A:67
"MOUNT RUAPEHU (IRE)",2020,GELDING,"Iain Jardine",T:57,T:55,T:67,A:65,A:55,A:60
"MOUNT TEMPEST (IRE)",2017,GELDING,"Sophie Leech",S:0,S:0,S:0,S:126,S:0,S:116
"MOUNTAIN CAT (IRE)",2023,COLT,"Saeed bin Suroor",A:x,T:x,-,-,-,-
"MOUNTAIN MIKE (IRE)",2019,GELDING,"Dr Richard Newland & Jamie Insole",S:114,S:0,S:117,S:108,H:x,H:x
"MOUNTAIN MOLLY (IRE)",2019,FILLY,"Lucinda Russell & Michael Scudamore",H:92,H:103,S:109,S:84,H:110,H:x
"MOUNTAIN ROAD (FR)",2019,GELDING,"Jim Goldie",T:79,T:83,T:82,T:66,A:89,T:89
"MOUNTBATTEN (GER)",2023,COLT,"Sir Mark Prescott Bt",A:x,A:x,A:x,-,-,-
"MOUTAI (FR)",2022,GELDING,,A:69,T:61,T:56,T:72,A:72,T:72
"MOUTARDE (IRE)",2021,GELDING,"Syd Hosie",H:103,H:101,H:0,H:106,H:0,H:62
"MOVE WITH THE BEAT (IRE)",2019,GELDING,"Jamie Snowden",S:117,S:113,S:109,S:98,S:105,S:105
"MOVEIT LIKE MINNIE (IRE)",2017,GELDING,"Nigel & Willy Twiston-Davies",H:99,H:119,H:116,H:112,H:96,H:115
"MOVEONBUY (GB)",2020,FILLY,"Andrew Crook",H:81,H:68,H:71,H:72,H:83,H:50
"MOVES LIKE MASON (IRE)",2020,GELDING,"Ben Pauling",H:x,H:x,H:x,-,-,-
"MOVIDDY (IRE)",2016,FILLY,,H:0,S:0,S:87,S:91,S:99,H:0
"MOVING FORCE (IRE)",2022,GELDING,"Mark Loughnane",A:85,T:49,T:79,T:91,T:91,T:90
"MOVING SHADOW (GB)",2023,COLT,"K. R. Burke",T:x,T:x,-,-,-,-
"MOYGANNY PHIL (IRE)",2020,GELDING,"Olly Murphy",H:0,H:101,H:98,H:x,H:x,-
"MOYOWASI (GB)",2022,GELDING,,A:66,A:60,A:54,A:52,A:58,A:44
"MR ALAN (GB)",2019,GELDING,,T:90,T:93,T:91,A:76,A:86,T:94
"MR BALOO (IRE)",2021,COLT,"Richard Hannon",T:71,A:74,T:64,A:81,A:79,A:68
"MR BOLLINGER (USA)",2023,GELDING,"Michael Bell",T:x,A:x,T:x,-,-,-
"MR BOSON (GB)",2020,GELDING,,A:5,A:0,T:45,T:55,T:55,A:0
"MR CHAPLIN (GB)",2022,GELDING,,T:88,T:94,T:95,T:87,T:85,T:89
"MR COLONEL (IRE)",2023,COLT,"Richard & Peter Fahey",T:97,T:x,T:97,T:x,T:x,-
"MR COOL (IRE)",2022,GELDING,"Charlie Johnston",T:65,T:58,A:70,A:49,A:70,A:64
"MR DREAMSELLER (GB)",2022,GELDING,"David & Nicola Barron",T:63,T:56,T:61,A:x,A:x,A:x
"MR FANTASTIC (GB)",2022,GELDING,,T:49,T:60,T:50,A:59,T:64,A:x
"MR FINCH (IRE)",2020,GELDING,"Ben Pauling",H:x,H:x,H:x,H:x,-,-
"MR FREEDOM (GB)",2019,GELDING,"Sheena West",T:80,H:122,H:121,T:73,T:84,T:84
"MR FUSTIC (IRE)",2018,GELDING,"Andi Brown",T:37,A:52,A:57,A:50,A:51,A:51
"MR GLASS (IRE)",2016,GELDING,"Mrs D. J. Treneer",H:0,H:105,H:105,H:0,H:0,H:120
"MR GLOBALIST (IRE)",2019,GELDING,"Lizzie Quinlan",H:59,H:x,H:60,H:67,H:69,H:67
"MR GREY SKY (IRE)",2014,GELDING,,S:113,S:99,S:118,S:116,S:86,S:117
"MR GRIFFITHS (FR)",2020,GELDING,"Jonjo & A.J. O'Neill",S:77,H:106,H:0,H:106,H:94,H:x
"MR HOPE STREET (IRE)",2018,GELDING,,S:135,S:126,S:136,S:116,H:128,H:127
"MR JUGGLES (GB)",2023,COLT,"Michael Appleby",A:47,A:81,A:x,A:x,A:x,-
"MR JUKEBOX (IRE)",2021,GELDING,"Warren Greatrex",H:109,H:109,H:x,H:x,H:x,N:x
"MR KING (IRE)",2020,GELDING,"Geoffrey Harker",T:64,T:73,T:52,T:0,T:76,T:82
"MR LIGHTSIDE (IRE)",2022,GELDING,,T:54,T:44,A:75,A:75,A:73,A:59
"MR LINCOLN (GB)",2020,GELDING,"Iain Jardine",H:94,T:64,H:96,H:70,H:75,H:x
"MR MAHLER (IRE)",2018,GELDING,"Joel Parkinson & Sue Smith",H:71,S:74,S:57,S:77,S:75,S:82
"MR MCLOUGHLAN (GB)",2020,GELDING,"Adrian Keatley",H:115,H:117,H:121,A:x,H:116,H:123
"MR MISTOFFELEES (IRE)",2020,GELDING,"Sam England",T:67,T:69,A:69,A:77,A:80,A:76
"MR MOJO RISIN (IRE)",2020,GELDING,"Donald McCain",H:x,H:x,H:x,N:x,-,-
"MR MOONSHINE (IRE)",2023,GELDING,"Richard & Peter Fahey",T:65,T:66,T:x,A:x,T:x,-
"MR NIPPY (GB)",2023,COLT,,A:28,A:46,A:54,T:51,A:x,A:x
"MR NUGGET (GB)",2021,GELDING,"David Simcock",A:68,A:66,A:74,A:73,A:71,A:70
"MR PHILLIPS (GB)",2021,GELDING,"J. R. Jenkins",T:45,T:28,A:8,T:x,T:x,A:x
"MR PROFESSOR (IRE)",2019,GELDING,"Kevin Philippart de Foy",T:87,A:88,T:89,T:84,T:50,T:58
"MR SEAGULL (IRE)",2023,GELDING,"Hugo Palmer",T:78,T:79,T:57,A:x,T:x,-
"MR SLICKER (FR)",2014,GELDING,"Sarah Hollinshead",A:34,A:35,A:48,A:34,A:22,A:19
"MR SWIVELL (GB)",2021,GELDING,"Kevin Philippart de Foy",T:65,T:62,T:96,T:86,A:95,T:87
"MR UBIQUITOUS (GB)",2022,GELDING,"Harry Eustace",T:64,A:75,T:46,T:60,T:70,T:74
"MR VANGO (IRE)",2016,GELDING,"Sara Bradstock",S:0,S:0,S:0,S:154,S:152,S:142
"MR WITHINGTON (FR)",2021,GELDING,"Paul Robson",H:x,T:41,T:56,A:61,T:62,T:x
"MR WRITER (IRE)",2023,GELDING,"James Fanshawe",T:x,T:78,A:x,A:x,T:70,T:x
"MR ZEE (IRE)",2017,GELDING,"Michael Blake",H:79,H:80,H:64,H:56,T:24,H:67
"MR ZIPPI (GB)",2019,GELDING,"Sara Ender",A:35,A:62,A:55,A:0,A:37,A:55
"MRBLUESKY (IRE)",2022,GELDING,"Gary Rutherford",A:19,A:51,T:30,T:54,T:55,T:58
"MREMBO (GB)",2019,FILLY,"Jonathan Portman",T:59,T:57,T:56,A:58,T:55,A:55
"MRS BAGERRAN (IRE)",2018,FILLY,,T:17,A:36,T:16,T:37,T:45,T:52
"MRS MAISEL (GB)",2019,FILLY,"John Berry",A:34,T:21,T:21,T:x,T:x,T:x
"MRS MEADER (GB)",2016,FILLY,"Julia & Shelley Birkett",A:24,A:9,A:48,T:51,A:52,A:40
"MRS PEN (IRE)",2019,FILLY,"Tim Dennis",H:0,H:x,H:x,H:x,-,-
"MRS TRUMP (IRE)",2020,FILLY,"Paul Midgley",T:42,T:41,A:45,T:54,T:56,T:56
"MRS TWIG (IRE)",2020,FILLY,,A:57,T:68,A:64,A:77,T:69,T:80
"MS CINDY KATE (IRE)",2021,FILLY,"Nicky Richards",H:0,H:x,H:x,N:x,N:x,-
"MT FUGI PARK (IRE)",2018,GELDING,"Jonjo & A.J. O'Neill",S:0,S:122,S:0,S:103,S:0,S:111
"MU MU LAND (GB)",2022,GELDING,"Julie Camacho",A:46,A:58,T:39,A:54,A:57,A:32
"MUBASIMAH (IRE)",2023,FILLY,"Andrew Balding",T:95,T:97,T:102,T:x,-,-
"MUDAMER (IRE)",2019,GELDING,"Geoffrey Harker",T:51,T:82,A:82,T:66,T:82,T:77
"MUDBIR (GB)",2022,COLT,"John & Thady Gosden",T:70,T:91,T:95,T:91,T:x,A:x
"MUDDY MARVELLOUS (GB)",2020,GELDING,"Seb Spencer",A:x,A:15,A:x,A:x,A:x,-
"MUDDY MOOY (IRE)",2021,FILLY,"Charlie Pike",T:57,A:100,T:95,T:87,A:95,A:x
"MUDDY NORA (GB)",2023,FILLY,"Seb Spencer",T:39,T:25,T:x,T:x,T:x,-
"MUDITA (IRE)",2023,FILLY,"Richard & Peter Fahey",T:x,A:x,-,-,-,-
"MUHIB (GB)",2021,GELDING,"Olly Williams",T:40,T:45,T:44,T:44,T:44,A:42
"MUJID (IRE)",2015,GELDING,"Joe Tickle",T:16,T:36,T:41,A:50,A:44,A:50
"MUKER (IRE)",2018,GELDING,"Nigel Tinkler",T:31,T:79,A:0,A:83,T:78,T:71
"MUKHTALIF (IRE)",2022,GELDING,,T:89,A:x,T:x,T:x,T:x,-
"MULINAS (GB)",2019,GELDING,"Paul Nicholls",H:x,H:x,H:x,N:x,N:x,-
"MULTANEIGHTTOTHREE (IRE)",2022,GELDING,"Grant Tuer",A:x,A:x,A:x,-,-,-
"MUM'S ANGEL (IRE)",2022,GELDING,,T:57,T:70,T:63,T:x,T:x,T:x
"MUMA MYFLO (GB)",2022,FILLY,,A:39,T:44,A:47,T:57,T:52,T:x
"MUMAYAZ (IRE)",2019,GELDING,"Tony Carroll",T:63,T:73,T:59,A:66,A:66,A:52
"MUMBLES (IRE)",2018,GELDING,,H:0,S:0,H:85,H:94,H:81,S:0
"MUMFORD'S MAGIC (IRE)",2018,GELDING,"Dan Skelton",S:68,S:112,S:111,S:96,S:110,H:89
"MURASHAH (IRE)",2021,GELDING,"Edward Bethell",T:86,A:82,T:82,A:x,T:x,-
"MUROOR (GB)",2013,GELDING,,S:0,S:38,S:54,S:58,S:58,S:74
"MUSAYTIR (IRE)",2018,GELDING,,A:16,A:35,A:14,A:28,A:39,A:37
"MUSIC ACADEMY (IRE)",2023,FILLY,"Ralph Beckett",A:x,A:x,T:x,-,-,-
"MUSIC DRIVE (FR)",2017,GELDING,"Kelly Morgan",H:123,H:133,H:131,H:127,H:x,H:x
"MUSIC PIECE (IRE)",2022,FILLY,,A:78,T:84,T:83,T:83,T:84,T:84
"MUSICAL ANGEL (GB)",2022,FILLY,"Simon Dow",A:78,T:82,T:82,T:75,T:55,T:x
"MUSICAL SOLDIER (IRE)",2023,GELDING,"Ollie Sangster",T:52,A:55,A:40,A:39,A:54,A:x
"MUSICAL TOUCH (IRE)",2021,GELDING,"Richard & Peter Fahey",T:60,A:84,T:63,T:58,T:74,T:82
"MUSIQUE DE FEE (IRE)",2019,FILLY,"Mickey Bowen",H:0,H:108,H:121,H:119,H:99,S:0
"MUSKERRY ROCK (IRE)",2019,GELDING,"Dan Skelton",-,-,-,-,-,-
"MUSKOKA (IRE)",2018,GELDING,"Emma Lavelle",S:0,S:0,S:108,S:119,S:117,S:98
"MUST BE TEN (IRE)",2023,COLT,"Jamie Osborne",A:65,A:66,A:56,A:60,A:59,A:x
"MUST BELIEVE (GB)",2022,GELDING,"George Baker",A:76,A:69,A:71,A:73,A:73,A:66
"MUSTANG DU BREUIL (FR)",2022,GELDING,,H:125,H:x,H:x,-,-,-
"MUSTAZEED (IRE)",2018,GELDING,"Harry Eustace",T:67,A:82,T:0,T:89,T:92,T:72
"MUTAAWID (GB)",2021,GELDING,"John & Thady Gosden",T:106,T:102,T:103,T:89,T:88,T:94
"MUTLEY CREW (FR)",2016,FILLY,"Robert Walford",S:0,S:97,S:89,S:88,S:72,S:79
"MUTUAL RESPECT (IRE)",2016,GELDING,"Billy Aprahamian",S:0,S:81,S:82,S:86,S:80,S:93
"MUVABLE (GB)",2023,GELDING,"Tim Easterby",T:0,T:21,T:20,T:x,T:x,T:x
"MUY MUY LOCO (IRE)",2022,GELDING,"Simon Dow",A:50,A:54,A:59,A:53,A:52,A:56
"MWABANI (FR)",2022,GELDING,"Mrs Jane Williams",H:x,H:x,H:x,-,-,-
"MWAFAQ (IRE)",2022,GELDING,"Richard & Peter Fahey",T:64,A:60,T:62,A:60,A:56,T:44
"MWAKI (GB)",2023,COLT,,A:54,A:27,A:63,A:63,T:53,T:38
"MY AMBITION (IRE)",2019,GELDING,"Denis Coakley",T:44,T:57,A:58,A:48,A:59,A:59
"MY AWELE (IRE)",2021,FILLY,"Conrad Allen",A:46,A:45,A:62,A:64,A:59,A:33
"MY BALLYQUINN (GB)",2023,GELDING,"David O'Meara",T:80,T:x,T:x,T:x,-,-
"MY BOBBY DAZZLER (GB)",2015,GELDING,"Mel Rowley",S:102,S:111,S:112,S:106,S:0,H:102
"MY BOY AARON (IRE)",2020,GELDING,"Robert Stephens",H:x,H:x,H:x,H:x,H:x,H:x
"MY BOY BEASTY (GB)",2018,GELDING,"David Killahena & Graeme McPherson",H:x,H:x,H:x,-,-,-
"MY BOY CHRISTY (IRE)",2020,GELDING,"Ewan Whillans",H:88,H:87,H:86,H:31,H:74,-
"MY BOY HARRY (GB)",2022,GELDING,"Jim & Suzi Best",T:63,T:64,T:53,A:47,A:55,A:56
"MY BOY JACK (GB)",2019,GELDING,"Kevin & Lauren Frost",A:26,A:37,A:42,A:33,A:31,A:35
"MY BROTHER MIKE (IRE)",2014,GELDING,,A:28,A:0,A:49,T:48,T:43,A:57
"MY CHAMPION (GB)",2023,GELDING,"Edward Bethell",A:59,A:61,A:65,A:62,A:x,A:x
"MY CHIQUITA (GB)",2019,FILLY,"James Moffatt",H:125,H:122,H:123,H:122,T:64,T:57
"MY CLEMENTINE (IRE)",2021,FILLY,,A:29,A:41,T:50,T:41,T:33,T:32
"MY DAD FRANK (GB)",2023,GELDING,"Alan Brown",T:28,T:14,A:x,A:x,A:x,-
"MY DAD TOM (IRE)",2023,GELDING,"Richard Hannon",T:49,A:52,A:60,A:57,A:63,A:62
"MY FERMOY (IRE)",2022,GELDING,"Denis Coakley",A:87,A:87,A:81,A:x,A:x,T:x
"MY FORTUNE (IRE)",2020,GELDING,"Ben Pauling",H:34,H:73,H:72,H:x,H:x,H:x
"MY FRIEND SEAN (IRE)",2019,GELDING,"Tom Lacey",S:69,S:109,S:101,S:104,S:96,H:122
"MY GENGHIS (GB)",2019,GELDING,,A:37,A:46,A:48,A:53,A:33,A:47
"MY GIFT TO YOU (IRE)",2018,GELDING,"James Owen",S:120,H:125,S:106,S:108,H:115,S:113
"MY KINDA GHAIY (IRE)",2022,GELDING,,H:x,H:105,H:104,A:58,T:64,T:73
"MY KIWI GIRL (IRE)",2019,FILLY,"N. W. Alexander",S:94,S:0,H:x,H:x,H:x,H:x
"MY LADY ELEKTRA (FR)",2018,FILLY,,S:103,S:96,S:95,H:95,H:98,H:108
"MY LOUISE (GB)",2018,FILLY,"Lydia Richards",H:0,H:0,H:89,H:69,H:78,H:x
"MY LOVE IS KING (GB)",2023,COLT,"John & Thady Gosden",T:96,T:x,A:x,-,-,-
"MY LOVELY HORSE (FR)",2020,FILLY,"David Bridgwater",H:61,H:0,H:x,H:x,H:x,H:x
"MY MARGIE (IRE)",2021,FILLY,,A:73,A:84,A:79,T:59,T:77,A:82
"MY MATE BEATTIE (IRE)",2022,FILLY,"Scott Dixon",A:35,A:7,A:0,A:43,A:37,A:49
"MY MATE KEV (GB)",2022,GELDING,"Chris Dwyer",T:43,T:55,T:59,T:38,A:44,T:29
"MY MATE MACKLEY (GB)",2023,GELDING,"Adam Kirby",T:47,A:x,A:x,A:x,-,-
"MY MATE MIKE (IRE)",2020,GELDING,,A:50,A:60,A:67,A:45,A:61,A:54
"MY MATE ROGER (IRE)",2023,COLT,"Tom Clover",T:x,T:x,A:x,-,-,-
"MY MY MY DELILAH (GB)",2020,FILLY,"Stuart Coltherd",H:67,H:0,H:86,H:67,H:68,H:67
"MY NOBLE LORD (USA)",2021,GELDING,"Oliver Greenall & Josh Guerriero",S:91,S:123,S:111,S:97,S:118,S:111
"MY O MY (FR)",2022,FILLY,"Shaun Lycett",T:41,T:40,A:40,A:38,A:0,A:36
"MY OLD MATE (IRE)",2023,GELDING,"Gary & Josh Moore",T:48,A:39,T:x,T:x,T:x,-
"MY OWN LOVELY LEE (IRE)",2020,GELDING,"Philip Hobbs & Johnson White",H:100,H:75,H:x,H:x,H:x,-
"MY ROCKSTAR (IRE)",2016,GELDING,"Helen Rees",S:80,S:72,S:74,S:59,S:80,S:81
"MY SHAGAF (IRE)",2023,FILLY,,A:59,A:51,A:65,A:55,A:65,A:x
"MY SILVER LINING (IRE)",2016,FILLY,,S:105,S:0,S:120,S:119,S:117,S:109
"MY TURN NOW (IRE)",2020,FILLY,,A:24,A:46,A:28,A:32,A:43,A:23
"MYA DU CLOS (FR)",2022,FILLY,"Christian Williams",H:81,H:40,H:x,H:x,H:x,N:x
"MYAL (GB)",2021,GELDING,"Steph Hollinshead",T:107,T:107,T:94,T:104,T:73,T:78
"MYBAD (IRE)",2021,GELDING,,A:37,M:20,A:30,T:41,A:x,A:x
"MYDADDYPADDY (IRE)",2021,GELDING,,H:x,H:x,H:x,H:x,N:x,-
"MYFAVOURITESISTER (IRE)",2019,FILLY,"Patrick Neville",S:0,H:74,H:75,H:77,H:11,H:77
"MYMILKMAN (IRE)",2020,GELDING,"Chris Gordon",H:x,H:x,H:x,H:x,-,-
"MYNA (IRE)",2021,GELDING,"Tony Carroll",T:48,T:49,A:40,A:48,A:48,A:39
"MYRETOWN (IRE)",2017,GELDING,"Lucinda Russell & Michael Scudamore",S:113,S:116,S:0,S:141,S:0,S:142
"MYRIGHTHANDMAN (IRE)",2021,GELDING,,H:89,H:x,H:x,H:x,H:x,-
"MYRRH (GB)",2023,FILLY,"David O'Meara",T:65,T:66,A:x,T:x,T:x,-
"MYSTERYOFTHESANDS (GB)",2021,GELDING,,T:57,T:74,T:65,A:77,T:77,T:79
"MYSTIC MOMENT (GB)",2023,FILLY,"Neil Mulholland",T:73,A:68,T:75,T:81,T:87,T:88
"MYSTICAL LAND (IRE)",2023,GELDING,"Michael Dods",A:44,T:44,T:0,A:58,A:42,A:60
"MYSTICAL MABEL (IRE)",2022,FILLY,"Gary & Josh Moore",H:86,H:81,H:58,H:79,H:91,A:x
"MYSTICAL MARIA (GB)",2021,FILLY,,A:67,T:51,T:63,T:61,A:56,T:59
"MYSTICAL STORM (GB)",2022,GELDING,"Julie Camacho",T:32,T:58,T:52,T:66,T:77,T:x
"MYTHE BRIDGE (GB)",2018,GELDING,,S:0,S:96,S:0,S:100,S:98,S:100
"MYTHICAL (FR)",2017,GELDING,"Samantha & Jacqueline Coward",H:0,H:0,T:42,H:x,H:x,H:x
"MYTHICAL BAY (IRE)",2023,GELDING,"Andrew Balding",A:80,T:80,A:x,A:x,A:x,T:x
"MYTHICAL BIRD (IRE)",2022,FILLY,"Hughie Morrison",T:75,A:77,A:61,A:70,A:71,A:70
"MYTHICAL COMPOSER (GB)",2022,COLT,"Clive Cox",A:78,A:80,A:75,T:77,T:76,T:80
"MYTHICAL GUEST (IRE)",2020,GELDING,"George Margarson",T:29,T:85,T:86,T:79,T:81,T:83
"MYTHICAL ISLE (IRE)",2022,GELDING,"Patrick Morris",A:38,A:48,A:52,A:43,A:37,A:54
"MYTHICAL NIGHT (IRE)",2023,FILLY,"Kathy Turner",A:48,A:50,A:55,A:33,A:53,T:x
"MYTHICAL PHOENIX (IRE)",2020,GELDING,"Julie Camacho",A:61,A:76,T:50,T:71,T:82,T:86
"MYTHICAL VALENTINE (IRE)",2023,COLT,"Andrew Balding",T:x,T:x,A:x,A:x,A:x,-
"N'ION (FR)",2023,GELDING,"Ian Williams",T:0,T:x,A:x,A:x,-,-
"NAALLAT (GB)",2022,FILLY,,T:x,A:x,A:x,-,-,-
"NAANA'S CRYSTAL (GB)",2023,FILLY,"Marco Botti",T:61,A:71,A:x,A:x,T:x,-
"NAANA'S SHADOW (IRE)",2023,FILLY,"Katie Scott",T:78,T:77,A:62,A:x,A:x,A:x
"NAANA'S SPARKLE (GB)",2022,GELDING,"Lemos De Souza",T:90,T:75,T:86,T:87,T:85,T:83
"NAASMA (IRE)",2019,FILLY,"Pat Phelan",A:67,A:71,A:72,T:67,T:74,T:72
"NAB WOOD (IRE)",2017,GELDING,"Nicky Richards",H:133,H:113,H:134,H:122,H:126,H:122
"NACHO NACHO NACHO (IRE)",2022,GELDING,,T:46,A:52,A:60,A:49,A:65,A:58
"NAD ALSHIBA GREEN (IRE)",2022,FILLY,"Clive Cox",T:68,T:88,A:87,T:80,T:83,T:73
"NAD ALSHIBA SNOW (IRE)",2022,FILLY,"Mike Murphy",T:33,A:34,A:44,A:38,A:45,A:51
"NAE BOTHER AT A' (IRE)",2018,GELDING,,H:x,H:0,H:65,H:18,H:x,H:x
"NAEPOINT (IRE)",2021,GELDING,"Richard & Peter Fahey",T:0,A:82,T:49,T:88,T:83,T:66
"NAGA (FR)",2022,FILLY,"John & Thady Gosden",T:95,T:86,T:85,T:77,A:72,T:56
"NAHASH (IRE)",2022,GELDING,,A:76,A:70,A:60,M:71,A:64,T:43
"NAHRAAN (GB)",2022,COLT,"John & Thady Gosden",T:101,T:x,A:x,-,-,-
"NAHY (FR)",2021,GELDING,,A:41,A:47,A:57,A:x,A:x,A:x
"NAINA (GB)",2022,FILLY,,A:87,T:87,T:82,A:63,M:79,T:80
"NAKAAHA (GB)",2022,FILLY,"Grace Harris",T:69,T:74,T:67,T:49,T:66,T:71
"NAKATOMI (IRE)",2022,GELDING,"Alan Brown",T:47,T:46,T:35,T:41,A:34,A:42
"NALA THE LIONESS (GB)",2020,FILLY,"David Killahena & Graeme McPherson",A:19,A:31,A:31,A:28,A:56,A:38
"NALA'S DREAM (IRE)",2023,FILLY,,A:72,A:58,A:58,A:x,T:x,T:x
"NAMBITI (FR)",2018,GELDING,"Venetia Williams",S:103,S:0,S:109,S:116,S:116,H:0
"NAME ME NICELY (IRE)",2020,GELDING,"Kim Bailey & Mat Nicholls",H:116,H:111,H:x,H:x,H:x,N:x
"NAMMOS (GB)",2020,FILLY,"John & Rhys Flint",T:56,T:56,A:51,A:54,A:43,T:48
"NANA'S BOY GEORGE (IRE)",2023,COLT,"Alexandra Dunn",A:67,A:63,A:57,A:x,A:x,T:x
"NANCEFORDSHORE (GB)",2021,GELDING,"Grace Harris",H:98,H:x,H:x,H:x,-,-
"NANDITA (IRE)",2023,FILLY,"John & Thady Gosden",T:86,T:82,T:90,A:x,T:x,-
"NANDO'S PRIDE (IRE)",2023,GELDING,,T:27,A:40,A:31,A:x,A:x,A:x
"NANINO NIYATI (GB)",2022,FILLY,"Owen Burrows",T:81,T:47,T:73,T:x,T:x,T:x
"NANNY PARK (GB)",2022,FILLY,"Sara Ender",T:28,T:44,A:68,A:x,T:x,T:70
"NANNYMOORESBRIDGE (IRE)",2021,FILLY,"Ella Pickard",H:x,H:x,H:x,N:x,N:x,-
"NANOSCIENCE (GB)",2023,FILLY,"Andrew Balding",T:75,A:x,A:x,T:x,T:x,-
"NANYUKI (IRE)",2022,FILLY,,A:4,A:28,T:x,A:x,A:x,-
"NAP HAND (IRE)",2020,GELDING,"Chris Gordon",T:79,H:112,H:99,H:113,A:80,H:107
"NAPLES (IRE)",2022,GELDING,"Steph Hollinshead",T:72,T:75,T:19,-,-,-
"NAPOLIAN (IRE)",2023,GELDING,"David O'Meara",T:x,T:x,T:x,T:x,-,-
"NAQADA KING (USA)",2023,GELDING,"Charlie Appleby",A:x,A:x,-,-,-,-
"NAQEEB (IRE)",2020,GELDING,"Julie Camacho",T:110,T:106,T:110,T:94,T:106,T:97
"NARANKA (IRE)",2023,GELDING,"George Baker",T:47,T:29,A:35,T:x,T:x,T:x
"NARDARAN (FR)",2021,GELDING,"Paul Nicholls",H:119,H:125,H:123,A:x,H:110,H:0
"NARDRA (IRE)",2022,FILLY,,T:74,T:x,T:94,T:x,-,-
"NARIKO (IRE)",2021,FILLY,"Hugo Palmer",T:82,T:80,T:81,T:89,T:86,T:84
"NARMAR (IRE)",2020,GELDING,"Jennie Candlish",T:36,T:55,T:76,T:73,T:77,T:77
"NARRAGANSETT (GB)",2021,GELDING,"Neil Mulholland",H:109,T:53,H:118,H:118,H:x,H:115
"NASEBAH (GB)",2022,FILLY,,A:x,A:x,-,-,-,-
"NASIM (GB)",2019,GELDING,"Mark Pattinson",A:52,A:35,A:55,T:50,T:39,A:30
"NASSALAM (FR)",2017,GELDING,"Tom Ellis",H:129,S:0,S:0,S:0,S:0,S:0
"NATHANAEL GREENE (GB)",2019,GELDING,,A:0,T:60,T:71,H:0,H:76,H:0
"NATION'S HOPE (IRE)",2023,COLT,"Charlie Appleby",T:93,A:x,A:x,-,-,-
"NATIONAL HISTORY (USA)",2023,GELDING,"Charlie Appleby",A:x,A:x,-,-,-,-
"NATIONAL QUESTION (IRE)",2020,GELDING,"Adam Nicol",H:85,H:87,H:69,H:83,H:75,H:80
"NATIONAL VOICE (IRE)",2022,FILLY,"Jessica Bedi",A:x,H:96,T:36,A:50,A:53,A:x
"NATIVE AMERICAN (IRE)",2021,GELDING,"Hamad Al Jehani",T:94,T:92,T:94,T:84,T:69,T:100
"NATIVE HONEY (IRE)",2022,GELDING,"Jim Goldie",T:24,T:71,T:62,T:57,T:66,T:70
"NATIVE INSTINCT (GB)",2022,GELDING,"Edward Bethell",T:62,T:74,T:47,T:73,T:71,A:69
"NATIVE WARRIOR (GB)",2021,GELDING,"K. R. Burke",T:109,T:110,T:103,T:96,A:95,T:92
"NATIVEHILL (IRE)",2018,GELDING,"Fergal O'Brien",S:0,H:x,H:x,H:x,-,-
"NATURAL ABILITY (IRE)",2018,GELDING,"Chris Grant",S:0,S:86,S:76,S:51,S:78,S:94
"NATURAL FORCE (GB)",2021,COLT,,T:61,A:x,T:x,T:x,-,-
"NATURALIA (GB)",2021,FILLY,"Donald Whillans",T:61,T:58,T:57,T:63,A:45,A:54
"NATUS VINCERE (IRE)",2019,FILLY,"Olly Murphy",H:0,H:92,H:92,H:64,H:x,H:x
"NATZOR (FR)",2020,GELDING,"Lizzie Quinlan",A:61,H:63,A:69,A:56,T:0,A:58
"NAUGHTY NIALL (GB)",2021,GELDING,"Ian Williams",T:41,A:53,A:55,A:53,A:49,A:56
"NAUTICAL SKY (GB)",2023,FILLY,"James Ferguson",A:48,A:x,A:x,A:x,-,-
"NAVAL ACADEMY (GB)",2020,GELDING,,T:32,T:55,T:61,T:56,T:55,T:45
"NAVAL COMMAND (GB)",2022,GELDING,"Ralph Beckett",T:73,T:x,T:x,A:x,-,-
"NAVAL ENSIGN (IRE)",2022,FILLY,"Nikki Evans",A:53,A:46,A:60,A:58,A:54,A:56
"NAVAL LIGHT (GB)",2023,GELDING,"K. R. Burke",T:x,T:79,T:x,T:x,T:x,T:89
"NAVAL TRIBUTE (GB)",2021,GELDING,"James Owen",T:75,T:74,A:62,A:71,A:x,A:x
"NAVALANCHE (GB)",2022,GELDING,,A:59,A:59,T:41,T:56,T:65,A:x
"NAVID (GB)",2022,GELDING,,A:62,T:67,T:69,T:71,T:65,T:65
"NAZALAN (IRE)",2021,GELDING,,A:0,A:17,T:32,T:36,T:40,A:54
"NAZARE (FR)",2020,GELDING,"James Owen",S:102,H:97,H:73,H:0,H:113,H:111
"NAZCA (GB)",2019,GELDING,"Linda Perratt",A:32,A:30,A:24,A:46,A:38,A:40
"NAZRON (IRE)",2021,GELDING,,A:37,A:59,A:61,A:67,T:55,T:60
"NAZUKI (GB)",2022,FILLY,,A:74,T:79,A:70,T:80,A:x,A:x
"NDOTO (GB)",2023,FILLY,"Richard & Peter Fahey",T:x,A:x,A:x,-,-,-
"NEAPOLITAN (FR)",2021,GELDING,"Antony Brittain",A:51,A:42,A:19,A:56,T:53,A:53
"NEARDOWN (IRE)",2022,GELDING,,A:4,A:56,A:37,A:54,T:66,T:37
"NEAT AND TIDY (GB)",2023,FILLY,,A:41,A:x,A:x,T:66,-,-
"NEBBIA (GB)",2023,FILLY,"Hughie Morrison",T:66,A:x,A:x,A:x,A:x,-
"NEBRAS (GB)",2022,GELDING,,A:103,A:107,A:99,T:94,T:89,T:89
"NEBROOK STAR (IRE)",2023,FILLY,,A:53,T:x,T:x,T:x,T:x,-
"NEBULA STARS (AUS)",2018,GELDING,"Craig Benton",A:55,A:50,A:49,A:47,-,-
"NEBULON (IRE)",2023,GELDING,"Michael Bell",T:73,A:x,A:x,T:x,-,-
"NECRONAUT (GB)",2020,GELDING,"Paul Nicholls",H:x,H:x,H:x,N:x,N:x,-
"NED BROY (IRE)",2021,GELDING,"Iain Jardine",T:60,H:x,H:x,H:x,A:56,A:x
"NED TANNER (IRE)",2016,GELDING,"N. W. Alexander",S:107,S:111,S:0,S:103,S:0,S:116
"NEDDIES BOY (IRE)",2018,GELDING,"Daragh Bourke",A:38,A:16,T:36,A:22,A:25,-
"NEDITA (IRE)",2021,GELDING,"Ian Williams",A:41,A:0,-,-,-,-
"NEDZOR (IRE)",2019,GELDING,"Henry Oliver",S:0,S:0,H:60,S:86,S:86,H:78
"NEEDLE MATCH (GB)",2023,COLT,"William Haggas",T:83,T:106,T:x,-,-,-
"NEEPS AND TATTIES (GB)",2019,FILLY,"Richard Phillips",H:78,H:85,H:79,H:83,H:x,H:x
"NEFYN QUEEN (GB)",2023,FILLY,,T:x,A:x,A:x,-,-,-
"NEIGH BOTHA (IRE)",2017,GELDING,"Oliver Greenall & Josh Guerriero",S:110,S:86,S:106,S:103,S:67,S:97
"NEKAZARI (IRE)",2022,GELDING,,A:26,A:47,A:17,-,-,-
"NELLIE BLUESKY (GB)",2018,FILLY,"Ewan Whillans",H:95,H:98,H:82,H:x,H:x,H:x
"NELLS SON (GB)",2015,GELDING,"Nicky Richards",H:125,H:118,S:0,S:135,S:135,H:131
"NELSON GATE (IRE)",2022,GELDING,"Gary & Josh Moore",H:x,H:94,H:91,H:x,H:69,H:96
"NELSON GAY (IRE)",2018,GELDING,,A:61,A:59,A:57,T:53,T:56,A:60
"NEMEAN LION (GER)",2017,GELDING,"Kerry Lee",H:151,H:150,H:151,H:0,H:151,H:151
"NEMOV (GB)",2021,GELDING,,A:68,A:61,A:71,A:80,A:81,T:71
"NEO KING (FR)",2018,GELDING,"Mrs C. Williams",S:0,S:119,S:119,S:105,S:110,S:101
"NEOMA (GB)",2022,FILLY,,A:69,A:74,A:66,T:69,T:45,T:71
"NEON DREAM (IRE)",2020,GELDING,"Alan King",H:x,H:x,H:x,H:x,-,-
"NEON MOON (IRE)",2016,GELDING,"David Pipe",S:103,S:119,S:0,S:126,S:132,S:127
"NEPAL (IRE)",2022,GELDING,"Ivan Furtado",T:81,T:77,T:x,-,-,-
"NEPTUNE HOUSE (GB)",2020,GELDING,,H:0,H:x,H:x,H:x,N:x,N:x
"NEPTUNE LEGEND (IRE)",2019,GELDING,"Tony Carroll",T:57,T:59,A:47,A:51,A:46,A:42
"NEPTUNE STREET (GB)",2022,GELDING,,A:47,A:x,A:x,T:x,-,-
"NESTHORN (GB)",2022,GELDING,"George Baker",-,-,-,-,-,-
"NETWORK GOLD (GB)",2022,GELDING,"Olly Murphy",H:x,H:x,H:x,-,-,-
"NETWORK RGB (GB)",2022,GELDING,"Olly Murphy",H:x,H:x,H:x,-,-,-
"NETYWELL (FR)",2017,GELDING,"Lucinda Russell & Michael Scudamore",S:113,S:113,S:93,S:0,S:107,S:121
"NEVASCA CINZA (GB)",2023,GELDING,"James Fanshawe",T:x,T:x,T:x,T:x,-,-
"NEVER DARK (GB)",2017,GELDING,"Iain Jardine",T:51,T:39,T:64,T:52,A:65,T:56
"NEVER DREAM (IRE)",2021,GELDING,"Marcus Tregoning",T:33,T:45,T:52,T:39,T:48,T:27
"NEVER JUST A DREAM (IRE)",2020,GELDING,"T. J. Kent",A:76,A:78,A:98,A:87,A:104,T:75
"NEVER LET GO (GB)",2022,FILLY,"Ed Walker",T:86,A:99,T:96,T:99,T:95,T:88
"NEVER SO BRAVE (IRE)",2021,GELDING,"Andrew Balding",T:104,T:109,T:116,T:114,T:115,T:105
"NEVER TOLD ME (GB)",2019,FILLY,"Fergal O'Brien",H:x,H:x,H:x,N:x,N:x,-
"NEVERSHEDATEAR (IRE)",2021,FILLY,"Oliver Greenall & Josh Guerriero",H:85,H:61,H:87,H:0,H:x,H:x
"NEW BAY STAR (IRE)",2023,GELDING,"Michael Appleby",A:x,A:x,A:x,T:x,T:x,T:x
"NEW IMAGE (GB)",2020,GELDING,"David O'Meara",T:51,T:89,A:72,T:35,T:90,T:88
"NEW INVENTION (IRE)",2020,GELDING,"Oliver Greenall & Josh Guerriero",S:44,S:48,H:25,H:0,H:60,H:x
"NEW MONARCH (IRE)",2023,COLT,"Andrew Balding",T:84,A:39,A:x,T:x,T:x,T:x
"NEW OBJECTIVE (GB)",2023,COLT,"Kevin & Lauren Frost",T:43,A:53,A:x,T:x,A:x,-
"NEW ORDER (IRE)",2018,GELDING,,S:113,S:93,S:124,S:124,S:125,S:73
"NEW YORK MINUTE (IRE)",2022,GELDING,"Joey Ramsden",A:78,A:84,A:79,A:85,A:84,A:81
"NEWFANGLED (IRE)",2021,GELDING,"Jonathan Portman",T:71,A:76,A:72,A:68,T:75,A:53
"NEWFIRE (IRE)",2021,FILLY,,A:5,A:30,A:35,A:48,A:41,A:41
"NEWMILL GETAWAY (IRE)",2019,FILLY,"Fergal O'Brien",H:88,H:87,H:87,H:83,H:87,H:84
"NEWPORT (GB)",2020,GELDING,"Iain Jardine",H:66,T:62,H:94,H:94,H:83,H:0
"NEWSREADER (IRE)",2021,GELDING,"Edward Smyth-Osbourne",T:61,A:69,T:75,T:75,A:66,T:49
"NEWTON TORNADO (FR)",2019,GELDING,"Rebecca Curtis",S:0,S:135,S:0,S:127,S:0,H:x
"NEWTOWN DUKE (IRE)",2021,GELDING,"Ian Williams",T:72,A:72,T:64,A:68,T:72,T:76
"NEWTOWN RAMBLER (IRE)",2019,GELDING,"Adrian Keatley",S:119,H:0,H:115,H:97,-,-
"NEWYORKSTATEOFMIND (GB)",2017,GELDING,"Ruth Carr",T:38,T:48,T:27,A:30,A:44,A:47
"NEXT TWIST (FR)",2020,GELDING,"Olly Murphy",S:97,H:x,H:x,H:x,H:x,N:x
"NEYVA'S ANGEL (GB)",2022,FILLY,"Martin Dunne",T:73,T:69,A:66,A:69,A:59,A:58
"NIBRAS ANGEL (GB)",2020,FILLY,,A:60,A:71,A:70,T:62,A:73,T:61
"NIBRAS GOLD (IRE)",2018,GELDING,"James Owen",S:120,H:104,T:75,T:66,H:115,T:74
"NICATOR (FR)",2022,GELDING,"Kevin Philippart de Foy",T:70,A:x,A:x,T:x,-,-
"NICE ONE ERIC (GB)",2021,GELDING,"Ben Pauling",H:0,H:x,H:x,H:x,N:x,-
"NICELY CURVED (USA)",2020,FILLY,"Hayley Burton",H:x,H:x,A:28,A:50,-,-
"NICKELFORCE (IRE)",2019,GELDING,"Ben Case",S:112,S:96,S:116,S:111,S:111,S:110
"NICOLAI (GB)",2023,GELDING,"Neil Mulholland",A:29,A:46,A:x,A:x,A:x,-
"NIFFLER (GER)",2023,GELDING,"Sir Mark Prescott Bt",A:x,A:x,A:x,-,-,-
"NIFTY (IRE)",2023,FILLY,"Richard Hughes",T:61,A:49,A:48,A:72,A:65,T:58
"NIGE (GB)",2022,GELDING,,T:x,A:x,T:x,-,-,-
"NIGHT BEAR (GB)",2017,GELDING,"Tony Carroll",T:49,A:38,A:56,A:51,A:54,A:54
"NIGHT BREEZE (IRE)",2020,GELDING,"Ian Williams",T:91,T:86,A:87,A:76,A:83,A:84
"NIGHT BURLESQUE (GB)",2021,FILLY,,H:42,H:39,H:x,H:x,H:x,N:x
"NIGHT DUTY (IRE)",2016,GELDING,,S:0,S:100,H:112,H:x,H:x,H:108
"NIGHT EMPEROR (IRE)",2022,GELDING,"Tina Jackson",T:48,T:51,A:0,A:51,T:52,T:x
"NIGHT HORN (GB)",2021,GELDING,,A:28,A:47,T:38,T:56,A:56,A:0
"NIGHT JET (GB)",2017,GELDING,,S:51,S:80,S:79,S:70,S:71,H:74
"NIGHT MISSION (IRE)",2023,GELDING,"Mark Rimell",A:53,T:59,A:69,T:x,T:x,T:x
"NIGHT ON EARTH (IRE)",2018,GELDING,,A:79,A:69,A:74,T:57,T:70,T:60
"NIGHT PATROL (IRE)",2023,GELDING,"Julie Camacho",T:66,T:81,T:x,T:x,T:x,-
"NIGHT RAIDER (IRE)",2021,GELDING,"K. R. Burke",T:112,T:112,T:109,T:105,T:102,T:95
"NIGHT RIDE HOME (FR)",2021,GELDING,"Nicky Henderson",H:x,H:x,H:x,H:x,N:x,N:x
"NIGHT SHINING (IRE)",2023,FILLY,"George Boughey",T:x,T:x,T:x,-,-,-
"NIGHT STEP (GB)",2022,GELDING,,T:77,T:86,T:84,A:78,T:72,A:x
"NIGHT STORM (IRE)",2022,COLT,"James Tate",A:86,A:x,A:x,T:x,-,-
"NIGHT TARA (IRE)",2022,FILLY,,A:73,A:66,A:70,T:67,A:64,A:62
"NIGHT WOLF (GB)",2023,COLT,"Seb Spencer",T:x,T:x,T:x,-,-,-
"NIGHTEYES (IRE)",2021,FILLY,,T:104,T:105,T:102,T:0,T:95,T:92
"NIGHTIME DANCER (IRE)",2022,GELDING,"Richard Hannon",T:99,T:103,T:103,T:103,T:98,A:x
"NIGHTS IN VENICE (GB)",2016,GELDING,"Donald Whillans",S:89,S:90,S:66,S:83,S:89,H:65
"NIGHTSINWHITESATIN (GB)",2022,FILLY,"Edward Bethell",T:79,T:79,T:79,T:76,T:74,T:69
"NIGHTWALKER (GB)",2022,GELDING,"Richard Spencer",T:102,T:100,T:100,T:96,T:85,T:105
"NIKOVO (GB)",2019,GELDING,"Michael Herrington",T:82,T:84,T:84,A:89,A:93,A:91
"NIMBLE NASHER (GB)",2022,GELDING,,A:33,A:52,A:53,A:53,T:x,T:x
"NIMINY PIMINY (FR)",2022,FILLY,,A:76,A:82,T:82,A:81,T:72,A:x
"NINE NINE NINE (GB)",2017,GELDING,"Sarah-Jayne Davies",S:65,S:54,S:84,S:84,S:56,S:84
"NINETY NINE (IRE)",2021,FILLY,"John Wainwright",T:30,T:0,T:32,T:0,T:48,T:14
"NINNA COLLINA (GB)",2021,FILLY,"Jedd O'Keeffe",H:x,H:x,H:x,H:x,H:x,H:x
"NINTH LIFE (USA)",2020,GELDING,,T:53,A:52,T:68,A:68,T:74,A:68
"NITTY GRITTY (IRE)",2020,GELDING,"Mark Walford",H:74,H:0,H:100,H:0,H:101,H:0
"NIVELLE'S MAGIC (GB)",2019,FILLY,,A:63,A:70,T:69,A:67,A:66,T:63
"NIZAM (FR)",2022,GELDING,"Ian Williams",T:82,-,-,-,-,-
"NO BOUNDARIES (FR)",2022,GELDING,"Mrs Jane Williams",H:x,H:x,N:x,-,-,-
"NO BUT I WILL (GB)",2017,GELDING,"Julian Smith",S:79,S:112,S:115,S:90,S:114,S:112
"NO CLAIMS BONUS (GB)",2023,FILLY,"Harry Eustace",T:47,A:47,T:35,A:34,A:51,T:x
"NO CURE (IRE)",2021,GELDING,"Toby Lawes",H:x,-,-,-,-,-
"NO DRAMA MAMA (IRE)",2023,FILLY,"Ollie Sangster",T:30,A:39,A:45,A:x,A:x,A:x
"NO DRAMA THIS END (IRE)",2020,GELDING,"Paul Nicholls",H:x,H:x,H:x,H:x,H:x,N:x
"NO GAIN (GB)",2022,FILLY,"Adam Kirby",T:52,T:50,T:37,T:36,A:44,A:46
"NO GUARANTEE (GB)",2020,GELDING,"Alexander Gibbons",S:50,S:0,H:71,H:75,H:87,H:85
"NO HALF MEASURES (GB)",2021,FILLY,,T:107,T:97,T:112,T:104,T:89,T:106
"NO KNEE NEVER (IRE)",2021,GELDING,"James Owen",T:67,T:71,A:72,T:59,A:66,T:60
"NO MEAN FEAT (IRE)",2019,GELDING,"Simon Hodgson",H:72,H:60,H:68,H:0,H:44,H:76
"NO MORE BOLERO (GB)",2019,GELDING,"James Owen",T:63,T:73,T:73,H:86,H:98,T:32
"NO NAY DATA (IRE)",2023,FILLY,"Tom Clover",A:x,A:x,A:x,-,-,-
"NO NAY NEVERMIND (IRE)",2022,FILLY,"Iain Jardine",T:26,A:37,A:45,A:52,A:48,A:54
"NO NEWS (IRE)",2020,GELDING,"J. R. Jenkins",A:29,T:17,A:47,T:46,T:36,T:42
"NO NO FIZZ (IRE)",2018,FILLY,"Fergal O'Brien",H:61,H:0,H:106,H:58,S:72,S:101
"NO ORDINARY JOE (IRE)",2016,GELDING,"Faye Bramley",H:91,H:105,H:125,H:117,H:110,H:95
"NO PANIC (GB)",2020,GELDING,"Jeremy Scott",H:0,H:93,H:x,H:x,H:x,N:x
"NO QUESTIONS ASKED (IRE)",2018,GELDING,"Ben Pauling",S:144,S:129,S:149,S:133,S:144,S:144
"NO REGRETS (IRE)",2014,GELDING,"Nicky Richards",S:110,S:83,S:90,S:108,S:78,S:108
"NO RELEASE (GB)",2022,GELDING,"David Killahena & Graeme McPherson",H:94,A:47,A:28,A:29,A:45,A:52
"NO REMATCH (IRE)",2014,GELDING,"Samuel Drinkwater",H:73,H:79,H:74,H:77,H:57,H:0
"NO RETREAT (IRE)",2021,GELDING,"George Scott",T:25,T:97,T:x,T:x,A:x,-
"NO RETURN (IRE)",2022,GELDING,"Charlie Johnston",T:66,T:61,A:59,A:60,A:76,A:80
"NO RISK TODAY (FR)",2020,FILLY,"Fergal O'Brien",H:x,H:x,H:x,N:x,-,-
"NO SPRITZ NO PARTY (GB)",2023,FILLY,,A:72,T:30,T:x,T:x,A:x,-
"NO TACKLE (GB)",2017,GELDING,,S:104,S:113,S:111,S:113,S:113,S:68
"NO TRICKS AT ALL (FR)",2021,FILLY,,H:x,H:x,H:x,N:x,-,-
"NOAH'S LIGHT (IRE)",2017,GELDING,"Richenda Ford",S:0,S:78,S:38,S:66,S:61,S:55
"NOAHSGREATRAINBOW (IRE)",2019,GELDING,,S:94,S:115,S:0,S:120,H:x,H:x
"NOBLE BIRTH (GB)",2017,GELDING,"Clare Ellam",S:0,H:128,H:102,H:106,H:111,H:120
"NOBLE BLUE (FR)",2018,GELDING,"Kayley Woollacott",H:91,H:109,H:0,H:104,H:101,-
"NOBLE CHAMPION (IRE)",2022,COLT,"Ed Walker",T:0,T:115,T:93,T:94,T:98,A:x
"NOBLE CONSORT (GB)",2021,GELDING,"Julie Camacho",T:70,T:80,T:71,T:77,A:72,A:68
"NOBLE DON (IRE)",2019,GELDING,"D. J. Jeffreys",H:x,H:x,H:x,N:x,-,-
"NOBLE GENTLEMAN (IRE)",2023,GELDING,,T:32,T:41,A:x,A:x,A:x,-
"NOBLE GEORGE (IRE)",2020,GELDING,"Jennie Candlish",H:97,H:0,H:x,H:x,H:x,H:x
"NOBLE GRACE (IRE)",2021,FILLY,"Warren Greatrex",A:x,A:x,H:77,H:0,H:0,H:x
"NOBLE GUEST (GB)",2022,GELDING,"George Margarson",T:63,T:48,T:72,T:70,T:68,T:74
"NOBLE HORIZON (GB)",2022,GELDING,"Oli Rix",T:70,T:85,T:80,T:80,T:x,T:x
"NOBLE PARK (IRE)",2019,GELDING,"Nicky Henderson",S:130,S:118,S:117,S:125,S:115,H:109
"NOBLE PHOENIX (IRE)",2022,GELDING,,A:0,A:0,A:26,A:19,T:9,T:0
"NOBLE RECALL (GB)",2019,GELDING,"Anthony Day",S:72,H:68,H:74,H:74,H:73,H:66
"NOBLE VOW (IRE)",2023,COLT,"Richard Hannon",T:82,T:x,A:x,T:66,A:x,T:x
"NOBODY KNOWS (IRE)",2023,COLT,"Richard Hughes",T:93,A:x,T:x,-,-,-
"NOBODY TOLD ME (GB)",2020,GELDING,"Thomas Faulkner",H:71,H:73,H:67,H:72,H:71,H:64
"NOBOTHERATALL (IRE)",2020,GELDING,"Tristan Davidson",H:x,H:x,H:x,N:x,N:x,-
"NOCHE CLASICA (IRE)",2022,FILLY,"Edward Bethell",T:98,T:96,T:89,T:79,T:83,T:x
"NOCHE NEGRA (SPA)",2017,GELDING,"Nigel & Willy Twiston-Davies",S:0,S:0,S:0,S:90,S:113,S:66
"NOCTE VOLATUS (GB)",2015,GELDING,,S:114,S:136,S:135,S:0,S:120,S:130
"NOEL FOX (IRE)",2021,FILLY,,A:62,A:24,A:73,T:69,T:70,T:68
"NOELAN STAR (GER)",2023,GELDING,"Edward Bethell",T:x,A:x,A:x,-,-,-
"NOELIES DREAM (GB)",2023,GELDING,"Dylan Cunha",A:63,A:68,T:37,T:x,T:x,T:x
"NOGO'S DREAM (GB)",2020,GELDING,"Richard Hughes",T:79,T:79,A:73,A:78,T:60,T:71
"NOISY MUSIC (IRE)",2021,FILLY,,A:58,A:42,A:65,A:68,A:68,A:66
"NOLTON CROSS (IRE)",2019,GELDING,"Hugo Palmer",T:73,T:71,A:70,A:91,A:91,A:92
"NON STOP (FR)",2019,GELDING,"Joe Tizzard",S:103,S:89,H:109,H:117,H:104,S:113
"NONBINDING (IRE)",2017,GELDING,"Victor Thompson",S:38,S:64,S:0,H:0,H:0,H:x
"NOODLE MISSION (USA)",2020,GELDING,"Edward Smyth-Osbourne",A:68,T:60,A:82,A:74,A:83,T:73
"NOONETELLSMENOTHIN (IRE)",2021,GELDING,"Jonjo & A.J. O'Neill",H:99,H:105,H:0,H:x,H:x,N:x
"NORA BARNACLE (GB)",2022,FILLY,"Dominic Ffrench Davis",A:28,A:28,A:37,T:18,A:12,A:x
"NORCROSS BROW (GB)",2023,GELDING,,T:50,A:62,A:64,A:64,A:x,T:x
"NORDIC GAMES (GB)",2022,GELDING,,A:40,A:33,A:34,A:52,A:33,T:48
"NORDIC GLORY (IRE)",2019,GELDING,"Michael Attwater",T:33,T:57,A:46,A:53,A:54,A:54
"NORDIC NORM (GB)",2022,GELDING,"J. R. Jenkins",A:33,A:69,A:68,A:60,A:73,T:68
"NORDIC TIGER (FR)",2019,GELDING,,S:91,S:112,H:79,H:81,H:104,H:104
"NORFLONDONFOREVER (IRE)",2021,GELDING,"Faye Bramley",T:20,A:69,T:61,A:x,A:x,A:x
"NORFOLK BLUE (IRE)",2023,GELDING,"William Knight",T:64,T:63,A:x,T:57,T:x,T:x
"NORMAN FLETCHER (GB)",2019,GELDING,"Nigel & Willy Twiston-Davies",H:78,H:107,H:112,H:111,H:113,H:0
"NORMAN INVASION (GB)",2023,GELDING,"Ed Walker",T:x,A:x,T:x,-,-,-
"NORMANDY LEGEND (GB)",2021,GELDING,,T:19,H:60,H:69,H:81,H:30,H:74
"NORN IRON (IRE)",2018,GELDING,"Harry Derham",S:130,S:125,S:117,S:117,H:x,H:118
"NORTH ACCOUNT (IRE)",2020,GELDING,"Joe Wright",-,-,-,-,-,-
"NORTH FORCE (IRE)",2023,COLT,"Richard & Peter Fahey",T:55,T:77,T:x,T:x,T:x,-
"NORTH LODGE (IRE)",2017,GELDING,,H:112,H:140,H:x,H:x,H:x,H:x
"NORTH MOON (FR)",2020,GELDING,"Simon Edwards",H:0,-,-,-,-,-
"NORTH OF RICHMOND (IRE)",2020,GELDING,"Alex Hales",H:0,H:x,H:x,H:x,N:x,N:x
"NORTH PARADE (IRE)",2015,GELDING,"Joel Parkinson & Sue Smith",H:0,H:105,H:100,H:95,H:91,H:110
"NORTH STAR (IRE)",2022,FILLY,,A:78,T:80,T:77,T:80,T:71,T:76
"NORTH VIEW (GB)",2021,GELDING,"Stuart Williams",T:62,A:77,A:79,A:74,A:82,A:81
"NORTH WEST GAL (GB)",2023,FILLY,"John & Sean Quinn",T:38,T:69,A:x,A:x,T:x,T:x
"NORTHANGER ABBEY (IRE)",2020,GELDING,,H:71,H:99,H:0,H:x,H:x,-
"NORTHCLIFF (IRE)",2020,GELDING,"Thomas Faulkner",T:67,A:48,A:59,A:52,A:53,T:48
"NORTHERN AIR (IRE)",2019,FILLY,"D. J. Jeffreys",S:83,H:100,S:0,S:86,S:103,H:0
"NORTHERN ATTITUDE (IRE)",2022,FILLY,"Joey Ramsden",A:59,A:54,A:61,A:59,A:60,T:56
"NORTHERN BLAZE (GER)",2022,GELDING,,A:51,A:47,A:13,A:54,A:53,A:50
"NORTHERN BOUND (IRE)",2014,GELDING,"Myles Osborne",H:102,H:0,S:121,S:118,S:119,S:121
"NORTHERN BRAVE (IRE)",2023,COLT,"Michael Dods",T:68,T:69,T:x,T:x,-,-
"NORTHERN CHAMPION (IRE)",2023,COLT,"Ed Walker",T:87,-,-,-,-,-
"NORTHERN CRACKSMAN (GB)",2021,GELDING,,A:7,A:23,A:28,T:44,T:54,T:48
"NORTHERN EMPIRE (IRE)",2023,COLT,"Ed Walker",A:35,T:45,A:24,A:x,A:x,A:x
"NORTHERN POET (IRE)",2015,GELDING,"Nick Gifford",S:0,S:113,S:0,S:0,S:0,S:121
"NORTHERN SOLDIER (IRE)",2023,GELDING,"Ed de Giles",A:x,A:x,T:x,-,-,-
"NORTHERN SPIRIT (GB)",2020,GELDING,,T:0,T:77,A:76,A:78,A:0,A:68
"NORTHERN SYMPHONIE (GB)",2020,FILLY,"Harriet Dickin",S:90,H:85,H:97,H:0,H:107,H:107
"NORTHERN TEMPEST (GB)",2023,GELDING,"Michael Dods",T:57,A:53,A:51,A:x,T:x,T:x
"NORTHERN TICKER (IRE)",2022,GELDING,"Michael Dods",T:101,T:101,T:102,T:98,T:78,T:101
"NORTHERNER (IRE)",2021,FILLY,,A:32,A:27,A:33,A:33,A:44,A:27
"NORTHWEST PASSAGE (GB)",2022,GELDING,"Ivan Furtado",T:71,T:68,H:x,H:93,T:80,T:75
"NOSS MAYO (GB)",2022,FILLY,,A:54,A:60,A:57,A:53,A:54,A:56
"NOSTRUM (GB)",2020,GELDING,"Michael Appleby",T:90,T:79,T:53,T:80,T:71,T:87
"NOSY NEIGHBOUR (IRE)",2021,GELDING,"Rebecca Menzies",H:94,H:103,H:x,H:x,H:x,-
"NOT A LIGHT (IRE)",2017,GELDING,"Philip Hobbs & Johnson White",S:0,S:110,H:104,S:92,H:103,H:x
"NOT AT THAT PRICE (GB)",2020,GELDING,"Charlie Longsdon",H:x,H:x,H:x,N:x,N:x,N:x
"NOT FOR PASSIN (IRE)",2020,GELDING,"Robbie Llewellyn",H:x,H:x,H:x,N:x,-,-
"NOT JUST YET (IRE)",2020,GELDING,,T:27,T:44,A:50,T:42,A:47,A:57
"NOT ME (GB)",2021,GELDING,"Alan Brown",T:60,T:67,T:64,A:62,A:59,A:76
"NOT NOW NATHANIEL (GB)",2020,FILLY,,A:64,T:72,T:68,A:x,A:x,T:x
"NOT SO SOBERS (GB)",2019,GELDING,"David Killahena & Graeme McPherson",T:61,H:110,T:46,A:52,A:59,A:57
"NOT SURE (IRE)",2016,GELDING,"Kerry Lee",S:102,S:105,S:0,S:107,S:107,S:69
"NOTABLE SPEECH (GB)",2021,COLT,"Charlie Appleby",T:125,T:109,T:113,T:111,T:122,T:108
"NOTIMEFORCHITCHAT (IRE)",2022,GELDING,"Richard Hughes",A:68,A:50,A:77,A:74,A:80,A:80
"NOTNOWLINDA (IRE)",2017,FILLY,"Dan Skelton",H:105,H:110,H:101,H:92,H:88,H:116
"NOTTODAYBOBO (IRE)",2018,GELDING,"Micky Hammond",H:99,H:94,H:37,H:0,H:65,H:67
"NOVA CENTAURI (USA)",2023,COLT,,A:x,T:x,T:x,-,-,-
"NOVAK (GB)",2019,GELDING,"Iain Jardine",T:64,T:63,A:55,A:64,A:65,A:67
"NOVAMAY (GB)",2022,FILLY,"Michael Dods",T:78,T:28,A:82,T:45,T:84,T:83
"NOVELETTE (IRE)",2023,FILLY,"Simon & Ed Crisford",T:52,T:86,T:x,T:x,T:x,-
"NOVELISTA (IRE)",2022,GELDING,"Warren Greatrex",T:47,H:x,H:98,T:84,T:84,T:85
"NOVELLO LAD (GB)",2021,GELDING,"Paul Midgley",T:85,T:74,T:48,T:78,T:64,T:77
"NOW THE EAGLE (FR)",2022,GELDING,"Luke Dace",A:69,A:67,A:66,A:48,T:0,A:55
"NOW THEN WENDY (GB)",2017,FILLY,"Patrick Morris",A:32,H:0,H:70,H:0,H:70,H:64
"NOWHERENEARMILAN (IRE)",2021,FILLY,"Max Comley",H:x,H:x,H:x,N:x,N:x,-
"NOWSHESDANCING (GB)",2022,FILLY,"Harry Eustace",T:x,-,-,-,-,-
"NOWYOUVEBINANDUNIT (GB)",2017,FILLY,,H:79,H:68,H:77,H:75,H:63,H:69
"NUBOUGH (IRE)",2016,GELDING,"Mark Pattinson",A:48,A:31,A:51,A:57,A:27,A:52
"NUEVO SLOVO (IRE)",2023,GELDING,"Simon Pearce",T:43,T:91,T:x,-,-,-
"NUMERO VINGT (GB)",2023,GELDING,"Archie Watson",A:55,A:69,A:73,A:x,A:x,T:x
"NUMITOR (GB)",2014,GELDING,"Heather Main",S:0,S:133,S:0,S:128,S:0,S:0
"NUNC EST BIBENDUM (IRE)",2021,FILLY,"Gary & Josh Moore",T:73,A:73,A:76,A:70,A:61,A:57
"NUPTOWN GIRL (GB)",2022,FILLY,"Ian Williams",A:48,A:x,A:56,A:x,A:x,A:x
"NURSE SUSAN (FR)",2017,FILLY,"Dan Skelton",H:129,H:122,H:138,H:134,H:110,H:96
"NUTBEAN (GB)",2023,GELDING,,A:25,T:x,T:x,T:x,-,-
"NUTCRACKER (GB)",2022,GELDING,"Tony Carroll",A:48,A:45,A:41,A:39,A:31,T:45
"NUTMEG (IRE)",2022,GELDING,,T:38,A:x,A:x,T:x,A:x,-
"NYMAN (IRE)",2022,GELDING,"Roger Fell",T:60,T:58,T:77,T:76,A:75,T:80
"NYMPHAEA (GB)",2022,FILLY,"Jennie Candlish",A:47,A:44,T:45,A:24,A:50,A:50
"NZURI (GB)",2023,FILLY,"Jack Channon",T:37,A:x,T:x,A:x,-,-
"O FORTUNA (GB)",2023,GELDING,"Tim Easterby",T:53,T:16,A:41,T:59,A:x,T:x
"O'CONNELL (IRE)",2016,GELDING,"Joel Parkinson & Sue Smith",S:139,S:137,S:130,S:130,S:131,S:124
"O'FAOLAINS GLORY (IRE)",2017,FILLY,"Susan Corbett",S:77,H:96,S:108,S:103,S:0,S:100
"O'GRADY'S HILL (IRE)",2019,FILLY,"Sarah-Jayne Davies",S:70,S:19,S:59,S:70,S:71,S:45
"O'HALLORANS CASTLE (IRE)",2018,GELDING,"R. Teague",H:52,H:x,-,-,-,-
"OAKLEY (GER)",2018,GELDING,"Mrs C. Williams",H:114,H:114,H:101,H:99,H:92,H:109
"OAKLEY'S WAY (IRE)",2020,GELDING,"Anthony Honeyball",H:92,H:105,H:105,H:90,H:101,H:102
"OASIS COVER (GB)",2023,FILLY,"Edward Bethell",A:30,T:58,A:x,A:x,A:x,-
"OASIS DIAMOND (GB)",2023,FILLY,,A:50,A:21,T:58,T:54,T:62,T:58
"OASIS SUNRISE (IRE)",2022,FILLY,"Grace Harris",T:69,T:66,T:63,T:63,T:56,T:51
"OATHBOUND (GB)",2023,COLT,"William Haggas",T:66,T:x,A:x,T:x,-,-
"OBEE JO (IRE)",2016,GELDING,"Tim Easterby",T:19,T:23,T:50,T:40,T:39,T:39
"OBELIX (GB)",2020,GELDING,"Julie Camacho",T:64,A:71,A:80,T:74,T:65,A:80
"OBERON HILL (IRE)",2021,GELDING,"Jim & Suzi Best",A:39,T:57,A:x,A:x,A:x,N:x
"OBITO (IRE)",2022,GELDING,"David O'Meara",T:72,T:76,T:82,T:82,T:79,T:80
"OBJECTOR (IRE)",2023,GELDING,"George Scott",T:83,A:x,A:x,-,-,-
"OBLEMENKO (FR)",2021,GELDING,"Gary & Josh Moore",H:x,H:x,H:x,-,-,-
"OBSESSEDWITHYOU (FR)",2019,FILLY,"Jamie Snowden",S:125,S:121,S:119,S:119,S:114,S:96
"OBSIDIAN DREAM (GB)",2022,GELDING,"J. S. Moore",T:48,A:73,A:53,A:47,T:81,T:68
"OBSIDIAN VERSE (GB)",2023,GELDING,"James Fanshawe",A:69,A:60,T:x,T:x,T:x,-
"OCEAN CONQUEST (GB)",2021,GELDING,"Nigel & Willy Twiston-Davies",H:0,H:110,H:94,H:0,H:112,H:x
"OCEAN HEIGHTS (GB)",2017,GELDING,"David Pipe",H:88,A:56,A:47,A:54,A:61,A:52
"OCEAN ODYSSEY (IRE)",2021,GELDING,,A:x,A:51,A:54,A:70,A:58,T:52
"OCEAN OF STORMS (FR)",2023,GELDING,,T:56,A:55,A:x,T:x,T:x,-
"OCEAN TREATY (GB)",2022,FILLY,,A:66,A:74,T:66,T:63,-,-
"OCEAN WALZ (FR)",2020,GELDING,"Rosemary Gasson",H:76,H:65,H:90,H:74,H:x,H:x
"OCEANIDES (GB)",2022,FILLY,"Ed de Giles",A:x,A:x,A:x,N:x,-,-
"OCEANS CHARM (IRE)",2022,FILLY,,A:0,T:54,T:62,T:62,T:62,T:50
"OCEANS FIVE (IRE)",2022,GELDING,"Brian Meehan",T:22,A:56,A:x,A:x,T:x,-
"OCEANS FOUR (GB)",2023,GELDING,"Brian Meehan",T:80,T:106,T:x,T:x,-,-
"OCETI (IRE)",2023,COLT,"Richard Hannon",T:x,T:x,T:x,-,-,-
"OCTOBER HILL (IRE)",2020,FILLY,"David Pipe",H:103,H:x,H:x,H:96,H:99,H:x
"OCTOBER SURPRISE (GB)",2023,COLT,"Sheena West",A:34,A:x,T:x,T:x,-,-
"ODIN LEGACY (IRE)",2021,COLT,,T:82,A:81,T:43,T:82,T:84,T:82
"OF CORSE I CAN (FR)",2017,GELDING,"Neil Mulholland",S:66,S:61,S:65,S:68,S:77,S:77
"OF COURSE YOU CAN (GB)",2018,FILLY,,S:0,H:62,H:101,H:80,H:85,H:102
"OFF SPIN (IRE)",2022,GELDING,"Tim Easterby",T:46,T:54,T:52,A:21,T:60,T:48
"OFF THE BENCH (GB)",2022,GELDING,,T:19,T:9,T:x,T:26,T:20,T:38
"OFF THE JURY (IRE)",2019,GELDING,"Mickey Bowen",S:125,H:x,H:0,H:x,H:x,H:x
"OFFIAH'S BOY (GB)",2021,GELDING,"Joe Tickle",A:49,H:16,H:50,H:0,T:45,T:40
"OH CLARE (IRE)",2020,FILLY,,H:x,H:x,H:x,N:x,N:x,-
"OH MY JOHNNY (IRE)",2020,GELDING,,H:105,H:114,H:115,H:0,H:115,H:114
"OH SO AUDACIOUS (GB)",2019,FILLY,"Jack Jones",T:34,T:43,T:50,T:54,T:47,T:45
"OH SO COOL (IRE)",2022,GELDING,,A:0,A:39,A:40,T:0,T:32,A:48
"OH SO PERFECT (IRE)",2023,FILLY,"Michael Appleby",A:56,A:53,A:40,A:48,A:26,A:44
"OH WEST VIRGINIA (GB)",2023,GELDING,,T:0,T:x,T:x,T:x,T:x,-
"OH YES YOU DO (FR)",2023,FILLY,"David Menuisier",T:69,T:70,T:x,T:x,-,-
"OHANA (GB)",2021,FILLY,"Derek Shaw",A:x,A:x,A:x,-,-,-
"OHARA (GB)",2023,GELDING,"Eve Johnson Houghton",T:63,T:77,T:x,T:69,T:x,T:x
"OILISA (GB)",2022,FILLY,"Mark Walford",T:48,T:33,T:41,T:49,T:54,T:52
"OJ LIFESTYLE (IRE)",2020,GELDING,"Gary & Josh Moore",T:66,A:63,A:70,T:72,T:65,T:67
"OKAMI (IRE)",2020,GELDING,,A:32,A:37,A:53,A:50,A:55,A:50
"OKAVANGO DELTA (IRE)",2016,GELDING,"Paul Robson",S:0,S:100,S:110,S:103,S:56,S:110
"OKEECHOBEE (GB)",2019,GELDING,,T:101,T:103,T:92,T:101,A:103,T:113
"OKIRU (IRE)",2023,GELDING,"Archie Watson",A:64,T:0,A:53,A:67,A:69,A:x
"OLD BRIDGE (FR)",2021,GELDING,,H:87,H:98,H:100,H:0,H:x,H:x
"OLD COCK (IRE)",2021,GELDING,"Antony Brittain",T:72,T:78,T:83,T:90,T:94,T:54
"OLD COWBOY (GB)",2020,GELDING,"Gary & Josh Moore",S:135,S:130,S:126,S:116,H:x,H:122
"OLD GREGORIAN (GB)",2019,GELDING,"Lucinda Russell & Michael Scudamore",S:110,S:101,S:121,S:123,H:63,H:123
"OLD IS GOLD (IRE)",2023,GELDING,"Andrew Balding",T:81,T:81,T:88,T:86,T:87,T:x
"OLD PARK STAR (IRE)",2020,GELDING,,H:x,H:x,H:x,H:x,N:x,N:x
"OLDBURY LAD (IRE)",2022,GELDING,"Grace Harris",A:48,A:39,A:51,A:43,A:41,A:42
"OLIVER SHOW (IRE)",2020,GELDING,"George Boughey",T:87,T:84,T:90,T:90,A:94,T:95
"OLIVIA JANE (IRE)",2022,FILLY,"Nick Scholfield",T:2,T:35,H:0,H:0,T:42,T:53
"OLIVIA KATE (GB)",2019,FILLY,,H:70,H:78,H:90,H:94,H:0,H:86
"OLYMPIA (GER)",2021,FILLY,,T:0,-,-,-,-,-
"OLYMPIC CANDLE (IRE)",2021,GELDING,"Saeed bin Suroor",A:83,A:87,T:87,T:77,T:80,A:x
"OLYMPIC QUEST (GB)",2020,FILLY,,A:0,A:26,T:39,T:23,T:34,T:19
"OMAN (IRE)",2018,GELDING,"Tony Carroll",T:69,T:68,A:60,A:71,A:72,A:72
"OMBRECELL (FR)",2021,GELDING,,T:62,A:74,A:73,A:x,A:x,A:x
"OMBUDSMAN (IRE)",2021,COLT,"John & Thady Gosden",T:125,T:125,T:128,T:123,T:127,T:117
"OMON VASE (GB)",2022,GELDING,,A:29,A:x,T:x,-,-,-
"ON A VESPA (GB)",2022,FILLY,,T:58,T:21,T:57,T:55,T:55,T:47
"ON EDGE (GB)",2018,GELDING,"Christopher Mason",T:76,T:44,T:73,T:72,T:69,T:70
"ON KEY (GB)",2022,GELDING,"Scott Dixon",T:53,T:45,A:54,A:50,A:54,A:43
"ON LOVERS WALK (IRE)",2017,GELDING,"Kelly Morgan",H:84,H:75,H:106,-,-,-
"ON MESSAGE (GB)",2023,FILLY,"Ralph Beckett",T:99,T:89,A:x,T:x,T:x,-
"ON THE BUBBLE (GB)",2021,FILLY,"Gary Rutherford",T:40,T:46,A:39,T:42,T:41,T:37
"ON THE GO (GB)",2020,GELDING,"Charlie Longsdon",H:112,H:112,H:88,H:101,H:91,H:89
"ON THE INLET (IRE)",2023,GELDING,"Dr Richard Newland & Jamie Insole",A:72,T:67,A:82,A:77,A:x,T:x
"ON THE PLATFORM (IRE)",2016,GELDING,"Belinda Clarke",S:80,S:0,S:88,S:0,S:83,S:0
"ON THE RIGHT TRACK (GB)",2017,GELDING,"Mark Usher",A:44,A:0,T:62,T:55,T:55,A:50
"ON THE RIVER (GB)",2019,GELDING,"Harriet Bethell",T:67,T:80,T:75,T:78,T:72,T:x
"ONCE ADAAY (GB)",2020,GELDING,,A:19,A:41,T:32,A:35,T:40,A:52
"ONE AND GONE (IRE)",2023,GELDING,"Ian Williams",T:78,T:76,T:78,A:72,A:79,A:80
"ONE BIG BANG (IRE)",2018,GELDING,,S:134,S:127,S:135,S:137,H:134,H:133
"ONE COOL DREAMER (IRE)",2021,GELDING,"Robert Stephens",A:65,A:70,A:63,H:83,A:69,T:62
"ONE EYE JACK (IRE)",2022,GELDING,,T:54,T:50,T:62,A:67,A:71,A:x
"ONE EYE ON VEGAS (GB)",2017,GELDING,"Stuart Edmunds",H:111,H:100,H:111,H:109,H:101,H:108
"ONE FOR HARVEY (GB)",2022,FILLY,,A:44,T:48,T:49,T:55,T:6,T:64
"ONE FOR RIAN (IRE)",2020,GELDING,"Neil Mulholland",H:x,H:x,H:x,H:x,-,-
"ONE HORSE TOWN (IRE)",2022,GELDING,"Harry Derham",H:117,H:123,H:132,H:128,H:129,H:123
"ONE ISLAND (FR)",2022,GELDING,"Paul Nicholls",H:62,H:x,H:x,H:86,-,-
"ONE LAST GLANCE (GB)",2017,GELDING,"Tom Gretton",S:100,S:99,S:83,S:94,S:93,H:79
"ONE MILLION DREAMS (FR)",2020,GELDING,"Archie Watson",T:31,T:31,T:59,A:42,S:0,S:69
"ONE MORE (IRE)",2022,GELDING,"Chelsea Banham",A:75,A:86,A:86,A:85,A:x,T:x
"ONE MORE BOTTLE (GB)",2021,GELDING,"Lizzie Quinlan",A:5,A:43,A:40,A:27,A:53,T:47
"ONE MORE CHROME (IRE)",2022,GELDING,"B F Brookhouse",T:58,T:55,T:x,T:x,T:x,-
"ONE MORE DREAM (GB)",2019,GELDING,"John & Sean Quinn",A:44,T:14,T:51,A:48,A:36,A:60
"ONE MORE STROKE (IRE)",2019,GELDING,"Donald McCain",S:107,S:109,S:114,S:110,S:112,S:114
"ONE NIGHT THUNDER (GB)",2020,GELDING,"Gemma Tutty",T:76,T:70,A:73,T:83,T:80,T:80
"ONE OF OUR OWN (GB)",2020,FILLY,"Rebecca Menzies",T:60,T:54,T:60,T:49,T:53,T:55
"ONE SMACK MAC (IRE)",2022,GELDING,"Jamie Osborne",T:30,-,-,-,-,-
"ONE TRUE KING (IRE)",2015,GELDING,"Miss B. Coward",H:0,H:0,H:106,S:103,S:120,S:122
"ONEFORTHEGUTTER (GB)",2019,GELDING,"Ian Williams",T:76,A:87,T:72,T:87,T:93,T:87
"ONEFOURNINE (IRE)",2020,FILLY,"Jonjo & A.J. O'Neill",H:x,H:x,H:x,H:x,-,-
"ONEHUNDREDNEIGHTY (IRE)",2020,GELDING,"Ben Pauling",H:74,H:62,H:79,H:x,H:x,H:x
"ONEINTHEWELL (IRE)",2021,GELDING,"James Owen",H:x,H:x,H:96,H:x,H:x,-
"ONEMORENOMORE (GB)",2020,GELDING,"Philip McBride",T:57,T:44,A:55,A:60,A:59,A:62
"ONEWAYWEST (IRE)",2019,GELDING,"Ben Pauling",H:123,H:128,H:124,H:123,H:123,H:112
"ONLY DREAM BIG (GB)",2023,FILLY,"Tim Easterby",T:51,T:53,A:44,T:x,T:x,T:x
"ONLY GOSSIP (GB)",2017,FILLY,"Polly Gundry",S:29,S:79,S:85,S:72,H:83,H:x
"ONLY IN MANILA (GB)",2023,GELDING,,T:14,A:47,A:x,A:x,A:x,T:x
"ONLY ONE BLUE (IRE)",2022,FILLY,"Max Comley",H:107,H:107,H:109,H:108,H:107,H:x
"ONLY THE BOLD (IRE)",2015,GELDING,"Jamie Snowden",S:130,S:117,S:130,S:130,S:125,S:0
"ONLYFORFRANKIE (IRE)",2020,GELDING,"Alastair Ralph",H:x,H:x,H:x,H:x,H:x,N:x
"ONLYRIVERSRUNFREE (GB)",2021,FILLY,"Murty McGrath",A:51,A:48,A:39,A:36,T:19,A:x
"ONSLOW GARDENS (IRE)",2020,GELDING,"Kevin & Lauren Frost",A:42,T:60,A:55,T:56,T:65,T:50
"ONWARDUPWARD (GB)",2023,FILLY,,T:47,A:x,A:x,A:x,-,-
"OOH BETTY (IRE)",2018,FILLY,"Ben Clarke",H:128,H:130,H:131,H:115,H:116,H:111
"OOLONG POOBONG (IRE)",2022,FILLY,"Edward Bethell",T:88,T:89,T:87,A:82,T:79,A:38
"OPAL STORM (GB)",2020,FILLY,"Brian Rothwell",T:31,T:49,A:55,A:41,A:43,A:16
"OPEN MIND (GB)",2019,GELDING,"Saeed bin Suroor",A:87,T:96,A:96,T:91,T:79,A:88
"OPENING BAT (GB)",2022,GELDING,"Harry Charlton",T:0,A:43,A:68,T:68,T:68,A:67
"OPERA BALLO (IRE)",2022,COLT,"Charlie Appleby",T:125,T:113,T:116,T:110,T:102,A:106
"OPERA WAVE (GB)",2022,FILLY,"David Simcock",T:66,A:60,T:65,A:71,T:65,T:x
"OPERATION GIMCRACK (IRE)",2020,GELDING,"Bryan Smart",T:0,A:55,A:59,A:50,A:57,A:44
"OPERATION MANNA (GB)",2016,GELDING,,H:94,S:0,S:124,H:0,H:129,H:107
"OPHELIA GRACE (IRE)",2023,FILLY,,A:74,A:76,T:x,A:x,T:x,-
"OPPORTUNITY (GB)",2022,GELDING,"William Haggas",T:100,T:92,T:38,T:92,T:x,T:x
"OPTICIAN (GB)",2020,GELDING,"Michael Herrington",A:73,A:0,A:69,A:76,A:76,A:72
"OPTIMATUM (GB)",2022,GELDING,"Rod Millman",T:38,A:58,A:70,A:63,T:59,T:71
"OPTIMISTIC (GB)",2022,GELDING,"Derek Shaw",A:32,A:47,A:44,A:x,A:x,T:x
"ORACLE MISSION (GB)",2023,GELDING,"Harry Eustace",T:38,A:x,A:x,-,-,-
"ORANGE DIAMOND (FR)",2018,GELDING,"Tom Ellis",H:100,H:103,S:86,S:100,H:100,H:99
"ORANGE EMPEROR (IRE)",2023,GELDING,"James Fanshawe",T:55,A:56,A:67,A:x,A:x,T:x
"ORANGE SKY (IRE)",2022,FILLY,,T:92,T:86,T:78,T:87,A:x,A:x
"ORANGESANDLEMONS (GB)",2022,FILLY,"Edward Bethell",T:62,A:76,T:69,T:76,T:68,T:70
"ORATORICAL (GB)",2023,COLT,"David Loughnane",T:77,T:0,T:x,T:x,T:x,-
"ORAZIO (IRE)",2019,GELDING,"Charles Hills",T:63,T:88,T:78,T:73,T:83,T:83
"ORBAAN (GB)",2015,GELDING,"David O'Meara",A:46,A:59,A:73,A:60,T:64,T:72
"ORBITAL CHIME (GB)",2020,GELDING,"Helen Cuthbert",A:51,T:44,A:57,T:61,A:60,A:55
"ORCHARD (FR)",2022,GELDING,"Warren Greatrex",T:49,A:74,A:71,A:61,T:61,A:x
"ORCHARD KEEPER (IRE)",2021,FILLY,"Roger Varian",T:93,T:93,T:86,T:83,T:83,T:76
"ORCHESTRA (FR)",2020,GELDING,"Fergal O'Brien",A:17,A:70,T:72,A:73,A:69,A:70
"ORCHID (IRE)",2022,FILLY,"George Boughey",T:53,T:72,T:80,T:85,T:82,A:89
"ORDEROFTHEDAY (IRE)",2020,GELDING,"Olly Murphy",S:120,H:118,H:118,H:x,H:x,N:x
"ORGAN (GB)",2022,GELDING,"Martyn Meade",T:87,T:80,T:46,T:68,T:55,T:88
"ORGANISE (GB)",2023,GELDING,"John & Thady Gosden",T:101,T:x,A:x,-,-,-
"ORIENTAL PRINCE (GB)",2021,GELDING,"Jim Goldie",T:72,A:74,A:79,A:78,A:73,A:78
"ORIGINAL THINKER (GB)",2020,FILLY,,T:65,T:53,T:48,T:49,T:65,A:29
"ORION'S BELT (IRE)",2023,FILLY,"Richard Hannon",T:30,T:98,T:91,T:91,T:x,T:x
"ORIONIS (GB)",2022,FILLY,"William Haggas",T:96,T:90,T:88,T:87,T:81,T:79
"ORKNEY BLUE (GB)",2018,GELDING,"N. W. Alexander",S:103,S:109,S:109,S:0,S:101,H:x
"ORMOLULU (IRE)",2020,FILLY,"Gemma Tutty",T:66,T:64,A:79,A:69,A:79,T:67
"ORNE (IRE)",2021,GELDING,"Antony Brittain",T:62,T:73,T:54,A:65,A:68,T:79
"OSCAR NOMINEE (GB)",2023,FILLY,"James Ferguson",A:x,A:x,-,-,-,-
"OSCAR'S SISTER (IRE)",2020,FILLY,"Julie Camacho",T:52,T:42,T:55,T:60,T:39,T:12
"OSELTON (GB)",2022,GELDING,"Craig Lidster",T:55,T:33,A:48,A:54,A:54,T:32
"OSTEND (IRE)",2018,GELDING,"Mickey Bowen",S:101,S:90,S:112,S:0,S:122,S:113
"OSTERBERG (IRE)",2020,GELDING,"Martin Keighley",H:63,H:70,H:98,H:86,H:x,H:x
"OSTRAVA DU BERLAIS (FR)",2018,FILLY,"Venetia Williams",S:87,S:76,S:72,S:0,S:103,S:106
"OTAGO (GB)",2017,GELDING,,T:45,T:40,T:48,T:53,T:49,T:55
"OTTAWA (GB)",2022,GELDING,"Liam Bailey",A:58,A:55,A:52,A:65,A:0,A:53
"OTTOMAN (IRE)",2022,GELDING,"Oliver Greenall & Josh Guerriero",T:40,A:46,T:56,T:52,T:58,T:57
"OUR 'ENERY (IRE)",2022,GELDING,,T:54,T:84,T:91,A:x,A:x,T:x
"OUR ABSENT FRIENDS (IRE)",2018,GELDING,"Tristan Davidson",T:59,T:0,A:66,A:64,A:65,A:51
"OUR BOBBY DAZZLER (GB)",2020,GELDING,,H:x,H:x,N:x,N:x,-,-
"OUR BOY STAN (GB)",2021,GELDING,"Ben Pauling",H:x,H:x,H:x,N:x,N:x,-
"OUR CODY (IRE)",2023,FILLY,"Richard Hughes",T:87,T:77,T:87,T:83,T:87,T:0
"OUR DAGGER (IRE)",2021,GELDING,"Adrian Wintle",A:41,T:58,A:61,A:55,T:52,-
"OUR DYLAN (IRE)",2016,GELDING,"Kayley Woollacott",H:112,H:113,H:47,H:109,H:103,H:105
"OUR GIRL SAL (IRE)",2018,FILLY,"Adam Nicol",H:80,H:91,H:89,-,-,-
"OUR GOLDEN ONE (IRE)",2021,FILLY,,T:24,T:82,T:73,T:90,T:85,T:87
"OUR GUIDE (IRE)",2021,GELDING,"Jamie Snowden",H:x,H:x,H:x,-,-,-
"OUR GUY (IRE)",2023,GELDING,"Denis Coakley",T:68,A:x,A:x,A:x,-,-
"OUR HAVANA (GB)",2021,GELDING,"Richard & Peter Fahey",T:66,T:83,T:82,T:79,T:76,T:86
"OUR HERO MATTY (IRE)",2023,GELDING,"Tony Culhane & Stella Barclay",A:17,T:41,A:48,T:x,A:54,T:x
"OUR LAURA B (IRE)",2018,FILLY,,H:85,H:95,H:0,H:96,H:0,H:0
"OUR LIL (GB)",2021,FILLY,,T:0,H:99,H:101,H:96,H:x,H:96
"OUR MIGHTY MO (IRE)",2022,GELDING,,T:69,T:57,T:73,T:66,T:82,T:76
"OUR MISTY BLUE (IRE)",2022,GELDING,"Lawrence Mullaney",A:31,A:47,T:29,A:51,A:49,A:20
"OUR NEL (IRE)",2018,FILLY,,H:52,H:0,S:92,S:0,S:96,H:90
"OUR NICOLA (GB)",2022,FILLY,"David & Nicola Barron",A:37,A:27,A:29,T:22,T:44,T:43
"OUR PAPA SMURF (GB)",2021,GELDING,"Gary & Josh Moore",H:66,H:76,H:95,H:65,H:x,H:43
"OUR PEGGY (IRE)",2021,FILLY,"Joe Tizzard",H:0,H:x,H:x,H:x,-,-
"OUR PLANET (IRE)",2022,GELDING,"Michael Keady",T:40,T:54,T:76,T:72,T:x,A:75
"OUR POWER (IRE)",2015,GELDING,"Sam Thomas",S:140,S:122,S:133,S:0,S:142,S:135
"OUR SAM (GB)",2016,GELDING,"James Moffatt",H:70,H:0,H:0,H:93,H:105,H:105
"OURBREN (IRE)",2023,FILLY,"J. S. Moore",T:x,A:83,T:85,T:86,T:69,T:78
"OURO PRETO (FR)",2021,GELDING,"Iain Jardine",T:59,T:64,-,-,-,-
"OURSIN (GB)",2022,COLT,"Charles Hills",T:89,A:x,A:x,A:x,-,-
"OUT IN THE COLD (IRE)",2023,FILLY,"Simon Pearce",T:12,T:32,A:30,A:38,A:x,A:x
"OUT OF FOCUS (IRE)",2018,GELDING,"Mrs C. Williams",H:89,H:73,H:88,H:88,S:84,S:95
"OUT OF IT (FR)",2021,GELDING,"Billy Aprahamian",H:75,H:x,H:x,H:x,-,-
"OUT OF OFFICE (IRE)",2018,GELDING,,H:111,H:121,S:128,S:0,H:x,H:x
"OUT OF THE WOODS (FR)",2020,GELDING,"Lucinda Russell & Michael Scudamore",H:x,H:x,H:x,H:x,N:x,N:x
"OUT ON HER OWN (GB)",2020,FILLY,"Dianne Sayer",S:79,H:79,H:79,H:76,H:55,H:61
"OUTBACK FRONTIERS (IRE)",2016,GELDING,,H:0,S:0,S:61,S:61,H:52,H:68
"OUTBACK HEAT (GB)",2023,GELDING,"Harry Eustace",T:91,T:x,A:x,-,-,-
"OUTBACK LEGEND (IRE)",2023,COLT,"Dr Richard Newland & Jamie Insole",T:x,T:x,T:x,-,-,-
"OUTER BANKS (IRE)",2020,GELDING,"Stuart Edmunds",H:86,H:0,H:115,H:x,H:x,H:x
"OUTER EDGE (GB)",2021,GELDING,"Christopher Mason",T:51,A:45,A:49,A:45,T:0,A:53
"OUTFLANK (IRE)",2023,GELDING,"John & Thady Gosden",T:x,T:x,A:x,-,-,-
"OUTLANDISH (IRE)",2022,GELDING,,A:53,T:64,A:67,T:72,T:x,T:x
"OUTLAW PETER (IRE)",2016,GELDING,"Paul Nicholls",S:135,S:140,S:134,S:119,S:102,S:123
"OUTRACE (IRE)",2020,COLT,"Richard Hannon",A:22,A:43,A:29,A:6,T:32,T:0
"OUTRUN THE STORM (IRE)",2018,GELDING,,A:45,A:45,A:44,T:37,T:63,T:49
"OUTSPAN (IRE)",2023,GELDING,,A:47,A:x,T:x,A:x,-,-
"OUZO (GB)",2016,GELDING,"Jamie Osborne",A:79,T:97,T:101,T:95,T:98,T:98
"OVER SPICED (GB)",2022,FILLY,"Grace Harris",T:69,T:61,T:64,T:69,T:69,T:64
"OVERABOTTLEOFRED (GB)",2019,FILLY,"Tom Gretton",S:115,S:113,S:0,S:92,S:102,S:93
"OVERBUDGET (IRE)",2023,FILLY,"Dylan Cunha",T:56,A:x,T:x,T:x,-,-
"OVERLOOKED (IRE)",2021,GELDING,,A:43,A:56,A:55,A:55,A:46,A:55
"OVERTURE (GB)",2021,FILLY,,T:87,T:85,A:80,T:88,A:81,T:76
"OVIEDO (IRE)",2020,GELDING,"Alexandra Dunn",T:25,A:35,A:46,A:30,A:42,A:20
"OWL OF ATHENS (IRE)",2019,GELDING,"Mrs C. Williams",S:87,S:45,S:55,S:72,H:86,H:86
"OXAGON (FR)",2023,COLT,"John & Thady Gosden",T:100,T:109,T:73,T:112,T:112,T:x
"OXFORD COMMA (IRE)",2021,FILLY,,T:56,T:60,T:98,T:101,T:92,T:x
"OXTED (GB)",2016,GELDING,"Roger Teal",T:35,T:115,T:115,T:107,T:108,T:114
"OZAT (FR)",2021,GELDING,"Ian Williams",T:91,-,-,-,-,-
"OZZY COSMO (IRE)",2019,GELDING,"N. W. Alexander",H:0,S:73,S:75,S:0,H:81,S:0
"PABLO PRINCE (GB)",2018,GELDING,"Karen Jewell",A:46,A:45,A:49,A:49,A:45,A:50
"PACE ATTACK (IRE)",2023,GELDING,"Sir Mark Prescott Bt",A:x,A:x,A:x,-,-,-
"PACHACUTI (IRE)",2017,GELDING,"David Pipe",H:96,H:105,S:0,S:102,S:0,H:98
"PACIFIC AVENUE (IRE)",2023,COLT,"Charlie Appleby",T:105,T:103,T:106,T:105,T:x,-
"PACIFIC GLORY (GB)",2023,GELDING,"Tim Easterby",T:x,T:x,T:x,-,-,-
"PACIFIC MAN (FR)",2022,GELDING,,A:11,T:32,T:47,A:41,A:x,T:x
"PACIFIC MISSION (GB)",2023,FILLY,"Andrew Balding",T:94,T:106,A:x,T:x,-,-
"PACIFIC PRINCE (GB)",2021,GELDING,"James Bennett",A:35,A:37,A:33,A:43,A:42,T:x
"PACIFIST (IRE)",2022,FILLY,,A:0,A:45,A:65,A:61,A:3,T:43
"PACKETOFBISCUITS (GB)",2022,GELDING,"John Mackie",A:48,T:50,T:76,A:79,A:75,A:70
"PACMAN (FR)",2021,GELDING,"Robert Walford",H:x,H:x,H:x,-,-,-
"PADDOCKWOOD (FR)",2022,GELDING,"Ben Pauling",H:0,H:117,H:104,-,-,-
"PADDY IN THE CADDY (IRE)",2019,GELDING,"Harry Ryall",S:69,S:0,S:0,S:82,S:52,S:105
"PADDY O'MAHLER (IRE)",2018,GELDING,"Joel Parkinson & Sue Smith",S:0,S:115,S:110,S:113,S:97,S:101
"PADDY THE SQUIRE (GB)",2020,GELDING,"Iain Jardine",T:95,T:100,T:101,T:96,T:89,T:85
"PADDY'S DAY (IRE)",2020,GELDING,"Nigel Tinkler",A:81,A:87,A:86,A:90,A:87,A:90
"PADDYS POLICY (IRE)",2020,GELDING,"Donald McCain",S:0,H:97,H:107,H:99,H:112,H:x
"PADEL BANDIT (GB)",2021,GELDING,"Gary & Josh Moore",H:x,H:x,H:x,-,-,-
"PADESHA (FR)",2021,GELDING,,A:21,A:69,T:71,T:75,T:x,A:x
"PADISHAKH (FR)",2020,GELDING,,T:73,A:81,T:84,T:81,T:81,T:89
"PADRAIG DAWN (IRE)",2023,COLT,"Charlie Pike",T:99,A:105,A:x,-,-,-
"PADRE ARTHUR (GB)",2021,GELDING,,H:x,H:x,H:x,N:x,-,-
"PADUA (IRE)",2022,GELDING,"Hughie Morrison",T:77,T:81,A:77,A:x,A:x,A:x
"PAGGANE (GB)",2019,FILLY,"Faye Bramley",S:123,S:144,S:136,S:148,H:142,T:71
"PAINTED WOLF (IRE)",2018,GELDING,"Ben Case",H:103,H:103,H:0,H:x,H:x,H:x
"PAL JOEY (GB)",2022,GELDING,"Ben Haslam",T:56,T:36,A:65,A:72,A:65,A:68
"PALACE ARTOIS (GB)",2023,FILLY,"William Haggas",T:50,T:x,A:x,T:x,-,-
"PALACIO (FR)",2018,GELDING,"Sam Thomas",S:0,S:131,S:0,S:120,S:0,S:126
"PALADIN (IRE)",2021,GELDING,"Kevin & Lauren Frost",T:60,A:79,A:67,A:77,T:68,T:76
"PALAMON (IRE)",2020,GELDING,"Dan Skelton",S:121,S:107,S:121,S:86,S:104,S:100
"PALAWAN DU MAZET (FR)",2019,GELDING,"Alan Jones",S:85,S:82,S:61,S:85,H:68,H:78
"PALAZZO BLU (IRE)",2022,COLT,,A:85,A:93,T:74,T:90,T:64,A:x
"PALAZZO DUCALE (IRE)",2023,GELDING,"Tony Carroll",T:47,A:x,A:x,T:x,-,-
"PALIO DI SIENA (IRE)",2022,COLT,,T:x,T:x,A:63,T:x,T:x,T:x
"PALLADIUM (GER)",2021,GELDING,,T:0,T:110,T:94,T:113,T:106,H:x
"PALLAS LORD (IRE)",2018,GELDING,"Donald Whillans",T:53,T:60,A:58,A:38,A:60,A:43
"PALM BEACH (IRE)",2017,GELDING,"Victor Thompson",H:x,H:0,H:0,H:83,H:57,H:75
"PALMAR BAY (FR)",2021,GELDING,"Ralph Beckett",T:87,T:101,A:102,T:93,T:87,T:95
"PALMARIAN (GB)",2022,GELDING,"Ruth Carr",A:58,T:61,T:49,A:61,T:46,A:60
"PALMEIRA (GB)",2023,FILLY,"Eve Johnson Houghton",T:84,T:91,A:x,T:80,T:86,T:89
"PALS BATTALION (IRE)",2021,GELDING,"David O'Meara",A:83,T:79,T:70,T:69,T:82,T:87
"PAM'S SONNET (GB)",2023,FILLY,"Tim Vaughan",T:5,A:x,A:x,A:x,-,-
"PANAMA BLACK (IRE)",2022,GELDING,"Laura Mongan",T:49,A:69,A:70,A:76,A:64,A:74
"PANCAKE (GB)",2022,FILLY,,A:39,A:53,A:49,A:41,A:50,T:11
"PANDEMONIUM (IRE)",2023,GELDING,"Simon & Ed Crisford",T:17,T:36,T:x,T:x,-,-
"PANELLI (GB)",2022,GELDING,"Stuart Williams",A:72,A:71,A:71,A:65,A:69,A:x
"PANGBOURNE (GB)",2023,FILLY,"Roger Teal",T:57,A:46,A:57,A:57,A:x,A:x
"PANIC ATTACK (IRE)",2016,FILLY,"Dan Skelton",S:134,S:0,S:140,S:130,S:147,S:142
"PANTHERE NOIR (GB)",2023,GELDING,"Luke Dace",T:48,T:40,A:49,A:41,A:52,A:51
"PANTILE'S GIFT (GB)",2023,GELDING,"Harry Derham",T:57,A:70,A:64,T:x,T:x,A:x
"PAPA COCKTAIL (IRE)",2019,GELDING,"Michael Herrington",T:73,T:80,A:77,A:72,A:77,A:80
"PAPA DON'T PREACH (IRE)",2019,GELDING,"Kevin & Lauren Frost",T:36,T:56,A:52,A:48,A:59,A:57
"PAPA OSCAR (GB)",2022,GELDING,"Clare Hobson",H:x,H:x,H:x,A:35,A:40,T:x
"PAPABELLA (GB)",2020,FILLY,,T:49,T:43,T:49,T:64,T:65,A:45
"PAPER DOLL (IRE)",2020,FILLY,,T:69,T:76,T:74,A:68,T:70,T:65
"PAPER MILL (GB)",2016,GELDING,"Stuart Edmunds",S:0,S:113,S:111,H:107,H:94,H:x
"PAPPA LOUIS (GB)",2022,GELDING,"Mark Loughnane",T:71,T:71,T:71,T:55,T:65,T:75
"PAPPARICHE (GB)",2020,FILLY,"Christian Williams",H:x,H:x,H:x,-,-,-
"PAPS OF JURA (GB)",2021,GELDING,"Sam Thomas",T:26,T:42,A:0,A:40,A:19,A:35
"PARADIAS (GER)",2019,GELDING,"Alan King",T:107,T:107,A:105,A:103,A:102,A:100
"PARADISE PARK (IRE)",2018,FILLY,"Thomas Faulkner",H:77,H:52,H:x,H:x,H:x,N:x
"PARADISE WALK (IRE)",2023,FILLY,"Ralph Beckett",T:x,T:66,A:x,A:x,A:x,-
"PARAGON (IRE)",2022,GELDING,"Pam Sly",H:84,H:83,H:x,H:x,H:x,T:38
"PARAMARIBO (IRE)",2018,GELDING,"Victor Thompson",S:0,S:0,S:0,S:0,S:0,H:59
"PARANJAPE (GB)",2023,GELDING,"S. P. C. Woods",A:59,T:54,A:70,A:63,A:x,A:x
"PARCHMENT (FR)",2022,GELDING,"David Pipe",H:x,H:92,-,-,-,-
"PARIKARMA (IRE)",2017,FILLY,"Samuel Drinkwater",H:98,A:38,H:93,H:88,H:100,H:97
"PARIS BABE (FR)",2022,FILLY,"Archie Watson",T:67,T:89,A:84,-,-,-
"PARISENCORE (FR)",2016,GELDING,"Nicky Richards",S:110,S:125,S:113,S:117,S:111,S:129
"PARISH COUNCILLOR (IRE)",2020,GELDING,,A:65,A:60,T:55,T:57,A:54,A:57
"PARISH QUIZ (IRE)",2020,GELDING,"Rebecca Menzies",H:92,H:99,H:0,H:x,H:x,H:x
"PARISH RECORD (IRE)",2021,FILLY,"Donald Whillans",A:35,A:42,T:45,T:44,T:47,T:54
"PARISH STAR (IRE)",2020,FILLY,"Adam Nicol",H:83,H:80,H:57,H:80,H:77,S:65
"PARISIAC (IRE)",2019,GELDING,"Iain Jardine",T:60,T:76,T:76,T:74,T:71,T:71
"PARISIAN FASHION (IRE)",2019,FILLY,,H:102,H:0,H:74,H:103,H:105,H:x
"PARISIAN PHOENIX (IRE)",2022,FILLY,,A:36,T:30,T:55,A:54,T:x,A:x
"PARISIAN SCHOLAR (GB)",2023,GELDING,"Charlie Johnston",T:59,T:64,A:78,A:79,A:79,T:59
"PARK ANNONCIADE (FR)",2018,GELDING,"Sarah Humphrey",S:104,S:117,S:117,S:111,S:109,H:0
"PARK HIND (IRE)",2017,FILLY,"Victor Thompson",H:x,S:0,H:0,-,-,-
"PARK PRINCESS (IRE)",2020,FILLY,"Anthony Honeyball",H:x,H:x,H:x,H:x,H:x,H:x
"PARK RULES (IRE)",2019,FILLY,,S:0,S:44,-,-,-,-
"PARK STREET (GB)",2019,GELDING,,T:47,A:50,T:57,T:52,T:58,T:45
"PARK TALK (IRE)",2020,GELDING,"Harry Derham",S:103,H:100,H:x,H:x,H:x,-
"PARLANDO (GB)",2019,GELDING,"Ian Williams",T:75,T:61,T:87,A:82,A:90,A:89
"PARLIAMO (IRE)",2020,GELDING,,H:112,H:99,H:x,H:x,H:x,N:x
"PARODA DIVA (IRE)",2023,FILLY,"Patrick Neville",T:65,T:55,T:57,T:56,T:46,T:57
"PAROLE BOARD (GB)",2023,FILLY,"Pat Phelan",A:30,A:23,A:x,T:x,A:x,-
"PAROLE D'ORO (GB)",2022,GELDING,"Michael Bell",T:93,T:87,T:93,T:91,T:85,T:94
"PAROLE OFFICER (GB)",2023,GELDING,"Ewan Whillans",T:49,T:28,A:63,A:63,T:56,A:x
"PAROLED (GB)",2023,GELDING,,T:40,A:56,T:x,A:x,T:x,-
"PARTICIPLE (GB)",2022,FILLY,,A:x,A:x,T:x,T:x,T:x,T:x
"PARTISAN HERO (IRE)",2020,GELDING,"David Loughnane",T:96,T:90,T:91,T:87,T:87,T:84
"PARTY BEAR (IRE)",2022,FILLY,,A:0,A:67,A:73,A:19,A:73,A:70
"PARTY IN THE PARK (IRE)",2021,GELDING,"Ann Hamilton",H:89,H:92,H:x,H:x,H:x,N:x
"PARTY ISLAND (IRE)",2017,GELDING,"Denis Coakley",T:69,T:67,A:66,A:64,A:66,A:58
"PARTY VIBES (IRE)",2018,FILLY,,S:82,S:125,S:107,H:0,S:123,H:107
"PASO DOBLE (IRE)",2017,GELDING,"Paul Nicholls",H:110,H:114,H:87,H:122,H:120,H:122
"PASSAGE DU MAURE (FR)",2021,GELDING,"Nigel Hawke",H:x,H:x,H:x,N:x,-,-
"PASSCHENDAELE (GB)",2022,GELDING,,A:0,A:45,T:0,T:17,T:x,T:x
"PASSENGERONTHESHIP (IRE)",2019,GELDING,"Sam England",S:88,S:0,S:79,H:87,H:92,H:88
"PASSING DIAMOND (IRE)",2020,GELDING,"Ben Haslam",H:x,H:x,H:x,H:x,H:x,-
"PASSING KATE (GB)",2017,FILLY,,S:107,S:94,S:102,S:107,S:108,S:108
"PASSING PLEASURE (GB)",2020,GELDING,,H:120,S:119,S:110,H:109,H:100,H:x
"PASSING THOUGHT (GB)",2023,FILLY,"Ed Walker",T:85,T:71,T:x,T:x,T:x,-
"PASSION AND GLORY (IRE)",2016,GELDING,"Saeed bin Suroor",T:103,T:96,T:111,T:103,T:105,T:90
"PATAGONIA GIRL (GB)",2022,FILLY,"Hugo Palmer",T:72,T:84,T:80,T:71,T:72,T:78
"PATH OF STARS (FR)",2021,FILLY,"Seamus Mullins",H:78,H:58,H:70,H:61,H:69,H:0
"PATHEIN (IRE)",2023,COLT,"Ed Dunlop",T:103,T:102,T:103,T:x,-,-
"PATONTHEBACK (IRE)",2018,GELDING,"Gemma Tutty",T:34,T:56,A:53,A:46,A:61,T:64
"PATRICIA R (GB)",2022,FILLY,"Julie Camacho",T:64,T:x,T:x,T:x,-,-
"PATRICK'S WELLS (IRE)",2019,GELDING,"Joel Parkinson & Sue Smith",H:x,H:x,H:x,-,-,-
"PATRIOTIK (FR)",2019,GELDING,"Mrs C. Williams",H:0,H:107,H:105,H:91,H:93,H:99
"PATROL (IRE)",2022,GELDING,"Dylan Cunha",T:78,A:76,A:70,A:74,A:66,T:75
"PATS FANCY (IRE)",2015,GELDING,,S:0,S:0,S:78,S:117,S:0,S:108
"PAUL MARVEL (FR)",2017,GELDING,"J. J. O'Shea",H:0,H:117,H:120,H:116,H:0,-
"PAVE THE WAY (GB)",2022,FILLY,,A:25,A:0,A:33,A:49,A:0,A:22
"PAWS FOR THOUGHT (IRE)",2018,GELDING,"Donald McCain",T:51,T:66,T:55,T:79,T:73,T:63
"PAY ATTENTION (GB)",2022,GELDING,"Faye Bramley",T:60,T:32,A:50,T:46,T:54,T:22
"PAYFORANOTHER DAAY (GB)",2020,GELDING,"Simon Hodgson",T:38,T:8,A:34,T:47,T:41,T:32
"PAYMENT PLAN (GB)",2020,GELDING,"John Butler",A:21,A:21,T:48,A:54,A:48,A:54
"PEACE IN THE PARK (FR)",2020,GELDING,"D. J. Jeffreys",H:87,H:87,H:81,H:71,H:91,H:x
"PEACE MAN (GB)",2019,GELDING,,T:104,T:99,T:101,T:104,A:103,T:110
"PEACE MOTIVATOR (GB)",2020,GELDING,"Barry Murphy",H:47,H:x,H:x,H:x,H:x,N:x
"PEACE OF AMARON (GB)",2022,FILLY,"Debra Hamer",H:x,H:x,H:x,-,-,-
"PEACEINTHEVALLEY (FR)",2019,GELDING,"Fred Timmis",H:97,-,-,-,-,-
"PEACENIK (IRE)",2019,GELDING,"Katy Price",H:139,H:138,H:129,H:128,H:110,H:124
"PEACHES AND CREAM (IRE)",2015,GELDING,"Miss Laura Richardson",H:118,S:103,S:111,S:127,S:122,S:130
"PEAK TO PEAK (IRE)",2012,GELDING,,H:0,H:123,H:101,H:0,H:129,H:x
"PEAKY BLINDER (GER)",2022,GELDING,"Andrew Balding",T:33,A:89,T:84,A:67,A:x,A:x
"PEAKY BOY (IRE)",2018,GELDING,"Jonjo & A.J. O'Neill",S:129,S:124,S:125,S:0,S:69,S:140
"PEARL DUBAI (GB)",2022,FILLY,,A:46,T:x,T:x,A:x,-,-
"PEARL EYE (GB)",2020,GELDING,"Jim Goldie",T:70,T:73,T:56,T:58,T:74,T:61
"PEARL FORTUNE (IRE)",2023,FILLY,"K. R. Burke",T:83,T:87,T:x,T:x,-,-
"PEARL ISLAND (GB)",2019,GELDING,"Belinda Clarke",S:0,S:0,S:83,S:84,S:95,S:0
"PEARL OF WINDSOR (GB)",2022,FILLY,,A:87,T:86,T:86,T:64,T:91,T:66
"PEARL RIVER (GB)",2023,COLT,"Richard Hannon",T:88,T:81,T:80,T:82,T:x,T:x
"PEARL SMOKE (GB)",2021,FILLY,,H:51,H:0,H:0,H:x,H:x,H:x
"PEARL'S EDGE (GB)",2020,FILLY,"Christopher Mason",A:38,A:x,T:60,T:8,T:x,T:x
"PEARLA (IRE)",2022,FILLY,,A:x,T:x,T:x,-,-,-
"PEARLY SQUIRREL (IRE)",2022,FILLY,"David Loughnane",T:63,T:44,A:62,A:63,A:63,A:54
"PEBBLE DASH (IRE)",2022,GELDING,"Gary Harrison",T:37,A:23,A:47,A:49,A:44,A:43
"PECKFORTON HILLS (IRE)",2020,GELDING,"Oliver Greenall & Josh Guerriero",S:91,H:90,H:84,H:89,H:x,H:x
"PEEL PARK (IRE)",2023,GELDING,"Roger Varian",T:62,T:75,T:77,T:63,T:x,T:x
"PEGGY BOO (GB)",2023,FILLY,"Tony Coyle & Kaine Wood",T:0,T:35,A:17,T:x,A:x,T:x
"PEKING OPERA (IRE)",2020,GELDING,"Gary & Josh Moore",T:59,T:60,H:94,A:71,H:0,H:73
"PELLITORY (GB)",2022,GELDING,"David O'Meara",T:82,T:82,T:99,T:96,T:98,T:91
"PENDELLA (IRE)",2023,FILLY,"K. R. Burke",T:79,T:74,A:77,A:x,A:x,A:x
"PENDING APPEAL (GB)",2020,FILLY,,A:31,A:44,T:45,T:45,T:37,A:38
"PENDRAGON (IRE)",2022,GELDING,"Sir Mark Prescott Bt",T:109,T:97,T:94,T:87,T:84,A:x
"PENELOPE VALENTINE (GB)",2022,FILLY,"James Owen",A:65,A:71,A:75,A:68,A:59,A:69
"PENELOPE'S SISTER (IRE)",2020,FILLY,"Jim Goldie",T:51,T:48,T:59,T:68,T:61,T:57
"PENFOLDS GRANGE (GB)",2022,GELDING,"Mark Pattinson",A:68,A:63,A:69,A:69,A:66,A:67
"PENHALLAM (IRE)",2023,GELDING,,T:67,T:72,T:62,T:79,T:72,T:x
"PENN AVENUE (GB)",2022,FILLY,"David Pipe",H:90,H:x,H:87,H:97,H:x,H:98
"PENNINE WAY (GB)",2023,FILLY,"Jack Channon",T:x,A:x,A:x,-,-,-
"PENNY GHENT (GB)",2020,FILLY,"Simon Whitaker",T:60,T:57,T:55,T:25,T:27,A:34
"PENNY MOUNTAIN (IRE)",2021,FILLY,"Gary Rutherford",T:48,A:54,A:56,A:56,A:44,A:50
"PENNY TIME (IRE)",2023,COLT,"Hugo Palmer",A:x,A:x,A:x,-,-,-
"PENNY'S SPIRIT (IRE)",2021,FILLY,"Harriet Dickin",T:10,A:55,A:x,A:x,A:x,-
"PENSION POT (GB)",2022,GELDING,"David & Nicola Barron",T:61,T:68,A:x,T:x,T:x,-
"PENTONVILLE (GB)",2023,GELDING,"George Boughey",T:67,T:x,A:x,T:x,-,-
"PENZANCE (GB)",2020,GELDING,,A:82,A:77,A:73,A:85,H:x,T:86
"PEP TALKING (GB)",2018,GELDING,"Billy Aprahamian",S:114,S:114,S:108,S:0,S:107,S:98
"PEPE LE MOKO (FR)",2018,GELDING,"Mrs Jane Williams",S:0,S:103,S:112,S:100,S:0,S:105
"PEPITE DE SAPHIR (GB)",2020,FILLY,"Rebecca Menzies",H:0,H:x,H:x,H:x,N:x,-
"PEPPER FIZZ (GB)",2023,FILLY,"Georgina Nicholls",T:0,T:54,A:51,T:53,T:x,T:x
"PER CONTRA (IRE)",2021,GELDING,"Tim Easterby",T:84,T:76,T:83,T:77,T:69,A:88
"PERCIVAL (FR)",2022,COLT,"Dylan Cunha",-,-,-,-,-,-
"PERCY JONES (GB)",2019,GELDING,"Mark Loughnane",T:48,A:70,A:74,T:76,A:69,A:77
"PERCY SHELLEY (GB)",2019,GELDING,"James Owen",H:122,T:84,H:121,H:x,H:x,H:x
"PERCY WILLIS (GB)",2018,GELDING,,A:57,A:62,A:62,A:62,A:42,A:64
"PERCY'S DAYDREAM (GB)",2022,FILLY,"David O'Meara",T:64,T:78,T:49,T:74,T:74,T:70
"PERCY'S LAD (GB)",2018,GELDING,"Daniel & Claire Kubler",T:65,T:78,T:74,T:98,T:83,T:86
"PERCY'S STAR (GB)",2023,GELDING,"Chris Dwyer",T:x,T:x,T:x,-,-,-
"PERDY IN PARIS (GB)",2023,FILLY,"George Baker",A:x,A:x,A:x,-,-,-
"PEREGRINE FALCON (IRE)",2022,FILLY,"Patrick Morris",A:45,A:x,A:x,A:59,A:65,A:x
"PERFECT ARCH (IRE)",2017,GELDING,"Simon West",H:0,H:54,H:0,H:65,A:31,H:70
"PERFECT LIFE (IRE)",2022,COLT,"Owen Burrows",A:81,T:68,A:x,A:x,A:x,-
"PERFECT LOCATION (GB)",2023,FILLY,"Tom Ward",A:61,A:69,A:64,T:70,T:59,A:x
"PERFECT NELSON (IRE)",2019,GELDING,,H:69,H:73,H:91,H:x,H:x,H:x
"PERFECT PANDA (GB)",2023,FILLY,,A:45,T:15,A:x,M:x,A:x,-
"PERFECT PAROLE (GB)",2022,FILLY,,A:27,T:24,T:18,T:44,T:45,T:39
"PERFECT PART (IRE)",2022,FILLY,"Brian Ellison",T:85,T:82,T:85,T:36,T:87,T:73
"PERFECT POLI (GB)",2018,FILLY,,H:38,H:29,H:72,H:x,H:x,H:x
"PERFECT PRICE (IRE)",2023,FILLY,,A:0,A:45,A:54,T:x,T:x,T:x
"PERFECT RULER (GB)",2023,FILLY,"William Haggas",T:56,T:x,T:x,T:x,-,-
"PERFECT SCOUNDREL (GB)",2022,GELDING,"Amanda Perrett",T:62,A:65,T:68,T:x,T:x,T:x
"PERFECTOT (FR)",2021,FILLY,,H:0,H:x,H:x,H:x,N:x,N:x
"PERFIDIA (IRE)",2022,GELDING,"Tim Easterby",T:56,T:58,T:56,T:56,T:44,T:37
"PERGAMON (FR)",2021,GELDING,"Jennie Candlish",H:113,H:109,H:87,H:93,T:69,T:73
"PERGOLA (IRE)",2022,FILLY,,A:68,T:68,T:69,T:61,T:69,A:x
"PERINEIGHS (IRE)",2023,FILLY,"Seb Spencer",T:67,A:x,T:x,T:x,T:x,-
"PEROLA (FR)",2023,GELDING,"Richard Hughes",A:x,A:x,T:x,A:x,-,-
"PERSEUS WAY (IRE)",2019,GELDING,"Tristan Davidson",H:112,H:105,T:58,T:62,T:64,T:62
"PERSHALLA (GB)",2022,FILLY,"Amanda Perrett",T:60,T:65,A:65,A:40,A:60,A:x
"PERSIAN SPIRIT (IRE)",2022,FILLY,"Edward Bethell",A:69,A:66,T:80,A:82,T:71,T:x
"PERSICA (IRE)",2021,GELDING,"Richard Hannon",T:103,T:98,T:114,T:91,T:114,A:104
"PERSONAL AMBITION (IRE)",2019,GELDING,"Ben Pauling",S:0,S:0,S:138,S:116,H:0,H:129
"PERSONAL BEST (GB)",2022,FILLY,"Jonathan Portman",T:73,T:79,T:79,T:77,T:73,T:78
"PERSONAL PRIDE (GB)",2023,GELDING,"David Simcock",T:25,A:34,A:x,A:x,A:x,-
"PERSUASION (IRE)",2017,GELDING,"David & Nicola Barron",T:72,T:86,T:80,A:76,T:69,T:85
"PERTEMPS (IRE)",2020,GELDING,"Olly Murphy",H:x,H:x,H:x,H:x,N:x,N:x
"PESCATORIUS (IRE)",2019,GELDING,"Rob Summers",S:75,S:78,S:85,S:68,S:96,S:88
"PESSOA (GB)",2019,GELDING,"Adrian Wintle",A:48,T:47,A:57,A:59,A:58,A:53
"PETER PIPER (GB)",2021,GELDING,,A:8,A:42,T:33,A:45,A:47,A:16
"PETER THE WOLF (GB)",2022,GELDING,"Warren Greatrex",A:66,T:56,T:x,A:70,T:x,T:76
"PETER'S LAST DEAL (FR)",2021,GELDING,"Tom Symonds",H:x,H:x,H:x,N:x,N:x,-
"PETERSBURG (GB)",2022,GELDING,,A:15,A:x,-,-,-,-
"PETES DIAMOND (GB)",2023,GELDING,"Joey Ramsden",T:0,T:41,T:26,A:36,A:44,A:36
"PETIT TONNERRE (FR)",2018,GELDING,,S:115,S:59,S:91,S:86,S:116,S:0
"PETRA CELERA (IRE)",2021,FILLY,,A:13,A:65,A:0,A:57,T:32,T:59
"PETRA GREY (GB)",2021,FILLY,,A:37,A:41,A:23,A:43,A:43,A:32
"PETTY CASH (IRE)",2017,GELDING,"Henry Daly",S:0,S:107,S:96,S:111,S:110,S:104
"PHAEDRA (GB)",2022,FILLY,"Joey Ramsden",A:61,A:64,A:56,A:64,A:34,A:55
"PHANTOM FLIGHT (GB)",2019,GELDING,"George Scott",T:96,T:110,T:107,T:105,T:101,T:110
"PHANTOM GETAWAY (IRE)",2017,GELDING,,S:97,S:0,S:104,S:0,S:79,S:109
"PHANTOM GOLD (IRE)",2018,GELDING,"Jennie Candlish",H:x,H:x,H:x,N:x,-,-
"PHANTOM SHADOW (FR)",2023,GELDING,"Harry Charlton",T:55,T:59,T:47,A:x,A:x,T:x
"PHANTOM WATCH (IRE)",2023,GELDING,"Hugo Palmer",A:57,A:70,A:69,A:67,A:66,T:x
"PHANTOMOFTHEPOINTS (IRE)",2018,GELDING,,H:0,H:85,H:135,H:121,S:0,H:131
"PHIL THE THRILL (FR)",2016,GELDING,"Sarah Hollinshead",T:5,S:0,S:0,S:0,-,-
"PHILANTHROPIST (GB)",2022,GELDING,"James Fanshawe",T:83,T:85,A:80,A:79,A:83,A:84
"PHINEAS BUNCE (IRE)",2021,GELDING,"Dan Skelton",H:74,H:91,H:x,H:x,H:x,N:x
"PHOENIX BEACH (IRE)",2019,GELDING,"Scott Dixon",T:45,A:41,A:45,A:57,A:33,A:54
"PHOENIX MOON (IRE)",2021,FILLY,"Denis Coakley",T:61,T:64,T:57,A:64,A:55,A:61
"PHOENIX OF DREAMS (IRE)",2021,GELDING,"John & Sean Quinn",A:65,A:56,A:64,A:67,A:64,A:62
"PHOENIX RISEN (GB)",2017,GELDING,"Jeremy Scott",H:84,H:98,H:106,H:103,H:101,H:90
"PHONE TAG (GB)",2021,GELDING,"Kevin & Lauren Frost",T:33,A:76,T:75,T:48,T:45,T:71
"PHOTON (IRE)",2020,GELDING,"Roger Teal",A:58,A:41,A:54,A:62,A:60,T:19
"PHOTOSYNTHESIS (IRE)",2021,GELDING,"Peter Chapple-Hyam",T:84,T:78,A:76,T:86,T:69,T:76
"PHRYGIA (GB)",2022,FILLY,,A:77,A:73,T:70,T:59,A:73,A:68
"PHYLLIS BURTON (GB)",2022,FILLY,,A:37,A:48,A:36,A:x,T:x,A:x
"PHYSIQUE (IRE)",2020,GELDING,"Micky Fenton",T:77,T:68,T:61,T:66,T:63,T:71
"PIAFF BUBBLES (IRE)",2016,GELDING,,H:0,H:93,H:0,H:102,H:101,H:101
"PIANOFORTE (GB)",2021,GELDING,,T:53,A:59,A:63,A:58,A:64,A:70
"PIC D'ORHY (FR)",2015,GELDING,"Dan Skelton",S:134,S:162,S:134,S:160,S:0,S:162
"PIC ROC (IRE)",2018,GELDING,"Ben Pauling",S:128,S:140,S:116,S:132,S:135,S:0
"PICARO (GB)",2023,GELDING,"James Owen",T:x,A:x,T:x,-,-,-
"PICKERING CASTLE (GB)",2022,GELDING,"David Simcock",A:41,A:54,A:48,A:49,A:67,T:x
"PICKERSGILL (IRE)",2022,FILLY,"Iain Jardine",A:68,A:63,A:47,A:63,-,-
"PICTURE PALACE (IRE)",2023,GELDING,"Simon & Ed Crisford",T:68,T:x,A:x,A:x,-,-
"PIDDIE'S PEARL (GB)",2022,FILLY,"Kevin & Lauren Frost",T:22,A:29,A:42,A:x,A:x,A:x
"PIECEDERESISTANCE (IRE)",2018,GELDING,"Martin Keighley",T:52,T:61,H:0,H:67,T:49,H:93
"PIERIAN (GB)",2023,FILLY,"William Haggas",T:x,T:x,T:x,-,-,-
"PIERROT JAGUEN (FR)",2019,GELDING,,S:0,S:83,S:120,S:0,H:x,H:x
"PIETRO (IRE)",2022,GELDING,"James Fanshawe",T:81,A:84,T:82,T:78,T:80,T:76
"PIGEON FORGE (IRE)",2021,FILLY,"Emma Lavelle",H:x,H:x,H:x,N:x,-,-
"PIGEON HOUSE (IRE)",2020,GELDING,"Charles & Adam Pogson",S:0,A:49,H:x,H:120,T:47,T:65
"PIKE ROAD (GB)",2019,GELDING,"Martin Keighley",H:99,H:101,H:110,H:114,H:115,S:0
"PILGRIM (GB)",2021,GELDING,"David & Nicola Barron",T:93,T:92,T:95,A:73,A:79,T:89
"PILGRIM'S PROGRESS (GB)",2023,FILLY,"Richard Hannon",A:x,T:x,A:x,-,-,-
"PILSDON PEN (GB)",2017,GELDING,"Jeremy Scott",S:98,S:112,S:87,S:0,S:97,S:113
"PILU (IRE)",2023,GELDING,"Roger Teal",T:88,T:84,T:83,T:x,T:x,-
"PIMENTEL (GB)",2023,FILLY,"Marcus Tregoning",A:53,T:58,T:57,A:43,T:x,T:x
"PIMMSOCLOCK (FR)",2021,GELDING,,H:x,-,-,-,-,-
"PINA SONATA (GB)",2022,FILLY,"James Fanshawe",A:103,T:91,T:x,A:x,T:x,-
"PINATUBO'S LEGACY (GB)",2022,COLT,"T. J. Kent",A:x,A:x,-,-,-,-
"PINEAPPLE ISLAND (IRE)",2019,FILLY,"Seb Spencer",A:43,A:67,A:72,A:69,-,-
"PINHOLE (GB)",2022,COLT,,T:90,T:103,T:106,T:100,T:98,A:x
"PINJARRA (IRE)",2021,GELDING,"John & Sean Quinn",A:36,T:0,A:50,A:60,A:52,A:57
"PINK 'N PURPLE (IRE)",2022,GELDING,"Seamus Mullins",H:76,H:69,H:x,H:x,H:x,N:x
"PINK AZALEA (IRE)",2022,FILLY,"John & Sean Quinn",T:47,T:0,T:28,T:45,T:76,T:72
"PINK DIAMOND GIRL (GB)",2023,FILLY,"Keiran Burke",T:10,A:34,A:46,A:x,A:x,A:x
"PINK EYED PEDRO (GB)",2011,GELDING,"David Brace",H:0,H:0,H:116,H:95,S:116,H:102
"PINK LILY (GB)",2020,FILLY,,T:72,T:73,T:87,T:63,T:72,T:67
"PINK PETUNIA (GB)",2022,FILLY,,A:0,T:25,T:0,A:37,A:59,A:x
"PINK SOCKS (IRE)",2019,FILLY,"Stephanie Cassidy",A:38,A:33,A:51,A:46,A:53,A:28
"PINK WALLS (GB)",2020,FILLY,"Michael Mullineaux",H:x,H:x,H:x,A:38,A:10,A:30
"PINOT ROUGE (IRE)",2018,FILLY,"Susan Corbett",H:70,H:118,S:0,H:89,H:0,S:0
"PINPOINT (GB)",2021,GELDING,"Suzzanne France",A:42,A:44,A:27,T:28,T:35,T:44
"PINTS IN PEACE (IRE)",2023,GELDING,"Ivan Furtado",T:58,A:78,A:71,A:69,A:x,A:73
"PIONEER PETE (GB)",2020,GELDING,"Jonjo & A.J. O'Neill",H:x,H:x,H:x,H:x,H:x,N:x
"PIPAS LESCRIBAA (FR)",2019,FILLY,"Harriet Dickin",H:84,H:97,H:88,H:x,-,-
"PIPER PARK (IRE)",2019,FILLY,"Tom Lacey",S:107,S:128,H:x,N:x,-,-
"PIPERS CROSS (IRE)",2017,FILLY,,H:85,H:100,H:100,H:97,H:102,H:103
"PIPERSTOWN (IRE)",2021,GELDING,"Kevin & Lauren Frost",T:49,A:55,A:54,A:43,A:49,A:53
"PIPING ROCK (IRE)",2021,GELDING,"Emma Lavelle",H:x,H:x,H:x,H:x,H:x,-
"PIPKIN (GB)",2022,FILLY,,A:0,T:0,T:37,T:0,T:31,A:x
"PIPPIN'S LEGEND (GB)",2022,GELDING,,H:x,H:x,H:x,N:x,-,-
"PIQUE' (GB)",2021,FILLY,,A:86,T:85,A:75,T:82,T:82,T:75
"PIRANHA RAMA (GB)",2022,FILLY,,A:40,T:39,T:44,T:54,T:51,T:61
"PISANELLO (IRE)",2017,GELDING,"David O'Meara",T:54,T:54,T:53,T:53,A:52,T:62
"PISCEAN STAR (GB)",2023,GELDING,"Ed Dunlop",A:x,T:58,A:x,-,-,-
"PISMO BEACH (IRE)",2020,FILLY,"Stuart Edmunds",H:114,H:0,H:x,H:114,H:75,H:x
"PISTRUCCI (IRE)",2022,GELDING,,A:0,H:0,H:39,T:45,T:36,T:52
"PIT BOSS (GB)",2022,GELDING,"Liam Bailey",A:59,A:61,A:58,A:58,A:58,A:58
"PITNEY (IRE)",2021,GELDING,"Michael Attwater",T:53,T:56,A:60,A:57,A:60,A:60
"PITWOOD ROAD (GB)",2018,FILLY,"Nicky Richards",H:114,H:110,H:114,H:112,S:0,S:0
"PIVOTAL DAYS (GB)",2022,GELDING,"Syd Hosie",H:x,H:x,H:x,A:53,T:62,T:45
"PIVOTAL TERMS (GB)",2023,FILLY,"Iain Jardine",T:51,T:57,A:58,A:35,A:40,A:53
"PIXIE DIVA (GB)",2022,FILLY,"George Scott",T:77,T:73,T:77,A:78,A:68,T:73
"PLAGE DE HAVRE (GB)",2021,GELDING,"Andrew Balding",T:102,A:88,T:103,T:92,A:0,A:92
"PLAID (GB)",2023,FILLY,"James Fanshawe",T:89,A:75,A:x,T:x,-,-
"PLAINS DRIFTER (IRE)",2020,GELDING,"Fergal O'Brien",H:x,H:x,H:x,H:x,N:x,N:x
"PLAN C (IRE)",2023,COLT,"Alan King",T:73,T:x,A:x,T:x,-,-
"PLAN OF ATTACK (IRE)",2013,GELDING,,S:0,S:0,H:123,S:0,S:129,S:138
"PLANET SEEKER (GB)",2023,FILLY,"Ralph Beckett",T:87,T:x,-,-,-,-
"PLANNED PARADISE (IRE)",2016,GELDING,"Christian Williams",S:97,S:0,S:115,S:107,S:95,S:95
"PLANTADREAM (GB)",2015,GELDING,"Karen Jewell",A:79,A:72,A:77,A:85,T:76,T:69
"PLANTAROMA (FR)",2020,FILLY,"Francesca Poste",H:99,S:99,S:99,H:98,H:104,H:104
"PLANTERS PUNCH (GB)",2022,GELDING,"Nicky Henderson",H:x,H:x,H:x,-,-,-
"PLASTERED (IRE)",2023,GELDING,,T:60,T:x,T:x,A:x,-,-
"PLATENIUM (FR)",2019,GELDING,,H:0,H:51,H:46,S:0,H:85,S:76
"PLATIN MOON (FR)",2021,GELDING,"N. W. Alexander",H:0,H:104,H:101,H:103,H:86,H:95
"PLATINUM BABE (GB)",2022,FILLY,,A:42,A:33,A:31,T:20,T:39,T:x
"PLATINUM PRINCE (GB)",2017,GELDING,"Gary & Josh Moore",T:50,T:60,T:69,T:69,T:59,T:68
"PLATOON (IRE)",2021,GELDING,,A:58,T:52,T:56,T:43,A:99,-
"PLAY BY THE RULES (IRE)",2019,GELDING,"Adam Nicol",S:77,S:0,S:65,S:77,S:71,S:80
"PLAY ME (GB)",2022,GELDING,"Jim Boyle",T:51,A:62,T:63,T:58,T:62,T:52
"PLAY ON COURT (IRE)",2021,GELDING,"Harriet Dickin",H:74,H:x,H:x,H:x,N:x,N:x
"PLAY PRETEND (IRE)",2021,GELDING,"Dave Roberts",H:75,H:87,H:102,H:102,H:99,H:101
"PLAYFUL FOX (FR)",2022,GELDING,"Dan Skelton",H:90,H:99,H:97,H:40,H:x,H:x
"PLEASANT MAN (GB)",2018,GELDING,"Joey Ramsden",A:65,T:30,T:65,A:52,A:69,A:69
"PLEASINGTON (IRE)",2018,GELDING,"Olly Murphy",S:130,S:0,S:0,S:127,S:121,S:129
"PLEASURE GARDEN (USA)",2017,GELDING,"Karen Jewell",S:59,S:49,S:44,S:0,S:63,S:70
"PLUTARCH (IRE)",2022,GELDING,,A:42,T:x,A:x,A:x,-,-
"POATAN (IRE)",2023,GELDING,"George Scott",T:97,T:x,T:x,T:x,-,-
"POCKLEY (GB)",2018,GELDING,"Linda Perratt",A:57,A:51,A:51,A:60,T:28,T:33
"POCKLINGTON (GB)",2021,COLT,"Geoff Oldroyd",T:89,A:84,A:101,A:98,A:96,T:96
"POET (GB)",2019,GELDING,"Scott Dixon",A:6,A:31,A:26,A:17,A:13,A:30
"POET LAUREATE (FR)",2020,GELDING,"Chris Gordon",H:104,H:0,H:105,H:121,H:108,H:x
"POET MASTER (IRE)",2020,GELDING,"K. R. Burke",T:101,T:101,T:110,T:105,T:98,T:108
"POET'S DAWN (GB)",2015,GELDING,"Tim Easterby",T:62,T:65,T:51,T:60,T:57,T:56
"POET'S MUSE (IRE)",2021,FILLY,"Ian Chanin",H:58,H:87,H:x,H:x,H:x,-
"POET'S REFLECTION (IRE)",2015,FILLY,"Linda Blackford",S:35,H:10,H:48,H:32,H:0,H:0
"POETIC FORCE (IRE)",2014,GELDING,"Tony Carroll",A:58,A:55,A:65,A:63,A:56,A:55
"POETIC GRACE (IRE)",2023,FILLY,"Conrad Allen",T:38,A:43,T:44,A:x,A:x,T:38
"POETIC JACK (GB)",2020,GELDING,"Robert Cowell",T:29,A:29,A:41,A:43,A:38,A:48
"POETRY MAN (IRE)",2018,GELDING,"George Bewley",H:91,H:94,S:0,S:0,S:0,H:93
"POETRY OF TIME (GB)",2023,GELDING,"William Haggas",T:x,A:x,T:x,T:x,T:x,-
"POINT LYNAS (IRE)",2019,GELDING,"Edward Bethell",T:108,T:102,T:112,T:88,T:112,T:87
"POINT OF CONTACT (IRE)",2022,GELDING,"Andrew Balding",T:84,T:79,T:87,T:85,T:85,T:x
"POKE THE BEAR (IRE)",2022,GELDING,"Hayley Burton",T:46,A:40,A:49,A:54,A:62,A:48
"POKER (IRE)",2023,COLT,"K. R. Burke",T:x,T:x,T:x,-,-,-
"POL ROGER (IRE)",2020,GELDING,"Michael Dods",T:63,A:52,T:43,T:15,T:67,T:77
"POLAR REBEL (IRE)",2022,FILLY,,A:22,A:43,A:53,M:48,T:53,A:47
"POLE STAR (GB)",2022,GELDING,"Charlie Johnston",T:89,T:86,T:80,T:88,T:89,T:90
"POLEMON (GB)",2019,GELDING,"Tim Vaughan",H:x,T:56,T:60,T:53,T:63,A:53
"POLICE ACADEMY (IRE)",2017,FILLY,"Kelly Morgan",H:96,H:78,S:0,S:95,S:106,H:90
"POLITACUS (IRE)",2018,FILLY,"Fergal O'Brien",H:104,S:97,S:101,S:110,S:72,S:0
"POLITELY (GB)",2023,FILLY,"Martyn Meade",T:79,A:85,A:x,M:x,T:x,-
"POLITICAL POWER (IRE)",2022,GELDING,,A:72,A:68,A:73,T:44,T:72,T:69
"POLKA (GB)",2022,FILLY,"Julie Camacho",A:x,A:x,A:x,-,-,-
"POLKA BLUE (IRE)",2023,FILLY,"Charles Hills",T:75,A:x,A:69,T:x,A:x,A:x
"POLKAFACE (IRE)",2020,FILLY,"Ben Case",H:52,H:x,H:x,H:x,N:x,N:x
"POLLING DAY (IRE)",2018,GELDING,"Bernard Llewellyn",A:68,A:53,T:74,H:93,T:0,T:77
"POLLYANNA'S DREAM (GB)",2020,FILLY,"Neil Mulholland",H:x,H:x,N:x,N:x,N:x,-
"POLYGRAM (GB)",2022,FILLY,"Tristan Davidson",T:68,T:69,T:66,T:70,T:61,T:73
"POMERIGGIO (IRE)",2021,FILLY,"Nikki Evans",A:8,A:3,H:44,T:46,H:x,H:x
"POMME POMME (IRE)",2022,FILLY,"Jack Channon",T:29,T:80,T:68,T:78,T:80,T:74
"PONCHO (FR)",2018,GELDING,"Gary & Josh Moore",H:105,A:63,H:110,T:71,T:59,A:69
"PONY SOPRANO (IRE)",2019,GELDING,"Dan Skelton",S:123,S:124,S:116,S:116,S:109,S:126
"POOLEY'S PROMISE (IRE)",2019,FILLY,,H:0,H:0,H:69,H:48,H:51,H:82
"POOROLDMACKLEY (IRE)",2019,GELDING,"Mrs C. Williams",H:74,H:0,H:0,S:73,H:89,H:79
"POP DANCER (IRE)",2017,GELDING,"Tony Carroll",T:43,T:38,T:65,T:64,T:61,T:60
"POP FAVORITE (GB)",2018,GELDING,"Scott Dixon",A:25,A:21,A:40,A:38,A:39,A:40
"POP STAR (IRE)",2020,GELDING,"Iain Jardine",T:69,T:44,T:46,T:50,A:54,A:66
"POP THE QUESTION (GB)",2018,FILLY,"Michael & David Easterby",T:x,T:x,A:x,H:62,H:51,H:60
"POP'S FOLLY (IRE)",2020,GELDING,"Georgina Nicholls",H:0,H:87,H:x,H:x,H:x,N:x
"POPA RICH (IRE)",2021,GELDING,"Jessica Bedi",H:0,H:73,H:74,H:79,H:77,H:79
"POPEYE DOYLE (FR)",2022,GELDING,"Jessica Bedi",T:0,A:48,A:70,A:70,A:70,A:64
"POPMASTER (IRE)",2018,GELDING,"Ed Walker",T:84,A:93,A:99,A:98,A:97,A:97
"POPOVA (IRE)",2017,FILLY,"Mike Hawker",S:108,S:86,H:128,-,-,-
"POPPA POUTINE (IRE)",2016,GELDING,"Miss A. Willmott",H:105,S:0,S:0,S:105,S:118,S:105
"POPPEYE (GB)",2022,GELDING,"Grant Tuer",T:x,T:x,A:x,-,-,-
"POPTY PING (GB)",2023,FILLY,"David O'Meara",A:62,T:55,A:62,A:54,A:56,A:53
"POPULAR DREAM (GB)",2020,GELDING,"Derek Shaw",A:31,A:44,A:59,A:41,A:58,A:62
"POPULUS (IRE)",2023,FILLY,,T:36,A:36,A:x,A:x,A:x,-
"PORFIN (IRE)",2018,GELDING,"Phil McEntee",A:46,A:49,A:37,A:52,A:42,A:51
"PORRIDGE (IRE)",2020,FILLY,"Tracey Leeson",H:41,H:74,H:x,H:x,H:x,H:0
"PORT DARWIN (IRE)",2023,GELDING,"Charlie Johnston",T:35,A:60,T:44,A:59,A:56,A:65
"PORT ERIN (IRE)",2020,GELDING,"Tony Carroll",T:55,A:60,T:51,T:77,T:69,T:69
"PORT GEORGE (GB)",2022,GELDING,"Oliver Greenall & Josh Guerriero",A:49,T:x,T:x,T:x,-,-
"PORT HEDLAND (GB)",2021,GELDING,"Tony Carroll",T:37,T:28,A:34,A:42,A:38,A:43
"PORT LOUIS (IRE)",2021,GELDING,"Bernard Llewellyn",A:22,A:26,A:37,T:66,A:26,A:48
"PORT NOIR (GB)",2017,FILLY,"Robert Stephens",T:37,A:49,A:52,A:56,T:50,A:53
"PORT OF ENTRY (IRE)",2020,GELDING,"Robert Bevis",A:35,A:59,-,-,-,-
"PORT OF LONDON (IRE)",2022,GELDING,"John & Thady Gosden",A:88,A:71,A:x,A:x,T:x,-
"PORT OR STARBOARD (IRE)",2017,GELDING,"Bernard Llewellyn",S:82,H:74,H:77,H:58,H:70,T:30
"PORT ROAD (USA)",2021,GELDING,"Simon Dow",A:67,A:79,A:71,A:78,A:61,A:70
"PORT STATION (IRE)",2020,GELDING,"James Owen",H:x,H:x,H:x,H:x,N:x,N:x
"PORTACLOY (IRE)",2023,FILLY,"Daniel & Claire Kubler",A:42,A:55,A:29,A:x,T:x,T:x
"PORTCAMMON (IRE)",2019,GELDING,"Neil Mulholland",H:0,H:75,H:0,H:80,H:84,H:89
"PORTCULLIS (GB)",2023,COLT,"John & Thady Gosden",T:x,T:x,-,-,-,-
"PORTER IN THE PARK (IRE)",2017,FILLY,"Emma Lavelle",H:106,H:106,H:118,H:118,H:120,H:112
"PORTER'S SONG (GB)",2022,GELDING,"Liam Bailey",T:55,A:x,A:x,-,-,-
"PORTH EILIAN (GB)",2023,FILLY,"Edward Bethell",T:75,T:x,A:x,T:x,-,-
"PORTMAN BLUE (GB)",2022,GELDING,"Joseph Parr",A:64,A:x,A:x,A:x,A:x,-
"PORTORO (GB)",2020,GELDING,"Martin Dunne",A:57,A:59,A:59,A:58,A:60,A:55
"PORTSOKEN (GB)",2022,FILLY,,A:15,A:66,T:x,T:x,A:x,A:x
"POSEIDON'S WARRIOR (IRE)",2023,COLT,"Charlie Appleby",T:80,T:108,T:x,T:x,-,-
"POSH MAISIE (IRE)",2021,FILLY,"Colin Teague",T:37,T:24,T:39,A:37,A:38,A:40
"POSITIVE THOUGHTS (IRE)",2023,FILLY,"John & Sean Quinn",T:53,A:x,T:x,A:x,T:x,-
"POSITIVIA (GB)",2020,FILLY,,T:39,T:26,T:21,A:x,T:x,A:x
"POSSIBLE (FR)",2022,FILLY,"Harry Derham",T:45,-,-,-,-,-
"POST RIDER (GB)",2021,FILLY,"Oliver Cole",T:59,A:78,A:60,T:77,T:61,T:71
"POSTMODERN (IRE)",2023,GELDING,"Hamad Al Jehani",T:88,T:x,-,-,-,-
"POSTPONED LEGACY (GB)",2021,GELDING,"Martin Keighley",H:87,H:97,H:90,H:94,H:78,H:56
"POTOMAC RIVER (GB)",2022,GELDING,"T. J. Kent",T:39,A:x,T:x,T:x,-,-
"POTTERS CHARM (IRE)",2019,GELDING,"Nigel & Willy Twiston-Davies",H:146,H:146,H:153,H:147,H:148,H:0
"POTTERS MARMITE (GB)",2020,FILLY,,A:36,A:57,A:56,T:47,T:x,T:x
"POTTERS PARTY (IRE)",2017,GELDING,"Kelly Morgan",H:94,H:113,H:0,-,-,-
"POTTERS PRINCE (GB)",2022,GELDING,,T:54,A:55,A:54,A:x,A:x,A:x
"POTTERSJETAMAY (IRE)",2019,GELDING,,H:52,H:71,H:83,H:81,S:0,S:0
"POTTERSMATTYEEEHAA (GB)",2021,GELDING,"Matt Crawley",H:93,H:83,H:84,H:90,H:92,H:86
"POTTERSVILLE (IRE)",2019,FILLY,"Rebecca Curtis",H:x,H:104,H:x,H:x,H:x,-
"POUGIE (GB)",2020,GELDING,"Chris Honour",H:0,H:0,H:x,H:x,H:x,N:x
"POUNDING POET (IRE)",2016,GELDING,,S:131,S:124,H:124,H:125,H:122,H:112
"POUNDS AT THE TIME (IRE)",2020,GELDING,"Toby Lawes",H:103,H:x,H:x,-,-,-
"POUR LES FILLES (GB)",2018,GELDING,"Mickey Bowen",S:129,S:95,S:118,S:0,S:134,H:x
"POURQUOI PAS PAPA (FR)",2022,GELDING,"Paul Nicholls",H:130,H:129,H:128,H:x,H:x,H:116
"POWDER MONKEY (IRE)",2023,GELDING,"George Boughey",T:61,T:x,A:x,A:x,-,-
"POWDERING (IRE)",2020,FILLY,"Michael Herrington",T:55,T:69,T:67,A:75,A:53,A:80
"POWER CUT (GB)",2023,GELDING,"Chelsea Banham",A:37,A:x,A:x,A:x,-,-
"POWER FIZZ (IRE)",2022,GELDING,"William Haggas",A:97,T:87,T:90,T:90,T:90,A:x
"POWER OF CHORA (IRE)",2023,FILLY,"Joey Ramsden",T:52,A:x,A:x,A:x,-,-
"POWER QUEST (GB)",2022,GELDING,,A:24,A:x,A:x,A:x,N:x,N:x
"POWERFUL GLORY (IRE)",2022,COLT,"Richard & Peter Fahey",T:115,T:85,T:77,T:106,T:x,-
"POWERFUL RESPONSE (IRE)",2020,GELDING,"Geoffrey Harker",T:51,T:63,T:61,T:57,A:55,A:60
"POWERNAP (GB)",2023,FILLY,"Jessica Bedi",T:48,A:41,T:29,T:45,T:52,T:34
"POWEROFJET (IRE)",2019,GELDING,"Martin Todhunter",S:0,S:90,S:90,S:97,S:97,S:89
"PRACTICE RUN (IRE)",2019,GELDING,"Bradley Gibbs",H:98,-,-,-,-,-
"PRAGUE (IRE)",2020,COLT,"Dylan Cunha",T:96,T:98,T:98,T:107,T:102,T:104
"PRAIRIE DIAMOND (IRE)",2019,GELDING,"Martin Keighley",H:0,H:105,H:82,H:93,H:92,H:0
"PRAIRIE QUEEN (GB)",2020,FILLY,"Susan Gardner",S:77,H:47,S:74,S:68,H:74,H:15
"PRAIRIE WOLF (IRE)",2017,GELDING,"Joel Parkinson & Sue Smith",S:142,S:137,S:109,S:134,S:133,S:131
"PRAISE INDEED (GB)",2022,FILLY,"William Muir & Chris Grassick",T:x,T:x,A:x,-,-,-
"PRANCY PEER (GB)",2023,FILLY,"Ollie Sangster",T:32,A:46,A:55,A:58,A:59,A:x
"PREANKA (GB)",2022,FILLY,,A:51,A:x,T:74,T:x,-,-
"PRECIOUS JEAN (IRE)",2020,FILLY,"Richard Bandey",H:x,H:0,H:x,H:x,H:x,N:x
"PRECIOUS METAL (FR)",2021,GELDING,"Henrietta C Knight",H:122,H:0,H:115,H:x,H:x,H:x
"PRECIOUS SAPPHIRE (IRE)",2022,FILLY,,A:24,T:x,T:x,T:x,-,-
"PRECIOUS SPARTAN (IRE)",2022,GELDING,"Patrick Neville",T:43,T:65,T:53,T:42,T:65,T:65
"PREFER THE SISTER (IRE)",2020,FILLY,"James Owen",A:49,A:48,A:53,A:43,A:59,A:59
"PREMIER (FR)",2022,GELDING,"Warren Greatrex",T:60,H:99,H:105,H:107,H:100,H:x
"PREMIER CRU (GB)",2023,FILLY,"James Fanshawe",T:0,A:x,T:x,A:x,-,-
"PREMIERE LIGNE (FR)",2019,GELDING,"Hughie Morrison",A:55,T:70,T:86,T:84,T:82,T:79
"PREMINISION (GB)",2023,FILLY,,A:41,T:47,T:27,T:52,T:56,T:x
"PRESENT TIMES (GB)",2022,GELDING,"Tony Culhane & Stella Barclay",A:65,A:59,A:62,T:59,A:37,T:62
"PRESENTANDCOUNTING (IRE)",2014,GELDING,"Donald McCain",S:118,S:113,S:119,S:120,S:122,S:122
"PRESENTING A QUEEN (GB)",2017,FILLY,,S:104,S:99,S:108,S:108,S:0,S:102
"PRESENTING DOY (IRE)",2019,FILLY,"Emma Lavelle",H:83,H:106,H:0,H:113,H:x,H:x
"PRESENTING MILAN (IRE)",2020,GELDING,"Richard Hawker",H:x,H:x,N:x,N:x,N:x,N:x
"PRESIDENT SCOTTIE (IRE)",2018,GELDING,"Nicky Richards",S:108,S:100,S:105,H:105,S:102,S:114
"PRESSURE'S ON (FR)",2021,GELDING,"Ed Dunlop",A:74,T:67,A:79,A:80,T:49,T:56
"PRETENDING (IRE)",2019,FILLY,"Lucy Wadham",H:0,H:117,H:113,H:0,H:112,H:113
"PRETTY AMBITIOUS (IRE)",2023,FILLY,"Harry Eustace",T:57,A:57,A:x,A:x,T:x,-
"PRETTY DANIELLE (IRE)",2023,FILLY,"Richard Hughes",T:30,A:68,A:65,T:61,A:x,T:x
"PRETTY SPIRITED (GB)",2022,FILLY,"Kevin & Lauren Frost",T:18,T:53,A:51,A:53,T:50,T:45
"PRETTYLADY (FR)",2022,FILLY,"Oliver Greenall & Josh Guerriero",H:83,H:x,H:x,H:x,-,-
"PREVIOUS (GB)",2023,FILLY,"Kevin Philippart de Foy",T:93,A:82,A:x,A:x,-,-
"PREVISE (GB)",2022,FILLY,,A:63,T:75,T:55,T:x,A:x,-
"PRIAPOS (IRE)",2022,GELDING,"Phillip Makin",T:81,T:77,T:71,A:80,A:76,A:71
"PRIDE EYE (GB)",2022,FILLY,"Mark Rimell",A:42,A:23,A:54,A:39,A:x,A:x
"PRIDE OF ARRAS (IRE)",2022,GELDING,"Ralph Beckett",T:115,T:47,T:113,T:x,-,-
"PRIDE OF DONEGAL (IRE)",2022,COLT,"Charlie Johnston",T:50,T:89,A:90,A:84,A:80,A:74
"PRIDE OF NEPAL (GB)",2018,GELDING,"Tony Carroll",T:60,T:57,A:44,A:44,A:45,A:54
"PRIESTESS (GB)",2023,FILLY,,A:53,A:55,A:61,T:58,T:x,T:x
"PRIMA BAILARINA (GB)",2023,FILLY,"Ed Walker",T:x,A:x,T:x,-,-,-
"PRIMA DIVA (GB)",2022,FILLY,,T:51,A:15,A:42,T:43,T:53,T:50
"PRIMA DOMINA (GB)",2023,FILLY,"Michael Dods",T:43,T:x,A:x,A:x,-,-
"PRIMO LARA (IRE)",2021,GELDING,"Jack Morland",T:66,A:71,A:61,T:79,T:53,T:81
"PRIMOZ (IRE)",2018,GELDING,"Lucinda Russell & Michael Scudamore",S:0,S:131,S:121,S:104,S:108,S:126
"PRINCE ABU (IRE)",2017,GELDING,"L J Morgan",H:x,A:32,A:44,A:45,H:x,H:x
"PRINCE ACHILLE (GB)",2019,GELDING,"Jedd O'Keeffe",A:54,A:56,A:62,A:63,A:59,A:67
"PRINCE ALI (GB)",2018,GELDING,"Thomas Faulkner",A:42,A:51,A:40,A:48,A:45,A:49
"PRINCE CLENI (FR)",2018,GELDING,"Christian Williams",S:83,S:83,S:82,S:64,S:80,S:0
"PRINCE DE JUILLEY (FR)",2017,GELDING,"Alastair Ralph",H:111,H:111,H:106,H:100,H:100,H:89
"PRINCE HECTOR (IRE)",2018,GELDING,"Jessica Bedi",T:41,T:3,A:33,A:43,A:48,A:33
"PRINCE IMPERIAL (USA)",2017,GELDING,"Jake Coulson",H:0,H:0,H:0,H:0,H:90,H:125
"PRINCE NINO (FR)",2017,GELDING,"Lizzie Quinlan",H:80,H:0,H:55,H:67,H:76,H:46
"PRINCE OF BEL LIR (IRE)",2018,GELDING,,A:39,A:45,A:40,A:39,A:48,A:53
"PRINCE OF INDIA (IRE)",2022,COLT,"Marco Botti",T:94,T:103,T:101,A:101,T:61,T:103
"PRINCE OF PILLO (IRE)",2020,GELDING,"Richard & Peter Fahey",A:67,A:75,A:x,A:65,A:83,T:56
"PRINCE OF THE SEAS (IRE)",2022,GELDING,"David O'Meara",T:85,T:71,T:84,A:41,T:94,T:94
"PRINCE PHIL (GB)",2021,GELDING,"Sam England",H:x,H:x,H:x,N:x,-,-
"PRINCE QUATTRO (IRE)",2019,GELDING,"James Owen",A:65,A:66,A:63,A:67,A:63,A:63
"PRINCE RASAM (GB)",2021,GELDING,"Gary & Josh Moore",A:68,T:37,T:66,T:68,A:61,A:51
"PRINCE RHINEGOLD (IRE)",2018,GELDING,"Linda Blackford",H:70,H:67,H:52,H:77,H:76,H:73
"PRINCE ZALTAR (FR)",2017,GELDING,,S:120,H:0,S:117,S:119,H:123,H:118
"PRINCESS AMBER (IRE)",2022,FILLY,,T:48,A:61,A:62,A:66,T:50,T:70
"PRINCESS BILLYBOY (IRE)",2023,FILLY,,A:60,T:45,A:52,T:x,T:x,T:x
"PRINCESS COCO (GB)",2023,FILLY,"Simon Whitaker",T:12,T:3,T:16,T:x,A:x,A:x
"PRINCESS JASTAR (IRE)",2021,FILLY,,T:21,T:0,A:56,T:58,A:x,A:x
"PRINCESS KERI (IRE)",2020,FILLY,"Mrs C. Williams",H:0,H:110,H:110,H:103,H:98,H:91
"PRINCESS MIA (IRE)",2022,FILLY,,A:58,A:37,T:58,T:64,A:x,A:x
"PRINCESS NIYLA (GB)",2020,FILLY,"Alan Brown",T:63,T:61,T:50,T:65,T:52,A:61
"PRINCESS OF LIMNOS (GB)",2023,FILLY,"Tony Carroll",T:x,A:x,A:x,-,-,-
"PRINCESS PETROL (GB)",2023,FILLY,"Ed Walker",T:71,T:76,T:78,T:100,T:x,T:x
"PRINCESS PW (IRE)",2022,FILLY,,A:34,A:36,A:22,T:49,T:55,T:55
"PRINCESS RASCAL (GB)",2022,FILLY,"Oliver Cole",T:81,T:87,T:87,A:63,T:86,T:x
"PRINCESS VIVI (GB)",2022,FILLY,"Antony Brittain",T:47,A:37,A:46,A:40,T:15,T:37
"PRINCESSE MILANIA (IRE)",2020,FILLY,"Mark Walford",S:0,H:96,H:90,H:92,H:71,H:97
"PRINCIPALITY (IRE)",2022,GELDING,"Harry Eustace",T:89,T:72,T:84,T:88,T:88,T:85
"PRINCLING (GB)",2023,COLT,"William Haggas",T:91,T:x,T:x,A:x,-,-
"PRIVATE OFFICER (IRE)",2021,GELDING,"Adrian Wintle",A:23,-,-,-,-,-
"PRIVATE PROJECT (IRE)",2023,FILLY,"Pat Phelan",T:35,A:46,A:53,A:50,T:37,T:23
"PRIZED JET (IRE)",2020,FILLY,"Jennie Candlish",H:15,H:44,H:62,S:88,S:0,-
"PRIZELAND (GB)",2023,FILLY,"Andrew Balding",T:96,A:x,A:x,T:x,-,-
"PROBE (GB)",2018,GELDING,,A:59,T:x,T:78,T:85,T:69,A:77
"PRODIGAL SON (GB)",2022,GELDING,"Heather Main",T:68,T:68,A:32,A:64,A:34,T:51
"PROFESSOR TICKLE (GB)",2021,GELDING,,A:25,A:19,T:47,T:32,T:19,T:22
"PROFIT STREET (IRE)",2021,GELDING,"Joey Ramsden",T:49,A:64,A:67,A:69,A:68,A:68
"PROFITEER (IRE)",2021,GELDING,"Tim Easterby",T:16,A:24,T:56,T:45,T:59,T:54
"PROFITMAN (GB)",2021,GELDING,,A:49,A:52,A:53,A:61,A:65,A:62
"PROHUS YANK (IRE)",2015,GELDING,"Miss H. Brookshaw",H:95,H:0,H:123,-,-,-
"PROJECT BLACK (GB)",2020,GELDING,,A:0,T:32,T:0,A:21,T:26,A:x
"PROJECT GEOFIN (GB)",2021,GELDING,"Geoff Oldroyd",T:56,T:62,A:54,T:78,T:74,T:65
"PROJECT INCHEON (GB)",2023,GELDING,,A:55,T:31,A:60,A:x,T:x,T:x
"PROJECT KINSMAN (USA)",2023,FILLY,"Philip Kirby",A:44,A:48,A:x,A:x,A:x,-
"PROMETHEAN (FR)",2021,GELDING,"Sam England",H:0,H:x,H:x,A:54,H:x,A:17
"PROOF (GB)",2023,COLT,"Charles Hills",T:68,T:61,A:78,T:75,T:74,T:75
"PROPOSAL (GB)",2023,FILLY,"William Haggas",T:74,T:x,A:x,T:x,T:x,-
"PROSPECT HOUSE (IRE)",2018,GELDING,"Peter Niven",S:74,S:89,S:84,H:84,S:83,S:88
"PROSPERITAS (IRE)",2022,GELDING,"T. J. Kent",A:78,T:64,T:82,T:53,T:68,T:70
"PROTECTION ACT (IRE)",2023,COLT,"George Boughey",T:103,T:x,-,-,-,-
"PROTEKTORAT (FR)",2015,GELDING,,S:153,S:143,S:151,S:165,S:165,S:152
"PROTEST (GB)",2022,FILLY,,T:91,T:96,T:96,T:95,T:95,T:91
"PROUD MARY (GB)",2023,FILLY,"Tim Easterby",T:22,T:x,T:x,T:x,-,-
"PROUD NATION (IRE)",2023,COLT,"Richard & Peter Fahey",T:x,T:x,T:x,-,-,-
"PROUD TO BE FOX (GB)",2022,GELDING,,A:x,T:x,A:x,A:x,T:x,T:x
"PROVISION (GB)",2022,GELDING,"Barry Brennan",H:x,A:64,A:39,H:85,A:x,A:x
"PRYDWEN (IRE)",2018,GELDING,"George Scott",T:100,A:98,A:90,A:97,A:84,A:98
"PSYCHOLOGICALDRAMA (GB)",2022,FILLY,"Clive Boultbee-Brooks",H:x,H:x,H:x,-,-,-
"PUBLIC ENEMY (IRE)",2021,GELDING,,H:95,H:73,H:96,H:63,H:101,H:x
"PUBLISH (GB)",2023,COLT,"John & Thady Gosden",T:110,T:x,T:x,-,-,-
"PUDDLESINTHEPARK (IRE)",2018,GELDING,"Mrs C. Williams",S:104,S:107,S:102,S:0,S:91,S:112
"PULL THE RUG (IRE)",2023,FILLY,"Edward Bethell",T:64,A:70,T:70,A:67,T:x,T:x
"PULSAR STAR (GB)",2022,GELDING,"Thomas Faulkner",T:66,T:74,A:x,A:x,T:x,A:x
"PULSE OF CAMELOT (IRE)",2017,GELDING,"A C Wilson",H:0,S:61,S:0,H:x,H:x,H:x
"PUNCHBOWL FLYER (IRE)",2017,GELDING,"John O'Shea",T:39,T:55,A:59,A:61,A:56,A:62
"PUNTA DEL ESTE (FR)",2019,GELDING,,H:0,H:121,H:110,H:0,H:73,H:80
"PURE ARTISTRY (IRE)",2022,FILLY,,A:12,A:32,A:56,T:34,T:60,T:61
"PURE CARBON (GB)",2019,GELDING,"Harry Derham",S:122,S:119,S:120,S:118,S:0,S:115
"PURE GOLD (GB)",2020,FILLY,"Lisa Harrison",H:97,H:99,H:99,H:110,H:109,H:103
"PURE MOON (GB)",2023,GELDING,"Tom Clover",A:x,A:x,T:x,-,-,-
"PURE SEDUCTION (IRE)",2020,FILLY,"Fergal O'Brien",S:0,H:83,H:71,H:x,N:x,-
"PURE SIRLOIN (IRE)",2018,GELDING,"Sandy Forster",H:91,H:81,H:80,H:89,H:0,H:90
"PURE SURF (IRE)",2016,FILLY,"Victor Thompson",S:0,S:56,S:0,S:0,S:62,S:83
"PURE THEORY (GB)",2022,FILLY,"Stephanie Cassidy",T:21,A:21,A:25,A:44,A:49,A:50
"PUREIS KING (FR)",2022,GELDING,"Faye Bramley",T:x,A:x,A:x,N:x,N:x,N:x
"PUREST TIME (GB)",2020,GELDING,"Ian Williams",T:86,A:71,A:79,A:83,A:69,A:81
"PUROSANGUE (GB)",2021,GELDING,"Robert Cowell",T:96,T:91,T:82,T:98,T:94,T:95
"PURPENDICULAR (GB)",2022,FILLY,"Mike Murphy",A:22,A:33,A:26,A:39,A:x,T:x
"PURPLE OWL (IRE)",2020,GELDING,"David Pipe",H:0,H:72,H:x,H:x,H:x,N:x
"PURPLE RAINBOW (GB)",2022,FILLY,,A:62,T:45,T:72,T:70,T:68,T:x
"PURPLE SKY (IRE)",2021,FILLY,"Joe Ponting",T:48,T:41,A:44,A:49,A:51,A:30
"PURSUIT OF LOVE (GB)",2023,COLT,"Charlie Appleby",T:x,A:x,-,-,-,-
"PURSUIT OF TRUTH (IRE)",2021,GELDING,"Rebecca Menzies",A:68,A:32,A:70,T:39,A:68,A:64
"PUSH THE BUTTON (IRE)",2019,GELDING,"Mark Walford",H:124,S:134,S:132,S:137,S:136,S:131
"PUSH THE LIMIT (FR)",2022,COLT,"Dan Skelton",T:99,T:103,T:100,T:x,T:x,A:x
"PYLEATES (GB)",2022,FILLY,"William Muir & Chris Grassick",A:66,A:x,A:x,A:x,-,-
"PYLEIGH COURT (GB)",2015,GELDING,"R. C. Pudd",H:0,H:112,H:123,H:0,H:117,H:112
"PYLEIGH MASTER (GB)",2019,GELDING,,H:103,H:88,H:x,H:x,H:x,N:x
"PYRAMID PLACE (IRE)",2017,GELDING,"Tristan Davidson",S:0,H:84,H:105,H:101,H:118,H:110
"PYRRHIC DANCER (IRE)",2019,GELDING,,A:0,A:42,A:40,A:44,A:0,A:51
"PYSANKA (FR)",2019,GELDING,,A:0,A:0,A:39,A:54,A:63,A:61
"Q T PIE (GB)",2023,FILLY,"Tom Dascombe",T:53,A:x,T:x,T:x,-,-
"QAAEADD (IRE)",2022,GELDING,"Mark Usher",T:27,A:50,A:44,T:48,T:55,T:54
"QARREEB (GB)",2023,COLT,"Ed Walker",T:x,T:x,A:x,-,-,-
"QAZAQ (FR)",2021,GELDING,"Iain Jardine",T:63,T:56,T:66,A:56,A:57,A:69
"QILA (GB)",2023,GELDING,"Brian Ellison",A:x,T:x,A:x,-,-,-
"QILIN QUEEN (IRE)",2022,FILLY,"Ed Walker",T:87,T:98,T:101,T:97,T:94,T:x
"QIRAT (GB)",2021,GELDING,"Ralph Beckett",T:92,T:111,T:114,T:70,T:102,T:99
"QITAAL (GB)",2019,GELDING,"Charlie Johnston",T:76,T:75,T:70,A:75,A:75,A:81
"QUAI DE BETHUNE (FR)",2022,GELDING,"Hamad Al Jehani",T:100,T:93,A:89,A:91,A:x,T:x
"QUAMBY (IRE)",2022,FILLY,"David Simcock",T:72,T:79,A:80,A:x,T:x,A:x
"QUANDARY (GB)",2020,FILLY,,A:44,A:59,A:63,A:75,A:64,A:68
"QUANTUM POWER (IRE)",2023,GELDING,"Tom Clover",T:71,T:51,A:71,T:57,T:x,T:x
"QUARTERMASTER (IRE)",2023,COLT,"John & Thady Gosden",T:x,A:x,-,-,-,-
"QUATRO NETAS (GB)",2023,FILLY,,A:x,A:x,A:x,-,-,-
"QUAVISTE (FR)",2020,GELDING,"Dan Skelton",H:113,H:111,H:x,H:x,H:x,N:x
"QUAY ITEM (IRE)",2020,GELDING,,H:x,H:x,H:x,-,-,-
"QUEBECOIS (FR)",2019,GELDING,"Paul Nicholls",S:0,S:142,S:121,S:139,S:100,S:129
"QUEBELLA (GB)",2022,FILLY,"Owen Burrows",T:83,T:81,T:86,A:85,T:87,T:x
"QUEEN ALL STAR (IRE)",2022,FILLY,"Jack Channon",T:96,T:96,T:51,T:90,A:x,T:x
"QUEEN DINAH (GB)",2022,FILLY,,A:2,T:27,T:26,A:x,A:x,T:x
"QUEEN FOR ADAAY (GB)",2021,FILLY,"Derek Shaw",A:29,A:23,A:46,A:9,A:41,A:0
"QUEEN MAEVE (IRE)",2022,FILLY,"Dan Skelton",H:107,H:x,H:x,-,-,-
"QUEEN OF ASTOLAT (IRE)",2023,FILLY,"Charlie Fellowes",T:55,A:x,A:x,T:x,-,-
"QUEEN OF ATLANTIS (GB)",2021,FILLY,,A:74,T:80,T:82,T:86,A:80,T:83
"QUEEN OF GOOD NEWS (GB)",2022,FILLY,"Patrick Owens",T:50,T:57,T:62,T:57,T:31,T:23
"QUEEN ROSLYN (GB)",2021,FILLY,"Brian Ellison",H:90,H:91,H:79,H:x,H:x,H:x
"QUEEN SANA (GB)",2023,FILLY,"Ollie Sangster",T:x,T:69,A:50,A:x,A:x,A:x
"QUEEN SANSA (IRE)",2022,FILLY,,A:40,A:47,A:42,A:42,A:43,A:36
"QUEEN TAMARA (IRE)",2023,FILLY,"Harry Charlton",T:57,T:83,T:x,T:x,T:x,-
"QUEEN'S COMPANION (GB)",2023,FILLY,"Ralph Beckett",T:x,T:x,T:x,-,-,-
"QUEEN'S COMPANY (GB)",2019,FILLY,,T:32,A:61,T:66,T:54,T:44,T:68
"QUEEN'S GUARD (GB)",2021,FILLY,,A:47,A:82,T:58,A:65,A:90,T:63
"QUEEN'S PALACE (GB)",2022,FILLY,,A:23,A:23,T:34,A:22,T:37,T:25
"QUEEN'S REIGN (GB)",2021,FILLY,"Ed Walker",A:93,T:50,T:92,T:95,T:81,T:88
"QUEENIE ST CLAIR (IRE)",2020,FILLY,"Nick Scholfield",H:106,H:126,H:95,H:121,H:x,H:109
"QUEENIES PAL (GB)",2023,FILLY,"Noel Wilson",T:25,T:45,A:45,T:x,T:x,T:x
"QUEENOFTHEJUKEBOX (IRE)",2020,FILLY,,H:0,H:103,H:x,H:x,H:x,N:x
"QUEENS FORT (GB)",2021,FILLY,,T:85,T:92,T:95,T:x,T:x,-
"QUEENS GAMBLE (IRE)",2018,FILLY,,S:131,S:124,S:120,S:129,S:118,H:134
"QUEENS UP (IRE)",2021,FILLY,"Richenda Ford",H:x,H:x,H:x,-,-,-
"QUEENS VENTURE (IRE)",2020,FILLY,"Dean Summersby",H:94,H:112,H:0,H:115,H:119,H:116
"QUEENS WISH (IRE)",2019,FILLY,"Charles & Adam Pogson",S:78,S:91,S:95,S:76,S:92,S:100
"QUEENSBURY BOY (IRE)",2019,GELDING,"Mickey Bowen",S:127,S:127,S:97,S:127,S:125,S:130
"QUEENSLAND BOY (IRE)",2020,GELDING,"Ian Williams",A:53,A:54,A:48,A:46,A:48,H:x
"QUEENSMAITE (GB)",2022,FILLY,"Roy Bowring",A:28,A:36,A:50,T:x,T:x,A:x
"QUEL DESTIN (FR)",2015,GELDING,,H:0,S:126,S:0,S:0,S:95,S:138
"QUERCUS (IRE)",2017,GELDING,"Noel Wilson",T:46,A:46,A:16,T:66,T:60,T:59
"QUERCUS ROBUR (GB)",2019,GELDING,"Adam Nicol",H:x,H:x,H:x,T:65,A:57,A:45
"QUERIDA ZARAH (GB)",2023,FILLY,"Simon Dow",A:x,A:x,A:x,-,-,-
"QUEST FOR FUN (GB)",2018,GELDING,"Tim Easterby",T:77,T:71,T:72,T:73,T:57,T:81
"QUESTA NOTTE (IRE)",2022,FILLY,,A:26,A:23,A:43,M:x,T:x,T:x
"QUEUE DOS (GB)",2022,FILLY,"J. S. Moore",T:76,A:65,A:73,A:78,A:70,A:77
"QUICK AWAY (GB)",2021,FILLY,,A:30,A:41,A:18,A:0,A:0,A:43
"QUICK OF THE NIGHT (GB)",2017,FILLY,"Dave Roberts",H:83,H:63,H:87,H:81,H:82,H:90
"QUICK QUASAR (IRE)",2023,GELDING,"Archie Watson",A:67,A:61,A:x,A:x,A:x,-
"QUICK SHARPENER (IRE)",2017,GELDING,"Jamie Snowden",S:112,S:0,S:0,S:98,S:0,H:0
"QUICK TURN (FR)",2023,GELDING,"Ian Williams",A:49,A:61,A:53,A:44,A:53,T:x
"QUICKASICAN (IRE)",2017,GELDING,"Jessica Bedi",S:0,S:0,S:90,S:0,S:0,H:50
"QUIESCENT (GB)",2023,FILLY,"Hamad Al Jehani",T:92,T:85,T:x,T:x,T:x,-
"QUIET RESOLVE (IRE)",2021,GELDING,"Alan Brown",T:72,T:70,T:49,T:69,A:62,T:65
"QUIET SERENADE (IRE)",2023,FILLY,,A:28,A:42,A:x,A:x,A:x,-
"QUILT (IRE)",2023,FILLY,"Ed Walker",T:58,A:x,A:x,A:x,-,-
"QUINAULT (GER)",2020,GELDING,"Stuart Williams",T:77,T:92,T:110,A:111,T:111,T:71
"QUINTA BRIGADA (IRE)",2021,GELDING,"Mrs C. Williams",S:86,S:53,H:x,H:x,H:x,-
"QUINTUS ARRIUS (IRE)",2020,GELDING,,A:26,H:x,A:34,T:42,T:60,T:3
"QUIRKE ON PAROLE (GB)",2022,FILLY,"Mark Walford",T:36,T:44,T:43,T:53,T:56,T:55
"QUITE SWEET (FR)",2022,FILLY,"Tony Carroll",A:17,A:46,A:52,A:57,A:48,T:x
"R BERNARD (GB)",2016,GELDING,"Mel Rowley",H:47,H:73,H:71,H:47,H:39,H:77
"R P MCMURPHY (GB)",2022,GELDING,"Michael Appleby",A:52,A:61,A:56,A:55,A:54,A:55
"RAAHEEB (IRE)",2023,COLT,"Owen Burrows",T:112,T:x,-,-,-,-
"RAAMMEE (GB)",2022,GELDING,"Roger Varian",T:94,A:x,A:x,-,-,-
"RAATEA (GB)",2017,GELDING,"Julie Camacho",A:76,A:77,A:79,A:62,A:78,T:67
"RABY MERE (FR)",2019,GELDING,"Caroline Fryer",H:96,H:96,H:98,H:76,H:77,S:86
"RACE TO BASE (IRE)",2020,GELDING,"Nick Scholfield",H:121,H:0,H:x,H:x,H:x,H:x
"RACE TO THE STARS (IRE)",2022,GELDING,"Charlie Appleby",A:89,T:x,A:x,-,-,-
"RACEVIEW ROAD (IRE)",2018,GELDING,"George Bewley",S:0,S:74,H:90,H:86,S:0,S:0
"RACING COUNTRY (IRE)",2015,GELDING,"Damien Wingrove",A:36,A:45,A:34,A:0,A:0,A:0
"RACING DEMON (GB)",2020,GELDING,"Ed de Giles",T:52,T:56,T:2,A:52,T:55,T:60
"RACINGBREAKS RYDER (IRE)",2020,GELDING,"Charles Hills",T:78,T:48,A:52,T:78,T:84,A:83
"RADHARC NA SLAINE (IRE)",2017,GELDING,"David Rees",S:60,S:77,S:73,S:78,S:73,S:41
"RADIANCE (GB)",2023,FILLY,"George Boughey",T:41,T:x,T:x,-,-,-
"RADIANT ANGEL (IRE)",2021,GELDING,,A:46,T:46,T:32,T:30,T:43,T:43
"RADIANT BEAUTY (GB)",2021,FILLY,"James Owen",T:93,A:91,T:87,A:87,T:83,A:70
"RADICAL DESIGN (IRE)",2022,GELDING,,T:57,A:65,T:46,T:63,T:54,T:56
"RADIO STAR (IRE)",2022,FILLY,,T:0,T:45,T:54,T:69,T:x,T:x
"RAEDWALD (IRE)",2022,COLT,,A:9,T:64,T:61,A:78,A:x,T:x
"RAFFERTY'S RETURN (GB)",2015,GELDING,,H:76,H:21,H:101,H:89,H:87,H:88
"RAFFLES ANGEL (GB)",2021,FILLY,"Jack Jones",T:54,A:63,T:77,T:74,T:58,A:64
"RAFFLES HERMES (FR)",2020,GELDING,"Robert Walford",S:106,S:106,S:109,S:94,S:91,-
"RAFFLES NOBU (FR)",2020,GELDING,"Nick Scholfield",H:85,H:0,H:84,H:89,H:95,H:93
"RAFFLES WONDER (FR)",2017,GELDING,"Sam England",S:71,S:79,S:103,S:0,S:77,S:108
"RAFT UP (IRE)",2021,GELDING,"Harriet Bethell",T:70,A:70,A:69,A:54,A:64,A:63
"RAGE OF BAMBY (IRE)",2020,FILLY,,T:57,T:109,T:98,T:109,T:99,T:8
"RAGE OF THUNDER (IRE)",2022,GELDING,"Gary & Josh Moore",T:44,T:43,T:75,T:75,T:73,T:70
"RAGING AL (IRE)",2021,GELDING,"Tim Vaughan",H:89,H:88,H:x,H:x,H:x,H:x
"RAGING RAJ (IRE)",2023,GELDING,"Jane Chapple-Hyam",T:71,T:63,T:73,A:77,A:77,A:69
"RAHIEBB (GB)",2022,COLT,"Roger Varian",T:116,T:115,T:104,T:107,T:97,T:x
"RAI ROGERS (GB)",2023,FILLY,,A:19,A:15,A:x,A:x,T:x,-
"RAILWAY BELL (IRE)",2019,FILLY,"Fergal O'Brien",H:121,H:120,H:118,H:106,H:x,N:x
"RAILWAYMAN (IRE)",2023,COLT,"K. R. Burke",T:x,T:x,T:x,-,-,-
"RAIN CAP (GB)",2017,GELDING,"John David Riches",A:51,A:52,A:37,A:52,T:52,T:47
"RAINBOW NEBULA (FR)",2022,GELDING,"Richard & Peter Fahey",T:83,T:87,T:26,A:83,T:79,T:73
"RAINBOW SIGN (GB)",2018,GELDING,"Mark Pattinson",T:44,A:42,A:44,A:36,A:38,A:46
"RAINBOW SORBET (IRE)",2022,FILLY,"Jim & Suzi Best",T:42,A:x,A:x,-,-,-
"RAINBOWS EDGE (GB)",2021,FILLY,,T:100,T:94,T:104,T:95,T:104,T:99
"RAINCLOUD (GB)",2020,FILLY,"Michael Chapman",H:x,H:0,H:x,A:5,H:41,H:16
"RAINDANCE QUEEN (IRE)",2017,FILLY,"William de Best-Turner",H:23,H:45,H:x,H:x,S:0,S:0
"RAINTOWN (IRE)",2020,GELDING,"J. S. Moore",T:47,T:63,A:58,A:64,A:56,A:61
"RAINWATER (GB)",2021,GELDING,,A:46,A:55,T:49,A:54,A:58,A:60
"RAISE THE STAKES (IRE)",2023,GELDING,"William Knight",T:35,A:x,A:x,T:x,-,-
"RAJA CHARGER (GB)",2022,GELDING,"Brian Rothwell",T:0,T:x,A:x,A:x,A:x,-
"RAJAK (GB)",2023,GELDING,,A:36,A:44,A:58,A:45,T:50,T:68
"RAJAKING (GB)",2022,GELDING,"T. J. Kent",T:63,A:64,A:64,T:81,T:81,T:64
"RAJALA (IRE)",2022,FILLY,,T:48,T:61,A:x,-,-,-
"RAJAPOUR (IRE)",2020,GELDING,"David O'Meara",T:74,T:73,T:70,T:73,T:45,A:58
"RAJAWAIL (GB)",2020,FILLY,"Brian Rothwell",T:23,T:39,T:38,T:28,T:28,A:14
"RAJBELLO (IRE)",2023,GELDING,"Richard Hughes",T:48,A:52,A:48,A:x,A:x,A:x
"RAJEKO (IRE)",2022,COLT,"Michael Bell",A:88,A:100,A:x,T:84,T:100,T:x
"RAJENDRA (GB)",2023,GELDING,"David Simcock",A:x,A:x,T:x,-,-,-
"RAJETERIAT (GB)",2022,GELDING,"Chris Gordon",A:55,A:54,A:53,T:54,T:49,A:49
"RAJINDRI (IRE)",2020,FILLY,,A:83,A:93,T:93,T:94,T:88,T:84
"RAJINOORA (IRE)",2022,FILLY,"Michael Bell",A:70,A:70,A:70,A:71,T:69,A:61
"RAJSTAR (IRE)",2022,GELDING,"Ben Haslam",A:44,A:59,A:x,A:x,-,-
"RAJWAAH (GB)",2023,FILLY,"Archie Watson",T:x,A:x,A:x,-,-,-
"RAMAAH (GB)",2021,GELDING,"Sarah-Jayne Davies",H:46,H:52,H:72,H:0,H:67,H:67
"RAMBO T (IRE)",2017,GELDING,"Olly Murphy",H:129,H:133,H:109,H:120,H:134,H:127
"RAMBUSO CREEK (IRE)",2019,GELDING,"Michael Herrington",A:47,A:45,A:42,A:53,A:52,A:51
"RAMO (FR)",2017,GELDING,"Venetia Williams",H:104,H:115,H:114,H:90,H:106,S:85
"RAMON DI LORIA (IRE)",2018,GELDING,"Ewan Whillans",T:50,A:50,A:56,A:58,A:57,A:56
"RAMPANT (GB)",2020,GELDING,,A:35,A:39,A:35,A:43,A:33,A:42
"RAN AMOK (IRE)",2022,GELDING,"Hugo Palmer",T:68,T:61,T:62,T:71,T:65,T:75
"RANEENN (IRE)",2022,FILLY,,A:85,T:81,A:78,T:81,T:77,T:79
"RANGA TANG (GB)",2023,COLT,"James Owen",T:x,T:83,A:x,T:x,T:x,-
"RANGATIRA JACK (GB)",2018,GELDING,"Linda Blackford",S:88,S:87,H:75,S:74,S:84,S:0
"RANGE (IRE)",2017,GELDING,"Sam Thomas",H:0,H:125,H:110,S:0,S:127,S:129
"RAP SOUL (FR)",2019,GELDING,"Richard Bandey",S:92,S:99,S:93,H:x,H:x,H:x
"RAPID MISSION (GB)",2021,GELDING,"Syd Hosie",H:72,H:66,H:79,H:79,H:72,H:x
"RAPIDO GIRL (GB)",2021,FILLY,,T:66,A:59,A:51,T:66,T:59,T:65
"RAPPER (GB)",2014,GELDING,,S:0,S:120,S:0,S:115,S:126,S:113
"RAPPER'S DELIGHT (GB)",2022,GELDING,"Richard Spencer",A:x,A:x,A:x,-,-,-
"RAQRAAQ (USA)",2018,GELDING,"Patrick Chamings",T:0,A:50,A:41,A:47,A:50,A:54
"RARE CHANGE (IRE)",2022,GELDING,"Richard Hughes",T:76,A:83,T:35,T:71,T:81,T:81
"RARE EDITION (IRE)",2017,GELDING,"Charlie Longsdon",H:82,H:114,S:0,S:125,S:132,S:0
"RASCAL RECKNELL (FR)",2021,GELDING,"Michael Appleby",T:60,A:78,A:76,T:61,T:71,A:57
"RASHABAR (IRE)",2022,COLT,"Brian Meehan",T:83,T:112,T:105,T:108,T:107,T:x
"RASPOUTINE (GB)",2023,GELDING,"Sir Mark Prescott Bt",T:70,A:68,A:72,T:x,T:x,T:x
"RASTNET (IRE)",2022,FILLY,"John Butler",T:85,A:86,A:84,A:83,A:x,A:x
"RATAFIA (GB)",2018,GELDING,,A:37,A:41,A:39,T:49,T:54,T:35
"RATEMENOW (IRE)",2021,GELDING,"Susan Corbett",H:96,H:x,H:x,H:x,N:x,N:x
"RATH GAUL HILL (IRE)",2018,GELDING,"Samuel Drinkwater",S:117,S:93,S:0,S:114,S:86,S:113
"RATHGAR (GB)",2020,GELDING,"Jack Channon",T:94,T:89,A:82,T:67,T:79,T:85
"RATHKENNY (IRE)",2020,GELDING,"Neil Mulholland",H:x,H:0,H:x,H:x,H:x,N:x
"RATHMACKNEE (IRE)",2016,GELDING,"Danni O'Neill",H:57,S:73,S:84,S:78,S:92,H:74
"RATING (IRE)",2021,FILLY,"Grace Harris",T:64,T:64,T:62,T:61,A:55,A:52
"RATTLING ROAD (IRE)",2017,GELDING,"Lucinda Russell & Michael Scudamore",S:0,S:109,S:113,S:119,S:118,S:111
"RAULIN (IRE)",2022,GELDING,"David O'Meara",T:81,T:77,T:76,T:82,T:84,T:81
"RAUZAN (IRE)",2020,GELDING,"Lizzie Quinlan",H:101,H:97,H:109,H:109,H:77,H:107
"RAVEENA (GB)",2022,FILLY,,A:x,A:x,A:x,T:x,T:x,T:x
"RAVEN'S VIEW (IRE)",2023,GELDING,"Michael Dods",T:37,A:52,A:50,A:x,A:x,A:x
"RAVENGLASS (IRE)",2019,GELDING,"Adrian Wintle",T:44,A:37,A:54,A:54,T:44,A:56
"RAVENS KING (GB)",2022,GELDING,,A:54,A:x,A:x,A:x,-,-
"RAVENSCRAIG CASTLE (GB)",2018,GELDING,"Iain Jardine",T:58,H:77,H:107,A:55,H:106,H:110
"RAVENSPIRE (IRE)",2023,COLT,"K. R. Burke",T:x,A:x,-,-,-,-
"RAVENSWELL (FR)",2021,GELDING,"Paul Robson",T:31,A:42,T:48,A:55,T:55,T:43
"RAVISHING BEAUTY (GB)",2021,FILLY,"Jedd O'Keeffe",T:59,T:42,A:63,T:54,T:67,T:67
"RAWALPINDI EXPRESS (IRE)",2023,GELDING,,T:70,T:63,T:67,T:71,T:x,A:x
"RAY MON DOUGH (GB)",2023,COLT,"Oliver Cole",T:x,A:x,A:x,-,-,-
"RAY VONN (IRE)",2020,GELDING,,T:46,T:45,T:40,T:46,A:33,T:66
"RAYSHAM (IRE)",2022,GELDING,"Declan Carroll",T:24,T:24,T:53,T:51,A:24,T:38
"RAZORS EDGE (GB)",2020,GELDING,,H:113,H:x,-,-,-,-
"RAZZLE DAZZLE BOY (IRE)",2020,GELDING,"Tim Vaughan",H:67,H:115,H:115,H:112,H:107,H:108
"READ ALL ABOUT IT (GB)",2022,FILLY,"Tom Ward",T:36,T:15,A:53,A:19,A:33,T:32
"READER (GB)",2023,FILLY,"Marcus Tregoning",T:x,A:x,T:x,-,-,-
"REAGROVE LORD (IRE)",2018,GELDING,"George Bewley",H:67,H:52,H:66,H:73,H:82,H:80
"REAL AMERICAN (IRE)",2023,COLT,"K. R. Burke",T:72,T:x,-,-,-,-
"REAL DREAM (IRE)",2019,GELDING,"Ian Williams",T:96,T:64,A:90,T:103,T:101,T:105
"REAL GAIN (IRE)",2020,GELDING,"Hamad Al Jehani",T:89,T:89,A:71,T:81,T:95,T:93
"REAL GOLD (GB)",2023,FILLY,"Rachel Cook & John Bridger",A:52,A:52,A:50,A:44,A:54,A:42
"REAL JACK (GB)",2023,GELDING,"Michael Dods",A:63,A:62,A:x,T:x,T:x,-
"REAL MAN (GB)",2023,GELDING,,T:x,T:66,T:73,T:73,T:x,T:x
"REAL QUARTZ (IRE)",2020,GELDING,"Dan Skelton",H:x,H:x,-,-,-,-
"REALIGN (FR)",2022,GELDING,"William Haggas",T:98,T:75,T:84,T:93,T:84,T:83
"REALISATION (FR)",2018,FILLY,"Charlie Longsdon",S:94,S:106,S:111,S:105,S:105,S:103
"REALISTIC DREAM (IRE)",2023,FILLY,"Iain Jardine",T:22,T:49,T:54,-,-,-
"REALITY QUEEN (GB)",2023,FILLY,"Michael Appleby",A:36,A:58,A:59,T:51,T:63,A:x
"REALLYNTRUTHFULLY (IRE)",2019,GELDING,"Kim Bailey & Mat Nicholls",H:122,S:0,S:116,S:129,H:113,H:x
"REALTA LIATH (IRE)",2019,FILLY,"Warren Greatrex",S:110,S:100,S:83,S:112,S:111,H:99
"REASON'S POWER (IRE)",2023,FILLY,,A:42,A:55,A:54,A:55,T:x,A:x
"REBEL COVE (IRE)",2021,FILLY,,A:0,A:28,T:38,T:41,T:22,T:45
"REBEL EMPIRE (FR)",2021,GELDING,,A:57,A:56,A:29,T:24,A:77,T:75
"REBEL INTENTIONS (IRE)",2017,GELDING,"Annabelle Sowray",H:69,H:54,H:0,H:86,H:84,H:0
"REBEL PATH (FR)",2019,GELDING,"Stuart Williams",T:68,A:62,A:61,T:68,T:58,T:67
"REBEL REDEMPTION (GB)",2017,GELDING,,A:0,A:27,A:7,A:0,A:43,T:44
"REBEL ROCKER (GB)",2023,COLT,"Faye Bramley",T:99,A:x,-,-,-,-
"REBEL TRIBESMAN (IRE)",2021,GELDING,"Jamie Snowden",H:x,H:x,H:x,N:x,-,-
"REBEL'S ROMANCE (IRE)",2018,GELDING,"Charlie Appleby",T:119,T:121,T:117,T:118,A:110,T:113
"RECEDING (IRE)",2023,GELDING,,T:38,T:52,A:x,T:x,T:x,-
"RECEIPT (GB)",2022,GELDING,"Tom Ellis",A:62,A:74,A:x,A:x,A:x,N:x
"RECENCY BIAS (IRE)",2022,GELDING,"K. R. Burke",T:85,A:84,A:80,A:x,T:x,A:x
"RECIPROCATED (GB)",2023,GELDING,"K. R. Burke",T:78,T:90,T:77,T:82,T:74,T:x
"RECKLESS SPENDING (IRE)",2020,GELDING,"Nicky Henderson",H:x,H:x,H:x,H:x,H:x,N:x
"RECOBELLA (FR)",2021,FILLY,"Philip Kirby",T:53,A:48,T:52,T:38,A:41,T:51
"RECON MISSION (IRE)",2016,GELDING,"Tony Carroll",T:42,T:61,A:60,A:50,T:60,T:45
"RECORD ART (FR)",2019,GELDING,"Fergal O'Brien",A:48,T:26,H:109,H:86,H:101,H:93
"RECORD DAY (GB)",2023,GELDING,"Brian Ellison",T:57,A:x,A:x,T:x,-,-
"RECORD HIGH (IRE)",2017,GELDING,,S:0,S:97,S:100,S:66,S:97,S:0
"RED ADMIRAL (IRE)",2022,GELDING,,A:13,T:46,T:33,T:x,T:42,T:57
"RED CADILLAC (IRE)",2019,GELDING,"Nicky Richards",H:80,H:110,H:111,H:99,H:89,H:95
"RED DELTA (GB)",2019,GELDING,"Fiona Needham",S:120,S:65,S:125,S:123,S:121,S:107
"RED DEREK (GB)",2016,GELDING,"Lisa Williamson",T:31,T:31,T:48,T:47,T:60,T:53
"RED DIRT ROAD (IRE)",2017,GELDING,"Jonjo & A.J. O'Neill",H:102,H:121,H:130,H:0,H:0,H:142
"RED FLYER (IRE)",2018,GELDING,"Karen Jewell",A:65,A:53,T:65,T:50,T:72,A:73
"RED HAPPY (FR)",2017,GELDING,"George Bewley",S:0,S:0,S:120,S:114,S:113,S:0
"RED HAT EAGLE (GB)",2020,GELDING,"William Knight",T:61,A:72,A:72,A:83,T:82,T:79
"RED HATTER (GB)",2021,GELDING,"John Norton",A:0,A:35,A:0,T:14,A:32,A:32
"RED HOUSE (GB)",2023,GELDING,"Stephen Hanlon",A:0,A:x,A:x,A:x,-,-
"RED MIRAGE (IRE)",2018,GELDING,"John & Sean Quinn",A:67,T:63,T:71,A:72,A:69,A:73
"RED MOON (IRE)",2023,GELDING,"Jack Channon",T:x,T:x,A:x,-,-,-
"RED NED (IRE)",2019,GELDING,"Mrs A. M. Thomson",S:0,H:82,H:0,H:65,H:x,H:x
"RED OAK (IRE)",2020,GELDING,"James Owen",H:x,H:119,H:x,H:x,H:x,H:x
"RED RIFLE (GB)",2023,GELDING,"Grant Tuer",T:67,T:45,T:40,A:56,T:x,T:x
"RED RISK (FR)",2015,GELDING,,H:87,H:136,H:143,H:119,H:103,H:140
"RED RUBIO (IRE)",2021,GELDING,"Clive Boultbee-Brooks",H:105,H:105,H:x,H:x,-,-
"RED SNAPPER (GB)",2023,GELDING,"Kathy Turner",T:65,T:54,T:65,T:64,T:60,T:51
"RED SPELLS DANGER (IRE)",2023,GELDING,"Tim Easterby",T:89,T:x,A:x,T:x,T:75,T:x
"RED TRAIL (IRE)",2019,FILLY,"Mike Sowersby",H:69,A:46,T:32,T:40,T:67,H:44
"RED WALLS (GB)",2018,GELDING,"Lisa Williamson",A:45,A:17,A:35,A:29,A:43,A:34
"REDARNA (GB)",2014,GELDING,"Dianne Sayer",T:65,T:58,T:12,T:76,T:77,T:64
"REDBRIDGE RAMBLER (IRE)",2018,GELDING,"Martin Keighley",S:100,S:68,S:98,S:96,S:99,S:96
"REDBUD SIXTEEN (IRE)",2022,FILLY,"Charlie Pike",A:56,A:x,T:x,T:x,-,-
"REDDEEF (IRE)",2022,GELDING,,A:60,A:38,A:51,T:64,T:63,T:66
"REDDITIZIO (IRE)",2023,FILLY,,A:15,A:30,A:43,A:50,T:33,T:46
"REDEEMING LOVE (IRE)",2020,FILLY,"Mark Walford",S:98,H:95,H:x,H:x,H:x,N:x
"REDHOT WHISPER (IRE)",2021,GELDING,"Adrian Wintle",T:54,T:53,A:48,A:39,A:46,A:57
"REDORANGE (GB)",2022,GELDING,"Clive Cox",T:99,T:107,T:93,A:95,T:79,T:101
"REDREDROBIN (GB)",2017,FILLY,"Malcolm Saunders",T:40,T:36,T:53,T:58,T:67,T:53
"REDSHORE CITY (IRE)",2020,GELDING,,T:24,T:41,T:40,T:39,T:26,T:30
"REEL HER IN (IRE)",2020,FILLY,,A:14,T:26,A:40,H:57,T:59,T:54
"REEL ORANGE (IRE)",2019,FILLY,"Joe Tizzard",H:89,H:95,H:91,H:90,H:69,H:87
"REEL POWER (GB)",2019,GELDING,"Paddy Butler",T:10,A:12,A:38,A:23,A:37,M:0
"REEL ROSIE (IRE)",2019,FILLY,,H:0,H:85,H:76,H:91,S:0,H:58
"REEM RAK (IRE)",2023,FILLY,"Roger Varian",T:31,A:x,A:x,T:x,-,-
"REENIE'S DREAM (GB)",2022,FILLY,"Bryan Smart",A:46,A:56,A:0,A:52,A:32,A:48
"REFLECTION OF YOU (GB)",2019,FILLY,"Lucinda Russell & Michael Scudamore",H:90,H:90,S:0,S:86,S:0,S:87
"REFORME (IRE)",2019,GELDING,"Tom Gretton",H:0,S:0,S:91,S:89,S:92,S:91
"REFUGE (GB)",2017,GELDING,,T:41,T:39,T:37,T:32,T:30,T:41
"REGAL AND REAL (GB)",2023,GELDING,,T:6,A:39,A:31,A:x,A:x,A:x
"REGAL BLUE (IRE)",2017,GELDING,,S:0,S:0,S:0,S:132,S:0,S:126
"REGAL CAVALIER (FR)",2020,GELDING,"Belinda Clarke",H:0,H:82,H:86,H:0,H:x,H:x
"REGAL CHARM (IRE)",2022,FILLY,"Henry Candy",T:81,T:78,A:x,T:x,T:x,-
"REGAL DREAM (GB)",2023,FILLY,"Kevin Ryan",A:0,T:13,T:54,T:x,T:x,T:x
"REGAL ENVOY (IRE)",2019,GELDING,"William Knight",T:88,T:88,T:79,A:67,A:79,A:85
"REGAL GLORY (IRE)",2020,FILLY,"Roger Fell",T:38,A:6,T:44,A:46,A:37,A:45
"REGAL GUEST (IRE)",2022,GELDING,"George Margarson",T:25,T:24,A:31,T:0,A:x,A:x
"REGAL KNIGHT (GB)",2023,GELDING,"Tony Coyle & Kaine Wood",T:40,T:42,A:47,T:x,A:x,T:x
"REGAL RENAISSANCE (GB)",2018,FILLY,"Jack Jones",S:113,S:110,S:106,S:0,S:66,S:111
"REGAL ULIXES (GB)",2022,GELDING,"Andrew Balding",T:97,A:97,A:97,A:99,A:90,T:91
"REGALIAN (GB)",2022,GELDING,"Tony Coyle & Kaine Wood",T:85,T:76,T:83,T:87,T:85,A:x
"REGALLY BLONDE (GB)",2019,FILLY,"Ben Case",T:45,A:42,T:46,T:46,T:59,T:53
"REGARDE (IRE)",2017,GELDING,"Jamie Snowden",S:122,S:121,S:114,S:121,S:120,S:120
"REGATTA DE BLANC (GB)",2018,FILLY,"Will Biddick",H:97,H:106,S:0,S:0,S:115,S:124
"REGENT'S STROLL (IRE)",2019,GELDING,"Paul Nicholls",S:149,S:149,S:142,S:145,S:140,H:x
"REGINALD CHARLES (GB)",2020,GELDING,"Geoff Oldroyd",T:57,A:62,A:59,A:63,T:60,T:57
"REGIONAL (GB)",2018,GELDING,"Edward Bethell",T:110,T:0,T:107,T:108,T:107,T:114
"REGULUS BLACK (GB)",2023,COLT,"Hugo Palmer",T:56,T:51,T:x,A:x,A:x,-
"REHILL RELIC (IRE)",2019,GELDING,"Sam Allwood",S:100,S:100,S:100,S:95,S:82,H:x
"REIDH (IRE)",2020,GELDING,"Adam Kirby",T:15,T:32,T:33,T:47,T:67,T:64
"REIGNING PROFIT (IRE)",2019,GELDING,"Ruth Carr",T:62,T:78,T:67,T:70,A:74,A:75
"REIGNMAN (GB)",2021,GELDING,,A:29,T:27,T:43,A:49,T:x,T:x
"REINA DEL MAR (IRE)",2018,FILLY,"Tim Vaughan",A:63,H:x,H:x,H:x,T:89,T:85
"REJJIEN (IRE)",2023,FILLY,,T:36,T:46,T:49,T:48,T:46,A:x
"RELEASE THE STORM (GB)",2022,GELDING,"Brian Meehan",T:69,T:x,T:x,-,-,-
"RELENTLESS HERO (GB)",2023,GELDING,"Andrew Balding",T:x,T:x,A:x,-,-,-
"RELEVANT RANGE (IRE)",2019,GELDING,"Ivan Furtado",A:55,T:53,T:51,A:58,A:62,A:54
"RELIABLE RICKI (IRE)",2023,GELDING,"George Scott",T:81,T:79,A:x,A:x,T:x,-
"RELIANCE KID (FR)",2019,GELDING,"Andrew Wilson",S:10,S:5,S:0,H:14,H:x,H:x
"RELIGOUS CROSS (GB)",2020,GELDING,"Neil Mulholland",H:78,H:x,H:x,N:x,-,-
"RELOAD (GB)",2022,GELDING,,T:23,A:45,A:13,A:x,A:x,T:x
"REMEMBERTHENAME (IRE)",2020,GELDING,,H:96,H:106,H:x,H:100,H:93,H:88
"REMI MAE (GB)",2023,FILLY,"Andrew Balding",A:49,A:x,T:x,T:x,-,-
"REMMOOZ (GB)",2022,COLT,"Owen Burrows",T:109,T:109,T:104,T:102,T:98,T:x
"RENDITA (IRE)",2023,FILLY,,A:18,A:x,A:x,A:x,-,-
"RENE'S WALK (GB)",2020,FILLY,,H:76,H:x,H:x,H:x,N:x,N:x
"RENEGADE ARROW (FR)",2016,GELDING,,H:0,H:74,H:22,H:x,H:x,H:x
"RENESMEE (GB)",2020,FILLY,"Michael Keady",T:77,A:75,A:76,A:75,A:71,A:70
"RENEWABLE DREAM (GB)",2022,GELDING,,A:53,A:44,T:56,T:67,T:68,T:54
"RENEWAL (GB)",2022,FILLY,"Ralph Beckett",A:80,T:x,A:x,T:x,T:x,-
"RENOIR (GB)",2019,GELDING,"Ben Clarke",H:76,H:93,H:87,H:95,H:101,H:86
"RENOVATIO ANGEL (GB)",2023,COLT,,T:44,T:75,T:75,T:54,T:66,T:77
"REPERTOIRE (GB)",2016,GELDING,"David Simcock",A:60,A:66,A:66,T:57,A:60,A:69
"REPORTER (GB)",2022,GELDING,"Simon Hodgson",T:38,A:53,T:53,A:53,A:57,T:59
"REPUTATION (IRE)",2013,GELDING,"Ruth Carr",A:57,A:53,A:47,A:51,A:48,A:50
"REQUISITE (IRE)",2022,FILLY,,A:x,T:63,T:70,T:x,A:x,T:x
"RESALAH (IRE)",2023,FILLY,"Nikki Evans",T:28,A:21,A:45,A:39,A:42,T:42
"RESDEV KISSES (GB)",2023,FILLY,,A:29,A:31,A:27,A:18,A:30,A:48
"RESDEV TIME (GB)",2023,FILLY,"Michael & David Easterby",T:47,T:47,T:50,T:55,T:57,T:53
"RESILIENT LADY (GB)",2022,FILLY,"Gary Brown",T:17,A:43,A:34,A:42,A:35,A:40
"RESPECTABLE JACK (GB)",2021,GELDING,"Matt Crawley",A:51,A:48,A:53,A:55,A:55,T:0
"RESPECTFUL (IRE)",2021,GELDING,,A:47,T:42,T:54,T:52,A:59,A:65
"RESPIRO SOLITARIO (GB)",2022,GELDING,"William Muir & Chris Grassick",T:67,T:70,T:69,T:67,T:67,A:60
"RESPLENDENT GREY (IRE)",2018,GELDING,"Olly Murphy",S:148,S:107,S:151,S:137,S:151,S:150
"RESPOND (IRE)",2022,GELDING,"Andrew Balding",T:105,A:96,A:96,A:88,T:90,T:88
"REST IS THE BEST (IRE)",2021,FILLY,"Harriet Dickin",H:76,H:82,H:81,H:x,H:x,H:x
"RESTANDBETHANKFUL (GB)",2016,GELDING,"Lizzie Quinlan",H:0,S:0,S:60,S:0,S:75,H:40
"RETETI (GB)",2020,GELDING,"Sheena West",H:99,H:99,H:92,H:x,H:x,H:x
"RETRACTION (IRE)",2020,GELDING,,A:40,M:49,A:54,A:48,A:51,A:57
"RETURN OF THE GODS (IRE)",2023,COLT,"Edward Bethell",A:54,A:x,A:x,-,-,-
"RETURN TO DUBAI (IRE)",2019,GELDING,,A:84,A:73,T:88,A:88,T:85,A:x
"RETURN TO FLORIDA (IRE)",2020,GELDING,"Stuart Coltherd",H:82,H:x,H:x,H:x,N:x,-
"RETURN TO UNIT (GB)",2022,GELDING,"Roger Varian",T:68,T:x,A:x,T:x,-,-
"RETURN WITH GOLD (IRE)",2022,GELDING,"Ollie Pears",A:62,H:x,H:72,A:67,A:63,A:62
"REVELANCE (GB)",2022,FILLY,"Ralph Beckett",T:51,A:84,T:84,T:83,T:x,A:x
"REVELIO (GB)",2022,GELDING,"Tom Clover",T:x,T:x,T:x,-,-,-
"REVELS HILL (IRE)",2015,GELDING,"Mrs J. Boucher",H:0,H:97,H:108,S:0,S:138,S:138
"REVICH (IRE)",2016,GELDING,"Adrian Wintle",T:57,T:60,A:50,A:51,A:51,A:56
"REVIVAL POWER (IRE)",2023,FILLY,"Tim Easterby",T:82,T:100,T:103,T:101,T:90,T:72
"REVOIR (GB)",2022,FILLY,"Ralph Beckett",T:101,T:43,T:101,T:101,T:98,T:101
"REVOLUTIONISE (IRE)",2016,GELDING,,A:63,A:63,A:76,A:72,A:71,A:68
"REWRITETHERULES (IRE)",2014,GELDING,"Fred Timmis",H:0,H:53,H:0,H:81,H:0,H:0
"REY DE LA BATALLA (GB)",2021,GELDING,"Simon Dow",A:62,A:69,A:65,A:74,A:52,A:72
"RHAPSODY (IRE)",2022,FILLY,"William Haggas",T:86,A:81,T:83,T:79,A:77,T:x
"RHOSCOLYN (GB)",2018,GELDING,"David O'Meara",T:85,T:101,T:93,T:77,T:86,T:85
"RHYME DUST (GB)",2022,FILLY,"Ralph Beckett",T:85,T:88,T:94,T:84,T:89,T:x
"RHYME SCHEME (IRE)",2017,FILLY,"Peter Winks",H:0,A:0,H:0,H:49,H:65,H:72
"RHYTHM MASTER (IRE)",2018,GELDING,,T:86,T:79,T:89,T:89,T:86,T:89
"RHYTHM N HOOVES (GB)",2020,GELDING,"Robert Cowell",T:81,T:79,T:83,A:86,A:87,A:80
"RHYTHM N ROCK (IRE)",2018,GELDING,"John Butler",A:70,A:53,A:60,A:68,A:59,A:52
"RI NA CUIRTE (IRE)",2018,GELDING,"Ben Clarke",H:72,H:84,H:87,H:107,H:92,H:104
"RIALANNAH (IRE)",2019,FILLY,"Lucy Wadham",H:0,H:116,H:112,H:106,H:0,H:110
"RIBBA HILL (IRE)",2021,GELDING,"Syd Hosie",H:0,H:98,H:0,H:72,H:x,H:x
"RIBBLE RIVER (IRE)",2021,GELDING,"Lizzie Quinlan",H:x,H:x,H:x,T:68,T:70,T:60
"RIBBON OF SEA (IRE)",2023,FILLY,"Charlie Appleby",T:x,A:x,T:x,-,-,-
"RIBCHESTINA (IRE)",2021,FILLY,"Jim & Suzi Best",T:36,-,-,-,-,-
"RIBENSKA (IRE)",2022,FILLY,"Charlie Fellowes",A:65,A:73,T:51,T:64,A:x,A:x
"RIBEYE (GB)",2015,GELDING,"Peter Atkinson",S:0,S:72,H:0,S:86,S:104,S:102
"RIBSTON PIPPIN (IRE)",2022,GELDING,"Lemos De Souza",T:15,A:57,A:37,A:55,A:51,T:40
"RICARDO PHILLIPS (GB)",2021,GELDING,"Henry Candy",A:55,T:8,T:55,T:54,T:51,T:52
"RICH RHYTHM (GB)",2019,GELDING,"Harriet Bethell",A:64,A:62,T:59,T:68,T:71,A:61
"RICHARDSON (GB)",2015,GELDING,"Belinda Clarke",H:78,H:0,H:71,H:76,H:86,H:79
"RICHFORADAAY (GB)",2020,GELDING,"Ian Chanin",S:51,S:68,H:x,H:x,H:x,-
"RICHIE'S ROCKET (IRE)",2023,GELDING,"Ralph Beckett",T:87,T:83,A:97,A:x,T:x,-
"RICHMOND LAKE (IRE)",2016,GELDING,"Donald McCain",S:133,S:136,S:131,S:127,S:113,S:0
"RICKETY BRIDGE (FR)",2019,GELDING,"Paul Nicholls",S:117,S:113,H:111,H:80,H:0,H:75
"RICKETY GATE (GB)",2015,GELDING,"Nicky Richards",H:80,H:0,H:85,H:89,H:90,H:77
"RIDDIKULUS (GB)",2023,FILLY,"Grant Tuer",T:40,A:44,A:43,A:x,A:x,A:x
"RIDE LIKE A GIRL (FR)",2021,FILLY,"Jamie Snowden",H:107,H:98,H:x,H:x,N:x,N:x
"RIDE THE THUNDER (IRE)",2022,GELDING,"Roger Varian",T:90,T:88,T:85,T:84,T:x,T:x
"RIDGEMASTER (IRE)",2022,GELDING,"Simon Waugh",T:46,T:36,A:37,A:30,A:51,T:0
"RIDGEWAY REDWING (GB)",2022,FILLY,"Denis Coakley",A:37,T:0,T:31,T:29,T:x,T:x
"RIFFA SPIRIT (IRE)",2023,GELDING,"Declan Carroll",T:40,T:70,A:68,A:67,A:x,A:x
"RIGHT AND EXACT (GB)",2022,GELDING,"Declan Carroll",T:82,T:72,A:x,T:x,T:x,-
"RIGHTBACKATYOU (IRE)",2018,GELDING,"Stuart Coltherd",S:78,S:81,S:64,S:0,H:0,H:64
"RIGHTHERE RIGHTNOW (FR)",2022,GELDING,"Richard Spencer",T:79,T:82,T:80,T:86,T:87,T:78
"RIGHTSOTOM (GER)",2019,GELDING,"Joe Tizzard",S:0,S:126,S:122,S:131,S:129,S:104
"RIKISSA (GB)",2022,FILLY,,A:44,T:61,T:46,T:x,T:x,T:x
"RIKKI TIKI TAVI (IRE)",2023,GELDING,"Kevin Ryan",T:53,T:71,T:74,T:x,T:x,T:x
"RILEY ROCKS (GB)",2023,COLT,"Dylan Cunha",T:73,A:77,A:x,A:x,-,-
"RING FENCED (GB)",2019,FILLY,,A:46,A:45,A:45,A:7,A:45,A:35
"RING O ROSES (GB)",2018,FILLY,,H:85,H:107,H:0,H:87,H:0,H:114
"RING OF GOLD (GB)",2017,GELDING,"Michael & David Easterby",T:35,T:18,A:42,A:39,A:48,A:48
"RINKY TINKY TINKY (GB)",2022,FILLY,"Mrs Ilka Gansera-Leveque",T:40,A:36,T:41,T:37,T:40,T:46
"RIOJA ALTA (IRE)",2020,GELDING,"Micky Hammond",H:100,H:94,H:103,H:103,H:102,H:71
"RIOT (IRE)",2017,GELDING,"Charlie Wallis",T:37,A:57,A:53,A:51,A:53,A:61
"RIP WHEELER (IRE)",2020,GELDING,"Gary & Josh Moore",S:109,S:107,S:103,S:108,S:98,S:0
"RISEN AGAIN (FR)",2021,GELDING,"John & Rhys Flint",T:57,T:44,A:54,A:62,A:70,T:70
"RISING FORCE (IRE)",2021,GELDING,"John Butler",T:68,T:75,A:60,T:68,A:59,A:62
"RISING POWER (IRE)",2023,COLT,"Charlie Appleby",T:96,T:x,T:x,-,-,-
"RISK (IRE)",2022,GELDING,,T:x,H:x,H:0,T:11,A:40,A:60
"RISK AVERSE REBEL (IRE)",2023,COLT,"Gary Hanmer",T:32,A:48,A:50,A:49,T:x,T:x
"RISK DE PLUIE (FR)",2019,GELDING,"Ben Clarke",S:121,S:121,S:121,S:117,S:114,S:94
"RISK IT ALL (FR)",2021,GELDING,"Gary & Josh Moore",H:90,H:87,H:92,H:98,H:76,H:96
"RISKINTHEGROUND (IRE)",2017,GELDING,"Dan Skelton",S:135,S:140,S:132,S:106,S:123,S:101
"RITAAL (IRE)",2023,FILLY,"William Muir & Chris Grassick",A:61,A:x,A:x,A:x,-,-
"RITAAN (IRE)",2022,FILLY,"Georgina Nicholls",H:65,H:61,H:0,H:x,H:x,H:48
"RIVAL (GB)",2018,GELDING,"John & Rhys Flint",T:49,T:53,T:53,T:53,T:0,T:37
"RIVER CARD (IRE)",2023,GELDING,"Brian Meehan",T:x,-,-,-,-,-
"RIVER GLANCE (GB)",2021,GELDING,"Emma-Jane Bishop",H:54,H:x,H:x,H:x,N:x,N:x
"RIVER KING (IRE)",2022,GELDING,"Richard Hannon",T:87,T:x,A:x,T:x,T:x,A:x
"RIVER RIDER (IRE)",2020,GELDING,"Sam Allwood",H:65,H:0,H:66,H:0,H:x,H:x
"RIVER RUN FREE (IRE)",2019,GELDING,,S:19,S:0,S:85,S:91,S:0,S:87
"RIVER SPEY (GB)",2023,GELDING,"Ed Walker",A:78,A:x,T:x,T:85,T:x,T:x
"RIVER VOYAGE (IRE)",2018,GELDING,"Rebecca Curtis",S:90,S:100,S:0,S:100,H:105,H:102
"RIVER WHARFE (GB)",2018,GELDING,"Tony Carroll",A:45,A:52,A:50,A:58,A:51,A:52
"RIVERA QUEEN (IRE)",2023,FILLY,"Lemos De Souza",T:x,A:x,T:x,-,-,-
"RIVERS CORNER (GB)",2018,GELDING,"Joe Tizzard",S:93,S:129,S:0,S:128,S:118,S:114
"RIVIERA WALK (IRE)",2020,FILLY,"Jonjo & A.J. O'Neill",H:102,H:0,H:x,H:101,H:x,H:x
"RIYADH GEM (IRE)",2022,GELDING,"Faye Bramley",T:0,A:61,A:39,A:65,A:47,A:55
"RIZAL (FR)",2022,GELDING,"George Scott",A:70,-,-,-,-,-
"ROACH POWER (IRE)",2019,GELDING,"Michael Wigham",T:64,T:58,T:74,T:54,T:87,T:73
"ROAD SENAM (FR)",2016,GELDING,,H:0,H:83,H:92,H:80,H:x,H:115
"ROAD TO ROSLEY (GB)",2017,GELDING,"John Dixon",H:x,H:0,H:x,H:x,H:0,H:x
"ROAD TO WEMBLEY (GB)",2021,GELDING,"Olly Murphy",H:x,H:x,H:x,A:78,A:65,T:78
"ROADLESSTRAVELLED (IRE)",2019,GELDING,"Jonjo & A.J. O'Neill",A:x,A:x,A:x,H:x,H:x,H:x
"ROARIN' SUCCESS (GB)",2020,FILLY,"Donald McCain",H:76,T:70,T:74,H:x,H:x,H:x
"ROARING CONQUEST (IRE)",2019,GELDING,"Olly Murphy",H:120,H:129,H:0,H:130,H:130,H:x
"ROARING HOME (GB)",2019,FILLY,"Henry Daly",H:110,H:105,H:89,H:102,H:0,H:105
"ROARING LEGEND (FR)",2020,GELDING,"Olly Murphy",T:41,A:104,A:104,T:103,T:98,T:102
"ROARING RALPH (GB)",2020,GELDING,"Michael Dods",T:73,A:70,A:68,A:59,A:57,A:54
"ROARING TWENTIES (GB)",2022,GELDING,,A:47,T:68,A:60,T:68,A:x,T:x
"ROB ROY MACGREGOR (IRE)",2018,GELDING,"Sandy Thomson",S:78,S:83,S:84,S:79,S:83,S:74
"ROBBER'S BRIDGE (IRE)",2018,GELDING,"Dan Horsford",H:103,H:0,H:106,H:99,H:96,H:99
"ROBBO (IRE)",2021,GELDING,"Thomas Faulkner",T:37,A:73,A:67,A:74,A:58,H:x
"ROBERT ANSTRUTHER (GB)",2023,GELDING,"Henry Candy",T:62,A:70,T:56,A:x,T:x,T:x
"ROBERT D'ORES (FR)",2017,GELDING,"George Bewley",H:79,H:88,H:80,H:85,H:93,H:90
"ROBERTA BISHOP (GB)",2020,FILLY,"Katy Price",H:x,H:x,H:x,N:x,N:x,-
"ROBERTO CARO (IRE)",2021,GELDING,"Adrian Keatley",T:55,A:79,T:82,A:82,A:80,A:61
"ROBUSTO (IRE)",2020,GELDING,"Eve Johnson Houghton",A:69,A:78,A:28,A:77,A:75,A:78
"ROC DE FER (IRE)",2023,COLT,"Sir Mark Prescott Bt",A:x,A:x,A:x,-,-,-
"ROCCOBEAR (IRE)",2023,GELDING,"J. R. Jenkins",A:57,A:60,A:61,A:65,A:x,A:x
"ROCHELLE (FR)",2021,FILLY,,A:64,A:70,T:79,A:x,A:x,T:x
"ROCHEVAL (FR)",2020,GELDING,"Lucinda Russell & Michael Scudamore",H:0,H:114,H:114,H:110,H:0,H:x
"ROCHFORTBRIDGE (IRE)",2023,GELDING,"Adrian Keatley",A:66,T:88,T:99,T:99,T:x,-
"ROCK ARMOUR (IRE)",2021,GELDING,"David Thompson",T:0,T:39,T:41,T:46,A:25,A:40
"ROCK DJ (IRE)",2020,GELDING,"Mark Walford",H:106,H:99,H:105,H:x,H:x,H:x
"ROCK HURLEY (FR)",2018,GELDING,"Donald McCain",H:98,H:95,H:77,H:64,H:33,H:107
"ROCK IGUANA (IRE)",2022,GELDING,"Kevin Philippart de Foy",A:75,A:80,A:77,T:71,A:x,A:x
"ROCK MASTER (IRE)",2022,GELDING,"Tony Carroll",A:26,A:41,A:34,A:39,A:37,A:45
"ROCK MELODY (IRE)",2019,FILLY,,T:66,T:64,T:55,T:65,T:72,T:70
"ROCK MY WAY (IRE)",2018,GELDING,"Joe Tizzard",S:133,S:138,S:136,S:119,S:140,S:123
"ROCK N IT (IRE)",2022,GELDING,,T:28,T:36,T:40,A:48,T:51,A:x
"ROCK N ROLL CHAMP (IRE)",2018,GELDING,"Sandy Forster",H:0,H:65,S:51,H:66,H:69,H:72
"ROCK N ROLL PINKIE (GB)",2020,FILLY,"Ivan Furtado",T:82,T:84,A:84,T:65,T:85,T:82
"ROCK OF DESTINY (GB)",2023,FILLY,"Luke Dace",T:x,A:x,T:x,-,-,-
"ROCK OF ENGLAND (IRE)",2020,GELDING,"Paul Midgley",T:59,A:66,A:40,A:61,A:56,T:62
"ROCK ON CASSIE (IRE)",2016,FILLY,"Richard Armson",H:0,H:0,H:0,H:90,H:0,-
"ROCK ON JET (IRE)",2019,GELDING,"George Bewley",S:70,S:100,S:0,H:111,S:110,H:113
"ROCK ON MAX (IRE)",2021,GELDING,"R. Mike Smith",H:x,H:x,H:x,-,-,-
"ROCK ON THUNDER (IRE)",2023,COLT,"Kevin Ryan",T:84,T:75,T:110,T:100,T:95,T:x
"ROCK ON TOMMY (GB)",2015,GELDING,,H:0,H:61,H:67,H:77,H:82,H:58
"ROCK OPERA (GB)",2020,GELDING,"Richard & Peter Fahey",T:69,T:69,T:66,T:58,T:59,T:75
"ROCK WALK (URU)",2020,COLT,,A:53,A:70,T:64,T:78,-,-
"ROCKAFELLER SKANK (IRE)",2023,COLT,"Richard Spencer",T:x,T:x,T:x,-,-,-
"ROCKET ROD (IRE)",2017,GELDING,"Geoffrey Harker",A:40,A:32,A:63,A:66,A:24,A:65
"ROCKIN' THE BOAT (IRE)",2022,FILLY,"David Menuisier",T:83,T:69,A:80,T:79,T:81,T:82
"ROCKINASTORM (IRE)",2017,GELDING,"Henry Daly",S:111,S:110,S:110,S:111,S:116,S:107
"ROCKING ENDS (GB)",2020,GELDING,"Tom Clover",T:82,A:82,T:93,T:90,T:58,T:83
"ROCKING MAN (FR)",2019,GELDING,"Sam Thomas",H:x,H:x,H:x,N:x,N:x,N:x
"ROCKIT TOMMY (GB)",2020,GELDING,,A:62,T:64,T:75,T:78,A:16,T:39
"ROCKLAW (GB)",2023,FILLY,"Michael & David Easterby",T:25,T:29,T:x,A:x,A:x,-
"ROCKOLA VOGUE (IRE)",2019,FILLY,"David Killahena & Graeme McPherson",H:126,H:119,H:119,H:121,H:128,H:121
"ROCKS UP LATE (IRE)",2020,GELDING,"Ben Pauling",S:102,S:81,S:92,S:92,S:99,S:0
"ROCKSTAR ICON (IRE)",2021,GELDING,,A:24,A:44,A:50,A:57,A:48,T:62
"ROCKVALE (IRE)",2019,GELDING,"Sam Allwood",S:73,S:62,H:67,S:75,H:x,H:x
"ROCKVIEW ROMAN (IRE)",2016,GELDING,,T:34,-,-,-,-,-
"ROCKYMOUNTAINWAY (GB)",2021,FILLY,,T:55,A:87,T:51,T:85,T:86,T:75
"RODNEY (IRE)",2019,GELDING,"Kerry Lee",S:131,S:129,S:126,S:114,S:96,S:110
"RODNEY BAY (IRE)",2017,GELDING,,S:0,H:84,-,-,-,-
"RODOYA (IRE)",2022,FILLY,"Julie Camacho",A:67,A:14,T:47,-,-,-
"ROE AND CO (IRE)",2018,GELDING,"Shaun Lycett",S:0,S:0,S:104,S:100,S:100,S:66
"ROGER HENRY (IRE)",2020,GELDING,"Lizzie Quinlan",A:28,A:29,A:73,T:x,A:70,A:72
"ROGER POL (IRE)",2018,GELDING,"Jamie Snowden",H:99,H:124,H:130,H:128,H:118,H:111
"ROGER RAREBIT (GB)",2017,GELDING,,S:104,S:107,S:108,S:0,S:101,S:106
"ROGERS DREAM (GB)",2021,FILLY,"Gihan Arnolda",T:34,T:40,T:25,T:x,T:x,T:x
"ROGUE ALLEGIANCE (IRE)",2022,GELDING,"James Owen",T:73,T:70,T:72,A:55,A:60,A:66
"ROGUE ATTRACTION (IRE)",2023,FILLY,"Edward Bethell",T:75,T:27,T:x,T:x,-,-
"ROGUE BULLET (IRE)",2022,GELDING,"James Owen",T:49,A:53,T:53,T:76,T:72,T:72
"ROGUE CITATION (IRE)",2023,FILLY,"Edward Bethell",A:56,A:x,T:x,-,-,-
"ROGUE DANCER (IRE)",2022,FILLY,,A:68,A:13,A:68,T:54,A:49,T:68
"ROGUE DE VEGA (GB)",2020,GELDING,"Antony Brittain",A:59,A:56,A:53,A:39,A:43,A:42
"ROGUE DEFENCE (GB)",2023,GELDING,"Jack Jones",T:x,A:x,-,-,-,-
"ROGUE DESIRE (FR)",2023,FILLY,"Jack Morland",A:x,A:x,T:x,-,-,-
"ROGUE DIPLOMAT (IRE)",2022,COLT,"James Owen",T:95,T:98,T:95,T:93,A:89,T:84
"ROGUE DYNASTY (GB)",2022,FILLY,"James Owen",A:65,A:69,T:36,T:66,T:69,T:65
"ROGUE EMPIRE (GB)",2022,GELDING,"Roger Teal",T:66,A:59,A:39,A:64,A:65,A:x
"ROGUE ENCORE (GB)",2021,GELDING,"Peter Chapple-Hyam",A:66,A:73,A:74,A:85,A:86,T:69
"ROGUE ENDEAVOUR (IRE)",2022,GELDING,,A:7,A:43,A:18,T:1,T:35,T:31
"ROGUE ENFORCER (GB)",2021,GELDING,"Archie Watson",T:80,T:70,T:0,T:61,T:x,T:x
"ROGUE ICON (IRE)",2023,GELDING,,A:0,A:60,T:x,T:x,T:x,-
"ROGUE IDENTITY (GB)",2022,GELDING,,A:60,A:60,A:52,A:58,T:x,T:x
"ROGUE IMPACT (GB)",2022,GELDING,"James Owen",T:74,A:64,A:73,A:47,A:63,T:83
"ROGUE JUSTICE (GB)",2022,GELDING,,A:24,H:55,A:61,A:57,T:49,T:x
"ROGUE LIGHTNING (IRE)",2020,GELDING,"Tom Clover",T:91,A:91,T:104,T:96,T:105,T:92
"ROGUE MESSIAH (IRE)",2023,GELDING,"James Owen",A:87,A:x,T:x,T:x,-,-
"ROGUE MILLIONS (GB)",2022,GELDING,"Edward Bethell",T:90,T:82,T:96,T:96,T:x,T:x
"ROGUE OFFICER (IRE)",2022,GELDING,"Antony Brittain",T:0,A:8,A:45,T:62,A:52,A:60
"ROGUE REBELLION (GB)",2023,COLT,"Ronald Harris",T:27,T:51,T:39,A:49,A:51,A:38
"ROGUE SENSATION (GB)",2022,FILLY,,A:69,T:72,T:65,T:94,T:86,T:91
"ROGUE SOLDIER (IRE)",2020,GELDING,"Max Young",A:0,A:0,A:39,A:12,T:x,A:40
"ROGUE SUPREMACY (GB)",2023,GELDING,"Archie Watson",T:78,T:77,A:85,A:88,A:92,A:88
"ROGUE TEMPTATION (IRE)",2023,FILLY,"Edward Bethell",T:60,T:69,A:71,T:60,T:83,T:x
"ROGUE THUNDER (GB)",2020,GELDING,,A:25,A:41,A:41,A:35,A:43,A:29
"ROHILLA (IRE)",2021,FILLY,,A:0,A:13,A:0,T:37,M:41,T:44
"ROHINI (GB)",2023,FILLY,"Joey Ramsden",A:x,A:x,T:x,-,-,-
"ROI DU RISK (FR)",2021,GELDING,"Henrietta C Knight",H:92,H:x,H:x,H:x,N:x,N:x
"ROI DU ROUME (FR)",2020,GELDING,"Mickey Bowen",S:65,H:73,H:79,H:x,H:x,H:x
"ROI LION (FR)",2018,GELDING,,S:0,H:x,-,-,-,-
"ROKER ROAR (IRE)",2023,COLT,"Andrew Balding",A:x,A:x,T:x,-,-,-
"ROKUNI (IRE)",2022,GELDING,"Charlie Wallis",T:3,A:27,A:40,A:45,A:49,T:22
"ROLAND GARROS (GB)",2021,GELDING,"Hayley Burton",T:34,T:68,H:66,H:x,A:64,H:x
"ROLLING LUCK (GB)",2022,GELDING,,A:40,A:24,A:44,M:47,T:46,T:47
"ROMAN DRAGON (GB)",2019,GELDING,"Hugo Palmer",T:93,T:100,T:84,T:88,T:95,T:100
"ROMAN EMPEROR (GB)",2021,GELDING,"John Ryan",A:49,A:45,A:47,A:13,A:50,A:44
"ROMAN QUEST (IRE)",2023,COLT,,A:x,A:x,A:x,-,-,-
"ROMAN SECRET (IRE)",2021,FILLY,"Kevin & Lauren Frost",A:49,A:56,A:42,T:50,T:55,T:56
"ROMAN SPRING (IRE)",2020,GELDING,"Rachel Cook & John Bridger",T:42,T:50,T:56,A:56,A:60,T:54
"ROMANCE SPIRIT (IRE)",2023,FILLY,"Marco Botti",A:x,T:x,A:x,-,-,-
"ROMANCIER (FR)",2021,GELDING,,H:0,H:84,H:x,H:x,H:x,H:x
"ROMANOVICH (IRE)",2019,GELDING,"John O'Shea",T:39,T:53,T:53,A:53,A:57,A:53
"ROMANTIC SPIRIT (FR)",2022,FILLY,"David Menuisier",A:58,A:67,A:68,A:70,A:70,A:67
"ROMANTIC SYMPHONY (IRE)",2023,FILLY,"Charlie Appleby",T:81,A:x,T:x,-,-,-
"ROMANTIC TWILIGHT (GB)",2023,FILLY,"William Stone",T:52,T:63,T:77,A:x,T:x,T:x
"ROMANTICIZING (GB)",2023,COLT,"William Haggas",T:x,T:x,A:x,-,-,-
"ROMANY KING (GB)",2019,GELDING,"Charlie Longsdon",H:95,H:x,H:x,H:x,-,-
"ROMEO BROWN (GB)",2014,GELDING,"Joel Parkinson & Sue Smith",H:0,H:106,H:102,H:0,H:86,H:0
"ROMEO MONTAGUE (GB)",2023,GELDING,"Richard Spencer",A:68,A:71,A:x,T:x,T:x,-
"ROMEO'S GUARDIAN (GB)",2023,COLT,"Hugo Palmer",T:x,A:x,A:x,-,-,-
"ROMIEU (GB)",2021,GELDING,"Adrian Keatley",T:77,A:91,T:50,T:90,T:x,-
"RON O (GB)",2018,GELDING,"Ray Craggs",T:34,T:74,T:83,A:58,T:89,T:81
"RONNIES REFLECTION (GB)",2018,GELDING,"Ben Case",S:52,S:81,S:85,S:84,S:0,S:82
"ROOM FOURTEEN (GB)",2023,FILLY,"James Fanshawe",T:73,T:72,A:x,A:x,A:x,A:x
"ROOM SERVICE (IRE)",2021,GELDING,"Jamie Osborne",T:98,T:89,T:108,T:105,T:105,T:108
"ROOSKA (GER)",2020,GELDING,,A:50,A:54,A:57,A:58,A:49,T:45
"RORY (GB)",2018,GELDING,,A:31,A:43,A:47,A:43,A:42,A:39
"RORY ROCKET (GB)",2022,GELDING,"Gary & Josh Moore",T:49,A:61,A:28,A:33,T:47,T:61
"RORY THE CAT (IRE)",2020,GELDING,,H:0,H:74,T:31,T:46,T:45,T:51
"RORY'S GOLD (IRE)",2022,GELDING,"Simon Waugh",T:55,A:60,T:49,A:56,A:x,A:x
"RORY'S ROYALE (GB)",2022,GELDING,"Simon Hodgson",A:61,A:58,A:59,A:x,A:x,T:x
"ROSA DIAZ (IRE)",2020,FILLY,"Philip Kirby",S:80,H:76,H:89,H:x,H:x,H:x
"ROSA INGLESA (GB)",2023,FILLY,"Charlie Fellowes",T:85,T:76,T:73,A:x,T:x,-
"ROSARIO (IRE)",2021,GELDING,"Roger Teal",T:69,T:80,A:92,T:73,T:94,T:94
"ROSCIOLI (GB)",2018,GELDING,,A:50,T:38,T:52,T:49,T:60,T:42
"ROSCO ROGERS (IRE)",2022,GELDING,"Tim Vaughan",A:19,A:28,A:54,A:54,A:52,A:54
"ROSE COTTON (GB)",2022,FILLY,"Tom Clover",T:64,A:75,A:75,A:75,T:x,T:x
"ROSE GHAIYYATH (IRE)",2023,FILLY,"Richard Hughes",T:102,T:102,-,-,-,-
"ROSE LIGHT (GB)",2019,FILLY,,H:x,H:x,H:x,A:0,T:39,T:45
"ROSE OF HONOUR (IRE)",2022,FILLY,"James Tate",T:91,A:x,A:x,-,-,-
"ROSE OF NEW JERSEY (GB)",2022,FILLY,,A:22,A:49,T:43,T:49,T:43,T:57
"ROSE WARRIOR (GB)",2022,GELDING,"Jennie Candlish",T:32,A:0,A:46,A:0,T:51,T:x
"ROSE'S DART (GB)",2021,FILLY,"Michael & David Easterby",H:93,H:101,H:48,H:65,H:x,H:x
"ROSEMARY MAY (IRE)",2022,FILLY,"Tim Easterby",T:40,T:35,T:51,T:56,T:32,T:x
"ROSEMARY'S ROSE (IRE)",2022,FILLY,"Rod Millman",T:54,A:54,T:48,A:56,A:57,A:50
"ROSENPUR (GER)",2020,GELDING,"Jennie Candlish",T:84,T:75,T:80,A:64,T:80,T:80
"ROSERUNNER (GB)",2023,COLT,"Marco Botti",A:48,T:49,A:57,A:64,A:x,A:x
"ROSES ALL THE WAY (IRE)",2019,FILLY,"Donald McCain",H:x,H:x,H:x,H:x,H:x,H:x
"ROSIE BALOO (GB)",2020,FILLY,,H:107,H:109,H:x,H:x,H:x,H:x
"ROSIEISME DARLING (GB)",2023,FILLY,"Hayley Burton",T:56,A:53,T:48,A:58,A:59,A:46
"ROSSA RAHEEN (GB)",2023,FILLY,"Ollie Sangster",T:71,T:x,T:x,T:x,-,-
"ROSSBRIDGE (IRE)",2019,GELDING,"Donald McCain",S:106,H:90,H:96,H:x,N:x,-
"ROSSCAHILL (IRE)",2019,GELDING,"Nigel & Willy Twiston-Davies",S:0,S:0,H:118,H:x,H:x,-
"ROSSO LEVANTO (IRE)",2022,FILLY,"Gary Hanmer",H:x,H:x,H:0,A:0,A:38,T:0
"ROSTELLO (FR)",2015,GELDING,,S:69,S:84,S:0,S:102,S:75,S:78
"ROSY AFFAIR (GB)",2021,FILLY,"George Boughey",T:106,T:108,T:99,T:94,T:90,T:89
"ROTATION (GB)",2022,GELDING,,A:49,A:31,A:43,T:43,T:49,T:50
"ROTOKURA BELLE (GB)",2023,FILLY,"Ivan Furtado",A:66,T:59,T:70,A:54,A:64,A:46
"ROUANE (GB)",2023,FILLY,,T:x,T:x,T:x,-,-,-
"ROUNDHAY PARK (GB)",2015,GELDING,"Nigel Tinkler",T:44,T:45,T:56,T:51,T:62,T:61
"ROUSHAM (GB)",2023,GELDING,"Nigel Tinkler",T:63,T:x,T:x,A:x,-,-
"ROUSING ENCORE (IRE)",2020,GELDING,"Ruth Carr",T:81,T:63,T:75,T:82,A:88,T:87
"ROVINIA (GB)",2022,FILLY,"Roger Teal",T:46,T:35,T:45,T:39,A:50,A:0
"ROXBY BELLE (IRE)",2021,FILLY,"Mark Walford",H:77,H:78,H:79,H:x,H:x,H:x
"ROXHILL (IRE)",2019,GELDING,"Seamus Mullins",S:0,S:72,H:88,H:83,H:85,H:x
"ROYAL ACCORD (GB)",2022,GELDING,,A:74,A:51,T:74,T:69,T:62,A:65
"ROYAL BARONESS (GB)",2023,FILLY,"R. Mike Smith",T:43,T:x,T:x,T:x,-,-
"ROYAL BLAZE (GB)",2021,GELDING,"Ewan Whillans",T:39,T:58,A:58,A:61,A:62,A:31
"ROYAL BODYGUARD (IRE)",2023,GELDING,"Michael Bell",T:69,T:60,A:67,T:71,A:71,T:67
"ROYAL CAVE (IRE)",2019,FILLY,"Tom Fife",H:95,H:89,-,-,-,-
"ROYAL CHAMPION (IRE)",2018,GELDING,"K. R. Burke",T:119,T:113,T:115,A:113,A:110,T:114
"ROYAL COLLEGE (FR)",2021,COLT,"Gary Harrison",A:23,A:4,T:x,T:x,T:x,-
"ROYAL COUNTESS (GB)",2016,FILLY,,T:3,T:33,T:41,T:22,T:21,T:39
"ROYAL DEESIDE (GB)",2020,GELDING,"Patrick Morris",S:96,S:93,T:59,S:91,S:90,S:92
"ROYAL DRESS (IRE)",2020,FILLY,,T:95,T:106,T:94,T:96,T:83,T:98
"ROYAL DUKE (GB)",2021,GELDING,"R. Mike Smith",T:39,T:50,T:42,T:48,T:56,T:41
"ROYAL FIXATION (GB)",2023,FILLY,"K. R. Burke",T:86,T:110,T:111,T:109,T:x,-
"ROYAL INFANTRY (IRE)",2019,GELDING,"Dan Skelton",H:134,H:128,H:140,H:139,S:98,H:138
"ROYAL JET (GB)",2020,GELDING,"Tony Carroll",A:53,A:65,A:54,A:63,A:61,A:60
"ROYAL JEWEL (IRE)",2019,GELDING,"Philip Hobbs & Johnson White",S:132,S:132,S:131,S:127,S:98,S:129
"ROYAL MAGGS (GB)",2020,FILLY,"Mark Walford",H:73,H:85,H:85,H:x,H:x,H:x
"ROYAL MARK (FR)",2021,GELDING,"Sarah-Jayne Davies",H:x,H:x,H:x,N:x,N:x,N:x
"ROYAL MER (FR)",2018,GELDING,"David Pipe",S:121,S:119,S:103,S:114,S:111,S:102
"ROYAL MUSKETEER (GB)",2018,GELDING,"Steph Hollinshead",A:47,A:53,T:56,A:53,T:66,T:55
"ROYAL PLAYWRIGHT (GB)",2022,COLT,"Andrew Balding",A:106,T:102,T:106,T:107,T:99,T:104
"ROYAL PLEASURE (IRE)",2018,GELDING,"Karen Jewell",A:58,A:68,T:53,T:68,A:66,A:68
"ROYAL POETRY (IRE)",2023,FILLY,"Richard Hannon",T:38,T:77,A:x,A:x,A:x,-
"ROYAL POWER (FR)",2021,GELDING,"Charlie Appleby",T:104,T:100,A:x,A:x,-,-
"ROYAL RAMBLER (IRE)",2020,GELDING,"Emma Lavelle",H:108,H:130,H:113,H:119,H:x,H:x
"ROYAL RHYME (IRE)",2020,COLT,"K. R. Burke",T:106,T:117,T:107,T:112,T:113,T:110
"ROYAL RHYTHM (IRE)",2016,GELDING,"Jonjo & A.J. O'Neill",H:85,H:0,H:81,H:96,H:97,H:46
"ROYAL ROCKET (IRE)",2021,GELDING,"Emma Lavelle",H:x,H:x,H:x,N:x,-,-
"ROYAL SIZZLER (GB)",2023,FILLY,"Michael Dods",T:x,A:x,T:x,-,-,-
"ROYAL STANDARD (IRE)",2023,COLT,"Andrew Balding",A:x,T:x,T:x,-,-,-
"ROYAL VELVET (GB)",2021,FILLY,"William Knight",T:102,T:98,T:88,T:91,T:73,T:86
"ROYAL WAY (FR)",2020,GELDING,"Gary & Josh Moore",H:118,H:116,H:116,H:117,H:109,H:109
"ROYAL ZABEEL (IRE)",2021,GELDING,"Michael Appleby",T:102,T:101,A:110,T:78,T:98,T:103
"ROYALE GOODNIGHT (GER)",2022,FILLY,"Harry Charlton",T:67,A:78,T:66,A:x,-,-
"ROYALE PAGAILLE (FR)",2014,GELDING,,S:128,S:157,S:0,S:141,S:137,S:0
"ROYALIST (IRE)",2023,COLT,,T:65,A:55,A:50,T:x,T:x,T:x
"ROYALTY BAY (IRE)",2022,FILLY,"Seb Spencer",T:73,T:77,T:73,T:86,T:87,T:85
"ROYSSE (GB)",2019,GELDING,"Ben Pauling",H:117,H:86,S:94,S:112,S:62,S:101
"RUA MOR (IRE)",2022,GELDING,"Sam England",A:x,-,-,-,-,-
"RUBAUD (FR)",2018,GELDING,"Paul Nicholls",H:125,S:0,H:146,H:149,H:138,H:146
"RUBBER BALL (GB)",2020,GELDING,"Neil King",S:120,H:118,H:112,H:128,H:0,H:118
"RUBELLITE (IRE)",2020,FILLY,"Stephen Hanlon",A:60,A:56,A:58,A:52,A:59,A:59
"RUBY ISLAND (GB)",2017,FILLY,"Nicky Richards",S:130,S:127,S:126,S:123,S:118,S:125
"RUBY RED GOVE (GB)",2022,FILLY,"Ivan Furtado",A:65,A:73,A:71,A:x,A:x,A:x
"RUBY WEDDING (GB)",2023,FILLY,"Andrew Balding",T:72,T:x,T:x,T:x,-,-
"RUBY'S ANGEL (IRE)",2023,FILLY,"Hugo Palmer",T:86,T:81,A:70,T:80,T:72,T:x
"RUBY'S PROFIT (IRE)",2022,FILLY,"Dr Richard Newland & Jamie Insole",T:79,T:87,T:67,A:83,A:85,T:76
"RUGBY UNION (USA)",2023,COLT,"Gemma Tutty",A:x,-,-,-,-,-
"RUIZ (GB)",2023,GELDING,"Simon Dow",A:x,A:x,A:x,-,-,-
"RUKAANA (GB)",2021,GELDING,"Jonjo & A.J. O'Neill",H:85,H:100,H:100,H:96,H:80,A:74
"RULA BULA (IRE)",2019,FILLY,"Jonjo & A.J. O'Neill",H:110,H:100,H:121,H:124,H:97,H:x
"RULE ME IN (IRE)",2019,GELDING,"Christian Williams",S:53,S:62,S:63,S:84,S:52,S:90
"RULER LEGEND (IRE)",2019,GELDING,"Gary Hanmer",H:91,H:90,H:84,H:75,H:42,H:64
"RULER OF THE RIVER (IRE)",2020,FILLY,"Tom Fife",H:0,H:72,H:0,H:50,H:72,H:82
"RULER OF TIME (USA)",2023,GELDING,"Charlie Appleby",A:x,T:x,-,-,-,-
"RUM DIAMOND (GB)",2023,GELDING,"Max Comley",A:52,A:x,A:x,A:x,-,-
"RUM RUNNER (GB)",2015,GELDING,,T:36,T:36,T:35,T:39,T:43,A:24
"RUM THERAPY (IRE)",2023,FILLY,,A:52,T:48,T:62,T:67,T:65,T:64
"RUMBA BAY (GB)",2022,FILLY,,A:43,A:45,A:48,A:51,A:40,A:52
"RUMBA NUMBA (GB)",2022,FILLY,"Roger Varian",T:83,A:x,A:x,T:x,-,-
"RUMBUSTIOUS (GB)",2023,COLT,"Charlie Johnston",T:64,T:58,A:x,A:x,A:x,-
"RUMOURSAREFLYING (GB)",2018,GELDING,"Pam Sly",S:56,S:118,S:108,S:111,S:95,S:109
"RUMSTAR (GB)",2020,GELDING,"Jonathan Portman",T:110,T:101,T:108,T:112,T:93,T:96
"RUN AWAY JOE (IRE)",2020,GELDING,"Fergal O'Brien",H:50,H:x,H:x,H:x,N:x,-
"RUN BABY RUN (IRE)",2021,GELDING,"R. Mike Smith",H:x,H:x,H:x,H:x,H:x,H:x
"RUN BOY RUN (GB)",2021,GELDING,"Richard Spencer",T:94,T:100,T:94,T:58,T:94,T:85
"RUN OF LUCK (GB)",2021,GELDING,"Ed de Giles",A:40,T:53,T:54,T:55,T:57,T:50
"RUN THIS WAY (GB)",2018,FILLY,"Paul Midgley",T:58,T:51,T:41,A:38,A:33,T:52
"RUN TO FREEDOM (GB)",2018,COLT,"Henry Candy",T:112,T:93,T:100,T:110,T:103,T:103
"RUNAMARA (IRE)",2023,GELDING,"John & Rhys Flint",T:35,T:42,A:58,A:56,A:55,T:0
"RUNMAN (GB)",2023,COLT,"John & Thady Gosden",T:x,T:x,T:x,-,-,-
"RUNNING HOT (IRE)",2023,FILLY,,T:x,A:x,T:x,-,-,-
"RUNNING LION (GB)",2020,FILLY,,T:104,T:79,T:87,T:110,T:102,T:101
"RUNNING THE GAME (FR)",2020,GELDING,"Gary & Josh Moore",A:59,A:69,T:15,T:63,A:69,A:75
"RUNNINMAN (IRE)",2023,GELDING,,A:45,A:42,A:37,A:46,A:41,A:52
"RUNNINSONOFAGUN (IRE)",2022,GELDING,"Tristan Davidson",T:56,T:51,A:61,A:65,A:63,T:53
"RUNSWICK (IRE)",2023,COLT,"Ed Dunlop",T:78,T:69,T:x,T:x,T:x,-
"RUPERT RITZIK (IRE)",2023,GELDING,,T:0,A:31,T:0,T:x,T:x,T:x
"RUPERT THE PRINCE (IRE)",2022,GELDING,"Rebecca Menzies",T:58,H:x,T:61,H:x,T:62,T:57
"RUSHEEN BOY (GB)",2021,GELDING,"Julia & Shelley Birkett",T:52,A:54,A:60,A:56,A:60,A:53
"RUSSET GOLD (GB)",2020,GELDING,"Kevin Ryan",T:87,T:87,T:87,T:90,T:84,T:90
"RUSSIAN RUMOUR (IRE)",2017,FILLY,"Jonathan Portman",T:79,T:80,T:79,T:70,T:66,M:71
"RWENEARLYTHEREDAD (GB)",2020,GELDING,"Declan Carroll",T:54,T:50,T:62,T:53,A:58,A:61
"RYAN'S ROCKET (IRE)",2018,GELDING,"Fergal O'Brien",S:139,S:111,S:0,S:134,S:0,S:121
"RYDALE FROSTY (GB)",2023,GELDING,"David Simcock",T:90,T:86,T:89,T:78,T:96,T:x
"RYDER'S ROCK (GB)",2018,FILLY,"Joe Tizzard",S:62,H:80,S:41,S:74,S:84,H:0
"RYE (GB)",2022,FILLY,"Tony Carroll",T:59,A:58,A:59,A:58,A:58,A:53
"RYEBRIDGE (IRE)",2020,GELDING,"Joel Parkinson & Sue Smith",H:113,H:107,H:107,H:94,H:x,H:x
"RYEFIELD (GB)",2023,GELDING,"Lawrence Mullaney",A:42,A:55,T:37,T:9,T:x,T:x
"RYKA (IRE)",2022,FILLY,"David O'Meara",T:84,T:87,T:84,T:67,T:81,T:x
"SAACHI (IRE)",2021,GELDING,"Ian Williams",H:0,A:51,A:51,H:57,A:38,H:x
"SAAHIR (IRE)",2022,GELDING,"Gihan Arnolda",A:41,A:53,A:55,A:x,A:x,A:x
"SAARISELKA (GB)",2022,FILLY,,T:66,T:81,T:76,T:71,T:86,T:83
"SABA DESERT (GB)",2023,COLT,"Charlie Appleby",T:90,T:108,T:x,-,-,-
"SABER STRIKE (IRE)",2023,COLT,"William Haggas",T:108,T:x,-,-,-,-
"SACCARY (GER)",2019,GELDING,"David Pipe",H:89,H:84,H:82,H:78,H:66,H:66
"SACRED FIRE (GB)",2022,GELDING,"John & Thady Gosden",A:x,T:x,-,-,-,-
"SACRED GROUND (GB)",2023,FILLY,"John & Thady Gosden",T:98,T:97,T:93,T:x,-,-
"SADDADD (IRE)",2022,COLT,"Roger Varian",T:115,T:107,T:107,T:101,T:x,A:92
"SADDLE UP (IRE)",2023,GELDING,,A:34,A:x,A:x,A:x,-,-
"SADIIKI (GB)",2021,FILLY,"Fred Watson",T:18,A:31,A:29,A:35,A:37,A:28
"SAECULAMATION (IRE)",2023,GELDING,"George Margarson",T:48,T:46,T:47,A:34,A:33,A:50
"SAFARI DREAM (IRE)",2020,GELDING,"Rod Millman",T:55,T:72,T:64,A:67,T:63,T:68
"SAFE AND SOUND (GB)",2022,FILLY,"Oliver Cole",A:49,A:62,A:67,T:x,T:x,A:x
"SAFE DESTINATION (GB)",2018,GELDING,"Nigel & Willy Twiston-Davies",S:0,S:0,S:103,S:109,S:109,S:104
"SAFE HARBOR (GB)",2023,FILLY,"Marco Botti",T:67,A:61,A:x,A:x,A:x,-
"SAFE ZONE (IRE)",2023,FILLY,"Lawrence Mullaney",A:x,A:x,A:x,-,-,-
"SAFFREDI (GB)",2021,GELDING,,A:47,A:38,T:61,T:57,T:63,T:61
"SAFFRON DANDY (IRE)",2023,FILLY,"Richard Hannon",T:71,T:67,A:77,A:65,A:81,A:78
"SAFIO'S PRINCESS (GB)",2021,FILLY,"Simon Whitaker",A:10,A:16,A:28,A:23,A:0,A:31
"SAGE GREEN (IRE)",2020,GELDING,"Syd Hosie",H:105,S:99,S:0,H:108,H:104,H:87
"SAGREMOR (IRE)",2023,GELDING,"David Menuisier",T:65,A:63,A:57,T:66,T:56,T:x
"SAHANA (GB)",2022,FILLY,"David Simcock",A:70,A:69,A:63,A:70,T:68,T:65
"SAHARA KING (GB)",2023,COLT,"Richard Hannon",T:101,T:95,T:x,A:x,-,-
"SAHARA MAGIC (GB)",2023,FILLY,"Michael Appleby",T:61,A:62,A:x,A:x,A:x,-
"SAHM NAIF (IRE)",2023,GELDING,"James Horton",A:x,A:x,T:x,-,-,-
"SAIDHA (GB)",2022,FILLY,,A:33,A:29,A:49,T:52,T:52,A:51
"SAIL ON SAILOR (GB)",2023,GELDING,"Simon Dow",T:58,A:55,A:55,A:48,A:x,T:x
"SAILING BY (IRE)",2021,GELDING,,H:87,H:x,H:x,H:x,N:x,N:x
"SAILOR BATT (IRE)",2023,GELDING,"David & Nicola Barron",T:60,A:63,A:54,A:63,T:58,T:60
"SAILOR SONG (GB)",2023,GELDING,,T:63,A:x,T:x,A:x,-,-
"SAILTHISSHIPALONE (GB)",2021,GELDING,"Ivan Furtado",T:77,T:78,A:68,T:75,T:70,T:68
"SAINT CYR DE PAIL (FR)",2019,GELDING,"Mrs Jane Williams",S:104,S:99,S:0,S:95,S:102,S:94
"SAINT DAVY (FR)",2017,GELDING,,S:115,S:132,S:132,S:0,S:119,S:0
"SAINT ETIENNE (GB)",2020,GELDING,"Brian Ellison",T:81,T:91,T:89,A:91,-,-
"SAINT LAWRENCE (IRE)",2018,GELDING,"Kevin Ryan",T:86,T:79,T:82,T:84,T:79,T:71
"SAINT OF THE SEA (GB)",2023,COLT,"Michael Appleby",T:52,A:x,A:x,T:x,-,-
"SAINT PALAIS (FR)",2017,GELDING,"Richard Bandey",S:127,S:125,H:109,H:82,H:121,H:123
"SAINT POLO (FR)",2020,GELDING,"Jennie Candlish",S:66,H:97,H:100,H:x,H:x,H:x
"SAINT SEGAL (FR)",2018,GELDING,"Mrs Jane Williams",S:0,S:0,S:149,S:155,S:155,S:152
"SAINT TERRY (IRE)",2021,GELDING,,A:16,A:37,A:14,A:9,T:x,T:x
"SAINT VIC (FR)",2019,GELDING,"Anthony Day",H:75,H:78,H:54,H:66,H:79,H:41
"SAINTE DOCTOR (FR)",2016,FILLY,,S:110,S:122,S:121,S:123,S:123,S:118
"SAISONS D'OR (IRE)",2015,GELDING,"Jedd O'Keeffe",T:53,A:60,A:58,A:49,A:60,A:47
"SALADINS SON (IRE)",2018,GELDING,"Anthony Honeyball",S:112,S:122,S:117,S:122,S:122,S:120
"SALAM DUBAWI (GB)",2022,GELDING,"Jim Goldie",T:63,T:87,T:55,-,-,-
"SALAMANCA CITY (IRE)",2021,FILLY,"James Fanshawe",T:79,T:80,T:70,T:77,A:78,T:78
"SALAMIS BAY (GB)",2023,FILLY,"Gay Kelleway",T:x,A:x,A:x,-,-,-
"SALARIA (IRE)",2022,FILLY,"Charlie Clover",T:76,T:71,T:61,A:73,A:61,A:69
"SALIGO BAY (IRE)",2018,GELDING,"Sam England",H:120,H:103,H:123,H:116,H:112,H:108
"SALIKO (GB)",2022,FILLY,"Jack Jones",T:62,T:56,T:55,A:68,A:73,T:74
"SALKADAN (GB)",2023,GELDING,"Dan Skelton",T:68,A:66,A:x,T:x,T:x,-
"SALLAAL (IRE)",2022,GELDING,"Roger Varian",T:105,T:102,T:103,T:x,T:91,T:x
"SALLEY GARDENS (IRE)",2016,GELDING,"Jake Coulson",S:72,S:98,S:106,S:111,S:108,S:114
"SALLY ANNE'S DREAM (GB)",2021,FILLY,"Suzzanne France",A:x,T:24,A:x,T:22,A:14,T:33
"SALLYVILLE LADY (IRE)",2020,FILLY,"Dan Skelton",H:x,H:106,H:x,H:x,-,-
"SALVE ELECTRA (IRE)",2022,FILLY,,A:18,A:57,A:56,T:47,T:65,T:x
"SALVER (FR)",2020,GELDING,"Gary & Josh Moore",S:144,S:150,S:149,S:144,S:148,S:138
"SAM BROWN (GB)",2012,GELDING,,S:0,S:117,S:146,S:141,S:155,S:141
"SAM'S AMOUR (GB)",2017,FILLY,"Keiran Burke",H:61,H:0,H:74,H:88,S:0,H:91
"SAM'S FALCON (GB)",2019,GELDING,,H:58,H:21,H:0,H:68,S:0,H:x
"SAM'S HOPE (GB)",2020,FILLY,"Martin Dunne",T:71,A:65,A:76,A:71,A:70,A:79
"SAM'S XPRESS (IRE)",2020,GELDING,"Julia & Shelley Birkett",A:56,A:64,A:72,A:72,A:70,A:72
"SAMBEZI (FR)",2016,GELDING,"Mrs L. Pomfret",H:103,H:83,H:93,H:99,H:94,H:0
"SAMRA GREEN (IRE)",2023,FILLY,"K. R. Burke",T:86,T:84,T:x,-,-,-
"SAMRA STAR (IRE)",2021,FILLY,"Linda Perratt",T:48,T:51,A:56,A:56,A:49,A:62
"SAMUEL COLT (IRE)",2021,GELDING,"Amanda Perrett",T:81,T:76,T:86,T:71,A:79,-
"SAMUEL SPADE (GER)",2019,GELDING,"Ben Pauling",S:102,H:87,H:116,H:125,H:88,H:114
"SAN FRANCISCO BAY (IRE)",2019,GELDING,"Henry Candy",T:45,T:0,T:56,A:59,T:48,T:58
"SAN JUANITO (GB)",2022,GELDING,"Mike Murphy",A:73,T:55,T:38,T:80,T:74,A:87
"SAN MUNOZ (GB)",2022,GELDING,,A:44,A:38,T:45,T:64,T:64,T:69
"SANAAM (IRE)",2023,GELDING,"Simon & Ed Crisford",T:72,A:x,T:x,T:x,-,-
"SANAFI ZABEEL (FR)",2021,GELDING,"Jim Goldie",T:66,T:62,T:57,-,-,-
"SANAT (IRE)",2021,GELDING,,A:33,T:58,T:55,A:56,T:74,A:82
"SANBONA (IRE)",2022,GELDING,"Michael Dods",T:14,T:41,A:12,A:31,A:57,A:34
"SAND GAZELLE (GB)",2022,FILLY,"John & Thady Gosden",T:87,T:87,T:90,T:105,T:99,T:95
"SAND LILY (GB)",2023,FILLY,"Karen Jewell",A:43,A:49,T:x,T:x,T:x,-
"SANDITON (IRE)",2022,GELDING,"Charlie Johnston",A:46,A:44,A:44,A:50,A:51,A:42
"SANDRET (IRE)",2016,GELDING,"Sam England",T:65,T:62,T:63,A:55,A:55,A:56
"SANDS OF DUBAI (GB)",2022,FILLY,,A:33,A:28,A:31,A:37,A:53,A:50
"SANDS OF HAVANA (GB)",2022,FILLY,,A:50,A:49,A:38,A:60,A:55,A:56
"SANDS OF JOSEPI (IRE)",2023,GELDING,"Brian Ellison",T:48,A:63,A:x,T:x,A:x,-
"SANDS OF SEVE (GB)",2023,GELDING,"Gary Harrison",T:26,A:44,A:12,A:55,A:26,A:15
"SANDS OF SPAIN (IRE)",2023,COLT,,T:90,T:72,T:88,T:78,T:93,A:x
"SANDSCAPE (GB)",2020,GELDING,"Henry Daly",S:82,S:82,H:73,H:90,H:92,H:97
"SANDSCREENDELIVERD (GB)",2022,GELDING,"Peter Crate",T:66,T:74,A:72,A:61,T:40,T:72
"SANDY CRAIC (IRE)",2023,FILLY,"David O'Meara",T:64,T:x,A:x,T:71,T:x,T:x
"SANGARA (IRE)",2022,FILLY,"Sheena West",A:22,T:51,T:34,T:51,T:45,A:19
"SANILAM (IRE)",2020,GELDING,"Sandy Thomson",H:0,H:127,H:x,H:x,H:x,H:x
"SANITISER (GB)",2019,GELDING,"Gary & Josh Moore",S:80,S:104,S:104,S:100,S:98,S:91
"SANIYAAT'S STAR (GB)",2023,COLT,,T:36,T:x,T:70,T:x,A:x,T:x
"SANNY DOO (GB)",2023,GELDING,"Jim Goldie",T:x,T:x,A:x,-,-,-
"SANS BRUIT (FR)",2018,GELDING,"Paul Nicholls",S:108,S:128,S:130,S:123,S:126,S:132
"SANS OF GOLD (IRE)",2018,GELDING,"Jimmy Frost",S:0,S:43,S:0,S:52,S:35,S:21
"SANSANETTI (IRE)",2022,FILLY,"Stuart Williams",T:47,A:61,A:57,A:55,T:42,T:54
"SANT ALESSIO (IRE)",2021,GELDING,"Joe Tickle",A:58,A:70,T:68,T:4,T:68,T:25
"SANTA CLARITA (FR)",2018,FILLY,"William Young Jnr",H:0,H:0,H:0,H:85,H:0,H:92
"SANTA SABINA (GB)",2017,FILLY,"Richard Phillips",H:74,H:x,H:x,H:x,-,-
"SANTORINI STAR (IRE)",2021,FILLY,"William Haggas",T:109,T:107,T:102,T:88,T:94,T:89
"SANTOS BLUE (GB)",2017,GELDING,"Olly Murphy",H:139,H:140,H:133,H:129,H:142,H:134
"SAO CARLOS (GB)",2018,GELDING,"Lizzie Quinlan",S:0,H:0,S:0,H:63,H:82,H:0
"SAPPHIRE PRINCESS (GB)",2022,FILLY,"Kevin Ryan",A:x,A:x,T:x,-,-,-
"SAPPHIRE SIROCCO (GB)",2021,FILLY,"Barry Murphy",T:48,A:41,A:48,A:48,A:46,A:46
"SAPPHIRE STEPS (IRE)",2023,FILLY,"Richard Hannon",T:78,T:82,T:71,T:76,T:88,T:x
"SAQQARA SANDS (GB)",2022,FILLY,,T:76,T:104,T:104,T:95,T:99,T:94
"SARA LA BELLE (IRE)",2023,FILLY,,T:65,-,-,-,-,-
"SARAB STAR (GB)",2022,COLT,"Jack Channon",T:98,A:54,A:97,A:96,A:93,A:x
"SARABI (GB)",2022,FILLY,"Michael Keady",A:41,A:48,A:30,A:36,A:25,A:46
"SARACEN BEAU (IRE)",2019,GELDING,"Dan Skelton",H:0,H:127,H:120,S:120,H:x,H:x
"SARAFINA MSHAIRI (GB)",2022,FILLY,"Edward Smyth-Osbourne",T:43,A:67,T:55,T:64,T:64,T:57
"SARATOGA GOLD (GB)",2018,GELDING,"Kevin & Lauren Frost",T:66,T:64,A:67,A:67,A:67,T:67
"SARGENT DENNIS (IRE)",2023,GELDING,"Jack Channon",T:x,A:x,A:x,A:x,-,-
"SASHAY AWAY (GB)",2023,FILLY,,A:43,A:48,A:x,T:x,A:x,-
"SASSICAIA (IRE)",2023,COLT,"Owen Burrows",T:74,A:x,A:x,-,-,-
"SASSIFIED (IRE)",2018,GELDING,,H:86,A:38,H:68,H:74,H:83,H:88
"SASSOON (GB)",2016,GELDING,,T:8,T:33,T:0,T:0,T:16,T:56
"SASSY GLORY (IRE)",2021,FILLY,"Mark Walford",T:37,A:46,A:48,T:19,A:47,A:36
"SATAVIA (GB)",2022,FILLY,,A:29,T:x,A:x,T:x,-,-
"SATTAM (GB)",2019,GELDING,"Dianne Sayer",H:93,H:93,H:80,H:88,H:82,H:x
"SATURDAY AGAIN (GB)",2023,FILLY,"Simon Dow",A:21,A:x,T:x,A:x,A:x,-
"SATURN SEVEN (IRE)",2020,FILLY,"Ross Burdon",A:0,A:41,A:57,-,-,-
"SATURNALIA (GER)",2020,GELDING,"J. S. Moore",T:9,A:44,A:48,T:57,T:27,A:58
"SATYRESS (GB)",2022,FILLY,"Harriet Bethell",T:x,A:41,T:42,A:x,T:x,A:x
"SAUCATS (FR)",2021,GELDING,"Joe Tickle",H:77,H:73,H:61,H:73,H:60,H:62
"SAUCY JANE (GB)",2023,FILLY,"Jack Morland",T:x,T:56,A:73,A:77,A:78,T:72
"SAVALAS (IRE)",2015,GELDING,"Adrian Wintle",A:37,T:8,T:43,T:36,T:47,A:46
"SAVANNAH GREY (IRE)",2022,FILLY,"Ollie Sangster",A:39,A:x,T:x,A:x,-,-
"SAVANNAH SMILES (IRE)",2020,FILLY,"Grace Harris",T:25,T:34,T:41,T:55,T:41,T:67
"SAVED LIZZIE (GB)",2020,FILLY,"John Butler",A:18,A:38,A:20,A:45,A:29,A:42
"SAVILE ROW (IRE)",2023,COLT,"Antony Brittain",-,-,-,-,-,-
"SAVROLA (IRE)",2019,GELDING,"Dianne Sayer",T:47,T:81,A:79,T:80,T:77,T:77
"SAVVI ROW (GB)",2023,GELDING,"Rod Millman",A:31,A:x,A:x,A:x,-,-
"SAVVY DISKO (IRE)",2023,COLT,"S. P. C. Woods",A:x,T:x,T:x,-,-,-
"SAVVY EXCHANGE (IRE)",2021,GELDING,,A:40,A:66,A:63,T:47,A:72,A:74
"SAVVY KINGDOM (GB)",2021,GELDING,,A:73,T:55,A:59,A:80,T:69,T:66
"SAVVY STELLAR (GB)",2022,GELDING,"Nigel Hawke",A:60,A:60,A:53,A:52,T:2,T:x
"SAVVY VICTORY (IRE)",2019,GELDING,"S. P. C. Woods",T:74,A:95,A:98,T:98,T:93,T:95
"SAWGRASS (GB)",2021,FILLY,,A:52,T:60,T:62,T:66,M:59,T:67
"SAWPIT SAMANTHA (GB)",2018,FILLY,"Jo Davis",S:0,S:17,S:66,H:0,H:0,H:61
"SAWPIT SIENNA (GB)",2015,FILLY,"Samuel Drinkwater",H:46,H:39,H:73,H:67,H:73,H:57
"SAX APPEAL (GB)",2020,GELDING,"Charlie Johnston",T:60,T:87,T:85,A:78,A:86,A:78
"SAXON CROSS (IRE)",2020,GELDING,"Stuart Edmunds",H:x,H:x,H:x,N:x,N:x,-
"SAXON GEM (IRE)",2023,FILLY,"Jim Goldie",T:42,T:x,T:x,T:x,-,-
"SAXON GRACE (IRE)",2023,FILLY,"Daragh Bourke",T:55,A:53,A:54,-,-,-
"SAXON KINGDOM (IRE)",2021,GELDING,,A:25,A:42,A:14,A:46,T:32,-
"SAXON PRINCE (GB)",2023,COLT,"John & Sean Quinn",T:54,A:65,A:63,A:x,A:x,A:x
"SAXON STREET (IRE)",2023,COLT,"John & Thady Gosden",T:103,T:105,A:x,-,-,-
"SAXONIA (GB)",2022,GELDING,,A:73,T:79,A:77,T:75,A:76,A:74
"SAXOPHONIC (GB)",2023,GELDING,"David Simcock",T:50,A:47,A:56,A:x,A:x,T:x
"SAXOPHONIST (IRE)",2023,GELDING,"David O'Meara",T:72,T:73,A:x,T:x,A:x,-
"SAY WHAT YOU SEE (IRE)",2022,GELDING,"Liam Bailey",A:77,T:70,T:75,T:78,A:73,A:73
"SAYEDAATI SAADATI (GB)",2023,COLT,,T:x,T:x,T:x,A:x,-,-
"SAYIDAH DARIYAN (IRE)",2022,FILLY,"Richard Hughes",T:103,T:86,T:101,T:108,T:107,T:99
"SAYIDAH HARD SPUN (GB)",2023,FILLY,"Richard Hughes",T:54,A:90,T:81,T:86,T:66,A:x
"SAYTARR (GB)",2022,GELDING,"James Horton",T:81,T:87,A:86,A:82,A:76,A:63
"SAYVA (IRE)",2020,GELDING,"Jonjo & A.J. O'Neill",S:91,S:93,S:109,H:101,H:0,H:119
"SCAIRP DUBH (GB)",2020,GELDING,"Joel Parkinson & Sue Smith",S:81,S:99,H:20,H:86,H:98,H:93
"SCAMMER (GB)",2022,GELDING,"Gary & Josh Moore",A:0,A:0,A:x,A:x,A:x,-
"SCARBOROUGHWARNING (GB)",2021,FILLY,,A:67,A:59,T:56,A:76,A:71,A:79
"SCARFACE (IRE)",2017,GELDING,"Joe Tizzard",S:136,S:130,S:115,S:0,S:136,S:0
"SCARFO (IRE)",2021,GELDING,"Bernard Llewellyn",A:28,T:29,T:32,A:39,A:38,T:39
"SCARLET JET (IRE)",2020,GELDING,"N. W. Alexander",S:118,S:105,H:x,H:x,H:x,H:x
"SCARLET MOON (GB)",2022,GELDING,"Archie Watson",T:70,H:x,H:111,H:118,H:115,H:114
"SCARLET SUNSET (GB)",2022,FILLY,"Ismail Mohammed",A:69,A:74,A:73,A:73,A:74,A:x
"SCARLET WIDOW (IRE)",2022,FILLY,,A:32,A:31,-,-,-,-
"SCARRIFF (IRE)",2018,FILLY,,T:0,T:40,T:37,T:40,T:53,T:52
"SCAVENGERS REIGN (IRE)",2020,FILLY,"James Owen",H:x,H:105,H:x,H:x,H:x,H:x
"SCENARIO (GB)",2022,FILLY,"Tony Carroll",T:42,A:51,T:54,A:47,A:46,A:32
"SCENT OF MAY (GB)",2022,FILLY,"Henry Candy",T:0,T:46,A:38,T:x,T:x,T:x
"SCEPTIC (IRE)",2020,GELDING,"Ian Williams",A:59,T:56,A:53,A:55,A:44,A:54
"SCHEFFLER (IRE)",2023,GELDING,"Adrian Nicholls",A:x,A:x,A:x,-,-,-
"SCHEMAYA (IRE)",2022,FILLY,"Richard Hannon",A:70,A:65,A:74,T:71,A:66,T:75
"SCHEMING (GB)",2022,FILLY,"Chris Dwyer",A:34,A:40,A:0,A:x,A:x,T:x
"SCHMILSSON (GB)",2019,GELDING,"Olly Murphy",S:107,S:100,S:122,S:119,H:112,H:112
"SCHOOL FOR SCANDAL (FR)",2015,GELDING,"Joe Tickle",S:0,S:76,S:0,S:65,S:77,S:54
"SCHRODINGER'S CAT (GB)",2023,GELDING,"Grant Tuer",T:66,T:82,T:80,T:x,T:x,T:x
"SCINTILLANTE (GB)",2020,GELDING,"Alastair Ralph",H:54,H:104,H:82,H:88,H:112,T:76
"SCORESBY (GB)",2017,GELDING,"Harry Ryall",H:63,H:83,H:67,H:x,H:x,N:x
"SCORPIO RISING (IRE)",2020,GELDING,"Olly Murphy",H:x,H:137,H:128,H:121,H:x,H:x
"SCORSESE (IRE)",2018,GELDING,"Neil Mulholland",S:96,S:122,S:122,S:120,S:115,S:115
"SCOTS POET (GB)",2016,GELDING,"Ewan Whillans",H:94,H:84,H:89,H:86,H:81,H:86
"SCOTTISH ANTHEM (GB)",2019,GELDING,"Stuart Edmunds",H:x,T:77,T:0,T:85,T:86,H:x
"SCOTTISH DANCER (IRE)",2019,GELDING,"Tim Reed",H:91,T:76,T:75,T:75,T:72,T:68
"SCOTTISH KING (IRE)",2016,GELDING,"Richard Armson",S:89,S:106,S:96,S:100,S:95,S:91
"SCOVILLE (GB)",2022,GELDING,"William Haggas",T:84,T:98,T:x,T:x,-,-
"SCRIABIN (FR)",2020,GELDING,"Lucinda Russell & Michael Scudamore",H:x,H:102,H:x,H:100,H:x,-
"SCRUMPYJACK (GB)",2021,GELDING,,H:0,H:x,H:x,H:x,N:x,-
"SCUDAMORE (FR)",2017,GELDING,,H:0,H:78,H:82,H:95,H:93,H:93
"SEA BAAEED (GB)",2022,GELDING,"Ian Williams",T:90,T:82,T:87,T:87,T:x,T:83
"SEA EMILY RUN (GB)",2022,FILLY,,A:69,T:59,T:86,T:77,T:84,T:x
"SEA FORCE (IRE)",2022,GELDING,"William Haggas",T:76,T:93,T:92,T:94,T:88,T:88
"SEA FOUNDER (GB)",2022,GELDING,"Richard Hughes",A:78,A:73,A:75,A:75,A:70,A:65
"SEA HER EXCEL (GB)",2023,FILLY,"Ivan Furtado",T:52,T:39,A:x,T:x,T:x,-
"SEA INVASION (IRE)",2018,GELDING,"Anthony Honeyball",H:99,S:114,S:104,H:109,S:116,S:85
"SEA JUST IN TIME (IRE)",2021,FILLY,,A:93,T:85,T:86,T:88,T:35,T:84
"SEA LANTERN (GB)",2022,GELDING,"Brian Ellison",T:x,-,-,-,-,-
"SEA LEGEND (FR)",2020,GELDING,"Jim Goldie",T:58,A:69,A:62,A:50,A:67,A:67
"SEA MASTER (GB)",2020,GELDING,"Ruth Carr",T:58,T:56,A:0,T:38,T:54,T:54
"SEA MEHALAH RUN (GB)",2023,FILLY,,T:35,A:x,A:x,T:x,-,-
"SEA OF CHARM (FR)",2018,FILLY,"Georgina Nicholls",T:48,T:57,A:60,A:60,A:63,T:49
"SEA OF KINGS (IRE)",2022,GELDING,"Harry Eustace",T:83,T:83,T:83,T:83,A:x,T:x
"SEA POETRY (IRE)",2022,FILLY,,T:86,T:81,T:78,T:64,T:x,A:x
"SEA SCOUT (IRE)",2022,COLT,"Simon & Ed Crisford",T:108,T:101,T:93,T:102,T:104,A:x
"SEA SUITE (IRE)",2022,GELDING,"James Owen",T:77,A:75,T:75,T:72,A:77,T:37
"SEA THE CLOUDS (IRE)",2017,GELDING,"James Moffatt",H:117,H:116,H:81,S:0,S:127,H:122
"SEA THE LIGHT (IRE)",2022,GELDING,"John Butler",A:68,A:69,A:73,T:66,T:x,A:x
"SEA THE POWER (FR)",2023,COLT,"Seb Spencer",T:62,T:52,T:x,T:x,T:x,-
"SEA THE STORM (FR)",2023,FILLY,"William Haggas",T:83,T:x,T:x,-,-,-
"SEA THRIFT (IRE)",2019,FILLY,"Daisy Hitchins",S:98,S:97,S:91,S:93,S:0,H:83
"SEA WARRIOR (IRE)",2019,GELDING,"Joe Tizzard",H:91,H:x,H:89,H:0,H:x,H:x
"SEACRUISER (IRE)",2022,GELDING,"Ralph Beckett",T:102,T:100,T:x,T:x,-,-
"SEAGOLAZO (IRE)",2022,GELDING,"Hugo Palmer",T:82,T:80,T:84,T:78,A:86,T:89
"SEAGULLS ELEVEN (IRE)",2022,GELDING,"Hugo Palmer",T:108,T:109,T:107,T:94,T:90,T:109
"SEAHOUSES (GB)",2020,GELDING,"Barry Brennan",H:90,H:90,H:70,H:92,H:92,H:94
"SEAMOON STORY (IRE)",2021,GELDING,"Charlie Longsdon",H:x,H:x,H:x,H:x,-,-
"SEAN OG (IRE)",2018,GELDING,"Dianne Sayer",S:108,S:96,S:68,S:85,S:106,S:104
"SEANCE (GB)",2023,FILLY,,A:45,A:x,T:x,A:x,-,-
"SEANIECON (IRE)",2021,GELDING,"Jonjo & A.J. O'Neill",H:x,H:x,H:x,H:x,-,-
"SEAPEARL (GB)",2023,FILLY,"Oliver Cole",A:4,A:x,A:x,A:x,-,-
"SEARCHINGTHEBLUES (GB)",2022,FILLY,"Mark Usher",A:61,A:65,A:48,A:51,A:64,A:69
"SEASMOKE (IRE)",2018,FILLY,"Billy Aprahamian",H:87,S:82,S:51,S:86,S:93,S:95
"SEATOIT (IRE)",2019,GELDING,,H:104,H:111,H:0,H:111,H:x,H:x
"SEATTLE CHIEF (GB)",2023,GELDING,"K. R. Burke",T:x,A:x,A:x,-,-,-
"SEAVIEW ROCK (GB)",2020,GELDING,"Charles & Adam Pogson",S:118,H:93,H:x,H:x,-,-
"SECOND AVENUE (GB)",2023,GELDING,,A:31,T:x,T:x,T:x,-,-
"SECOND COLLECTION (GB)",2016,FILLY,"Tony Carroll",A:39,A:43,A:48,A:44,A:42,A:43
"SECOND FIDDLE (IRE)",2019,FILLY,"Iain Jardine",T:47,T:22,A:52,A:64,A:70,A:62
"SECOND SUBALTERN (USA)",2016,GELDING,"Miss V. Thompson",H:76,H:85,H:x,H:x,N:x,N:x
"SECONDS COUNT (GB)",2022,FILLY,"Dr Richard Newland & Jamie Insole",A:28,A:53,A:54,T:x,T:x,A:x
"SECRET ALLIANCE (GB)",2022,GELDING,,T:17,A:x,A:x,A:x,-,-
"SECRET BEACH (IRE)",2021,GELDING,"Donald McCain",T:80,T:57,H:x,T:81,T:79,T:78
"SECRET DES DIEUX (FR)",2020,GELDING,"James Owen",S:142,S:140,S:130,S:120,S:124,S:126
"SECRET ECHO (IRE)",2023,FILLY,,T:71,T:x,T:x,T:x,-,-
"SECRET FORCE (IRE)",2022,GELDING,"Adrian Keatley",T:73,H:0,H:117,H:114,T:x,A:x
"SECRET GUEST (GB)",2020,GELDING,"Bryan Smart",T:77,T:76,T:61,A:69,A:55,A:83
"SECRET HANDSHEIKH (GB)",2018,GELDING,"John Gallagher",T:55,T:31,T:36,A:49,T:56,A:18
"SECRET HISTORY (IRE)",2023,FILLY,"Ed Walker",T:74,T:79,A:x,T:x,T:x,-
"SECRET MISTRAL (GB)",2020,FILLY,"Tony Carroll",A:47,A:74,T:73,T:72,T:68,T:36
"SECRET OF LIFE (GB)",2023,FILLY,"Ralph Beckett",T:x,A:x,-,-,-,-
"SECRET OF LOVE (GB)",2022,FILLY,,A:88,T:91,T:94,T:93,T:95,T:93
"SECRET PASS (GB)",2020,FILLY,,H:30,H:x,H:x,H:x,N:x,N:x
"SECRET ROAD (IRE)",2018,GELDING,"Laura Mongan",A:37,A:55,A:62,A:54,A:43,A:58
"SECRET SANTA (IRE)",2023,COLT,"Richard Hannon",T:87,T:x,T:x,T:x,-,-
"SECRET SECRET (IRE)",2016,GELDING,"James Moffatt",H:99,H:93,H:84,H:81,H:102,H:102
"SECRET SNIPER (GB)",2021,GELDING,"Hughie Morrison",H:100,H:x,H:x,H:x,N:x,N:x
"SECRET SONATA (GB)",2022,FILLY,,T:x,T:63,A:x,T:x,T:x,-
"SECRET SQUIRREL (GB)",2019,GELDING,"Hughie Morrison",H:116,H:119,H:131,H:133,H:132,H:130
"SECRET TESTIMONY (GB)",2023,GELDING,"Declan Carroll",T:51,A:45,A:50,A:60,T:31,T:x
"SECRET TRIX (GB)",2017,GELDING,"Olly Murphy",H:117,H:120,H:120,H:84,H:94,H:115
"SECRET VINO (GB)",2020,GELDING,"Tom Ellis",H:110,H:113,H:105,H:100,H:97,H:105
"SEDGEMOOR (IRE)",2021,GELDING,"John Ryan",T:24,T:55,A:36,A:55,A:48,A:51
"SEE BLUE (IRE)",2023,GELDING,"Richard Hughes",T:86,A:x,A:x,-,-,-
"SEE PARIS (GER)",2020,GELDING,,A:15,A:44,A:59,T:25,A:35,T:42
"SEE THAT SPARK (GB)",2023,GELDING,,A:x,A:67,A:x,A:x,T:x,T:x
"SEE THE FIRE (GB)",2021,FILLY,"Andrew Balding",T:110,T:101,T:116,T:109,T:116,T:116
"SEE THE GREEN (GB)",2021,GELDING,,H:97,H:98,H:99,H:100,H:94,A:38
"SEED INVESTOR (IRE)",2022,GELDING,,A:59,A:64,T:24,T:59,T:52,T:52
"SEEING STARS (GB)",2023,FILLY,"William Knight",A:68,A:x,A:x,A:x,A:x,-
"SEEKING CHARLES (FR)",2021,GELDING,"Mark Usher",H:x,H:x,A:27,T:69,A:23,T:72
"SEEKINGRAINBOWS (GB)",2018,FILLY,"Sarah Hollinshead",H:x,H:x,H:x,-,-,-
"SEEYAINTHESUNINN (GB)",2020,GELDING,"Micky Hammond",H:0,H:79,H:67,H:43,H:0,H:x
"SEEYOUINMYDREAMS (GB)",2018,FILLY,"Tom Ellis",S:104,H:x,H:121,H:121,S:120,H:120
"SELECTION (IRE)",2022,FILLY,"Ivan Furtado",T:76,T:75,A:62,A:59,A:77,A:75
"SELENIC (IRE)",2022,FILLY,"Sir Mark Prescott Bt",A:60,A:73,A:76,A:69,A:77,A:66
"SELF CHARGING (IRE)",2022,FILLY,,T:25,A:x,T:x,-,-,-
"SEMELE (GB)",2022,FILLY,"Lucy Wadham",T:x,A:x,A:x,N:x,N:x,N:x
"SEMPER FEMINA (IRE)",2023,FILLY,"Richard Hannon",T:x,T:x,A:x,-,-,-
"SEMSER (GB)",2017,GELDING,"Gary & Josh Moore",A:42,A:51,A:42,A:49,A:41,A:53
"SENATOR (FR)",2022,GELDING,"Jamie Snowden",H:x,H:x,H:111,H:103,-,-
"SENOR CAMPANARO (IRE)",2023,GELDING,"Ed Walker",T:44,T:54,A:65,A:52,A:x,T:x
"SENOR CORTEZ (IRE)",2021,GELDING,"John Butler",A:62,T:57,A:73,A:75,T:74,A:75
"SENOR DIAZ (IRE)",2019,GELDING,"Jimmy Frost",S:60,H:11,S:0,S:0,H:0,H:79
"SENORITA VEGA (IRE)",2023,FILLY,,T:81,T:97,T:91,T:88,T:79,T:85
"SENSE OF REASON (GB)",2021,GELDING,"Charlie Fellowes",H:x,H:x,H:88,H:x,H:x,A:49
"SENSE OF WORTH (IRE)",2016,GELDING,,A:23,A:35,A:25,A:49,A:58,A:66
"SENSEOFENTITLEMENT (IRE)",2020,GELDING,"Paddy Butler",T:0,A:42,A:30,T:26,A:0,T:0
"SEQUENTIAL (GB)",2023,FILLY,,A:23,A:29,A:x,A:x,A:x,-
"SERAPHIC (IRE)",2020,GELDING,"David Killahena & Graeme McPherson",H:92,T:48,A:67,A:59,A:64,A:59
"SERAPHIM ANGEL (GB)",2022,FILLY,"Ollie Sangster",T:66,T:69,A:52,T:82,T:69,T:48
"SEREN STAR (IRE)",2022,FILLY,"William Haggas",T:77,T:89,T:74,T:83,T:x,T:x
"SERENGETI (FR)",2022,COLT,"Mike Murphy",T:96,T:56,T:85,A:90,A:99,A:96
"SERENITY BLUE (GB)",2022,GELDING,"James Horton",T:67,A:86,T:75,T:61,T:x,T:x
"SERENITY DREAM (IRE)",2021,GELDING,"Tony Carroll",T:68,T:53,A:69,A:65,A:71,A:67
"SERGEANT CHAOS (GB)",2023,GELDING,,A:x,T:x,A:x,A:x,T:x,-
"SERGEANT MAYER (IRE)",2021,GELDING,"Nigel Tinkler",T:47,T:35,T:35,A:53,T:59,T:66
"SERGEANT PEP (IRE)",2020,GELDING,"Clive Cox",A:79,A:76,A:78,A:75,A:78,T:59
"SERGEANT WILKO (IRE)",2021,GELDING,"Kevin Ryan",T:87,A:83,A:79,A:88,T:73,T:83
"SERIOUS CHALLENGE (IRE)",2020,GELDING,"Fergal O'Brien",H:136,H:135,H:135,H:0,H:124,H:124
"SERIOUS CHAT (IRE)",2019,GELDING,"Donald McCain",H:124,H:131,H:127,H:113,H:125,H:99
"SERIOUS LOOK (IRE)",2020,GELDING,"Thomas Faulkner",A:69,A:72,A:69,A:58,A:69,A:62
"SERIOUS OPERATOR (IRE)",2017,GELDING,"Lucinda Russell & Michael Scudamore",H:0,H:86,H:127,H:126,H:121,H:117
"SERRAGASSO (GB)",2023,GELDING,"Clare Hobson",A:23,A:x,A:x,A:x,-,-
"SERVICE MINIMUM (FR)",2020,FILLY,"Dan Skelton",H:78,H:126,H:116,H:105,H:99,H:79
"SERVICEMAN (IRE)",2022,GELDING,,T:54,A:x,A:x,T:x,-,-
"SERVING WITH STYLE (GB)",2022,FILLY,,T:81,T:76,T:86,T:100,T:89,T:x
"SETTLE DOWN JILL (IRE)",2020,FILLY,"Tristan Davidson",H:112,H:100,H:100,H:83,S:0,S:108
"SEU JO (IRE)",2023,COLT,"Jim Boyle",A:51,T:40,-,-,-,-
"SEVARANA (IRE)",2020,FILLY,"Richard Bandey",H:x,H:x,H:x,N:x,N:x,-
"SEVEN FIRES (IRE)",2022,FILLY,,A:63,A:71,A:x,A:x,A:x,-
"SEVEN OF HEARTS (GB)",2023,FILLY,,T:31,A:x,A:x,A:x,-,-
"SEVEN QUESTIONS (IRE)",2021,GELDING,"Robert Cowell",T:90,T:85,T:77,T:89,T:59,T:89
"SEVENSEES (GB)",2020,GELDING,,T:48,A:58,T:49,T:71,T:72,T:66
"SEVENTEENOTHREE (IRE)",2020,FILLY,"J. Newman",H:34,H:51,H:x,H:x,H:x,N:x
"SEVENTY (GB)",2022,COLT,"Ross Burdon",T:65,T:65,A:61,A:62,A:63,A:57
"SEX ON FIRE (IRE)",2022,GELDING,,T:80,T:82,T:85,T:71,T:82,T:88
"SHAATIR (GB)",2023,COLT,"Archie Watson",T:84,T:87,M:x,T:x,-,-
"SHABAB AL AHLI (GB)",2023,COLT,"Charlie Appleby",T:x,T:x,A:x,-,-,-
"SHABALKO D'HERM (FR)",2020,GELDING,"Nigel & Willy Twiston-Davies",H:96,H:x,H:x,H:x,H:x,N:x
"SHABTI (GB)",2023,FILLY,,A:33,A:x,T:x,A:x,-,-
"SHABU SHABU (IRE)",2022,GELDING,"Matt Crawley",T:44,A:9,A:47,T:29,T:56,A:47
"SHADE OF WINTER (IRE)",2020,GELDING,,H:x,H:117,H:x,H:76,H:x,H:x
"SHADER (GB)",2021,GELDING,"John & Thady Gosden",A:114,A:109,A:114,T:100,A:x,A:x
"SHADES OF MAY (GB)",2020,GELDING,"Mark Usher",A:44,A:54,A:53,A:43,A:47,A:10
"SHADOW BRIGADE (IRE)",2023,GELDING,"George Scott",A:x,A:x,T:x,-,-,-
"SHADOW CHASER (IRE)",2019,GELDING,"Mark Walford",S:58,S:96,H:90,H:91,H:100,H:0
"SHADOW DANCE (GB)",2020,GELDING,"Rebecca Menzies",T:35,A:75,A:91,T:94,T:96,T:97
"SHADOW OF LIGHT (GB)",2022,COLT,,T:83,T:104,T:119,T:119,T:120,T:109
"SHADOWFAX OF ROHAN (IRE)",2020,GELDING,"Patrick Neville",S:92,H:67,S:89,S:89,S:89,H:0
"SHADOWMERE (IRE)",2023,COLT,"George Baker",T:69,T:x,T:x,T:x,-,-
"SHADOWS IN THE SKY (IRE)",2016,GELDING,"Liam Baxter",S:0,S:86,S:108,H:0,S:108,H:x
"SHADY BAY (IRE)",2021,FILLY,"Tom Ward",T:74,A:55,A:63,T:53,T:71,T:74
"SHAFDAR (IRE)",2022,GELDING,"Ian Williams",T:63,T:89,A:72,A:84,A:x,A:x
"SHAFFRON (GB)",2022,FILLY,"David Menuisier",T:60,A:57,A:48,T:63,A:x,A:x
"SHAFI (IRE)",2023,COLT,,A:67,A:74,A:x,A:x,A:x,-
"SHAGRAAN (IRE)",2021,GELDING,"Clive Cox",T:76,T:101,T:108,T:108,T:108,T:98
"SHAH (IRE)",2022,GELDING,"George Boughey",T:54,A:x,T:x,T:x,T:x,-
"SHAHA (IRE)",2021,FILLY,,T:103,T:105,A:x,T:x,-,-
"SHAHBAZ (IRE)",2020,GELDING,"Archie Watson",A:63,A:65,A:57,A:56,A:50,A:56
"SHAHIK (GB)",2023,GELDING,"Michael Keady",A:56,T:42,A:82,A:x,T:x,T:x
"SHAHNAZ (IRE)",2019,FILLY,,T:48,T:30,T:47,T:57,T:58,T:55
"SHAKEYATAILFEATHER (IRE)",2019,FILLY,"Dan Skelton",S:98,S:101,S:105,S:118,S:121,S:128
"SHALAA ASKER (GB)",2018,GELDING,"Charlie Wallis",A:46,T:59,A:65,A:68,A:67,A:61
"SHALADAR (FR)",2019,GELDING,,T:49,T:51,T:60,T:66,T:56,T:51
"SHALFA (IRE)",2019,FILLY,"Lydia Richards",H:102,H:94,H:102,H:93,H:x,H:x
"SHALLOW (GB)",2021,FILLY,"Richard Spencer",T:73,T:77,A:58,A:66,A:76,A:78
"SHALLOW RIVER (IRE)",2016,GELDING,"Olly Murphy",H:119,H:133,H:98,H:123,H:127,H:125
"SHAMACID (IRE)",2022,GELDING,"S. P. C. Woods",A:0,A:67,A:67,A:61,A:33,A:x
"SHAMAN CHAMPION (IRE)",2023,COLT,"Clive Cox",T:76,T:80,T:89,T:86,T:86,T:x
"SHAMARDAL STAR (GB)",2019,GELDING,,A:57,A:59,T:46,T:32,A:57,A:51
"SHAMROCK BAY (GB)",2021,GELDING,,T:91,T:89,A:87,T:84,T:75,A:85
"SHAMSAT (FR)",2022,GELDING,"James Owen",H:x,H:x,-,-,-,-
"SHAN'T WAIT (IRE)",2020,GELDING,,H:69,H:88,H:96,H:99,H:62,H:67
"SHANAGH BOB (IRE)",2018,GELDING,"Henry Oliver",H:122,S:80,S:125,S:128,H:116,H:111
"SHANAGOLDEN GIRL (IRE)",2020,FILLY,"Emma Lavelle",H:x,H:x,H:x,N:x,-,-
"SHANGRI LA (GB)",2023,FILLY,"David Simcock",A:x,T:x,T:x,-,-,-
"SHANTOU LUCKY (IRE)",2017,GELDING,,S:115,S:89,S:119,S:107,S:104,S:119
"SHANTWOPOINTFIVE (IRE)",2018,FILLY,"Sam England",H:0,H:124,H:105,S:0,H:125,H:119
"SHARK TWO ONE (GB)",2018,GELDING,"Jessica Macey",T:26,T:42,T:42,T:50,T:52,T:48
"SHARMA D'AMOUR (GB)",2022,FILLY,"Denis Coakley",T:33,T:50,A:40,A:47,A:47,T:40
"SHARON CURLY (IRE)",2022,FILLY,,T:57,T:58,A:61,A:52,T:63,T:58
"SHARP CALL (IRE)",2022,FILLY,,A:23,A:36,T:6,T:11,T:32,A:47
"SHARP DISTINCTION (GB)",2019,GELDING,,A:73,T:68,T:60,M:60,A:68,A:54
"SHARP ROMANCE (GB)",2023,FILLY,"Philip McBride",T:75,A:x,T:x,-,-,-
"SHARPEN (IRE)",2022,FILLY,"George Boughey",-,-,-,-,-,-
"SHARPNESS (GB)",2023,FILLY,,A:0,A:50,A:44,T:x,T:x,T:x
"SHARTASH (IRE)",2020,GELDING,,T:56,A:86,A:94,A:102,T:78,T:103
"SHATIN VENTURE (IRE)",2021,GELDING,"Linda Perratt",A:19,A:41,A:48,A:41,A:32,A:41
"SHAVKAT (GB)",2022,GELDING,"Hilal Kobeissi",T:59,A:x,T:x,A:x,-,-
"SHAW PARK (IRE)",2019,GELDING,"Scott Dixon",A:50,A:52,A:71,A:55,T:71,T:71
"SHAWS PHOENIX (IRE)",2021,FILLY,"P. Charalambous & J. Clutterbuck",A:36,T:33,T:52,A:49,T:55,T:37
"SHAYEM (IRE)",2023,COLT,"K. R. Burke",T:100,T:99,T:106,T:95,T:106,T:x
"SHAYHANA (IRE)",2022,FILLY,,T:67,A:x,A:x,-,-,-
"SHAZANI (FR)",2022,GELDING,"Roy Bowring",T:60,A:64,T:65,T:0,T:45,T:74
"SHE COMMANDS (IRE)",2023,FILLY,"Ralph Beckett",A:x,A:x,T:x,-,-,-
"SHE IS FOR ME BOYS (GB)",2019,FILLY,"Jamie Snowden",S:109,S:110,S:106,S:82,S:91,S:110
"SHE WENT WHOOSH (IRE)",2022,FILLY,"Scott Dixon",T:46,T:40,A:42,A:36,A:37,A:19
"SHE WON'T MIND (GB)",2018,FILLY,"Tim Reed",S:56,H:55,S:0,H:x,H:72,H:0
"SHE'S A GOLDIGGER (GB)",2022,FILLY,"Mark Walford",T:41,A:40,T:29,T:40,T:41,T:39
"SHE'S CRAFTY (IRE)",2023,FILLY,"George Margarson",T:27,T:47,T:46,T:54,A:45,A:44
"SHE'S DIVINE (IRE)",2023,FILLY,"Mark Loughnane",A:56,A:x,T:x,A:x,-,-
"SHE'S GOT BOTTLE (GB)",2019,FILLY,"Lizzie Quinlan",A:35,T:29,T:52,T:43,T:0,H:45
"SHE'S MY HOBBY (GB)",2023,FILLY,,A:x,A:x,A:x,-,-,-
"SHE'S NOTJOEKING (GB)",2020,FILLY,"Lucinda Russell & Michael Scudamore",H:100,H:99,H:100,H:85,H:95,H:88
"SHE'S THE DUCHESS (GB)",2022,FILLY,,T:78,T:74,T:78,T:78,T:78,T:80
"SHE'SASHAMBLES (IRE)",2021,FILLY,,A:44,A:44,A:42,A:37,A:38,A:19
"SHEARER (IRE)",2016,GELDING,,H:0,H:128,H:127,H:123,H:137,S:139
"SHEBARA (GB)",2023,FILLY,"Andrew Balding",T:x,A:x,A:x,A:x,-,-
"SHEEKA SUPREME (IRE)",2018,FILLY,"Grace Harris",S:59,S:63,S:0,S:30,S:0,S:42
"SHEEZER DANCER (FR)",2021,FILLY,"Dan Skelton",H:x,H:x,H:x,N:x,-,-
"SHEEZER DIVA (IRE)",2020,FILLY,"Dan Skelton",H:x,H:x,H:x,-,-,-
"SHEIKH RAJ (IRE)",2022,GELDING,,A:17,A:65,A:76,A:67,A:75,T:75
"SHELDON (IRE)",2016,GELDING,"Seamus Mullins",S:120,S:117,S:114,S:115,S:106,S:107
"SHENGAI ENKI (FR)",2019,GELDING,"Barry Brennan",H:0,H:90,S:0,H:77,H:114,H:114
"SHERADANN (FR)",2020,GELDING,"Ian Williams",A:64,A:85,A:89,A:40,A:85,A:92
"SHERBORNE (IRE)",2016,GELDING,"Joe Tizzard",S:108,S:123,S:119,S:105,S:100,S:110
"SHERIFF'S COURT (IRE)",2021,GELDING,"Chris Gordon",A:76,A:66,T:68,A:71,A:77,T:84
"SHERLOCK (IRE)",2022,GELDING,"Kevin Ryan",T:61,T:63,A:57,A:41,A:62,A:55
"SHERMINATOR (GER)",2021,GELDING,"Harry Fry",H:116,H:124,H:x,H:x,H:x,H:x
"SHES ALL PRIDE (IRE)",2020,FILLY,"Deborah Cole",H:78,H:55,H:74,H:x,H:x,H:x
"SHES GOT A BROTHER (GB)",2023,FILLY,"Michael & David Easterby",T:81,A:x,A:x,-,-,-
"SHES GOT THE BLUES (IRE)",2023,FILLY,"Tony Carroll",T:46,T:38,A:49,A:49,A:40,A:37
"SHES PERFECT (IRE)",2022,FILLY,"Charlie Fellowes",T:101,T:88,T:x,-,-,-
"SHESONNET (IRE)",2021,FILLY,"Ben Case",H:89,H:101,H:x,H:x,H:x,N:x
"SHESUPINCOURT (GB)",2017,FILLY,,S:0,H:59,H:34,H:55,S:0,H:59
"SHETAKESTHEGOLD (GB)",2023,FILLY,,A:47,T:47,T:53,T:51,T:59,T:60
"SHIBUYA SONG (GB)",2019,FILLY,,A:42,A:46,A:30,H:0,H:71,H:74
"SHIELAS WELL (IRE)",2022,FILLY,"Ian Williams",A:47,T:50,A:49,A:39,A:51,A:43
"SHIFRA (IRE)",2022,FILLY,"Pat Phelan",T:46,T:38,H:x,H:x,T:32,T:x
"SHIFTER (GB)",2019,FILLY,"Wilf Storey",T:48,T:46,A:43,A:46,A:34,A:0
"SHIGHNESS (GB)",2017,FILLY,"Micky Hammond",H:0,S:0,H:98,S:67,S:71,S:101
"SHIHOKU (FR)",2021,GELDING,"Hayley Burton",T:23,A:72,A:79,A:74,A:82,A:68
"SHIMMERING SANDS (GB)",2019,GELDING,"Michael & David Easterby",A:62,A:62,A:63,T:67,T:55,T:63
"SHIMMERING SPIN (USA)",2021,GELDING,,T:32,T:71,A:65,A:64,A:59,A:80
"SHIMMERING SPIRIT (IRE)",2023,GELDING,"Nigel Tinkler",T:39,A:x,A:x,A:x,-,-
"SHINE ON BRENDAN (IRE)",2017,GELDING,,T:48,T:64,T:50,T:57,T:66,T:61
"SHINE ON ME (GB)",2023,FILLY,,T:78,A:x,T:78,T:96,T:93,T:x
"SHINEALIGHT (IRE)",2021,FILLY,"John Dawson",H:96,H:92,H:x,H:x,H:x,N:x
"SHINING GUEST (IRE)",2023,FILLY,"George Margarson",T:x,T:x,T:x,-,-,-
"SHIPBOURNE (GB)",2023,COLT,"Ralph Beckett",A:x,T:x,-,-,-,-
"SHIPLAKE (IRE)",2022,GELDING,"Kevin Philippart de Foy",T:82,T:66,A:90,A:82,A:74,T:74
"SHIPSHAPE (IRE)",2022,GELDING,"Bernard Llewellyn",T:71,T:69,A:67,A:63,A:63,T:64
"SHIRAKAWA (GB)",2023,FILLY,"Eve Johnson Houghton",T:51,A:x,A:x,A:x,-,-
"SHIRAZI (IRE)",2022,FILLY,,A:16,A:37,T:20,T:x,T:x,T:x
"SHOESHINE BOY (IRE)",2016,GELDING,"Donald Whillans",H:0,H:99,H:98,H:104,H:100,H:93
"SHOP LOCAL (IRE)",2021,FILLY,,A:0,T:39,T:38,T:39,T:27,T:21
"SHOPTILYOUDROP (FR)",2022,FILLY,"Philip Kirby",A:40,A:34,A:33,A:40,A:29,A:38
"SHORT FINAL (FR)",2020,GELDING,"Stuart Williams",A:90,-,-,-,-,-
"SHORTEN SASSY (GB)",2020,FILLY,"Mel Rowley",H:71,H:79,H:59,H:76,H:79,H:69
"SHOT BOII (IRE)",2017,GELDING,,H:64,S:0,S:0,S:95,S:0,S:94
"SHOTGUN (GB)",2023,FILLY,,A:3,A:x,A:x,T:x,-,-
"SHOTGUN RIDER (IRE)",2021,GELDING,,H:76,H:85,H:x,H:x,-,-
"SHOTGUN SHIRLEY (GB)",2021,FILLY,"Lucy Wadham",H:111,H:x,H:x,H:x,N:x,N:x
"SHOULDVEBEENSHAV (GB)",2021,FILLY,"Robert Bevis",H:0,H:x,H:x,H:x,N:x,-
"SHOUT (IRE)",2022,GELDING,"Simon & Ed Crisford",T:99,T:92,T:96,T:101,T:101,T:88
"SHOW BIZ KID (IRE)",2021,GELDING,"Julia & Shelley Birkett",T:72,T:64,T:61,A:60,A:67,T:65
"SHOW NO FEAR (IRE)",2020,GELDING,,T:27,H:0,A:51,H:56,T:63,T:68
"SHOWCASING STAR (IRE)",2023,GELDING,"Charlie Johnston",A:x,A:x,A:x,-,-,-
"SHOWCASIS OASIS (GB)",2023,FILLY,,T:33,A:50,T:x,A:x,T:x,T:x
"SHOWERING (GB)",2022,COLT,,T:69,T:88,T:76,T:83,T:66,T:89
"SHOWMEDEMONEY (IRE)",2019,GELDING,"Craig Benton",T:44,A:44,A:58,A:58,A:54,A:54
"SHOWMETHEWAYHOME (IRE)",2021,FILLY,,A:13,A:23,A:15,A:33,T:16,T:1
"SHOWSTORM (GB)",2022,GELDING,,A:29,A:48,T:50,T:x,T:x,T:x
"SHOWTIME MAHOMES (GB)",2019,GELDING,"Grant Tuer",A:43,A:62,A:58,A:66,A:60,A:48
"SHOWTOWN (IRE)",2023,GELDING,"Kevin Ryan",T:65,T:52,T:x,T:x,T:x,T:x
"SHRIMP SHADY (GB)",2022,COLT,"Andrew Balding",T:87,A:82,A:79,A:77,A:75,A:80
"SHUIL CEOIL (IRE)",2018,GELDING,,H:82,H:95,H:85,H:0,H:93,H:101
"SHUIL ROCCO (IRE)",2021,GELDING,,H:x,H:x,H:x,N:x,-,-
"SHUILE WARRIOR (GB)",2018,GELDING,"Simon Edwards",S:0,H:x,H:x,H:x,N:x,-
"SHUMUS (GB)",2022,FILLY,,A:73,A:x,A:x,T:x,-,-
"SHUSH A MINUTE (GB)",2023,FILLY,"John Ryan",A:34,A:x,T:x,A:x,T:x,-
"SHUSHI (GB)",2023,FILLY,"Andrew Balding",T:61,A:x,T:x,T:x,-,-
"SHUTFRONTDOOR (GB)",2021,FILLY,"Gary & Josh Moore",H:0,H:x,H:x,H:x,H:x,N:x
"SHUWARI (IRE)",2021,FILLY,,A:86,T:90,T:97,A:89,T:110,T:104
"SI GRASS (IRE)",2023,FILLY,"Charlie Johnston",A:x,A:x,T:x,-,-,-
"SI SOLUS (IRE)",2021,GELDING,"Gay Kelleway",A:49,A:45,A:59,A:27,T:x,A:x
"SI WHITE (GER)",2023,GELDING,"Sir Mark Prescott Bt",A:x,A:x,A:x,-,-,-
"SIAM FOX (IRE)",2018,GELDING,"Kevin & Lauren Frost",T:61,T:46,T:45,A:53,T:60,T:54
"SIAM PARK (IRE)",2019,GELDING,"Joe Tizzard",H:112,S:0,S:0,H:110,H:105,S:0
"SIAM RUBY (IRE)",2023,FILLY,"Ralph Beckett",T:75,A:76,T:76,A:x,A:x,-
"SIBLING RIVELRY (GB)",2022,FILLY,"David Simcock",T:54,T:72,T:65,A:66,A:60,T:66
"SIBYL CHARM (IRE)",2020,FILLY,,A:60,A:45,T:59,A:46,A:59,A:55
"SIDE DEAL (IRE)",2023,COLT,"Kevin Philippart de Foy",A:x,T:x,T:x,-,-,-
"SIDNEY STRATTON (IRE)",2022,GELDING,"Micky Hammond",T:54,T:30,T:59,T:x,T:x,T:x
"SIEGE OF ACRES (FR)",2021,GELDING,"Donald McCain",H:30,S:59,S:90,S:98,H:x,H:x
"SIEMPRE ARTURO (GB)",2020,GELDING,"Daniel & Claire Kubler",T:94,A:82,A:93,A:86,A:95,T:95
"SIERRA BLANCA (IRE)",2020,GELDING,"Martyn Meade",T:58,T:77,A:59,A:68,T:84,T:73
"SIERRA SANDS (IRE)",2023,COLT,"Ed Dunlop",T:75,T:63,T:79,T:x,T:x,T:x
"SIERRA SUE (IRE)",2023,FILLY,"James Horton",T:x,A:x,T:x,-,-,-
"SIGN AGAIN (IRE)",2020,GELDING,"Charlie Longsdon",S:0,H:117,H:70,H:98,H:x,H:x
"SIGNCASTLE CITY (IRE)",2020,GELDING,"Richard Hannon",T:75,A:71,T:74,A:69,A:67,A:67
"SILAWI (IRE)",2020,GELDING,"Hamad Al Jehani",T:111,T:98,T:64,T:98,-,-
"SILCA BAY (GB)",2022,GELDING,"Eve Johnson Houghton",T:73,A:0,A:75,A:75,A:72,A:77
"SILENCIOSA (IRE)",2023,FILLY,"Tom Clover",T:96,T:93,A:x,-,-,-
"SILENT APPLAUSE (IRE)",2023,GELDING,"Charlie Appleby",T:0,T:88,T:96,T:x,T:x,T:x
"SILENT CITY (GB)",2022,FILLY,"Roger Varian",T:82,T:80,M:76,T:x,T:x,T:x
"SILENT FILM (GB)",2018,GELDING,,T:68,A:79,A:81,A:88,T:90,T:95
"SILENT FLAME (GB)",2018,FILLY,,T:48,T:55,T:62,T:64,T:62,T:59
"SILENT LOVE (IRE)",2022,FILLY,,T:104,T:100,A:x,T:x,T:x,-
"SILENT MOVE (GB)",2021,GELDING,,T:54,A:70,T:60,T:75,T:79,T:53
"SILENT REVOLUTION (IRE)",2016,GELDING,"Barry Murphy",H:26,H:62,H:65,H:0,H:x,H:67
"SILENT STRIKE (IRE)",2023,COLT,"Andrew Balding",A:81,A:x,A:x,A:x,-,-
"SILK AND STEEL (IRE)",2022,GELDING,,T:55,T:27,A:45,T:50,T:37,H:x
"SILKEN BAY (IRE)",2023,FILLY,"Dr Richard Newland & Jamie Insole",A:66,T:x,A:x,A:x,-,-
"SILKIES SIB (IRE)",2020,GELDING,"James Owen",A:55,T:54,T:51,A:53,A:51,A:59
"SILKY LASS (GB)",2023,FILLY,"K. R. Burke",A:67,T:54,A:x,A:x,A:x,A:x
"SILKY ROBIN (IRE)",2021,GELDING,"Brian Toomey",T:64,A:54,A:56,A:59,A:30,A:59
"SILKY WILKIE (IRE)",2019,GELDING,"K. R. Burke",T:71,A:84,A:83,A:83,A:86,A:79
"SILVER CHAMBER (GB)",2022,FILLY,,T:68,T:71,T:71,T:71,T:67,T:67
"SILVER GALE (IRE)",2021,FILLY,"Katy Price",H:68,H:78,H:75,H:x,H:x,H:x
"SILVER GHOST (IRE)",2022,FILLY,"Emma Lavelle",T:93,T:91,T:91,T:89,T:90,T:91
"SILVER GUNN (IRE)",2018,GELDING,"Marco Botti",T:58,T:50,A:64,T:70,T:77,T:69
"SILVER HILL (IRE)",2020,GELDING,"Jamie Snowden",H:x,H:x,H:x,H:x,H:x,N:x
"SILVER LAKE (GB)",2023,FILLY,"William Haggas",A:x,T:x,T:x,-,-,-
"SILVER NIGHTFALL (GB)",2020,FILLY,,T:0,A:49,T:57,T:66,A:64,A:75
"SILVER PEAK (FR)",2022,GELDING,,A:94,T:99,T:x,A:x,-,-
"SILVER SAMURAI (GB)",2017,GELDING,"Marco Botti",A:64,A:39,A:77,A:79,A:80,T:65
"SILVER STATE (IRE)",2023,GELDING,"Jack Channon",T:83,T:85,T:84,A:73,A:72,A:75
"SILVER THORN (GB)",2019,GELDING,"Emma Lavelle",S:99,S:116,S:124,S:124,S:85,H:0
"SILVER TRUMPET (GB)",2021,GELDING,"Eve Johnson Houghton",T:70,A:74,A:70,T:74,T:79,T:25
"SILVER WRAITH (GB)",2022,FILLY,"Emma Lavelle",T:76,T:76,T:74,T:71,T:64,T:67
"SILVEREEN (GB)",2022,FILLY,"Henry Daly",H:x,H:x,H:88,N:x,N:x,-
"SILVERY (GB)",2023,FILLY,,A:x,T:x,A:x,-,-,-
"SIMBA'S GIFT (GB)",2022,GELDING,"William Muir & Chris Grassick",A:46,T:52,A:54,A:44,A:52,A:x
"SIMBA'S PRIDE (GB)",2023,GELDING,"Michael Dods",T:69,T:65,T:63,T:x,T:x,T:x
"SIMILAR STORY (IRE)",2018,FILLY,"Stuart Coltherd",S:79,S:89,S:45,S:0,S:0,S:84
"SIMIYANN (IRE)",2020,GELDING,"Ian Williams",T:25,A:64,H:x,H:x,A:64,A:67
"SIMMERING (GB)",2022,FILLY,,T:74,T:106,T:87,T:98,T:105,T:x
"SIMON PIERRE (FR)",2023,COLT,"Gemma Tutty",T:x,T:x,-,-,-,-
"SIMON THE SEAGULL (GB)",2019,GELDING,"Diana Grissell",H:58,H:57,H:0,H:65,H:0,H:54
"SIMPLE STAR (IRE)",2018,GELDING,"Dianne Sayer",H:94,T:47,T:65,T:65,T:74,T:74
"SIMPLIFY (IRE)",2023,FILLY,"Andrew Balding",T:96,T:91,A:83,T:x,T:x,T:x
"SIMPLY BLUE (GB)",2022,GELDING,"James Owen",T:56,A:61,A:24,A:57,A:51,A:52
"SIMPLY RUBY (GB)",2022,FILLY,"Dianne Sayer",T:58,T:74,T:74,T:x,T:x,A:x
"SIMS' LAW (IRE)",2021,GELDING,"Jonjo & A.J. O'Neill",H:x,H:x,H:x,-,-,-
"SIN CITY (GB)",2023,COLT,"Kevin Philippart de Foy",A:85,A:x,-,-,-,-
"SINCHI ROCA (IRE)",2020,GELDING,"Syd Hosie",H:101,H:x,H:49,H:x,H:x,N:x
"SING THE BLUES (IRE)",2023,FILLY,"William Haggas",T:0,T:x,T:x,T:x,-,-
"SING US A SONG (IRE)",2022,GELDING,"Ralph Beckett",T:97,T:91,T:95,T:84,T:89,T:92
"SINGAPORE TRIP (FR)",2018,GELDING,"Micky Hammond",S:110,S:107,S:102,S:87,S:94,H:95
"SINGARDA (GB)",2023,GELDING,"Tony Coyle & Kaine Wood",A:40,T:57,T:48,T:x,T:x,A:x
"SINGOURA (GB)",2022,FILLY,"Gemma Tutty",T:62,T:65,T:64,T:51,A:31,A:55
"SINJ (GB)",2023,FILLY,,A:x,T:45,T:66,T:x,T:x,T:x
"SINNATRA (IRE)",2020,GELDING,"Dan Skelton",H:x,H:133,H:x,H:x,H:x,H:x
"SINTRA (GB)",2023,COLT,"Andrew Balding",T:82,T:80,T:x,A:x,A:x,-
"SIOBHANBROGAN (IRE)",2021,FILLY,,A:42,A:57,A:64,A:74,T:53,A:52
"SIOG GEAL (IRE)",2019,FILLY,"Fergal O'Brien",H:127,H:126,H:123,H:122,H:x,H:x
"SIORAI (IRE)",2022,FILLY,"Harry Derham",H:97,H:x,H:x,H:x,-,-
"SIOUX FALLS (GER)",2020,GELDING,"Mrs C. Williams",H:83,H:x,H:x,H:x,-,-
"SIOUX PERFECT (IRE)",2023,FILLY,,A:81,T:81,T:74,T:63,T:x,T:x
"SIOUX WARRIOR (IRE)",2021,GELDING,"Adrian Wintle",T:52,A:54,A:54,A:52,A:54,A:54
"SIOUXFONIC (IRE)",2021,RIG,"James Owen",T:80,T:79,T:69,A:x,A:x,A:x
"SIOUXPERSONIC (IRE)",2023,FILLY,"Julie Camacho",T:74,T:78,A:x,T:71,T:x,A:x
"SIR ALBERT (IRE)",2023,COLT,"Andrew Balding",T:79,A:97,T:85,T:101,T:90,T:85
"SIR ALFIE (IRE)",2023,GELDING,"Charlie Pike",T:68,T:51,T:73,-,-,-
"SIR BENEDICT (IRE)",2018,GELDING,"Ben Haslam",T:49,T:46,T:43,A:48,A:33,A:39
"SIR CARNEGIE (IRE)",2020,GELDING,"Mickey Bowen",S:100,S:99,S:96,S:64,S:81,S:96
"SIR DAVID (FR)",2022,GELDING,"Nigel Tinkler",T:46,T:52,T:43,T:48,T:36,T:64
"SIR DINADAN (IRE)",2022,COLT,,T:100,T:91,T:99,T:99,T:x,T:x
"SIR EDWARD LEAR (GB)",2021,GELDING,"James Owen",T:66,T:67,H:x,T:6,T:75,T:75
"SIR GALAHAD (IRE)",2021,GELDING,"Olly Murphy",H:136,H:126,H:114,H:x,H:127,H:125
"SIR GARFIELD (IRE)",2021,GELDING,"John & Sean Quinn",T:77,T:70,T:26,T:62,T:60,T:77
"SIR GRIFLET (IRE)",2023,GELDING,"Dylan Cunha",T:56,T:x,T:x,A:x,-,-
"SIR HOBNOB (GB)",2021,GELDING,"Nigel & Willy Twiston-Davies",H:116,H:99,H:x,H:x,H:x,N:x
"SIR LAURENCE GRAFF (IRE)",2020,GELDING,,A:39,A:2,A:53,A:54,A:50,A:50
"SIR LOWRY'S PASS (GB)",2021,GELDING,"Michael Bell",T:91,T:94,T:94,T:87,T:x,T:x
"SIR MAXI (GB)",2018,GELDING,,A:23,A:47,A:42,A:47,A:45,A:40
"SIR PATCHY (GB)",2020,GELDING,"Pat Phelan",A:40,A:41,A:41,A:46,A:46,A:34
"SIR PAUL RAMSEY (GB)",2022,GELDING,"Charlie Johnston",T:69,T:43,A:82,A:79,A:83,A:77
"SIR ROCK (IRE)",2017,GELDING,,H:0,S:0,S:25,S:64,S:98,S:92
"SIR RODNEYREDBLOOD (GB)",2017,GELDING,"J. R. Jenkins",T:11,A:55,A:37,A:54,A:57,A:59
"SIR TIVO (FR)",2014,GELDING,"Gary Hanmer",S:123,S:105,S:123,S:0,S:118,S:113
"SIR WILLIAM (IRE)",2022,GELDING,"Charlie Johnston",T:55,T:76,T:26,A:67,A:75,T:80
"SIR YOSHI (IRE)",2022,GELDING,"Geoffrey Harker",T:66,T:80,T:97,T:97,T:84,-
"SIREN SUIT (GB)",2023,GELDING,"John & Thady Gosden",T:73,T:72,A:x,T:86,T:x,-
"SIRHANA (IRE)",2023,FILLY,,A:39,A:49,A:13,A:49,A:x,A:x
"SIRIUS A (IRE)",2023,COLT,"James Horton",T:94,A:100,A:96,T:84,T:x,T:x
"SIRIUS WHITE (IRE)",2019,GELDING,"L J Morgan",A:48,T:15,T:50,T:25,A:36,A:59
"SISTER LIZZIE (GB)",2023,FILLY,,T:x,T:x,T:x,-,-,-
"SISTERANDBROTHER (GB)",2018,GELDING,"Joey Ramsden",A:56,T:61,A:58,T:58,A:56,T:52
"SISTERS IN THE SKY (GB)",2019,GELDING,"Grace Harris",T:44,A:34,A:38,A:41,A:48,A:48
"SISYPHEAN (IRE)",2021,COLT,,A:35,T:75,T:81,T:95,T:87,T:94
"SIVIEZ (GB)",2022,FILLY,"Grant Tuer",T:44,T:46,T:40,T:46,A:38,A:53
"SIWA OASIS (IRE)",2023,COLT,"Charles Hills",T:x,T:x,A:x,-,-,-
"SIX BLUE (GB)",2020,FILLY,"Richard Phillips",A:x,A:x,A:x,N:x,N:x,N:x
"SIX OF DIAMONDS (GB)",2020,GELDING,"Scott Dixon",A:45,A:28,T:26,A:44,A:36,A:10
"SIXCOR (GB)",2018,GELDING,"Linda Perratt",T:27,T:39,T:36,T:25,T:19,T:20
"SIXFIVESEVEN (GB)",2020,GELDING,"J. S. Moore",T:64,A:44,A:57,A:66,T:74,T:69
"SIXMILEBRIDGE (IRE)",2019,GELDING,"Fergal O'Brien",S:150,S:149,S:143,H:x,H:x,H:x
"SIXPACK (GB)",2020,GELDING,"James Owen",T:78,T:77,H:x,T:72,T:74,T:31
"SIXTEEN ONE (GB)",2022,FILLY,,A:39,A:42,T:34,T:29,T:66,T:62
"SIXTY PLUS (IRE)",2020,GELDING,"James Owen",H:0,H:77,H:112,H:113,H:122,H:114
"SIXTY'S ROCK (IRE)",2022,GELDING,"Alan King",H:x,H:x,H:x,-,-,-
"SIXTYGEESBABY (IRE)",2022,GELDING,"David O'Meara",T:23,T:77,T:66,T:76,T:86,T:72
"SIZABLE SAM (GB)",2015,GELDING,,S:0,S:0,S:119,S:0,S:86,S:122
"SIZZLING SEIXAS (FR)",2023,FILLY,"Clive Cox",T:53,A:x,A:x,-,-,-
"SKELLET (IRE)",2021,FILLY,,T:102,T:83,T:104,T:104,T:105,T:x
"SKELLIG ISLE (GB)",2022,FILLY,"Philip McBride",T:58,A:64,T:53,A:65,T:38,A:46
"SKI ANGEL (GB)",2020,FILLY,"R. Mike Smith",T:39,T:37,T:45,T:36,T:46,T:50
"SKI LODGE (IRE)",2019,GELDING,"Alan King",S:97,S:109,S:108,S:0,S:117,S:114
"SKIBO (GB)",2022,GELDING,"Barry Brennan",A:51,T:75,T:76,A:x,T:x,T:x
"SKIMMING ALONG (IRE)",2021,GELDING,"Daniel Steele",A:57,A:60,T:16,T:60,T:50,T:45
"SKIP TO VICTORY (GB)",2023,FILLY,"Dylan Cunha",T:x,A:x,A:x,A:x,-,-
"SKIPPER (GB)",2021,GELDING,"Hamad Al Jehani",T:71,T:30,T:90,T:52,A:x,A:x
"SKIRT AROUND (USA)",2023,FILLY,"Philip Kirby",A:53,A:x,T:x,T:x,-,-
"SKUKUZA (GB)",2021,COLT,"Ed Dunlop",T:88,T:110,T:97,A:90,T:95,T:98
"SKUNA BAY (IRE)",2019,GELDING,"Donald McCain",H:102,H:x,S:96,H:x,H:x,H:x
"SKY ADVOCATE (IRE)",2022,GELDING,,T:85,T:74,A:x,A:80,T:74,T:x
"SKY DANCER (GB)",2020,FILLY,,A:0,T:4,T:38,A:39,A:33,T:45
"SKY MAJESTY (IRE)",2022,FILLY,"William Haggas",T:31,T:99,T:100,T:97,A:89,T:100
"SKY SAFARI (GB)",2021,FILLY,"James Fanshawe",T:99,A:106,A:102,A:99,A:98,A:89
"SKYCUTTER (FR)",2018,GELDING,"Tony Culhane & Stella Barclay",A:69,A:67,A:64,A:64,A:44,A:70
"SKYHILL (IRE)",2013,GELDING,"Alison Hamilton",S:0,S:0,S:0,S:90,S:99,S:77
"SKYJACK HIJACK (IRE)",2018,GELDING,"Jennie Candlish",H:0,H:112,H:0,H:x,H:x,H:x
"SKYLER (IRE)",2022,FILLY,"Linda Perratt",A:17,A:31,A:37,T:15,T:x,A:x
"SKYOLAIRE (GB)",2023,FILLY,"Seamus Mullins",T:42,T:48,T:x,A:x,T:x,-
"SLACK ALICE (GB)",2021,FILLY,"Mickey Bowen",H:89,H:87,H:25,H:x,H:x,A:44
"SLACK BOB (GB)",2023,GELDING,"Ed Dunlop",A:71,T:65,A:64,A:62,A:x,A:x
"SLANEY OPERA (IRE)",2018,GELDING,"Nick Scholfield",S:87,S:99,S:97,S:100,S:0,S:104
"SLAY QUEEN (IRE)",2023,FILLY,"Richard Hannon",T:29,T:62,T:80,T:89,T:16,T:84
"SLEEDAGH (IRE)",2020,GELDING,"Lucinda Russell & Michael Scudamore",H:100,H:x,H:x,H:x,H:x,H:x
"SLEEPING LATE (GB)",2018,GELDING,"Pam Sly",H:112,H:90,H:110,H:89,H:x,H:x
"SLEEPING SATELLITE (IRE)",2018,GELDING,"Fergal O'Brien",S:0,S:99,S:100,S:108,S:107,S:98
"SLIEVEHILL (IRE)",2017,GELDING,"D. J. Jeffreys",H:0,H:x,H:x,H:x,-,-
"SLIGHT OF FOOT (GB)",2023,GELDING,"Harry Charlton",A:52,A:x,A:x,T:x,-,-
"SLIM MARVEL (FR)",2018,FILLY,"Rebecca Curtis",H:82,H:87,H:105,H:82,-,-
"SLIPPER TIME (GB)",2022,GELDING,"Henry Candy",T:40,A:59,T:78,T:x,T:x,T:x
"SLIPWAY (IRE)",2015,GELDING,"James Luck",H:0,H:108,S:125,S:131,H:x,S:112
"SLOT (GB)",2023,FILLY,"Antony Brittain",T:66,A:x,A:x,A:x,-,-
"SMART BUCKS (GB)",2020,GELDING,"Philip Kirby",H:67,H:36,H:38,H:69,H:72,H:52
"SMART CASUAL (GB)",2018,GELDING,,H:51,H:61,S:77,S:84,S:76,S:83
"SMART DECISION (GB)",2021,GELDING,"Tim Easterby",H:115,H:112,H:70,H:121,H:119,H:120
"SMART VISION (GB)",2021,GELDING,"Jessica Macey",T:71,T:70,T:60,T:82,T:90,T:87
"SMARTANCK (IRE)",2023,GELDING,"Antony Brittain",T:0,T:0,A:65,A:49,A:49,A:64
"SMASHER (IRE)",2020,GELDING,"Michael Attwater",A:41,A:34,A:52,A:46,A:53,A:40
"SMILE BACK (IRE)",2020,FILLY,"Richard Phillips",H:100,H:92,H:96,H:100,H:100,H:x
"SMITH (IRE)",2016,GELDING,"Lydia Richards",T:27,H:0,H:0,A:42,A:35,A:45
"SMOKE TRAIL (IRE)",2021,GELDING,"Lucinda Russell & Michael Scudamore",H:x,H:113,H:x,H:x,H:x,-
"SMOKER BELLAMY (IRE)",2023,GELDING,"Dr Richard Newland & Jamie Insole",T:27,T:6,A:50,A:45,T:x,T:x
"SMOKERINGINTHEDARK (IRE)",2020,GELDING,"Nicky Richards",H:122,H:123,H:121,H:91,H:116,H:108
"SMOKEY MALONE (GB)",2018,GELDING,"Julia & Shelley Birkett",T:50,A:53,A:58,A:56,A:54,A:0
"SMOOTH SILESIE (IRE)",2021,FILLY,"Lisa Williamson",A:51,T:65,A:51,A:56,A:57,T:75
"SMUGGLERS HAVEN (IRE)",2019,FILLY,"Sara Bradstock",H:120,S:0,S:117,S:116,S:116,S:115
"SMURFETTE (GB)",2018,FILLY,"Tom Ellis",S:109,S:105,S:95,S:109,S:102,S:95
"SNAAFY (GB)",2023,GELDING,"David Loughnane",A:47,A:63,A:64,A:64,A:55,A:60
"SNAPAUDACIAHEROS (IRE)",2020,FILLY,"Rebecca Menzies",H:0,H:80,H:65,H:69,H:72,H:69
"SNAPDANCE (GB)",2019,GELDING,"Robert Walford",H:106,H:101,H:97,H:100,H:97,H:x
"SNAPIUS (IRE)",2019,GELDING,"James Owen",H:100,H:104,H:99,H:101,H:95,H:96
"SNATCH A GLANCE (GB)",2020,GELDING,"Fergal O'Brien",H:114,H:x,H:x,H:x,H:x,N:x
"SNEAKY BLINDER (FR)",2021,GELDING,"Robert Stephens",A:43,T:45,A:50,A:58,A:21,A:57
"SNIPE (IRE)",2017,GELDING,"Dan Skelton",S:127,H:128,H:125,H:87,H:125,S:88
"SNOW BOOTS (GB)",2021,GELDING,"Tony Carroll",T:0,A:42,A:38,A:42,T:2,T:24
"SNOW DAY (GB)",2023,FILLY,"Tony Carroll",A:x,A:x,A:x,-,-,-
"SNOW DRAGON (IRE)",2021,GELDING,,H:84,H:89,H:81,H:84,H:92,H:92
"SNOW LIGHT (GB)",2023,FILLY,,A:x,A:x,T:x,-,-,-
"SNOW MASTER (GB)",2022,GELDING,"Andrew Balding",T:102,T:100,T:100,T:x,T:x,-
"SNOWROCCO (IRE)",2019,FILLY,"Adam Nicol",H:104,H:34,H:113,H:110,H:104,H:52
"SNOWY EVENING (IRE)",2017,GELDING,"Oliver Greenall & Josh Guerriero",H:93,S:104,S:0,S:118,S:121,S:115
"SNUGGLE (GB)",2020,GELDING,"Thomas Faulkner",T:54,T:52,T:47,T:24,T:41,T:41
"SO ALEX (IRE)",2022,GELDING,"Dr Richard Newland & Jamie Insole",T:74,A:48,A:74,A:68,A:63,A:x
"SO CHIC (IRE)",2020,FILLY,"Stephanie Cassidy",A:24,A:51,A:48,A:48,A:44,A:49
"SO DARN HOT (GB)",2022,GELDING,"Ed Walker",T:90,A:83,A:87,A:97,A:97,T:100
"SO GRATEFUL (GB)",2018,GELDING,"Michael & David Easterby",T:11,A:42,T:35,T:32,T:36,T:59
"SO MANY ROADS (GB)",2017,GELDING,"Donald Whillans",H:95,H:79,H:95,H:94,H:82,S:0
"SO PROUD (IRE)",2021,GELDING,"Jonjo & A.J. O'Neill",H:x,H:x,H:x,N:x,-,-
"SO REGAL (GB)",2023,FILLY,"John & Thady Gosden",T:101,T:x,T:x,A:x,-,-
"SO SASSY (IRE)",2022,FILLY,"James Fanshawe",A:66,A:67,A:65,A:12,A:71,A:69
"SO SMART (IRE)",2019,GELDING,"Grace Harris",T:60,T:57,T:57,T:50,T:63,A:15
"SO YOU KNOW (IRE)",2021,GELDING,"Kim Bailey & Mat Nicholls",H:92,H:113,H:x,H:x,-,-
"SOAMES FORSYTE (GB)",2019,GELDING,"Michael Herrington",A:49,A:61,A:64,A:66,A:60,A:67
"SOAR ABOVE (GB)",2015,GELDING,"John Butler",A:28,A:53,A:29,A:42,A:44,A:50
"SOBEGRAND (GB)",2019,GELDING,,T:2,T:0,T:44,T:39,T:29,H:0
"SOBER GLORY (IRE)",2020,GELDING,"Philip Hobbs & Johnson White",H:x,H:x,H:x,H:x,H:x,H:x
"SOCA STAR (IRE)",2023,FILLY,"Seb Spencer",T:61,T:68,A:x,T:44,T:x,T:72
"SOCIAL EXCLUSION (GB)",2023,FILLY,,A:59,T:x,A:49,T:x,T:66,T:75
"SOCIETY CHARM (GB)",2023,FILLY,"Peter Chapple-Hyam",T:x,A:x,A:x,-,-,-
"SOCIETY GIRL (GB)",2023,FILLY,"Ed Walker",T:61,T:x,A:x,T:x,-,-
"SOCIETY KISS (GB)",2023,FILLY,"John Mackie",A:x,T:70,T:x,-,-,-
"SOCIETY MAN (FR)",2020,GELDING,"Charlie Johnston",T:63,A:68,A:81,A:57,A:78,A:72
"SOCIETY SOLDIER (IRE)",2020,FILLY,,H:107,H:x,H:x,H:x,-,-
"SOCKS OFF (IRE)",2017,GELDING,"Kevin & Lauren Frost",A:7,H:89,H:97,H:95,H:103,H:0
"SOFIAN (IRE)",2022,GELDING,"Nikki Evans",A:41,T:63,T:63,T:x,T:49,T:33
"SOFT RISK (FR)",2016,GELDING,"Nicky Richards",S:114,S:130,H:128,H:124,H:x,H:x
"SOGANNIE (GB)",2021,FILLY,,A:5,A:10,A:40,A:13,A:28,T:x
"SOGNA IN GRANDE (GB)",2020,GELDING,"Kim Bailey & Mat Nicholls",H:x,H:x,H:x,-,-,-
"SOGNIAMO (GB)",2023,FILLY,"David O'Meara",T:x,T:x,-,-,-,-
"SOHAM'S ROGER (GB)",2022,GELDING,"Neil Mechie",T:36,T:x,T:x,T:x,-,-
"SOHO SQUARE (GB)",2022,FILLY,,A:63,A:43,A:70,A:73,T:23,A:x
"SOI DAO (IRE)",2019,FILLY,"Adrian Wintle",A:50,T:47,T:65,T:62,T:60,T:59
"SOLANA ROSE (IRE)",2023,FILLY,"David O'Meara",T:58,T:87,T:58,T:53,T:x,T:77
"SOLANNA (GB)",2019,GELDING,"John Butler",T:68,T:68,A:68,A:69,A:63,H:0
"SOLAR ACLAIM (IRE)",2021,GELDING,"Julie Camacho",T:48,T:85,T:49,T:91,T:88,T:80
"SOLAR BENTLEY (IRE)",2021,GELDING,"Mark Walford",A:60,T:58,T:62,T:38,A:42,T:59
"SOLAR BIRICZ (IRE)",2022,GELDING,"Mark Walford",T:0,T:48,T:18,T:0,T:53,T:27
"SOLAR COOPER (GB)",2023,GELDING,"Mark Walford",T:46,T:64,T:25,T:49,T:53,A:x
"SOLAR EDGE (GB)",2022,GELDING,"Christopher Mason",T:77,A:66,A:75,A:58,T:70,T:74
"SOLAR INVINCIBLE (IRE)",2023,GELDING,"Roger Teal",T:63,T:53,T:66,A:62,A:63,A:63
"SOLAR PASS (GB)",2022,FILLY,"Andrew Balding",T:76,T:74,A:66,A:73,T:53,T:70
"SOLAR PHOENIX (IRE)",2023,GELDING,"Roger Teal",A:x,T:x,T:x,-,-,-
"SOLAR SAVING (IRE)",2021,GELDING,,T:35,T:47,T:42,T:47,T:56,-
"SOLAR SYSTEM (FR)",2019,GELDING,"Philip Hobbs & Johnson White",S:98,S:114,H:94,H:106,H:104,H:115
"SOLARIZE (GB)",2022,COLT,"Charlie Johnston",A:86,A:80,A:84,A:x,A:x,A:x
"SOLD OUT (GB)",2022,GELDING,"John Mackie",A:36,A:41,A:46,A:45,A:52,A:42
"SOLDIER FOR GLORY (IRE)",2020,GELDING,"Rebecca Curtis",H:x,H:x,-,-,-,-
"SOLDIER REEVES (IRE)",2021,GELDING,"Dan Skelton",H:x,H:x,H:x,H:x,H:x,N:x
"SOLDIER'S EMPIRE (IRE)",2021,GELDING,,T:83,A:88,T:87,T:86,-,-
"SOLDIER'S LEAP (IRE)",2020,GELDING,"Tom Ellis",H:103,H:106,H:102,H:100,H:106,H:97
"SOLDIER'S TREE (IRE)",2021,GELDING,"James Owen",T:107,-,-,-,-,-
"SOLDIEROFTHESTORM (IRE)",2018,GELDING,"Jonjo & A.J. O'Neill",S:103,S:123,S:120,H:115,H:109,H:102
"SOLDIERS STAR (IRE)",2022,GELDING,,A:56,A:60,A:72,T:49,T:67,T:65
"SOLE SOLUTION (IRE)",2018,GELDING,"Venetia Williams",H:91,H:105,S:88,S:117,H:119,H:x
"SOLE SPIRIT (GB)",2022,GELDING,"Bryan Smart",A:68,T:49,T:66,T:59,A:0,T:x
"SOLEIL D'ARIZONA (FR)",2020,FILLY,"Dan Skelton",H:63,H:0,H:98,H:84,H:40,H:x
"SOLID BOND (IRE)",2022,FILLY,"Declan Carroll",T:44,T:37,T:20,T:62,T:61,T:x
"SOLID PERFORMER (IRE)",2018,GELDING,"Donald McCain",H:x,H:x,H:x,H:x,H:x,-
"SOLVENCY (IRE)",2022,GELDING,"James Owen",T:69,A:65,A:76,A:75,A:48,A:81
"SOLWAY PRIMROSE (GB)",2014,FILLY,"Lisa Harrison",H:0,H:0,H:0,H:66,H:76,H:72
"SOME BOY ME (GB)",2022,GELDING,,A:11,H:x,H:0,H:68,A:51,A:54
"SOME NIGHTMARE (IRE)",2017,GELDING,"John O'Shea",T:53,T:41,A:45,A:50,A:44,A:52
"SOME SCOPE (GB)",2018,GELDING,"Richard Hobson",S:0,S:121,S:102,S:73,S:122,S:106
"SOMEBODY (IRE)",2023,GELDING,,A:x,A:x,A:53,A:66,A:67,A:67
"SOMEONE'S WISH (IRE)",2020,GELDING,"Patrick Morris",A:31,H:0,A:55,T:30,A:55,A:48
"SOMESPRING SPECIAL (IRE)",2018,FILLY,"Philip Hobbs & Johnson White",S:134,S:129,S:85,S:106,S:125,S:118
"SOMETHING (GB)",2021,GELDING,"Liam Bailey",T:77,T:71,T:64,A:74,A:70,T:58
"SOMETHING COMING (GB)",2023,FILLY,"Peter Chapple-Hyam",A:62,A:x,T:51,A:x,T:x,-
"SOMETHING SPLENDID (GB)",2022,COLT,"Peter Chapple-Hyam",T:56,T:67,T:63,T:77,T:76,T:73
"SOMETHINGINTHEAIR (GB)",2023,FILLY,"J. S. Moore",A:x,A:x,A:x,-,-,-
"SOMETHINGTOSOMEONE (IRE)",2019,FILLY,,H:0,S:0,S:73,H:93,H:93,H:x
"SOMKIYR (FR)",2021,GELDING,"Andy Irvine",A:62,A:64,H:x,H:57,H:x,H:x
"SON (GB)",2021,GELDING,"Tim Easterby",T:71,T:83,T:82,A:79,A:77,T:64
"SON OF ASTAR (GB)",2022,GELDING,"Tony Carroll",T:13,A:51,A:44,A:55,A:59,A:55
"SON OF HYPNOS (IRE)",2017,GELDING,"Ryan Chapman",H:89,H:103,H:0,-,-,-
"SON OF MAN (IRE)",2021,GELDING,"Jim Boyle",A:33,T:83,A:85,A:82,A:78,A:80
"SON OF SARABI (GB)",2023,GELDING,,T:71,T:x,T:63,T:52,T:78,T:x
"SON OF TYRAN (GB)",2021,GELDING,"Dan Skelton",H:74,H:78,H:66,H:59,H:x,H:x
"SONDAD (GB)",2021,GELDING,"Michael & David Easterby",T:65,T:93,T:93,T:74,T:92,T:91
"SONG BROCADE (GB)",2022,FILLY,,T:64,T:76,T:x,T:x,T:x,-
"SONG N DANCE (GB)",2022,FILLY,"S. P. C. Woods",T:85,A:84,A:82,T:x,A:x,T:x
"SONG OF EARTH (IRE)",2015,GELDING,"Julian Smith",S:66,S:0,S:15,S:81,S:84,S:93
"SONG OF THE CLYDE (GB)",2023,COLT,"Clive Cox",T:108,T:97,T:92,T:100,T:96,T:x
"SONG OF THE STARS (GB)",2023,FILLY,"James Ferguson",T:58,A:50,A:51,A:53,A:x,A:x
"SONIC PIONEER (GB)",2022,GELDING,"Martin Keighley",H:x,H:0,H:0,H:116,T:79,T:76
"SONIC SI (GB)",2022,GELDING,"Tony Carroll",T:61,A:52,A:54,A:47,A:58,A:47
"SONIGINO (FR)",2017,GELDING,"Paul Nicholls",S:97,S:132,H:114,H:132,H:83,H:119
"SONNERIE POWER (FR)",2019,GELDING,"David Killahena & Graeme McPherson",A:60,A:62,A:61,A:65,A:51,A:22
"SONYOURASTAR (IRE)",2020,GELDING,"Olly Murphy",H:x,H:x,H:x,-,-,-
"SOOMAROY (FR)",2021,GELDING,"Gary & Josh Moore",H:x,H:x,H:x,-,-,-
"SOOZIESUE (GB)",2022,FILLY,,T:0,T:x,A:x,T:x,-,-
"SOPHAR SOGOOD (IRE)",2017,GELDING,,A:32,T:36,T:32,T:56,T:58,A:54
"SOPHIA'S STARLIGHT (FR)",2020,FILLY,,T:56,T:92,T:94,T:86,T:87,T:62
"SOPHIE POWER (FR)",2021,FILLY,"Harriet Dickin",H:69,H:0,H:41,H:87,H:95,H:60
"SOPHIESTICATE (IRE)",2019,FILLY,"R. Mike Smith",T:37,A:36,T:49,T:41,T:56,T:49
"SORTED (IRE)",2023,GELDING,"Mark Loughnane",A:45,A:50,A:43,A:x,A:x,T:x
"SOUFFLER (GB)",2023,FILLY,"Kevin Philippart de Foy",T:x,T:x,A:x,-,-,-
"SOUL ICON (GB)",2017,GELDING,"Keiran Burke",S:0,S:140,S:141,S:0,S:132,S:145
"SOUL LIMBO (IRE)",2020,GELDING,"Harry Fry",H:x,T:x,T:x,H:x,H:x,H:x
"SOUL LOVE (GB)",2023,FILLY,"K. R. Burke",T:99,A:x,A:x,-,-,-
"SOUL SEEKER (IRE)",2017,GELDING,"Philip Kirby",T:31,T:29,T:36,T:39,T:6,A:20
"SOUL WARRIOR (IRE)",2023,GELDING,"Nigel Tinkler",A:17,T:62,A:x,T:x,T:x,-
"SOUND AND FURY (IRE)",2017,GELDING,"Ben Pauling",S:121,S:127,S:88,S:116,S:124,S:79
"SOUND AND VISION (IRE)",2023,FILLY,"Ed Walker",A:61,A:x,A:x,A:x,A:x,-
"SOUND JANET (GB)",2022,FILLY,"Julie Camacho",A:35,T:69,T:x,T:76,T:x,A:x
"SOURDOUGH (GB)",2022,GELDING,,T:75,A:78,T:36,T:78,A:x,T:x
"SOUTH COAST STAR (IRE)",2023,FILLY,"Hugo Palmer",T:41,A:40,A:55,A:53,A:54,A:x
"SOUTH DAKOTA SIOUX (IRE)",2020,GELDING,"John Butler",A:54,A:63,A:62,A:59,A:52,A:56
"SOUTH KENSINGTON (IRE)",2021,FILLY,"Adam Kirby",A:59,A:58,T:49,A:49,A:56,T:58
"SOUTH OMO ZONE (IRE)",2018,GELDING,,S:0,S:53,H:x,H:x,H:x,N:x
"SOUTH PARADE (IRE)",2021,FILLY,"Richard & Peter Fahey",T:58,T:56,T:48,T:38,A:61,A:62
"SOUTH ROAD (IRE)",2022,FILLY,"Lucinda Russell & Michael Scudamore",T:43,A:28,A:46,T:51,T:58,T:60
"SOUTH SHORE (GB)",2021,GELDING,"Ruth Carr",T:50,A:55,A:56,A:53,A:58,T:53
"SOUTH SHORE ISLAND (IRE)",2022,GELDING,"Lizzie Quinlan",A:41,A:45,A:46,A:52,A:38,A:51
"SOUTHBANK (IRE)",2021,GELDING,"Chris Gordon",T:45,A:55,A:50,A:55,A:56,A:51
"SOUTHERN SPIRIT (GB)",2023,FILLY,,T:x,T:x,T:x,-,-,-
"SOUTHERN WARRIOR (IRE)",2023,COLT,"Olly Williams",T:63,A:66,A:70,A:x,A:x,A:x
"SOUTHEY (IRE)",2020,GELDING,"Ella Pickard",H:57,S:98,S:90,H:x,H:x,-
"SOUTHFIELD FINALE (GB)",2020,GELDING,,H:x,H:x,H:x,N:x,-,-
"SOUTHOFTHEBORDER (IRE)",2018,GELDING,"Henrietta C Knight",S:124,S:121,S:118,S:112,S:116,S:116
"SOVEREIGN APPLAUSE (IRE)",2022,FILLY,,A:0,T:26,H:50,A:51,H:x,A:x
"SOVEREIGN BAY (FR)",2023,GELDING,"Dr Richard Newland & Jamie Insole",T:69,A:x,A:x,A:x,-,-
"SOVEREIGN BRIGHT (GB)",2023,FILLY,"Charlie Johnston",T:16,A:61,A:x,A:x,A:x,T:70
"SOVEREIGN CLASS (IRE)",2022,FILLY,"Grant Tuer",A:0,A:30,A:52,A:48,A:37,A:56
"SOVEREIGN KNIGHT (GB)",2021,GELDING,,A:51,A:58,A:50,A:51,A:59,A:71
"SOVEREIGN LAD (IRE)",2022,GELDING,,A:45,A:30,A:x,A:x,A:x,-
"SOVEREIGN OCEAN (IRE)",2023,COLT,"Marco Botti",A:91,T:84,T:x,-,-,-
"SOVEREIGN SEA (IRE)",2021,GELDING,,A:90,T:89,T:95,A:91,T:73,T:93
"SOVEREIGN SPELL (IRE)",2023,COLT,"Kevin Philippart de Foy",T:87,T:90,A:x,T:85,T:x,T:77
"SOVEREIGN VIEW (GB)",2023,GELDING,"James Tate",T:77,A:84,A:81,T:75,A:x,A:x
"SOVEREIGN WEALTH (GB)",2023,COLT,,A:76,A:x,A:77,A:77,A:76,T:56
"SOVIET SYMPHONY (GB)",2022,FILLY,,A:x,A:x,T:x,-,-,-
"SPACE BEAR (IRE)",2023,FILLY,"Michael Appleby",T:18,A:72,T:76,A:69,A:70,A:69
"SPACE COWBOY (IRE)",2019,GELDING,,A:68,A:69,A:45,A:10,T:55,T:52
"SPACE INVASION (IRE)",2023,COLT,"Daniel & Claire Kubler",A:88,A:x,A:x,A:x,-,-
"SPACE MOON (IRE)",2023,FILLY,"Brian Ellison",T:47,T:54,A:58,A:x,A:x,A:x
"SPACE RAIDER (GB)",2022,GELDING,,A:45,A:32,A:46,T:48,T:36,T:56
"SPACEAGE LOVE SONG (IRE)",2022,GELDING,"Michael Bell",A:43,A:37,A:46,A:51,A:39,A:47
"SPACEPORT (IRE)",2021,GELDING,,A:51,A:63,A:0,H:x,T:80,T:84
"SPACEWOMAN (GB)",2023,FILLY,"Henry Candy",T:53,A:58,T:56,A:x,T:x,T:x
"SPADESTEP (IRE)",2019,GELDING,"Lucinda Russell & Michael Scudamore",S:102,S:117,S:117,S:116,S:116,H:x
"SPANGLED MAC (IRE)",2019,GELDING,"George Boughey",T:76,A:88,T:86,T:88,T:81,T:84
"SPANISH DANCER (FR)",2019,GELDING,"Richard Bandey",H:x,H:x,H:x,N:x,N:x,-
"SPANISH HUSTLE (GB)",2018,GELDING,"Jim Goldie",T:50,T:59,T:63,T:76,T:70,T:74
"SPANISH STAR (IRE)",2015,GELDING,,T:68,T:57,T:63,T:66,T:63,T:71
"SPANISH VOICE (GB)",2022,COLT,"Andrew Balding",T:83,T:92,A:80,A:61,A:x,T:x
"SPANISH WALTZ (GB)",2023,COLT,,T:92,T:x,T:x,-,-,-
"SPARKLING DUKE (IRE)",2019,GELDING,"Kayley Woollacott",H:110,H:104,H:45,H:97,H:76,H:89
"SPARKLING PINK (GB)",2023,FILLY,"Adrian Nicholls",T:21,T:62,A:34,T:51,T:43,T:57
"SPARKLING WINE (GB)",2023,FILLY,"Michael Dods",T:x,T:x,T:x,-,-,-
"SPARKS FLY (GB)",2020,FILLY,"David Loughnane",T:106,T:100,T:107,T:93,T:103,T:102
"SPARKSMITH (FR)",2023,COLT,"James Ferguson",A:40,A:82,A:x,A:x,A:x,-
"SPARKY TOM (GB)",2020,GELDING,"Paul Robson",H:41,H:x,H:x,H:x,N:x,N:x
"SPARTACUS FORCE (GB)",2023,GELDING,,T:27,A:48,T:43,A:45,T:51,T:x
"SPARTACUS WARRIOR (GB)",2023,GELDING,"Tony Coyle & Kaine Wood",A:18,T:43,T:47,A:33,T:52,T:x
"SPARTAN ARROW (IRE)",2020,GELDING,"Archie Watson",T:86,T:71,A:94,T:92,T:95,T:103
"SPARTAN FIGHTER (GB)",2017,GELDING,"Antony Brittain",A:4,A:48,A:63,A:62,A:59,A:54
"SPARTAN TIMES (GB)",2021,GELDING,"Jennie Candlish",T:63,H:99,H:106,H:x,T:72,T:72
"SPARTAN WARRIOR (IRE)",2021,GELDING,"Maurice Barnes",H:0,H:28,H:80,H:85,T:29,T:63
"SPEAKTOTHEGUVNOR (GB)",2022,FILLY,,T:26,T:x,T:x,A:x,T:x,-
"SPEC OF LIGHT (GB)",2022,GELDING,"Tony Forbes",A:43,A:57,A:53,A:61,A:56,A:37
"SPECIAL ACCLAIM (GB)",2022,GELDING,,A:32,A:x,A:x,A:x,-,-
"SPECIAL BREEZE (GB)",2022,FILLY,"Pam Sly",T:30,A:61,T:61,A:x,T:x,T:x
"SPECIAL DIVIDEND (GB)",2023,GELDING,"Dr Richard Newland & Jamie Insole",T:66,T:73,T:87,A:x,A:x,-
"SPECIAL GHAIYYATH (IRE)",2022,GELDING,"P. Charalambous & J. Clutterbuck",A:17,T:70,A:79,A:47,T:79,T:x
"SPECIAL JOHN (IRE)",2019,GELDING,"Sam Thomas",S:110,S:102,H:86,S:102,S:105,S:101
"SPECIAL RATE (IRE)",2017,GELDING,"Hugh Burns",S:103,S:118,S:114,S:120,S:121,S:113
"SPECTACULAR STYLE (GB)",2020,GELDING,,A:17,A:51,A:66,A:16,T:59,T:62
"SPECTACULARSUNRISE (GB)",2020,GELDING,"Nigel & Willy Twiston-Davies",H:96,H:113,H:128,H:x,H:128,H:x
"SPECULATIVE (IRE)",2023,FILLY,"Tom Dascombe",T:49,A:x,T:x,T:x,-,-
"SPEECHMAN (USA)",2020,GELDING,"Philip Kirby",T:45,A:1,A:54,A:51,A:63,A:63
"SPEED DAVIS (FR)",2018,GELDING,"Donald McCain",H:115,H:108,H:99,S:64,H:93,H:0
"SPEED OF MAAJID (GB)",2022,GELDING,,A:61,A:60,A:67,A:65,A:67,A:66
"SPEEDING BULLET (IRE)",2021,GELDING,"Paul Midgley",T:49,A:38,T:70,A:70,A:68,T:68
"SPEIRIUIL (IRE)",2020,FILLY,"Adam Nicol",H:120,H:114,H:108,H:103,H:89,H:98
"SPELL MASTER (GB)",2022,GELDING,"Oli Rix",A:89,T:82,T:87,T:87,T:87,T:86
"SPENDMORE LANE (GB)",2022,FILLY,"David Loughnane",A:71,T:74,A:74,T:49,A:64,A:70
"SPHERICAL (GB)",2022,FILLY,,T:63,A:76,T:55,T:78,A:x,T:x
"SPICED RUM (GB)",2020,FILLY,,T:72,A:71,A:59,A:67,H:107,H:117
"SPICY MARG (GB)",2023,FILLY,"Michael Bell",T:102,T:103,T:98,T:100,T:81,T:97
"SPIKE JONES (GB)",2017,GELDING,"Samuel Drinkwater",H:95,H:106,H:112,H:0,H:116,H:116
"SPINNING DANCER (IRE)",2022,FILLY,,A:46,A:34,A:31,A:45,A:47,A:43
"SPINNING LIZZIE (GB)",2023,FILLY,"Dr Richard Newland & Jamie Insole",T:96,T:90,A:89,T:96,T:87,T:84
"SPINNING WHEEL (GB)",2022,GELDING,"Simon & Ed Crisford",T:102,T:101,T:95,T:84,T:x,T:x
"SPIORADALTA (GB)",2020,GELDING,"Mark Walford",T:91,T:76,T:89,T:77,T:82,T:53
"SPIRIT CATCHER (IRE)",2019,GELDING,"Philip Kirby",T:64,T:64,T:64,T:39,A:51,T:55
"SPIRIT CHARMER (GB)",2021,FILLY,,A:29,A:46,A:47,A:34,A:42,A:32
"SPIRIT DREAMER (IRE)",2023,GELDING,"Andrew Balding",T:x,T:x,T:x,-,-,-
"SPIRIT GENIE (IRE)",2020,GELDING,"Jennie Candlish",T:71,T:x,T:74,T:81,T:x,T:78
"SPIRIT LEAD ME (IRE)",2022,GELDING,"Richard Hughes",T:45,A:15,A:36,A:52,A:44,A:45
"SPIRIT MIXER (GB)",2018,GELDING,"Andrew Balding",T:87,A:96,T:95,T:96,T:92,T:93
"SPIRIT OF ACKLAM (GB)",2021,GELDING,"Michael & David Easterby",T:77,T:53,T:83,T:54,A:80,T:71
"SPIRIT OF ALBION (IRE)",2022,GELDING,"Michael Appleby",T:x,T:64,T:69,T:x,T:x,T:x
"SPIRIT OF APPLAUSE (GB)",2020,GELDING,"Tim Easterby",A:65,A:69,A:63,T:61,A:70,T:61
"SPIRIT OF ATHENE (GB)",2023,FILLY,"Ed Walker",A:x,A:x,A:x,-,-,-
"SPIRIT OF BOWLAND (GB)",2019,GELDING,"Tony Culhane & Stella Barclay",A:27,A:51,A:48,A:47,A:47,A:44
"SPIRIT OF BREEZE (IRE)",2020,GELDING,"Gary & Josh Moore",A:53,A:65,T:57,T:62,T:46,T:57
"SPIRIT OF JENNY (IRE)",2022,FILLY,"Steph Hollinshead",T:68,A:68,A:65,A:60,T:63,T:67
"SPIRIT OF JURA (GB)",2022,FILLY,"Charlie Johnston",T:79,A:72,A:79,T:75,T:22,A:85
"SPIRIT OF MARA (FR)",2023,GELDING,,A:14,A:46,A:15,A:47,A:x,T:x
"SPIRIT OF NATURE (IRE)",2022,GELDING,"Jim Goldie",T:x,T:x,T:x,-,-,-
"SPIRIT OF SAXONY (IRE)",2023,GELDING,"Eve Johnson Houghton",A:x,T:76,T:x,A:x,T:x,-
"SPIRIT OF THE BAY (IRE)",2018,FILLY,"John & Rhys Flint",T:66,T:47,T:61,T:64,T:68,T:68
"SPIRIT OF TOKYO (GB)",2023,FILLY,"Philip Kirby",A:x,A:x,A:x,-,-,-
"SPIRIT STAR (GB)",2023,FILLY,,A:37,T:19,A:33,T:41,T:45,T:45
"SPIRITED DANCER (GB)",2022,FILLY,"Daniel & Claire Kubler",T:40,A:21,A:37,A:51,T:51,A:58
"SPIRITED STYLE (GB)",2022,FILLY,,T:87,T:96,T:106,T:x,T:x,-
"SPIRITOFTHEBLUES (GB)",2023,FILLY,"David O'Meara",T:x,A:x,T:x,-,-,-
"SPIRITS BAY (GB)",2018,GELDING,"Nigel & Willy Twiston-Davies",H:116,H:100,S:124,S:93,H:124,H:71
"SPIRITUAL (IRE)",2021,FILLY,,T:78,T:102,T:101,T:111,T:105,T:105
"SPIRITUALISM (IRE)",2022,FILLY,,A:57,A:60,A:0,T:54,T:0,T:70
"SPIROU (FR)",2020,GELDING,"Harry Derham",H:119,-,-,-,-,-
"SPIT SPOT (GB)",2019,FILLY,"Lucinda Russell & Michael Scudamore",T:41,H:0,H:99,H:101,H:94,H:115
"SPITALFIELD (IRE)",2018,GELDING,"Jonjo & A.J. O'Neill",H:95,H:64,H:85,H:86,H:76,H:110
"SPLASH (GB)",2023,FILLY,"Dean Ivory",T:65,T:x,A:x,A:x,-,-
"SPLINTERWOOD (GB)",2022,GELDING,"Michael Appleby",A:x,A:x,A:x,-,-,-
"SPLISH SPLASH (IRE)",2023,FILLY,"Eve Johnson Houghton",T:75,T:68,T:87,T:x,T:x,T:x
"SPLIT ELEVENS (GB)",2018,GELDING,"John Butler",A:61,A:54,A:56,A:57,A:54,A:61
"SPOKEN TRUTH (IRE)",2021,GELDING,"David O'Meara",T:86,T:86,T:80,-,-,-
"SPONSOR (IRE)",2023,GELDING,"Brian Meehan",T:63,T:x,T:x,T:x,-,-
"SPOOF (GB)",2015,GELDING,"Kevin & Lauren Frost",T:78,T:69,T:59,T:77,T:75,T:68
"SPOOKY WOOKY (IRE)",2022,GELDING,"Simon West",T:24,T:62,T:62,A:x,A:x,T:x
"SPORTING ACE (IRE)",2016,GELDING,"Neil King",S:0,S:115,S:0,S:77,H:0,S:97
"SPORTING LIGHT (IRE)",2023,GELDING,"Richard & Peter Fahey",T:64,A:80,A:70,T:11,T:64,A:68
"SPORTINGSILVERMINE (IRE)",2021,GELDING,"James Owen",T:86,T:70,T:72,T:62,T:33,T:71
"SPORTS COACH (IRE)",2021,GELDING,"Antony Brittain",T:69,T:74,T:72,T:79,A:80,A:82
"SPORTS DAY (IRE)",2023,GELDING,"Michael Bell",T:44,T:64,T:63,A:x,T:x,T:x
"SPORTY SOCKS (GB)",2023,FILLY,"William Stone",T:38,A:43,A:44,T:21,A:51,T:x
"SPOT ON SOPH (IRE)",2016,FILLY,"Sam England",H:98,H:65,H:76,H:105,H:93,H:105
"SPOTTY DOG (GB)",2015,GELDING,"Mike Hawker",S:0,S:63,S:67,S:42,S:78,S:82
"SPRIGHTLY DANCE (IRE)",2022,FILLY,"Roger Varian",A:x,A:x,T:x,-,-,-
"SPRING BLOOM (GB)",2017,GELDING,"John Butler",T:70,T:56,T:62,A:58,A:70,T:58
"SPRING CHORUS (GB)",2020,FILLY,,A:54,T:61,T:56,T:60,T:62,T:58
"SPRING CORN (GB)",2022,GELDING,,T:20,T:27,T:40,T:45,T:57,T:59
"SPRING FESTIVAL (GB)",2021,GELDING,,A:19,T:40,A:32,T:48,T:25,T:46
"SPRING IS SPRUNG (FR)",2019,GELDING,"Paul Midgley",T:82,A:77,A:78,A:87,A:53,T:63
"SPRING SERENADE (IRE)",2019,FILLY,"Kevin Bishop",H:0,H:x,H:x,H:x,-,-
"SPRINGBOK (GB)",2022,GELDING,,A:43,A:52,A:52,A:58,A:54,A:36
"SPRINGS A GIRL (IRE)",2019,FILLY,"Martin Keighley",H:113,H:90,H:111,H:102,S:0,S:117
"SPRINGTIME LEGEND (GB)",2020,FILLY,,H:82,H:106,H:108,H:95,H:x,H:x
"SPRINTING SPEED (IRE)",2023,COLT,"Jennie Candlish",A:56,T:59,A:51,T:x,T:x,T:x
"SPUN TO GOLD (USA)",2021,GELDING,"Jim Goldie",A:49,A:43,A:55,A:47,A:56,A:45
"SPUTNIK (IRE)",2015,GELDING,"Lizzie Quinlan",S:35,S:0,S:58,H:0,S:71,S:57
"SPY CHIEF (GB)",2022,GELDING,"John & Thady Gosden",T:108,T:98,T:100,T:97,T:108,T:107
"SPY KINGDOM (USA)",2022,COLT,"Marco Botti",T:x,T:x,T:x,T:x,-,-
"SPYCATCHER (IRE)",2018,GELDING,"K. R. Burke",T:90,T:111,A:89,T:103,T:107,T:110
"SPYCE (GB)",2023,COLT,"Alan King",T:100,T:94,T:100,T:x,T:x,-
"SQUADRON LEADER (IRE)",2023,GELDING,,A:34,T:59,T:x,A:x,T:x,-
"SQUARE D'ALBONI (FR)",2022,GELDING,"Dan Skelton",H:x,H:x,T:66,T:82,T:97,T:89
"SQUARE DU ROULE (FR)",2020,GELDING,"Nigel Hawke",H:100,H:95,H:74,H:91,H:92,H:87
"SQUARE NECKER (FR)",2022,GELDING,"Kevin Philippart de Foy",T:91,A:x,T:x,-,-,-
"SQUASHY BERRY (GB)",2023,GELDING,"Chris Dwyer",T:x,A:x,T:x,-,-,-
"SQUEALER (IRE)",2020,GELDING,"Nigel Tinkler",T:59,T:66,T:73,T:64,A:78,T:77
"SQUEEZEBOX (IRE)",2019,GELDING,"Tom Lacey",H:x,H:x,H:x,T:67,T:68,T:67
"SQUIFFY (IRE)",2022,FILLY,"Heather Main",A:61,A:x,A:x,-,-,-
"SQUIRE DANAGHER (GB)",2020,GELDING,"Emma Lavelle",H:0,H:0,H:x,H:x,H:x,-
"ST ANTON (IRE)",2023,COLT,"Richard Hannon",T:91,T:87,T:82,T:x,T:x,T:x
"ST CUTHBERT'S CAVE (IRE)",2018,GELDING,"J. J. O'Shea",H:0,S:128,N:x,-,-,-
"ST FAZ (FR)",2020,GELDING,"Adrian Keatley",T:78,T:78,A:74,A:71,A:74,A:69
"ST HILDA (IRE)",2023,FILLY,"Marcus Tregoning",T:x,A:x,A:x,-,-,-
"ST IRENE (IRE)",2020,FILLY,"Nick Scholfield",H:x,H:x,H:x,H:x,N:x,N:x
"ST JUST IN TIME (GB)",2020,GELDING,"Harry Derham",A:44,H:109,H:x,H:x,H:x,H:93
"ST LUKES CHELSEA (GB)",2021,GELDING,"Robert Walford",H:59,H:87,H:90,H:89,H:84,H:88
"ST MAWES (IRE)",2022,GELDING,"Emma Lavelle",T:81,T:79,T:78,A:73,A:65,T:42
"STACEY RACEY (GB)",2021,FILLY,"Keiran Burke",A:46,A:47,A:49,A:37,A:48,A:49
"STADMALLEN (IRE)",2016,GELDING,,S:59,S:0,H:92,S:0,S:73,H:65
"STAFF SERGEANT LEN (GER)",2020,GELDING,"Neil Mulholland",H:99,S:0,S:98,H:97,H:80,H:48
"STAFFORDSHIRE (IRE)",2022,GELDING,"Jennie Candlish",T:45,A:41,A:57,A:41,A:0,A:52
"STAGE SHOW (GB)",2020,GELDING,"Alexandra Dunn",T:32,T:65,H:69,H:75,H:70,H:79
"STAMINA CHOPE (FR)",2016,FILLY,"Dave Roberts",S:77,H:83,S:89,H:82,H:84,H:79
"STANAGE (GB)",2021,GELDING,"Michael & David Easterby",T:63,T:75,A:x,A:71,T:71,T:76
"STAND STRONG (GB)",2020,GELDING,"Ewan Whillans",T:55,A:52,A:60,T:54,A:60,T:51
"STANIEL CAY (IRE)",2023,GELDING,"Kevin Philippart de Foy",T:58,T:66,A:58,A:x,T:x,T:x
"STANLEY SPENCER (IRE)",2021,GELDING,"Fionn McSharry",A:82,A:68,A:81,A:79,A:69,A:79
"STANNERS GLEN (IRE)",2019,GELDING,"Harry Fry",H:x,H:x,H:x,-,-,-
"STANS THE MAN (IRE)",2017,GELDING,"Ella Pickard",S:121,S:123,S:123,S:74,S:118,S:108
"STAPLEFORD PARK (GB)",2022,GELDING,"Michael Attwater",A:40,A:55,A:49,A:51,A:51,A:45
"STAR ANTHEM (IRE)",2022,GELDING,"Clive Cox",T:56,T:84,T:78,T:97,T:93,T:90
"STAR ARTIST (GB)",2019,GELDING,"Hughie Morrison",A:x,A:x,A:x,H:69,H:105,H:x
"STAR CAST (GB)",2022,FILLY,"Gemma Tutty",T:69,T:70,A:66,T:62,A:59,A:62
"STAR CHORUS (IRE)",2022,GELDING,"Mike Murphy",T:66,A:87,A:80,A:83,A:82,A:80
"STAR MARIAN (GB)",2023,FILLY,"David Loughnane",A:37,A:48,A:x,M:x,A:48,A:x
"STAR MATERIAL (IRE)",2023,COLT,"Adrian Keatley",T:79,T:76,T:77,T:86,T:71,T:x
"STAR NOIR (GB)",2023,GELDING,"Michael & David Easterby",T:50,A:62,T:x,T:x,T:x,T:x
"STAR OBSESSION (GB)",2023,FILLY,"William Haggas",A:x,A:x,A:x,-,-,-
"STAR OF AFFINITY (IRE)",2019,GELDING,"Joe Tizzard",S:85,S:114,S:111,S:106,H:99,H:106
"STAR OF ALBION (GB)",2023,GELDING,"Amanda Perrett",T:45,A:73,A:x,A:78,T:x,T:x
"STAR OF ATLANTIS (IRE)",2021,FILLY,"Adrian Wintle",A:28,A:47,A:30,A:21,A:43,A:50
"STAR OF DIAMONDS (IRE)",2019,GELDING,,H:0,H:90,S:0,S:97,S:83,H:x
"STAR OF DUBAI (IRE)",2022,FILLY,"Denis Coakley",T:62,T:45,T:73,T:73,T:66,T:76
"STAR OF EMERALD (FR)",2023,GELDING,"Edward Bethell",T:41,A:x,A:x,A:x,-,-
"STAR OF GUITING (IRE)",2021,GELDING,"Ewan Whillans",H:112,H:117,H:117,H:0,H:120,H:116
"STAR OF HONOUR (IRE)",2020,FILLY,,H:107,H:x,H:x,H:x,-,-
"STAR OF JUPITER (IRE)",2021,GELDING,"Mark Loughnane",A:42,A:46,A:41,A:42,T:47,T:48
"STAR OF LADY M (GB)",2020,FILLY,,T:75,T:89,T:109,A:84,T:101,T:87
"STAR OF MALI (IRE)",2022,GELDING,"James Tate",A:71,A:66,A:73,A:71,A:x,T:x
"STAR OF MARKINCH (IRE)",2016,FILLY,"Gary Rutherford",T:40,T:42,A:23,T:0,T:43,T:37
"STAR OF MEHMAS (IRE)",2022,FILLY,,T:96,T:102,T:85,T:98,T:98,A:94
"STAR OF ST LOUIS (FR)",2017,GELDING,,A:34,A:40,A:40,A:30,T:46,A:52
"STAR START (IRE)",2020,GELDING,"Ruth Carr",T:44,T:56,T:58,T:51,A:59,T:63
"STAR STUDIED (GB)",2021,COLT,,A:68,T:68,A:x,A:x,-,-
"STAR TIME (GB)",2021,GELDING,"Alan King",A:66,A:71,A:51,H:100,A:70,T:x
"STAR TURN (GB)",2020,GELDING,"Mickey Bowen",H:80,H:82,S:0,H:73,H:29,H:59
"STAR VANTAGE (IRE)",2017,GELDING,"Rebecca Menzies",H:63,H:79,H:88,H:76,H:85,H:75
"STAR WALKING (IRE)",2019,FILLY,,H:124,H:0,H:122,H:117,H:90,H:x
"STAR WITH PURPOSE (GB)",2023,GELDING,"John & Sean Quinn",T:x,T:x,T:x,-,-,-
"STAR ZIA (GB)",2022,FILLY,,A:77,T:66,T:56,A:74,T:74,A:x
"STARAKOVA (GB)",2023,FILLY,"Warren Greatrex",A:55,T:35,A:47,A:39,T:25,T:x
"STARCROSSED LOVER (IRE)",2019,GELDING,"Neil Mulholland",S:84,S:115,H:x,H:x,H:x,H:x
"STARDANCER (IRE)",2022,GELDING,"Clive Cox",T:67,T:77,A:x,A:x,T:x,-
"STARDINIA (IRE)",2023,FILLY,,T:57,T:59,T:74,T:x,T:x,T:x
"STARDROP (GB)",2022,GELDING,"Michael Wigham",H:96,H:102,H:x,H:96,H:99,T:77
"STARFIGHTER (GB)",2016,GELDING,,A:28,A:37,A:47,A:50,A:36,A:49
"STARFINCH (IRE)",2023,FILLY,"Harry Eustace",T:66,A:88,A:x,-,-,-
"STARGAZED (GB)",2023,FILLY,"K. R. Burke",T:89,T:x,T:x,T:x,-,-
"STARINTIME (GB)",2023,FILLY,,T:x,T:x,T:x,-,-,-
"STARLIGHT SAMI (IRE)",2023,GELDING,"Denis Coakley",T:71,A:69,A:64,A:x,T:x,T:x
"STARLIGHT TIME (GB)",2023,COLT,"Roger Varian",A:x,T:74,T:x,-,-,-
"STARLINER (IRE)",2021,GELDING,"Linda Perratt",T:63,T:50,T:64,T:62,A:59,A:48
"STARLUST (GB)",2021,COLT,"Ralph Beckett",T:91,T:107,T:101,T:114,T:102,T:111
"STARLYTE (IRE)",2017,FILLY,"Lucinda Russell & Michael Scudamore",H:96,H:96,H:94,H:120,H:83,H:87
"STARMADE (IRE)",2023,COLT,"Ed Dunlop",A:88,T:75,A:x,T:x,T:x,-
"STARMAN (FR)",2016,GELDING,"Joanne Foster",S:77,H:x,S:74,S:0,S:0,S:104
"STARMOUNT (IRE)",2020,GELDING,"Ben Pauling",H:x,H:x,H:x,H:x,-,-
"STARPROOF (IRE)",2020,FILLY,"William Muir & Chris Grassick",A:45,A:71,T:56,A:73,A:58,T:60
"STARRYFIELD (IRE)",2023,GELDING,"James Owen",T:x,T:72,A:x,A:x,T:x,-
"STARSHINE LEGEND (IRE)",2021,GELDING,"Olly Murphy",A:51,T:58,T:69,A:69,T:67,T:68
"STARSHIP TROOPER (IRE)",2023,COLT,"Andrew Balding",A:74,A:x,T:x,T:x,-,-
"STARSHOT (IRE)",2020,GELDING,"Lawrence Mullaney",T:38,A:45,A:44,A:25,A:49,A:49
"STARSONG (IRE)",2019,FILLY,"Michael Appleby",T:48,T:54,T:50,A:40,A:55,A:36
"START AGAIN (IRE)",2020,GELDING,"Fergal O'Brien",S:73,S:0,H:x,H:x,H:79,H:x
"START ME UP (GB)",2023,COLT,"Richard Spencer",A:72,A:x,T:x,-,-,-
"STARTLED (IRE)",2023,GELDING,"Richard Hughes",T:87,T:85,T:78,A:75,T:73,A:65
"STARTLED LADY (GB)",2023,FILLY,"William Knight",T:x,A:x,A:64,A:x,T:x,T:x
"STARTLING (GB)",2022,FILLY,"John Wainwright",T:50,A:0,A:57,A:62,A:62,A:59
"STARZAND (IRE)",2020,GELDING,"Dan Skelton",H:x,H:x,H:x,H:x,N:x,-
"STARZINTHEIREYES (GB)",2022,COLT,,T:103,T:103,T:108,T:x,T:x,-
"STASH THE CASH (IRE)",2021,GELDING,"Martin Dunne",A:52,A:26,A:41,A:54,A:45,A:52
"STATE OF HONOR (IRE)",2017,FILLY,,H:69,H:74,H:84,H:85,H:82,H:0
"STATE OF MADNESS (GB)",2021,GELDING,"Mark Loughnane",T:62,A:69,A:59,A:68,A:75,A:73
"STATEIRA (FR)",2022,FILLY,"Andrew Balding",A:102,A:96,A:86,A:86,A:72,A:79
"STATIC (FR)",2021,GELDING,"Donald McCain",H:119,H:118,H:122,H:122,H:108,H:112
"STATION BAR (GB)",2023,GELDING,"Eve Johnson Houghton",T:67,A:57,T:55,A:63,A:65,A:65
"STATION X (GB)",2022,GELDING,"Bryan Smart",T:84,A:84,A:82,A:82,T:81,T:81
"STATTLER (IRE)",2015,GELDING,,H:0,H:124,H:124,S:0,S:0,S:158
"STATUARIO (GB)",2015,GELDING,"Mickey Bowen",S:132,S:116,S:108,S:130,S:111,S:129
"STAVANGER ROSE (IRE)",2020,FILLY,"Harriet Dickin",H:x,H:x,H:x,H:x,H:x,-
"STAY AWAY FAY (IRE)",2017,GELDING,"Christopher Kellett",H:0,H:140,H:89,S:0,S:0,S:123
"STAY HOPEFUL (IRE)",2020,GELDING,"Henry Oliver",H:63,H:59,H:x,H:x,H:x,-
"STAY SALTY (IRE)",2023,COLT,"Kevin Philippart de Foy",T:64,A:73,A:x,A:x,-,-
"STAY SHARP (GB)",2023,FILLY,,A:63,A:50,A:62,T:63,T:55,A:x
"STEADY THE SHIP (IRE)",2016,GELDING,"Steph Cameron",H:17,H:28,S:0,S:0,S:0,H:77
"STEAL THE MOVES (IRE)",2020,GELDING,"Emma-Jane Bishop",S:77,S:0,S:71,S:81,H:x,H:x
"STEEL ALLY (FR)",2018,GELDING,"Sam Thomas",S:136,S:152,S:150,S:142,H:0,H:144
"STEEL FIXER (GB)",2023,GELDING,"Brian Ellison",A:47,A:52,T:17,T:x,T:x,T:x
"STEEL SOLDIER (IRE)",2020,GELDING,"John Norton",H:57,H:75,H:39,H:48,H:x,H:x
"STEEL TIGER (IRE)",2021,GELDING,"Simon & Ed Crisford",A:41,T:29,T:84,T:73,T:80,A:89
"STEELY DAN (GB)",2022,GELDING,,T:50,T:x,A:x,A:x,-,-
"STELLA LUCENTE (IRE)",2023,FILLY,"Jack Morland",T:68,A:66,T:x,A:x,A:x,-
"STELLAR STREAM (IRE)",2017,GELDING,"Kayley Woollacott",S:0,H:82,H:88,S:63,S:0,S:98
"STELLAR SUNRISE (GB)",2023,COLT,"Andrew Balding",T:96,T:103,T:85,T:95,T:x,T:x
"STELLAR VISION (GB)",2023,COLT,"Stuart Williams",T:49,T:63,T:79,A:x,T:x,-
"STELLAR WORLD (GB)",2023,FILLY,"Hughie Morrison",A:x,A:x,A:x,-,-,-
"STELLARMASTERPIECE (FR)",2020,FILLY,"Micky Hammond",H:77,T:58,T:64,T:62,H:67,H:62
"STELLENBOSCH (IRE)",2022,FILLY,,A:68,A:80,A:79,A:76,A:x,A:66
"STEM (IRE)",2022,GELDING,"Richard Hannon",T:83,T:89,T:88,T:x,T:x,-
"STENMARK (IRE)",2022,GELDING,"Gihan Arnolda",T:76,A:74,A:71,A:77,A:73,T:77
"STEP AHEAD (IRE)",2020,GELDING,"Kim Bailey & Mat Nicholls",H:x,H:x,H:x,H:x,N:x,N:x
"STEP ALONG (GB)",2022,FILLY,,A:34,A:50,A:11,T:26,T:53,T:54
"STEPANOV (IRE)",2023,GELDING,"Edward Bethell",T:60,A:x,A:x,A:x,-,-
"STEPINMYDIRECTION (IRE)",2023,FILLY,,A:63,A:x,A:x,T:x,-,-
"STERLING KNIGHT (GB)",2019,GELDING,"Ed Dunlop",T:92,T:87,T:80,T:77,A:76,T:79
"STICK WITH ME SAM (FR)",2019,GELDING,"Tom Gretton",S:58,S:79,S:105,S:101,S:93,S:80
"STICKTOTHEPLAN (FR)",2020,GELDING,"Olly Murphy",H:142,H:123,H:x,H:x,-,-
"STICKTOYOURGUNS (GB)",2023,COLT,"Owen Burrows",T:x,T:x,-,-,-,-
"STILETTO (GB)",2018,GELDING,"Sophie Leech",H:89,H:82,H:83,H:90,H:99,H:100
"STIMULATIVE TRIP (FR)",2023,FILLY,"David Menuisier",T:89,T:x,-,-,-,-
"STINGINHISSTEP (GB)",2019,GELDING,"Susan Gardner",H:85,H:0,H:94,H:93,H:79,H:86
"STINTINO SUNSET (GB)",2020,FILLY,"Julia & Shelley Birkett",T:43,A:44,A:47,A:38,A:46,A:46
"STIPULATION (IRE)",2021,GELDING,"Mark Loughnane",A:53,A:65,A:65,A:63,A:62,A:65
"STIRRUP CUP (GB)",2022,GELDING,"Tim Easterby",T:62,T:70,T:70,A:57,A:69,T:62
"STITCHING WHEEL (IRE)",2022,FILLY,"Chris Grant",A:50,T:48,T:51,T:55,H:36,T:36
"STOCK MARKET (GB)",2023,GELDING,"Tony Carroll",T:52,T:60,T:60,T:42,A:54,A:57
"STOCKPYLE (GB)",2019,GELDING,,A:30,A:40,A:48,A:58,T:53,T:62
"STOIC POET (IRE)",2023,GELDING,"Iain Jardine",T:68,A:64,T:56,T:x,T:x,T:x
"STOLE MY HEART (IRE)",2023,FILLY,"David Evans",T:40,A:x,A:x,A:x,-,-
"STOLEN (GB)",2023,FILLY,"Eve Johnson Houghton",T:24,T:x,A:x,T:x,-,-
"STOLEN SILVER (FR)",2015,GELDING,"Georgina Nicholls",S:93,S:0,S:110,S:91,H:0,H:111
"STONE COLD (IRE)",2021,GELDING,"Matt Sheppard",H:89,H:x,H:x,H:x,-,-
"STONE'S THROW (GB)",2020,GELDING,"Billy Aprahamian",H:104,H:103,H:120,H:115,H:0,H:x
"STONEACRE (IRE)",2020,GELDING,"Scott Dixon",T:23,T:39,A:0,A:16,A:41,A:17
"STONEACRE DONNY (GB)",2023,GELDING,"Tim Easterby",T:78,T:81,T:77,T:77,T:x,T:x
"STONEACRE GIRL (GB)",2021,FILLY,,A:16,A:4,A:29,A:43,A:42,A:39
"STONEACRE JOE (GB)",2023,GELDING,"Tim Easterby",T:x,T:42,T:x,T:x,T:x,-
"STONEGATE (GB)",2019,GELDING,"Brian Rothwell",S:0,S:0,S:0,S:0,S:38,S:10
"STONER'S CHOICE (GB)",2015,GELDING,"Fergal O'Brien",H:82,H:104,H:110,H:120,H:103,H:117
"STONEYWELL (GB)",2022,GELDING,"Steph Hollinshead",T:60,A:36,A:58,T:43,T:x,T:x
"STOP THE CAVALRY (GB)",2021,FILLY,,T:59,T:89,A:98,T:89,T:104,T:95
"STOPHERANDGO (IRE)",2017,FILLY,"David Flood",H:53,S:0,S:0,H:62,H:54,H:72
"STORM ASSET (GB)",2019,GELDING,,A:0,A:33,A:48,A:47,A:40,A:33
"STORM CALL (IRE)",2022,FILLY,"Michael & David Easterby",A:58,A:56,T:71,T:67,A:67,T:62
"STORM CATCHER (IRE)",2018,GELDING,,A:42,A:66,A:83,A:87,A:59,A:88
"STORM ESME (GB)",2023,FILLY,"Tim Easterby",T:30,T:57,T:x,T:72,A:x,-
"STORM FLAG (IRE)",2023,FILLY,,A:9,A:39,T:49,T:54,T:x,T:x
"STORM FREE (GB)",2022,GELDING,"James Tate",T:70,T:85,T:89,A:85,A:83,T:x
"STORM ON JURA (GB)",2022,FILLY,"Jim Goldie",T:41,T:34,T:22,T:x,T:x,T:x
"STORM POINT (GB)",2023,GELDING,"Ed Walker",A:69,A:73,A:x,A:x,A:x,-
"STORM STAR (GB)",2021,GELDING,"Andrew Balding",T:96,A:89,A:87,A:97,A:97,A:100
"STORM THE DUG (FR)",2022,GELDING,"Lucinda Russell & Michael Scudamore",H:93,H:x,H:74,H:x,A:56,A:59
"STORMIN CROSSGALES (IRE)",2017,GELDING,"Max Young",S:0,S:0,S:0,S:0,S:0,S:103
"STORMING GEORGE (IRE)",2020,GELDING,"Neil King",H:x,H:133,H:x,H:126,H:x,H:x
"STORMING NELSON (IRE)",2019,GELDING,"Susan Gardner",S:48,S:83,S:67,S:90,S:97,H:77
"STORMINHOME (IRE)",2017,GELDING,"Nick Gifford",S:110,S:116,S:46,S:52,S:122,S:122
"STORMY IMPACT (GB)",2022,FILLY,"Richard & Peter Fahey",T:72,T:88,T:94,T:87,T:88,A:94
"STORMY LADY (GB)",2022,FILLY,,A:20,A:18,T:20,A:42,T:30,A:39
"STORMY MONDAY (GB)",2022,COLT,,T:66,T:80,T:75,T:69,T:69,T:66
"STORMY PEARL (GB)",2020,FILLY,"David Thompson",T:45,T:47,T:55,T:50,T:43,T:48
"STOWAWAY JOHN (IRE)",2014,GELDING,,S:0,S:30,S:66,S:70,S:84,S:66
"STRACKAN (GB)",2019,GELDING,,S:0,S:0,H:0,H:120,H:123,H:117
"STRAIGHT A (GB)",2021,GELDING,"Michael Appleby",T:67,T:71,T:69,A:58,A:69,A:69
"STRAIGHT AHEAD (GB)",2023,GELDING,"Craig Lidster",A:74,A:72,T:64,T:70,T:69,T:x
"STRASSIA (FR)",2021,FILLY,"David O'Meara",T:52,T:91,-,-,-,-
"STRATAGEM (FR)",2016,GELDING,"Mickey Bowen",S:120,S:111,S:111,S:118,S:106,S:0
"STRATHCATCHA (GB)",2020,FILLY,,H:71,H:x,H:x,H:x,N:x,N:x
"STRATOCRACY (IRE)",2021,GELDING,"Kevin & Lauren Frost",T:71,A:79,A:71,A:67,A:58,T:66
"STRATTON OAKMONT (IRE)",2016,GELDING,"Kayley Woollacott",H:76,H:101,H:100,H:114,H:94,H:107
"STRATUSNINE (IRE)",2022,GELDING,"Hugo Palmer",T:95,T:0,A:92,A:88,A:0,A:92
"STRAYA (IRE)",2021,FILLY,"Katie Scott",A:20,A:49,T:46,T:51,T:56,T:46
"STREAK LIGHTNING (IRE)",2017,GELDING,,T:0,A:0,A:54,A:67,A:70,A:61
"STREAM OF STARS (GB)",2015,GELDING,"Nigel & Willy Twiston-Davies",H:123,H:129,H:129,H:126,H:128,H:122
"STREAMSFORTH LAD (IRE)",2018,GELDING,,S:92,S:100,S:97,S:96,S:0,S:0
"STREET DANCER (IRE)",2022,FILLY,"Ollie Sangster",A:56,A:47,A:44,A:x,A:x,A:x
"STREET LIFE (GB)",2017,GELDING,"Patrick Morris",A:26,A:50,A:27,A:51,A:53,A:53
"STREETS OF GOLD (IRE)",2020,GELDING,,A:69,A:93,A:74,T:92,A:96,T:87
"STRENGTH OF SPIRIT (IRE)",2023,GELDING,"K. R. Burke",T:74,T:76,T:86,T:85,T:81,T:x
"STRESSFREE (FR)",2020,GELDING,"David O'Meara",T:92,T:101,T:98,T:103,T:103,T:102
"STRETCH (GB)",2021,FILLY,,A:14,T:37,T:43,A:27,T:26,T:49
"STRIDE ON (IRE)",2020,GELDING,"Lucinda Russell & Michael Scudamore",H:x,H:x,H:x,H:x,N:x,N:x
"STRIKE (GB)",2018,GELDING,"Jonathan Portman",T:68,T:63,T:54,T:69,A:65,T:68
"STRIKE RED (IRE)",2018,GELDING,"Richard & Peter Fahey",T:76,T:88,A:86,T:70,T:71,T:79
"STRIKE ZONE (IRE)",2023,COLT,"Oli Rix",-,-,-,-,-,-
"STRIKING A POSE (IRE)",2016,GELDING,"Joe Tizzard",H:91,H:103,H:107,H:99,H:95,H:105
"STROLL ON BY (IRE)",2017,GELDING,,S:0,S:0,H:108,S:99,H:103,H:106
"STROMNESS (GB)",2023,GELDING,"Nigel Tinkler",T:16,T:22,A:46,A:x,A:x,A:x
"STRONG AS STEEL (GB)",2019,GELDING,"Tony Carroll",H:0,H:79,H:0,H:78,H:0,H:x
"STRONG LEADER (GB)",2017,GELDING,"Olly Murphy",H:0,H:120,H:154,H:153,H:151,H:155
"STRONG RUN (GB)",2019,FILLY,"Fergal O'Brien",H:x,H:105,H:x,H:x,H:x,N:x
"STRONG VOICE (IRE)",2023,COLT,"James Horton",T:x,A:x,A:x,-,-,-
"STRONG WARRIOR (GB)",2022,GELDING,"Richard & Peter Fahey",A:70,T:80,T:79,T:95,T:95,T:x
"STROXX (IRE)",2017,GELDING,,A:25,A:40,A:38,A:26,A:46,A:42
"STRUTH (IRE)",2020,GELDING,"Lucinda Russell & Michael Scudamore",H:x,H:76,H:x,H:x,H:x,T:74
"STUDIOUS (IRE)",2022,GELDING,"Mark Loughnane",A:61,A:78,A:72,A:75,A:75,A:72
"STUDY OF MOTION (IRE)",2022,FILLY,,A:39,A:x,T:x,A:x,-,-
"STUDY OF WORDS (IRE)",2023,COLT,"Charlie Appleby",T:94,T:x,T:x,T:x,-,-
"STUDY UP (GB)",2021,GELDING,"Mark Loughnane",T:63,T:60,T:57,A:58,A:65,A:60
"STUMPS OR SLIPS (IRE)",2017,GELDING,"Polly Gundry",H:130,H:125,H:0,H:x,H:99,H:x
"STUNG BY TARIFFS (GB)",2021,GELDING,,H:0,H:x,H:x,H:x,N:x,-
"STURLASSON (IRE)",2021,GELDING,"John Ryan",T:80,T:88,T:80,A:85,A:89,A:83
"STYLE DE FOLIE (FR)",2021,GELDING,"Jamie Snowden",H:x,H:x,H:x,N:x,-,-
"STYLE KING (IRE)",2022,GELDING,"Chris Dwyer",T:34,A:39,A:63,A:55,A:59,A:42
"STYLE OF LIFE (IRE)",2020,FILLY,"Harriet Bethell",T:43,T:76,T:76,T:76,T:72,A:52
"STYLISH RECRUIT (IRE)",2018,GELDING,"Sandy Thomson",H:85,H:82,H:92,H:83,S:0,S:0
"SUB THIRTEEN (GB)",2021,GELDING,"Jeremy Scott",T:31,T:57,A:53,A:51,A:57,A:57
"SUBSEQUENT (IRE)",2021,GELDING,"Andrew Balding",T:104,T:106,T:101,T:89,T:90,T:105
"SUBTLE FORTUNE (GB)",2018,FILLY,"Mel Rowley",S:90,S:96,S:90,S:96,H:81,H:62
"SUDBURY HILL (IRE)",2023,GELDING,"Harry Derham",T:45,T:78,A:74,A:76,T:x,A:70
"SUDDEN FLIGHT (GB)",2022,GELDING,"Richard Hughes",T:83,T:62,T:82,A:94,T:82,T:84
"SUDDENLY I SEE (IRE)",2023,COLT,"Charlie Johnston",T:52,T:73,T:80,T:x,T:x,-
"SUGAR BABY (GB)",2018,GELDING,"Peter Niven",T:63,T:47,A:64,A:70,T:70,A:35
"SUGAR HILL BABE (IRE)",2020,FILLY,"Lisa Williamson",T:80,A:54,T:70,T:60,T:83,T:77
"SUGAR ROAD (GB)",2021,GELDING,"Jonjo & A.J. O'Neill",H:90,H:x,H:x,H:x,T:62,T:69
"SUGARPIEHONEYBUNCH (IRE)",2018,FILLY,"Simon West",T:38,T:42,T:42,T:42,T:50,T:51
"SUGGY (GB)",2023,COLT,"Charles Hills",A:66,A:62,T:58,T:x,T:x,T:x
"SUHUB (GB)",2022,FILLY,"James Owen",A:0,T:x,T:x,T:67,A:x,T:x
"SUITCASE SMITH (GB)",2022,GELDING,"John Berry",T:19,T:34,T:41,T:54,T:x,T:x
"SUITE FRANCAISE (GB)",2022,FILLY,,T:0,T:104,T:95,T:x,A:x,-
"SUJET (GB)",2022,GELDING,"Declan Carroll",T:63,T:90,T:81,-,-,-
"SUKANYA (GB)",2023,FILLY,"Jack Channon",T:102,T:80,T:97,T:90,T:x,-
"SULLIVAN BAY (IRE)",2020,GELDING,"Jim & Suzi Best",A:19,H:39,A:54,A:53,A:51,A:44
"SULTAN OF OJ (IRE)",2022,GELDING,"Thomas Faulkner",A:44,A:34,A:45,A:44,A:40,A:46
"SUMATRAN TIGER (FR)",2017,FILLY,"Richard Phillips",H:0,H:71,H:x,H:x,T:42,H:x
"SUMMER EVENING (IRE)",2022,FILLY,"David Flood",T:x,T:8,A:42,A:47,A:48,A:48
"SUMMER HEAT (GB)",2022,FILLY,"James Owen",T:73,A:x,A:73,A:73,A:68,A:74
"SUMMER IN PARIS (GB)",2023,FILLY,,T:64,T:x,A:x,T:x,-,-
"SUMMER OASIS (GB)",2023,FILLY,"Mark Usher",A:42,A:x,T:x,A:x,-,-
"SUMMER RAIN (GB)",2022,GELDING,"Craig Lidster",T:23,T:33,T:26,A:51,T:44,A:52
"SUMMERGROUNDS (GB)",2016,GELDING,"Nicky Richards",H:0,H:101,H:114,H:112,H:108,H:101
"SUMMERLEAZE (IRE)",2017,FILLY,,H:67,H:98,H:0,S:84,S:91,S:70
"SUMMERSTORMS DREAM (IRE)",2022,FILLY,"Jim Goldie",T:45,T:46,T:48,T:50,T:x,T:x
"SUMMERTIME BLUES (GB)",2022,GELDING,,A:47,A:54,A:49,A:66,T:61,T:56
"SUN ART (FR)",2019,GELDING,"Fergal O'Brien",H:103,H:107,S:103,S:66,H:x,H:x
"SUN FESTIVAL (GB)",2018,GELDING,,A:35,A:40,A:43,A:34,T:23,T:31
"SUN JOY (FR)",2019,GELDING,"Ben Pauling",H:93,H:107,H:105,H:92,H:100,H:67
"SUN OF DOLLY (GB)",2023,GELDING,"John Gallagher",T:50,T:61,T:x,T:x,T:x,-
"SUN PATH (IRE)",2023,GELDING,"Marcus Tregoning",T:0,A:38,A:x,A:x,A:x,-
"SUNDAY SINATRA (GB)",2023,GELDING,,A:8,A:35,A:25,A:44,A:x,T:x
"SUNDAY SOLDIER (IRE)",2018,FILLY,"David Killahena & Graeme McPherson",S:100,H:89,S:113,H:107,S:0,S:97
"SUNDIATA KEITA (IRE)",2022,GELDING,"Joe Ponting",T:30,A:34,T:56,T:33,T:56,T:60
"SUNFALL (GB)",2021,FILLY,,T:74,T:92,T:82,T:102,T:64,T:86
"SUNLIT SEA (GB)",2023,FILLY,"Sir Mark Prescott Bt",A:56,A:60,A:59,A:58,A:x,A:x
"SUNLIT UPLANDS (IRE)",2022,FILLY,"Stuart Williams",T:89,A:93,T:92,T:86,T:79,T:x
"SUNNIVA (IRE)",2023,FILLY,,A:44,A:35,A:54,T:x,T:x,T:x
"SUNNY CORNER (GB)",2021,GELDING,,T:80,T:71,T:73,T:49,T:68,T:60
"SUNNY ORANGE (IRE)",2020,GELDING,"Tim Easterby",T:52,T:52,T:58,T:62,T:52,T:49
"SUNNY SMILE (IRE)",2023,GELDING,"Hugo Palmer",T:82,T:75,T:x,T:x,T:x,-
"SUNNYVILLA (IRE)",2015,GELDING,"Nicky Richards",S:116,S:123,S:126,S:124,S:108,S:119
"SUNRAY SHADOW (GB)",2019,GELDING,"Dan Skelton",S:121,H:119,H:113,H:109,H:108,H:106
"SUNRISEONTHEBOYNE (IRE)",2022,GELDING,"Ben Haslam",T:41,A:70,T:40,A:67,A:65,-
"SUNSET BOULEVARD (IRE)",2020,GELDING,"Venetia Williams",S:87,H:x,H:x,-,-,-
"SUNSET HILL (IRE)",2019,FILLY,"Susan Corbett",H:113,H:113,S:99,S:0,S:98,S:100
"SUNSET IN PARIS (IRE)",2018,GELDING,"J. R. Jenkins",H:0,A:42,A:20,A:31,A:44,A:30
"SUNSET MARQUESA (IRE)",2019,FILLY,"Joe Tizzard",H:124,H:0,H:128,H:132,H:125,H:121
"SUNSET ON LEROS (GB)",2023,COLT,"Marco Botti",A:70,T:99,T:x,T:x,-,-
"SUNSHINE AND ROSES (GB)",2023,FILLY,"Jack Channon",T:31,A:x,A:x,A:51,A:63,A:x
"SUNSHINE DIAMOND (IRE)",2019,GELDING,"Neil Mulholland",H:120,H:113,H:118,H:103,H:110,H:x
"SUNSHINE MAG (IRE)",2022,COLT,,A:42,A:57,A:60,A:33,T:0,T:x
"SUNWAY (FR)",2021,GELDING,"David Menuisier",T:109,T:84,T:113,T:113,T:107,T:105
"SUP OF RED (IRE)",2023,FILLY,"Adrian Wintle",A:57,A:62,A:56,A:64,A:62,-
"SUPER CITIZEN (GB)",2014,GELDING,"Lucinda Hughes",S:99,S:97,S:100,S:93,S:101,S:7
"SUPER FREDDIE (GB)",2021,GELDING,"Nigel & Willy Twiston-Davies",H:45,H:101,H:x,H:x,N:x,-
"SUPER HIT (FR)",2021,GELDING,"James Owen",T:61,T:62,A:63,A:51,A:63,A:63
"SUPER SAIYAN (IRE)",2021,GELDING,,A:89,T:52,T:44,T:x,A:x,A:x
"SUPER SOLDIER (IRE)",2023,COLT,"K. R. Burke",T:83,T:102,A:62,T:85,T:85,T:90
"SUPER SURVIVOR (IRE)",2016,GELDING,"Jamie Snowden",H:137,H:129,H:138,H:134,H:131,H:97
"SUPERFORTRESS (IRE)",2021,GELDING,"Ruth Carr",T:70,A:64,A:x,T:x,A:x,-
"SUPERIOR COUNCIL (IRE)",2019,GELDING,,A:22,A:36,A:45,A:50,A:48,A:49
"SUPERIOR GLANCE (GB)",2015,FILLY,"Gary Hanmer",H:0,H:88,H:92,H:76,H:x,H:x
"SUPERKAP (FR)",2022,GELDING,"Venetia Williams",H:96,H:x,-,-,-,-
"SUPERNOVA STEPS (GB)",2021,FILLY,,A:35,A:44,A:42,A:27,T:30,T:44
"SUPERPOSITION (GB)",2021,GELDING,"Ed Dunlop",T:93,A:84,A:37,A:92,A:80,A:93
"SUPERSTORM (GB)",2023,GELDING,"Charlie Fellowes",T:48,A:57,A:54,A:51,A:57,A:56
"SUPERSTYLIN (IRE)",2017,GELDING,"Chris Gordon",H:96,S:94,S:106,S:102,S:99,S:95
"SUPERVISOR (IRE)",2014,GELDING,"Venetia Williams",S:99,S:0,S:74,S:112,S:105,S:0
"SUPIDO (FR)",2022,GELDING,"Ian Williams",T:94,T:94,A:81,A:90,T:79,T:89
"SUPPLICATE (GB)",2023,FILLY,"Roger Varian",T:x,A:x,A:x,-,-,-
"SUPREME CLARETS (IRE)",2023,GELDING,"Richard & Peter Fahey",T:49,T:65,T:49,T:63,T:65,T:x
"SUPREME DANCER (IRE)",2023,GELDING,"Richard & Peter Fahey",T:57,A:43,A:39,T:56,T:59,T:57
"SUPREME DIAMOND (IRE)",2023,FILLY,,T:67,T:x,T:x,T:x,T:x,-
"SUPREME GEORGE (IRE)",2020,GELDING,"Donald McCain",S:80,S:114,S:110,S:110,S:110,S:110
"SUPREME KING (IRE)",2020,GELDING,"David Evans",T:73,A:66,A:77,A:74,A:77,A:73
"SUPREME LILLIA (GB)",2023,FILLY,"Gemma Tutty",T:x,A:x,A:x,-,-,-
"SUPREME MALINAS (IRE)",2020,FILLY,"Dan Skelton",H:x,H:x,H:x,N:x,N:x,N:x
"SUPREME SHOT (GB)",2021,GELDING,"Oliver Greenall & Josh Guerriero",H:95,H:83,H:x,H:x,H:x,N:x
"SUPREME YEATS (IRE)",2016,GELDING,"Dan Skelton",H:114,H:109,H:69,H:88,H:73,H:94
"SUPREMELY WEST (IRE)",2018,GELDING,"Dan Skelton",H:144,H:144,H:131,H:119,H:121,H:138
"SUPREMISSY (IRE)",2023,FILLY,"Iain Jardine",T:x,A:x,T:x,T:x,-,-
"SURE AND STEDFAST (IRE)",2022,GELDING,"Ewan Whillans",T:67,A:57,T:68,T:53,T:68,T:60
"SURGEON COMMANDER (IRE)",2023,GELDING,"Craig Lidster",A:56,A:58,A:36,A:56,A:39,A:51
"SURPRISE AGAIN (IRE)",2022,GELDING,"J. R. Jenkins",T:27,T:16,A:x,A:x,T:x,-
"SURPRISE ATTACK (IRE)",2017,GELDING,"Mrs John Dawson",H:96,H:68,N:x,N:x,-,-
"SURPRISED (GB)",2022,FILLY,"Bryan Smart",T:70,T:68,T:50,T:66,T:58,T:x
"SURREY BELLE (GB)",2020,FILLY,"Adrian Keatley",S:119,T:89,H:125,T:78,T:77,H:89
"SURREY FIRE (GB)",2021,GELDING,,A:81,A:59,A:78,T:72,A:74,A:77
"SURREY LORD (IRE)",2019,GELDING,"Toby Lawes",H:113,H:116,H:107,H:113,H:106,H:95
"SURREY SHADOW (GB)",2021,GELDING,,T:39,T:0,T:74,T:82,T:86,A:x
"SURVIE (IRE)",2021,FILLY,"George Boughey",T:94,A:97,A:102,-,-,-
"SUSIE SIOUX (GB)",2020,FILLY,"John Mackie",T:72,T:68,T:70,A:x,T:x,A:x
"SUSIESPARKLE (IRE)",2020,FILLY,"Mike Sowersby",H:0,H:0,H:56,H:0,H:58,A:47
"SUSPECTED (IRE)",2020,GELDING,"N. W. Alexander",H:99,H:101,H:95,H:69,H:x,H:x
"SUSPENDED SENTENCE (FR)",2023,COLT,"Michael Bell",T:76,T:88,T:84,T:x,T:x,T:x
"SUTHERLAND (IRE)",2020,GELDING,,H:62,H:107,H:98,H:109,H:x,H:x
"SUZETTE (GB)",2022,FILLY,,A:45,T:53,T:48,T:55,T:53,T:53
"SUZETTE DEFOYE (FR)",2022,FILLY,,A:61,T:71,T:x,A:x,-,-
"SUZUKA (GB)",2022,FILLY,,A:21,A:54,A:44,A:64,A:58,A:61
"SUZY WOOD (GB)",2019,FILLY,"Andy Irvine",H:81,H:x,H:x,H:x,N:x,N:x
"SVELTE SILHOUETTE (GB)",2021,FILLY,"Seamus Mullins",H:x,H:x,H:x,H:x,N:x,N:x
"SWALLOWS SONG (GB)",2018,GELDING,,S:78,S:94,S:83,S:77,S:91,S:83
"SWEEP IN TIME (GB)",2023,FILLY,"Tom Clover",A:x,A:x,A:x,-,-,-
"SWEEPER SYSTEM (IRE)",2020,GELDING,"Sam Allwood",H:83,H:106,H:0,H:x,H:x,H:x
"SWEET CARYLINE (GB)",2018,FILLY,"Joe Tizzard",H:110,H:114,H:114,H:109,H:104,H:99
"SWEET CICELY (GB)",2022,FILLY,"Mike Sowersby",T:32,A:16,T:15,T:40,T:47,T:50
"SWEET ECHO (GB)",2023,FILLY,"Philip McBride",T:0,T:27,A:x,A:x,T:x,-
"SWEET GIRL (GB)",2023,FILLY,,A:37,T:x,T:x,T:x,-,-
"SWEET HONEY B (IRE)",2018,FILLY,"Clive Boultbee-Brooks",H:88,H:89,H:x,H:x,N:x,-
"SWEET KISS (GB)",2022,FILLY,"Tim Easterby",T:62,T:49,A:49,T:64,A:59,T:63
"SWEET LOVE (GB)",2023,FILLY,"Charlie Johnston",T:32,A:46,A:55,A:49,A:x,T:57
"SWEET MABEL (GB)",2023,FILLY,"Steph Hollinshead",A:16,A:x,A:x,A:x,-,-
"SWEET MAGIC (IRE)",2018,FILLY,"Alastair Ralph",H:0,H:85,H:93,H:66,H:100,H:102
"SWEET NIGHTINGALE (GB)",2017,FILLY,"Polly Gundry",S:67,S:83,S:81,S:88,S:81,S:0
"SWEET PRINCESS (GB)",2022,FILLY,,A:86,A:x,A:x,-,-,-
"SWEET REWARD (IRE)",2017,GELDING,"Jonathan Portman",T:88,T:85,T:78,T:54,A:72,T:74
"SWEET SERENE (GB)",2020,FILLY,"Georgie Howell",H:77,H:68,H:53,H:45,H:5,H:31
"SWEET SISTER (GB)",2021,FILLY,,T:27,A:36,T:19,T:35,A:30,A:58
"SWEET SONATA (GB)",2022,FILLY,,T:58,T:59,A:64,T:66,T:60,T:70
"SWEET THING (IRE)",2021,FILLY,,T:44,A:65,T:55,T:43,-,-
"SWEET WILLIAM (IRE)",2019,GELDING,"John & Thady Gosden",T:117,T:114,T:117,T:114,T:115,T:114
"SWEETSTEVIE (GB)",2022,GELDING,"Patrick Owens",A:x,A:x,A:x,-,-,-
"SWIFT JET (IRE)",2018,GELDING,"Richard Phillips",H:0,H:107,S:0,S:0,H:101,H:0
"SWIFT SALIAN (IRE)",2021,GELDING,"David & Nicola Barron",T:77,T:76,T:69,T:74,T:73,T:70
"SWIFT WINDS (IRE)",2023,FILLY,,A:67,A:70,T:75,T:77,T:73,T:x
"SWINDON VILLAGE (IRE)",2020,GELDING,"Charlie Longsdon",H:118,H:x,H:x,H:x,H:x,H:x
"SWING VOTE (GB)",2020,GELDING,"Simon & Ed Crisford",A:101,-,-,-,-,-
"SWINGFORTHEFENCE (IRE)",2021,GELDING,"Jennie Candlish",H:72,H:76,H:x,H:x,H:x,N:x
"SWINGIN SAFARI (IRE)",2020,GELDING,"Paul Nicholls",H:106,H:x,H:x,H:x,H:x,N:x
"SWINGING LONDON (IRE)",2018,GELDING,"John Mackie",T:47,A:70,T:68,A:68,H:99,H:93
"SWINGINGONTHESTEEL (GB)",2020,GELDING,"Rebecca Menzies",H:x,H:x,H:x,N:x,N:x,N:x
"SWIPED (GB)",2023,GELDING,"Ralph Beckett",T:65,T:x,T:x,T:x,-,-
"SWISS ACE (GB)",2018,GELDING,,A:30,A:37,A:53,A:50,A:48,A:61
"SWORD (GB)",2021,GELDING,"Stuart Williams",T:34,T:56,A:87,A:75,T:69,A:61
"SWORD MAKER (IRE)",2023,COLT,"Saeed bin Suroor",T:98,T:91,T:x,T:x,T:x,-
"SWORD OF WESSEX (IRE)",2022,GELDING,"James Owen",H:x,T:69,T:71,A:59,A:61,A:72
"SYCAMORE GAP (GB)",2020,GELDING,"Neil Mechie",T:0,A:39,A:48,A:60,A:59,T:57
"SYDNEY ROCK (GB)",2023,FILLY,"Oliver Cole",T:x,A:x,T:x,-,-,-
"SYDNEY SEABREEZE (FR)",2021,GELDING,,A:0,T:41,A:55,A:23,T:43,T:58
"SYMBOL OF HONOUR (GB)",2022,GELDING,"Charlie Appleby",T:107,T:108,T:108,T:98,T:95,T:103
"SYMBOL OF HOPE (GB)",2018,GELDING,"Grace Harris",T:35,A:28,A:31,A:44,A:31,A:42
"SYMBOL OF MAJESTY (GB)",2023,FILLY,"John & Thady Gosden",A:81,T:x,A:x,-,-,-
"SYMPHONY OF JOY (IRE)",2022,GELDING,"Kevin & Lauren Frost",T:63,T:x,A:x,T:x,-,-
"SYNCHRONICITY (IRE)",2023,FILLY,"Ed Walker",T:90,T:x,-,-,-,-
"SYNCHRONIST (IRE)",2019,GELDING,"Sarah Humphrey",S:68,S:72,S:94,S:101,S:45,H:113
"SYNERGISM (GER)",2022,GELDING,"Sir Mark Prescott Bt",T:89,A:87,T:85,A:87,A:84,A:78
"SYNNERS KID (IRE)",2023,GELDING,"Lemos De Souza",T:83,T:87,-,-,-,-
"T OR COFFEY (IRE)",2021,GELDING,"Jennie Candlish",A:49,A:47,A:52,H:x,-,-
"TA CRAIC ANN (IRE)",2022,GELDING,,H:0,A:0,T:1,T:23,T:43,T:21
"TAAKLAM (IRE)",2023,GELDING,"Harriet Bethell",T:62,A:65,A:63,A:63,A:x,A:x
"TABASKO (GB)",2023,FILLY,"Ed Walker",T:67,A:71,T:x,T:x,T:x,-
"TABBY (GB)",2022,FILLY,"James Tate",T:53,A:72,A:70,A:x,A:x,A:x
"TABBY KAT (GB)",2023,FILLY,,A:x,A:x,A:x,A:x,-,-
"TABLETALK (IRE)",2021,GELDING,"Tom Clover",T:96,T:102,T:104,T:112,T:112,T:108
"TACTICAL BLITZ (GB)",2023,GELDING,"Liam Bailey",A:64,A:72,A:72,A:x,A:x,A:x
"TACTICAL FORMATION (IRE)",2023,GELDING,"Richard & Peter Fahey",A:66,A:x,T:x,T:x,-,-
"TACTICAL PLAN (GB)",2022,GELDING,"Ed Dunlop",T:43,A:48,T:73,T:47,T:74,T:72
"TADEJ (GB)",2023,GELDING,"Archie Watson",A:99,A:93,T:92,T:81,T:100,T:x
"TADREEB (IRE)",2018,GELDING,"Rod Millman",A:73,A:73,A:58,A:70,A:70,A:64
"TAFAH (IRE)",2023,GELDING,,A:0,A:60,A:60,A:53,A:x,T:x
"TAFSIR (USA)",2019,FILLY,,T:66,T:61,T:75,T:74,T:70,T:75
"TAHALEL (IRE)",2023,FILLY,"Richard Hannon",T:x,T:x,T:x,T:35,T:x,-
"TAI HANG PEGASUS (USA)",2023,GELDING,"Charlie Fellowes",T:x,T:x,-,-,-,-
"TAILGUNNER JOE (USA)",2023,GELDING,"Dylan Cunha",T:62,T:85,T:93,T:x,T:84,-
"TAILORMAN (FR)",2020,GELDING,"Ian Williams",T:73,T:67,T:58,T:75,T:71,A:64
"TAILS OF GOLD (GB)",2022,GELDING,"Christian Williams",H:x,H:x,H:x,N:x,-,-
"TAINTED LOVE (GB)",2022,GELDING,,A:18,A:x,A:x,A:x,-,-
"TAITA HILLS (IRE)",2018,GELDING,,S:78,S:112,S:115,S:115,H:65,H:115
"TAKE A CHILL PILL (GB)",2023,COLT,"James Owen",A:x,T:x,T:x,-,-,-
"TAKE A HIKE (IRE)",2018,FILLY,"D. J. Jeffreys",H:84,H:65,H:0,H:83,H:83,S:68
"TAKE ALL (IRE)",2015,GELDING,"Myles Osborne",H:133,H:114,H:126,H:118,S:127,H:113
"TAKE CENTRE STAGE (IRE)",2017,GELDING,,S:65,S:63,S:90,S:0,S:85,S:69
"TAKE NO CHANCES (IRE)",2018,FILLY,"Dan Skelton",H:148,H:137,H:144,H:143,H:143,H:143
"TAKE THE A TRAIN (GB)",2022,GELDING,"Gary Harrison",A:50,A:39,A:48,A:43,A:0,A:55
"TAKE THE BOAT (IRE)",2022,FILLY,"Georgina Nicholls",H:x,T:46,T:61,A:60,A:60,A:56
"TAKE YOUR TIME (IRE)",2015,GELDING,,S:79,S:0,S:0,S:0,S:117,S:126
"TAKEIT EASY (GB)",2015,GELDING,"Pam Sly",H:99,H:106,H:0,H:107,H:90,H:100
"TAKEITORLEAVEIT (IRE)",2023,GELDING,"Jonathan Portman",T:51,T:58,T:52,T:56,T:x,A:x
"TAKEYOUTOTHEISLAND (IRE)",2020,GELDING,"N. W. Alexander",H:83,H:75,H:x,H:x,H:x,N:x
"TAKINCAREOFBIZNESS (IRE)",2023,GELDING,"Jack Channon",T:43,T:54,T:43,A:x,A:x,A:x
"TAKTEEK (GB)",2022,GELDING,,A:54,A:47,A:45,A:47,T:28,A:53
"TALAKAN (FR)",2022,GELDING,"Toby Lawes",H:114,H:x,H:118,H:115,-,-
"TALAP (GB)",2017,GELDING,"Gordon Edwards",H:48,H:74,H:23,H:71,H:36,H:64
"TALES OF BRAVERY (IRE)",2020,GELDING,,H:x,H:x,H:x,H:x,-,-
"TALES OF WISDOM (IRE)",2023,GELDING,"Charlie Appleby",T:x,A:x,A:x,-,-,-
"TALES OLD AS TIME (GB)",2023,GELDING,"Edward Smyth-Osbourne",T:x,A:x,A:x,-,-,-
"TALIS EVOLVERE (IRE)",2020,GELDING,"Richard Hannon",T:74,T:79,A:80,A:89,A:80,A:88
"TALISMANS TIME (GB)",2022,GELDING,"Edward Bethell",T:0,T:0,T:85,T:x,T:x,A:x
"TALK OF NEW YORK (GB)",2023,COLT,"Charlie Appleby",T:112,T:104,A:x,-,-,-
"TALK TO THE MAN (IRE)",2020,GELDING,"Dan Skelton",H:x,H:x,H:x,N:x,N:x,-
"TALKING IN KODE (GB)",2023,FILLY,"Edward Bethell",T:x,T:x,T:x,-,-,-
"TAM LIN (IRE)",2022,GELDING,"Michael Appleby",A:42,A:31,A:55,A:55,A:49,A:54
"TAMARIND BAY (IRE)",2020,GELDING,"Mickey Bowen",H:114,H:x,H:x,H:x,H:x,H:0
"TAMARIS (IRE)",2017,GELDING,,A:58,A:65,A:60,A:58,A:58,S:0
"TAMASHAL (IRE)",2023,COLT,"Richard Hannon",A:50,T:62,A:81,A:x,A:x,A:x
"TAMATHER (GB)",2023,GELDING,,A:51,A:44,T:53,A:43,T:60,T:x
"TAMBORA (GB)",2023,COLT,"Richard Hannon",T:x,T:x,T:x,-,-,-
"TAMFANA (GER)",2021,FILLY,,T:104,T:98,T:114,T:109,T:117,T:112
"TAMRAT (IRE)",2021,GELDING,,T:82,T:73,-,-,-,-
"TAMZAN (GB)",2023,FILLY,"Marcus Tregoning",T:67,T:67,A:x,A:60,A:x,T:x
"TAN RAPIDO (GB)",2021,GELDING,"Charlie Fellowes",A:78,T:63,T:78,T:78,A:80,T:83
"TANAKA (IRE)",2023,FILLY,"David O'Meara",T:12,A:11,T:x,T:x,T:x,-
"TANGANYIKA (FR)",2018,GELDING,"Venetia Williams",S:0,S:0,S:133,S:140,S:134,S:127
"TANJEN (IRE)",2022,FILLY,"Tim Easterby",T:52,T:63,A:42,T:69,A:75,T:58
"TANKARDSTOWN DIVA (IRE)",2019,FILLY,"Tom Ellis",H:111,H:124,H:116,S:0,S:111,H:110
"TANKING ALONG (IRE)",2019,GELDING,"Patrick Neville",S:106,S:107,S:105,S:78,S:98,H:81
"TANMAWWY (IRE)",2018,GELDING,"Heather Main",T:41,A:78,T:67,T:68,T:79,T:62
"TANTIVY VAVOOM (IRE)",2020,FILLY,"Ruth Jefferson",H:0,H:x,H:x,H:x,-,-
"TAO ENKI (FR)",2020,GELDING,"Alastair Ralph",H:102,H:105,H:97,H:x,H:x,H:x
"TAP DANCER (GB)",2022,FILLY,"Jim Goldie",T:52,T:56,A:50,T:61,T:60,T:64
"TAP TAP SHAMIE (IRE)",2020,GELDING,"Olly Murphy",H:x,H:x,H:x,-,-,-
"TAPLEY (GB)",2017,GELDING,,S:71,S:117,S:120,S:115,S:120,S:116
"TARA ITI (GB)",2018,GELDING,"Barry Brennan",H:0,H:63,A:27,H:x,H:101,H:87
"TARA STORM (FR)",2016,GELDING,"Miss Eve Hobbs",H:0,-,-,-,-,-
"TARANJERINE (IRE)",2022,GELDING,,A:56,A:59,A:16,A:58,A:58,A:41
"TARAS HALLS (IRE)",2018,GELDING,"Joel Parkinson & Sue Smith",S:112,S:0,S:120,S:0,S:119,H:0
"TARBAT NESS (GB)",2019,GELDING,"John Berry",T:64,T:68,A:65,A:69,A:71,A:72
"TARBUCK (GB)",2018,GELDING,"Claire Dyson",H:0,H:71,H:74,H:95,H:104,H:x
"TARDAFF (GB)",2022,FILLY,"Ian Williams",T:40,T:x,A:x,T:x,T:x,T:x
"TARITINO (IRE)",2020,GELDING,"Joe Tickle",H:89,H:100,H:97,H:85,H:95,H:80
"TARKHAN (GER)",2019,GELDING,"Jamie Osborne",T:69,T:64,T:75,T:98,T:89,T:97
"TARLAC (IRE)",2022,GELDING,"Katie Scott",T:43,T:40,T:52,T:44,A:35,T:46
"TARMONBARRY KID (IRE)",2023,GELDING,"Richard & Peter Fahey",T:71,T:61,A:x,A:x,T:x,-
"TAROT (GB)",2023,FILLY,"Roger Varian",T:74,A:x,A:x,T:x,T:x,-
"TARRIANCE (GB)",2022,GELDING,"Andrew Balding",T:104,T:89,T:105,T:101,T:93,T:x
"TASDEED (FR)",2021,GELDING,"Charlie Pike",A:49,A:62,A:75,A:9,A:x,A:x
"TASEVER (GB)",2020,GELDING,"Patrick Morris",A:48,A:61,A:68,A:67,A:70,A:66
"TASHAN (GB)",2021,GELDING,"Emma Lavelle",H:0,H:0,H:114,H:x,H:x,H:x
"TASHI DELEK (IRE)",2023,FILLY,"James Fanshawe",A:63,T:x,T:x,T:x,-,-
"TASHKHAN (IRE)",2018,GELDING,"Brian Ellison",H:x,H:x,H:x,H:x,H:x,T:89
"TASKHEER (IRE)",2018,GELDING,"Daniel Steele",A:33,A:49,A:42,A:49,A:49,A:46
"TASMANIA (GER)",2020,FILLY,,A:93,A:104,-,-,-,-
"TASS (GB)",2023,GELDING,"Henry Candy",T:x,A:x,A:x,-,-,-
"TATMEEN (IRE)",2021,GELDING,,A:37,A:21,A:49,A:38,A:37,A:54
"TATTERSTALL (IRE)",2020,GELDING,"Michael Dods",T:89,A:77,T:56,A:91,T:93,T:85
"TATTIE BOGLE (GB)",2022,GELDING,"Charlie Johnston",T:68,T:35,T:68,T:66,A:60,A:67
"TATTYCORAM (GB)",2022,FILLY,"Ralph Beckett",T:98,T:89,T:92,T:89,T:89,T:x
"TAURUS BAY (IRE)",2021,GELDING,"Ben Pauling",H:x,H:x,H:x,H:x,-,-
"TAVANA (GB)",2023,FILLY,"Edward Smyth-Osbourne",T:84,T:72,T:89,T:88,T:x,-
"TAWASOL (GB)",2022,COLT,,T:80,T:65,T:92,T:x,T:x,A:x
"TAX FOR MAX (GER)",2017,GELDING,,S:85,S:115,S:112,S:109,S:113,H:95
"TAXUS BACCATA (IRE)",2018,FILLY,"Robbie Llewellyn",S:114,S:90,S:110,S:104,S:98,H:67
"TAYGAR (IRE)",2021,FILLY,"Michael Dods",T:63,T:62,T:54,T:51,T:50,T:46
"TAYIB YOUMZAIN (FR)",2022,GELDING,,T:47,A:65,T:70,-,-,-
"TAYLORMADE LAD (IRE)",2022,GELDING,"Michael Dods",T:64,T:64,A:47,T:64,T:63,A:57
"TAZAMAN (GB)",2017,GELDING,"Kevin & Lauren Frost",T:47,T:62,A:58,T:62,T:62,T:59
"TEA BOY (IRE)",2020,GELDING,"Peter Atkinson",H:80,H:x,H:x,H:x,N:x,N:x
"TEA LEAF TED (IRE)",2021,GELDING,,T:19,T:0,A:37,A:0,A:38,A:40
"TEA SEA (FR)",2020,GELDING,"Tony Carroll",A:65,T:61,T:71,A:64,T:68,T:68
"TEAM ENDEAVOUR (GB)",2019,GELDING,"Barry Murtagh",A:39,A:45,T:30,T:41,T:45,T:36
"TEAM PLAYER (GB)",2022,GELDING,"Ewan Whillans",T:92,T:92,A:83,A:74,A:78,A:73
"TEARDROPS (GB)",2022,GELDING,"Tony Carroll",T:38,A:60,A:62,A:62,A:8,A:60
"TECH THAT (IRE)",2019,GELDING,"Richard Phillips",S:0,H:0,H:87,H:66,H:x,H:x
"TED LE SAUX (GB)",2022,GELDING,"Andrew Balding",T:70,A:x,A:x,A:x,-,-
"TED THE THIEF (IRE)",2020,GELDING,"Robert Walford",S:88,S:86,S:79,S:75,S:73,H:x
"TEDDY BLUE (GER)",2018,GELDING,"Harry Derham",S:144,S:0,S:136,S:129,S:127,S:124
"TEDDY SHAW (GB)",2021,GELDING,"Ruth Carr",A:x,A:x,A:x,-,-,-
"TEDWIN HILLS (IRE)",2017,GELDING,"Warren Greatrex",S:114,S:98,S:113,S:105,S:0,S:0
"TEE AITCH AYE (IRE)",2021,GELDING,"Iain Jardine",T:19,A:15,T:59,T:66,T:69,T:65
"TEES AGGREGATES (IRE)",2022,GELDING,"Adrian Nicholls",T:69,T:65,T:69,T:55,A:68,T:60
"TEES COMP'S CLIVE (GB)",2018,GELDING,"Gillian Boanas",H:82,H:66,H:81,H:79,H:78,H:83
"TEES GEORGE (GB)",2020,GELDING,"Adrian Nicholls",T:55,T:63,T:58,A:54,A:42,A:60
"TEES SPIRIT (GB)",2018,GELDING,"Adrian Nicholls",T:48,T:36,T:81,T:80,T:47,T:93
"TEGGY LASSO (IRE)",2022,GELDING,"Michael Appleby",A:54,A:55,A:54,A:55,A:58,A:x
"TEKITOFF (GB)",2023,GELDING,"Mark Walford",T:64,T:65,A:63,A:x,T:x,T:x
"TELE RED (GB)",2017,GELDING,"K. R. Burke",T:80,T:78,T:72,T:71,T:69,T:72
"TELECOMMUNICATION (IRE)",2022,GELDING,,T:65,A:9,A:73,T:71,T:68,T:55
"TELEPATHIC (IRE)",2022,GELDING,,A:48,A:73,T:50,A:75,T:76,T:70
"TELEPATHIQUE (GB)",2018,FILLY,"Lucy Wadham",S:0,S:146,S:139,S:141,S:147,S:138
"TELFY BOY (IRE)",2023,COLT,,A:55,A:63,T:x,A:x,A:x,-
"TELHIMLISTEN (IRE)",2016,GELDING,"Jennie Candlish",H:0,H:114,H:110,H:108,H:103,S:102
"TELL ME AGAIN (IRE)",2018,GELDING,"Micky Hammond",S:34,S:0,-,-,-,-
"TELL THE TALE (IRE)",2020,GELDING,"Neil Mulholland",H:95,H:82,H:80,H:x,H:x,H:x
"TELLHERTHENAME (IRE)",2019,GELDING,"Dan Skelton",S:132,H:122,H:131,S:128,H:106,H:0
"TELLING TIME (GB)",2023,GELDING,"Charlie Longsdon",T:32,T:39,T:38,A:52,A:36,A:38
"TELLMESOMETHINGOOD (IRE)",2018,GELDING,"Alan Hill",H:0,S:67,H:94,H:94,H:0,H:77
"TEMPER TRAP (GB)",2017,GELDING,,T:0,T:55,T:56,T:56,T:48,T:54
"TEMPLE (GB)",2023,COLT,"Jane Chapple-Hyam",A:x,T:x,T:x,-,-,-
"TEMPLE OF ATHENA (GB)",2023,FILLY,"Brian Ellison",T:69,T:66,T:88,A:89,T:84,T:78
"TEMPTED (GB)",2022,FILLY,,A:50,A:54,A:63,T:58,A:68,T:66
"TEN BOB TONY (IRE)",2021,GELDING,"Ed Walker",T:82,T:93,T:87,T:112,T:97,T:97
"TEN CARAT HARRY (GB)",2023,GELDING,"Jamie Osborne",T:101,A:97,A:96,A:97,A:97,A:90
"TEN CLUB (IRE)",2021,GELDING,"Adrian Wintle",A:34,A:38,A:47,A:47,A:61,A:60
"TEN CUIDADO (IRE)",2023,GELDING,"Mark Usher",A:x,A:x,A:x,T:x,-,-
"TEN POUNDS (IRE)",2021,GELDING,"Joey Ramsden",T:102,T:90,T:97,A:99,A:103,A:102
"TEN SIXTY SIX (IRE)",2023,FILLY,"David O'Meara",T:43,T:53,A:x,T:x,T:x,T:x
"TEN TEN TWENTY (IRE)",2018,GELDING,"D. J. Jeffreys",H:42,H:0,A:49,A:47,T:27,T:28
"TENABILITY (GB)",2022,GELDING,"William Haggas",T:109,T:103,T:100,T:94,T:88,T:x
"TENADAAY (GB)",2022,GELDING,"Fergal O'Brien",A:60,A:60,H:52,H:95,T:10,A:55
"TENBOB TOMMY (GB)",2021,GELDING,"Sheena West",T:77,A:x,A:61,A:65,A:70,T:68
"TENISON (GB)",2023,FILLY,"Peter Chapple-Hyam",T:49,T:x,A:x,T:x,-,-
"TENNESSEE GOLD (FR)",2021,GELDING,"Joseph Parr",T:59,A:68,A:61,A:73,A:78,A:77
"TENNESSEE TANGO (IRE)",2020,GELDING,,H:111,H:0,H:x,H:x,H:x,H:x
"TENTER LE TOUT (FR)",2022,FILLY,"Chester Williams",H:x,H:108,H:114,H:123,H:x,N:x
"TENZI (IRE)",2023,FILLY,"Jamie Osborne",T:53,A:62,A:x,A:x,T:x,T:x
"TEORIE (IRE)",2020,GELDING,,H:88,H:89,H:96,H:63,H:90,H:96
"TEQUILA (FR)",2022,FILLY,,T:61,A:59,T:61,T:71,T:67,T:x
"TEQUILA STAR (IRE)",2022,GELDING,"Dominic Ffrench Davis",A:28,A:50,T:34,A:43,T:60,T:51
"TERIFERMA (GB)",2021,GELDING,"Jack Jones",H:114,H:120,H:112,H:123,-,-
"TERM OF ENDEARMENT (GB)",2019,FILLY,,T:100,T:101,T:98,T:106,T:108,T:106
"TERRANOBLE (GB)",2023,COLT,"Denis Coakley",T:0,T:46,A:x,A:x,A:x,-
"TERRAPIN (GB)",2022,COLT,,A:41,A:66,A:x,A:x,A:x,-
"TERRIES ROYALE (GB)",2020,GELDING,"Tony Carroll",T:0,A:51,A:60,A:52,A:62,A:61
"TERRITORIAL KNIGHT (GB)",2022,GELDING,"Kevin Ryan",T:81,T:84,T:82,T:87,T:85,T:82
"TERRITORIAL STAR (GB)",2023,FILLY,"Rebecca Menzies",T:47,A:55,A:57,T:49,T:65,T:x
"TERRORISE (GB)",2021,GELDING,"Brian Ellison",T:62,T:45,T:61,T:72,T:73,T:78
"TEST THE MARKET (GB)",2021,GELDING,"Jim Boyle",H:90,H:x,H:x,-,-,-
"TESTFLIGHT (GB)",2017,GELDING,"Susan Gardner",S:23,H:66,S:79,H:72,S:41,H:75
"TESTING PATIENCE (IRE)",2020,GELDING,"Gary & Josh Moore",H:x,H:x,H:x,N:x,N:x,-
"TETSWORTH (GB)",2022,GELDING,"Gary & Josh Moore",H:x,H:x,A:65,A:69,H:97,T:69
"TEUMESSIAS FOX (IRE)",2019,GELDING,"Andrew Balding",A:96,A:97,A:98,A:100,A:97,T:99
"TEWKESBURY (IRE)",2023,GELDING,,T:62,A:54,A:75,A:x,A:x,A:x
"TEX (FR)",2021,GELDING,"George Baker",A:30,T:67,T:68,T:64,T:67,T:65
"TEXARD (FR)",2015,GELDING,"Richard Armson",S:0,S:59,S:0,S:87,S:0,S:91
"THAI PRINCESS (GB)",2023,FILLY,"Andrew Balding",A:x,A:x,A:x,-,-,-
"THAISA (GB)",2022,FILLY,,A:x,A:x,T:x,A:x,A:x,-
"THALUNA (GB)",2023,FILLY,"William Haggas",T:83,T:80,T:x,T:x,-,-
"THANH NAM (GB)",2023,COLT,,A:50,A:59,A:55,A:51,A:59,A:55
"THANK THE LORD (GB)",2019,GELDING,"Gary Harrison",T:13,A:26,A:22,A:54,A:39,A:57
"THANK YOU BLUE (GB)",2017,GELDING,"Jennie Candlish",H:0,H:110,H:0,H:117,H:114,H:105
"THANK YOU MA'AM (GB)",2019,GELDING,"Georgina Nicholls",H:123,H:126,H:123,H:116,S:0,S:111
"THANKFULLY (IRE)",2023,FILLY,"K. R. Burke",T:x,T:x,T:x,-,-,-
"THANKFULLY SIMMY (GB)",2023,GELDING,"Richard & Peter Fahey",T:39,T:52,A:57,A:62,A:x,A:x
"THANKS ANGEL (IRE)",2022,FILLY,"Adrian Keatley",T:43,T:30,T:62,T:x,T:x,T:x
"THANKS DAD (GB)",2020,GELDING,"Scott Dixon",T:32,T:24,A:47,A:30,A:52,A:62
"THANKSFORTHEHELP (FR)",2017,GELDING,,H:106,H:114,H:111,H:117,H:107,H:116
"THANKUAPPRECIATE (GB)",2020,GELDING,"Declan Carroll",A:61,A:68,A:69,A:71,A:63,A:62
"THANKYOU BARONESS (GB)",2021,FILLY,"Mrs Ilka Gansera-Leveque",A:57,A:46,T:36,T:65,T:74,T:x
"THANKYOUANDPLEASE (FR)",2020,GELDING,"Syd Hosie",H:109,H:0,H:108,H:101,H:97,S:70
"THANKYOURLUCKYSTAR (GB)",2016,GELDING,"Alastair Ralph",H:96,H:114,H:93,H:0,H:117,H:104
"THANOS (GB)",2023,GELDING,"Harry Charlton",T:74,T:68,T:58,A:58,A:57,A:x
"THAPA VC (IRE)",2018,GELDING,"Mark Rimell",T:60,T:58,A:51,A:64,A:56,A:63
"THAT DARN CANTOR (GB)",2023,GELDING,"Ed Dunlop",T:x,T:x,T:x,-,-,-
"THAT IS BLUE (IRE)",2021,FILLY,"Henrietta C Knight",H:x,H:x,N:x,-,-,-
"THAT LUCAS FELLA (IRE)",2022,GELDING,"Iain Jardine",A:44,A:46,A:47,A:48,H:40,A:50
"THAT ONE (GB)",2019,GELDING,"James Walton",H:81,S:0,H:82,H:109,H:112,H:x
"THAT'LL DO MOSS (GB)",2019,FILLY,,H:115,H:134,H:116,H:x,H:x,H:x
"THAT'S AMORE (IRE)",2022,FILLY,"Ralph Beckett",T:90,A:x,T:88,T:x,-,-
"THAT'S ENOUGH (GB)",2023,FILLY,"Dr Richard Newland & Jamie Insole",T:56,A:50,A:x,A:x,A:x,-
"THAT'S NICE (IRE)",2020,FILLY,"Nicky Henderson",S:109,S:0,S:117,S:108,S:106,H:x
"THAT'S RANDOM (GB)",2023,GELDING,"Harry Charlton",A:x,A:x,A:x,-,-,-
"THATS MY BOY LUKE (GB)",2021,GELDING,"Tim Easterby",T:38,T:52,T:59,T:32,T:57,T:65
"THE ACTOR (IRE)",2022,GELDING,,A:70,T:74,T:69,A:68,A:73,A:x
"THE ANGEL KING (GB)",2022,GELDING,"Ian Williams",T:89,T:77,-,-,-,-
"THE ANTHONY GOVER (GB)",2023,GELDING,"Dr Richard Newland & Jamie Insole",A:61,T:x,A:x,A:x,-,-
"THE BAY WARRIOR (IRE)",2018,GELDING,"Mark Usher",A:56,A:59,A:54,A:44,A:41,A:55
"THE BEAR OF SAINTS (FR)",2022,GELDING,"John O'Shea",T:x,T:x,T:x,T:x,-,-
"THE BELL CONDUCTOR (IRE)",2017,GELDING,"Ivan Furtado",T:80,A:60,A:72,A:70,T:63,A:67
"THE BELLHOP (IRE)",2022,GELDING,"Gary & Josh Moore",H:97,H:115,H:114,H:116,H:112,H:111
"THE BEST WAY (FR)",2018,GELDING,"Nicky Richards",H:76,H:95,H:0,H:x,H:x,H:x
"THE BIG BREAC (IRE)",2017,GELDING,"Joel Parkinson & Sue Smith",S:75,S:91,S:104,S:103,H:88,H:96
"THE BIG BREAKAWAY (IRE)",2015,GELDING,"L. Jefford",S:0,S:77,S:0,S:113,S:120,S:124
"THE BIG REVEAL (IRE)",2018,GELDING,"Grace Harris",S:0,S:94,S:94,S:79,S:87,S:86
"THE BITTER MOOSE (IRE)",2021,GELDING,"Patrick Chamings",T:70,T:62,A:68,T:38,T:74,T:60
"THE BLUE ROOM (IRE)",2020,GELDING,"Olly Murphy",H:x,H:x,H:x,N:x,N:x,N:x
"THE BLUEBERRY ONE (GB)",2019,GELDING,,S:0,S:81,S:82,H:79,H:104,H:x
"THE BLUESMAN (FR)",2019,GELDING,"Olly Murphy",S:0,S:128,S:132,S:126,S:123,H:x
"THE BOOLA BOSS (IRE)",2016,GELDING,"Rebecca Curtis",S:110,S:116,S:112,S:108,S:109,S:106
"THE BOSS BEAR (IRE)",2020,GELDING,,H:78,H:99,H:0,H:x,H:x,N:x
"THE BRAVE GUY (IRE)",2020,GELDING,"Jennie Candlish",H:x,H:x,H:x,-,-,-
"THE BRICKEY RANGER (IRE)",2018,GELDING,"Sarah-Jayne Davies",S:36,S:76,S:0,S:52,S:60,H:59
"THE BUNT (GB)",2020,GELDING,"Simon Pearce",A:44,A:61,T:71,A:76,A:75,A:x
"THE BURREN MAN (GB)",2021,GELDING,"Harry Derham",H:x,H:x,-,-,-,-
"THE CADDY MASTER (IRE)",2023,GELDING,,A:43,A:28,T:58,T:61,A:40,T:x
"THE CALTONIAN (GB)",2019,GELDING,"Linda Perratt",A:73,A:69,A:93,A:86,A:89,A:67
"THE CARIBBEAN (IRE)",2021,GELDING,"Heather Main",A:35,A:64,A:66,A:53,A:64,A:57
"THE CARLIGATION (GB)",2021,FILLY,"J. R. Jenkins",A:32,T:0,A:x,A:x,A:x,A:x
"THE CHILDE OF HALE (GB)",2022,GELDING,"Ivan Furtado",T:63,A:66,A:57,T:53,T:71,T:68
"THE CISTERCIAN (IRE)",2020,GELDING,"Stuart Edmunds",H:124,H:119,H:x,H:x,H:x,H:x
"THE CLONMEL KID (IRE)",2019,GELDING,"Philip Kirby",S:100,S:102,S:104,S:91,H:90,H:88
"THE COFFEE POD (IRE)",2021,GELDING,"William Muir & Chris Grassick",T:54,T:0,T:64,T:71,T:48,T:64
"THE COFFEY BOY (IRE)",2019,GELDING,"Ian Duncan",H:72,H:85,H:93,H:90,H:73,H:x
"THE COLA BRASIL (GB)",2016,GELDING,,A:27,A:37,A:30,A:41,A:46,T:42
"THE COLA KID (GB)",2017,GELDING,,A:30,A:14,A:48,A:50,A:44,A:48
"THE COLORIST (GB)",2020,GELDING,"Karen Jewell",A:57,A:50,T:0,A:56,A:58,A:51
"THE COOKSTOWN CAFU (GB)",2019,GELDING,"Fionn McSharry",A:64,A:57,A:55,A:54,A:57,T:41
"THE CORPORATE GUY (IRE)",2022,GELDING,,A:47,A:47,A:61,A:58,A:44,A:x
"THE CRAFTY MOLE (GB)",2021,GELDING,"Tom Ward",T:71,T:75,T:75,T:73,T:73,T:69
"THE CRAFTYMASTER (GB)",2020,GELDING,"Tony Carroll",H:x,H:x,T:42,A:57,A:60,A:54
"THE CURSOR (GB)",2022,GELDING,"Andrew Balding",A:99,T:x,T:79,T:87,T:x,T:x
"THE CUTEST (IRE)",2021,FILLY,"Derek Shaw",A:31,A:37,A:37,A:38,A:37,A:46
"THE CYPRUS PEARL (GB)",2023,FILLY,"Alan Brown",A:x,A:x,A:x,-,-,-
"THE DANCING TREE (IRE)",2019,GELDING,"Alan Hill",H:0,N:x,-,-,-,-
"THE DARK BARON (IRE)",2022,GELDING,"Kathy Turner",T:18,A:58,T:64,A:64,A:60,A:57
"THE DEFIANT (GB)",2016,GELDING,"Luke Dace",A:43,A:35,A:42,A:39,A:48,A:35
"THE DOG THIEF (IRE)",2020,GELDING,"Tom Ellis",H:122,H:x,H:x,-,-,-
"THE DOONAN (IRE)",2022,GELDING,"John & Sean Quinn",A:16,T:x,T:x,T:x,-,-
"THE DOYEN CHIEF (IRE)",2017,GELDING,"Alan King",S:123,S:141,S:139,S:138,S:0,S:140
"THE DRAGON KING (IRE)",2022,GELDING,"Clive Cox",T:73,T:69,A:80,A:79,A:84,A:84
"THE DREAM GOES ON (GB)",2019,FILLY,"Dr Richard Newland & Jamie Insole",S:105,S:0,S:92,S:0,S:0,S:102
"THE EGYPTIAN GINGE (IRE)",2021,GELDING,"Nigel & Willy Twiston-Davies",H:120,H:x,H:113,H:x,H:x,H:x
"THE ENGLISH ROGUE (GB)",2022,GELDING,,A:53,A:59,A:66,A:68,A:x,A:x
"THE EXPENSIVE ONE (IRE)",2020,GELDING,"Nigel & Willy Twiston-Davies",H:99,H:85,H:0,H:109,H:x,H:x
"THE FAMOUS FIVE (FR)",2018,GELDING,"Venetia Williams",S:115,S:117,H:103,S:95,S:123,S:120
"THE FEMININE URGE (IRE)",2022,FILLY,"Grace Harris",T:48,T:61,T:64,T:45,T:57,T:62
"THE FINAL BRIG (GB)",2020,GELDING,,H:53,H:x,H:x,H:x,H:x,N:x
"THE FINGAL RAVEN (IRE)",2022,GELDING,"Jamie Osborne",T:82,T:88,T:91,T:75,T:x,A:x
"THE FIXER (IRE)",2021,GELDING,"Scott Dixon",T:23,A:33,A:19,A:52,A:61,A:65
"THE FLIER BEGLEY (IRE)",2015,GELDING,"Gary Hanmer",S:100,S:116,H:x,S:93,S:0,S:135
"THE FLOORS MUNKY (GB)",2023,GELDING,"Gary Rutherford",T:15,T:34,T:x,A:x,T:x,-
"THE FLYING POET (IRE)",2019,GELDING,"Olly Murphy",S:105,H:99,H:99,H:98,H:94,H:97
"THE FLYING SEAGULL (IRE)",2022,GELDING,"Hugo Palmer",T:70,A:64,A:75,T:74,T:76,T:55
"THE FOUR SIXES (IRE)",2018,GELDING,"Chester Williams",H:0,H:108,H:81,H:123,H:110,S:0
"THE G WIZARD (IRE)",2020,GELDING,"N. W. Alexander",H:98,H:x,H:114,H:x,H:x,H:x
"THE GAY BLADE (GB)",2019,GELDING,"Iain Jardine",T:61,T:49,T:57,A:56,A:42,A:51
"THE GLEN ROVERS (GB)",2019,GELDING,"Lucy Wadham",T:86,A:91,A:80,A:79,A:83,A:92
"THE GOAT (GB)",2020,GELDING,,A:87,T:80,T:93,T:83,A:93,A:86
"THE GOLDEN SNITCH (IRE)",2023,GELDING,"Dominic Ffrench Davis",A:x,T:x,T:x,-,-,-
"THE GOOD BISCUIT (GB)",2021,GELDING,"Ruth Carr",T:73,T:78,T:79,T:77,T:78,T:75
"THE GOOD DOCTOR (FR)",2019,GELDING,,S:107,S:94,S:87,S:120,S:106,S:0
"THE GRAFTER (IRE)",2019,GELDING,,S:0,S:121,S:115,H:81,H:108,H:107
"THE GRAY GHOST (IRE)",2019,GELDING,"Robbie Llewellyn",H:119,H:120,H:120,H:115,H:114,H:116
"THE GRAYSTER (IRE)",2022,GELDING,"Dan Skelton",H:x,H:x,H:x,-,-,-
"THE GREAT ESCAPE (IRE)",2020,GELDING,"Jonjo & A.J. O'Neill",H:81,S:0,H:18,H:84,H:81,H:104
"THE GREEN MAN (IRE)",2019,GELDING,"Philip Kirby",A:73,A:70,A:74,A:74,A:66,A:69
"THE GREEN MILE (IRE)",2022,GELDING,"Neil Mulholland",T:81,T:71,T:78,T:68,T:85,T:x
"THE GREY MAN (GB)",2019,GELDING,"Harriet Dickin",S:0,S:105,S:105,H:0,S:99,S:80
"THE GREY VENTURE (IRE)",2020,GELDING,"George Bewley",H:x,H:x,H:x,-,-,-
"THE GYPSY DAVEY (IRE)",2018,GELDING,"Mrs C. Williams",S:84,S:0,S:78,S:91,S:104,S:113
"THE HARDEST GEEZER (IRE)",2019,GELDING,"Philip Hobbs & Johnson White",H:0,H:123,H:122,H:121,H:116,H:115
"THE HARE RAIL (IRE)",2022,GELDING,"Roger Teal",T:68,A:62,T:69,A:67,A:72,A:x
"THE HATCHET (IRE)",2020,GELDING,"Lucinda Russell & Michael Scudamore",H:0,H:111,H:115,H:102,H:x,H:x
"THE HAWKSTONIAN (IRE)",2020,GELDING,"Ben Pauling",H:x,H:x,H:x,H:x,N:x,N:x
"THE ITALIAN FOX (IRE)",2020,GELDING,,H:96,H:99,H:86,H:x,H:x,H:x
"THE JAD FACTOR (IRE)",2016,GELDING,,S:0,S:0,S:93,S:95,S:91,S:0
"THE JAM MAN (IRE)",2013,GELDING,,H:54,H:0,S:0,S:84,H:0,H:20
"THE JEWELLER'S PET (IRE)",2019,GELDING,"Ian Duncan",H:99,H:96,S:89,S:89,S:80,S:84
"THE JOKER (FR)",2023,COLT,"Jane Chapple-Hyam",T:81,T:80,T:80,T:x,T:x,T:x
"THE JUKEBOX KID (IRE)",2019,GELDING,"Ben Pauling",S:142,S:140,S:128,S:130,H:x,H:x
"THE JUKEBOX MAN (IRE)",2018,GELDING,"Ben Pauling",S:148,S:168,S:157,S:151,S:148,H:x
"THE KALOOKI KID (GB)",2018,GELDING,"Nicky Richards",S:0,S:129,S:136,S:139,S:127,S:136
"THE KEMBLE BREWERY (GB)",2019,GELDING,"Kim Bailey & Mat Nicholls",H:142,H:138,H:135,S:120,H:0,H:x
"THE KINGS SOLDIER (IRE)",2021,GELDING,"Tracey Leeson",H:43,H:73,H:x,H:x,H:x,N:x
"THE LAKES (GB)",2022,FILLY,"Simon Whitaker",A:x,A:x,A:x,N:x,N:x,N:x
"THE LAST CLOUD (IRE)",2020,GELDING,"Patrick Neville",H:x,H:x,H:x,H:x,H:123,H:120
"THE LAST DROP (IRE)",2019,FILLY,"Richard Phillips",H:58,H:49,H:58,H:54,H:45,H:77
"THE LONG POINT (IRE)",2019,GELDING,"Emma Lavelle",S:0,S:109,S:110,S:100,S:82,H:82
"THE LONG WALK (IRE)",2020,GELDING,"Jonjo & A.J. O'Neill",H:110,H:104,H:0,H:113,H:0,H:x
"THE LONGEST DAY (IRE)",2016,GELDING,,H:0,H:45,H:49,H:0,H:71,H:76
"THE LOST KING (GB)",2022,GELDING,"Andrew Balding",T:94,A:97,A:97,A:92,A:94,T:84
"THE LOST SOCK (IRE)",2023,GELDING,"Roger Varian",T:71,T:71,A:81,A:54,T:x,T:x
"THE MAGUS (IRE)",2020,GELDING,"Mrs C. Williams",S:100,S:97,S:70,S:0,S:100,S:96
"THE MAN (IRE)",2022,GELDING,"Richard Spencer",A:88,T:96,T:92,T:84,T:62,T:79
"THE MIGHTY CELT (IRE)",2022,GELDING,"Dan Skelton",H:127,H:129,H:124,-,-,-
"THE MOONLIGHT MAN (IRE)",2019,GELDING,"Joe Tickle",S:0,S:0,S:80,S:0,H:x,H:x
"THE NAVIGATOR (GB)",2015,GELDING,"Dianne Sayer",H:0,H:0,H:64,H:106,H:104,H:96
"THE NEW BAY PEARL (GB)",2022,FILLY,"Simon Whitaker",T:47,A:48,A:63,A:52,A:67,T:4
"THE NEW LION (GB)",2019,GELDING,,H:160,H:160,H:151,H:156,H:x,H:x
"THE NEWEST ONE (IRE)",2015,GELDING,"Nigel & Willy Twiston-Davies",S:0,S:0,S:79,S:113,S:0,S:115
"THE NORTHERN LORD (GB)",2022,GELDING,,T:65,A:x,T:x,T:x,-,-
"THE ORGANISER (GB)",2019,GELDING,"Mark Pattinson",T:56,A:53,A:49,A:58,A:46,T:43
"THE OTHER MOZZIE (IRE)",2019,GELDING,"L J Morgan",S:113,S:0,S:125,S:141,S:144,S:132
"THE PADDY PIE (IRE)",2013,GELDING,"W. M. Wanless",H:89,S:88,S:98,S:96,S:92,S:89
"THE PADSTER (FR)",2021,GELDING,"Joe Tickle",H:80,H:54,H:39,H:x,H:x,H:x
"THE PIT POPSY (GB)",2018,FILLY,"Heather Main",S:45,S:74,H:x,H:x,N:x,N:x
"THE PRETTIEST STAR (GB)",2023,FILLY,"Ed Walker",T:107,T:109,T:x,-,-,-
"THE PRICE OF PEACE (IRE)",2019,GELDING,"Rebecca Curtis",H:x,H:x,H:x,H:x,-,-
"THE PROCRASTINATOR (GB)",2022,FILLY,"Dr Richard Newland & Jamie Insole",H:98,H:x,H:x,H:x,N:x,N:x
"THE PUG (IRE)",2020,GELDING,"Olly Murphy",T:11,A:30,A:44,A:19,A:45,A:40
"THE QUIET GENT (IRE)",2022,COLT,"Brian Toomey",A:77,A:79,T:75,A:82,T:76,T:47
"THE REAL MCKAY (IRE)",2021,FILLY,,A:47,A:58,A:50,T:56,A:47,T:46
"THE REAL WHACKER (IRE)",2016,GELDING,"Patrick Neville",S:0,H:113,S:133,H:144,S:153,S:143
"THE RESDEV SCHOLAR (IRE)",2023,GELDING,"Michael & David Easterby",T:58,T:79,T:78,T:76,A:78,T:76
"THE RESDEV TYKE (GB)",2021,GELDING,"Michael & David Easterby",H:105,H:105,H:97,H:89,H:64,H:x
"THE ROC HOPPER (IRE)",2019,GELDING,"Rebecca Menzies",H:76,H:0,H:62,H:73,H:0,H:x
"THE SCORPION KING (GB)",2018,GELDING,"Oliver Signy",S:69,S:91,S:83,S:0,H:94,S:0
"THE SECRET PEARL (IRE)",2019,FILLY,"Alex Hales",H:84,H:84,H:95,H:105,H:103,H:x
"THE SPOTLIGHT KID (GB)",2019,GELDING,"Dean Ivory",T:51,A:46,A:53,A:50,A:51,A:55
"THE STONE POWER (GB)",2023,GELDING,"Ralph Beckett",A:x,A:x,A:x,-,-,-
"THE STRIKIN VIKING (IRE)",2022,GELDING,"Hamad Al Jehani",T:99,T:85,T:85,T:80,T:103,T:x
"THE SWEET ESCAPE (GB)",2022,GELDING,"David Loughnane",T:57,T:63,T:53,T:62,A:52,A:43
"THE THAMES BOATMAN (GB)",2020,GELDING,"Richard Hughes",T:77,T:76,A:75,A:83,A:72,A:79
"THE THIRD STAR (GB)",2022,FILLY,"Owen Burrows",A:75,A:68,T:58,T:74,T:84,T:84
"THE TIDE TURNS (GB)",2018,GELDING,"Stephen Allen",H:47,H:48,H:0,H:0,H:113,A:76
"THE TRUANT (IRE)",2017,GELDING,"Michael Attwater",H:90,A:54,A:63,A:62,A:63,H:92
"THE TUNGUSKA EVENT (IRE)",2023,GELDING,"John & Sean Quinn",T:65,T:62,A:60,A:53,A:42,A:47
"THE TURPINATOR (IRE)",2017,GELDING,"Grant Tuer",A:72,A:72,A:79,A:62,A:72,A:60
"THE TWO HARRYS (IRE)",2019,GELDING,"Bernard Llewellyn",H:0,H:x,H:x,H:x,N:x,N:x
"THE UBERMENSCH (GER)",2022,COLT,"Michael Bell",A:59,T:62,T:57,A:62,A:x,A:x
"THE UNTAMED (IRE)",2023,GELDING,"Richard Hannon",T:x,T:x,A:x,-,-,-
"THE VITAL SPARK (GB)",2022,GELDING,,A:52,T:45,T:49,T:43,T:56,A:65
"THE WACO KID (IRE)",2022,COLT,,T:81,T:95,T:81,T:98,T:31,T:99
"THE WICKED WOLF (IRE)",2023,COLT,"Jamie Osborne",T:x,A:x,T:x,-,-,-
"THE WIDDOW MAKER (GB)",2014,GELDING,,S:97,S:117,S:121,S:112,S:121,H:104
"THE WIND AND SUN (GB)",2023,FILLY,"Julie Camacho",T:x,A:x,A:x,-,-,-
"THE WINSLOW BOY (GB)",2019,GELDING,,S:0,S:0,S:111,H:0,H:94,H:x
"THE WISE TRAVELLER (IRE)",2016,GELDING,"Sarah Humphrey",H:93,H:90,H:0,H:81,H:90,H:88
"THE WIZARD OF EYE (IRE)",2019,GELDING,"Tom Clover",T:104,A:85,A:100,T:92,T:104,T:102
"THE X O (IRE)",2020,GELDING,,A:25,T:73,A:70,T:79,T:61,T:93
"THE YOUNG ADONIS (GB)",2023,GELDING,"Noel Wilson",T:x,A:x,T:x,-,-,-
"THEATRE LIGHT (IRE)",2018,FILLY,,H:63,H:0,H:72,H:0,H:x,H:x
"THEATRE TOM (IRE)",2019,GELDING,"Olly Murphy",H:x,H:x,H:x,H:x,-,-
"THECLA (IRE)",2022,FILLY,,T:43,T:17,T:51,A:x,T:x,T:x
"THECOFFEEPODDOTCO (GB)",2022,FILLY,"Richard Hannon",T:51,T:67,A:71,A:71,A:57,A:73
"THEFORMISMIGHTY (GB)",2017,GELDING,"John Whyte",H:97,S:0,S:118,S:0,S:82,S:64
"THEHUNNEBELLLEGACY (GB)",2023,FILLY,"Richard & Peter Fahey",T:53,A:52,T:58,T:49,A:58,A:57
"THEIRSHEGOES (IRE)",2017,FILLY,"Sandy Thomson",H:81,H:93,H:93,H:71,H:0,H:78
"THELASTHIGHKING (IRE)",2016,GELDING,"Nigel & Willy Twiston-Davies",S:113,S:101,S:110,H:96,S:129,S:122
"THEME PARK (GB)",2020,GELDING,"Nigel Tinkler",A:64,A:63,T:70,T:74,T:71,T:71
"THEOLDBOGGROAD (IRE)",2019,GELDING,"Nick Orpwood",H:105,H:38,H:83,-,-,-
"THEONEWEDREAMOF (IRE)",2019,FILLY,"Dan Skelton",S:125,S:117,S:0,S:113,S:117,S:117
"THEONLYWAYISWESSEX (FR)",2018,GELDING,"Alan King",S:107,S:100,S:105,S:109,S:95,S:109
"THEOPHILOS (IRE)",2019,GELDING,,H:0,A:50,T:76,-,-,-
"THEORY OF TIDES (GB)",2021,GELDING,"Jamie Osborne",T:95,T:91,T:80,T:61,T:70,T:x
"THEORYOFEVERYTHING (GB)",2020,GELDING,"David O'Meara",T:90,T:89,T:86,T:90,T:94,T:96
"THEPENDLEBURYFOX (IRE)",2023,FILLY,,A:25,A:x,A:x,A:x,-,-
"THEQUIETMAN (GB)",2021,GELDING,"David O'Meara",T:47,A:61,A:x,A:x,-,-
"THERAPIST (GB)",2020,FILLY,"Peter Niven",A:77,H:0,H:117,H:107,H:115,H:110
"THERE RUNS MARY (IRE)",2020,FILLY,,H:86,H:107,H:x,H:x,N:x,N:x
"THERE'S A CHANCE (IRE)",2023,FILLY,"Kevin Ryan",T:80,A:75,T:75,T:76,T:x,T:x
"THERE'S CLAUDE (GB)",2018,GELDING,"Polly Gundry",S:0,S:0,H:x,H:x,H:x,-
"THEREFORE (IRE)",2023,FILLY,,T:27,T:x,A:x,T:x,-,-
"THEREYARE (IRE)",2021,GELDING,"Oliver Greenall & Josh Guerriero",H:90,H:x,H:x,H:x,-,-
"THERHYTHMOFTHENITE (FR)",2021,GELDING,"Michael Gates",-,-,-,-,-,-
"THESOLDIERSMINIT (IRE)",2021,GELDING,"Sam Allwood",H:77,H:88,H:x,H:x,H:x,N:x
"THESTRAL (GB)",2023,GELDING,"Hugo Palmer",A:65,T:30,A:58,A:x,A:x,-
"THEWOODCORNER (FR)",2022,GELDING,"Nicky Henderson",H:0,H:118,H:113,H:113,H:113,H:109
"THEY ALL KNOW ME (GB)",2022,GELDING,"Richard & Peter Fahey",T:75,T:62,A:61,A:x,A:71,A:x
"THEY CALL ME HUGO (IRE)",2020,GELDING,"Olly Murphy",H:x,H:x,H:x,-,-,-
"THEY WANT ME (IRE)",2020,GELDING,"Donald McCain",H:116,H:x,H:x,H:x,H:x,N:x
"THEYSEEKHIMTHERE (IRE)",2018,GELDING,"Lawney Hill",S:0,S:110,H:0,H:x,H:x,H:x
"THICKTHORN TOM (IRE)",2020,GELDING,"Dan Skelton",S:91,S:85,S:85,S:0,H:76,H:x
"THIMBLE (GB)",2023,FILLY,"Edward Smyth-Osbourne",A:x,A:x,A:x,-,-,-
"THINK OF A NAME (IRE)",2022,GELDING,"William Knight",T:49,T:69,T:57,T:74,T:68,T:x
"THIS FARH (GB)",2022,GELDING,"David Loughnane",T:75,T:64,T:72,A:57,A:68,A:63
"THIS RIB (GB)",2023,GELDING,"David Loughnane",T:0,T:x,A:x,A:x,-,-
"THIS SWAY (GB)",2021,GELDING,"Max Comley",H:93,H:80,H:86,H:94,H:47,H:88
"THIS TIME MAYBE (GB)",2021,GELDING,,A:41,A:43,A:47,A:50,M:56,A:53
"THIS YEARS LOVE (GB)",2021,GELDING,"Michael & David Easterby",T:59,T:66,T:62,T:54,T:35,T:61
"THISCOULDBEFUN (IRE)",2022,FILLY,"J. S. Moore",A:58,A:64,A:68,T:34,T:65,T:59
"THISONESFORYOU (GB)",2023,GELDING,"Clive Cox",T:59,T:64,T:x,T:x,T:x,-
"THISTLE BE THE ONE (IRE)",2019,GELDING,"Ben Clarke",S:66,H:0,H:x,H:0,H:97,H:89
"THOMAS EQUINAS (GB)",2019,GELDING,"Dean Ivory",A:52,A:52,A:49,A:45,A:48,A:44
"THOMAS MOR (IRE)",2017,GELDING,,S:131,S:147,S:140,H:125,S:125,H:142
"THOMAS PICTON (IRE)",2023,GELDING,"Jack Channon",T:44,T:x,T:x,T:x,-,-
"THOMAS TALLIS (GB)",2023,GELDING,"John Mackie",T:x,T:x,A:x,-,-,-
"THORA (IRE)",2023,FILLY,"Kevin Ryan",-,-,-,-,-,-
"THORGATH (FR)",2021,GELDING,"Tom Lacey",H:91,H:96,H:98,H:x,H:x,H:x
"THORNABY ANNIE (IRE)",2023,FILLY,"Adrian Nicholls",T:65,T:64,A:42,A:60,A:65,A:x
"THORNABY PEARL (GB)",2018,GELDING,"Adrian Nicholls",T:47,T:60,T:58,T:41,T:19,T:63
"THORNEYLANDS (IRE)",2020,GELDING,"Nicky Richards",H:101,H:x,H:x,H:x,N:x,-
"THORNTONLEDALE MAX (GB)",2021,GELDING,,A:67,A:67,A:58,A:66,A:66,A:58
"THREATENING (IRE)",2022,GELDING,,A:76,A:69,A:75,T:70,T:68,A:68
"THREE BUILDERS (IRE)",2023,GELDING,"William Muir & Chris Grassick",T:18,T:x,T:x,T:x,-,-
"THREE DONS (IRE)",2019,GELDING,"Tony Carroll",T:60,H:108,H:x,H:x,A:46,T:61
"THREE FIGS (IRE)",2018,GELDING,,S:0,H:x,H:x,H:x,-,-
"THREE NO TRUMPS (GB)",2023,COLT,"Ed Dunlop",T:x,T:x,A:x,-,-,-
"THREE NON BLONDES (GB)",2023,FILLY,"Hayley Burton",A:78,A:82,A:x,A:x,-,-
"THREE ON THURSDAY (IRE)",2022,FILLY,"Tony Carroll",A:52,A:59,A:59,A:55,A:59,A:59
"THREE PIKES (GB)",2020,GELDING,"Henry Oliver",H:107,H:107,H:87,H:x,H:x,H:x
"THREE SOCKS ON (GB)",2023,GELDING,"Roger Teal",T:63,A:65,A:57,A:x,A:x,A:x
"THREE YORKSHIREMEN (IRE)",2020,GELDING,"Ivan Furtado",A:42,A:59,A:55,A:43,A:64,A:64
"THREE ZAMBEZI'S (IRE)",2020,GELDING,"Christian Williams",S:82,S:66,H:0,H:30,H:52,H:0
"THREEUNDERTHRUFIVE (IRE)",2015,GELDING,"Paul Nicholls",S:0,S:0,S:139,S:0,S:0,S:153
"THRESHOLD (GB)",2022,FILLY,,A:x,A:x,-,-,-,-
"THROATLASH (IRE)",2019,GELDING,"Donald McCain",S:91,S:0,S:126,S:119,S:113,S:0
"THRONE HALL (GB)",2017,GELDING,,A:47,T:56,T:47,A:42,T:56,T:43
"THRUTHELOOKINGLASS (GB)",2017,GELDING,,S:108,S:108,S:99,S:104,H:102,H:110
"THUNDER BLUE (GB)",2021,GELDING,"Michael Wigham",T:72,T:18,T:73,T:86,T:85,T:76
"THUNDER CALL (GB)",2023,COLT,"William Haggas",A:x,T:x,T:x,-,-,-
"THUNDER ROAR (GB)",2019,GELDING,"Tony Coyle & Kaine Wood",T:86,T:91,A:89,T:99,T:83,T:97
"THUNDER ROCK (IRE)",2016,GELDING,"Olly Murphy",H:92,H:119,H:125,H:128,H:0,H:125
"THUNDER RUN (IRE)",2021,GELDING,"K. R. Burke",T:103,A:85,T:71,T:100,T:101,T:103
"THUNDER STAR (GB)",2020,FILLY,"Jessica Macey",T:42,T:55,T:54,T:74,T:56,T:64
"THUNDER WONDER (IRE)",2022,GELDING,"Charlie Johnston",T:69,T:83,A:78,T:84,T:67,A:86
"THUNDERHOOF (GB)",2023,GELDING,"Harry Eustace",T:77,T:x,A:x,A:x,-,-
"THUNDERING BREEZE (IRE)",2021,FILLY,"Gary & Josh Moore",A:47,A:37,A:47,A:45,A:48,T:41
"THUNDEROUS LOVE (GB)",2021,FILLY,"Jonathan Portman",T:49,T:65,T:55,T:33,T:73,T:67
"THUNDERSTORM KATIE (GB)",2021,FILLY,"Jim Goldie",T:59,T:62,T:55,A:48,A:51,A:53
"THURSDAY (GB)",2020,FILLY,"Simon Dow",T:0,A:41,A:2,A:31,A:58,T:59
"THURSDAY GIRL (GB)",2023,FILLY,"Ed Walker",A:x,T:x,T:x,-,-,-
"THURSDAY'S CHILD (GB)",2021,FILLY,"Patrick Chamings",A:70,A:66,A:66,T:66,A:61,A:71
"THURSO (GB)",2022,GELDING,,T:72,A:63,A:61,A:66,A:69,A:65
"TIBERIO FORCE (GB)",2019,GELDING,"Simon Whitaker",T:44,T:44,T:53,A:45,T:42,A:35
"TICKER TAPE (GB)",2023,FILLY,"John & Thady Gosden",A:x,A:x,A:x,-,-,-
"TICKETS (GB)",2019,GELDING,"Patrick Neville",T:43,A:44,T:44,A:51,A:40,A:51
"TICKETTOTHESTARS (IRE)",2023,FILLY,"Rod Millman",T:55,T:50,T:54,T:50,A:49,A:x
"TICKHILL FLYER (GB)",2023,GELDING,"Joel Parkinson & Sue Smith",T:x,T:x,T:x,-,-,-
"TICKTYBOO (GB)",2021,GELDING,"Jake Coulson",A:39,A:55,A:58,A:50,T:44,T:37
"TIDDESLEY WOOD (GB)",2020,GELDING,,H:x,H:x,H:x,H:x,H:x,N:x
"TIE FIGHTER (IRE)",2023,GELDING,"Ed Dunlop",A:x,T:x,T:x,T:x,A:x,A:x
"TIEMPO ALEGRE (FR)",2022,FILLY,,A:65,A:57,A:56,A:66,A:66,T:54
"TIERNAN (IRE)",2022,GELDING,"Iain Jardine",T:70,T:81,T:34,T:x,T:98,T:x
"TIERRA DEL TORO (GB)",2023,GELDING,"Ralph Beckett",T:97,T:95,A:x,A:x,-,-
"TIFFANY (IRE)",2020,FILLY,"Sir Mark Prescott Bt",T:110,T:106,A:109,T:89,A:84,T:76
"TIGER (FR)",2022,GELDING,"Ian Williams",T:69,A:74,T:70,T:74,T:60,-
"TIGER BAY (GB)",2020,FILLY,,T:99,T:0,T:93,T:90,T:102,T:90
"TIGER BEETLE (GB)",2018,GELDING,"Thomas Faulkner",A:49,A:51,A:52,A:52,A:48,A:40
"TIGER CRUSADE (FR)",2017,GELDING,"David Simcock",A:63,A:75,A:59,A:64,A:83,A:85
"TIGER KITTEN (USA)",2022,GELDING,,T:0,A:0,-,-,-,-
"TIGER MASK (IRE)",2022,COLT,,T:77,T:88,T:86,A:69,T:100,T:100
"TIGER ORCHID (IRE)",2015,GELDING,"Stuart Edmunds",H:116,H:116,H:114,S:116,S:116,H:114
"TIGER POWER (IRE)",2023,COLT,,T:44,T:31,A:x,A:x,T:x,-
"TIGER TOWER (IRE)",2022,GELDING,"Grant Tuer",A:11,T:x,T:x,A:x,-,-
"TIGER TULIP (GB)",2021,FILLY,"Heather Main",T:64,T:8,T:71,T:58,T:73,A:70
"TIGERS MOON (GB)",2020,GELDING,"Tom Ellis",H:108,H:103,H:103,H:97,H:97,H:84
"TIGGA TIME (IRE)",2019,GELDING,"Sarah Humphrey",H:34,H:37,H:102,H:102,H:85,H:100
"TIGGERELLI (GB)",2020,FILLY,"Ewan Whillans",H:63,H:x,H:x,H:x,N:x,N:x
"TIGHTLY BOUND (GB)",2022,FILLY,,A:41,A:45,T:60,A:x,T:x,T:x
"TIGRESS LILLY (GB)",2021,FILLY,"Lucinda Russell & Michael Scudamore",H:64,H:x,H:x,H:x,N:x,N:x
"TILANI (IRE)",2022,GELDING,"Ian Williams",T:65,T:64,T:55,A:55,-,-
"TILEHURST (GB)",2021,GELDING,"Neil Mulholland",H:82,H:106,H:x,H:x,H:x,N:x
"TILSWORTH MAX (GB)",2020,GELDING,"J. R. Jenkins",T:40,T:42,A:50,A:50,A:44,A:44
"TILSWORTH ONY TA (GB)",2019,GELDING,"J. R. Jenkins",T:22,T:35,T:33,A:23,A:39,A:23
"TILSWORTH SILVER (GB)",2021,GELDING,,A:19,A:9,A:36,A:6,A:31,T:29
"TILSWORTH TURF (GB)",2020,GELDING,"J. R. Jenkins",A:21,A:0,T:33,A:44,T:10,A:4
"TILTED KILT (FR)",2022,GELDING,"William Knight",T:74,A:87,T:73,T:83,A:33,A:82
"TIMBER TWELVE (GB)",2023,GELDING,"Michael Bell",T:80,T:73,A:x,A:x,-,-
"TIME AFTER TIME (IRE)",2022,FILLY,"Heather Main",T:22,T:45,T:60,T:55,A:44,T:42
"TIME FOR ACTION (GB)",2023,FILLY,"David Flood",A:34,A:49,T:56,T:49,A:x,T:x
"TIME FOR SANDALS (IRE)",2022,FILLY,"Harry Eustace",T:92,T:105,T:103,T:111,T:111,T:99
"TIME INTERVAL (GB)",2018,GELDING,"Dan Skelton",H:0,H:48,H:86,H:101,H:83,H:76
"TIME LOOP (IRE)",2021,FILLY,"William Haggas",A:82,A:85,A:x,A:x,T:x,-
"TIME PATROL (GB)",2020,GELDING,,T:51,T:46,T:60,T:60,T:65,T:62
"TIME TELLS ALL (IRE)",2020,GELDING,,T:36,T:66,T:64,T:71,T:71,T:68
"TIME TESTED (GB)",2021,GELDING,"Michael Bell",A:59,A:78,A:76,A:71,T:50,A:72
"TIME TO BITE (IRE)",2015,GELDING,"Chris Honour",S:125,S:127,H:111,S:117,H:108,S:103
"TIME TO SPARKLE (GB)",2023,FILLY,"James Keane",T:58,T:54,T:52,A:57,A:42,A:54
"TIME TO TAKE OFF (IRE)",2023,FILLY,"James Tate",T:x,A:x,T:x,-,-,-
"TIME TO TURN (GB)",2023,COLT,"Charlie Appleby",T:105,T:107,T:108,A:x,T:x,T:x
"TIME TURNER (GB)",2022,GELDING,"Edward Bethell",A:52,A:65,A:59,A:57,A:56,A:62
"TIME TWISTER (GB)",2023,GELDING,"Michael & David Easterby",A:54,T:44,T:x,T:x,T:x,-
"TIME WAS (IRE)",2017,FILLY,"Philip Kirby",H:0,H:77,H:78,H:77,H:81,H:0
"TIMEBAR (GB)",2021,GELDING,"Roy Bowring",T:27,T:47,T:47,A:43,A:44,A:47
"TIMEFORARUM (GB)",2018,GELDING,"Brian Eckley",H:101,H:96,H:49,H:83,H:85,H:95
"TIMEFORSHOWCASING (GB)",2023,FILLY,"Charlie Johnston",T:88,A:101,T:91,T:102,T:84,T:x
"TIMEFORTOM (IRE)",2020,GELDING,"Lucinda Russell & Michael Scudamore",H:89,H:x,H:x,H:x,-,-
"TIMELESS SPIRIT (GB)",2022,FILLY,,T:53,T:59,A:60,T:57,T:49,T:56
"TIMELY AFFAIR (GB)",2022,GELDING,"William Knight",T:62,A:60,A:54,A:53,A:43,A:53
"TIMELY APPROACH (GB)",2020,GELDING,,A:x,T:x,T:x,N:x,N:x,-
"TIMELY SALUTE (GB)",2023,GELDING,"William Knight",T:52,T:34,A:48,T:x,A:x,A:x
"TIMES A WASTIN (IRE)",2019,GELDING,"Fergal O'Brien",H:66,H:0,H:90,H:63,H:x,H:x
"TIMES ARE GREEN (IRE)",2020,GELDING,"Emma Lavelle",H:101,H:0,H:0,H:x,H:x,H:x
"TIMESCAPE (GB)",2022,FILLY,,A:x,A:x,T:x,T:x,-,-
"TIMETOBENICE (GB)",2021,GELDING,,A:0,A:44,T:41,T:41,T:44,A:41
"TIMMYS JET AWAY (IRE)",2021,GELDING,"Oliver Greenall & Josh Guerriero",H:x,H:x,H:x,-,-,-
"TINSEL (GB)",2023,GELDING,"Hughie Morrison",A:56,A:64,A:57,T:47,T:x,T:x
"TINTINTIN (FR)",2019,GELDING,"Fergal O'Brien",H:81,S:0,H:110,H:102,H:124,H:121
"TINTO (GB)",2016,GELDING,"Michael Dods",T:53,T:0,T:0,T:70,T:75,T:89
"TINY RIOT (IRE)",2023,GELDING,"Dan Skelton",T:54,A:x,T:x,T:x,-,-
"TINY TETLEY (GB)",2018,GELDING,"Philip Hobbs",H:110,H:117,S:132,S:119,H:128,H:135
"TINY TIGER (GB)",2023,FILLY,"William Stone",T:x,A:x,A:x,-,-,-
"TIPPERARY STAR (GB)",2018,FILLY,,H:40,H:x,H:x,H:x,H:x,N:x
"TIPSY TIGER (GB)",2021,GELDING,"William Stone",T:71,T:78,T:76,T:63,A:70,A:59
"TIPTOPTIM (IRE)",2020,GELDING,"Jamie Snowden",H:x,H:124,H:x,N:x,N:x,-
"TIRIAC (GB)",2020,GELDING,"Paul Midgley",T:52,T:69,T:59,A:70,A:78,A:72
"TITAN DISCOVERY (GB)",2018,GELDING,"Robbie Llewellyn",S:131,H:0,H:131,H:109,H:129,H:111
"TITANCK (IRE)",2023,COLT,,A:x,A:73,T:x,T:x,T:x,-
"TITANIUM RING (IRE)",2021,GELDING,"Henry Daly",H:105,H:105,H:x,H:x,H:x,N:x
"TITIAN (IRE)",2018,GELDING,"Julie Camacho",T:58,A:72,T:65,T:55,T:73,T:78
"TITIAN BLUE (IRE)",2022,FILLY,,A:54,A:61,A:x,A:68,T:65,T:69
"TITLE ROLE (GB)",2023,COLT,"Simon & Ed Crisford",T:106,A:x,T:x,-,-,-
"TITUS THOR (GB)",2020,GELDING,"Malcolm Saunders",T:22,A:26,A:x,A:x,A:x,-
"TIVA (IRE)",2022,FILLY,"David O'Meara",T:82,T:72,T:79,T:76,T:84,T:78
"TO BE HONEST (GB)",2022,FILLY,,A:x,T:x,T:x,-,-,-
"TO BE SURE (GB)",2015,GELDING,"Mrs C. Williams",S:59,S:77,S:67,S:38,S:88,S:91
"TOASTMASTER (IRE)",2023,GELDING,"Michael Herrington",T:73,T:70,A:74,A:75,A:74,A:x
"TOBI KANOBEE (IRE)",2019,GELDING,"Claire Hitch",H:75,H:80,H:54,H:x,H:x,H:x
"TOBY TWO SCOOPS (GB)",2022,GELDING,"Micky Hammond",H:0,H:91,H:0,H:92,H:94,H:92
"TOBY'S TIME (IRE)",2022,GELDING,,A:16,A:35,A:42,A:55,T:30,T:x
"TOBYSHILL (IRE)",2020,GELDING,"Nick Scholfield",H:x,H:x,H:x,-,-,-
"TOCA MADERA (IRE)",2021,GELDING,"David O'Meara",T:86,T:73,T:80,T:78,T:86,T:81
"TOKEN GESTURE (IRE)",2022,GELDING,"Mark Usher",A:60,A:64,A:44,A:0,A:57,A:63
"TOKEN LOVE (FR)",2022,GELDING,"Oliver Greenall & Josh Guerriero",T:53,T:58,A:59,A:62,A:50,T:51
"TOKYO JOE (GB)",2022,GELDING,"Ed Walker",T:65,A:x,A:x,A:56,T:64,T:x
"TOLSTOY (IRE)",2019,GELDING,"Brian Ellison",A:52,A:74,A:70,A:67,T:53,T:73
"TOM CODY (IRE)",2016,GELDING,"Rebecca Menzies",S:92,S:112,S:111,S:101,S:108,S:102
"TOM CREEN (IRE)",2015,GELDING,"Sam England",S:0,S:92,S:0,S:85,S:104,S:75
"TOM DESJY (FR)",2020,GELDING,"Warren Greatrex",S:86,S:86,S:0,S:76,H:x,H:x
"TOM TAGGLE (IRE)",2020,GELDING,"Mrs C. Williams",S:84,H:46,H:87,H:0,H:88,H:61
"TOMARLO (GB)",2022,GELDING,"Ollie Sangster",A:51,A:24,A:46,A:40,-,-
"TOMBEREAU (IRE)",2021,GELDING,"Stuart Edmunds",H:x,H:x,H:x,-,-,-
"TOMMIE BEAU (IRE)",2015,GELDING,"Seamus Mullins",S:127,S:127,S:114,S:105,S:121,S:121
"TOMMIE'S ANGEL (IRE)",2023,FILLY,"Rebecca Menzies",T:x,T:x,A:x,-,-,-
"TOMMO'S GINJANINJA (GB)",2023,GELDING,"Michael & David Easterby",T:0,T:62,A:x,A:x,A:x,A:x
"TOMMY BLUE (GB)",2022,GELDING,,T:25,T:x,T:x,T:x,-,-
"TOMMY COMBATS (IRE)",2019,GELDING,"Martin Todhunter",S:108,S:107,S:104,S:0,S:99,S:97
"TOMMY CULLEN (IRE)",2018,GELDING,"Matt Crawley",S:106,S:102,S:97,S:114,S:114,S:84
"TOMMY DILLION (IRE)",2016,GELDING,"Richard Rowe",H:81,H:76,H:43,H:80,H:71,S:22
"TOMMY MCJOHN (IRE)",2022,GELDING,"Adrian Keatley",A:42,T:59,-,-,-,-
"TOMMY PICKLES (IRE)",2020,GELDING,"Jamie Snowden",H:x,H:x,H:x,H:x,-,-
"TOMMY'S OSCAR (IRE)",2015,GELDING,"Ann Hamilton",S:144,S:134,S:144,S:137,S:138,S:132
"TOMMY'S PROMISE (GB)",2021,GELDING,"John Ryan",A:61,A:62,A:67,A:67,A:62,A:61
"TOMMYS CHARM (IRE)",2018,GELDING,"Kerry Lee",S:101,S:65,S:99,S:0,S:0,S:102
"TOMMYTWOHOOTS (GB)",2018,GELDING,,A:35,T:34,T:48,A:48,A:47,A:34
"TOMORROW DAY (GB)",2021,GELDING,"Mark Usher",A:51,A:50,A:0,A:47,A:18,A:47
"TONAL (FR)",2020,GELDING,"Ian Williams",T:20,A:78,A:80,A:74,A:74,A:68
"TONGAKNOXIE (IRE)",2020,GELDING,"Philip Hobbs & Johnson White",S:78,S:0,H:37,H:x,H:x,H:x
"TONY JOE (IRE)",2020,GELDING,,H:68,H:x,H:x,H:x,N:x,N:x
"TONY MONTANA (GB)",2020,GELDING,"Kevin Philippart de Foy",T:94,T:93,T:94,T:91,T:91,T:88
"TONYFROMHR (FR)",2023,GELDING,,A:48,A:48,A:x,A:x,A:x,-
"TOO COOL FORSHRULE (IRE)",2019,GELDING,"Jackie Stephen",S:0,S:0,S:99,S:0,S:95,S:95
"TOO DARN GOOD (IRE)",2023,GELDING,"Henry Candy",T:45,T:61,A:62,A:72,T:x,T:x
"TOO DARN SPICY (GB)",2023,FILLY,"Richard & Peter Fahey",T:41,T:41,A:x,A:x,A:x,-
"TOO FARHH GONE (GB)",2022,FILLY,"Warren Greatrex",T:67,A:x,A:x,A:x,-,-
"TOO HOT TO LOVE (GB)",2023,FILLY,,T:0,A:40,T:x,T:x,T:x,-
"TOO HOT TO TANGO (GB)",2023,FILLY,"Hughie Morrison",T:66,T:72,A:x,A:x,A:x,A:x
"TOO MUCH (GB)",2020,FILLY,"David Thompson",A:25,T:61,T:57,A:59,T:44,A:63
"TOO MUCH TREVOR (GB)",2021,GELDING,"Grace Harris",T:45,T:51,T:30,T:33,T:45,T:45
"TOO SOON (GB)",2022,GELDING,"Gary & Josh Moore",T:85,T:90,T:78,T:82,T:96,T:93
"TOOLATETONEGOTIATE (GB)",2022,FILLY,"Daisy Hitchins",T:82,T:74,T:75,A:73,A:72,A:73
"TOOMUCHFORME (GB)",2022,FILLY,"Antony Brittain",A:23,T:0,A:51,A:36,A:67,A:64
"TOOTHLESS (FR)",2018,GELDING,"Paul Nicholls",S:115,S:123,S:122,S:120,S:103,S:120
"TOOTSIE (IRE)",2022,FILLY,"Phil McEntee",A:37,A:43,A:44,A:47,A:43,A:30
"TOP BILLER (GB)",2022,GELDING,"Julia & Shelley Birkett",T:28,T:49,A:22,A:38,A:44,A:39
"TOP COEUR (FR)",2021,GELDING,"Christian Williams",H:63,H:x,H:76,-,-,-
"TOP FLIGHT CENTURY (FR)",2021,GELDING,"David Thompson",H:77,H:77,H:0,H:92,H:84,H:88
"TOP GUN TINA (GB)",2020,FILLY,"David Thompson",A:43,A:32,A:45,A:40,A:46,A:45
"TOP GUY (IRE)",2020,GELDING,"Dan Skelton",H:114,H:118,H:108,H:96,H:106,H:103
"TOP JIMMY (GB)",2020,GELDING,"Nigel & Willy Twiston-Davies",H:123,H:0,H:128,H:x,H:x,H:x
"TOP JUGGLER (IRE)",2022,GELDING,"Seb Spencer",T:78,A:73,A:78,T:37,T:78,T:50
"TOP LAD (GB)",2023,GELDING,"Michael & David Easterby",T:31,A:x,T:x,T:x,T:x,T:x
"TOP OF PLEINMONT (GB)",2022,GELDING,"David Evans",A:53,A:49,A:55,A:59,A:48,T:51
"TOP OF THE BILL (IRE)",2016,GELDING,"Nigel & Willy Twiston-Davies",S:0,S:146,S:124,S:147,S:138,S:0
"TOP OF THE CLASS (GB)",2020,FILLY,,A:63,A:66,A:58,A:59,A:65,T:60
"TOP STAR (IRE)",2022,GELDING,"Dean Ivory",T:13,A:44,A:39,A:49,A:18,A:51
"TOP TARGET (IRE)",2018,GELDING,,S:127,S:121,S:116,H:111,H:x,H:119
"TOPKAPI STAR (GB)",2017,FILLY,,H:36,H:0,H:72,H:0,H:87,H:82
"TOPTEAM (IRE)",2022,GELDING,"Andrew Balding",T:70,T:91,T:52,A:90,T:70,T:90
"TOPTIME (GB)",2018,GELDING,"Roy Bowring",A:58,T:0,T:58,T:51,T:57,T:55
"TOPWARRIOR (GB)",2022,GELDING,"Ralph Beckett",T:92,T:57,T:85,T:0,T:46,T:86
"TORALOU (IRE)",2021,FILLY,"Mark Loughnane",T:51,A:60,A:60,A:66,A:55,T:x
"TORBADOS (GB)",2023,GELDING,"Charles Hills",T:55,T:0,A:56,A:65,T:50,T:x
"TORBAY (GB)",2023,GELDING,,T:56,A:53,T:57,T:x,T:x,T:x
"TORCELLO (IRE)",2014,GELDING,"Shaun Lycett",T:73,A:54,A:66,T:63,T:41,T:55
"TORITO (GB)",2020,GELDING,"John & Thady Gosden",A:99,A:93,T:105,T:96,T:105,T:109
"TORMUND GIANTSBANE (IRE)",2020,GELDING,"Dan Skelton",H:x,H:x,H:x,H:x,N:x,N:x
"TORN AND FRAYED (FR)",2014,GELDING,"Nigel & Willy Twiston-Davies",S:0,S:131,S:131,S:132,S:123,S:110
"TORNEO (FR)",2020,GELDING,"Jamie Snowden",S:129,S:110,S:125,S:129,S:129,S:127
"TORONTO RAPTOR (FR)",2021,GELDING,,A:25,A:39,A:31,A:31,A:47,T:44
"TOROSAY (IRE)",2018,FILLY,"Lucinda Russell & Michael Scudamore",S:94,S:94,S:84,S:76,S:92,S:76
"TORRENT (GB)",2021,GELDING,"Nigel Hawke",H:107,H:108,H:105,H:0,H:99,H:115
"TORTURED SOUL (GB)",2020,GELDING,,A:70,A:72,A:70,A:70,A:69,A:67
"TORY HILL (IRE)",2018,GELDING,,S:0,S:75,S:52,S:0,S:0,S:82
"TOSS OF A COIN (IRE)",2018,GELDING,,S:0,S:0,S:130,S:0,S:0,S:127
"TOUCHWOODEXPRESS (IRE)",2019,GELDING,"Nigel & Willy Twiston-Davies",H:88,H:48,H:96,S:0,S:0,S:85
"TOUGH DATE (IRE)",2023,GELDING,"Jack Channon",T:55,T:57,T:62,T:x,A:x,A:x
"TOUGH ENOUGH (GB)",2020,GELDING,"Antony Brittain",A:71,A:57,A:65,A:72,T:66,T:55
"TOULEEN (GB)",2023,FILLY,"Owen Burrows",T:105,T:100,T:100,T:x,T:x,-
"TOUQUET (FR)",2019,GELDING,"Nick Gifford",S:108,S:108,S:108,S:105,S:99,S:84
"TOUR OVALIE (FR)",2019,FILLY,"Mrs C. Williams",H:92,H:96,H:113,H:116,H:116,H:117
"TOUSSAROK (GB)",2018,GELDING,,A:56,A:49,A:59,A:59,A:40,A:59
"TOUTE CHIC (IRE)",2019,FILLY,,T:43,A:44,A:54,T:54,H:0,H:60
"TOUTED PLAN (IRE)",2022,FILLY,"Ollie Sangster",-,-,-,-,-,-
"TOWERLANDS (IRE)",2022,GELDING,"Tony Carroll",T:83,A:78,A:80,A:84,A:85,A:79
"TOWN QUEEN (IRE)",2023,FILLY,"K. R. Burke",T:x,T:x,T:x,-,-,-
"TOWNHILL (IRE)",2018,GELDING,"Miss Lucy Brown",H:86,H:98,H:0,H:98,H:0,H:110
"TOYOTOMI (FR)",2021,GELDING,"David O'Meara",T:88,A:92,T:91,T:80,T:94,T:91
"TRAC (FR)",2017,GELDING,"Micky Hammond",S:90,S:109,S:106,S:85,S:104,S:78
"TRACKER ISSUE (IRE)",2022,GELDING,"Adam Nicol",T:48,T:0,A:7,A:0,A:56,A:43
"TRACKMAN (GB)",2020,GELDING,"Simon Pearce",H:x,A:33,A:38,T:30,T:31,T:27
"TRACTOR JACK (GB)",2020,GELDING,,S:0,S:80,H:79,H:0,H:x,H:x
"TRADE MARKED (GB)",2023,FILLY,,A:x,A:x,A:x,A:x,-,-
"TRADE WAR (IRE)",2020,GELDING,,H:x,H:x,H:x,N:x,-,-
"TRADECRAFT (IRE)",2019,GELDING,"James Moffatt",H:113,S:0,S:77,H:x,H:x,N:x
"TRAFALGER (GB)",2021,GELDING,"Ben Case",T:51,T:70,T:66,T:x,T:x,T:x
"TRAILA (GB)",2018,GELDING,,A:59,A:71,A:73,A:57,T:0,T:79
"TRAIS FLUORS (GB)",2014,GELDING,"Linda Perratt",T:51,A:49,A:44,A:45,A:45,A:48
"TRALEE GIRL (IRE)",2022,FILLY,,H:x,H:91,H:116,H:112,T:67,A:74
"TRAMUNTANA (IRE)",2019,GELDING,,H:0,S:0,H:101,H:102,H:98,H:99
"TRANQUIL SEA (IRE)",2020,GELDING,"Dan Skelton",H:128,H:121,H:121,H:101,H:86,H:99
"TRANSMISSION (IRE)",2017,GELDING,"Neil Mulholland",S:132,S:134,S:135,S:120,S:109,S:117
"TRANSPARENT (IRE)",2022,GELDING,,T:85,T:79,A:74,T:86,A:86,A:84
"TRAPISTA (FR)",2017,FILLY,,S:93,S:85,S:92,S:98,S:22,S:0
"TRAPPER JOHN (GB)",2021,GELDING,"Harry Eustace",H:x,A:64,H:x,H:x,T:49,T:64
"TRAPRAIN LAW (FR)",2018,GELDING,"Lucinda Russell & Michael Scudamore",S:127,S:132,S:133,S:130,S:128,S:129
"TRAVAIL D'ORFEVRE (FR)",2016,GELDING,,S:0,S:85,S:0,S:84,S:102,S:99
"TRAVEL AGENT (IRE)",2022,GELDING,"Adam Kirby",T:51,T:72,A:71,A:68,A:65,A:59
"TRAVELING SOLDIER (IRE)",2018,GELDING,"Olly Murphy",S:0,S:0,S:89,S:90,S:89,S:90
"TRAVIS (GB)",2021,GELDING,"Geoffrey Harker",T:7,T:61,A:63,A:64,A:64,A:64
"TRAVIS WHEATLEY (IRE)",2020,GELDING,"Adam Nicol",H:86,H:102,H:103,H:89,H:85,H:0
"TRAWLERMAN (IRE)",2018,GELDING,"John & Thady Gosden",T:119,T:120,T:121,T:118,T:115,T:120
"TREACHEROUS (GB)",2014,GELDING,,A:60,A:57,A:56,A:60,T:65,T:66
"TREAD CAREFULLY (IRE)",2021,GELDING,"Nigel & Willy Twiston-Davies",H:x,H:x,H:x,H:x,H:x,H:x
"TREAD SOFTLY NOW (GB)",2019,FILLY,"Ian Duncan",H:104,H:98,H:78,H:92,H:81,H:100
"TREANMOR (IRE)",2023,GELDING,"Charlie Appleby",T:36,T:89,T:x,-,-,-
"TREASURE (GB)",2021,FILLY,,T:80,T:86,T:89,T:98,T:84,T:97
"TREASURE ISLANDS (GB)",2022,GELDING,"Tim Easterby",T:70,T:70,T:58,A:x,T:x,T:x
"TREASURE PLANET (IRE)",2022,GELDING,"Paul Nicholls",H:x,H:112,H:116,H:112,H:116,H:103
"TREASURE TIME (GB)",2021,GELDING,"John & Sean Quinn",T:82,T:90,T:77,T:90,T:93,T:94
"TREASURED ANGEL (GB)",2022,FILLY,,T:0,T:26,T:0,T:56,T:x,A:x
"TREATY BOY (IRE)",2017,GELDING,"Stuart Coltherd",S:60,S:87,S:87,S:80,S:66,S:90
"TREBLE TEE (IRE)",2022,GELDING,"Simon & Ed Crisford",T:75,T:87,T:95,T:105,T:97,T:95
"TREE TOP TYSON (IRE)",2020,GELDING,"Patrick Neville",S:0,H:102,H:x,H:x,H:x,H:x
"TREFOR (IRE)",2021,GELDING,"Charles Hills",T:91,T:71,T:87,T:98,T:98,T:91
"TRIBAL CHIEF (FR)",2021,GELDING,"David Menuisier",T:93,T:93,T:89,T:70,T:94,T:89
"TRIBAL RHYTHM (GB)",2021,GELDING,"Denis Coakley",T:64,T:75,A:51,T:74,T:65,T:74
"TRIBAL WISDOM (IRE)",2019,GELDING,"Michael Attwater",A:75,A:71,A:71,A:80,A:67,A:79
"TRICKY TEL (GB)",2023,GELDING,"Hugo Palmer",T:84,T:79,T:69,T:77,T:76,T:x
"TRIGGERED (IRE)",2016,GELDING,,A:49,A:57,A:56,A:55,T:57,T:57
"TRIGGERMAN (IRE)",2021,GELDING,"Patrick Morris",A:44,A:59,A:68,T:65,T:69,T:61
"TRILBY (GB)",2020,GELDING,"Sam England",T:79,T:80,T:72,T:75,T:66,A:72
"TRINCULO (GB)",2023,GELDING,"George Baker",T:x,A:x,T:3,-,-,-
"TRINITY STREET (IRE)",2021,FILLY,"Henry Daly",H:110,H:x,H:x,H:x,N:x,-
"TRIO (GB)",2023,FILLY,"Eve Johnson Houghton",T:69,A:71,T:70,T:70,T:x,A:x
"TRIPLE CHARGED (IRE)",2022,GELDING,"Faye Bramley",A:43,A:39,A:38,T:18,T:46,T:34
"TRIPLE CROWN TED (IRE)",2020,GELDING,"Lucinda Russell & Michael Scudamore",H:101,H:112,H:114,H:x,H:x,H:x
"TRIPLE DOUBLE A (IRE)",2022,GELDING,"Hugo Palmer",T:78,T:78,A:74,A:82,T:76,T:75
"TRIPLE FORCE (GB)",2021,GELDING,"Craig Lidster",T:61,T:54,A:58,T:75,T:68,T:65
"TRIPLE HAYCH (GB)",2019,GELDING,"Sheila Lewis",H:39,H:60,H:0,H:x,H:x,H:x
"TRIPLE TRADE (GB)",2016,GELDING,"Joe Tizzard",S:114,S:0,S:119,S:127,S:129,S:123
"TRIPOLI FLYER (IRE)",2019,GELDING,"Fergal O'Brien",A:x,T:x,H:140,A:x,H:142,H:139
"TROIA (GB)",2022,FILLY,,T:56,T:96,T:x,T:95,T:x,-
"TROJAN SOLDIER (GB)",2022,GELDING,"Jedd O'Keeffe",T:78,T:77,A:74,A:71,A:70,T:51
"TROJAN STORM (GB)",2021,GELDING,"Ian Williams",T:68,A:68,A:73,A:64,A:55,A:68
"TROJAN SUN (GB)",2020,GELDING,"Jim Goldie",T:63,T:73,T:55,A:19,A:45,T:77
"TROJAN TRUTH (GB)",2019,GELDING,"Ed de Giles",T:61,T:59,A:54,A:63,T:54,T:64
"TRONIDO (GB)",2021,FILLY,"Simon Dow",T:71,T:51,A:58,A:61,A:59,T:23
"TROOP SHIP (GB)",2018,GELDING,"Mel Rowley",H:0,H:77,H:74,H:x,H:x,H:x
"TROOPER (GER)",2020,GELDING,"Neil Mulholland",H:48,H:x,H:x,H:x,-,-
"TROPEZ POWER (IRE)",2019,GELDING,"Mark Walford",T:44,T:59,T:55,T:67,T:70,T:55
"TROPICAL ISLAND (GB)",2021,FILLY,,T:74,T:28,T:77,A:96,T:64,T:60
"TROPICAL SPEED (IRE)",2019,GELDING,"Andy Irvine",H:102,H:106,H:0,H:101,H:103,H:104
"TROPICAL STORM (GB)",2022,GELDING,"Andrew Balding",T:74,T:89,T:86,T:94,T:76,T:0
"TROTAMUNDA (GB)",2023,FILLY,,T:x,A:x,T:x,-,-,-
"TROUBLE IN CHICAGO (FR)",2022,FILLY,"Ivan Furtado",A:0,A:12,A:27,A:x,A:x,A:x
"TROUBLE MAN (IRE)",2022,GELDING,,A:76,A:57,A:77,A:72,T:75,A:83
"TROUSER POCKET (GB)",2023,FILLY,,T:21,T:41,T:x,A:x,A:x,-
"TROY STORY (GB)",2022,GELDING,"Dave Roberts",A:24,A:61,A:64,A:58,A:63,T:67
"TRUCIAL PEARL (GB)",2023,FILLY,"Michael & David Easterby",T:44,T:44,T:39,A:45,A:49,A:41
"TRUE COLORS (FR)",2022,FILLY,,A:67,A:73,A:80,A:79,A:73,A:x
"TRUE PROMISE (GB)",2021,GELDING,"Fionn McSharry",A:81,T:61,T:77,A:75,A:71,A:72
"TRUE TEST (GB)",2023,FILLY,"William Knight",T:96,T:62,T:87,T:x,T:x,-
"TRULY GLAMOROUS (GB)",2023,GELDING,"Christopher Mason",T:60,T:11,T:61,T:x,T:x,T:x
"TRULY SPECIAL (GB)",2023,FILLY,"John Wainwright",T:46,T:43,A:41,T:57,T:45,T:x
"TRUST AMY (IRE)",2023,FILLY,"Gary Hanmer",T:54,T:82,A:66,T:69,T:82,T:x
"TRUST HOUSE (IRE)",2020,GELDING,"Olly Murphy",H:120,H:117,H:109,H:99,H:101,H:103
"TRUST NO ONE (GB)",2023,GELDING,,A:43,A:54,A:54,A:52,A:53,A:50
"TRUST SERGEI (GB)",2022,GELDING,"Gary Hanmer",A:54,A:46,A:55,A:44,A:49,T:14
"TRUSTINTIMES (GB)",2021,GELDING,"Harry Fry",H:115,H:127,H:125,H:x,H:x,N:x
"TRUSTY SCOUT (IRE)",2018,GELDING,"Derek Shaw",A:37,A:35,A:44,A:30,A:40,A:42
"TRY STORM CAT (IRE)",2023,GELDING,"Jessica Macey",T:45,T:65,T:63,A:48,A:76,T:57
"TRY THE MONEY (IRE)",2018,GELDING,"Miss Jane Allfrey",S:55,S:75,S:77,S:75,S:0,S:75
"TRYFAN (GB)",2021,GELDING,"Harry Charlton",T:70,A:59,A:85,A:74,A:84,A:86
"TRYST (IRE)",2023,FILLY,"George Boughey",T:71,A:83,A:89,A:x,T:x,T:x
"TSUKI (GB)",2022,FILLY,"Jim Goldie",T:74,T:x,T:x,T:x,-,-
"TUBA (GB)",2021,GELDING,"Fergal O'Brien",A:69,A:65,A:62,A:50,A:61,A:59
"TUCO SALAMANCA (IRE)",2022,GELDING,"Ollie Sangster",T:92,A:98,T:84,A:93,T:85,T:74
"TUESDAYS CHILD (GB)",2022,FILLY,,T:70,A:70,T:72,A:65,A:72,T:0
"TUNE IN A BOX (IRE)",2019,GELDING,"Tom Lacey",S:117,S:113,S:90,S:98,S:111,H:127
"TUPERO (GB)",2022,GELDING,"David O'Meara",T:64,T:59,A:56,T:60,A:59,A:38
"TUPPENCE (FR)",2020,FILLY,"Lucinda Russell & Michael Scudamore",H:112,H:96,H:x,H:x,H:x,H:x
"TURBO COMMAND (IRE)",2017,GELDING,"Alison Hamilton",A:49,A:51,A:40,A:38,A:46,A:56
"TURENNE (FR)",2022,GELDING,"David Pipe",H:112,H:x,H:119,H:118,-,-
"TURKU (IRE)",2023,GELDING,"Simon & Ed Crisford",A:x,A:x,A:x,-,-,-
"TURN AND FINISH (IRE)",2021,GELDING,"Steph Hollinshead",H:0,H:94,A:55,H:99,H:115,H:102
"TURNDLIGHTSDOWNLOW (IRE)",2020,GELDING,"Martin Keighley",H:127,H:125,H:121,H:114,H:105,H:x
"TURPIN (GB)",2022,GELDING,"Jim Boyle",T:40,A:50,T:44,A:42,T:50,A:x
"TURPIN GOLD (GB)",2016,GELDING,"Tom Lacey",S:100,H:56,H:104,H:102,H:104,H:104
"TURTLE REEF (GB)",2023,COLT,"Hugo Palmer",A:x,A:x,A:x,-,-,-
"TURTY TREE (IRE)",2023,COLT,"Andrew Balding",T:x,T:x,T:x,T:x,-,-
"TUSCAN POINT (IRE)",2022,GELDING,"Adam Kirby",T:64,T:73,A:72,T:69,A:59,A:65
"TUSCAN ROSE (IRE)",2018,FILLY,"Neil Mulholland",S:0,S:79,S:0,S:48,H:87,H:0
"TUTTI QUANTI (FR)",2020,GELDING,"Paul Nicholls",H:148,H:146,H:151,H:142,H:119,H:x
"TWIG (GB)",2015,GELDING,"Ben Pauling",S:140,S:70,H:137,S:146,S:143,S:114
"TWILIGHT CALLS (GB)",2018,GELDING,"Richard Spencer",A:78,T:82,T:78,T:95,T:88,T:90
"TWILIGHT DAWN (GB)",2023,FILLY,"Simon Whitaker",T:49,T:42,A:47,A:38,T:x,T:x
"TWILIGHT DIAMOND (GB)",2021,GELDING,,A:68,T:58,T:68,T:62,A:70,T:64
"TWILIGHT FUN (GB)",2020,GELDING,"Chelsea Banham",T:60,T:63,A:42,A:79,A:83,A:77
"TWILIGHT GLOW (GB)",2023,GELDING,"Jonathan Portman",T:50,A:67,T:62,T:x,T:x,T:x
"TWILIGHT GUEST (GB)",2020,GELDING,"George Margarson",T:28,T:32,T:38,A:41,A:49,T:37
"TWILIGHT ICE (GB)",2022,GELDING,,T:19,T:x,T:x,T:x,-,-
"TWILIGHT JAZZ (GB)",2020,FILLY,"Mike Sowersby",A:0,T:19,T:37,T:0,T:35,T:28
"TWILIGHT JET (IRE)",2019,GELDING,"Jim & Suzi Best",T:89,T:77,T:67,A:69,A:69,A:74
"TWILIGHT MADNESS (GB)",2018,COLT,"Simon Hodgson",A:42,A:58,T:65,A:61,A:62,A:60
"TWILIGHT MOON (GB)",2022,FILLY,"Marcus Tregoning",A:70,A:76,A:73,T:70,T:71,T:64
"TWILIGHT SAFARI (GB)",2022,GELDING,"Micky Hammond",T:0,H:x,H:0,H:50,A:48,T:64
"TWILIGHT SERENADE (GB)",2023,GELDING,"Richard & Peter Fahey",T:28,T:38,A:38,A:47,T:43,T:x
"TWINJETS (IRE)",2017,GELDING,"Paul Nicholls",S:152,S:149,S:0,S:0,S:148,S:142
"TWIRLER (GB)",2021,FILLY,"Michael Attwater",T:69,A:59,A:61,A:50,A:67,A:66
"TWIST OF FATECATCH (FR)",2020,GELDING,"Neil Mulholland",H:104,H:106,H:91,H:99,H:107,H:115
"TWISTING PHYSICS (GB)",2021,GELDING,"Oliver Cole",T:81,T:83,T:86,T:x,A:x,T:x
"TWISTTHENIGHTAWAY (IRE)",2020,FILLY,"Dan Skelton",H:0,H:112,H:106,H:x,H:x,H:x
"TWITCH (NZ)",2017,GELDING,"Craig Benton",T:37,A:47,A:43,A:45,A:18,A:41
"TWO AULD PALS (IRE)",2018,GELDING,"Lucinda Russell & Michael Scudamore",H:108,H:87,H:99,H:96,H:103,T:44
"TWO B TANNED (GB)",2021,FILLY,"Julie Camacho",T:59,T:88,T:64,T:80,T:72,T:80
"TWO BROTHERS (GB)",2018,GELDING,"Michael & David Easterby",H:115,H:115,H:x,H:x,T:69,T:55
"TWO FOR GOLD (IRE)",2013,GELDING,,S:0,S:0,S:137,S:145,S:0,S:147
"TWO PLUS TWO (IRE)",2020,GELDING,"Ed de Giles",T:60,T:50,T:35,T:60,T:54,A:26
"TWO SHOES (IRE)",2022,FILLY,,A:53,T:61,T:60,T:61,T:36,T:71
"TWO TEMPTING (IRE)",2019,GELDING,"Jonathan Portman",A:100,A:98,A:100,A:98,A:100,A:96
"TWO TO TANGO (GB)",2018,GELDING,"Emma Lavelle",S:106,S:99,S:108,S:104,S:105,S:104
"TWO TRIBES (GB)",2021,GELDING,"Richard Spencer",T:101,T:96,T:103,T:102,T:95,T:88
"TWOFORTHEGUTTER (IRE)",2020,GELDING,"Christopher Kellett",T:57,T:57,T:42,T:50,T:51,T:50
"TWOPLACESATONETIME (IRE)",2018,GELDING,"Rebecca Menzies",H:0,H:0,H:74,H:60,H:65,H:72
"TWOSHOTSOFTEQUILA (IRE)",2017,GELDING,"Rebecca Menzies",S:0,S:0,S:132,S:127,S:102,S:120
"TWP STORI (GB)",2018,GELDING,"Samuel Drinkwater",S:77,H:20,S:70,H:0,H:77,H:73
"TYCOON (GB)",2022,GELDING,"Kevin Philippart de Foy",T:94,T:89,A:85,T:94,T:87,T:94
"TYGER BAY (GB)",2017,GELDING,"Conrad Allen",A:65,A:77,A:64,A:75,A:72,A:73
"TYPEFACE (GB)",2022,GELDING,"Ian Williams",T:45,T:47,A:26,A:55,A:55,A:47
"TYPHOON DANCER (GB)",2022,COLT,,A:64,A:57,A:60,T:40,A:72,A:x
"TYPHOON WARRIOR (IRE)",2021,GELDING,"Dan Skelton",H:x,H:x,H:x,N:x,N:x,-
"TYPICAL WOMAN (GB)",2019,FILLY,"Ian Williams",T:63,A:61,T:53,M:73,T:67,T:70
"TYRRHENIAN SEA (IRE)",2018,GELDING,"Roger Varian",A:109,A:106,A:106,A:102,T:29,T:104
"TYSON (GER)",2020,GELDING,"Dan Skelton",H:111,H:88,H:101,H:87,H:0,H:45
"TZARMIX (FR)",2018,GELDING,"Alastair Ralph",H:91,H:112,H:110,H:104,H:107,H:99
"U CANT BE SERIOUS (IRE)",2019,GELDING,,S:130,S:99,S:106,S:130,S:127,H:117
"U HEAT (GB)",2023,FILLY,,A:37,A:28,T:30,T:x,T:x,T:x
"U S MARSHALL (IRE)",2020,GELDING,"Oliver Greenall & Josh Guerriero",H:98,H:98,H:89,H:x,H:x,H:x
"U S S CHARLESTON (GB)",2023,COLT,"Lemos De Souza",T:78,A:63,A:70,A:72,A:70,A:72
"U S S CONSTITUTION (IRE)",2020,GELDING,"Ed Walker",A:52,T:59,A:61,A:62,T:x,T:x
"U SURE DO (IRE)",2022,GELDING,"Tim Easterby",T:85,T:83,T:83,T:81,T:66,T:78
"U TURN (GB)",2023,GELDING,"Tim Easterby",T:69,T:71,T:65,T:x,T:62,T:60
"UBATUBA (IRE)",2020,GELDING,"Olly Murphy",H:x,H:x,H:x,H:x,-,-
"UBETTABEHAVE (GB)",2023,FILLY,,A:10,T:32,T:47,T:27,T:x,T:x
"UBETTERSEETHIS (GB)",2023,GELDING,"Craig Lidster",T:42,T:70,T:67,T:x,T:55,T:42
"UFOURIA (IRE)",2018,FILLY,"Alastair Ralph",H:96,H:76,H:x,H:96,H:97,H:x
"UGO BINGO (FR)",2019,GELDING,"Joe Tizzard",H:63,H:92,H:28,H:96,H:96,H:96
"UHTRED RAGNARSON (IRE)",2021,GELDING,"Alan King",H:64,H:90,H:106,H:107,H:55,H:x
"UKANTANGO (IRE)",2017,GELDING,"Olly Murphy",S:87,S:107,S:116,H:98,H:109,H:103
"ULTRA VIERS (IRE)",2016,GELDING,"Phillippa Taylor",H:40,S:15,S:42,S:67,S:66,S:76
"ULTRASOUL (IRE)",2022,GELDING,"Roger Varian",T:89,A:x,A:x,A:87,T:x,T:x
"ULURU (IRE)",2021,FILLY,"David Menuisier",T:97,-,-,-,-,-
"UMBRIA (GER)",2021,FILLY,,A:78,A:64,T:74,T:67,T:80,T:80
"UN SENS A LA VIE (FR)",2020,GELDING,"Nigel & Willy Twiston-Davies",H:x,H:115,H:x,H:x,H:x,H:x
"UNANSWERED PRAYERS (IRE)",2016,GELDING,"Chris Gordon",S:0,S:107,S:107,S:111,S:118,S:116
"UNASSUMING (FR)",2020,FILLY,"George Boughey",A:77,A:85,A:74,A:88,A:88,A:89
"UNCERTAINTY (IRE)",2023,FILLY,"Simon Whitaker",T:47,T:38,A:54,A:69,A:65,T:x
"UNCHARTEDTERRITORY (IRE)",2023,GELDING,"David O'Meara",T:65,T:x,T:x,T:x,-,-
"UNCLE AL (IRE)",2019,GELDING,"Jessica Bedi",S:83,S:0,S:0,S:69,S:66,S:68
"UNCLE ALBERT (IRE)",2021,GELDING,"Adrian Wintle",-,-,-,-,-,-
"UNCLE BERT (GB)",2017,GELDING,"Nigel & Willy Twiston-Davies",S:122,S:123,S:0,S:139,H:129,H:132
"UNCLE DON (GB)",2022,GELDING,"Robert Cowell",T:88,T:75,A:87,A:79,A:85,A:82
"UNCLE LIAM (IRE)",2022,GELDING,"Jim Goldie",T:15,T:43,T:51,T:51,T:50,T:41
"UNCLE MAC (IRE)",2018,GELDING,"Paul Robson",H:0,S:59,S:77,H:21,S:0,S:39
"UNCLE NADER (GB)",2023,GELDING,"Thomas Faulkner",A:56,A:63,A:57,T:x,A:x,T:x
"UNCLE PHIL (IRE)",2017,GELDING,"Chester Williams",S:84,S:81,S:120,S:98,S:99,S:0
"UNCLE REMUS (GB)",2021,GELDING,"Robert Stephens",H:15,H:91,H:x,H:x,H:x,N:x
"UNCLE SAM (GB)",2022,GELDING,"Ray Craggs",A:23,A:50,A:40,A:47,A:51,T:35
"UNDER CURFEW (GB)",2016,GELDING,,T:46,T:42,A:46,A:43,A:49,A:45
"UNDER THE RADAR (IRE)",2023,GELDING,"Tim Easterby",T:49,T:60,T:72,T:74,T:x,T:x
"UNDER THE SUN (GB)",2021,GELDING,,T:57,A:57,A:62,A:43,A:50,A:46
"UNDER THE TWILIGHT (GB)",2018,FILLY,"Michael Blake",T:75,T:75,T:74,A:71,A:75,T:49
"UNDERSTUDY (GB)",2022,FILLY,,A:97,T:97,T:89,T:102,A:x,T:x
"UNDERWRITER (FR)",2023,GELDING,"Archie Watson",T:67,T:74,T:x,T:45,T:x,-
"UNEXPECTED PARTY (FR)",2015,GELDING,"Dan Skelton",H:122,H:131,H:134,H:127,S:0,S:147
"UNFORGETABLE BELLE (IRE)",2022,FILLY,,T:22,T:54,T:47,A:52,T:43,T:45
"UNICO (GB)",2021,FILLY,"Chris Gordon",A:41,A:44,A:59,A:56,T:60,T:57
"UNION ISLAND (IRE)",2021,GELDING,"Charlie Johnston",T:53,T:65,T:47,A:58,A:63,A:65
"UNIONVILLE (GB)",2023,GELDING,"Michael Attwater",A:59,A:x,A:72,-,-,-
"UNITED APPROACH (IRE)",2020,GELDING,,A:80,A:69,A:78,A:83,T:58,A:71
"UNITED FORCE (IRE)",2020,GELDING,,T:18,A:42,A:41,A:24,T:26,T:33
"UNITER (GB)",2023,GELDING,"Denis Coakley",T:0,A:58,A:64,A:53,A:59,T:x
"UNITING (IRE)",2022,GELDING,"Ian Williams",A:78,A:74,A:64,A:72,A:78,A:77
"UNIVERSAL SECRET (IRE)",2017,GELDING,"Helen Nelmes",S:62,S:85,S:83,S:0,S:0,S:78
"UNIVERSAL STORY (IRE)",2021,FILLY,,A:65,A:68,A:71,A:64,T:60,T:53
"UNJEU ROYAL (FR)",2021,GELDING,"Tom Lacey",H:109,H:112,H:x,H:x,H:x,N:x
"UNKNOWN ENTITY (IRE)",2020,GELDING,,H:x,H:117,H:x,H:x,-,-
"UNKNOWN JOURNEY (IRE)",2022,GELDING,"Tony Carroll",T:1,A:0,A:34,A:31,A:49,A:36
"UNLEASH THE BEAST (IRE)",2019,GELDING,"Fergal O'Brien",H:84,H:81,H:97,H:x,H:x,H:x
"UNPLUGGED (IRE)",2016,GELDING,"Michael & David Easterby",A:46,T:62,T:61,T:66,T:53,T:65
"UNSPEAKABLE (IRE)",2018,GELDING,"Christian Williams",S:77,S:59,S:51,S:80,H:62,S:83
"UNTHINKABLE (IRE)",2022,FILLY,,T:36,T:0,T:18,T:31,T:48,T:48
"UNTIL DAWN (IRE)",2022,FILLY,"Alan Brown",T:38,T:46,T:59,T:43,A:46,A:55
"UNTILWEMEETAGAIN (GB)",2023,FILLY,,A:15,A:x,A:x,A:x,-,-
"UP THE AGENDA (IRE)",2023,GELDING,"Jack Morland",T:67,A:76,A:74,A:74,A:70,T:29
"UP THE ANTI (IRE)",2022,FILLY,,T:0,A:35,A:53,A:48,A:56,A:33
"UP THE JAZZ (IRE)",2021,GELDING,"Richard & Peter Fahey",T:56,T:65,T:65,T:52,A:63,A:53
"UP THE MONK (GB)",2022,GELDING,"Michael Appleby",A:43,A:31,A:49,A:45,A:52,A:25
"UP TO TRIX (GB)",2020,GELDING,"Olly Murphy",H:107,H:106,H:x,H:x,-,-
"UPEPO (IRE)",2020,GELDING,"Tony Carroll",T:37,A:56,A:54,A:60,A:58,A:42
"UPFORDEBATE (IRE)",2019,GELDING,"Patrick Neville",S:91,S:105,S:99,S:106,S:108,S:100
"UPON TWEED (IRE)",2020,GELDING,"Nicky Richards",H:x,H:x,N:x,-,-,-
"UPPER HAND (IRE)",2021,GELDING,,T:40,T:38,T:42,T:44,A:36,A:40
"UPPERCASE (GB)",2022,GELDING,"Harry Eustace",T:68,T:42,T:59,T:72,A:x,A:x
"UPSOMDOWNS (GB)",2023,COLT,"Pat Phelan",T:32,A:66,A:x,A:x,A:x,-
"UPTON'S MIGHTY OAK (GB)",2022,FILLY,"Dr Richard Newland & Jamie Insole",H:x,H:x,H:x,N:x,-,-
"UPTOWN DANDY (IRE)",2020,GELDING,"Ben Pauling",H:x,H:x,H:x,H:x,H:x,N:x
"UPTOWN HARRY (IRE)",2014,GELDING,"Jane Walton",S:0,S:91,S:91,S:92,S:92,S:82
"UPTOWN LASS (IRE)",2020,FILLY,,H:x,H:x,N:x,N:x,N:x,-
"URBAN GLIMPSE (GB)",2022,GELDING,"Andrew Balding",T:82,T:73,T:84,T:86,T:85,A:x
"URBAN ISLE (GB)",2021,GELDING,"Hughie Morrison",H:60,H:85,H:x,H:x,H:x,N:x
"URBAN LAW (GB)",2023,FILLY,,A:42,A:41,A:x,A:x,A:x,-
"URBAN LION (GB)",2021,GELDING,"Jack Channon",T:49,T:102,T:92,T:91,T:99,T:98
"URBAN ROAD (GB)",2019,GELDING,"Alan Brown",T:66,T:70,T:74,T:61,A:72,A:74
"URBAN SKY (IRE)",2022,GELDING,,A:38,T:23,H:0,T:27,T:x,T:35
"URBAN WARRIOR (GB)",2022,GELDING,"Stuart Williams",T:56,A:54,A:x,A:x,T:x,-
"URBLEREAGH (FR)",2017,GELDING,"Tom Gretton",S:83,S:80,H:83,H:x,H:x,H:x
"URCHIN (GB)",2023,GELDING,"K. R. Burke",T:x,T:x,T:x,-,-,-
"URGENT CALL (IRE)",2023,COLT,,A:72,A:61,A:61,A:73,A:60,A:x
"US OFFICER (GB)",2023,GELDING,"Tom Dascombe",T:54,T:0,T:x,T:x,T:x,-
"USHUAIA DANCER (GB)",2018,GELDING,"Justin Landy",H:85,H:82,H:89,H:76,H:0,H:91
"UTHER PENDRAGON (IRE)",2015,GELDING,,T:26,T:32,T:39,T:36,T:38,T:25
"UTHOOBA (GB)",2023,FILLY,,A:x,A:x,A:x,-,-,-
"UTMOST GOOD FAITH (GB)",2023,GELDING,"George Boughey",T:65,T:83,A:92,A:89,A:82,-
"UTMOST RESPECT (IRE)",2023,COLT,"Richard & Peter Fahey",T:81,T:79,T:76,T:x,T:87,T:x
"UZINCSO (GB)",2016,GELDING,"John Butler",A:59,A:51,A:55,A:55,A:57,A:63
"V POWER (GB)",2020,GELDING,"Thomas Faulkner",T:52,A:56,A:62,A:56,A:36,A:59
"V TWELVE (IRE)",2019,GELDING,"Martin Todhunter",S:56,T:50,H:0,H:89,T:62,T:47
"VADREAM (GB)",2018,FILLY,,T:92,T:90,T:83,T:25,T:62,T:93
"VAFORTINO (IRE)",2018,GELDING,"Charlie Fellowes",T:99,T:104,T:98,T:77,T:106,T:104
"VAGUELY ROYAL (IRE)",2020,GELDING,"Ian Williams",T:67,T:67,A:69,A:64,A:72,A:70
"VAL DANCER (IRE)",2017,GELDING,"Mel Rowley",S:0,S:124,S:119,S:129,S:119,S:131
"VALADERO (IRE)",2021,GELDING,"Brian Toomey",A:35,A:31,A:50,A:24,A:47,A:53
"VALADON (IRE)",2020,GELDING,"Harry Fry",H:115,H:115,H:115,H:101,H:0,H:114
"VALEDICTORY (GB)",2022,GELDING,"John & Thady Gosden",T:92,T:83,T:87,A:x,T:x,T:x
"VALENCE D'AUMONT (FR)",2014,GELDING,"Joel Parkinson & Sue Smith",S:89,S:71,S:63,S:86,S:74,S:80
"VALENDAY (GB)",2023,COLT,"Kevin Ryan",T:x,T:x,T:x,-,-,-
"VALENTINE BOY (GB)",2022,GELDING,"Luke Dace",A:67,A:68,A:64,A:51,A:65,T:45
"VALENTINE CATCHER (GB)",2021,GELDING,"Tim Easterby",T:64,T:62,T:52,T:63,T:57,A:59
"VALETTE (IRE)",2020,FILLY,"Susan Corbett",H:86,H:66,H:x,H:x,-,-
"VALIANCY (IRE)",2022,GELDING,"William Haggas",T:98,T:90,T:83,T:82,T:x,T:x
"VALIRANN GOLD (IRE)",2017,GELDING,"Harriet Brown",S:70,S:82,S:70,S:82,S:56,S:79
"VALKYRIE STORM (GB)",2023,FILLY,"Eve Johnson Houghton",T:68,T:77,T:73,A:x,A:x,A:x
"VALKYRJA (GB)",2021,FILLY,,A:66,A:66,T:63,T:64,A:56,A:39
"VALLEY OF FLOWERS (IRE)",2018,FILLY,"Samantha & Jacqueline Coward",T:46,T:61,T:70,T:69,T:70,T:71
"VALLEY OFTHE KINGS (SAF)",2021,GELDING,"Dylan Cunha",T:50,T:74,A:67,A:83,A:52,A:84
"VALOR SPIRIT (IRE)",2023,GELDING,"Bryan Smart",T:70,T:54,T:x,T:52,T:72,T:68
"VALPOVO (GB)",2023,GELDING,"Ian Williams",-,-,-,-,-,-
"VALSHARAH (IRE)",2022,GELDING,"Michael Appleby",T:50,T:34,A:52,A:53,A:56,A:46
"VALTTERI ITS JAMES (IRE)",2021,GELDING,"Lucinda Russell & Michael Scudamore",S:0,H:86,H:x,H:x,H:x,N:x
"VALVANO (IRE)",2021,GELDING,"Ralph Beckett",T:94,T:95,T:95,T:0,T:94,T:97
"VAMP (GB)",2022,FILLY,,A:x,A:x,A:x,A:x,A:x,-
"VAMPIRE SLAYER (IRE)",2020,GELDING,"Daragh Bourke",H:108,H:105,H:103,H:97,A:38,H:86
"VAN AERT (GB)",2022,GELDING,,A:36,H:x,H:x,T:45,T:67,T:63
"VANDERFLIER (IRE)",2020,GELDING,"Jonjo & A.J. O'Neill",H:x,H:x,H:x,-,-,-
"VANDERPOEL (IRE)",2019,GELDING,"Ben Pauling",S:133,S:141,S:136,S:117,S:121,H:x
"VANILLA DANCER (GB)",2019,FILLY,"Chris Grant",H:78,H:97,H:97,H:89,H:94,H:95
"VANTHEMAN (IRE)",2021,GELDING,"Kevin Ryan",T:88,T:0,T:75,A:78,A:85,T:80
"VAPE (GB)",2017,GELDING,"John & Rhys Flint",T:26,A:26,T:61,T:62,T:57,T:59
"VARIETY ACT (GER)",2023,GELDING,"Sir Mark Prescott Bt",A:x,A:x,A:x,-,-,-
"VAUNTED (GB)",2019,FILLY,"Adrian Wintle",A:46,T:47,T:42,T:54,T:56,T:51
"VEBLEN GOOD (IRE)",2022,GELDING,"David O'Meara",T:90,T:81,T:87,T:x,A:x,T:x
"VECCHIO (IRE)",2020,GELDING,"Scott Dixon",A:26,T:26,A:32,A:34,A:35,A:23
"VEGA STORM (IRE)",2023,GELDING,"Richard & Peter Fahey",T:x,T:x,A:x,-,-,-
"VEGA'S VIRTUE (IRE)",2023,FILLY,"Tim Easterby",T:57,T:49,T:49,T:x,T:x,T:x
"VELD (IRE)",2023,FILLY,"Hughie Morrison",T:27,A:x,A:x,A:x,-,-
"VELLNER (IRE)",2019,GELDING,,T:18,T:41,T:40,T:57,T:54,T:0
"VELVET RED (IRE)",2022,FILLY,,A:67,A:51,A:61,A:x,T:x,T:x
"VELVET RHYTHM (GB)",2023,FILLY,"Charlie Johnston",T:65,T:68,T:65,A:x,A:x,T:x
"VELVET SKIES (IRE)",2021,GELDING,"Gary Harrison",T:50,A:53,A:51,A:49,A:60,-
"VELVET VORTEX (GB)",2021,GELDING,,A:30,T:43,M:41,A:47,A:52,A:47
"VELVET VULCAN (GB)",2019,GELDING,"R. Mike Smith",H:82,H:62,H:61,H:71,H:83,H:81
"VELVET WHISPER (IRE)",2022,FILLY,"Edward Bethell",T:65,T:68,T:75,T:69,T:65,T:54
"VENCEDORA (IRE)",2023,FILLY,,T:50,A:66,A:x,T:x,-,-
"VENDANT (IRE)",2018,GELDING,"Richard Rowe",H:0,H:83,H:0,H:83,H:88,H:66
"VENETIA (GB)",2023,FILLY,"Ralph Beckett",T:82,T:81,A:x,A:x,T:x,-
"VENETIAN GOLD (IRE)",2023,FILLY,"Roger Varian",A:x,T:x,-,-,-,-
"VENETIAN LACE (IRE)",2023,FILLY,"Charlie Johnston",T:110,T:108,T:99,T:98,T:99,T:94
"VENETIAN PRINCE (GB)",2023,COLT,"Andrew Balding",T:88,T:102,A:96,A:x,T:x,T:x
"VENETIAN ROMANCE (IRE)",2023,FILLY,"Dr Richard Newland & Jamie Insole",T:56,T:62,T:56,A:x,A:x,M:x
"VENETIAN SKY (FR)",2023,FILLY,"William Haggas",A:x,T:x,T:x,-,-,-
"VENETIAN SUN (IRE)",2023,FILLY,"K. R. Burke",T:115,T:102,T:110,T:106,T:x,-
"VENEZUELAN (IRE)",2022,GELDING,"Gary Hanmer",T:70,A:82,T:81,T:x,T:80,T:x
"VENGEANCE (GB)",2018,GELDING,"Jimmy Frost",H:82,H:81,H:84,H:85,H:0,H:92
"VENTURA DREAM (IRE)",2022,GELDING,,A:61,A:39,T:52,A:58,A:61,T:62
"VENTURA EXPRESS (GB)",2017,GELDING,"Paul Midgley",T:69,T:74,T:69,A:77,A:71,T:52
"VENTURA HIGHWAY (FR)",2020,GELDING,"Gary & Josh Moore",S:107,-,-,-,-,-
"VENTURE CAPITAL (GB)",2021,GELDING,"Kevin Ryan",T:65,A:61,A:71,A:77,T:87,T:90
"VENTUREVANGO (IRE)",2019,FILLY,"Adam Nicol",H:69,H:0,H:0,-,-,-
"VERAISON (IRE)",2022,FILLY,,A:73,A:68,A:72,A:75,A:73,A:69
"VERITABLE (GB)",2023,GELDING,"John & Thady Gosden",T:60,A:x,T:x,T:x,-,-
"VERNON SUBUTEX (FR)",2017,GELDING,,H:90,H:84,H:101,H:0,H:85,H:0
"VERONA STAR (IRE)",2019,GELDING,"Tony Carroll",A:16,A:36,A:20,A:61,A:53,T:4
"VERSAILLES PRINCE (GB)",2022,GELDING,"Faye Bramley",T:69,T:69,T:x,T:x,T:x,-
"VERSATILE (IRE)",2021,GELDING,"James Owen",H:x,T:0,H:x,A:45,A:43,A:26
"VERY DEMURE (GB)",2023,FILLY,"Archie Watson",T:26,T:50,A:40,A:46,A:x,A:x
"VERY MUDDY WATERS (GB)",2022,GELDING,,T:24,A:59,T:0,T:44,T:67,T:54
"VESALIUS (IRE)",2021,GELDING,"Barry Brennan",H:0,H:x,H:x,H:x,N:x,N:x
"VEYDARI (IRE)",2022,GELDING,"Julie Camacho",T:66,T:68,T:49,T:74,T:75,T:70
"VIBRANT PEARL (GB)",2022,FILLY,"Paul Midgley",A:78,T:x,T:x,T:x,T:x,-
"VICKI VALE (IRE)",2017,FILLY,"Deborah Cole",H:108,H:114,S:0,S:110,S:109,H:113
"VICTOR CEE (GB)",2023,GELDING,"Phil McEntee",T:34,T:56,T:68,A:62,A:76,A:71
"VICTORIA LEGEND (IRE)",2021,GELDING,,T:12,T:10,T:0,T:17,T:11,T:16
"VICTORIA MILANO (IRE)",2018,FILLY,"Oliver Greenall & Josh Guerriero",H:98,H:86,S:0,H:77,H:0,H:106
"VICTORIOUS ONE (GB)",2023,GELDING,,A:86,T:48,T:81,T:x,T:x,T:x
"VICTORS DREAM (GB)",2020,GELDING,"Marco Botti",A:25,T:32,A:32,T:34,T:49,A:49
"VICTORS SPIRIT (SAF)",2021,GELDING,"Neil King",A:71,A:72,A:72,A:x,A:x,H:x
"VICTORY ACE (GB)",2023,GELDING,"John Butler",A:75,A:74,A:x,A:x,T:x,-
"VICTORY CLUB (IRE)",2017,GELDING,,H:63,H:88,H:91,H:90,S:0,S:87
"VICTORY QUEEN (GB)",2022,FILLY,,T:98,T:102,T:94,T:x,T:x,-
"VICTORY SHOUT (FR)",2021,GELDING,"Syd Hosie",H:99,H:98,H:98,H:0,H:x,H:x
"VICTORY SOUND (IRE)",2022,GELDING,"Mark Usher",A:45,A:48,T:44,T:26,A:25,T:0
"VICTRESS (GB)",2023,FILLY,"Clive Cox",A:x,A:x,A:x,-,-,-
"VICTTORINO (FR)",2018,GELDING,,S:144,S:108,S:145,S:0,S:147,S:149
"VIDMIYR (IRE)",2023,COLT,"Jennie Candlish",T:78,T:x,T:75,A:x,-,-
"VIETNORM (IRE)",2023,GELDING,"Adrian Keatley",T:56,T:53,A:38,A:x,A:x,T:x
"VIKING GLORY (IRE)",2023,GELDING,"James Owen",T:52,T:58,A:x,A:x,A:x,T:x
"VILAINE VERLAINE (GB)",2022,FILLY,"Mark Usher",T:26,T:56,T:59,T:74,A:76,T:74
"VILLALOBOS (IRE)",2019,GELDING,"Simon Hodgson",T:18,A:46,A:54,A:46,A:57,A:55
"VINATERA (GB)",2021,FILLY,,T:67,A:70,T:66,T:57,A:56,A:x
"VINCE L'AMOUR (IRE)",2021,GELDING,"Tim Easterby",T:31,T:79,T:31,T:75,T:59,T:65
"VINCE LE PRINCE (GB)",2020,GELDING,"Tim Easterby",T:59,T:57,T:68,T:68,T:68,T:65
"VINCE LOMBARDI (GB)",2019,GELDING,"Seb Spencer",A:53,A:72,A:66,A:72,A:69,A:68
"VINCENT GAMBINI (GB)",2023,COLT,,T:x,T:x,T:x,-,-,-
"VINCENT ROCKS (IRE)",2022,GELDING,"Hugo Palmer",T:83,T:22,T:56,A:x,T:x,-
"VINCENZO (FR)",2018,GELDING,"Sam Thomas",S:127,S:141,S:140,S:139,S:139,S:135
"VINCENZO PERUGGIA (IRE)",2023,COLT,"Charlie Johnston",T:84,T:92,T:85,T:x,T:x,-
"VINCIAMO (GB)",2023,GELDING,"Kevin Ryan",T:x,A:x,A:x,T:x,-,-
"VINGEGAARD (IRE)",2022,GELDING,"Julie Camacho",T:69,T:73,A:64,A:51,A:71,A:90
"VINNIE O'NEIL (GB)",2020,GELDING,"Sam Allwood",H:60,H:60,H:71,H:x,H:x,H:x
"VINO SAURO (USA)",2022,GELDING,"Jamie Osborne",A:x,-,-,-,-,-
"VINTAGE CLARETS (GB)",2019,GELDING,"Richard & Peter Fahey",T:67,T:78,T:63,A:56,A:82,T:54
"VINTAGE FIZZ (GB)",2017,GELDING,"Jedd O'Keeffe",S:113,S:0,S:0,S:101,S:113,S:123
"VINTAGE HEAT (GB)",2023,COLT,,A:39,T:65,A:65,A:58,A:x,A:x
"VIOLET GOLDSMITH (GB)",2023,FILLY,"Eve Johnson Houghton",T:53,A:35,A:x,T:x,T:54,-
"VIOLETA (IRE)",2020,FILLY,,A:43,A:24,A:51,H:32,H:x,A:43
"VIPER (GB)",2023,GELDING,,T:x,A:x,T:x,-,-,-
"VIRGINIA MOON (GB)",2023,FILLY,,T:x,A:x,A:x,-,-,-
"VIROFLAY (FR)",2017,GELDING,"Paul Nicholls",S:144,S:100,S:140,S:144,S:137,S:139
"VIRTUAL HUG (IRE)",2018,GELDING,"Nikki Evans",T:47,T:53,A:48,A:37,A:50,A:43
"VIRTUE CHASTITY (GB)",2023,FILLY,"Amanda Perrett",A:x,A:x,A:x,-,-,-
"VIRTUE PATIENCE (GB)",2022,GELDING,"Amanda Perrett",T:61,A:64,A:67,A:66,T:63,T:53
"VIRTUE TEMPERANCE (IRE)",2022,FILLY,"Amanda Perrett",A:46,A:54,T:55,T:39,T:53,T:60
"VISHAKA (IRE)",2023,FILLY,"David Simcock",T:74,T:70,T:x,-,-,-
"VISION DE MAINE (FR)",2019,GELDING,,S:0,S:0,S:0,S:107,S:101,S:110
"VISUAL IMPACT (IRE)",2019,FILLY,"Lucinda Russell & Michael Scudamore",S:0,S:113,S:99,S:94,S:108,H:x
"VISUALLY (GB)",2023,GELDING,"Clive Cox",A:x,T:x,-,-,-,-
"VITALITY (IRE)",2023,FILLY,"Charlie Johnston",T:x,T:x,A:x,-,-,-
"VITALLINE (GB)",2018,GELDING,"Keiran Burke",A:34,A:47,A:32,A:46,A:52,A:46
"VIVA VINCENTE (IRE)",2021,GELDING,"Mrs C. Williams",H:x,H:x,H:x,N:x,-,-
"VIVRE LE REVE (GB)",2022,GELDING,"Ben Pauling",H:x,H:0,H:70,-,-,-
"VIXEY (GB)",2020,FILLY,"Simon West",A:73,T:76,T:79,T:80,T:72,T:71
"VIZIJA (GB)",2023,FILLY,,A:x,A:x,A:x,-,-,-
"VIZZAVONA LADY (FR)",2022,FILLY,,A:60,A:58,A:62,A:52,A:40,A:55
"VOCITO (IRE)",2018,GELDING,"Olly Murphy",H:124,H:111,H:117,H:105,H:106,H:115
"VOIX DE BOCELLI (GB)",2020,GELDING,"Henrietta C Knight",A:49,A:45,H:67,A:55,A:60,A:61
"VOL ROYALE (IRE)",2020,GELDING,"Kayley Woollacott",H:124,H:100,H:x,H:x,H:x,H:x
"VOLCANIC ROCK (IRE)",2022,COLT,"Saeed bin Suroor",A:73,A:x,-,-,-,-
"VOLENDAM (GB)",2022,FILLY,"Tony Carroll",T:62,A:18,T:60,A:53,A:54,A:43
"VOLENTI (IRE)",2019,GELDING,"Ben Haslam",T:46,T:40,A:43,A:49,A:49,A:53
"VOLEUR DE TERRES (IRE)",2018,FILLY,"Claire Dyson",S:78,S:77,S:56,S:25,S:0,H:0
"VOLTERRA (IRE)",2021,COLT,"Kevin Ryan",T:109,T:101,T:108,T:108,T:103,T:94
"VOLTO DI MEDUSA (IRE)",2021,GELDING,"Jack Jones",T:23,T:59,T:19,A:62,A:66,A:53
"VON DUTCH (IRE)",2023,COLT,"Kevin Philippart de Foy",T:55,A:53,A:x,A:x,A:x,-
"VON KROLOCK (IRE)",2019,GELDING,"James Owen",T:49,A:57,A:51,A:51,A:51,A:51
"VON TROTTER (GB)",2023,GELDING,"Michael & David Easterby",T:33,A:x,A:x,A:x,-,-
"VOODOO ANGEL (IRE)",2019,FILLY,"Donald McCain",H:87,H:87,H:87,H:91,H:89,H:89
"VOODOO RAY (IRE)",2019,GELDING,"Gary & Josh Moore",T:25,A:33,A:30,T:31,T:29,T:36
"VROOMOZ EILE (IRE)",2019,FILLY,"James Moffatt",H:56,H:99,S:0,H:89,H:x,H:x
"VULCAN WAY (GB)",2022,GELDING,,T:67,T:64,T:68,T:67,T:57,A:x
"W B EASY (IRE)",2020,GELDING,"Robert Stephens",S:99,H:99,H:81,-,-,-
"WA WA (IRE)",2015,GELDING,,H:98,H:114,H:86,S:105,S:114,S:119
"WAARDAH (IRE)",2022,FILLY,"Owen Burrows",T:107,T:105,T:107,T:96,A:84,T:88
"WADACRE GEISHA (GB)",2023,FILLY,"Charlie Johnston",T:53,T:55,T:x,T:x,A:x,-
"WADACRE GIORGIO (GB)",2021,GELDING,,A:0,A:30,A:49,A:40,T:31,T:46
"WADACRE GOMEZ (GB)",2020,COLT,,A:72,A:73,A:85,A:81,T:72,A:80
"WADACRE MAESTRO (GB)",2022,GELDING,"Charlie Johnston",T:39,A:68,A:63,T:13,T:69,T:57
"WADACRE MORIARTY (GB)",2022,GELDING,,A:2,A:0,A:x,A:x,A:x,-
"WADE OUT (IRE)",2019,GELDING,"Olly Murphy",H:147,S:131,S:138,S:142,S:139,H:124
"WADIRUMM (IRE)",2023,FILLY,"Archie Watson",T:45,T:50,A:x,A:x,A:x,-
"WAGYU STAR (GB)",2023,FILLY,"John & Sean Quinn",A:x,T:x,T:x,-,-,-
"WAHRAAN (FR)",2018,GELDING,"Jessica Bedi",H:x,T:63,T:73,T:75,A:69,H:x
"WAINWRIGHT (IRE)",2018,GELDING,,H:55,H:0,S:0,H:71,H:82,H:71
"WAISTCOAT (GB)",2021,GELDING,"Ross Burdon",T:65,A:55,A:75,A:69,A:52,A:67
"WAIT AND HOPE (GB)",2021,GELDING,,T:41,T:39,A:40,A:45,T:14,T:46
"WAIT FOR IT (IRE)",2022,FILLY,"Liam Bailey",A:0,A:46,A:48,A:53,T:30,T:41
"WAITING ALL NIGHT (GB)",2020,GELDING,,A:74,A:75,T:57,T:64,T:68,T:72
"WAITING FOR LOVE (GB)",2021,FILLY,,A:66,A:50,A:62,A:68,T:65,A:65
"WAL BUCK'S (FR)",2019,GELDING,"Lucinda Russell & Michael Scudamore",S:107,S:114,S:114,S:110,S:110,S:103
"WALDEN (FR)",2020,GELDING,,H:130,H:123,H:99,H:115,H:x,H:46
"WALK IN THE WEST (IRE)",2021,GELDING,"Anthony Honeyball",H:83,H:72,H:89,H:x,H:x,H:x
"WALK OF NO SHAME (IRE)",2017,FILLY,"S. Loxton",H:94,H:106,H:81,H:86,S:44,H:92
"WALK ON HIGH (GB)",2017,GELDING,"Harry Fry",S:0,H:112,H:123,H:x,H:x,H:x
"WALK ON QUEST (IRE)",2019,GELDING,"Lucinda Russell & Michael Scudamore",S:124,S:123,S:0,S:108,S:122,S:116
"WALK ON SON (IRE)",2020,GELDING,"Lucinda Russell & Michael Scudamore",H:0,H:76,H:67,H:x,H:x,H:x
"WALK ON WALK ON (IRE)",2023,GELDING,"Noel Wilson",T:53,T:36,T:28,T:43,T:59,A:56
"WALK TALL (IRE)",2020,GELDING,"Joe Tizzard",H:99,H:98,H:88,H:x,H:x,H:x
"WALK THE PLANK (IRE)",2020,GELDING,"Clare Hobson",S:73,S:77,S:0,S:69,H:0,H:x
"WALKADINA (FR)",2019,FILLY,"David Pipe",H:107,H:116,H:111,H:100,H:x,H:x
"WALKIN OUT (GB)",2017,FILLY,"L. Jefford",H:90,S:107,H:104,H:109,H:106,H:60
"WALKING ON A DREAM (IRE)",2019,GELDING,"Lucinda Russell & Michael Scudamore",S:118,S:117,S:82,S:112,S:100,H:x
"WALKING ON AIR (IRE)",2017,GELDING,"Faye Bramley",S:113,H:126,S:0,S:117,S:0,S:125
"WALKING ON CLOUDS (IRE)",2019,GELDING,"Chelsea Banham",A:47,A:45,A:39,A:34,A:34,A:25
"WALKING THE WALK (IRE)",2015,GELDING,"Kerry Lee",S:0,S:73,S:0,S:0,S:107,S:109
"WALKINTHECOTSWOLDS (IRE)",2019,FILLY,"Harriet Dickin",S:0,S:0,H:60,H:0,H:0,S:0
"WALKINTHEPRESENT (IRE)",2020,GELDING,"Neil Mulholland",H:90,H:93,H:85,H:84,H:x,H:x
"WALKINTHEWOODS (IRE)",2017,GELDING,"Mrs C. Williams",S:0,S:0,S:71,S:0,H:93,H:80
"WALLOP (IRE)",2020,GELDING,,A:42,A:57,A:56,T:42,A:17,A:66
"WALSINGHAM (IRE)",2020,GELDING,"David O'Meara",T:75,T:88,T:82,T:49,T:84,T:81
"WALSON'S LAW (GB)",2021,GELDING,"Eve Johnson Houghton",T:67,T:84,T:58,T:85,A:69,T:78
"WANDERING EGO (IRE)",2020,GELDING,"Olly Murphy",H:118,H:x,H:x,H:120,H:x,H:x
"WANDERLUST (FR)",2022,GELDING,"Iain Jardine",T:84,-,-,-,-,-
"WANNABE (IRE)",2020,GELDING,,S:95,S:66,H:x,H:x,H:x,-
"WANNABEAWALLABY (IRE)",2021,GELDING,,T:39,T:41,T:46,T:33,T:45,T:41
"WAR CHANT (IRE)",2020,GELDING,"Jack Jones",A:72,A:73,A:69,A:56,A:79,A:69
"WAR HOWL (IRE)",2022,GELDING,"Ben Haslam",T:52,T:51,T:51,A:63,A:55,T:72
"WAR MEMORIAL (GB)",2021,GELDING,"Lawrence Mullaney",T:38,T:53,A:52,A:24,A:30,A:11
"WAR SUPREMO (IRE)",2022,GELDING,,T:76,T:66,T:74,T:70,T:76,T:48
"WARDA JAMILA (IRE)",2021,FILLY,,T:79,T:74,T:85,A:79,T:86,T:78
"WARDLAW (USA)",2023,GELDING,"Sir Mark Prescott Bt",T:61,A:x,A:x,A:x,-,-
"WAREETH (IRE)",2023,COLT,"Archie Watson",T:x,T:95,A:x,-,-,-
"WARFLEET (GB)",2020,GELDING,"Jimmy Frost",H:x,H:x,H:x,N:x,N:x,N:x
"WARM GLOW (GB)",2022,FILLY,,A:60,A:56,T:38,T:54,T:60,T:60
"WARM SPELL (IRE)",2021,GELDING,"Mark Loughnane",T:11,T:69,A:84,T:84,T:72,T:80
"WARM WATERS (IRE)",2023,GELDING,"Dean Ivory",A:0,A:41,A:x,A:x,A:x,-
"WARNER'S CROSS (IRE)",2017,GELDING,"Clare Hobson",S:50,S:0,S:55,H:0,H:57,S:93
"WARNING SIGN (FR)",2019,GELDING,"Gary & Josh Moore",A:59,A:64,T:76,T:78,T:78,T:72
"WARNING SYMBOL (IRE)",2023,GELDING,"James Owen",A:0,A:74,A:x,T:x,T:x,-
"WARRANT HOLDER (IRE)",2022,GELDING,"John & Thady Gosden",T:105,A:100,T:87,T:x,A:x,A:x
"WARRIOR KING (IRE)",2022,GELDING,"Donald McCain",H:x,H:71,A:64,A:61,T:54,T:x
"WARRIOR LION (GB)",2020,GELDING,,A:35,H:56,H:0,A:46,A:45,A:45
"WARRIOR MODE (GB)",2022,COLT,"Sir Mark Prescott Bt",A:74,T:76,A:x,A:x,A:x,-
"WARRIOR QUEEN (IRE)",2023,FILLY,,A:46,A:43,A:20,A:x,A:x,A:x
"WARRIORESS (IRE)",2020,FILLY,"Alex Hales",H:x,H:x,H:x,-,-,-
"WARRIORS CHOICE (GB)",2023,FILLY,"Tom Dascombe",T:48,A:31,T:x,T:x,T:x,-
"WARRIORS DESTINY (IRE)",2020,GELDING,"Fergal O'Brien",H:93,H:120,H:x,H:x,N:x,-
"WARRNAMBOOL (GER)",2022,GELDING,"Nick Littmoden",A:47,A:53,A:50,A:52,A:55,T:32
"WASDELL DUNDALK (FR)",2015,GELDING,"Lisa Harrison",H:39,S:95,S:92,S:0,S:117,S:116
"WASHINGTON (GB)",2016,GELDING,"Harry Derham",H:98,H:90,H:112,H:113,H:129,H:111
"WASHINGTON HEIGHTS (GB)",2020,GELDING,"Kevin Ryan",T:104,T:92,T:96,T:93,T:107,T:105
"WASHINGTON HEIR (GB)",2022,GELDING,"Tony Carroll",T:22,A:11,A:33,A:x,A:x,A:x
"WASHINGTON PARKS (IRE)",2019,GELDING,"Kim Bailey & Mat Nicholls",H:80,-,-,-,-,-
"WASSAILING ALONG (GB)",2020,FILLY,,H:x,H:x,H:x,N:x,-,-
"WASTHATOK (GB)",2018,GELDING,"Philip Kirby",T:59,H:0,A:62,H:100,H:106,S:0
"WATAMU (GB)",2021,FILLY,"Emma Lavelle",H:x,H:0,H:x,H:x,H:x,H:x
"WATCH MY TRACER (IRE)",2021,GELDING,"George Scott",T:77,T:81,T:72,A:98,T:94,T:73
"WATCHA SNOOP (IRE)",2023,GELDING,"Hugo Palmer",A:34,T:66,T:54,T:85,T:42,T:x
"WATCHDOG (GB)",2023,GELDING,"Richard & Peter Fahey",T:53,T:74,T:69,A:50,A:65,A:65
"WATCHOUTITSCOOKIE (IRE)",2018,GELDING,"Nigel Hawke",H:51,H:78,H:65,H:77,H:80,S:50
"WATEEN (IRE)",2023,FILLY,"Robert Cowell",T:x,T:x,T:x,-,-,-
"WATER OF LEITH (IRE)",2018,GELDING,"Jim Goldie",T:63,T:58,A:64,A:69,A:62,A:63
"WATER TIGER (GB)",2022,GELDING,,A:46,A:46,A:42,T:x,A:x,T:x
"WATER TO WINE (FR)",2023,COLT,"John & Thady Gosden",A:x,T:x,-,-,-,-
"WATERCRAFT (IRE)",2023,COLT,"Richard Hannon",T:x,A:x,T:x,-,-,-
"WATERFORD CASTLE (IRE)",2023,GELDING,"George Boughey",T:86,T:84,A:82,A:x,T:x,T:83
"WATERMELON SUGAR (IRE)",2019,GELDING,"Chelsea Banham",A:44,A:43,A:63,A:62,A:59,A:49
"WATH COURT (GB)",2020,GELDING,"Philip Kirby",T:32,A:0,T:30,A:35,A:9,T:26
"WAVE POWER (IRE)",2023,GELDING,"Liam Bailey",A:45,T:x,T:x,T:x,-,-
"WAVE RIDER (GB)",2022,GELDING,"George Scott",T:94,T:88,T:88,T:84,T:x,T:82
"WAVE ROCK (IRE)",2022,FILLY,"John Butler",A:61,A:59,A:51,A:59,A:54,A:x
"WAY OF LIFE (GB)",2018,GELDING,"Jonathan Portman",A:88,A:86,A:84,A:82,T:72,T:78
"WAY OF STARS (IRE)",2022,GELDING,"David Pipe",H:67,H:x,H:x,H:x,T:86,T:84
"WAY TO DUBAI (IRE)",2019,GELDING,"Michael Appleby",T:60,T:0,A:56,A:69,A:64,A:69
"WAYWARD QUEEN (GB)",2023,FILLY,"Ralph Beckett",T:x,A:x,T:x,-,-,-
"WE AIN'T WALKING (IRE)",2019,GELDING,"James Owen",H:0,H:x,H:x,H:x,-,-
"WE DARE TO DREAM (IRE)",2022,GELDING,"David O'Meara",T:48,T:83,T:75,T:57,T:88,T:86
"WE GOT YOUR BACK (GB)",2018,GELDING,"L J Morgan",S:0,H:71,S:0,H:56,S:68,S:89
"WE NEVER STOP (IRE)",2021,GELDING,"Kevin Ryan",T:50,T:54,T:61,A:91,A:82,A:88
"WE RIDE AT DAWN (GB)",2023,FILLY,"Robert Edwards",A:48,A:x,T:x,A:x,-,-
"WE STILL BELIEVE (IRE)",2018,GELDING,"Daragh Bourke",A:51,A:52,A:34,T:57,T:59,T:57
"WE'RE GOOSERS (IRE)",2023,COLT,"Hugo Palmer",T:95,T:83,A:x,A:x,T:x,-
"WE'RE RED AND BLUE (GB)",2020,GELDING,"Jonjo & A.J. O'Neill",H:125,H:125,H:122,H:122,H:93,H:112
"WE'RE REUNITED (IRE)",2017,GELDING,,T:37,T:25,T:45,T:46,T:46,T:36
"WE'RENOTREALLYHERE (GB)",2020,GELDING,"Daniel Steele",T:15,A:47,T:36,T:46,T:39,T:20
"WE'VE GOT THIS (IRE)",2022,FILLY,"Ivan Furtado",T:56,T:55,T:65,T:59,T:63,T:63
"WEARELONGTERM (IRE)",2017,GELDING,"Dianne Sayer",H:64,H:86,S:71,S:86,S:86,H:89
"WEAVER'S ANSWER (GB)",2018,GELDING,,H:85,H:94,H:97,H:97,H:95,H:80
"WECHAAD (IRE)",2023,COLT,"Roger Varian",T:92,T:96,T:91,T:x,T:x,T:x
"WEDDELL SEA (IRE)",2018,GELDING,"Mike Sowersby",A:76,A:72,A:74,A:67,A:74,A:73
"WEDGEWOOD (GB)",2020,FILLY,"Tony Carroll",T:49,A:58,A:58,A:51,A:57,A:49
"WEDNESDAY ADDAMS (GB)",2019,FILLY,,H:0,H:75,H:0,S:0,H:71,H:53
"WEDONTTELLLIES (IRE)",2023,GELDING,"Richard Hughes",T:83,T:71,T:42,T:79,A:x,A:x
"WEDONTTELLTHETRUTH (IRE)",2023,GELDING,"Mark Loughnane",A:51,A:61,A:63,A:x,A:x,A:x
"WEE ALKI (IRE)",2019,GELDING,"Susan Corbett",H:101,H:103,H:97,H:97,H:0,H:81
"WEE DRESSER (GB)",2023,FILLY,"Katie Scott",T:x,A:x,A:x,-,-,-
"WEE MARY (IRE)",2022,FILLY,"Jim Goldie",T:48,T:46,T:43,T:47,T:44,A:33
"WEE NAN (GB)",2022,FILLY,,A:28,A:0,A:35,A:43,A:x,A:x
"WEEGEEBEAR (IRE)",2022,GELDING,,A:40,A:6,A:52,T:35,A:32,T:41
"WEFFAAG (GB)",2023,COLT,"William Haggas",T:x,T:x,T:x,-,-,-
"WELBURY (GB)",2023,GELDING,"Edward Bethell",T:75,T:74,A:x,T:x,T:x,-
"WELCHESTON WARRIER (GB)",2020,GELDING,"Clive Boultbee-Brooks",H:96,H:96,H:94,H:0,H:94,H:93
"WELCOM TO CARTRIES (FR)",2018,GELDING,"Jamie Snowden",S:117,S:0,S:134,S:109,H:130,S:127
"WELCOME RETREAT (GB)",2023,FILLY,,A:67,A:x,A:75,A:x,T:x,T:x
"WELL EDUCATED (IRE)",2016,GELDING,"George Bewley",H:98,H:0,H:80,H:96,H:97,H:98
"WELLINGTON ARCH (GB)",2019,GELDING,"Jonjo & A.J. O'Neill",H:144,H:137,H:132,H:124,H:132,H:123
"WELLJUDGED (GB)",2022,FILLY,,T:52,A:61,A:x,A:61,A:x,A:x
"WELLWILLYA (GB)",2018,GELDING,"Helen Nelmes",S:77,S:82,S:82,S:82,S:0,S:70
"WELSH CHARGER (IRE)",2018,GELDING,"Alastair Ralph",H:105,H:106,H:0,H:117,H:125,H:100
"WEN MOON (IRE)",2020,GELDING,"Ben Haslam",T:70,T:51,T:70,A:62,T:61,T:56
"WENDIGO (FR)",2019,GELDING,"Jamie Snowden",S:113,S:147,S:135,S:146,S:147,S:138
"WENDYWILLDO (GB)",2020,FILLY,,H:x,H:x,H:x,H:x,H:x,N:x
"WESAM (IRE)",2021,GELDING,"Saeed bin Suroor",A:x,A:x,-,-,-,-
"WESEEKHERTHERE (IRE)",2019,FILLY,,H:0,H:73,S:47,H:92,H:74,H:107
"WEST ALONG (IRE)",2020,GELDING,"Richard Rowe",H:x,H:x,H:x,N:x,-,-
"WEST HILL ROSIE (GB)",2022,FILLY,"Seamus Mullins",T:x,A:x,A:x,N:x,-,-
"WEST HILL VERDE (FR)",2020,GELDING,"Seamus Mullins",H:x,H:x,H:x,H:x,H:x,H:x
"WEST LAWN (GB)",2016,FILLY,"James Walton",S:74,S:56,S:0,S:74,S:61,H:62
"WEST ORCHARD (IRE)",2017,GELDING,"Joe Tizzard",H:102,S:88,S:96,S:75,H:95,S:100
"WEST TO THE BRIDGE (IRE)",2013,GELDING,,H:0,H:125,H:125,H:84,H:70,H:115
"WEST TYRONE (GB)",2022,GELDING,"Lizzie Quinlan",T:46,A:52,T:65,A:59,T:61,T:54
"WEST WICKHAM (GB)",2022,GELDING,,A:14,A:40,A:37,T:40,T:47,T:51
"WEST WIND BLOWS (IRE)",2019,GELDING,"Simon & Ed Crisford",T:114,A:101,T:113,T:113,T:113,T:109
"WESTCOMBE (GB)",2022,GELDING,"Sir Mark Prescott Bt",A:59,A:76,A:74,A:70,T:67,A:x
"WESTEND MUSIC (GB)",2023,FILLY,,A:x,T:x,T:x,T:x,T:x,-
"WESTERDALE (GB)",2019,FILLY,"Mark Walford",H:59,H:30,H:0,H:x,H:x,H:x
"WESTERN CROSS (IRE)",2021,GELDING,"Philip Hobbs & Johnson White",H:114,H:103,H:x,H:x,N:x,N:x
"WESTERN GENERAL (IRE)",2018,GELDING,"Joe Tizzard",S:131,S:133,S:133,S:121,S:96,S:123
"WESTERN GEORGE (IRE)",2021,GELDING,"Jonjo & A.J. O'Neill",H:x,H:x,H:x,N:x,N:x,N:x
"WESTERN GINNY (IRE)",2021,FILLY,"Harriet Dickin",H:x,H:x,H:x,H:x,-,-
"WESTERN HARMONY (IRE)",2019,GELDING,,H:0,H:0,H:x,H:x,H:x,N:x
"WESTERN KNIGHT (IRE)",2019,GELDING,"Joe Tizzard",S:118,S:136,S:133,S:134,S:115,H:x
"WESTERN MOUNT (GB)",2020,GELDING,"Joel Parkinson & Sue Smith",H:0,H:x,H:x,H:x,N:x,N:x
"WESTERN SOLDIER (GER)",2018,GELDING,"Seamus Mullins",H:87,H:0,H:78,H:43,H:84,H:94
"WESTERN ZEPHYR (IRE)",2017,GELDING,"Mickey Bowen",S:126,S:130,S:0,S:104,S:77,S:136
"WESTERNESSE (IRE)",2019,GELDING,,H:x,T:59,T:65,T:79,T:74,T:74
"WESTERNINTHEPARK (IRE)",2018,GELDING,"Olly Murphy",S:0,S:84,S:0,S:0,S:118,S:127
"WESTERTON (IRE)",2020,GELDING,"Jennie Candlish",H:97,H:68,T:62,T:81,T:73,T:85
"WESTGATE WARRIOR (GB)",2022,GELDING,"Roy Bowring",A:41,T:63,A:56,A:65,T:58,T:65
"WESTLAIN (IRE)",2022,GELDING,"Jack Jones",A:27,H:101,H:117,H:103,H:110,H:111
"WESTMORIAN (GB)",2019,GELDING,"Grant Tuer",T:74,T:0,A:70,A:76,A:90,A:84
"WESTON COURT (IRE)",2021,GELDING,"Ronald Harris",T:38,T:23,T:2,A:32,A:18,A:32
"WESTPORT (IRE)",2023,GELDING,"George Boughey",T:x,T:x,A:x,-,-,-
"WESTRIDGE (FR)",2021,GELDING,,T:72,T:101,T:101,T:95,T:90,A:85
"WETSAND (IRE)",2023,FILLY,"James Owen",T:76,A:52,T:26,T:63,T:88,T:x
"WEZZEER (IRE)",2023,COLT,"Roger Varian",T:x,A:x,A:x,-,-,-
"WHAT A DRAGON (GB)",2021,GELDING,"Robert Walford",H:78,H:x,H:x,H:x,-,-
"WHAT A GLANCE (GB)",2015,GELDING,"Tom Britten",H:120,H:0,H:0,H:97,H:137,H:125
"WHAT A TAHOO (IRE)",2023,FILLY,"Richard & Peter Fahey",T:46,T:45,A:39,A:31,A:43,A:x
"WHAT FOOLS BELIEVE (GB)",2023,FILLY,"Ivan Furtado",T:48,A:47,A:59,A:38,A:x,A:x
"WHAT WHAT WHAT (GB)",2022,GELDING,"Michael & David Easterby",A:0,T:37,A:52,A:37,A:48,A:52
"WHAT'S ON SECOND (GB)",2023,COLT,,A:25,T:x,T:x,T:x,-,-
"WHAT'S THE PLAN (GB)",2023,GELDING,"James Fanshawe",T:75,A:72,A:72,T:42,A:x,T:x
"WHATAMOON (GB)",2022,FILLY,,A:53,A:x,T:x,A:x,T:x,-
"WHATCOMBE (IRE)",2022,GELDING,"Faye Bramley",H:0,H:x,H:x,H:x,A:38,T:46
"WHATDEAWANT (IRE)",2016,GELDING,"Lucinda Russell",H:82,H:121,S:102,S:106,S:131,H:x
"WHATHAPPENSINVEGAS (IRE)",2021,GELDING,,T:69,T:72,A:71,T:76,T:79,T:70
"WHATHAVEYOU (IRE)",2019,GELDING,"N. W. Alexander",H:x,H:x,H:x,N:x,-,-
"WHATMAKES HONEY B (IRE)",2019,FILLY,"Harriet Brown",H:69,H:56,S:0,H:84,H:44,H:0
"WHATS THE SOLUTION (IRE)",2018,GELDING,"Jack Teal",H:106,H:112,H:108,N:x,-,-
"WHATSGOINGONMARVIN (IRE)",2022,GELDING,"Mickey Bowen",T:36,H:85,H:64,H:x,H:52,T:0
"WHATSUPWITHYOU (IRE)",2014,GELDING,,H:114,H:107,H:100,H:126,H:120,H:0
"WHATSYOURPROBLEM (IRE)",2018,GELDING,"Fergal O'Brien",S:104,S:108,S:77,H:x,H:x,H:x
"WHATUDOING (IRE)",2019,GELDING,"Mrs Diana Walton",H:106,H:x,H:83,H:80,-,-
"WHATYOUWAITINGFOR (IRE)",2021,GELDING,"Charlie Longsdon",S:106,S:100,S:90,H:x,H:x,H:x
"WHEELS OF FIRE (IRE)",2022,GELDING,"Richard Hannon",T:66,T:83,T:74,T:88,A:76,T:74
"WHENTHEDEALINSDONE (GB)",2018,GELDING,"Roger Teal",T:63,A:69,A:75,A:67,A:69,T:67
"WHENTHEMUSICSTOPS (IRE)",2021,GELDING,"Jennie Candlish",H:90,H:58,H:x,H:x,H:x,-
"WHERE'S CATO (IRE)",2019,FILLY,"Mrs C. Williams",S:83,S:93,S:102,H:x,H:x,H:x
"WHERE'S FREDDY (IRE)",2020,GELDING,"Stuart Williams",T:65,T:36,T:78,T:49,T:78,T:77
"WHERE'S JEFF (GB)",2015,GELDING,"Michael & David Easterby",T:47,T:62,T:47,T:66,T:69,T:56
"WHEREARETHEJUDGES (IRE)",2020,GELDING,"Daragh Bourke",H:x,H:x,H:x,-,-,-
"WHERES THE CRUMPET (GB)",2018,FILLY,"David Thompson",T:0,A:37,T:37,A:37,A:48,A:34
"WHERESMEMONEYGONE (IRE)",2019,GELDING,"Ben Pauling",S:111,S:114,S:107,S:103,S:100,H:0
"WHERNSIDE (GB)",2023,GELDING,"Edward Bethell",T:x,T:x,A:x,A:x,-,-
"WHIP CRACKER (IRE)",2021,GELDING,"Richard Hughes",T:94,T:95,T:58,T:96,T:97,T:63
"WHISKEY KISSES (IRE)",2023,FILLY,"R. Mike Smith",A:61,A:x,T:x,A:x,A:x,T:x
"WHISKEY NEAT (IRE)",2023,COLT,,T:45,A:40,T:x,T:x,T:x,-
"WHISKEY ON ICE (IRE)",2020,GELDING,"N. W. Alexander",H:117,H:108,H:x,H:x,-,-
"WHISKEY PETE (IRE)",2021,GELDING,"Nigel Tinkler",T:25,T:5,T:53,T:47,T:66,A:50
"WHISKEY SUNRISE (GB)",2022,GELDING,"Max Comley",A:44,A:52,A:44,A:52,A:52,A:x
"WHISKEY YANKEE (GB)",2021,GELDING,"Sam Thomas",H:x,H:x,H:x,N:x,-,-
"WHISKEYWEALTH (IRE)",2016,GELDING,"Donald McCain",H:98,H:106,H:121,S:0,-,-
"WHISKY DREAMS (GB)",2023,FILLY,,A:x,A:x,T:x,-,-,-
"WHISPER OF MIST (GB)",2022,FILLY,"Tony Newcombe",T:x,A:x,A:x,-,-,-
"WHISPERING DANCER (IRE)",2019,GELDING,,S:0,S:0,S:50,S:76,S:41,H:x
"WHISTLE STOP TOUR (IRE)",2018,GELDING,"Lucinda Russell & Michael Scudamore",H:89,S:0,S:110,H:125,S:121,H:125
"WHISTLEINTHEDARK (IRE)",2015,GELDING,,S:0,S:0,S:111,S:131,S:110,S:118
"WHITCOMBE ROCKSTAR (GB)",2019,GELDING,"Keiran Burke",A:94,A:93,A:89,A:82,A:82,A:76
"WHITE DEER (IRE)",2023,GELDING,,A:24,A:x,T:x,T:x,-,-
"WHITE ISLAND (IRE)",2023,FILLY,,T:x,T:59,T:x,T:x,T:x,-
"WHITE LADDER (IRE)",2023,GELDING,"John Ryan",T:60,A:60,T:19,T:59,A:x,T:x
"WHITE NOISE (IRE)",2020,FILLY,"Kim Bailey & Mat Nicholls",H:x,H:x,H:x,H:128,H:119,H:x
"WHITE RHINO (IRE)",2016,GELDING,,S:94,S:125,S:0,S:0,S:139,S:133
"WHITE UMBRELLA (GB)",2019,FILLY,"Christopher Kellett",T:0,A:56,A:54,A:62,A:47,A:64
"WHITELEY WAY (GB)",2021,FILLY,"Gary Brown",T:55,T:38,A:52,A:51,A:40,A:42
"WHITESNAKE (GB)",2022,FILLY,"Roger Teal",T:x,A:x,T:x,-,-,-
"WHITLETTS (GB)",2022,FILLY,"Harriet Dickin",H:0,H:x,H:x,H:x,H:x,-
"WHIZZ BY (GB)",2022,FILLY,,A:67,A:66,T:71,T:71,T:75,A:72
"WHIZZY DIZZY (IRE)",2023,FILLY,"Clive Cox",A:62,A:68,A:66,A:x,A:x,T:x
"WHO IS ALICE (GB)",2023,FILLY,"Grace Harris",T:38,T:40,A:52,T:67,T:50,T:67
"WHO WANTS ME (IRE)",2022,FILLY,"Iain Jardine",T:62,T:63,T:51,T:65,T:65,T:51
"WHO'S GLEN (FR)",2021,GELDING,"Donald McCain",T:71,H:x,H:106,H:x,H:x,H:x
"WHO'S LOPE (GB)",2023,GELDING,"Andrew Balding",T:x,T:x,A:x,-,-,-
"WHO'S ON FIRST (GB)",2023,GELDING,,A:70,A:63,A:69,A:51,A:x,T:x
"WHY BECAUSE (IRE)",2022,FILLY,"Paul Midgley",T:x,T:x,A:65,A:x,A:x,A:x
"WICHAHPI (GB)",2021,FILLY,,A:2,A:61,A:65,T:65,T:48,T:56
"WICKED THOUGHTS (IRE)",2019,GELDING,,S:103,S:122,S:116,S:88,S:121,H:0
"WICKET KEEPER (IRE)",2022,GELDING,"Antony Brittain",T:27,A:85,A:90,A:90,T:80,T:0
"WICKLOW WAY (IRE)",2022,GELDING,"Mark Walford",A:43,T:26,A:54,T:29,A:41,T:28
"WICKSEY (GB)",2023,GELDING,"Ben Haslam",T:65,T:57,A:68,A:62,A:59,A:x
"WIELD (GB)",2023,GELDING,"Joseph Parr",T:44,T:x,A:x,T:x,-,-
"WILD ACT (GB)",2023,GELDING,"Dean Ivory",T:45,T:x,A:x,A:x,-,-
"WILD CLARY (IRE)",2022,GELDING,"Richard Hannon",T:82,T:82,A:76,T:82,T:80,A:76
"WILD DAHLIA (GB)",2023,FILLY,"William Haggas",A:75,A:x,T:x,T:x,-,-
"WILD DESERT (IRE)",2023,COLT,"Charlie Appleby",T:105,T:x,T:x,-,-,-
"WILD EMBERS (IRE)",2022,GELDING,,A:50,A:13,A:54,T:28,A:36,A:62
"WILD GOOSE (IRE)",2020,GELDING,"Kim Bailey & Mat Nicholls",H:112,H:122,H:115,H:108,H:118,H:x
"WILD NATURE (GB)",2022,GELDING,"Edward Bethell",T:76,A:88,T:78,T:68,T:73,A:90
"WILD NEPHIN (GB)",2019,GELDING,"Alastair Ralph",H:64,S:49,S:73,H:81,H:73,H:90
"WILD ROSIE (GB)",2023,FILLY,"Chris Dwyer",T:53,T:16,A:x,T:x,T:x,-
"WILD THOUGHTS (IRE)",2023,GELDING,"Richard Spencer",T:89,T:84,A:77,A:75,T:68,T:x
"WILDE AND DANDY (GB)",2020,GELDING,"Ivan Furtado",A:46,A:57,A:61,T:53,A:61,T:54
"WILDERNESS (GB)",2015,FILLY,,T:7,T:25,T:35,A:42,T:34,T:55
"WILFUL (IRE)",2019,GELDING,"Jonjo & A.J. O'Neill",H:153,H:146,H:147,H:142,H:132,H:0
"WILHELMINA (GB)",2022,FILLY,,A:80,A:74,A:75,A:74,T:70,T:67
"WILL HE SHINE (GB)",2023,GELDING,,A:25,A:3,A:24,T:x,T:x,T:x
"WILL SCARLET (GB)",2021,GELDING,"Simon & Ed Crisford",T:73,-,-,-,-,-
"WILLEM TWEE (GB)",2019,GELDING,"Denis Coakley",A:90,A:92,A:66,A:89,A:76,A:100
"WILLEWONGA (GB)",2016,GELDING,"J. J. O'Shea",H:0,H:0,H:0,H:120,H:128,H:102
"WILLIAM CODY (GB)",2017,GELDING,"Pam Sly",S:105,S:118,S:115,S:103,S:111,S:102
"WILLIAM DEWHIRST (IRE)",2020,GELDING,"Ben Haslam",T:31,A:68,A:62,A:33,A:84,A:84
"WILLIAM MARSHAL (GB)",2022,GELDING,,T:30,A:30,T:39,T:16,A:x,A:x
"WILLIAM OF YORK (GB)",2016,GELDING,"Rebecca Menzies",H:94,H:70,S:0,S:0,S:104,S:0
"WILLIAM PHILO (GB)",2017,GELDING,,H:0,H:0,H:24,S:0,H:34,H:66
"WILLIAM YEATS (GB)",2021,GELDING,"Sam England",H:85,H:x,H:x,H:x,N:x,N:x
"WILLIE SHAKE HANDS (IRE)",2019,GELDING,"Sam England",S:100,S:94,S:109,S:102,S:109,S:111
"WILLIETHEBUILDER (IRE)",2019,GELDING,"Christian Williams",H:130,H:128,H:135,H:137,H:132,H:123
"WILLMOUNT (GB)",2018,GELDING,"Rebecca Curtis",S:0,S:117,S:0,H:126,H:0,H:x
"WILLOLARUPI (IRE)",2021,GELDING,"Declan Carroll",T:65,A:61,T:57,T:66,T:53,T:71
"WILLOW WOOD (IRE)",2023,FILLY,"Ed Walker",A:64,A:x,T:x,T:x,-,-
"WILLOW'S KISS (GB)",2021,FILLY,,A:16,T:15,T:41,T:34,A:45,A:45
"WILLOWINGHURN (GB)",2023,FILLY,"David O'Meara",T:58,T:44,T:57,T:32,A:43,T:70
"WILSTAR (IRE)",2020,GELDING,"Olly Murphy",H:x,H:x,H:x,H:x,N:x,N:x
"WILTSHIRE (GB)",2020,GELDING,"William Haggas",T:89,A:102,A:92,A:96,A:92,A:91
"WILTSHIRE WONDER (GB)",2020,GELDING,"Bernard Llewellyn",A:65,A:73,A:50,A:79,A:67,A:77
"WIMBLEDON HAWKEYE (GB)",2022,COLT,"James Owen",T:110,T:114,T:111,T:105,T:106,T:109
"WINCHURCH (IRE)",2022,GELDING,"Michael Appleby",T:70,T:61,A:60,A:59,A:49,A:49
"WIND SUMMER (IRE)",2023,GELDING,"Ismail Mohammed",A:20,A:x,A:21,A:x,A:x,T:x
"WIND YOUR NECK IN (IRE)",2019,GELDING,"Sam England",H:93,H:97,H:92,H:91,H:54,H:89
"WINDANCE (IRE)",2015,GELDING,"Martin Sweetland",H:98,H:0,H:89,H:106,H:0,S:105
"WINDBREAKER (GB)",2023,COLT,"William Haggas",T:x,A:x,A:x,-,-,-
"WINDING STREAM (IRE)",2023,COLT,"Richard Hughes",T:91,A:x,A:x,-,-,-
"WINDS OF WINTER (IRE)",2018,FILLY,"George Bewley",H:105,H:104,H:0,H:0,H:111,H:113
"WINDSOR BLUE (IRE)",2021,FILLY,"Henry Daly",H:106,H:94,H:107,H:80,H:x,H:x
"WINDSOR PASS (IRE)",2018,FILLY,,A:57,A:54,A:48,A:56,T:57,A:56
"WINDSURFER (GB)",2019,GELDING,"Ben Case",S:105,S:96,S:97,S:95,S:95,H:110
"WINE DARK SEA (GB)",2022,GELDING,"Harry Charlton",T:83,T:80,A:68,A:76,T:x,A:x
"WINGED MESSENGER (GB)",2021,GELDING,"Julie Camacho",T:82,T:84,T:80,T:80,T:73,T:70
"WINGED ONE (IRE)",2023,FILLY,"Andrew Balding",T:68,T:90,A:x,T:x,-,-
"WINGS OF ARION (IRE)",2020,GELDING,,H:x,H:x,H:x,-,-,-
"WINGS ON WHEELS (IRE)",2019,GELDING,"Ian Williams",S:81,S:92,S:0,H:x,H:x,H:x
"WINGSTAR (IRE)",2022,FILLY,"Michael Keady",T:19,A:29,A:41,A:37,A:45,A:x
"WINNING PADDY (IRE)",2018,GELDING,"Alexandra Dunn",H:x,-,-,-,-,-
"WINSTON JUNIOR (IRE)",2022,GELDING,"Faye Bramley",H:129,H:138,H:131,H:125,H:107,T:82
"WINSTON'S OATH (IRE)",2022,GELDING,"Dylan Cunha",H:x,H:x,H:x,N:x,N:x,N:x
"WINSTON'S WARRIOR (IRE)",2022,GELDING,"Charles Hills",T:66,A:80,A:80,A:76,T:66,T:71
"WINTER CROWN (GB)",2020,GELDING,"Liam Bailey",A:55,A:46,A:55,A:64,A:65,T:58
"WINTER FLOWER (IRE)",2022,FILLY,"William Haggas",T:70,A:79,A:84,T:x,A:x,T:x
"WISE APPROACH (IRE)",2023,COLT,"Charlie Appleby",T:105,T:102,T:113,T:114,T:101,T:x
"WISE COUNSELLOR (GB)",2022,GELDING,"Daniel Steele",T:48,H:x,H:x,H:53,A:x,T:x
"WISE CRACK (IRE)",2023,GELDING,"Ruth Carr",T:62,T:41,T:x,A:x,T:x,T:x
"WISE EAGLE (IRE)",2017,GELDING,"Adam Nicol",H:125,T:95,H:127,H:124,A:94,H:117
"WISE MOVE (IRE)",2018,GELDING,"George Bewley",H:0,H:x,H:89,H:89,H:95,H:86
"WISE PRINCE (IRE)",2023,COLT,"John & Thady Gosden",T:94,T:100,T:103,T:x,-,-
"WISEGUY (IRE)",2016,GELDING,"Nicky Henderson",S:95,S:113,S:0,S:120,S:125,S:131
"WISETANCK (IRE)",2023,COLT,,A:70,A:70,A:67,A:60,A:68,A:x
"WISETON PROSPECT (IRE)",2022,GELDING,,A:x,A:x,A:x,-,-,-
"WISH THIS (GB)",2022,GELDING,"Alan Brown",T:47,A:58,A:58,A:67,T:52,T:57
"WISHFUL WINGS (IRE)",2021,FILLY,"Sheila Lewis",H:73,S:0,S:69,H:x,H:x,H:x
"WISPER (IRE)",2018,FILLY,"Alan King",T:89,T:78,T:77,T:88,A:80,T:92
"WISPIT TWOB (IRE)",2022,FILLY,"Martin Keighley",H:0,H:59,H:x,-,-,-
"WISTMANS PRINCE (GB)",2020,GELDING,"Kerry Lee",H:82,H:86,H:91,H:x,H:x,H:x
"WITCH HAZEL (GB)",2022,FILLY,,A:50,A:44,A:55,T:49,T:x,A:x
"WITCH HUNTER (FR)",2019,GELDING,"Richard Hannon",T:74,T:84,A:96,A:87,A:95,A:105
"WITH GLORY (IRE)",2023,FILLY,"Linda Perratt",T:38,A:41,T:45,A:x,T:x,T:x
"WITHOUT BURLINGTON (GB)",2022,COLT,"Jonjo & A.J. O'Neill",T:71,A:67,T:57,T:x,T:x,A:x
"WITHOUT COMPROMISE (GB)",2021,GELDING,"Antony Brittain",A:76,A:79,A:66,A:82,A:72,A:73
"WITHOUT DELAY (IRE)",2019,FILLY,"Tracy Waggott",T:31,T:49,T:43,T:35,A:36,A:39
"WITHOUT FLAW (IRE)",2021,FILLY,"Tina Jackson",T:46,T:55,A:59,T:55,T:64,T:41
"WITHOUTFURTHERADO (IRE)",2022,GELDING,"P. Charalambous & J. Clutterbuck",A:41,T:64,-,-,-,-
"WITHTEARSINMYEYES (IRE)",2023,FILLY,"Jack Channon",T:x,A:x,T:x,-,-,-
"WITNESS STAND (GB)",2021,GELDING,"Dr Richard Newland & Jamie Insole",T:77,T:114,T:115,T:109,T:98,T:83
"WOBWOBWOB (IRE)",2018,GELDING,"Adrian Keatley",T:56,T:57,T:58,T:82,T:76,T:81
"WODAO (FR)",2020,GELDING,"Steph Hollinshead",A:63,A:23,A:66,A:x,A:67,A:39
"WOJTEK (IRE)",2023,GELDING,,T:67,T:64,T:19,T:60,T:x,T:x
"WOLF MOON (GB)",2020,GELDING,"Ben Pauling",H:0,S:94,S:92,H:73,H:x,H:x
"WOLF OF BADENOCH (GB)",2022,GELDING,"Tony Culhane & Stella Barclay",T:59,T:62,A:45,A:59,A:62,T:58
"WOLF RAYET (IRE)",2022,GELDING,"Samuel Drinkwater",H:133,H:133,H:115,H:120,H:106,-
"WOLF WALKER (IRE)",2019,GELDING,"Clive Boultbee-Brooks",H:95,H:0,H:x,H:x,H:x,H:99
"WOLFBURG (IRE)",2019,GELDING,"Sandy Thomson",S:116,S:111,S:99,S:96,S:99,S:67
"WONDER (GB)",2021,GELDING,"James Fanshawe",A:76,A:82,A:80,A:79,A:75,A:74
"WONDER OF THE SEAS (IRE)",2018,GELDING,"Nigel & Willy Twiston-Davies",S:48,S:0,S:0,S:85,S:0,S:82
"WONDERBOLT (GB)",2022,FILLY,,A:67,A:66,T:66,T:77,T:71,A:x
"WONDERFUL FRIEND (IRE)",2023,GELDING,,A:59,T:67,T:x,T:x,T:x,T:x
"WONDERFUL WENDY (GB)",2022,FILLY,"James Evans",A:x,T:x,A:x,-,-,-
"WONDERING WHY (IRE)",2021,GELDING,"Ben Pauling",H:119,H:x,H:x,H:x,H:x,N:x
"WONDROUS (IRE)",2023,FILLY,"Michael Bell",T:0,A:x,T:x,T:x,-,-
"WONDROUS LIGHT (GB)",2022,FILLY,"Jonathan Portman",T:77,A:70,T:70,T:60,A:65,T:67
"WOOD WHISPERER (IRE)",2022,COLT,"Charlie Pike",T:49,A:66,A:65,T:54,T:x,T:x
"WOODHAY WHISPER (IRE)",2022,FILLY,"Ron Barr",A:42,A:63,A:59,A:52,A:66,A:59
"WOODHAY WONDER (GB)",2021,FILLY,,T:71,T:69,T:81,T:74,T:95,T:98
"WOODLAND PARK (IRE)",2019,GELDING,"Olly Murphy",H:0,H:125,H:124,H:121,H:120,H:x
"WOODLEIGH (IRE)",2021,GELDING,"Roger Fell",T:55,T:52,T:53,T:51,T:31,A:48
"WOODSHAW (IRE)",2022,GELDING,,A:2,T:0,T:0,T:56,A:40,T:x
"WOODSTOCK (GB)",2020,GELDING,"Ruth Carr",T:73,T:75,T:68,A:72,T:77,T:76
"WOODSTOCK CITY (GB)",2020,GELDING,"Ian Williams",A:72,A:64,A:72,T:32,A:67,T:28
"WOODVIEW LAD (IRE)",2021,GELDING,,H:94,H:53,H:51,H:x,-,-
"WOODY Y FERNANDEZ (GB)",2023,GELDING,"Ivan Furtado",T:43,T:43,A:49,A:0,A:50,T:46
"WOODYTHEWOODPECKER (IRE)",2020,GELDING,"Mrs C. Williams",H:96,H:102,H:97,H:86,H:85,H:x
"WOOHOO (IRE)",2021,FILLY,"Jim Goldie",T:69,T:69,T:32,T:41,T:56,T:67
"WOOLHAMPTON (IRE)",2020,FILLY,,T:62,T:87,T:86,T:71,T:96,T:90
"WOOLISLE (GB)",2023,FILLY,"Heather Main",T:75,T:73,T:67,T:59,T:67,T:62
"WOOLRIDGE (GB)",2022,GELDING,"Scott Dixon",A:61,A:45,A:47,-,-,-
"WOR FAAYTH (IRE)",2023,FILLY,"Brian Ellison",T:86,T:x,T:x,-,-,-
"WOR LAD (GB)",2020,GELDING,"Donald Whillans",H:0,H:73,H:x,H:x,H:x,N:x
"WORD OF MOUTH (GB)",2022,FILLY,,A:69,A:64,A:55,A:67,T:69,T:72
"WORDS OF TRUTH (GB)",2023,GELDING,"Charlie Appleby",T:105,T:110,T:x,T:x,T:x,-
"WORKHARDPLAYHARD (IRE)",2019,GELDING,"Tim Easterby",H:90,H:x,H:x,H:x,-,-
"WORLD OF DARCY (IRE)",2021,GELDING,"John Ryan",A:25,A:42,A:20,A:35,A:41,A:22
"WORLINGTON (GB)",2023,GELDING,"George Boughey",T:55,T:57,A:56,A:x,A:x,A:x
"WOROODD (IRE)",2022,FILLY,,A:57,T:4,T:78,T:x,T:x,T:x
"WORTH THE WALK (IRE)",2017,FILLY,"Micky Hammond",S:69,S:0,S:69,S:69,S:0,S:0
"WOTTER TROTTER (IRE)",2020,GELDING,"Joe Wright",S:75,S:96,S:98,S:78,H:x,H:106
"WOVEN (GB)",2016,GELDING,"Michael Dods",T:75,T:84,T:69,T:77,T:87,T:77
"WRATH OF HECTOR (GB)",2017,GELDING,"Jessica Macey",A:46,A:45,T:38,T:47,A:41,A:46
"WRECK IT RYLEY (IRE)",2020,GELDING,"Alan Brown",T:79,T:53,T:68,T:82,A:69,T:54
"WRECKLESS ERIC (GB)",2020,GELDING,"Jonjo & A.J. O'Neill",H:125,H:113,H:129,H:103,H:113,H:116
"WREN RUNNER (GB)",2023,FILLY,,T:54,T:x,T:x,T:x,T:x,T:x
"WRESTLING REVENUE (IRE)",2021,GELDING,"Ben Haslam",T:53,T:50,T:30,A:0,T:44,T:62
"WRIST ART (IRE)",2017,GELDING,"James Owen",A:50,T:51,T:31,A:43,A:28,A:32
"WRYDCROFT (GB)",2022,GELDING,"Pam Sly",T:68,T:68,A:64,T:4,T:61,T:51
"WUDYA (IRE)",2019,FILLY,"Joel Parkinson & Sue Smith",S:100,H:0,H:110,H:64,H:110,H:0
"WUJJOOD (IRE)",2022,FILLY,,A:89,T:69,T:90,T:x,T:x,T:x
"WYENOT (GB)",2019,FILLY,"Henry Daly",S:119,S:106,S:130,H:121,H:138,H:137
"WYLD BILL (GB)",2021,GELDING,"John Ryan",A:84,A:88,A:87,A:80,A:87,A:70
"WYLE COP (USA)",2023,GELDING,"Jack Jones",A:51,T:32,T:25,A:74,A:x,T:39
"WYVERN (GB)",2019,GELDING,"Patrick Morris",A:35,A:46,A:49,A:42,A:25,A:45
"XCITATIONS (GB)",2015,GELDING,"Pam Sly",S:107,S:0,S:121,S:0,S:115,S:125
"Y Y STAR (GB)",2023,GELDING,,A:4,A:x,A:x,A:x,-,-
"YA HABIBTI (GB)",2023,FILLY,,A:55,A:57,A:x,A:x,T:x,-
"YA KARIM (IRE)",2023,GELDING,"Harry Charlton",A:81,T:x,T:x,A:x,-,-
"YA RAYAH (GB)",2021,GELDING,,A:0,A:33,A:34,T:0,A:45,A:46
"YAA MIN (GB)",2022,GELDING,"Hayley Burton",A:79,T:74,A:79,A:75,T:75,A:78
"YAAHOBBY (IRE)",2019,GELDING,"Antony Brittain",A:32,A:43,A:40,A:44,A:30,A:44
"YAAJOOZ (IRE)",2021,GELDING,"Michael & David Easterby",A:65,T:63,A:67,A:75,T:69,T:74
"YAASER (IRE)",2018,GELDING,"Jim Goldie",T:51,A:34,A:49,A:61,A:49,A:70
"YABHER (GB)",2022,GELDING,"William Haggas",T:104,T:94,T:72,T:87,T:81,T:46
"YACHTSMAN (GB)",2023,GELDING,"Jack Morland",T:70,T:70,T:47,A:66,A:67,T:64
"YAFAARR (IRE)",2022,GELDING,"Sam England",T:60,T:58,T:58,T:49,A:64,A:66
"YAKHABAR (GB)",2019,GELDING,"Liam Bailey",A:48,A:44,A:51,A:31,A:22,T:42
"YAN TAHN TETHERA (GB)",2022,GELDING,,A:x,A:x,A:x,-,-,-
"YANIFER (GB)",2018,GELDING,"Harriet Bethell",T:88,T:95,T:92,T:92,T:87,T:86
"YANKA BLUE (IRE)",2021,FILLY,"Barry Murphy",H:65,H:5,H:24,H:86,H:x,H:81
"YANKEE DUDE (IRE)",2022,GELDING,"Warren Greatrex",A:88,T:61,A:x,A:x,T:x,-
"YAPPER HILL (IRE)",2019,GELDING,"George Bewley",H:71,H:68,H:86,H:77,H:0,H:x
"YASALAM (GB)",2023,FILLY,,T:14,T:x,A:x,A:x,-,-
"YASHIN (IRE)",2019,GELDING,"Michael Bell",T:79,T:98,T:84,T:0,T:106,T:77
"YASMINA (GB)",2020,FILLY,"Andy Irvine",H:101,H:101,H:98,H:x,H:x,H:x
"YAZAMAN (IRE)",2018,GELDING,,T:41,T:47,A:42,T:51,T:59,T:58
"YAZIN (GB)",2023,COLT,"John & Thady Gosden",T:75,A:104,T:x,T:x,A:x,-
"YEA BOI (IRE)",2023,GELDING,,T:18,A:x,A:x,A:x,-,-
"YEALAND (IRE)",2019,GELDING,"Gary Hanmer",H:95,S:119,S:116,S:119,S:118,S:115
"YEHUDI (IRE)",2022,GELDING,"Mark Loughnane",A:62,T:55,A:57,A:54,A:62,A:59
"YELD TO CALL (FR)",2021,FILLY,"Mrs Jane Williams",H:x,H:0,H:x,H:x,H:x,N:x
"YELLOW CARD (GB)",2022,GELDING,"Mickey Bowen",H:x,H:x,A:65,T:58,H:64,H:0
"YELLOW DIAMONDS (IRE)",2023,FILLY,"Julie Camacho",T:61,T:34,T:x,A:x,A:x,T:x
"YELLOW LEMONS (FR)",2021,FILLY,,A:25,A:41,A:22,A:43,A:35,A:46
"YELLOW STAR (FR)",2020,GELDING,"Gary & Josh Moore",H:0,H:0,H:101,H:100,H:118,H:22
"YELLOW WARNING (IRE)",2021,GELDING,"Sheila Lewis",H:x,H:x,H:x,-,-,-
"YERMANTHERE (IRE)",2018,GELDING,"Tim Easterby",T:52,H:x,T:59,T:67,T:70,T:53
"YES AND YES (IRE)",2017,GELDING,"Belinda Clarke",S:90,S:87,S:75,S:0,S:55,S:60
"YES DAY (IRE)",2018,GELDING,"Jonjo & A.J. O'Neill",S:111,S:0,S:101,S:110,S:99,S:118
"YES I'M MALI (GB)",2022,GELDING,"David O'Meara",T:82,T:73,T:79,T:42,A:75,T:72
"YES INDEED (FR)",2017,GELDING,"Martin Keighley",S:99,S:115,S:114,S:0,S:123,H:74
"YES WALIIM (IRE)",2023,GELDING,"Richard Hughes",T:57,T:56,A:x,A:x,T:x,-
"YESNIA (IRE)",2023,FILLY,"Declan Carroll",T:40,-,-,-,-,-
"YIPPEE KI YAY (IRE)",2018,GELDING,"Mrs N. Sheppard",H:109,H:112,H:0,S:105,S:105,H:114
"YOKKELL (IRE)",2019,FILLY,"Adrian Wintle",T:61,T:62,A:55,A:50,A:56,A:53
"YOKOHAMA (IRE)",2021,GELDING,"John Butler",T:73,T:65,A:59,A:64,A:73,T:70
"YORGUNNABEPLUCKY (GB)",2020,GELDING,"Mrs C. Williams",S:0,S:82,S:83,S:86,S:85,S:85
"YORK TOWER (GB)",2023,GELDING,"William Haggas",A:x,A:x,T:x,-,-,-
"YORKIES DREAM (GB)",2023,FILLY,"Michael & David Easterby",T:46,T:x,T:x,T:x,-,-
"YORKSHIRE (IRE)",2020,GELDING,"Edward Bethell",T:87,T:91,T:92,T:97,A:97,A:91
"YORKSHIRE GLORY (IRE)",2021,GELDING,"Ben Haslam",T:47,A:73,A:69,A:66,A:65,A:61
"YORKSHIRE LADY (GB)",2018,FILLY,,T:56,T:76,T:81,T:80,T:72,T:77
"YORKSHIRE MAN SAM (GB)",2018,GELDING,"Mark Walford",H:x,H:x,H:x,N:x,N:x,-
"YORKSHIRE PUDS (IRE)",2023,COLT,"Michael Appleby",T:65,T:81,T:x,T:x,-,-
"YORKSHIRE QUEEN (GB)",2023,FILLY,"Grant Tuer",T:45,A:66,A:65,A:69,T:x,T:x
"YORKSTONE (GB)",2020,GELDING,"Michael & David Easterby",A:45,A:50,A:47,A:42,A:40,A:26
"YOSHIMI (IRE)",2017,GELDING,,A:39,A:36,A:45,A:28,A:35,T:58
"YOU ARE EVERYTHING (FR)",2019,FILLY,,A:50,A:45,T:54,T:47,T:57,T:55
"YOU DID (IRE)",2020,GELDING,"Brian Ellison",H:0,H:76,H:90,H:87,H:87,H:76
"YOU GOT TO MY SOUL (IRE)",2023,FILLY,"Ralph Beckett",A:64,T:x,A:x,A:x,-,-
"YOU MYSTIFY ME (IRE)",2023,FILLY,"Michael & David Easterby",T:30,T:x,T:x,T:x,-,-
"YOU SAY ITS OVER (IRE)",2018,FILLY,,H:0,S:0,S:50,S:70,S:62,S:57
"YOU SEXY THING (IRE)",2023,COLT,"Richard Spencer",T:0,T:73,T:75,T:51,T:x,T:x
"YOU SOME GIRL (IRE)",2017,FILLY,"Rebecca Menzies",S:76,S:0,S:92,S:0,H:104,S:115
"YOU'LL THINK OF ME (IRE)",2023,FILLY,"Kevin Philippart de Foy",T:76,A:x,-,-,-,-
"YOUARENOTFORGIVEN (GB)",2018,GELDING,"Tony Carroll",T:58,A:79,A:70,A:67,A:53,A:59
"YOUDECIDE (IRE)",2020,GELDING,"Ben Pauling",S:0,S:93,S:96,H:99,H:0,H:99
"YOUFILLUPMYSENSES (IRE)",2023,FILLY,,A:31,T:0,T:x,T:x,T:x,-
"YOUNG ENDLESS (GB)",2019,GELDING,,A:67,A:59,A:65,A:68,A:68,A:60
"YOUNG FIRE (FR)",2015,GELDING,"David O'Meara",T:57,T:47,T:53,A:38,T:50,T:55
"YOUNG JACK (IRE)",2018,GELDING,,S:112,S:125,S:122,S:121,S:87,S:124
"YOUR BABY'S EYES (GB)",2022,GELDING,,A:x,A:x,A:x,N:x,-,-
"YOUR DARLING (IRE)",2015,GELDING,"Ben Pauling",S:145,S:138,S:138,S:126,S:145,S:0
"YOUR LOVE (GB)",2022,FILLY,"Richard Spencer",A:83,A:77,A:58,A:x,T:68,T:61
"YOURCARDISMARKED (IRE)",2021,GELDING,"Tim Vaughan",H:86,H:x,H:x,H:x,N:x,-
"YOUTHFUL KING (GB)",2019,GELDING,"Luke Dace",T:76,T:70,A:56,A:59,T:20,T:81
"YURINOV (GB)",2020,GELDING,"Philip Kirby",A:36,A:32,A:43,A:41,A:45,A:36
"YUVRAAJ (USA)",2022,COLT,,A:59,A:63,T:61,T:63,A:68,A:73
"YY NATION (IRE)",2023,GELDING,,T:62,T:69,T:x,T:x,T:x,-
"YY SPIRIT (IRE)",2023,FILLY,"Susan Corbett",A:31,T:42,A:x,A:x,A:x,A:x
"ZABEEL ALKABEIR (IRE)",2022,COLT,"James Tate",A:x,T:33,T:x,-,-,-
"ZABEEL FLOWER (IRE)",2023,FILLY,,T:x,T:x,M:x,-,-,-
"ZABEEL ROAD (IRE)",2022,GELDING,,A:62,A:70,A:57,A:75,T:64,T:18
"ZACONY REBEL (IRE)",2015,GELDING,"Sarah-Jayne Davies",S:85,S:103,S:97,S:60,S:70,S:74
"ZAEIM ALHARB (USA)",2022,GELDING,,A:49,A:0,T:6,A:x,T:x,T:x
"ZAFAAN (IRE)",2020,GELDING,"Charlie Clover",H:0,H:96,H:104,H:103,A:41,T:47
"ZAHRA DODVILLE (FR)",2022,FILLY,"James Owen",H:115,H:113,H:108,-,-,-
"ZAIN BLUE (IRE)",2021,COLT,,T:83,T:80,T:12,T:83,T:82,T:55
"ZAIN PRIMUS (GB)",2023,COLT,"John Butler",A:x,A:x,A:x,-,-,-
"ZAINA ZARAK (IRE)",2023,FILLY,,A:61,T:x,T:x,T:x,-,-
"ZAINY CHAMP (IRE)",2019,GELDING,,S:0,H:101,H:102,H:0,H:106,H:0
"ZALTALLA (FR)",2021,GELDING,"Gary & Josh Moore",A:28,A:45,A:31,A:48,A:34,A:54
"ZAMBEZI DIAMOND (GB)",2021,FILLY,"Henry Candy",T:6,A:x,A:0,T:x,T:x,T:x
"ZAMBEZI FIX (FR)",2015,GELDING,"Bernard Llewellyn",H:73,H:79,H:71,H:102,H:99,H:114
"ZAMBEZI MAGIC (GB)",2017,GELDING,"Bernard Llewellyn",A:57,T:47,A:56,T:69,T:53,T:61
"ZAMBEZI RIVER (IRE)",2023,GELDING,"Simon & Ed Crisford",A:x,A:x,A:x,-,-,-
"ZAMEK (FR)",2020,GELDING,"Olly Murphy",H:x,H:x,H:x,H:x,N:x,-
"ZAMOND (FR)",2016,GELDING,"Donald McCain",H:71,H:95,H:74,H:93,H:92,H:88
"ZANTHOS (FR)",2023,FILLY,"Simon & Ed Crisford",T:111,T:x,T:x,-,-,-
"ZAOCHEN ENKI (FR)",2021,GELDING,,H:0,H:88,H:110,H:x,H:x,-
"ZAPHEA (IRE)",2021,FILLY,,T:18,T:39,T:26,T:50,T:43,T:45
"ZAPPHIRE (IRE)",2020,FILLY,"Julie Camacho",T:85,T:85,T:63,T:85,T:80,T:85
"ZARA'S UNIVERSE (GB)",2016,FILLY,"Andrew Crook",S:53,S:69,S:49,S:72,S:44,S:51
"ZARAKERJACK (FR)",2022,COLT,"Gary & Josh Moore",H:x,H:98,H:100,A:72,T:72,T:64
"ZARAMARA (GB)",2022,FILLY,,A:34,A:36,A:7,A:32,T:42,T:44
"ZARAQUELLE (FR)",2022,FILLY,"James Owen",H:91,A:58,H:89,T:34,T:52,A:62
"ZARATHOS (IRE)",2022,GELDING,"Dylan Cunha",T:85,T:82,T:72,T:50,T:x,T:62
"ZARCO (GB)",2023,COLT,"Harry Eustace",A:x,T:x,T:x,-,-,-
"ZARIELA (GB)",2021,FILLY,,A:96,A:71,A:70,T:62,T:68,T:44
"ZARINCA (GB)",2023,FILLY,"Edward Bethell",A:x,A:x,A:x,-,-,-
"ZARVALI (IRE)",2023,GELDING,"Roger Fell",T:73,T:x,-,-,-,-
"ZATSGOOD (GB)",2022,GELDING,"George Boughey",A:82,A:x,A:x,-,-,-
"ZAVATERI (IRE)",2023,COLT,"Eve Johnson Houghton",T:109,T:113,T:113,T:108,T:x,-
"ZEBRA STAR (IRE)",2020,FILLY,"R. Mike Smith",T:40,T:35,T:39,T:37,T:52,T:52
"ZED CANDY BOY (GB)",2021,GELDING,,A:45,A:x,A:x,A:x,-,-
"ZEEZEE (IRE)",2019,FILLY,"Eloise Quayle",H:57,H:59,H:74,H:74,H:71,H:x
"ZEN DIVA (GB)",2023,FILLY,"Ralph Beckett",T:x,T:x,A:x,T:x,-,-
"ZENATO (IRE)",2021,GELDING,"Fergal O'Brien",A:66,H:95,H:105,H:102,H:72,H:93
"ZENNOR STORM (GB)",2023,COLT,"William Haggas",T:83,T:73,A:x,A:x,-,-
"ZEPHLYN (IRE)",2019,GELDING,"Ewan Whillans",T:54,H:98,A:49,A:59,A:56,A:59
"ZERO CARBON (FR)",2019,GELDING,"Mark Loughnane",A:58,A:60,A:49,A:58,T:70,A:80
"ZERO TOLERANCE (GER)",2017,GELDING,,S:96,S:86,S:93,S:82,S:103,S:66
"ZERTAKT (FR)",2018,GELDING,"Venetia Williams",S:122,S:116,S:115,S:113,S:116,S:114
"ZESTFUL HOPE (FR)",2017,GELDING,"Charlie Longsdon",S:94,S:75,S:106,S:87,S:89,S:115
"ZEUS OLYMPIOS (GB)",2022,COLT,"K. R. Burke",T:119,T:116,T:120,T:113,T:x,A:x
"ZGHARTA (IRE)",2022,FILLY,"Andrew Balding",T:81,T:89,T:87,T:89,T:x,T:x
"ZHANG FEI (FR)",2018,GELDING,"Fergal O'Brien",H:95,T:58,T:62,H:0,H:90,H:x
"ZHIGULI (IRE)",2015,GELDING,"Mrs C. A. Coward",H:0,S:112,S:122,S:0,S:122,S:0
"ZIAD (GB)",2023,COLT,,A:x,A:x,T:x,-,-,-
"ZIATA (GB)",2023,FILLY,"Ed Walker",T:69,A:x,T:x,T:x,-,-
"ZIGGY'S ANGEL (FR)",2022,GELDING,"Richard & Peter Fahey",T:0,T:2,A:57,A:54,A:66,A:54
"ZIGGY'S ARIEL (IRE)",2022,FILLY,,A:44,A:42,A:63,T:69,T:71,T:69
"ZIGGY'S AVENGER (GB)",2023,GELDING,"Michael Bell",A:65,T:x,A:x,T:x,-,-
"ZIGGY'S CONDOR (IRE)",2021,GELDING,"Adam Kirby",T:68,A:71,A:68,A:74,A:64,A:65
"ZIGGY'S MISSILE (IRE)",2021,GELDING,"Robert Cowell",T:36,A:65,A:63,A:74,T:59,T:63
"ZIGGY'S QUEEN (IRE)",2021,FILLY,"Richard & Peter Fahey",T:57,T:49,A:67,A:75,A:73,A:70
"ZIGGY'S TRITON (IRE)",2022,GELDING,"David O'Meara",T:85,T:72,T:90,T:80,A:67,A:82
"ZIGHY (IRE)",2023,FILLY,"George Boughey",T:82,T:79,A:82,A:x,A:x,T:x
"ZILFEE (GB)",2021,FILLY,,T:98,T:x,A:x,-,-,-
"ZIMMERMAN (GB)",2019,GELDING,"Tim Easterby",T:63,T:64,T:59,T:64,T:66,T:65
"ZIPWIRE (IRE)",2023,GELDING,"J. S. Moore",T:58,A:68,A:70,A:69,A:65,A:63
"ZIVA'S STAR (GB)",2022,FILLY,"Simon Whitaker",T:28,T:42,T:36,A:31,A:38,A:24
"ZIVANIYA (GB)",2020,GELDING,,A:41,A:39,A:41,A:42,A:60,A:56
"ZOEMAN (FR)",2019,GELDING,"Tom George",S:99,S:62,S:92,S:91,S:93,H:78
"ZOFFANDIA (IRE)",2021,GELDING,"Keiran Burke",A:80,A:64,A:x,A:80,A:71,T:0
"ZOFFEE (GB)",2016,GELDING,,T:74,T:16,T:94,T:87,T:90,T:79
"ZOLDER (GB)",2022,GELDING,,A:53,A:58,A:62,T:52,A:62,T:x
"ZONNEBLOEM (GB)",2023,FILLY,"Christine Dunnett",A:x,A:x,T:x,-,-,-
"ZOOELLA (IRE)",2023,FILLY,"Ralph Beckett",A:65,A:x,A:x,A:x,-,-
"ZOOKS (FR)",2020,FILLY,"Ian Williams",T:38,A:36,A:44,A:39,A:48,A:48
"ZOOMING (GB)",2023,FILLY,"William Haggas",T:81,T:96,T:x,T:x,-,-
"ZOOTER (GB)",2023,GELDING,"Jack Jones",T:65,T:53,A:x,T:65,T:x,T:x
"ZORAN (GB)",2017,GELDING,,A:61,A:46,A:76,A:76,H:0,H:0
"ZOUKY (GB)",2020,FILLY,,T:57,A:78,T:76,T:60,T:89,A:91
"ZOULETTE (IRE)",2023,FILLY,"Ollie Sangster",T:55,T:43,A:x,A:x,A:x,-
"ZOULIGAN (GB)",2022,GELDING,,T:0,T:55,A:60,T:63,T:64,T:x
"ZOULU CHIEF (GB)",2021,GELDING,"Heather Main",T:64,T:83,A:86,A:90,T:83,T:81
"ZOULU WARRIOR (IRE)",2022,GELDING,"Heather Main",A:61,A:65,A:69,A:65,A:65,A:39
"ZOUM ZOUM (GB)",2021,GELDING,"Ralph Beckett",T:56,A:105,T:99,T:103,T:99,T:91
"ZOUMLUZZI (GB)",2023,COLT,,A:16,T:43,T:29,T:46,T:47,A:x
"ZOUS JUICE (IRE)",2021,GELDING,"Michael & David Easterby",A:0,T:56,T:51,T:55,T:x,T:x
"ZOUSTAR DREAMS (GB)",2023,FILLY,"Ed Dunlop",T:63,A:46,T:54,A:57,A:x,A:x
"ZOUSTELLAR (IRE)",2023,FILLY,"George Boughey",T:54,T:60,A:56,A:57,A:47,A:x
"ZOWAL (FR)",2022,GELDING,"John & Sean Quinn",T:77,T:68,T:32,A:0,T:70,T:40
"ZRYAN (FR)",2021,GELDING,"David O'Meara",T:77,T:79,A:73,A:84,A:89,A:89
"ZU RUN (GB)",2020,GELDING,"Mark Loughnane",T:53,T:30,A:53,A:52,A:56,A:44
"ZUBARU (GB)",2022,GELDING,"George Scott",T:83,T:82,T:79,A:68,T:67,A:67
"ZUCAYAN (FR)",2017,GELDING,"Fergal O'Brien",H:102,H:101,T:0,A:8,A:50,A:x
"ZUFFOLO (IRE)",2020,GELDING,"Michael Dods",T:57,A:42,A:29,A:45,A:57,T:54
"ZUMBI (GER)",2017,GELDING,"James Moffatt",S:95,S:93,S:89,S:86,S:74,H:0
"ZUUL (GB)",2018,GELDING,"Rebecca Menzies",H:75,S:57,S:0,S:75,H:72,H:76
