{
  "auc": 0.8213477366255144,
  "brier_score": 0.07064839100594585,
  "log_loss": 0.280834069361653,
  "calibration_error": 0.014488532560991607,
  "ae_ratio": 0.9918745801298063,
  "roi_top20": 18.57142857142857
}