{
  "version": "1.1.0",
  "backtest_date": "2025-11-03T05:15:48.561783",
  "oos_records": 997,
  "oos_period": "Sample (2K records)",
  "strategies": {
    "TOP10": {
      "bets": 107,
      "wins": 78,
      "win_rate": 0.7289719626168224,
      "roi": 300.63813911944754,
      "ae_ratio": 0.814730911171543,
      "profit": 321.6828088578089
    },
    "TOP20": {
      "bets": 254,
      "wins": 105,
      "win_rate": 0.41338582677165353,
      "roi": 146.24323183378297,
      "ae_ratio": 0.7203595652824623,
      "profit": 371.4578088578088
    },
    "TOP30": {
      "bets": 300,
      "wins": 109,
      "win_rate": 0.36333333333333334,
      "roi": 114.81926961926965,
      "ae_ratio": 0.701461242481836,
      "profit": 344.4578088578089
    },
    "ALL": {
      "bets": 997,
      "wins": 115,
      "win_rate": 0.11534603811434303,
      "roi": -25.881864708344143,
      "ae_ratio": 0.6771686167257082,
      "profit": -258.0421911421911
    }
  },
  "price_buckets": {
    "5.0-8.0": {
      "bets": 180,
      "ae_ratio": 0.7039654069288319,
      "roi": 14.722222222222223
    },
    "8.0-15.0": {
      "bets": 216,
      "ae_ratio": 0.635434697304735,
      "roi": -36.20370370370371
    },
    "15.0-21.0": {
      "bets": 97,
      "ae_ratio": 0.40529378225546847,
      "roi": -66.70103092783506
    }
  },
  "calibration_error": 0.04541778506810708
}