{
  "version": "v1.0.0",
  "trained_at": "2025-11-02T19:52:56.904507",
  "training_records": 99434,
  "validation_records": 49700,
  "alpha": 0.0,
  "beta": 1.0,
  "metrics": {
    "auc": 0.7824398890453093,
    "brier_score": 0.08204970380776154,
    "log_loss": 0.2828031546704498,
    "accuracy": 0.8986116700201208,
    "calibration_error": 0.04782977388274371,
    "max_calibration_error": 0.15804510752607648,
    "ae_ratio": 0.8695206660444167,
    "roi_all": -23.64952502784495,
    "roi_top10": -6.318187904204002,
    "roi_top20": -8.263721718701586,
    "roi_top30": -9.500428831917771,
    "max_drawdown": 11891.26848429348,
    "sharpe_ratio": -0.06536638189019259
  },
  "feature_count": 47
}